YEAR_H,ICL_H,IGP_H,ILDV_H,PRICE_H,MPGTST_H,MPGADJ_H,MPGCOMP_H,HRSPWR_H,TANKSZ_H,EV_RANGE_H,RANGE_H,CURBWGT_H,BATTKWH_H,FTPRNT_H,PHEV_EVMT_H,SALES_H
1990,1,2,1,0,29.96,23.968,29.96,130,0,0,0,3020,0,0,0,0.0005
1990,1,3,1,0,27.17602339,21.74081871,27.17602339,154.4678363,0,0,0,2675.824561,0,0,0,0.0171
1990,1,6,1,0,21.69628349,17.35702679,21.69628349,133.8625756,0,0,0,3545.39758,0,0,0,0.1157
1990,1,7,1,0,25.57188192,20.45750554,25.57188192,125.5236162,0,0,0,3090.54428,0,0,0,0.271
1990,1,8,1,0,25.29519451,20.23615561,25.29519451,130.4542334,0,0,0,3042.01373,0,0,0,0.0874
1990,1,9,1,0,25.63297817,20.50638254,25.63297817,118.3440748,0,0,0,3061.248701,0,0,0,0.3848
1990,2,1,1,0,31.95230722,25.56184578,31.95230722,117.5193929,0,0,0,2494.770044,0,0,0,1.3046
1990,2,2,1,0,33.490152,26.7921216,33.490152,104.3350364,0,0,0,2460.966535,0,0,0,0.7829
1990,2,3,1,0,26.51138952,21.20911162,26.51138952,138.690205,0,0,0,2760.846241,0,0,0,0.0878
1990,2,6,1,0,16.09775281,12.87820225,16.09775281,172.7977528,0,0,0,4344.662921,0,0,0,0.0534
1990,2,7,1,0,18.30609896,14.64487917,18.30609896,169.6533372,0,0,0,4304.358458,0,0,0,0.3476
1990,2,8,1,0,18.43208262,14.7456661,18.43208262,197.2200114,0,0,0,4355.238583,0,0,0,0.5277
1990,2,8,2,0,22,17.6,22,140.7352941,0,0,0,4849.558824,0,0,0,0.0034
1990,2,9,1,0,15.05904762,12.0472381,15.05904762,147.1428571,0,0,0,4652.380952,0,0,0,0.0105
1990,3,1,1,0,29.66441558,23.73153247,29.66441558,115.1919315,0,0,0,2659.553136,0,0,0,1.8095
1990,3,2,1,0,28.91369124,23.13095299,28.91369124,129.1101188,0,0,0,2941.521641,0,0,0,1.0189
1990,3,3,1,0,26.73902913,21.3912233,26.73902913,129.8783172,0,0,0,2916.667961,0,0,0,0.1545
1990,3,3,2,0,41.5,33.2,41.5,81.57142857,0,0,0,2854.857143,0,0,0,0.0028
1990,3,6,1,0,24.38131519,19.50505215,24.38131519,139.3848073,0,0,0,3522.919501,0,0,0,0.441
1990,3,7,1,0,21.38622117,17.10897694,21.38622117,151.4902425,0,0,0,3910.526316,0,0,0,0.1691
1990,3,8,1,0,22.28015592,17.82412473,22.28015592,135.6144578,0,0,0,3869.266832,0,0,0,0.2822
1990,3,9,1,0,21.97759674,17.58207739,21.97759674,143.2769857,0,0,0,3701.01833,0,0,0,0.0491
1990,3,10,1,0,20.88125,16.705,20.88125,90,0,0,0,3774.21875,0,0,0,0.0064
1990,4,1,1,0,26.20514314,20.96411451,26.20514314,143.0973556,0,0,0,3192.944472,0,0,0,2.1971
1990,4,2,1,0,27.19017972,21.75214377,27.19017972,157.1245186,0,0,0,3163.145058,0,0,0,0.1558
1990,4,3,1,0,23.81181364,19.04945092,23.81181364,154.2945092,0,0,0,3313.645591,0,0,0,0.1202
1990,4,3,2,0,27.7,22.16,27.7,134,0,0,0,3900,0,0,0,0.0009
1990,4,6,1,0,17.18766716,13.75013373,17.18766716,160.0148588,0,0,0,4194.056464,0,0,0,0.0673
1990,4,7,1,0,16.75019881,13.40015905,16.75019881,178.9512922,0,0,0,4608.300199,0,0,0,0.1006
1990,4,8,1,0,18.20260586,14.56208469,18.20260586,185.3420195,0,0,0,4428.310261,0,0,0,0.1228
1990,4,8,2,0,22.31111111,17.84888889,22.31111111,142.3333333,0,0,0,4904.222222,0,0,0,0.0009
1990,5,1,1,0,23.67513586,18.94010869,23.67513586,176.5621127,0,0,0,3517.239012,0,0,0,1.0489
1990,5,3,1,0,23.53733333,18.82986667,23.53733333,163.12,0,0,0,3278.4,0,0,0,0.0075
1990,5,6,1,0,21.22517483,16.98013986,21.22517483,115.6888112,0,0,0,3048.339161,0,0,0,0.0286
1990,5,8,1,0,24.81697381,19.85357905,24.81697381,132.9194956,0,0,0,3205.899127,0,0,0,0.1031
1990,5,9,1,0,20.7484472,16.59875776,20.7484472,134.1925466,0,0,0,3812.298137,0,0,0,0.1771
1990,6,1,1,0,23.32193126,18.65754501,23.32193126,230.7168576,0,0,0,3265.166939,0,0,0,0.0611
1990,6,2,1,0,35.34475183,28.27580146,35.34475183,108.3238405,0,0,0,2224.211554,0,0,0,0.1229
1990,6,3,1,0,19.36036036,15.48828829,19.36036036,258.5585586,0,0,0,3776.495495,0,0,0,0.0111
1990,6,6,1,0,15.65818966,12.52655172,15.65818966,166.2025862,0,0,0,4381.034483,0,0,0,0.0232
1990,6,7,1,0,19.18712963,15.3497037,19.18712963,158.625,0,0,0,4115.740741,0,0,0,0.108
1990,6,8,1,0,16.64406964,13.31525571,16.64406964,210,0,0,0,5301.468988,0,0,0,0.0919
1990,6,8,2,0,20.98,16.784,20.98,143,0,0,0,5593.6,0,0,0,0.002
1990,6,9,1,0,15.4,12.32,15.4,155,0,0,0,4450,0,0,0,0.0019
1990,6,10,1,0,16.3,13.04,16.3,176,0,0,0,4450,0,0,0,0.005
1990,7,6,1,0,20.94816942,16.75853553,20.94816942,175.4852836,0,0,0,3415.63173,0,0,0,0.1393
1990,7,9,1,0,29.39281046,23.51424837,29.39281046,90,0,0,0,2671.405229,0,0,0,0.0153
1991,1,1,1,0,29.49408867,23.59527094,29.49408867,130.705665,0,0,0,2647.772167,0,0,0,0.0812
1991,1,2,1,0,30.18333333,24.14666667,30.18333333,123.1666667,0,0,0,3024.166667,0,0,0,0.006
1991,1,3,1,0,29.37621622,23.50097297,29.37621622,134.2540541,0,0,0,2320.459459,0,0,0,0.0185
1991,1,6,1,0,21.23584906,16.98867925,21.23584906,137.1540881,0,0,0,3464.303983,0,0,0,0.0954
1991,1,7,1,0,25.80184502,20.64147601,25.80184502,130.6145961,0,0,0,3226.701517,0,0,0,0.2439
1991,1,8,1,0,25.18843309,20.15074647,25.18843309,126.0123291,0,0,0,3014.24972,0,0,0,0.4461
1991,1,9,1,0,25.44690449,20.35752359,25.44690449,122.8434983,0,0,0,3033.947066,0,0,0,0.4345
1991,2,1,1,0,31.99279896,25.59423916,31.99279896,113.9163609,0,0,0,2616.147379,0,0,0,1.6081
1991,2,2,1,0,33.64864535,26.91891628,33.64864535,102.7649688,0,0,0,2420.611894,0,0,0,0.7382
1991,2,3,1,0,26.15202312,20.9216185,26.15202312,151.783237,0,0,0,2854.484104,0,0,0,0.0692
1991,2,6,1,0,16.1160105,12.8928084,16.1160105,164.7270341,0,0,0,4186.097113,0,0,0,0.0381
1991,2,7,1,0,18.20498771,14.56399017,18.20498771,172.0934317,0,0,0,4318.458026,0,0,0,0.2847
1991,2,8,1,0,18.80617894,15.04494315,18.80617894,192.5963915,0,0,0,4339.314879,0,0,0,0.4046
1991,2,9,1,0,14.63174603,11.70539683,14.63174603,150,0,0,0,4682.142857,0,0,0,0.0063
1991,3,1,1,0,30.4937447,24.39499576,30.4937447,107.1250408,0,0,0,2644.421956,0,0,0,1.5331
1991,3,2,1,0,29.05760757,23.24608605,29.05760757,129.0472875,0,0,0,2935.770942,0,0,0,0.9622
1991,3,3,1,0,26.63975827,21.31180662,26.63975827,139.3314249,0,0,0,2969.220102,0,0,0,0.1572
1991,3,6,1,0,23.58652419,18.86921935,23.58652419,137.5167706,0,0,0,3632.37667,0,0,0,0.3369
1991,3,7,1,0,21.67288136,17.33830508,21.67288136,153.7288136,0,0,0,3761.101695,0,0,0,0.1475
1991,3,8,1,0,22.24030564,17.79224451,22.24030564,142.1155683,0,0,0,3931.00382,0,0,0,0.2094
1991,3,9,1,0,22.588659,18.0709272,22.588659,141.2291188,0,0,0,3725.383142,0,0,0,0.1305
1991,3,10,1,0,20.85744681,16.68595745,20.85744681,90,0,0,0,3806.382979,0,0,0,0.0047
1991,4,1,1,0,26.33503246,21.06802596,26.33503246,144.9981885,0,0,0,3210.778846,0,0,0,1.9873
1991,4,2,1,0,27.30881963,21.8470557,27.30881963,154.9960212,0,0,0,3163.431698,0,0,0,0.1508
1991,4,3,1,0,23.83447172,19.06757737,23.83447172,155.9082177,0,0,0,3326.959445,0,0,0,0.0937
1991,4,6,1,0,17.19299065,13.75439252,17.19299065,159.1191589,0,0,0,4132.721963,0,0,0,0.0428
1991,4,7,1,0,16.66055313,13.3284425,16.66055313,177.5691412,0,0,0,4699.636099,0,0,0,0.0687
1991,4,8,1,0,18.74665871,14.99732697,18.74665871,195.2863962,0,0,0,4217.495227,0,0,0,0.0838
1991,5,1,1,0,23.70275097,18.96220077,23.70275097,178.346139,0,0,0,3672.837838,0,0,0,1.036
1991,5,3,1,0,23.74285714,18.99428571,23.74285714,167.8571429,0,0,0,3167.261905,0,0,0,0.0084
1991,5,6,1,0,21.21973684,16.97578947,21.21973684,156.622807,0,0,0,3200,0,0,0,0.0456
1991,5,7,1,0,20.51160582,16.40928465,20.51160582,170,0,0,0,4134.698724,0,0,0,0.3369
1991,5,8,1,0,22.90490374,18.32392299,22.90490374,151.2531784,0,0,0,3613.529604,0,0,0,0.2753
1991,5,9,1,0,20.81420627,16.65136502,20.81420627,130.3159757,0,0,0,3700,0,0,0,0.1978
1991,6,1,1,0,22.79115044,18.23292035,22.79115044,229.619469,0,0,0,3385.058997,0,0,0,0.0339
1991,6,2,1,0,33.04774067,26.43819253,33.04774067,124.6286837,0,0,0,2394.304519,0,0,0,0.1018
1991,6,3,1,0,21.46688312,17.17350649,21.46688312,245.2337662,0,0,0,3733.383117,0,0,0,0.0154
1991,6,6,1,0,14.44814815,11.55851852,14.44814815,160.0987654,0,0,0,4366.666667,0,0,0,0.0081
1991,6,7,1,0,16.3004,13.04032,16.3004,193.32,0,0,0,4818,0,0,0,0.025
1991,6,8,1,0,16.45009311,13.16007449,16.45009311,210,0,0,0,5303.351955,0,0,0,0.0537
1991,6,9,1,0,14.8,11.84,14.8,150,0,0,0,4700,0,0,0,0.0085
1991,6,10,1,0,16.3,13.04,16.3,176,0,0,0,4450,0,0,0,0.0053
1991,7,6,1,0,19.46719775,15.5737582,19.46719775,189.4939082,0,0,0,3206.424555,0,0,0,0.1067
1991,7,9,1,0,29.21564626,23.37251701,29.21564626,90,0,0,0,2613.265306,0,0,0,0.0147
1991,2,8,2,0,21.66785714,17.33428571,21.66785714,143.3928571,0,0,0,4953.392857,0,0,0,0.0028
1991,3,3,2,0,42.40571429,33.92457143,42.40571429,75.38571429,0,0,0,2731.457143,0,0,0,0.007
1991,4,3,2,0,27.7,22.16,27.7,134,0,0,0,4019.487179,0,0,0,0.0039
1991,4,8,2,0,21.4,17.12,21.4,143.125,0,0,0,5063.75,0,0,0,0.0008
1991,6,8,2,0,20.55625,16.445,20.55625,141.875,0,0,0,5784.1875,0,0,0,0.0016
1992,1,1,1,0,29.1781768,23.34254144,29.1781768,147.1270718,0,0,0,2699.541436,0,0,0,0.0362
1992,1,2,1,0,33.92850467,27.14280374,33.92850467,102.7258567,0,0,0,2249.961059,0,0,0,0.0642
1992,1,3,1,0,29.14727273,23.31781818,29.14727273,128.6363636,0,0,0,2493.581818,0,0,0,0.011
1992,1,6,1,0,20.0907971,16.07263768,20.0907971,181.5318841,0,0,0,3660.597826,0,0,0,0.138
1992,1,7,1,0,26.04957916,20.83966333,26.04957916,129.4084168,0,0,0,3251.102204,0,0,0,0.2495
1992,1,8,1,0,24.445436,19.5563488,24.445436,150.9969403,0,0,0,3002.492606,0,0,0,0.1961
1992,1,9,1,0,25.17455941,20.13964753,25.17455941,118.2760091,0,0,0,3074.154349,0,0,0,0.3518
1992,2,1,1,0,32.36876969,25.89501575,32.36876969,114.3289787,0,0,0,2577.288327,0,0,0,1.3013
1992,2,2,1,0,34.59823135,27.67858508,34.59823135,115.4715982,0,0,0,2525.488639,0,0,0,0.7746
1992,2,3,1,0,25.13175853,20.10540682,25.13175853,172.324147,0,0,0,3045.459318,0,0,0,0.0762
1992,2,6,1,0,16.85797101,13.48637681,16.85797101,206.9275362,0,0,0,4280.615942,0,0,0,0.0276
1992,2,7,1,0,18.09281995,14.47425596,18.09281995,171.7429433,0,0,0,4483.433817,0,0,0,0.3649
1992,2,8,1,0,18.95595497,15.16476397,18.95595497,199.3166107,0,0,0,4343.395615,0,0,0,0.5063
1992,2,8,2,0,23.13870968,18.51096774,23.13870968,140,0,0,0,4917.677419,0,0,0,0.0031
1992,2,9,1,0,14.62307692,11.69846154,14.62307692,144.8076923,0,0,0,4625.480769,0,0,0,0.0052
1992,3,1,1,0,29.24597209,23.39677768,29.24597209,119.523891,0,0,0,2752.23404,0,0,0,1.5194
1992,3,2,1,0,28.61706144,22.89364915,28.61706144,134.6176906,0,0,0,2966.881322,0,0,0,0.8106
1992,3,3,1,0,26.59033742,21.27226994,26.59033742,145.0383436,0,0,0,2988.461656,0,0,0,0.1304
1992,3,3,2,0,36.52105263,29.21684211,36.52105263,104.6842105,0,0,0,3179.789474,0,0,0,0.0038
1992,3,6,1,0,23.67264237,18.9381139,23.67264237,141.0186788,0,0,0,3757.26082,0,0,0,0.439
1992,3,7,1,0,21.60954516,17.28763613,21.60954516,151.7648943,0,0,0,3780.156951,0,0,0,0.1561
1992,3,8,1,0,21.52525331,17.22020265,21.52525331,179.0861263,0,0,0,3999.44622,0,0,0,0.2566
1992,3,9,1,0,21.76354626,17.410837,21.76354626,145.4328194,0,0,0,3869.052863,0,0,0,0.0908
1992,4,1,1,0,25.9409177,20.75273416,25.9409177,147.7718009,0,0,0,3274.671289,0,0,0,1.7958
1992,4,2,1,0,26.21768086,20.97414469,26.21768086,155.1318882,0,0,0,3201.76678,0,0,0,0.3829
1992,4,3,1,0,25.19104046,20.15283237,25.19104046,154.3612717,0,0,0,3293.364162,0,0,0,0.0692
1992,4,6,1,0,16.65769944,13.32615955,16.65769944,205.4044527,0,0,0,4383.673469,0,0,0,0.0539
1992,4,7,1,0,16.927797,13.5422376,16.927797,180.3517878,0,0,0,4889.734717,0,0,0,0.0867
1992,4,8,1,0,18.57917889,14.86334311,18.57917889,194.0371457,0,0,0,4372.737048,0,0,0,0.1023
1992,4,8,2,0,22.1,17.68,22.1,141.6666667,0,0,0,5181.333333,0,0,0,0.0006
1992,5,1,1,0,24.04117363,19.2329389,24.04117363,179.2316621,0,0,0,3667.422699,0,0,0,1.2406
1992,5,3,1,0,20.39677419,16.31741935,20.39677419,234.7983871,0,0,0,4073.923387,0,0,0,0.0248
1992,5,3,2,0,24.7,19.76,24.7,148,0,0,0,4666,0,0,0,0.0012
1992,5,6,1,0,21.33913043,17.07130435,21.33913043,154.5424431,0,0,0,3160.921325,0,0,0,0.0483
1992,5,7,1,0,20.43767081,16.35013665,20.43767081,170,0,0,0,4124.223602,0,0,0,0.322
1992,5,8,1,0,22.08570787,17.66856629,22.08570787,174.0494382,0,0,0,3513.604494,0,0,0,0.2225
1992,5,9,1,0,20.22868735,16.18294988,20.22868735,140.0568019,0,0,0,3830.966587,0,0,0,0.2095
1992,6,1,1,0,24.46297376,19.57037901,24.46297376,250.0495627,0,0,0,3174.6793,0,0,0,0.0343
1992,6,2,1,0,30.40293255,24.32234604,30.40293255,129.3079179,0,0,0,2318.293255,0,0,0,0.0341
1992,6,3,1,0,19.8368932,15.86951456,19.8368932,283.9514563,0,0,0,3899.048544,0,0,0,0.0103
1992,6,6,1,0,15.62,12.496,15.62,213.4,0,0,0,4800,0,0,0,0.003
1992,6,7,1,0,16.1436214,12.91489712,16.1436214,193.7242798,0,0,0,4938.683128,0,0,0,0.0243
1992,6,8,1,0,16.15210843,12.92168675,16.15210843,209.8870482,0,0,0,5352.173193,0,0,0,0.0664
1992,6,9,1,0,14.6,11.68,14.6,155,0,0,0,4700,0,0,0,0.0083
1992,6,10,1,0,16.3,13.04,16.3,180,0,0,0,4450,0,0,0,0.0054
1992,7,6,1,0,19.72749004,15.78199203,19.72749004,189.5697211,0,0,0,3380.976096,0,0,0,0.1255
1992,7,7,1,0,28.7650655,23.0120524,28.7650655,90,0,0,0,2673.253275,0,0,0,0.0229
1993,1,1,1,0,28.77665782,23.02132626,28.77665782,141.0742706,0,0,0,2673.076923,0,0,0,0.0377
1993,1,2,1,0,32.77771429,26.22217143,32.77771429,118.0571429,0,0,0,2412.5,0,0,0,0.035
1993,1,3,1,0,25.99032258,20.79225806,25.99032258,173.1774194,0,0,0,2921.935484,0,0,0,0.0062
1993,1,6,1,0,20.49714286,16.39771429,20.49714286,178.9123153,0,0,0,3663.300493,0,0,0,0.1015
1993,1,7,1,0,25.50286145,20.40228916,25.50286145,133.776506,0,0,0,3347.628012,0,0,0,0.332
1993,1,8,1,0,23.82908329,19.06326664,23.82908329,141.3983248,0,0,0,3096.88134,0,0,0,0.2149
1993,1,9,1,0,25.48174467,20.38539574,25.48174467,121.709875,0,0,0,3083.637589,0,0,0,0.4081
1993,2,1,1,0,31.98984687,25.59187749,31.98984687,122.4013399,0,0,0,2644.17427,0,0,0,1.2538
1993,2,2,1,0,35.70432441,28.56345953,35.70432441,114.0213773,0,0,0,2472.874837,0,0,0,0.6128
1993,2,3,1,0,27.14452954,21.71562363,27.14452954,156.7899344,0,0,0,3010.862144,0,0,0,0.0914
1993,2,6,1,0,17.38432,13.907456,17.38432,200.72,0,0,0,4273.6,0,0,0,0.0625
1993,2,7,1,0,18.48684142,14.78947314,18.48684142,171.8453153,0,0,0,4447.469504,0,0,0,0.3853
1993,2,8,1,0,18.67835131,14.94268105,18.67835131,199.2989214,0,0,0,4439.344376,0,0,0,0.5192
1993,2,8,2,0,22.32258065,17.85806452,22.32258065,140,0,0,0,4913.064516,0,0,0,0.0031
1993,2,8,11,0,15.36812009,12.29449607,107.5,152,0,0,0,4450,0,0,0,0.0002
1993,2,9,1,0,13.40526316,10.72421053,13.40526316,150,0,0,0,4950,0,0,0,0.0038
1993,3,1,1,0,30.78451236,24.62760989,30.78451236,113.0328785,0,0,0,2681.597352,0,0,0,1.9861
1993,3,2,1,0,29.85045455,23.88036364,29.85045455,129.6757576,0,0,0,2866.529021,0,0,0,0.858
1993,3,3,1,0,25.11979769,20.09583815,25.11979769,173.6719653,0,0,0,3314.802023,0,0,0,0.0692
1993,3,3,2,0,34,27.2,34,121,0,0,0,3466,0,0,0,0.002
1993,3,6,1,0,24.68282788,19.74626231,24.68282788,142.6427727,0,0,0,3714.498818,0,0,0,0.5078
1993,3,7,1,0,22.31194858,17.84955887,22.31194858,151.4715162,0,0,0,3948.974584,0,0,0,0.3423
1993,3,8,1,0,21.51946367,17.21557093,21.51946367,174.2690311,0,0,0,4066.077422,0,0,0,0.2312
1993,3,9,1,0,21.97858509,17.58286807,21.97858509,146.875717,0,0,0,3891.921606,0,0,0,0.1046
1993,3,10,1,0,21.04070796,16.83256637,21.04070796,109,0,0,0,3996.460177,0,0,0,0.0113
1993,4,1,1,0,26.13248,20.905984,26.13248,152.8023742,0,0,0,3278.114529,0,0,0,1.9375
1993,4,1,3,0,28,22.4,28,130,0,0,0,3200,0,0,0,0.002
1993,4,2,1,0,26.91892385,21.53513908,26.91892385,154.249658,0,0,0,3162.144323,0,0,0,0.4386
1993,4,3,1,0,24.99923246,19.99938596,24.99923246,168.6875,0,0,0,3317.577851,0,0,0,0.0912
1993,4,6,1,0,17.03571429,13.62857143,17.03571429,204.1071429,0,0,0,4319.642857,0,0,0,0.028
1993,4,7,1,0,16.93810464,13.55048371,16.93810464,178.1441264,0,0,0,4882.625864,0,0,0,0.1013
1993,4,8,1,0,18.75596171,15.00476936,18.75596171,203.9338555,0,0,0,4410.012185,0,0,0,0.1149
1993,4,8,2,0,22.525,18.02,22.525,140,0,0,0,5124,0,0,0,0.0004
1993,5,1,1,0,24.27530324,19.42024259,24.27530324,194.0634747,0,0,0,3645.45098,0,0,0,1.0965
1993,5,3,1,0,20.86163265,16.68930612,20.86163265,233.1632653,0,0,0,4157.763265,0,0,0,0.0245
1993,5,3,2,0,24.8,19.84,24.8,148,0,0,0,4639,0,0,0,0.001
1993,5,6,1,0,21.18956229,16.95164983,21.18956229,154.2710438,0,0,0,3156.649832,0,0,0,0.0594
1993,5,7,1,0,20.55761568,16.44609254,20.55761568,170,0,0,0,4110.106041,0,0,0,0.3112
1993,5,8,1,0,22.02946317,17.62357054,22.02946317,168.8272992,0,0,0,3591.635872,0,0,0,0.2403
1993,5,9,1,0,20.74735436,16.59788348,20.74735436,135.8802779,0,0,0,3868.185462,0,0,0,0.1871
1993,6,1,1,0,26.4314433,21.14515464,26.4314433,239.185567,0,0,0,3145.373711,0,0,0,0.0388
1993,6,2,1,0,32.74949202,26.19959361,32.74949202,143.1219158,0,0,0,2448.895501,0,0,0,0.0689
1993,6,3,1,0,21.13157895,16.90526316,21.13157895,272.3508772,0,0,0,3961.403509,0,0,0,0.0057
1993,6,6,1,0,15.77826087,12.6226087,15.77826087,218.9130435,0,0,0,4776.086957,0,0,0,0.0023
1993,6,7,1,0,16.39936709,13.11949367,16.39936709,195.6962025,0,0,0,4942.879747,0,0,0,0.0316
1993,6,8,1,0,16.100665,12.880532,16.100665,210,0,0,0,5400.540316,0,0,0,0.1203
1993,6,9,1,0,15.6,12.48,15.6,212,0,0,0,4950,0,0,0,0.0087
1993,6,10,1,0,15.57111111,12.45688889,15.57111111,193.7777778,0,0,0,4677.777778,0,0,0,0.0045
1993,7,6,1,0,18.53138282,14.82510626,18.53138282,194.7714702,0,0,0,3621.54294,0,0,0,0.3435
1993,7,9,1,0,29.24225352,23.39380282,29.24225352,90,0,0,0,2611.971831,0,0,0,0.0071
1994,1,1,1,0,25.7,20.56,25.7,160,0,0,0,2806,0,0,0,0.0012
1994,1,2,1,0,31.90718954,25.52575163,31.90718954,147.8431373,0,0,0,2513.72549,0,0,0,0.0153
1994,1,3,1,0,25.31509434,20.25207547,25.31509434,192.8427673,0,0,0,3355.465409,0,0,0,0.0159
1994,1,6,1,0,21.28087649,17.0247012,21.28087649,183.2629482,0,0,0,3697.343958,0,0,0,0.0753
1994,1,7,1,0,25.14896998,20.11917599,25.14896998,126.255052,0,0,0,3316.88248,0,0,0,0.5097
1994,1,8,1,0,24.89419463,19.9153557,24.89419463,148.6895973,0,0,0,3285.964765,0,0,0,0.298
1994,1,9,1,0,25.26506681,20.21205345,25.26506681,125.9124625,0,0,0,3152.822471,0,0,0,0.3667
1994,2,1,1,0,31.53759776,25.23007821,31.53759776,135.6281122,0,0,0,2713.318289,0,0,0,1.3937
1994,2,2,1,0,36.02988443,28.82390755,36.02988443,113.498736,0,0,0,2450.855544,0,0,0,0.5538
1994,2,3,1,0,26.70922747,21.36738197,26.70922747,170.1180258,0,0,0,3097.761803,0,0,0,0.0466
1994,2,6,1,0,17.21092995,13.76874396,17.21092995,212.5845411,0,0,0,4602.928744,0,0,0,0.1656
1994,2,7,1,0,18.52910448,14.82328358,18.52910448,175.6739032,0,0,0,4520.725916,0,0,0,0.4422
1994,2,8,1,0,18.24954196,14.59963357,18.24954196,191.8181147,0,0,0,4475.873079,0,0,0,0.6768
1994,2,8,2,0,19.67768595,15.74214876,19.67768595,177.9338843,0,0,0,5216.652893,0,0,0,0.0121
1994,3,1,1,0,30.78069524,24.62455619,30.78069524,117.5015682,0,0,0,2719.668583,0,0,0,1.913
1994,3,2,1,0,30.51427431,24.41141945,30.51427431,130.047087,0,0,0,2849.089842,0,0,0,0.8771
1994,3,3,1,0,26.26540505,21.01232404,26.26540505,170.0982736,0,0,0,3223.853918,0,0,0,0.1506
1994,3,6,1,0,23.72832085,18.98265668,23.72832085,144.7679518,0,0,0,3727.589987,0,0,0,0.5473
1994,3,6,11,0,14.985,11.988,99.9,135,0,0,0,3675,0,0,0,0.0005
1994,3,7,1,0,22.00074866,17.60059893,22.00074866,143.9898396,0,0,0,3951.270053,0,0,0,0.187
1994,3,8,1,0,21.2693995,17.0155196,21.2693995,157.3822366,0,0,0,4047.490831,0,0,0,0.2781
1994,3,9,1,0,22.16582569,17.73266055,22.16582569,149.837156,0,0,0,3959.461009,0,0,0,0.0872
1994,4,1,1,0,25.68465475,20.5477238,25.68465475,159.6519047,0,0,0,3298.617664,0,0,0,1.5829
1994,4,1,3,0,25.6,20.48,42.4,140,0,0,0,3200,0,0,0,0.0024
1994,4,2,1,0,26.76795495,21.41436396,26.76795495,150.5962898,0,0,0,3143.202297,0,0,0,0.4528
1994,4,3,1,0,24.94721378,19.95777102,24.94721378,179.331307,0,0,0,3284.156028,0,0,0,0.0987
1994,4,6,1,0,17.49835897,13.99868718,17.49835897,204.425641,0,0,0,4434.615385,0,0,0,0.0975
1994,4,6,11,0,12.855,10.284,85.7,204.5,0,0,0,4625,0,0,0,0.001
1994,4,7,1,0,16.9868101,13.58944808,16.9868101,180.5191768,0,0,0,5013.610851,0,0,0,0.1069
1994,4,8,1,0,18.26474201,14.61179361,18.26474201,195.2579853,0,0,0,4428.990172,0,0,0,0.0814
1994,4,8,2,0,20.5,16.4,20.5,155,0,0,0,5200,0,0,0,0.0002
1994,5,1,1,0,23.92941088,19.1435287,23.92941088,198.9131743,0,0,0,3643.75901,0,0,0,1.3291
1994,5,3,1,0,21.57236842,17.25789474,21.57236842,237.9078947,0,0,0,4245.098684,0,0,0,0.0152
1994,5,3,2,0,27.9,22.32,27.9,148,0,0,0,4639,0,0,0,0.0007
1994,5,6,1,0,21.19337261,16.95469809,21.19337261,148.9396171,0,0,0,3120.655376,0,0,0,0.0679
1994,5,7,1,0,20.31694915,16.25355932,20.31694915,160,0,0,0,4113.386958,0,0,0,0.3481
1994,5,8,1,0,22.63113141,18.10490513,22.63113141,182.1103303,0,0,0,3794.943781,0,0,0,0.2846
1994,5,9,1,0,20.10662541,16.08530033,20.10662541,152.9220968,0,0,0,3883.791409,0,0,0,0.2747
1994,5,10,1,0,16.9,13.52,16.9,180,0,0,0,3700,0,0,0,0.0019
1994,6,1,1,0,23.31104101,18.64883281,23.31104101,296.2839117,0,0,0,3247.299685,0,0,0,0.0317
1994,6,2,1,0,33.17817837,26.54254269,33.17817837,130.8728653,0,0,0,2361.929791,0,0,0,0.0527
1994,6,3,1,0,21.09716981,16.87773585,21.09716981,272.7924528,0,0,0,4026.575472,0,0,0,0.0106
1994,6,7,1,0,17.09164087,13.67331269,17.09164087,203.7770898,0,0,0,4942.260062,0,0,0,0.0323
1994,6,8,1,0,16.33651208,13.06920967,16.33651208,210,0,0,0,5395.500327,0,0,0,0.1531
1994,6,8,2,0,19.5,15.6,19.5,180,0,0,0,5200,0,0,0,0.0014
1994,6,9,1,0,15.6,12.48,15.6,212,0,0,0,4950,0,0,0,0.0136
1994,6,10,1,0,16.20615385,12.96492308,16.20615385,185.8461538,0,0,0,4523.076923,0,0,0,0.0065
1994,7,6,1,0,18.91516018,15.13212815,18.91516018,196.0726545,0,0,0,3713.586957,0,0,0,0.3496
1994,7,9,1,0,29.68,23.744,29.68,90,0,0,0,2700,0,0,0,0.0035
1995,1,1,1,20200,27.57466063,22.05972851,27.57466063,153,0,0,0,2880.280543,0,0,0,0.0221
1995,1,2,1,16413.63636,32.56590909,26.05272727,32.56590909,113.5454545,0,0,0,2634.659091,0,0,0,0.0088
1995,1,3,1,24723,27.784,22.2272,27.784,144,0,0,0,3232.5,0,0,0,0.005
1995,1,4,1,37588.58566,25.3314741,20.26517928,25.3314741,218.6693227,0,0,0,3476.944223,0,0,0,0.0251
1995,1,5,1,61033.33333,22.56533333,18.05226667,22.56533333,270,0,0,0,3206.933333,0,0,0,0.0075
1995,1,6,1,14720,21.18524173,16.94819338,21.18524173,176.5564037,0,0,0,3767.005937,0,0,0,0.1179
1995,1,7,1,16430.84532,26.15375699,20.9230056,26.15375699,128.5203837,0,0,0,3309.01279,0,0,0,0.2502
1995,1,8,1,11759.57447,26.08919804,20.87135843,26.08919804,140.895581,0,0,0,3301.745663,0,0,0,0.3055
1995,1,9,1,14738.35121,24.81358205,19.85086564,24.81358205,133.2086855,0,0,0,3256.433984,0,0,0,0.3431
1995,2,1,1,15887.66523,31.50146419,25.20117135,31.50146419,144.7551194,0,0,0,2810.350769,0,0,0,0.9425
1995,2,2,1,13443.92073,36.84496262,29.4759701,36.84496262,114.1181915,0,0,0,2435.349947,0,0,0,0.5618
1995,2,3,1,24324.92908,28.95,23.16,28.95,130.6028369,0,0,0,2935.148936,0,0,0,0.0282
1995,2,4,1,38828.64668,24.56088561,19.64870849,24.56088561,208.3542435,0,0,0,3429.107011,0,0,0,0.0813
1995,2,5,1,69378.23529,21.88970588,17.51176471,21.88970588,256.8970588,0,0,0,3996.544118,0,0,0,0.0068
1995,2,6,1,19995.93786,16.3531927,13.08255416,16.3531927,218.4492588,0,0,0,4686.744584,0,0,0,0.1754
1995,2,7,1,19420.625,18.51157646,14.80926117,18.51157646,179.2160653,0,0,0,4514.325601,0,0,0,0.4656
1995,2,8,1,16710.44779,18.08193108,14.46554487,18.08193108,196.1666958,0,0,0,4552.857268,0,0,0,0.5717
1995,2,9,1,16578,19.8,15.84,19.8,142,0,0,0,4200,0,0,0,0.0096
1995,3,1,1,13969.705,31.68866906,25.35093525,31.68866906,124.7389463,0,0,0,2712.730516,0,0,0,2.6688
1995,3,2,1,17676.00486,31.65906232,25.32724986,31.65906232,123.6549457,0,0,0,2824.589766,0,0,0,0.6996
1995,3,3,1,19573.06268,30.07122507,24.05698006,30.07122507,122.037037,0,0,0,2707.916429,0,0,0,0.1053
1995,3,4,1,36247.31272,25.2626635,20.2101308,25.2626635,195.0091161,0,0,0,3521.955608,0,0,0,0.2523
1995,3,5,1,91925.48387,18.39677419,14.71741935,18.39677419,328.4193548,0,0,0,4652.903226,0,0,0,0.0031
1995,3,6,1,21077.09908,24.28260981,19.42608784,24.28260981,146.8850868,0,0,0,3563.189479,0,0,0,0.3916
1995,3,7,1,22222.51925,22.78201771,18.22561417,22.78201771,142.22603,0,0,0,3916.860801,0,0,0,0.5194
1995,3,8,1,19156.17922,21.7609356,17.40874848,21.7609356,182.9647631,0,0,0,4139.541312,0,0,0,0.3292
1995,3,9,1,22856.98477,22.52916213,18.02332971,22.52916213,145.3035909,0,0,0,3957.88901,0,0,0,0.0919
1995,3,11,1,30458.95238,21.38095238,17.1047619,21.38095238,125.1309524,0,0,0,4292.261905,0,0,0,0.0084
1995,4,1,1,18794.76267,26.06227286,20.84981829,26.06227286,163.6105153,0,0,0,3303.485999,0,0,0,2.0142
1995,4,2,1,22017.38409,27.90052273,22.32041818,27.90052273,134.6522727,0,0,0,3149.247727,0,0,0,0.44
1995,4,3,1,24768.98193,26.14518072,20.91614458,26.14518072,159.6108434,0,0,0,3198.309639,0,0,0,0.083
1995,4,4,1,39682.83669,23.41815224,18.7345218,23.41815224,254.696812,0,0,0,3768.772284,0,0,0,0.1537
1995,4,5,1,59955.86592,22.02178771,17.61743017,22.02178771,283.1173184,0,0,0,4206.98324,0,0,0,0.0179
1995,4,6,1,18669.37213,17.24215168,13.79372134,17.24215168,204.021164,0,0,0,4348.589065,0,0,0,0.0567
1995,4,7,1,17869.29474,17.08021053,13.66416842,17.08021053,179.7,0,0,0,5025.263158,0,0,0,0.095
1995,4,8,1,18593.86705,18.56225876,14.84980701,18.56225876,195.6862044,0,0,0,4626.844889,0,0,0,0.1399
1995,5,1,1,23365.5613,24.9459616,19.95676928,24.9459616,184.0217741,0,0,0,3575.006328,0,0,0,0.9323
1995,5,2,1,24988,28.3,22.64,28.3,192,0,0,0,3450,0,0,0,0.0604
1995,5,4,1,39682.50184,22.82962417,18.26369934,22.82962417,219.3736183,0,0,0,3875.37325,0,0,0,0.2714
1995,5,5,1,79648.94958,21.18067227,16.94453782,21.18067227,266.5504202,0,0,0,4773.584034,0,0,0,0.0238
1995,5,6,1,15135,21.74817658,17.39854127,21.74817658,135.4721689,0,0,0,3032.053743,0,0,0,0.1042
1995,5,7,1,24380,20.16315184,16.13052147,20.16315184,160,0,0,0,4361.138804,0,0,0,0.2608
1995,5,8,1,20197.18187,22.78497966,18.22798373,22.78497966,184.3782684,0,0,0,3870.196107,0,0,0,0.3442
1995,5,9,1,22636.09708,20.03599053,16.02879242,20.03599053,143.5332807,0,0,0,3868.705604,0,0,0,0.3801
1995,5,11,1,31717.19512,18.73597561,14.98878049,18.73597561,188.8871951,0,0,0,4253.353659,0,0,0,0.0328
1995,6,2,1,19135.95361,33.58814433,26.87051546,33.58814433,123.9948454,0,0,0,2375.268041,0,0,0,0.0388
1995,6,4,1,41490.14583,22.69166667,18.15333333,22.69166667,301.7291667,0,0,0,3364.266667,0,0,0,0.024
1995,6,5,1,98840.58416,20.76633663,16.61306931,20.76633663,299.6930693,0,0,0,4068.49505,0,0,0,0.0101
1995,6,7,1,24900,16.98409704,13.58727763,16.98409704,205.0269542,0,0,0,4950,0,0,0,0.0371
1995,6,8,1,27226.47779,16.6294651,13.30357208,16.6294651,210,0,0,0,5374.184044,0,0,0,0.2206
1995,6,11,1,39732.04626,16.42740214,13.14192171,16.42740214,193.6227758,0,0,0,4667.97153,0,0,0,0.0281
1995,7,6,1,25248.52543,18.81763491,15.05410793,18.81763491,195.6261296,0,0,0,3738.213271,0,0,0,0.3873
1995,2,8,2,17702.22857,19.42952381,15.54361905,19.42952381,178.0952381,0,0,0,5204.8,0,0,0,0.0105
1995,3,4,2,43100,34.5,27.6,34.5,134,0,0,0,3559,0,0,0,0.0052
1995,4,8,2,18588,21.7,17.36,21.7,155,0,0,0,5200,0,0,0,0.0003
1995,5,5,2,87500,27.8,22.24,27.8,148,0,0,0,4639,0,0,0,0.0004
1995,6,8,2,25875,18.1,14.48,18.1,180,0,0,0,5700,0,0,0,0.0006
1995,4,1,3,19400,24.7,19.76,42.2,140,0,0,0,3200,0,0,0,0.002
1995,5,1,3,19400,25.5,20.4,42.4575,153,0,0,0,3325,0,0,0,0.0008
1996,1,1,1,22008.5,27.77671233,21.66583562,27.77671233,153,0,0,0,2856.027397,0,0,0,0.0073
1996,1,2,1,17292.12088,34.27802198,26.73685714,34.27802198,102.3516484,0,0,0,2410.164835,0,0,0,0.0091
1996,1,3,1,25950,29.75,23.205,29.75,138,0,0,0,3175,0,0,0,0.0024
1996,1,4,1,33853.51765,25.91176471,20.21117647,25.91176471,189.4823529,0,0,0,3390.847059,0,0,0,0.0085
1996,1,5,1,80645.82667,21.572,16.82616,21.572,302.4533333,0,0,0,3140.213333,0,0,0,0.0075
1996,1,6,1,12970,21.48753541,18.04952975,21.48753541,171.9263456,0,0,0,3483.640227,0,0,0,0.0706
1996,1,7,1,12866,25.4779667,21.40149203,25.4779667,128.2706341,0,0,0,3303.746015,0,0,0,0.2823
1996,1,8,1,11900.81051,26.67301999,22.40533679,26.67301999,143.4418949,0,0,0,3318.453368,0,0,0,0.2702
1996,1,9,1,12695.06397,24.75830774,20.79697851,24.75830774,146.80348,0,0,0,3277.661208,0,0,0,0.2931
1996,2,1,1,17982.12502,32.09245778,25.03211707,32.09245778,148.8257091,0,0,0,2824.419413,0,0,0,0.6099
1996,2,2,1,16515.79053,34.88029243,27.2066281,34.88029243,121.3490146,0,0,0,2468.887476,0,0,0,0.1573
1996,2,3,1,24282.85714,29.53265306,23.03546939,29.53265306,125.7959184,0,0,0,2876.77551,0,0,0,0.0098
1996,2,4,1,46032.88279,31.07708553,24.24012672,31.07708553,152.7634636,0,0,0,2777.524815,0,0,0,0.0947
1996,2,6,1,14362.81894,16.73055845,14.05366909,16.73055845,218.838016,0,0,0,4775.268817,0,0,0,0.2883
1996,2,6,11,16424,15.66,13.1544,104.4,220,0,0,0,4700,0,0,0,0.0001
1996,2,7,1,20447.74706,17.69078561,14.86025991,17.69078561,174.8722467,0,0,0,4478.175477,0,0,0,0.2724
1996,2,8,1,18460.73514,19.18843669,16.11828682,19.18843669,219.6016365,0,0,0,4547.903531,0,0,0,0.4644
1996,2,8,2,18591.91429,19.40571429,16.3008,19.40571429,184.5714286,0,0,0,5145.457143,0,0,0,0.0035
1996,2,9,1,15113,20.9,17.556,20.9,190,0,0,0,4200,0,0,0,0.0117
1996,2,11,1,83880,19.15,14.937,19.15,302,0,0,0,4227.5,0,0,0,0.0002
1996,3,1,1,15185.49844,30.91116309,24.11070721,30.91116309,130.6915656,0,0,0,2769.640793,0,0,0,2.0523
1996,3,2,1,16962.03757,33.00011384,25.74008879,33.00011384,122.2770361,0,0,0,2733.574977,0,0,0,0.9663
1996,3,3,1,17752.66812,28.70506329,22.38994937,28.70506329,125.4620253,0,0,0,2814.112342,0,0,0,0.1264
1996,3,4,1,37065.24717,25.4890411,19.88145205,25.4890411,190.7391304,0,0,0,3494.036331,0,0,0,0.1679
1996,3,4,2,42465,35.9,28.002,35.9,134,0,0,0,3558,0,0,0,0.0027
1996,3,5,1,100160.2106,34.46317204,26.88127419,34.46317204,116.5138889,0,0,0,2437.901434,0,0,0,0.2232
1996,3,6,1,19683.33596,23.80127519,19.99307116,23.80127519,151.4042821,0,0,0,3851.684509,0,0,0,0.6352
1996,3,6,11,19310,21.66,18.1944,144.4,150,0,0,0,3950,0,0,0,0.0001
1996,3,7,1,19548.73563,22.72795977,19.09148621,22.72795977,180.3991379,0,0,0,3910.380747,0,0,0,0.348
1996,3,8,1,20133.74332,21.98477315,18.46720945,21.98477315,190,0,0,0,4147.010566,0,0,0,0.1609
1996,3,9,1,23760.11647,22.41064892,18.82494509,22.41064892,149.7287854,0,0,0,3921.71381,0,0,0,0.0601
1996,3,11,1,27875.5,22.45,18.858,22.45,161,0,0,0,3981.25,0,0,0,0.008
1996,4,1,1,19821.72256,26.57869812,20.73138453,26.57869812,157.788336,0,0,0,3269.106294,0,0,0,1.6238
1996,4,1,3,23175,26.6,20.748,32.1,189.8113208,0,0,0,3355.660377,0,0,0,0.0053
1996,4,2,1,21952.8865,27.58613502,21.51718532,27.58613502,132.1622111,0,0,0,3177.611464,0,0,0,0.4414
1996,4,3,1,22278.06569,25.11313869,19.58824818,25.11313869,157.0218978,0,0,0,3121.452555,0,0,0,0.0137
1996,4,3,2,20025.4,47.2,36.816,47.2,90,0,0,0,3197.56,0,0,0,0.005
1996,4,4,1,36743.65042,25.09334126,19.57280618,25.09334126,219.9179548,0,0,0,3547.082045,0,0,0,0.2523
1996,4,5,1,65000,22.6,17.628,22.6,237,0,0,0,3700,0,0,0,0.0047
1996,4,6,1,18434.46479,17.5799687,14.76717371,17.5799687,198.2785603,0,0,0,4415.179969,0,0,0,0.0639
1996,4,6,11,21372.4,15.828,13.29552,105.52,212,0,0,0,4800,0,0,0,0.0005
1996,4,7,1,18833.28958,16.58227334,13.92910961,16.58227334,177.7117727,0,0,0,5107.307172,0,0,0,0.0739
1996,4,8,1,20436.33819,18.37638484,15.43616327,18.37638484,212.6822157,0,0,0,4945.580175,0,0,0,0.0343
1996,5,1,1,23407.21295,24.72213635,19.28326635,24.72213635,202.0759039,0,0,0,3621.759591,0,0,0,0.7246
1996,5,1,11,24837.5,23.8,18.564,158.627,301,0,0,0,3950,0,0,0,0.0007
1996,5,2,1,25853,28.1,21.918,28.1,192,0,0,0,3325,0,0,0,0.0659
1996,5,4,1,37804.83701,23.37957814,18.23607095,23.37957814,242.1308725,0,0,0,3932.142857,0,0,0,0.2086
1996,5,5,1,92799.76109,22.60392491,17.63106143,22.60392491,270.725256,0,0,0,4232.295222,0,0,0,0.0586
1996,5,7,1,23809.91085,20.49061353,17.21211536,20.49061353,163.9777137,0,0,0,4341.976927,0,0,0,0.3814
1996,5,8,1,21985.82613,22.0825385,18.54933234,22.0825385,176.0730253,0,0,0,3912.004719,0,0,0,0.4026
1996,5,9,1,26931.16713,21.17105509,17.78368627,21.17105509,173.2773109,0,0,0,3857.621382,0,0,0,0.2142
1996,6,1,1,16304.27273,26.71515152,20.83781818,26.71515152,182.2727273,0,0,0,2759.363636,0,0,0,0.0066
1996,6,2,1,21303.69565,31.12217391,24.27529565,31.12217391,131.3043478,0,0,0,2319.647826,0,0,0,0.023
1996,6,3,1,28750,30.35172414,23.67434483,30.35172414,138,0,0,0,2720.543103,0,0,0,0.0116
1996,6,4,1,43961.09251,23.20484581,18.09977974,23.20484581,294.7665198,0,0,0,3385.806167,0,0,0,0.0227
1996,6,5,1,81042.48958,22.08541667,17.226625,22.08541667,271.9791667,0,0,0,3987.979167,0,0,0,0.0096
1996,6,7,1,24824.49721,17.17304469,14.42535754,17.17304469,200.8519553,0,0,0,4809.986034,0,0,0,0.0716
1996,6,8,1,26912.15571,17.31432457,14.54403264,17.31432457,239.2837715,0,0,0,5298.811423,0,0,0,0.2206
1996,6,8,2,27343.16667,18.7,15.708,18.7,180,0,0,0,5694.333333,0,0,0,0.0003
1996,6,11,1,43286.01129,17.01670429,14.2940316,17.01670429,199.4040632,0,0,0,4704.514673,0,0,0,0.0443
1996,7,6,1,25002.882,19.46743988,16.3526495,19.46743988,193.2921898,0,0,0,3704.043413,0,0,0,0.4699
1996,7,9,1,24063.30745,24.32497377,20.43297796,24.32497377,145.389297,0,0,0,3414.585519,0,0,0,0.0953
1997,1,1,1,24046.67073,27.82926829,22.26341463,27.82926829,145.6829268,0,0,0,2970.560976,0,0,0,0.0123
1997,1,2,1,21873.26667,31.01733333,24.81386667,31.01733333,114.2133333,0,0,0,2698.333333,0,0,0,0.0075
1997,1,4,1,39665.96875,25.574375,20.4595,25.574375,200.9375,0,0,0,3358.2625,0,0,0,0.016
1997,1,5,1,75186.9009,22.47297297,17.97837838,22.47297297,293.3243243,0,0,0,3593.972973,0,0,0,0.0111
1997,1,6,1,15189,19.81294574,15.85035659,19.81294574,187.1085271,0,0,0,3862.790698,0,0,0,0.129
1997,1,7,1,12847.01242,26.19612828,20.95690262,26.19612828,134.8245991,0,0,0,3266.801916,0,0,0,0.5114
1997,1,9,1,15549.63326,24.35017389,19.48013911,24.35017389,145.3092001,0,0,0,3267.657287,0,0,0,0.3163
1997,2,1,1,17757.69786,31.5365541,25.22924328,31.5365541,141.3889931,0,0,0,2861.77267,0,0,0,0.6396
1997,2,2,1,15340.4147,35.4660214,28.37281712,35.4660214,112.0796349,0,0,0,2508.577904,0,0,0,0.6354
1997,2,3,1,25805.62112,29.83726708,23.86981366,29.83726708,124.2857143,0,0,0,2865.590062,0,0,0,0.0161
1997,2,4,1,43959.5411,29.52402235,23.61921788,29.52402235,148.7326417,0,0,0,2823.64166,0,0,0,0.1253
1997,2,5,1,76276.08696,21.50434783,17.20347826,21.50434783,295.6521739,0,0,0,3876.73913,0,0,0,0.0023
1997,2,6,1,21054,16.87414045,13.49931236,16.87414045,219.7768837,0,0,0,4875.20117,0,0,0,0.2734
1997,2,7,1,19417.98154,18.99417697,15.19534157,18.99417697,226.2983897,0,0,0,4664.622642,0,0,0,1.2296
1997,2,7,2,19264.33333,18.66666667,14.93333333,18.66666667,180,0,0,0,5533.333333,0,0,0,0.0015
1997,2,7,11,21517.5,14.985,11.988,99.9,235,0,0,0,4700,0,0,0,0.0004
1997,2,9,1,19783.33496,20.82860636,16.66288509,20.82860636,202.9645477,0,0,0,3983.924205,0,0,0,0.0818
1997,3,1,1,15171.17254,31.56274231,25.25019385,31.56274231,126.6668562,0,0,0,2722.165174,0,0,0,2.1099
1997,3,2,1,19791.12525,29.81084168,23.84867335,29.81084168,136.1643287,0,0,0,2981.202806,0,0,0,0.499
1997,3,3,1,18210.16071,30.21708333,24.17366667,30.21708333,118.6470238,0,0,0,2702.958333,0,0,0,0.168
1997,3,3,2,17105,50.9,40.72,50.9,90,0,0,0,2778,0,0,0,0.0013
1997,3,4,1,39082.29953,25.15884434,20.12707547,25.15884434,201.9547956,0,0,0,3495.909591,0,0,0,0.2544
1997,3,4,2,42475,33.9,27.12,33.9,134,0,0,0,3558,0,0,0,0.0027
1997,3,5,1,93737.64706,19.35882353,15.48705882,19.35882353,330.1176471,0,0,0,4632.352941,0,0,0,0.0017
1997,3,6,1,23841.59438,23.52251811,18.81801449,23.52251811,156.9175641,0,0,0,3923.712551,0,0,0,0.5107
1997,3,7,1,20662.46101,22.33883581,17.87106865,22.33883581,177.6971784,0,0,0,4069.279049,0,0,0,0.4501
1997,3,9,1,24726.14729,22.18356589,17.74685271,22.18356589,150.3488372,0,0,0,3936.046512,0,0,0,0.0645
1997,3,11,1,30150.67,22.518,18.0144,22.518,158.42,0,0,0,4200,0,0,0,0.01
1997,4,1,1,21020.30189,26.40425446,21.12340357,26.40425446,164.6956471,0,0,0,3325.329764,0,0,0,1.7276
1997,4,1,3,23612.5,26.00600601,20.8048048,43.3,155,0,0,0,3450,0,0,0,0.0051
1997,4,2,1,20737.79974,28.85694864,23.08555891,28.85694864,140.5045317,0,0,0,3168.392102,0,0,0,0.4634
1997,4,3,1,26529.2562,25.44421488,20.3553719,25.44421488,166.8966942,0,0,0,3375.966942,0,0,0,0.0242
1997,4,3,2,19948.69565,48.8,39.04,48.8,90,0,0,0,3045.130435,0,0,0,0.0023
1997,4,4,1,37043.85055,24.48434079,19.58747263,24.48434079,234.5478344,0,0,0,3663.330795,0,0,0,0.2101
1997,4,5,1,65000,23.3,18.64,23.3,300,0,0,0,3902,0,0,0,0.0022
1997,4,6,1,19208.04496,17.99196185,14.39356948,17.99196185,199.6798365,0,0,0,4293.66485,0,0,0,0.0734
1997,4,7,1,21725.04257,18.56967886,14.85574309,18.56967886,223.334578,0,0,0,4974.458551,0,0,0,0.1339
1997,4,7,11,21370,14.535,11.628,96.9,235,0,0,0,5200,0,0,0,0.0003
1997,4,11,1,34027,18.5,14.8,18.5,140,0,0,0,5200,0,0,0,0.0016
1997,5,1,1,24196.25134,25.13000153,20.10400122,25.13000153,196.5691107,0,0,0,3552.793969,0,0,0,0.6533
1997,5,1,11,24432.5,22.53,18.024,150.2,190,0,0,0,3700,0,0,0,0.0003
1997,5,2,1,25713,28.6,22.88,28.6,200,0,0,0,3325,0,0,0,0.0696
1997,5,4,1,39223.8681,23.3582169,18.68657352,23.3582169,236.6799734,0,0,0,3873.139721,0,0,0,0.3006
1997,5,5,1,71610.66568,22.06301775,17.6504142,22.06301775,275.5177515,0,0,0,4470.230769,0,0,0,0.0338
1997,5,6,1,16340,21.49748823,17.19799058,21.49748823,150.5,0,0,0,3273.292779,0,0,0,0.1274
1997,5,7,1,24790.85003,20.29646182,16.23716946,20.29646182,188.0937306,0,0,0,4227.11049,0,0,0,0.8055
1997,5,9,1,26411.54253,21.51974249,17.21579399,21.51974249,170.6781116,0,0,0,3795.981272,0,0,0,0.2563
1997,5,11,1,35119.36096,21.53848315,17.23078652,21.53848315,175.5421348,0,0,0,4221.769663,0,0,0,0.0356
1997,6,1,1,15019,30.3122807,24.24982456,30.3122807,95,0,0,0,2482.035088,0,0,0,0.0057
1997,6,2,1,21455,31.56757813,25.2540625,31.56757813,131.5234375,0,0,0,2339.019531,0,0,0,0.0256
1997,6,4,1,37734.06915,25.87287234,20.69829787,25.87287234,224.6223404,0,0,0,2937.611702,0,0,0,0.0376
1997,6,4,4,33995,66.13733906,52.90987124,154.1,100,0,70,0,2357,0,0,0,0.002
1997,6,5,1,97272.75904,20.84216867,16.67373494,20.84216867,306.3614458,0,0,0,4056.60241,0,0,0,0.0083
1997,6,7,1,29659.11849,17.28251613,13.8260129,17.28251613,239.5655914,0,0,0,5202.204301,0,0,0,0.465
1997,6,7,2,29883.5,18.7,14.96,18.7,180,0,0,0,5700,0,0,0,0.0002
1997,6,11,1,45223.96686,16.98167641,13.58534113,16.98167641,203.1539961,0,0,0,4756.530214,0,0,0,0.0513
1997,7,6,1,18602.5,19.95483871,15.96387097,19.95483871,189.4758065,0,0,0,3333.352535,0,0,0,0.0868
1997,7,9,1,22544.71807,24.11031022,19.28824818,24.11031022,142.8138686,0,0,0,3555.839416,0,0,0,0.2192
1997,7,11,1,30142.15697,19.27396825,15.4191746,19.27396825,191.977425,0,0,0,3921.957672,0,0,0,0.2835
1998,1,1,1,20152.60993,28.23191489,22.30321277,28.23191489,167.4680851,0,0,0,2976,0,0,0,0.0141
1998,1,2,1,24970,29.66666667,23.43666667,29.66666667,130,0,0,0,3033.333333,0,0,0,0.0021
1998,1,4,1,34982.15487,25.32566372,20.00727434,25.32566372,194.8230088,0,0,0,3393.584071,0,0,0,0.0113
1998,1,5,1,70820.16393,22.70163934,17.93429508,22.70163934,287.5901639,0,0,0,3615.327869,0,0,0,0.0061
1998,1,6,1,15764.77883,20.74272608,17.63131717,20.74272608,177.250983,0,0,0,3895.036042,0,0,0,0.1526
1998,1,7,1,15125.66241,23.75100874,20.18835743,23.75100874,139.368191,0,0,0,3401.244116,0,0,0,0.2974
1998,1,8,1,13142.92879,25.88638165,22.00342441,25.88638165,135.5,0,0,0,3271.666195,0,0,0,0.3532
1998,1,9,1,16831.51895,24.55762606,20.87398215,24.55762606,148.3347949,0,0,0,3248.11306,0,0,0,0.3193
1998,1,11,4,50906.66667,96.87333333,82.34233333,225.718,96.66666667,0,90,0,4366.666667,0,0,0,0.0006
1998,2,1,1,16219.16431,31.11434426,24.58033197,31.11434426,139.6698957,0,0,0,2831.256582,0,0,0,0.8052
1998,2,2,1,15084.27428,36.0370434,28.46926429,36.0370434,123.9258702,0,0,0,2577.940696,0,0,0,0.4654
1998,2,3,1,20295.67211,28.30037688,22.35729774,28.30037688,132.9133166,0,0,0,2905.199749,0,0,0,0.0796
1998,2,3,2,16475,51.6,40.764,51.6,90,0,0,0,2829,0,0,0,0.0041
1998,2,4,1,42461.93227,26.37808765,20.83868924,26.37808765,215.6135458,0,0,0,3381.972112,0,0,0,0.0251
1998,2,5,1,65480,22.9,18.091,22.9,290,0,0,0,3950,0,0,0,0.0005
1998,2,6,1,19163.61017,16.97040678,14.42484576,16.97040678,221.9169492,0,0,0,4922.033898,0,0,0,0.295
1998,2,7,1,22145,19.35641992,16.45295694,19.35641992,219.4641794,0,0,0,4541.684858,0,0,0,0.5039
1998,2,7,11,24145,15.97659766,13.58010801,106.5,195,0,0,0,4950,0,0,0,0.0011
1998,2,8,1,23715.66047,19.02187984,16.16859787,19.02187984,240.0261628,0,0,0,4820.881783,0,0,0,0.516
1998,2,8,2,23245,18.93333333,16.09333333,18.93333333,181.6666667,0,0,0,5491.666667,0,0,0,0.0012
1998,2,9,1,17713,19.4,16.49,19.4,190,0,0,0,4200,0,0,0,0.0045
1998,3,1,1,15496.46021,31.14373655,24.60355187,31.14373655,130.657057,0,0,0,2762.106618,0,0,0,2.2304
1998,3,2,1,16558.16056,33.29643197,26.30418126,33.29643197,129.5723121,0,0,0,2728.393673,0,0,0,0.4204
1998,3,3,1,17720.29819,29.23461129,23.09534292,29.23461129,126.1522897,0,0,0,2790.102236,0,0,0,0.0939
1998,3,3,2,15770,50.9,40.211,50.9,90,0,0,0,2778,0,0,0,0.0083
1998,3,4,1,37024.19852,25.78074074,20.36678519,25.78074074,192.6824691,0,0,0,3449.086914,0,0,0,0.2025
1998,3,5,1,79816.76471,20.85294118,16.47382353,20.85294118,362.5294118,0,0,0,4212.823529,0,0,0,0.0017
1998,3,6,1,21347.5,24.03431905,20.42917119,24.03431905,159.9066739,0,0,0,3959.631036,0,0,0,0.3686
1998,3,6,3,21347.5,23.36336336,19.85885886,38.9,158,0,0,0,3950,0,0,0,0.1428
1998,3,7,1,26080.12658,23.06797738,19.60778077,23.06797738,183.0527875,0,0,0,3883.611635,0,0,0,0.3713
1998,3,8,1,21653.02372,22.55804226,19.17433592,22.55804226,185.062527,0,0,0,4171.000431,0,0,0,0.2319
1998,3,9,1,26998.5,22.7,19.295,22.7,149,0,0,0,3950,0,0,0,0.025
1998,3,11,1,28800.08333,24.19607843,20.56666667,24.19607843,179.8921569,0,0,0,3951.22549,0,0,0,0.102
1998,3,11,3,32010,23.12312312,19.65465465,38.5,158,0,0,0,4200,0,0,0,0.0044
1998,4,1,1,19873.07611,26.55141689,20.97561934,26.55141689,165.6253724,0,0,0,3289.898081,0,0,0,1.4433
1998,4,1,3,18985,25.10510511,19.83303303,41.8,155,0,0,0,3325,0,0,0,0.0035
1998,4,2,1,20168.51015,29.43057931,23.25015765,29.43057931,151.4628046,0,0,0,3147.148888,0,0,0,0.9356
1998,4,3,1,24587.19512,27.93682927,22.07009512,27.93682927,158.1585366,0,0,0,3268.682927,0,0,0,0.041
1998,4,4,1,39244.48496,24.93676696,19.70004589,24.93676696,223.0535441,0,0,0,3628.648904,0,0,0,0.3922
1998,4,4,2,45200,35.2,27.808,35.2,174,0,0,0,3691,0,0,0,0.0034
1998,4,6,1,19646.06977,17.70162791,15.04638372,17.70162791,202.8372093,0,0,0,4543.604651,0,0,0,0.043
1998,4,7,1,20252.80968,18.11212903,15.39530968,18.11212903,214.3032258,0,0,0,5034.193548,0,0,0,0.0775
1998,4,7,11,21945,15.03150315,12.77677768,100.2,200,0,0,0,5700,0,0,0,0.0002
1998,4,8,1,20753.80042,19.28174098,16.38947983,19.28174098,234.1932059,0,0,0,4923.991507,0,0,0,0.0471
1998,5,1,1,23929.93327,25.46406406,20.11661061,25.46406406,202.2205539,0,0,0,3573.40307,0,0,0,0.5994
1998,5,1,11,25335,22.11,17.4669,147.4,175,0,0,0,4200,0,0,0,0.0003
1998,5,2,1,31508,28.4,22.436,28.4,200,0,0,0,3450,0,0,0,0.0754
1998,5,4,1,39460.15479,23.02461108,18.18944275,23.02461108,239.7946484,0,0,0,3881.710641,0,0,0,0.3214
1998,5,5,1,73023.45455,21.72227273,17.16059545,21.72227273,283.2636364,0,0,0,4441.690909,0,0,0,0.022
1998,5,6,1,17002.5,20.33967213,17.28872131,20.33967213,158.0666667,0,0,0,3356.010929,0,0,0,0.0915
1998,5,7,1,22846.10388,19.65372502,16.70566626,19.65372502,196.7060367,0,0,0,4337.795276,0,0,0,0.4953
1998,5,8,1,23481.95628,21.37449393,18.16831984,21.37449393,184.6626181,0,0,0,4078.137652,0,0,0,0.3705
1998,5,9,1,24888.5007,22.56191942,19.17763151,22.56191942,180.654169,0,0,0,3791.249301,0,0,0,0.3574
1998,5,11,1,36735,19.4,16.49,19.4,215,0,0,0,4450,0,0,0,0.0036
1998,6,1,1,15229,29.71666667,23.47616667,29.71666667,95,0,0,0,2458.333333,0,0,0,0.0006
1998,6,4,1,40571.28659,26.19146341,20.6912561,26.19146341,218.9715447,0,0,0,2992.02439,0,0,0,0.0492
1998,6,5,1,88942.02128,20.63191489,16.29921277,20.63191489,325.3510638,0,0,0,4084.393617,0,0,0,0.0094
1998,6,6,1,28455,16.27400487,13.83290414,16.27400487,222.6076361,0,0,0,4700,0,0,0,0.1231
1998,6,7,1,31624.95682,17.11600674,14.54860573,17.11600674,224.4650379,0,0,0,5108.066554,0,0,0,0.2374
1998,6,8,1,32665.9968,17.25464248,14.6664461,17.25464248,255,0,0,0,5099.146211,0,0,0,0.0937
1998,6,8,2,32520,19,16.15,19,180,0,0,0,5700,0,0,0,0.0002
1998,6,11,1,42084.11656,17.93031847,15.2407707,17.93031847,224.6968153,0,0,0,5210.350318,0,0,0,0.157
1998,7,6,1,18565.30212,20.31952191,17.27159363,20.31952191,188.9641434,0,0,0,3514.575033,0,0,0,0.1506
1998,7,9,1,22640.59479,24.55077134,20.86815564,24.55077134,144.1611244,0,0,0,3539.30408,0,0,0,0.2917
1998,7,11,1,30597.26031,19.48948346,16.56606094,19.48948346,194.0338164,0,0,0,3931.047938,0,0,0,0.2691
1999,1,1,1,22989.6875,28.0725,22.458,28.0725,157.81875,0,0,0,3003.90625,0,0,0,0.016
1999,1,2,1,25319,29.452,23.5616,29.452,130,0,0,0,3035,0,0,0,0.0025
1999,1,4,1,43169.03226,25.66505376,20.53204301,25.66505376,201.3010753,0,0,0,3496.575269,0,0,0,0.0186
1999,1,5,1,65969.05109,22.76569343,18.21255474,22.76569343,293.810219,0,0,0,3428.50365,0,0,0,0.0137
1999,1,6,1,16792.5,22.85577889,18.28462312,22.85577889,155.1005025,0,0,0,3484.547739,0,0,0,0.0199
1999,1,7,1,14560,24.27985697,19.42388558,24.27985697,136.9344458,0,0,0,3343.474374,0,0,0,0.1678
1999,1,7,3,14560,21.78002844,17.42402275,36.26374735,150,0,0,0,3601.141189,0,0,0,0.1884
1999,1,8,1,13373.78073,25.23041556,20.18433245,25.23041556,140.4208665,0,0,0,3383.93855,0,0,0,0.2262
1999,1,9,1,16289.6314,24.84844668,19.87875735,24.84844668,154.4357683,0,0,0,3373.278757,0,0,0,0.2382
1999,1,11,4,52720,86.82,69.456,202.3,90,0,90,0,4700,0,0,0,0.0005
1999,2,1,1,15230.7908,31.8977364,25.51818912,31.8977364,142.2745528,0,0,0,2753.916758,0,0,0,0.8217
1999,2,2,1,16979.03085,35.00700092,28.00560074,35.00700092,124.8773105,0,0,0,2584.974122,0,0,0,0.4328
1999,2,3,1,19350.46296,29.53608124,23.62886499,29.53608124,117.786141,0,0,0,2833.74552,0,0,0,0.0837
1999,2,3,2,15900,52.5,42,52.5,90,0,0,0,2829,0,0,0,0.003
1999,2,4,1,43499.83986,25.69217082,20.55373665,25.69217082,215.8398577,0,0,0,3430.014235,0,0,0,0.0281
1999,2,5,1,281575,14.1,11.28,14.1,411,0,0,0,5065,0,0,0,0.0002
1999,2,6,1,17211.2037,17.55231805,14.04185444,17.55231805,221.5604766,0,0,0,4726.353276,0,0,0,0.3861
1999,2,7,1,24280,18.61728419,14.89382735,18.61728419,220.9010669,0,0,0,4556.353055,0,0,0,0.5155
1999,2,7,11,26280,14.775,11.82,98.5,195,0,0,0,4950,0,0,0,0.0006
1999,2,8,1,23753.46326,19.45282709,15.56226167,19.45282709,209.0573636,0,0,0,4538.347798,0,0,0,0.6084
1999,2,8,2,21601,15.5,12.4,15.5,175,0,0,0,5189,0,0,0,0.003
1999,3,1,1,16028.97419,30.04792819,24.03834255,30.04792819,140.0923181,0,0,0,2812.04488,0,0,0,1.9162
1999,3,2,1,17571.30388,32.42479493,25.93983594,32.42479493,136.1472782,0,0,0,2799.692394,0,0,0,0.5364
1999,3,3,1,20368.80355,28.37925337,22.70340269,28.37925337,132.6376989,0,0,0,2990.347001,0,0,0,0.1634
1999,3,3,2,17767.125,52.035,41.628,52.035,90,0,0,0,2906.35,0,0,0,0.006
1999,3,4,1,36000.14978,25.46998088,20.3759847,25.46998088,204.9955386,0,0,0,3467.458254,0,0,0,0.1569
1999,3,5,1,80837.5,20.95714286,16.76571429,20.95714286,355.6428571,0,0,0,4254.214286,0,0,0,0.0028
1999,3,6,1,22500,24.10466942,19.28373554,24.10466942,156.2950413,0,0,0,3869.318182,0,0,0,0.242
1999,3,6,3,22500,23.36336336,18.69069069,38.9,162,0,0,0,3950,0,0,0,0.1486
1999,3,7,1,23025.69918,22.35577752,17.88462201,22.35577752,188.9193106,0,0,0,3936.045828,0,0,0,0.2553
1999,3,8,1,21584.34105,22.38398677,17.90718942,22.38398677,185.2432688,0,0,0,4175.791214,0,0,0,0.2117
1999,3,9,1,24130.14126,23.95334572,19.16267658,23.95334572,192.9070632,0,0,0,4028.066914,0,0,0,0.1614
1999,3,11,1,30072.23024,23.5053325,18.804266,23.5053325,172.5897114,0,0,0,4043.946048,0,0,0,0.1594
1999,3,11,3,31600,23.31183169,18.64946535,38.81419976,158.2839952,0,0,0,3967.749699,0,0,0,0.0831
1999,3,11,4,45000,246.4806867,197.1845494,574.3,150,0,60,0,3700,0,0,0,0.0002
1999,4,1,1,19859.2293,26.50469652,21.20375722,26.50469652,172.6731503,0,0,0,3283.353928,0,0,0,1.8354
1999,4,1,3,18670,26.1,20.88,43.4565,155,0,0,0,3325,0,0,0,0.0048
1999,4,2,1,20001.3257,29.19544892,23.35635913,29.19544892,153.2373581,0,0,0,3157.613622,0,0,0,0.969
1999,4,3,1,25128.85676,27.47535587,21.9802847,27.47535587,167.0338078,0,0,0,3236.967082,0,0,0,0.1124
1999,4,4,1,38725.41706,24.68675294,19.74940235,24.68675294,213.8567059,0,0,0,3706.913176,0,0,0,0.425
1999,4,4,2,45430,34.9,27.92,34.9,174,0,0,0,3691,0,0,0,0.0049
1999,4,5,1,99071.08333,21.35,17.08,21.35,270.3833333,0,0,0,3934.366667,0,0,0,0.006
1999,4,6,1,18752.90155,17.92020725,14.3361658,17.92020725,211.3385147,0,0,0,4575.647668,0,0,0,0.0579
1999,4,6,11,22620,14.0625,11.25,93.75,200,0,0,0,5450,0,0,0,0.0002
1999,4,7,1,20284.9346,17.75945303,14.20756243,17.75945303,212.9964328,0,0,0,4937.812128,0,0,0,0.0841
1999,4,7,11,22350,14.925,11.94,99.5,200,0,0,0,5700,0,0,0,0.0001
1999,4,8,1,23090.0678,18.46963277,14.77570621,18.46963277,230.6214689,0,0,0,4907.94209,0,0,0,0.0708
1999,4,11,1,32150,18.5,14.8,18.5,140,0,0,0,5200,0,0,0,0.001
1999,5,1,1,24757.11025,25.34719265,20.27775412,25.34719265,211.2966312,0,0,0,3625.500219,0,0,0,0.6857
1999,5,1,11,26530,19.29,15.432,128.6,175,0,0,0,4200,0,0,0,0.0006
1999,5,2,1,28373,28.2,22.56,28.2,200,0,0,0,3450,0,0,0,0.0603
1999,5,4,1,40108.32745,23.46413874,18.77131099,23.46413874,239.8968254,0,0,0,3887.35097,0,0,0,0.3402
1999,5,5,1,89402.22222,19.63222222,15.70577778,19.63222222,295.7333333,0,0,0,4856.155556,0,0,0,0.009
1999,5,6,1,23385.60131,18.05494553,14.44395643,18.05494553,206.1812636,0,0,0,4203.267974,0,0,0,0.2295
1999,5,7,1,27166.5348,19.83767981,15.87014385,19.83767981,194.6136891,0,0,0,4315.835267,0,0,0,0.431
1999,5,8,1,23311.18176,21.47990074,17.1839206,21.47990074,179.219603,0,0,0,4067.654156,0,0,0,0.3224
1999,5,9,1,22747.45882,22.17764706,17.74211765,22.17764706,177.907563,0,0,0,3761.344538,0,0,0,0.357
1999,5,11,1,36755,19.4,15.52,19.4,215,0,0,0,4450,0,0,0,0.0024
1999,6,2,1,20095,31.17704918,24.94163934,31.17704918,133,0,0,0,2303.166667,0,0,0,0.0366
1999,6,4,1,41493.29185,25.01287554,20.01030043,25.01287554,264.0228898,0,0,0,3079.991416,0,0,0,0.0699
1999,6,4,4,39495,85,68,198.305,100,0,70,0,2357,0,0,0,0.0002
1999,6,5,1,91351.7395,20.54201681,16.43361345,20.54201681,329.3529412,0,0,0,3993.243697,0,0,0,0.0119
1999,6,6,1,27055,15.6,12.48,15.6,245,0,0,0,4950,0,0,0,0.0606
1999,6,7,1,32337.5,17.32596349,13.86077079,17.32596349,222.0131846,0,0,0,4950,0,0,0,0.0986
1999,6,8,1,29826.39129,17.04586265,13.63669012,17.04586265,221.721943,0,0,0,5314.237856,0,0,0,0.2985
1999,6,8,2,28320,18.9,15.12,18.9,180,0,0,0,5700,0,0,0,0.0001
1999,6,11,1,39062.10505,17.06790651,13.65432521,17.06790651,233.1065594,0,0,0,5276.526766,0,0,0,0.3979
1999,7,6,1,17930,20.86558317,16.69246654,20.86558317,189.0471638,0,0,0,3519.869344,0,0,0,0.1569
1999,7,9,1,21899.81245,25.13162291,20.10529833,25.13162291,150.0696102,0,0,0,3486.843675,0,0,0,0.2514
1999,7,11,1,34003.87092,20.03299167,16.02639334,20.03299167,200.2713004,0,0,0,4008.776425,0,0,0,0.3122
2000,1,4,1,42994.89224,25.88017241,20.70413793,25.88017241,210.8405172,0,0,0,3449.215517,0,0,0,0.0232
2000,1,5,1,77104.17476,22.37378641,17.89902913,22.37378641,307.7669903,0,0,0,3575.893204,0,0,0,0.0103
2000,1,6,1,17775,19.88457447,15.90765957,19.88457447,201.9414894,0,0,0,4186.702128,0,0,0,0.188
2000,1,7,1,14507.5,24.03933333,19.23146667,24.03933333,137.86,0,0,0,3500,0,0,0,0.15
2000,1,7,3,14507.5,21.57964087,17.26371269,35.93010204,143,0,0,0,3770.918367,0,0,0,0.196
2000,1,8,1,13062.17391,24.08695652,19.26956522,24.08695652,150.2173913,0,0,0,3470.294686,0,0,0,0.207
2000,1,8,3,12886.06122,24.41870442,19.53496353,40.65714286,250.3061224,0,0,0,3551.897959,0,0,0,0.098
2000,1,8,4,50000,101.9,81.52,237.427,100,0,90,0,4200,0,0,0,0.000003
2000,1,9,1,17539.91844,23.12943262,18.5035461,23.12943262,156.3262411,0,0,0,3474.822695,0,0,0,0.282
2000,1,9,3,15150,22.0385091,17.63080728,36.69411765,143,0,0,0,3741.176471,0,0,0,0.017
2000,1,11,4,52720,86.82,69.456,202.3,90,0,90,0,4700,0,0,0,0.000004
2000,2,1,1,16127.15738,29.19870466,23.35896373,29.19870466,163.2218264,0,0,0,2941.873867,0,0,0,0.6176
2000,2,2,1,14676.26392,35.37956044,28.30364835,35.37956044,126.2849817,0,0,0,2545.126374,0,0,0,0.546
2000,2,3,1,17600.1087,29.61956522,23.69565217,29.61956522,130.3656126,0,0,0,2890.363636,0,0,0,0.1012
2000,2,3,2,16425,49.9,39.92,49.9,123.3333333,0,0,0,2829,0,0,0,0.0072
2000,2,4,1,39867.05674,25.46099291,20.36879433,25.46099291,237,0,0,0,3478.099291,0,0,0,0.0141
2000,2,5,1,100544.5879,20.38252234,16.30601787,20.38252234,339.836147,0,0,0,4023.723932,0,0,0,0.001007
2000,2,6,1,17665,16.94428571,13.55542857,16.94428571,231.8214286,0,0,0,5039.285714,0,0,0,0.14
2000,2,7,1,17645,19.10022075,15.2801766,19.10022075,233.7196468,0,0,0,4661.92053,0,0,0,0.453
2000,2,7,11,19645,15.97659766,12.78127813,106.5,200,0,0,0,5200,0,0,0,0.000002
2000,2,8,1,17416.76545,19.28089888,15.4247191,19.28089888,206.4606742,0,0,0,4635.519663,0,0,0,0.712
2000,2,9,1,23363.25101,21.45425101,17.16340081,21.45425101,213.2793522,0,0,0,4424.696356,0,0,0,0.247
2000,3,1,1,14088.85949,30.78638692,24.62910954,30.78638692,131.5257585,0,0,0,2772.276891,0,0,0,2.0304
2000,3,2,1,15368.91921,33.41377483,26.73101987,33.41377483,134.3848628,0,0,0,2784.39754,0,0,0,0.5285
2000,3,3,1,21373.21437,27.81273711,22.25018969,27.81273711,150.0432623,0,0,0,3045.334255,0,0,0,0.288103
2000,3,3,2,16865,50.13310345,40.10648276,50.13310345,90,0,0,0,2913.689655,0,0,0,0.0145
2000,3,4,1,35269.50136,25.17989055,20.14391244,25.17989055,212.5339616,0,0,0,3504.841118,0,0,0,0.130103
2000,3,5,1,79378.95732,19.70837385,15.76669908,19.70837385,359.2112372,0,0,0,4025.742842,0,0,0,0.003702
2000,3,6,1,25187.5,23.96369427,19.17095541,23.96369427,154.0254777,0,0,0,3973.88535,0,0,0,0.314
2000,3,6,3,25187.5,23.96396396,19.17117117,39.9,162,0,0,0,3950,0,0,0,0.203
2000,3,6,4,45000,246.5,197.2,574.3,150,0,60,0,3700,0,0,0,0.000004
2000,3,7,1,26994.96226,22.54377358,18.03501887,22.54377358,195.4339623,0,0,0,4155.660377,0,0,0,0.265
2000,3,8,1,22097.78896,23.14025974,18.51220779,23.14025974,184.2532468,0,0,0,4135.876623,0,0,0,0.308
2000,3,9,1,25413,23.56666667,18.85333333,23.56666667,192,0,0,0,4116.666667,0,0,0,0.153
2000,3,11,1,29228.72549,24.54117647,19.63294118,24.54117647,175.9607843,0,0,0,3994.117647,0,0,0,0.051
2000,3,11,3,31940,22.88288288,18.30630631,38.1,162,0,0,0,4200,0,0,0,0.032
2000,4,1,1,19603.64536,26.64243346,21.31394677,26.64243346,170.9161597,0,0,0,3255.670025,0,0,0,1.578
2000,4,1,3,18860,25.17392194,20.13913755,41.91458003,155,0,0,0,3358.236133,0,0,0,0.1262
2000,4,2,1,17772.56125,28.97190999,23.17752799,28.97190999,159.4148099,0,0,0,3176.76854,0,0,0,0.9021
2000,4,3,1,22890.74789,26.57117008,21.25693607,26.57117008,173.3932449,0,0,0,3229.741858,0,0,0,0.0829
2000,4,4,1,39258.69246,24.11529555,19.29223644,24.11529555,230.3733496,0,0,0,3734.859029,0,0,0,0.4923
2000,4,4,2,48495,34.9,27.92,34.9,174,0,0,0,3691,0,0,0,0.000004
2000,4,5,1,91984.2637,21.69860446,17.35888357,21.69860446,310.289523,0,0,0,4089.718809,0,0,0,0.004801
2000,4,6,1,18575,17.56595745,14.05276596,17.56595745,215.5319149,0,0,0,4508.510638,0,0,0,0.047
2000,4,6,11,20575,20.70207021,16.56165617,138,200,0,0,0,5400,0,0,0,0.000005
2000,4,7,1,21753.60577,18.66923077,14.93538462,18.66923077,215.4807692,0,0,0,4906.730769,0,0,0,0.052
2000,4,7,11,23340,15.03150315,12.02520252,100.2,200,0,0,0,5700,0,0,0,0.000003
2000,4,8,1,23570,18.04242424,14.43393939,18.04242424,226.3636364,0,0,0,4779.242424,0,0,0,0.066
2000,4,11,1,34035,17.76666667,14.21333333,17.76666667,216.6666667,0,0,0,5200,0,0,0,0.003
2000,5,1,1,25349.2817,25.54479697,20.43583757,25.54479697,203.532431,0,0,0,3602.9268,0,0,0,0.9235
2000,5,1,11,24610,20.70207021,16.56165617,138,175,0,0,0,4297,0,0,0,0.0004
2000,5,2,1,27700,28.1,22.48,28.1,210,0,0,0,3450,0,0,0,0.0955
2000,5,4,1,40877.04994,24.11028699,19.28822959,24.11028699,270.9891912,0,0,0,3958.074916,0,0,0,0.2683
2000,5,5,1,75321.66219,22.11095339,17.68876271,22.11095339,289.0729906,0,0,0,4190.227316,0,0,0,0.041704
2000,5,6,1,19455.98958,18.071875,14.4575,18.071875,214.7118056,0,0,0,4303.298611,0,0,0,0.288
2000,5,7,1,25803.59507,20.03602771,16.02882217,20.03602771,193.8683603,0,0,0,4153.810624,0,0,0,0.433
2000,5,8,1,24465.97664,22.16962617,17.73570093,22.16962617,176.8971963,0,0,0,3974.845794,0,0,0,0.428
2000,5,9,1,24870.53784,21.90216216,17.52172973,21.90216216,174.8324324,0,0,0,3796.283784,0,0,0,0.37
2000,6,1,1,27947,22.7,18.16,22.7,253,0,0,0,2823,0,0,0,0.0026
2000,6,2,1,23176.24424,31.05898618,24.84718894,31.05898618,148.4608295,0,0,0,2307.774194,0,0,0,0.0217
2000,6,2,16,20495,76.3,61.04,76.3,67,0,0,0,1887,0,0,0,0.0022
2000,6,4,1,40619.86325,24.57452991,19.65962393,24.57452991,282.0940171,0,0,0,3080.888034,0,0,0,0.117
2000,6,4,4,33995,57.5,46,133.975,100,0,70,0,2325,0,0,0,0.000004
2000,6,5,1,92714.17404,20.22033833,16.17627067,20.22033833,333.908753,0,0,0,3902.517621,0,0,0,0.007803
2000,6,8,1,27016.375,18.02740385,14.42192308,18.02740385,233.7740385,0,0,0,5269.25,0,0,0,0.208
2000,6,11,1,38862.92915,17.55080972,14.04064777,17.55080972,247.8987854,0,0,0,5317.91498,0,0,0,0.494
2000,7,6,1,19955,20.56948052,16.45558442,20.56948052,189.5779221,0,0,0,3432.142857,0,0,0,0.154
2000,7,9,1,21313.07925,23.51037464,18.80829971,23.51037464,157.7377522,0,0,0,3653.89049,0,0,0,0.347
2000,7,11,1,30820.33861,20.17848101,16.14278481,20.17848101,207.0189873,0,0,0,3976.898734,0,0,0,0.316
2000,8,11,1,49970,17.5,14,17.5,282,0,0,0,4950,0,0,0,0.006
2001,1,1,1,18507,27.07721519,22.01377595,27.07721519,178.4599156,0,0,361.0259256,3218.565401,0,0,0,0.0237
2001,1,3,1,27560,25.06470588,20.37760588,25.06470588,197.8970588,0,0,338.2682576,3639.107843,0,0,0,0.0204
2001,1,4,1,33946.37066,26.67335907,21.68544093,26.67335907,200.7413127,0,0,354.0085765,3289.702703,0,0,0,0.0259
2001,1,5,1,87115.62016,22.42945736,18.23514884,22.42945736,316.124031,0,0,333.0540842,3530.116279,0,0,0,0.0129
2001,1,6,1,14315,19.00201511,15.73366851,19.00201511,202.7802267,0,0,377.6080443,4275.094458,0,0,0,0.1588
2001,1,7,1,15126.30419,21.62316956,17.90398439,21.62316956,182.3482659,0,0,409.5751457,3750.066233,0,0,0,0.4152
2001,1,7,3,12400,21.6,17.8848,35.964,143,0,0,357.696,3450,0,0,0,0.0301
2001,1,8,1,13306.34628,21.7992562,18.04978413,21.7992562,172.5330579,0,0,324.8961144,3762.419835,0,0,0,0.121
2001,1,8,3,13306.36026,22.66582969,18.76730699,37.73860644,118,0,0,337.8115258,3236.593886,0,0,0,0.0916
2001,1,9,1,12321.52395,22.88458084,18.94843293,22.88458084,151.6796407,0,0,367.9487844,3638.903443,0,0,0,0.1336
2001,1,9,3,12785,21.7,17.9676,36.1305,143,0,0,350.3682,3450,0,0,0,0.0018
2001,1,11,4,52720,107,88.596,200,90,0,74,74,4700,0,0,0,0.0001
2001,2,1,1,15893.9334,29.84130233,24.26097879,29.84130233,175.8775814,0,0,350.8614594,2948.044279,0,0,0,0.5375
2001,2,2,1,18706.6738,32.69251337,26.57901337,32.69251337,139.5593583,0,0,391.3542187,2762.595722,0,0,0,0.0935
2001,2,3,1,17294.21245,30.24188034,24.58664872,30.24188034,126.4407814,0,0,353.679122,2867.052503,0,0,0,0.0819
2001,2,3,2,16425,49.04931507,39.87709315,49.04931507,90,0,0,578.2178507,2853.986301,0,0,0,0.0073
2001,2,4,1,41894.83051,24.98135593,20.30984237,24.98135593,258.7683616,0,0,338.1010698,3481.581921,0,0,0,0.0177
2001,2,5,1,142946.7742,19.57634409,15.91556774,19.57634409,351.7096774,0,0,340.9825155,4230.430108,0,0,0,0.00093
2001,2,6,1,15820,17.04689847,14.11483193,17.04689847,228.0264256,0,0,494.0191177,4945.062587,0,0,0,0.3595
2001,2,7,1,17520,18.69149667,15.47655924,18.69149667,250.6332403,0,0,464.2967773,4751.911102,0,0,0,0.4657
2001,2,7,11,17520,15.22516083,12.60643317,106.5,230,0,0,200,5200,0,0,0,0.0007
2001,2,8,1,18747.17532,19.25499093,15.94313249,19.25499093,207.1842105,0,0,542.0665045,4706.090018,0,0,0,0.551
2001,3,1,1,13680.83875,31.12630264,25.30568405,31.12630264,132.2127491,0,0,342.3250386,2755.752575,0,0,0,1.6409
2001,3,2,1,14764.17056,34.80950369,28.3001265,34.80950369,124.2656896,0,0,397.6364682,2754.787808,0,0,0,1.1122
2001,3,2,11,18155,40.32880049,32.7873148,198.7,99,0,0,175,3325,0,0,0,0.0001
2001,3,2,16,20450,57.6,46.8288,57.6,81,0,0,557.26272,2825,0,0,0,0.0149
2001,3,3,1,21872.19655,28.15670935,22.8914047,28.15670935,160.6664811,0,0,362.3690721,3121.668987,0,0,0,0.3592
2001,3,3,2,16807.78146,49.63377483,40.35225894,49.63377483,90,0,0,585.1077546,2914.324503,0,0,0,0.0151
2001,3,4,1,34474.10518,25.04481947,20.36143823,25.04481947,196.7731554,0,0,366.2591355,3525.359498,0,0,0,0.1274
2001,3,5,1,102460.2308,20.09538462,16.33754769,20.09538462,336.6923077,0,0,358.5957886,3976.276923,0,0,0,0.0065
2001,3,6,1,20664.61768,23.6102284,19.54926912,23.6102284,190.3227408,0,0,390.9853823,4297.318769,0,0,0,0.2014
2001,3,6,3,19800,23.5,19.458,39.1275,180,0,0,389.16,4200,0,0,0,0.1982
2001,3,7,1,22563.39818,23.27331986,19.27030884,23.27331986,197.2410308,0,0,490.9765534,4166.649823,0,0,0,0.1979
2001,3,8,1,22960.0754,24.00032963,19.87227293,24.00032963,182.6205192,0,0,508.9127155,4040.987227,0,0,0,0.2427
2001,3,9,1,21982.89802,22.92464589,18.9816068,22.92464589,165.8696884,0,0,364.0413416,3814.730878,0,0,0,0.0706
2001,4,1,1,19079.05889,27.11711204,22.04621209,27.11711204,174.290418,0,0,367.0503916,3280.197652,0,0,0,1.0478
2001,4,1,3,19785,24.8,20.1624,41.292,210,0,0,362.9232,3586,0,0,0,0.0055
2001,4,2,1,18927.11278,28.67719524,23.31455973,28.67719524,160.387116,0,0,413.1502232,3224.65441,0,0,0,1.009
2001,4,3,1,22702.85714,26.53291925,21.57126335,26.53291925,173.6128364,0,0,355.7510251,3290.045549,0,0,0,0.0966
2001,4,4,1,38460.34229,24.2073913,19.68060913,24.2073913,210.2998024,0,0,387.1561432,3764.328656,0,0,0,0.506
2001,4,4,2,48495,34.9,28.3737,34.9,174,0,0,598.68507,3691,0,0,0,0.00004
2001,4,5,1,211752.6316,15.11578947,12.28913684,15.11578947,391.7894737,0,0,324.4332126,5586.315789,0,0,0,0.00038
2001,4,6,1,19350,17.44454277,14.44408142,17.44454277,212.2861357,0,0,503.6728885,4685.250737,0,0,0,0.0339
2001,4,6,11,19350,15.14653324,12.54132952,105.95,200,0,0,200,5450,0,0,0,0.0002
2001,4,7,1,23310,18.60131234,15.40188661,18.60131234,211.4724409,0,0,539.0660315,5038.582677,0,0,0,0.0381
2001,4,8,1,21437.53503,18.33970276,15.18527389,18.33970276,220.7324841,0,0,470.7434904,4825.048832,0,0,0,0.0471
2001,5,1,1,21731.5649,25.64887544,20.85253573,25.64887544,194.0280383,0,0,371.3367373,3546.229047,0,0,0,0.9915
2001,5,1,3,18860,24.73289256,20.10784165,41.18026612,155,0,0,361.9411498,3365.145455,0,0,0,0.0605
2001,5,1,11,22620,23.5,19.1055,115.8,175,0,0,173,4297,0,0,0,0.0005
2001,5,2,1,26325,27.8,22.6014,27.8,157,0,0,418.1259,3450,0,0,0,0.0786
2001,5,4,1,41566.23392,24.08492765,19.58104618,24.08492765,242.3484727,0,0,377.6079962,3950.026929,0,0,0,0.2488
2001,5,5,1,73565.5672,22.4852651,18.28052053,22.4852651,292.4167694,0,0,426.1074548,4252.305795,0,0,0,0.03244
2001,5,6,1,15350,19.93933934,16.50977297,19.93933934,170.1921922,0,0,338.4503459,3513.813814,0,0,0,0.0666
2001,5,7,1,21754.34581,20.16074863,16.69309986,20.16074863,211.8770604,0,0,321.1637415,4122.90522,0,0,0,0.2912
2001,5,7,3,21415,21.09126214,17.46356505,35.11695146,207,0,0,366.734866,3969.417476,0,0,0,0.0103
2001,5,8,1,19727.52214,21.97889873,18.19852815,21.97889873,177.8005391,0,0,340.4819788,3946.813631,0,0,0,0.2597
2001,6,2,1,22300.04032,29.8233871,24.24641371,29.8233871,141.1612903,0,0,307.9294541,2391.717742,0,0,0,0.0248
2001,6,2,16,19320,74.03902439,60.19372683,74.03902439,67,0,0,638.0535044,1887,0,0,0,0.0041
2001,6,4,1,41051.81869,25.45101351,20.69167399,25.45101351,264.4515766,0,0,337.3396098,3054.89527,0,0,0,0.0888
2001,6,5,1,93130.60606,19.09545455,15.52460455,19.09545455,360.2121212,0,0,325.2553086,3809.984848,0,0,0,0.0066
2001,6,6,1,27070,17.18633721,14.23028721,17.18633721,232.8125,0,0,355.7571802,4820.094477,0,0,0,0.1376
2001,6,7,1,30535,17.59616705,14.56962632,17.59616705,248.9954233,0,0,437.0887895,5303.832952,0,0,0,0.1748
2001,6,8,1,27422.5288,17.58911163,14.56378443,17.58911163,233.9428149,0,0,435.6323168,5340.219456,0,0,0,0.4739
2001,6,11,1,40096.23661,18.05813048,14.95213204,18.05813048,241.6183057,0,0,352.6451033,5277.896787,0,0,0,0.1027
2001,7,6,1,21776.08884,21.41882829,17.73478982,21.41882829,183.4544228,0,0,324.1007736,3598.920794,0,0,0,0.5189
2001,7,7,1,18160,23.92424042,19.80927107,23.92424042,195.0911493,0,0,303.0818474,3375.363276,0,0,0,0.1514
2001,7,8,1,19817.34375,25.7328125,21.30676875,25.7328125,96.515625,0,0,378.9753413,3507.03125,0,0,0,0.064
2001,7,9,1,22116.5798,21.18367409,17.54008215,21.18367409,189.2490082,0,0,336.5570994,3929.707049,0,0,0,0.3277
2001,7,11,1,33977.94118,20.90726644,17.31121661,20.90726644,215.2889273,0,0,365.2666704,4103.546713,0,0,0,0.0578
2001,8,9,1,31817,18.20869565,15.0768,18.20869565,200,0,0,358.82784,4700,0,0,0,0.0115
2002,1,3,1,22460.23466,29.87889221,23.90311377,29.87889221,165.0666951,0,0,351.194899,3128.891442,0,0,0,0.035115
2002,1,4,1,54087.61653,23.9313806,19.14510448,23.9313806,281.6732251,0,0,350.2806273,3792.767449,0,0,0,0.045031
2002,1,5,1,76186.69014,22.76374961,18.21099969,22.76374961,330.1552426,0,0,321.1275127,3406.349296,0,0,0,0.015975
2002,1,6,1,15395,19.28653865,15.73781554,19.28653865,205.0939148,0,0,377.7075729,4294.613669,0,0,0,0.145238
2002,1,7,1,12725,22.82486673,18.62509125,22.82486673,168.148364,0,0,372.501825,3520.350037,0,0,0,0.216663
2002,1,7,3,12725,22.4,18.2784,37.1,143,0,0,365.568,3575,0,0,0,0.021895
2002,1,8,1,14330.07633,22.6846387,18.51066518,22.6846387,154.047133,0,0,333.1919732,3652.943198,0,0,0,0.178813
2002,1,9,1,13343.96375,22.74249208,18.55787354,22.74249208,161.3791671,0,0,360.3991804,3690.641789,0,0,0,0.112428
2002,1,9,3,13365,22,17.952,36.8,143,0,0,350.064,3450,0,0,0,0.000811
2002,2,1,1,16185.74872,28.91691265,23.13353012,28.91691265,189.7054521,0,0,335.5996709,2987.152667,0,0,0,0.378149
2002,2,2,1,19588.08795,30.38054492,24.30443594,30.38054492,148.5197193,0,0,359.1909661,2765.733203,0,0,0,0.137378
2002,2,3,1,20820.74913,29.24845367,23.39876293,29.24845367,148.3808556,0,0,354.0037509,3048.377614,0,0,0,0.090084
2002,2,3,2,16450,47.67606376,38.14085101,47.67606376,90,0,0,553.0423396,2917.760638,0,0,0,0.007779
2002,2,4,1,48891.98929,23.96922458,19.17537966,23.96922458,278.7041277,0,0,315.7734484,3389.80531,0,0,0,0.016159
2002,2,5,1,115606.0841,18.3727667,14.69821336,18.3727667,359.2844753,0,0,319.5450477,4045.573287,0,0,0,0.001153
2002,2,6,1,17670,17.45159141,14.24049859,17.45159141,236.0117803,0,0,498.4174506,5027.512147,0,0,0,0.287513
2002,2,7,1,18795,19.27561644,15.72890302,19.27561644,236.2049751,0,0,471.8670906,4809.398016,0,0,0,0.500329
2002,2,7,11,18795,15.08291276,12.30765681,104.6,230,0,0,180,5200,0,0,0,0.000473
2002,2,8,1,20558.13529,18.81702,15.35468832,18.81702,205.9779969,0,0,519.6620613,4935.701327,0,0,0,0.665135
2002,3,1,1,14488.01311,31.28435925,25.0274874,31.28435925,134.0789249,0,0,340.7259486,2792.190213,0,0,0,1.762588
2002,3,1,9,14400,30.2,24.16,30.2,115,0,0,340.656,3040,0,0,0,0.001483
2002,3,2,1,14549.41923,35.27519942,28.22015954,35.27519942,134.3960929,0,0,391.6196106,2722.647387,0,0,0,0.913253
2002,3,2,11,13250,30.71,24.568,248.6,100,0,0,170,2701,0,0,0,0.000711
2002,3,2,16,20480,57.6,46.08,57.6,70,0,0,543.744,2825,0,0,0,0.022737
2002,3,3,1,22331.8558,28.15850877,22.52680702,28.15850877,160.1227842,0,0,359.6355039,3240.488097,0,0,0,0.328373
2002,3,3,2,17051.86907,48.32572577,38.66058061,48.32572577,90,0,0,560.5784189,3015.821247,0,0,0,0.025387
2002,3,4,1,33879.7498,24.71306959,19.77045567,24.71306959,215.9014035,0,0,347.3434855,3561.895388,0,0,0,0.105734
2002,3,5,1,85994.04317,20.37020896,16.29616717,20.37020896,341.3247182,0,0,358.4259852,4095.936074,0,0,0,0.007274
2002,3,6,1,20152.22295,24.38095601,19.89486011,24.38095601,198.2493928,0,0,397.8972021,4281.488665,0,0,0,0.14822
2002,3,6,3,18932.03516,24.26879248,19.80333466,40.40753948,180,0,0,396.0666933,4200,0,0,0,0.265761
2002,3,7,1,20803.49707,22.82361909,18.62407318,22.82361909,196.6537494,0,0,472.1569138,4159.262139,0,0,0,0.164638
2002,3,8,1,23178.70964,23.81774139,19.43527697,23.81774139,182.6716006,0,0,498.7759881,4100.258318,0,0,0,0.217948
2002,3,9,1,22124.56526,23.1978711,18.92946282,23.1978711,170,0,0,376.4870111,3814.120205,0,0,0,0.046221
2002,4,1,1,19496.50843,27.41374509,21.93099608,27.41374509,175.0849727,0,0,366.0358575,3276.217734,0,0,0,1.154441
2002,4,2,1,18999.87937,29.01146481,23.20917185,29.01146481,181.4268656,0,0,421.1041922,3213.845425,0,0,0,1.271892
2002,4,3,1,22772.88556,28.2420426,22.59363408,28.2420426,176.081351,0,0,371.4889831,3308.291953,0,0,0,0.086096
2002,4,4,1,38681.07751,24.63329716,19.70663773,24.63329716,233.6832907,0,0,384.8565316,3755.476199,0,0,0,0.409167
2002,4,5,1,143704.4461,17.36858877,13.89487102,17.36858877,380.7830046,0,0,345.5764006,4876.069803,0,0,0,0.000659
2002,4,6,1,19580,16.52368071,13.48332346,16.52368071,216.7393372,0,0,470.3263458,4619.04463,0,0,0,0.026283
2002,4,6,11,19580,15.33928571,12.51685714,106.35,200,0,0,200,5387.5,0,0,0,0.000152
2002,4,7,1,21880,18.74255178,15.29392225,18.74255178,213.8169235,0,0,535.2872789,4913.090213,0,0,0,0.040748
2002,4,8,1,22948,18.19908295,14.85045168,18.19908295,221.2687061,0,0,460.3640022,4795.666165,0,0,0,0.043836
2002,5,1,1,22322.3203,26.49311958,21.19449566,26.49311958,196.2454392,0,0,377.0696852,3538.967474,0,0,0,0.954273
2002,5,1,3,19260,26.62231823,21.29785459,44.32615986,155,0,0,383.3613826,3384.53801,0,0,0,0.052183
2002,5,1,11,23435,23.5,18.8,136.5,175,0,0,173,4297,0,0,0,0.000632
2002,5,2,1,26330,28.4,22.72,28.4,210,0,0,420.32,3450,0,0,0,0.067772
2002,5,4,1,43977.77435,23.73173477,18.98538782,23.73173477,265.9017856,0,0,375.3606225,3985.093991,0,0,0,0.174282
2002,5,5,1,74214.58161,21.9087145,17.5269716,21.9087145,290.8153761,0,0,408.3760358,4206.935881,0,0,0,0.028837
2002,5,6,1,15815,19.54771426,15.95093484,19.54771426,174.2186585,0,0,303.067762,3536.299467,0,0,0,0.066565
2002,5,7,1,21765,19.65275626,16.0366491,19.65275626,214.2043519,0,0,352.7417467,4329.802971,0,0,0,0.542711
2002,5,7,3,21765,20.24350104,16.51869685,33.58700209,208.2175052,0,0,371.6706792,4200,0,0,0,0.067557
2002,5,8,1,18624.72792,23.23824902,18.9624112,23.23824902,167.882908,0,0,343.4031429,3686.714569,0,0,0,0.159191
2002,6,2,1,26015.82895,28.77159845,23.01727876,28.77159845,175.3055171,0,0,296.0155603,2549.215397,0,0,0,0.028928
2002,6,2,16,19520,69.22617149,55.38093719,69.22617149,67,0,0,587.0379342,1887,0,0,0,0.002006
2002,6,3,1,31865.05046,27.15343193,21.72274554,27.15343193,199.1478034,0,0,322.5734131,3101.220618,0,0,0,0.011495
2002,6,4,1,39669.59688,24.02670622,19.22136498,24.02670622,287.7565246,0,0,340.9814674,3350.011175,0,0,0,0.082419
2002,6,5,1,101116.0962,18.77817267,15.02253814,18.77817267,368.5902304,0,0,313.8204051,3768.321324,0,0,0,0.006162
2002,6,6,1,25475,18.17047179,14.82710498,18.17047179,236.3630049,0,0,370.6776245,4796.768807,0,0,0,0.112296
2002,6,7,1,30244.69215,18.34803032,14.97199274,18.34803032,238.2022021,0,0,398.8188787,4956.722764,0,0,0,0.167565
2002,6,7,3,29330,19.73717026,16.10553094,32.97256964,208.0088545,0,0,362.374446,4450,0,0,0,0.005421
2002,6,8,1,31267.72962,19.23676404,15.69719946,19.23676404,236.0153285,0,0,411.0877722,5078.487791,0,0,0,0.916526
2002,6,11,1,47870.88636,17.42556825,14.21926369,17.42556825,249.1508458,0,0,364.3251742,5268.565076,0,0,0,0.149318
2002,7,6,1,19897.21487,21.93810243,17.90149158,21.93810243,195.6833589,0,0,313.3836594,3759.958673,0,0,0,0.742042
2002,7,7,1,18775,28.35544135,23.13804015,28.35544135,130,0,0,370.2086423,3121.534915,0,0,0,0.006616
2002,7,8,1,22588.33295,25.0060675,20.40495108,25.0060675,228.0877366,0,0,353.1728896,3901.304244,0,0,0,0.130037
2002,7,9,1,21543.01911,21.16831649,17.27334625,21.16831649,193.1543422,0,0,330.3973932,3950.175486,0,0,0,0.267827
2002,7,10,1,25600,21.6,17.6256,21.6,175,0,0,274.95936,4950,0,0,0,0.016268
2002,7,11,1,32408.73882,22.76150595,18.57338885,22.76150595,215.6961111,0,0,391.8985048,3998.700502,0,0,0,0.036668
2002,8,9,1,32247,18.99556591,15.50038178,18.99556591,200,0,0,368.9090864,4700,0,0,0,0.027266
2003,1,1,1,18717,27.23157959,21.81249525,27.23157959,175.7975949,0,0,357.7249221,3319.109044,0,0,0,0.024614
2003,1,3,1,18546.81818,31.23981344,25.02309057,31.23981344,141.1801073,0,0,349.8270617,2918.74629,0,0,0,0.060786
2003,1,4,1,48704.71321,23.82742085,19.0857641,23.82742085,273.4129617,0,0,329.7529887,3746.594562,0,0,0,0.040936
2003,1,5,1,79019.35724,22.73566354,18.2112665,22.73566354,339.323156,0,0,322.6598945,3549.586684,0,0,0,0.013232
2003,1,6,1,16880,19.91591922,15.95265129,19.91591922,201.4221531,0,0,350.9583285,4375.667369,0,0,0,0.110621
2003,1,7,1,15851.07443,22.45073676,17.98304014,22.45073676,183.4443712,0,0,369.917774,3723.598825,0,0,0,0.236712
2003,1,7,3,13620,21.8,17.4618,37,143,0,0,349.236,3700,0,0,0,0.051479
2003,1,8,1,14895,23.18943079,18.57473406,23.18943079,158.2774363,0,0,334.3452131,3620.953835,0,0,0,0.201084
2003,1,9,1,18024.34112,23.36105948,18.71220864,23.36105948,165.6645616,0,0,359.5530227,3687.323131,0,0,0,0.083607
2003,1,9,3,13740,21.8,17.4618,37,154,0,0,323.0433,3575,0,0,0,0.004107
2003,2,1,1,17618.49468,26.56708195,21.28023264,26.56708195,196.1759106,0,0,327.5788267,3156.18194,0,0,0,0.274992
2003,2,2,1,18878.6694,31.27425703,25.05067988,31.27425703,177.9269142,0,0,363.828774,2862.796535,0,0,0,0.071806
2003,2,3,1,20842.72723,29.30936347,23.47680014,29.30936347,160.6533525,0,0,365.4754772,3103.987426,0,0,0,0.061238
2003,2,3,2,16525,49.50383758,39.6525739,49.50383758,90,0,0,574.9623216,2935.435504,0,0,0,0.004039
2003,2,4,1,45579.75208,23.39922061,18.74277571,23.39922061,289.9698634,0,0,308.7505573,3495.276499,0,0,0,0.013472
2003,2,5,1,94862.79469,18.85755479,15.10490138,18.85755479,363.3690888,0,0,325.434576,3901.960784,0,0,0,0.000867
2003,2,6,1,18895,17.73166751,14.20306567,17.73166751,260.4121054,0,0,497.1072985,5230.753677,0,0,0,0.286104
2003,2,7,1,19455,19.16069512,15.34771679,19.16069512,236.2682222,0,0,383.6929197,4715.738939,0,0,0,0.490392
2003,2,7,10,19455,15.86415663,12.70718946,27.55095382,260,0,0,317.6797364,5313.202811,0,0,0,0.001992
2003,2,7,11,19455,16.420186,13.15256899,107.7,230,0,0,250,5200,0,0,0,0.000513
2003,2,8,1,20886.12045,19.05712777,15.26475935,19.05712777,269.2314782,0,0,526.5517776,4884.033084,0,0,0,0.65639
2003,2,8,3,19165.83479,18.38824974,14.72898804,30.63237461,285,0,0,500.7855933,4755.349702,0,0,0,0.002851
2003,2,11,1,42620,19.9,15.9399,19.9,285,0,0,398.4975,4700,0,0,0,0.003223
2003,3,1,1,14863.47212,31.67759347,25.37375237,31.67759347,143.0933065,0,0,348.8747923,2815.168255,0,0,0,1.630261
2003,3,1,3,18855,27.60072159,22.10817799,45.9,200,0,0,360.3633013,3443,0,0,0,0.009566
2003,3,1,9,14595,32.2,25.7922,32.2,115,0,0,361.0908,3060,0,0,0,0.000313
2003,3,2,1,15128.21478,35.68184357,28.5811567,35.68184357,135.821879,0,0,394.1494101,2737.181301,0,0,0,0.897379
2003,3,2,11,13270,30.71,25.22,248.7,100,0,0,170,2729,0,0,0,0.000452
2003,3,2,16,15418.02319,56.69197983,45.41027584,56.69197983,80.53115842,0,0,581.546567,2714.303008,0,0,0,0.046408
2003,3,3,1,23148.56909,28.25971465,22.63603144,28.25971465,166.7807239,0,0,364.8621333,3260.912478,0,0,0,0.408558
2003,3,3,2,17389.76176,50.39309588,40.3648698,50.39309588,90,0,0,585.2906121,3002.914345,0,0,0,0.025521
2003,3,3,3,25615,25.79675286,20.66319904,42.9,215,0,0,338.8764642,3452.469695,0,0,0,0.007507
2003,3,4,1,36205.36524,24.62106999,19.72147706,24.62106999,226.3896572,0,0,356.6275387,3661.392935,0,0,0,0.099141
2003,3,5,1,71488.52756,18.59417323,14.89393276,18.59417323,394.0409449,0,0,275.6862374,4026.513386,0,0,0,0.001905
2003,3,6,1,20698.57377,24.85904028,19.91209127,24.85904028,199.1507934,0,0,398.2418253,4224.700936,0,0,0,0.184325
2003,3,6,3,20556.75726,25.16061051,20.15364901,41.16485471,180,0,0,403.0729803,4009.847374,0,0,0,0.208614
2003,3,7,1,21360,23.20883148,18.59027401,23.20883148,200,0,0,483.3471244,4194.480326,0,0,0,0.148016
2003,3,8,1,23186.84367,24.06273226,19.27424854,24.06273226,186.9179904,0,0,493.5335084,4075.839087,0,0,0,0.219584
2003,3,9,1,23120,23.8,19.0638,23.8,200,0,0,352.6803,3700,0,0,0,0.033563
2003,4,1,1,20195.22078,27.77397835,22.24695666,27.77397835,180.6036665,0,0,382.0133004,3261.798721,0,0,0,1.286033
2003,4,1,3,19269.15544,27.08431754,21.69453835,45.04122007,188.8098373,0,0,360.4647501,3275.815383,0,0,0,0.019294
2003,4,2,1,18583.03192,30.51156478,24.43976339,30.51156478,180.3114517,0,0,422.4465082,3222.487526,0,0,0,1.054417
2003,4,3,1,22723.97823,28.16492681,22.56010638,28.16492681,175.4875511,0,0,476.0182445,3345.809347,0,0,0,0.097077
2003,4,4,1,39200.67871,25.24765356,20.2233705,25.24765356,238.1491585,0,0,392.3610443,3694.188158,0,0,0,0.289055
2003,4,5,1,88331.83424,20.25206522,16.22190424,20.25206522,435.2771739,0,0,360.6470808,4270.958696,0,0,0,0.00184
2003,4,6,1,20460,17.52245972,14.03549024,17.52245972,218.4246186,0,0,491.2421583,4612.366184,0,0,0,0.028117
2003,4,6,11,20460,16.32870864,13.07929562,107.1,200,0,0,250,5200,0,0,0,0.000114
2003,4,7,1,22420,18.68190502,14.96420592,18.68190502,214.1716168,0,0,523.7472073,4889.225913,0,0,0,0.03643
2003,4,8,1,23592.83808,19.30531214,15.46355502,19.30531214,257.0556745,0,0,479.2889315,5276.754036,0,0,0,0.048568
2003,5,1,1,22419.93165,26.66266041,21.35679099,26.66266041,195.2868221,0,0,381.4484157,3562.793219,0,0,0,0.868542
2003,5,1,3,19830,25.6819683,20.57125661,42.56844453,157,0,0,370.282619,3330.634906,0,0,0,0.087446
2003,5,1,11,24170,23.5,18.8235,115.8,175,0,0,173,4450,0,0,0,0.000463
2003,5,2,1,26330,28.4,22.7484,28.4,210,0,0,420.8454,3450,0,0,0,0.068872
2003,5,4,1,43033.24552,24.27276358,19.44248362,24.27276358,263.7301841,0,0,371.1290785,4109.452577,0,0,0,0.204836
2003,5,5,1,72313.79063,22.38557486,17.93084546,22.38557486,320.8852343,0,0,418.7644128,4412.406034,0,0,0,0.04375
2003,5,6,1,16400,19.09169072,15.29244427,19.09169072,186.2619603,0,0,282.9102189,3668.788384,0,0,0,0.065132
2003,5,8,1,18873.50737,23.32643592,18.68447518,23.32643592,165.0026986,0,0,335.238057,3564.680137,0,0,0,0.101903
2003,6,1,1,26809,25.56913405,20.48087637,25.56913405,283,0,0,409.6175275,3235,0,0,0,0.039448
2003,6,2,1,22988.89144,30.39893021,24.3495431,30.39893021,140.820626,0,0,309.2391973,2413.144563,0,0,0,0.017667
2003,6,2,16,19540,69.29139466,55.50240712,69.29139466,67,0,0,588.3255155,1937.421365,0,0,0,0.001011
2003,6,4,1,38877.65742,25.49409335,20.42076877,25.49409335,266.133332,0,0,334.064176,3216.848881,0,0,0,0.096586
2003,6,5,1,93725.46923,20.64139954,16.53376103,20.64139954,349.1531099,0,0,347.3125915,3976.600383,0,0,0,0.024551
2003,6,6,1,25542.95949,20.11807848,16.11458086,20.11807848,230.7819076,0,0,372.9296186,4461.309487,0,0,0,0.143751
2003,6,7,1,29807.64838,17.73977127,14.20955678,17.73977127,253.3936126,0,0,369.6337238,5311.32851,0,0,0,0.345116
2003,6,7,3,22816.20411,19.66459297,15.75133897,33.24216642,207,0,0,354.4051267,4466.033104,0,0,0,0.272717
2003,6,8,1,29883.87879,19.26751185,15.43327699,19.26751185,280.0258887,0,0,386.3004346,4929.148957,0,0,0,0.603931
2003,6,8,3,35806.09404,18.32481014,14.67817292,30.58844291,285,0,0,445.4572814,5598.037709,0,0,0,0.346177
2003,6,9,1,18527,25.3,20.2653,25.3,140,0,0,318.16521,3450,0,0,0,0.015492
2003,6,10,1,34995,16,12.816,16,217,0,0,237.096,5200,0,0,0,0.023018
2003,6,11,1,49579.04611,17.21008286,13.78527637,17.21008286,289.0068047,0,0,360.0742448,5432.344001,0,0,0,0.129616
2003,7,6,1,20451.41311,22.78051354,18.24719134,22.78051354,193.994134,0,0,329.4266085,3866.892583,0,0,0,0.390897
2003,7,7,1,19841.98926,23.69964342,18.98341438,23.69964342,202.5525871,0,0,306.0201881,3498.221198,0,0,0,0.18341
2003,7,8,1,20370.3795,25.93253643,20.77196168,25.93253643,165.1080443,0,0,345.4802666,3700.98784,0,0,0,0.206258
2003,7,9,1,22676.60896,22.96641751,18.39610042,22.96641751,202.3160425,0,0,362.9580759,3892.60235,0,0,0,0.268369
2003,7,10,1,27003.06628,23.0408142,18.45569217,23.0408142,189.802453,0,0,365.8636271,3754.57333,0,0,0,0.01916
2003,7,11,1,37537.6387,20.79236145,16.65468152,20.79236145,273.8739759,0,0,396.3814201,4238.975904,0,0,0,0.0332
2003,8,9,1,32402,19.13410475,15.3264179,19.13410475,215,0,0,364.7687461,4700,0,0,0,0.012315
2003,8,10,1,33975,21.04500161,16.85704629,21.04500161,248.7911964,0,0,320.2838795,4692.703966,0,0,0,0.012404
2003,8,11,1,55900,18.00516836,14.42213986,18.00516836,374.3539546,0,0,377.8600643,5200,0,0,0,0.001277
2004,1,1,1,18892,27.26865248,21.81492199,27.26865248,180.0047281,0,0,357.7647206,3323.22695,0,0,0,0.006345
2004,1,3,1,20145.30246,30.02660261,24.02128209,30.02660261,152.4810731,0,0,345.3264075,3074.251509,0,0,0,0.076188
2004,1,4,1,54752.36582,23.36474453,18.69179563,23.36474453,292.4719971,0,0,345.1333048,3787.588369,0,0,0,0.016284
2004,1,5,1,84450.22994,22.78150576,18.22520461,22.78150576,341.8152563,0,0,316.5290163,3707.034764,0,0,0,0.010068
2004,1,6,1,17630,20.06115832,16.24351989,20.06115832,220.2764761,0,0,373.38791,4463.157546,0,0,0,0.113319
2004,1,7,1,14385,22.70705006,18.38589843,22.70705006,173.1673389,0,0,358.5250194,3520.385389,0,0,0,0.172566
2004,1,7,3,23690,20.32001629,16.45311719,33.7600256,210,0,0,370.1951367,4299.994183,0,0,0,0.060166
2004,1,8,1,17146.46306,23.6060716,19.11383617,23.6060716,208.6315846,0,0,359.2970287,3912.905606,0,0,0,0.130114
2004,1,9,1,13842.04883,23.7730186,19.24901316,23.7730186,164.6702516,0,0,402.415833,3670.291899,0,0,0,0.086845
2004,2,1,1,18387.16561,25.27114931,20.21691945,25.27114931,216.5544533,0,0,318.6087327,3258.051288,0,0,0,0.147071
2004,2,1,9,14610,32.1,25.68,32.1,115,0,0,359.52,3060,0,0,0,0.000391
2004,2,2,1,19560,27.3,21.84,27.3,225,0,0,404.04,3700,0,0,0,0.008658
2004,2,3,1,22811.48968,28.30104011,22.64083209,28.30104011,171.3854384,0,0,365.4997642,3358.527013,0,0,0,0.043553
2004,2,3,2,16905,46.76885099,37.41508079,46.76885099,100,0,0,542.5186715,3002.98833,0,0,0,0.002228
2004,2,4,1,45687.67956,21.16657459,16.93325967,21.16657459,353.4475138,0,0,285.4011492,4127.821823,0,0,0,0.001448
2004,2,5,1,87754.34607,16.54061135,13.23248908,16.54061135,381.5414847,0,0,296.8195284,3775.164847,0,0,0,0.000916
2004,2,6,1,20215,17.39317758,14.08325588,17.39317758,296.1474515,0,0,488.0339462,5155.62782,0,0,0,0.312279
2004,2,6,3,20215,15.94637053,12.91177622,26.4,240,0,0,451.9121677,5200,0,0,0,0.000923
2004,2,7,1,19920,18.66444678,15.11260256,18.66444678,268.5002838,0,0,453.3780767,5303.14018,0,0,0,0.620076
2004,2,7,10,19920,15.5875,12.62119875,26.8875,230,0,0,378.6359625,5387.5,0,0,0,0.000408
2004,2,7,11,19920,16.420186,13.29542461,107.7,230,0,0,250,5200,0,0,0,0.000881
2004,2,8,1,20872.78574,19.4881171,15.77952842,19.4881171,280.5113455,0,0,539.9224324,4799.969366,0,0,0,0.67736
2004,2,8,3,19835,19.81326531,16.04280092,29.75756433,295,0,0,545.4552312,4824.500887,0,0,0,0.004508
2004,2,8,11,19835,13,10.5261,85.1,300,0,0,250,5700,0,0,0,0.000049
2004,2,8,16,19835,21.17202381,17.14298768,21.17202381,295,0,0,582.8615811,5109.22619,0,0,0,0.000168
2004,2,9,1,23050,18.15263247,14.69818651,18.15263247,305,0,0,411.5492223,5072.806276,0,0,0,0.088776
2004,2,11,1,43574.99604,18.3800317,14.88231166,18.3800317,371.3470681,0,0,395.2452385,4755.071315,0,0,0,0.013251
2004,3,1,1,14815.34784,31.64344315,25.31475452,31.64344315,143.686062,0,0,347.5873208,2846.649052,0,0,0,1.286617
2004,3,2,1,15420.80597,35.29220366,28.23376293,35.29220366,140.5869386,0,0,392.8207123,2784.854306,0,0,0,1.015861
2004,3,2,16,13470,56.22644932,44.98115946,56.22644932,93,0,0,593.7513049,2727.772184,0,0,0,0.022821
2004,3,3,1,24237.34021,28.35690165,22.68552132,28.35690165,168.5192253,0,0,373.0956616,3276.624195,0,0,0,0.331725
2004,3,3,2,17952.31385,45.7372939,36.58983512,45.7372939,100,0,0,530.5526093,3170.227835,0,0,0,0.017043
2004,3,3,3,26020,25.60650349,20.48520279,40.06731622,187.1030577,0,0,335.9573257,3448.325016,0,0,0,0.012624
2004,3,4,1,37215.40146,23.80110885,19.04088708,23.80110885,270.3330808,0,0,342.9232273,3669.356608,0,0,0,0.072598
2004,3,5,1,121708.5762,19.41429071,15.53143256,19.41429071,380.1862334,0,0,370.679167,4509.653739,0,0,0,0.002862
2004,3,6,1,22986.07738,24.48384367,19.82456822,24.48384367,193.1115271,0,0,396.4913643,4199.358599,0,0,0,0.143436
2004,3,7,1,24460,22.4,18.13728,22.4,193,0,0,471.56928,3950,0,0,0,0.002101
2004,3,8,1,23045.22031,24.39861128,19.75555555,24.39861128,186.2975462,0,0,501.674,4036.721268,0,0,0,0.15201
2004,3,9,1,24546.89462,24.34044462,19.70845801,24.34044462,229.6397608,0,0,394.6489171,4127.030692,0,0,0,0.086276
2004,4,1,1,19656.55018,28.52334004,22.81867203,28.52334004,175.0144402,0,0,375.7385729,3286.945214,0,0,0,1.029
2004,4,1,3,19100.52641,27.5952884,22.07623072,45.89247116,199.8746812,0,0,353.3408525,3269.735722,0,0,0,0.024705
2004,4,2,1,19076.89653,29.79376453,23.83501162,29.79376453,189.3814707,0,0,433.894124,3272.239351,0,0,0,0.98169
2004,4,2,16,20510,65.8,52.64,65.8,76,0,0,626.416,2950,0,0,0,0.04797
2004,4,3,1,23850.42073,28.20036335,22.56029068,28.20036335,179.4307113,0,0,463.3637013,3374.375777,0,0,0,0.069629
2004,4,3,2,22355,36.1,28.88,36.1,134,0,0,609.368,3469.733189,0,0,0,0.003227
2004,4,4,1,35521.89613,25.42885124,20.34308099,25.42885124,246.6575956,0,0,380.1330424,3630.662185,0,0,0,0.496159
2004,4,5,1,291905.3929,16.21109399,12.96887519,16.21109399,452.2604006,0,0,342.3783051,5608.077042,0,0,0,0.000649
2004,4,7,1,23060,19.06047609,15.43326749,19.06047609,233.345219,0,0,540.1643623,5053.091101,0,0,0,0.019912
2004,4,8,1,23184.9596,19.74883658,15.99063298,19.74883658,242.2153399,0,0,495.6789196,5223.241409,0,0,0,0.037132
2004,4,8,11,23185,12.7,10.28319,83.3,300,0,0,250,5700,0,0,0,0.000135
2004,4,9,1,23060,19.3,15.62721,19.3,225,0,0,546.95235,5200,0,0,0,0.002533
2004,5,1,1,22996.04056,26.72128191,21.37702553,26.72128191,197.9154816,0,0,378.0705615,3567.351995,0,0,0,0.856878
2004,5,1,3,20320,26.06135944,20.84908755,43.43927912,157,0,0,375.2835759,3339.592168,0,0,0,0.044945
2004,5,1,11,24345,17.73136149,14.18508919,116.3,175,0,0,173,4465,0,0,0,0.000175
2004,5,2,1,26560,28.4,22.72,28.4,210,0,0,420.32,3450,0,0,0,0.050663
2004,5,4,1,45296.63395,24.00516979,19.20413583,24.00516979,257.9144857,0,0,366.8853523,4169.141663,0,0,0,0.18287
2004,5,5,1,72491.8609,22.78500155,18.22800124,22.78500155,318.7601436,0,0,427.181297,4434.016021,0,0,0,0.042071
2004,5,6,1,16880,20.69914439,16.76009722,20.69914439,186.7943927,0,0,318.4418471,3620.582281,0,0,0,0.091631
2004,5,8,1,24781.61577,21.36931393,17.30273349,21.36931393,215.3633413,0,0,343.6016428,4121.463484,0,0,0,0.102584
2004,5,9,1,25311.54724,19.21369305,15.55732726,19.21369305,227.837701,0,0,350.0398633,4596.508804,0,0,0,0.107456
2004,5,9,3,24298.47257,20.13920024,16.30671043,33.46836161,210,0,0,366.9009848,4466.459793,0,0,0,0.237746
2004,5,11,1,48080,18,14.5746,18,315,0,0,408.0888,3950,0,0,0,0.003284
2004,6,2,1,27034.54998,25.67114564,20.53691651,25.67114564,258.8814123,0,0,364.5691296,3126.535003,0,0,0,0.057409
2004,6,2,16,19540,68.60773481,54.88618785,68.60773481,71.59668508,0,0,581.7935912,1940.447514,0,0,0,0.000543
2004,6,4,1,40614.57571,25.43673606,20.34938885,25.43673606,272.6391126,0,0,341.8427646,3254.434721,0,0,0,0.0879
2004,6,5,1,95828.43892,20.00835448,16.00685879,20.00835448,341.5738183,0,0,329.1666928,3849.060098,0,0,0,0.021282
2004,6,6,1,26565,20.5,16.59885,20.5,210,0,0,448.16895,4700,0,0,0,0.005339
2004,6,8,1,31251.87321,19.81536105,16.04449784,19.81536105,284.3637423,0,0,407.9155857,5031.088118,0,0,0,0.659662
2004,6,8,3,36427.96651,18.04304743,14.6094555,30.04558695,295,0,0,428.1415134,5589.108358,0,0,0,0.298954
2004,6,9,1,30747.79336,17.55045892,14.21060659,17.55045892,273.4970716,0,0,387.6492307,5338.107335,0,0,0,0.376316
2004,6,10,1,34995,16,12.9552,16,217,0,0,318.69792,5200,0,0,0,0.015888
2004,6,11,1,53101.51273,17.10279047,13.84812944,17.10279047,301.2295555,0,0,373.2410863,5488.990178,0,0,0,0.127577
2004,7,6,1,23903.84831,22.31301165,18.06684554,22.31301165,204.3641804,0,0,348.7200641,3885.555876,0,0,0,0.640449
2004,7,7,1,19592.85548,24.10528558,19.51804973,24.10528558,199.8189547,0,0,312.9805139,3408.400232,0,0,0,0.109619
2004,7,7,16,19300,29,23.4813,29,127,0,0,375.7008,3075,0,0,0,0.001485
2004,7,8,1,21206.72128,26.10200422,21.13479282,26.10200422,165.9148774,0,0,361.4079837,3709.679362,0,0,0,0.18471
2004,7,9,1,23642.44897,22.84170855,18.49493141,22.84170855,203.7079242,0,0,399.4147725,4034.3821,0,0,0,0.415488
2004,7,10,1,29145,24.4,19.75668,24.4,208,0,0,365.49858,3950,0,0,0,0.024528
2004,7,11,1,36734.22157,20.9704602,16.97978162,20.9704602,283.8947532,0,0,372.3504548,4312.91814,0,0,0,0.061104
2004,8,9,1,29769.04023,21.64352034,17.52475842,21.64352034,247.6187878,0,0,403.9288109,4700,0,0,0,0.056824
2004,8,11,1,38019.03529,20.60839819,16.68662001,20.60839819,272.2843697,0,0,350.1891631,4824.544279,0,0,0,0.07735
2005,1,1,1,20044,26.99198643,21.59358914,26.99198643,178.8112764,0,0,354.1348619,3267.980945,0,0,0,0.003831
2005,1,3,1,19030.45323,31.10934093,24.88747274,31.10934093,154.6032495,0,0,346.5089088,2939.049446,0,0,0,0.079521
2005,1,4,1,56591.92007,23.26231456,18.60985165,23.26231456,297.038453,0,0,347.2532928,3829.133958,0,0,0,0.013549
2005,1,5,1,79329.5544,23.46719736,18.77375789,23.46719736,345.2248147,0,0,334.871014,3638.278708,0,0,0,0.010929
2005,1,6,1,20019,20.71406691,16.69968074,20.71406691,217.2875291,0,0,367.3929763,4291.188777,0,0,0,0.052819
2005,1,7,1,14985,23.0861564,18.61205929,23.0861564,169.3422674,0,0,351.0393904,3589.184414,0,0,0,0.103723
2005,1,7,3,27415,19.76813758,15.93707252,32.94689597,210,0,0,358.5841317,4292.184004,0,0,0,0.05364
2005,1,8,1,15981.58234,23.52594593,18.96661761,23.52594593,193.619918,0,0,373.8240644,3879.918721,0,0,0,0.185902
2005,1,9,1,16067.96131,21.62683799,17.43555679,21.62683799,243.9288311,0,0,335.3260432,4156.021392,0,0,0,0.068485
2005,2,1,1,15931.26981,29.27336115,23.41868892,29.27336115,176.9391468,0,0,322.2302548,3019.670591,0,0,0,0.370564
2005,2,2,1,16769.92703,33.02170069,26.41736055,33.02170069,154.5219527,0,0,353.6479375,2762.753471,0,0,0,0.24202
2005,2,3,1,23906.78383,27.90364685,22.32291748,27.90364685,165.6909138,0,0,370.6357244,3322.416439,0,0,0,0.030684
2005,2,3,2,17145,45.8616259,36.68930072,45.8616259,100,0,0,531.9948605,3015.068205,0,0,0,0.002903
2005,2,4,1,46338.65625,24.27027399,19.41621919,24.27027399,265.0565973,0,0,319.9309659,3752.477193,0,0,0,0.026132
2005,2,5,1,70591.51543,23.39018149,18.71214519,23.39018149,325.5923775,0,0,347.0976799,4020.806443,0,0,0,0.01102
2005,2,6,1,20835.94187,18.01801267,14.52612181,18.01801267,279.3134249,0,0,469.0569075,5049.777842,0,0,0,0.316666
2005,2,6,3,21030,20.76336634,16.73942594,27.1,235,0,0,585.8799079,5094.014401,0,0,0,0.001111
2005,2,7,1,20405,18.51802353,14.92923057,18.51802353,270.4473,0,0,447.8769171,5172.76048,0,0,0,0.528093
2005,2,8,1,19620,19.88563294,16.03179728,19.88563294,288.56445,0,0,545.0811075,4965.03162,0,0,0,0.519139
2005,2,8,3,28588.82671,18.891922,15.23066752,31.48667939,310,0,0,516.8366375,5355.95606,0,0,0,0.103231
2005,2,8,11,19620,12.79518072,10.3154747,81.98710843,300,0,0,244.8795181,5802.409639,0,0,0,0.000249
2005,2,8,16,19620,21.21993157,17.10750883,21.21993157,310,0,0,581.6553002,5040.034217,0,0,0,0.001169
2005,2,9,1,23300,18.10721729,14.59803858,18.10721729,305,0,0,408.7450803,5071.992795,0,0,0,0.041359
2005,2,9,3,23300,18.27665224,14.73463703,30.35330447,305,0,0,412.5698369,5043.061568,0,0,0,0.036269
2005,2,11,1,45556.91416,16.49545119,13.29863275,16.49545119,435.024222,0,0,327.2761916,5037.671402,0,0,0,0.012179
2005,3,1,1,13964.30368,32.58883568,26.07106855,32.58883568,140.1984307,0,0,354.4573641,2804.145626,0,0,0,1.193938
2005,3,2,1,15549.06742,36.74567903,29.39654322,36.74567903,138.2166589,0,0,408.3768584,2739.135655,0,0,0,0.903651
2005,3,2,11,13675,30.71,25.22,248.7,100,0,0,170,2712,0,0,0,0.0006
2005,3,2,16,13675,56.21009996,44.96807997,56.21009996,93,0,0,593.5786556,2729.577934,0,0,0,0.02701
2005,3,3,1,24316.23547,27.9403386,22.35227088,27.9403386,175.6972856,0,0,362.2510622,3320.675176,0,0,0,0.291552
2005,3,3,2,21623.13639,38.44252838,30.7540227,38.44252838,142.9824561,0,0,486.9950203,3292.548504,0,0,0,0.02907
2005,3,3,3,26570,25.75928447,20.60742757,42.87954625,182.7890052,0,0,337.9618122,3441.991274,0,0,0,0.01146
2005,3,4,1,34685.55663,22.45533011,17.96426409,22.45533011,320.5878025,0,0,306.4440795,3710.710048,0,0,0,0.025825
2005,3,5,1,174379.0203,17.06713418,13.65370735,17.06713418,516.4862885,0,0,343.4877588,5034.054427,0,0,0,0.004777
2005,3,6,1,19898.23969,24.29881919,19.58970803,24.29881919,193.4415413,0,0,391.7941607,4235.636785,0,0,0,0.613818
2005,3,6,3,18995,25.6,20.63872,41.7,180,0,0,412.7744,3950,0,0,0,0.006783
2005,3,7,1,22295,23.43374329,18.89228384,23.43374329,196.3189847,0,0,491.1993799,4200,0,0,0,0.07269
2005,3,8,1,24918.35644,23.72329968,19.1257242,23.72329968,194.8827526,0,0,484.0989752,4284.196372,0,0,0,0.169556
2005,3,9,1,23992.75472,24.34193925,19.62447142,24.34193925,226.2066952,0,0,391.1716892,4134.087385,0,0,0,0.054815
2005,4,1,1,19915.14747,29.208915,23.367132,29.208915,182.791279,0,0,406.1184519,3265.005404,0,0,0,1.428682
2005,4,1,3,20923.52371,27.46884024,21.9750722,45.53768049,188.720261,0,0,362.9753291,3301.405683,0,0,0,0.019461
2005,4,2,1,17640.3514,31.07808949,24.86247159,31.07808949,174.7533677,0,0,438.9928658,3276.001281,0,0,0,0.881239
2005,4,2,16,20769.19201,61.91554386,49.53243509,61.91554386,100.5695282,0,0,610.8485273,3026.591043,0,0,0,0.140274
2005,4,3,1,25104.5037,30.19771968,24.15817574,30.19771968,167.5891218,0,0,403.8472979,3383.145946,0,0,0,0.038021
2005,4,4,1,36502.92998,25.26970484,20.21626704,25.26970484,258.3714917,0,0,374.0671346,3704.729319,0,0,0,0.488342
2005,4,4,2,49220,35.5,28.4,35.5,201,0,0,599.24,3889,0,0,0,0.00651
2005,4,5,1,288417.7761,15.27760736,12.22208589,15.27760736,470.3404908,0,0,315.3422577,5283.56135,0,0,0,0.000978
2005,4,7,1,23350,19.09982094,15.39827564,19.09982094,230.2544529,0,0,538.9396475,5037.161907,0,0,0,0.021222
2005,4,8,1,23917.06397,19.81763769,15.97697951,19.81763769,227.915555,0,0,470.149812,5023.23013,0,0,0,0.048351
2005,5,1,1,23555.3875,26.56705825,21.2536466,26.56705825,210.92153,0,0,381.1180154,3679.340336,0,0,0,0.99893
2005,5,1,3,21145,27.04437184,21.63549747,44.71776707,157,0,0,389.4389545,3333.079093,0,0,0,0.08509
2005,5,2,1,26890,29.1,23.28,29.1,280,0,0,430.68,3575,0,0,0,0.057577
2005,5,4,1,48098.46311,24.16591205,19.33272964,24.16591205,272.6582142,0,0,377.2137653,4152.965586,0,0,0,0.15668
2005,5,5,1,76956.214,21.83898121,17.47118497,21.83898121,322.4002455,0,0,408.2120094,4452.976489,0,0,0,0.021182
2005,5,6,1,18510,18.92299949,15.25572219,18.92299949,187.8829813,0,0,305.1144438,3507.657685,0,0,0,0.074706
2005,5,8,1,21850,19.89346353,16.0381103,19.89346353,190,0,0,320.762206,3961.159825,0,0,0,0.005018
2005,6,1,1,28421.92841,25.63359961,20.50687969,25.63359961,259.9237048,0,0,369.5914205,3256.174414,0,0,0,0.051825
2005,6,2,1,29753.3498,26.84602663,21.47682131,26.84602663,208.0144616,0,0,279.2701065,2703.66366,0,0,0,0.013968
2005,6,2,16,19695,69.87546531,55.90037225,69.87546531,71.87986464,0,0,592.5439459,1927.846024,0,0,0,0.000591
2005,6,4,1,42206.20016,25.23618054,20.18894443,25.23618054,315.4989857,0,0,336.3644399,3203.40096,0,0,0,0.075419
2005,6,5,1,109440.1024,20.17724297,16.14179437,20.17724297,392.2315438,0,0,328.6835519,3857.558857,0,0,0,0.022147
2005,6,6,1,27380,17.57438207,14.16846683,17.57438207,278.6733651,0,0,382.5486043,5111.399677,0,0,0,0.114455
2005,6,7,1,31051.00911,18.38123269,14.81894979,18.38123269,246.8771391,0,0,371.9362307,5136.347131,0,0,0,0.220591
2005,6,7,3,27699.86769,19.50217898,15.72265669,32.50594014,210,0,0,353.7597755,4467.31387,0,0,0,0.133549
2005,6,8,1,32204.54683,19.65849699,15.84868028,19.65849699,289.8511898,0,0,386.2017409,5044.687526,0,0,0,0.60725
2005,6,8,3,38889.94224,18.42340654,14.85295035,30.72087234,310,0,0,536.443594,5557.226153,0,0,0,0.127772
2005,6,9,1,38105.64684,17.71959384,14.28553655,17.71959384,307.6682677,0,0,399.9950235,5452.65963,0,0,0,0.047469
2005,6,10,1,44995,18.57874351,14.97818302,18.57874351,293.9064736,0,0,341.5025729,5700,0,0,0,0.018305
2005,6,11,1,53233.07304,17.78395727,14.33742635,17.78395727,306.7113827,0,0,382.214658,5445.402202,0,0,0,0.094828
2005,7,6,1,21303.96972,23.15097953,18.66431969,23.15097953,203.2381146,0,0,365.1467149,3970.01611,0,0,0,0.459661
2005,7,7,1,21628.08711,25.05311741,20.19782326,25.05311741,192.3424717,0,0,347.7742392,3621.699491,0,0,0,0.350499
2005,7,7,16,19995,37.6229588,30.33162939,37.6229588,133,0,0,500.4718849,3650.819288,0,0,0,0.01068
2005,7,8,1,21816.11197,25.36359074,20.44812685,25.36359074,183.171571,0,0,348.7194379,3723.41995,0,0,0,0.313835
2005,7,9,1,23420.56982,24.27754586,19.57255747,24.27754586,227.7255934,0,0,379.1606141,3900.911684,0,0,0,0.215782
2005,7,10,1,29445,24,19.3488,24,207,0,0,357.9528,3950,0,0,0,0.014806
2005,7,11,1,36284.58105,21.79059271,17.56757585,21.79059271,276.3876118,0,0,403.9271527,4211.431608,0,0,0,0.040458
2005,8,6,1,26152.08307,19.72724485,15.9041048,19.72724485,267.0995126,0,0,344.2743794,4700,0,0,0,0.134998
2005,8,6,2,19800,28.1,22.65422,28.1,160,0,0,464.41151,4612,0,0,0,0.008568
2005,8,9,1,25706.42071,20.62519885,16.62803532,20.62519885,267.5652631,0,0,352.6727454,4700,0,0,0,0.086496
2005,8,10,1,35525,20.83719956,16.79895029,20.83719956,225.8339643,0,0,319.1800555,4647.032926,0,0,0,0.034866
2005,8,11,1,41882.47639,18.97934244,15.30114587,18.97934244,304.0596427,0,0,352.8388906,4928.585015,0,0,0,0.029442
2006,1,3,1,20908.99658,31.99107374,26.06632688,31.99107374,146.7165213,0,0,352.9392329,2816.974363,0,0,0,0.071889
2006,1,4,1,52703.88154,24.47421297,19.94158873,24.47421297,256.0828548,0,0,343.7153708,3703.785982,0,0,0,0.032044
2006,1,5,1,89712.35468,24.47300331,19.94060309,24.47300331,348.2630816,0,0,353.3728151,3515.494025,0,0,0,0.017238
2006,1,6,1,19435,20.21505688,16.32365843,20.21505688,219.0037448,0,0,359.1204854,4473.163522,0,0,0,0.084918
2006,1,7,1,15085,23.69381679,19.13275706,23.69381679,163.564978,0,0,373.0887626,3526.868821,0,0,0,0.080104
2006,1,8,1,16008.7318,23.76956756,19.1939258,23.76956756,205.0232985,0,0,364.8055063,3839.014185,0,0,0,0.174475
2006,1,9,1,17979.61276,22.80337434,18.41372478,22.80337434,224.6830643,0,0,388.3452391,4060.209084,0,0,0,0.368488
2006,2,1,1,16566.7434,29.51078085,24.04538424,29.51078085,175.5083489,0,0,326.9958021,2990.494203,0,0,0,0.434906
2006,2,2,1,18842.32506,32.38851272,26.39016016,32.38851272,152.824834,0,0,366.0185859,2885.72376,0,0,0,0.379206
2006,2,3,1,20163.77639,29.46454119,24.00770816,29.46454119,144.6918408,0,0,357.169969,3107.355974,0,0,0,0.018948
2006,2,3,2,18710.1135,44.95511601,36.62942852,44.95511601,100,0,0,531.1267136,3022.7109,0,0,0,0.005991
2006,2,4,1,40140.97901,26.13645871,21.29598655,26.13645871,257.9526943,0,0,363.5802081,3589.11908,0,0,0,0.036782
2006,2,5,1,78790.2779,22.25014167,18.12941544,22.25014167,374.5246295,0,0,336.2539274,4098.622384,0,0,0,0.009176
2006,2,6,1,21700,18.6243359,15.03915124,18.6243359,288.6070485,0,0,391.0179322,5210.234107,0,0,0,0.17791
2006,2,6,3,21700,17.46845018,14.10577352,28.87534815,235,0,0,366.7501116,5550.861009,0,0,0,0.001626
2006,2,7,1,19640,18.77173111,15.15817287,18.77173111,266.7702686,0,0,409.2706676,5281.958669,0,0,0,0.388519
2006,2,7,3,19640,17.86582204,14.4266513,29.53220384,300,0,0,389.5195851,5533.767754,0,0,0,0.117014
2006,2,8,1,19065,20.14177663,16.26448463,20.14177663,283.0764364,0,0,422.8766004,4937.02729,0,0,0,0.505754
2006,2,8,3,26131.31579,19.31407466,15.59611529,31.92616541,293.9757136,0,0,439.3201138,5224.53257,0,0,0,0.075145
2006,2,8,16,19065,21.79580838,17.60011527,21.79580838,295,0,0,457.602997,5040.034217,0,0,0,0.001169
2006,2,9,1,17924.33711,19.600601,15.8274853,19.600601,271.9293029,0,0,421.765679,4947.462103,0,0,0,0.189527
2006,2,9,3,23920,18.35548917,14.82205751,30.3416236,305,0,0,415.0176102,5041.658103,0,0,0,0.041843
2006,2,11,1,39641.42642,18.29264887,14.77131396,18.29264887,324.2231348,0,0,424.6769345,5329.688569,0,0,0,0.02922
2006,3,1,1,16758.85778,32.26691634,26.29108343,32.26691634,144.7119581,0,0,361.8634113,2873.689953,0,0,0,0.434541
2006,3,2,1,16816.46776,36.64281053,29.85656202,36.64281053,136.1132447,0,0,409.3950516,2787.262867,0,0,0,1.086214
2006,3,2,16,22150,58.8362,47.93973576,58.8362,110,0,0,589.6587498,2749,0,0,0,0.03114
2006,3,3,1,24931.98121,28.65797682,23.35051951,28.65797682,171.8085436,0,0,359.4322983,3284.49833,0,0,0,0.173674
2006,3,3,2,20472.32916,39.96021611,32.55958409,39.96021611,135.3283663,0,0,472.1139693,3227.687242,0,0,0,0.060801
2006,3,4,1,37321.49495,27.07923504,22.06416071,27.07923504,231.6077377,0,0,358.6633168,3407.180598,0,0,0,0.246636
2006,3,4,2,35207.04594,29.85998915,24.32991916,29.85998915,200,0,0,417.5855672,3579.397168,0,0,0,0.035023
2006,3,5,1,155784.2481,17.63506967,14.36905477,17.63506967,503.5393893,0,0,325.1336725,4790.2738,0,0,0,0.007794
2006,3,6,1,20265.86504,24.37630452,19.6838659,24.37630452,190.8739332,0,0,393.6773179,4261.578674,0,0,0,0.399899
2006,3,6,3,19095,24.80338778,20.02873563,41,180,0,0,400.5747126,3950,0,0,0,0.011821
2006,3,7,1,24744.75308,22.76314721,18.38124137,22.76314721,197.3685279,0,0,477.9122756,4320.304569,0,0,0,0.05516
2006,3,8,1,25234.28281,24.15248617,19.50313258,24.15248617,212.4210474,0,0,487.5783145,4459.315711,0,0,0,0.1012
2006,3,9,1,25027.43163,25.19271773,20.34311957,25.19271773,231.0210651,0,0,417.6740373,4333.51748,0,0,0,0.472631
2006,4,1,1,21760.78124,28.76079768,23.43429795,28.76079768,190.8485482,0,0,391.2816306,3375.326695,0,0,0,0.876193
2006,4,1,3,21699.33068,28.64226238,23.33771539,47.34565971,200,0,0,387.3445269,3302.451394,0,0,0,0.029657
2006,4,2,1,20458.87511,30.78613345,25.08454153,30.78613345,176.2861262,0,0,442.8658464,3211.611605,0,0,0,1.233641
2006,4,2,16,22154.86653,64.35057264,52.43284659,64.35057264,83.79466568,0,0,630.7447692,2971.064156,0,0,0,0.091558
2006,4,3,1,25843.82961,27.71913231,22.58554901,27.71913231,246.0476062,0,0,417.8326566,3553.741489,0,0,0,0.011133
2006,4,3,2,23900,29.3,23.87364,29.3,200,0,0,441.66234,3349,0,0,0,0.051619
2006,4,4,1,40883.06826,25.90800097,21.10983919,25.90800097,258.9521262,0,0,392.9629376,3705.653963,0,0,0,0.453902
2006,4,4,2,51050,35.4632,28.89541536,35.4632,201,0,0,595.2455564,3589,0,0,0,0.00547
2006,4,5,1,92617.8931,18.35950634,14.95932577,18.35950634,409.7678909,0,0,279.8828269,4136.554394,0,0,0,0.010047
2006,4,7,1,21875,18.95171199,15.30350743,18.95171199,228.6858543,0,0,535.62276,4841.822584,0,0,0,0.034901
2006,4,8,1,23980,19.90089391,16.06997184,19.90089391,272.3055665,0,0,498.1691269,5133.076251,0,0,0,0.035462
2006,5,1,1,25500.48037,25.95240625,21.14602061,25.95240625,223.3408808,0,0,389.6945643,3686.284743,0,0,0,0.801016
2006,5,1,3,22106.21391,27.72918156,22.59373713,45.83633711,202.3466629,0,0,391.3390244,3666.200337,0,0,0,0.225914
2006,5,2,1,22722.96375,28.81966336,23.4822617,28.81966336,236.1629243,0,0,425.940018,3542.466525,0,0,0,0.300655
2006,5,4,1,42972.54142,23.11281644,18.83232284,23.11281644,300.6745658,0,0,362.5596228,4039.067164,0,0,0,0.220192
2006,5,4,3,46435,23.09189353,18.81527485,38.1709,239,0,0,357.4902221,4415,0,0,0,0.0208
2006,5,5,1,78942.66379,22.6212134,18.43176468,22.6212134,340.3834546,0,0,427.1675547,4432.178508,0,0,0,0.04811
2006,5,6,1,18730,18.38848632,14.84870271,18.38848632,186.9723015,0,0,282.1253514,3610.840953,0,0,0,0.078524
2006,5,9,1,25545.35754,22.59242306,18.24338162,22.59242306,223.5029046,0,0,386.0206363,4136.344778,0,0,0,0.151486
2006,6,1,1,21903.44689,27.07010172,22.05671888,27.07010172,183.0905625,0,0,296.0071924,2867.900646,0,0,0,0.022294
2006,6,2,1,28294.79292,27.15863139,22.12885286,27.15863139,239.0700475,0,0,357.4450425,3020.782881,0,0,0,0.053892
2006,6,2,16,20554.65753,70.50901768,57.45074761,70.50901768,72.11332503,0,0,608.9779247,1917.457036,0,0,0,0.000803
2006,6,4,1,48927.52947,25.21952123,20.54886589,25.21952123,326.4108134,0,0,360.931766,3177.248791,0,0,0,0.07278
2006,6,5,1,121898.6308,20.03468703,16.32426299,20.03468703,398.5049241,0,0,326.2118551,3915.38817,0,0,0,0.016145
2006,6,6,1,28845,18.57584752,14.99999687,18.57584752,262.5766143,0,0,404.9999155,5075.144669,0,0,0,0.082948
2006,6,6,3,36024.80601,18.33825137,14.80813798,30.31312951,235,0,0,399.8197254,5176.092896,0,0,0,0.000732
2006,6,7,1,30236.89939,19.07998239,15.40708578,19.07998239,251.6192867,0,0,373.3283315,5028.719504,0,0,0,0.31234
2006,6,8,1,29746.65452,20.16234277,16.28109179,20.16234277,282.8399999,0,0,377.9264576,4827.548407,0,0,0,0.445131
2006,6,8,3,37981.7776,19.03036075,15.3670163,31.45718632,295,0,0,447.671767,5613.526434,0,0,0,0.078232
2006,6,9,1,38939.15022,19.71771613,15.92205577,19.71771613,274.2967364,0,0,391.4722009,5005.14784,0,0,0,0.150568
2006,6,10,1,38950,18.45408115,14.90167053,18.45408115,280.2548926,0,0,339.758088,5700,0,0,0,0.023045
2006,6,11,1,65926.03588,17.79719871,14.37123796,17.79719871,309.4287489,0,0,391.8498978,5668.935909,0,0,0,0.06522
2006,7,6,1,20103.628,24.19448355,19.53704546,24.19448355,197.7509284,0,0,365.3719544,3781.87084,0,0,0,0.354902
2006,7,6,2,23095,27.2,21.964,27.2,160,0,0,450.262,4200,0,0,0,0.00695
2006,7,7,1,21725.72321,25.56114912,20.64062791,25.56114912,191.0764618,0,0,353.7409779,3618.372434,0,0,0,0.216618
2006,7,7,16,20227.83553,37.58162335,30.34716086,37.58162335,133,0,0,460.3684161,3650.918832,0,0,0,0.020624
2006,7,8,1,20364.18274,26.60671143,21.48491948,26.60671143,179.7088241,0,0,355.3683486,3601.979257,0,0,0,0.432814
2006,7,9,1,23831.65615,25.245785,20.38597138,25.245785,203.9623374,0,0,368.714229,3909.377214,0,0,0,1.127563
2006,7,9,16,25090.00807,34.97112188,28.23918091,34.97112188,207.9147165,0,0,485.690387,4361.185782,0,0,0,0.043971
2006,7,11,1,37348.01372,22.86374843,18.46247686,22.86374843,238.391616,0,0,359.8507846,4158.369317,0,0,0,0.115792
2006,7,11,16,37020,34.55653024,27.90439817,34.55653024,208,0,0,479.9556485,4450,0,0,0,0.035818
2006,8,6,1,27911.05353,19.9947629,16.14577105,19.9947629,240.0157085,0,0,334.9301421,4650.518319,0,0,0,0.248592
2006,8,9,1,36784,18.9,15.26175,18.9,215,0,0,363.22965,4700,0,0,0,0.004373
2006,8,10,1,36729.70902,21.30063531,17.20026301,21.30063531,236.8275374,0,0,386.2807066,4885.811887,0,0,0,0.045175
2006,8,11,1,44176.7394,20.49139608,16.54680233,20.49139608,276.0919362,0,0,403.2010114,4988.48213,0,0,0,0.162504
2007,1,1,1,25864.54256,26.61157891,21.8534286,26.61157891,204.1886296,0,0,386.8056862,3606.197174,0,0,0,0.012172
2007,1,3,1,19983.39984,35.09745737,28.82203199,35.09745737,149.028497,0,0,363.2296299,2818.62952,0,0,0,0.051023
2007,1,4,1,65455,24.2013,19.87410756,24.2013,288,0,0,393.5073297,3950,0,0,0,0.004129
2007,1,5,1,98262.39638,23.94598555,19.66444334,23.94598555,385.571038,0,0,358.8570511,3625.258444,0,0,0,0.022678
2007,1,6,1,22833.5395,21.22166818,17.13649706,21.22166818,212.6504243,0,0,415.7442101,4310.951554,0,0,0,0.056806
2007,1,6,3,24585,18.253781,14.73992816,30.1735,230,0,0,324.2784195,4444,0,0,0,0.003602
2007,1,7,1,16233.03015,23.89195023,19.29274981,23.89195023,160.7724887,0,0,340.215302,3460.289803,0,0,0,0.077539
2007,1,8,1,16025.24363,21.54452745,17.39720592,21.54452745,225.9807122,0,0,377.689653,3980.001688,0,0,0,0.153983
2007,1,8,3,16915,20.97151337,16.93449705,34.6659116,286.9536,0,0,440.2969232,4450,0,0,0,0.01875
2007,1,9,1,19136.00733,22.93489634,18.5199288,22.93489634,227.9810849,0,0,392.3377743,4095.719688,0,0,0,0.276075
2007,1,9,3,24005,17.90060496,14.45473851,29.5897,230,0,0,318.0042471,4444,0,0,0,0.000195
2007,2,1,1,18082.00195,29.5968244,24.3049122,29.5968244,183.2457236,0,0,337.4826908,3057.708817,0,0,0,0.491011
2007,2,2,1,16588.83753,36.55581367,30.01963419,36.55581367,139.5797721,0,0,378.4325951,2732.221627,0,0,0,0.397451
2007,2,3,1,23224.99159,28.79136944,23.64347258,28.79136944,182.1196949,0,0,357.9486485,3251.217407,0,0,0,0.025565
2007,2,4,1,42932.35563,26.37272681,21.65728326,26.37272681,273.3879098,0,0,351.7595101,3716.893408,0,0,0,0.067294
2007,2,5,1,87123.22935,20.73400219,17.0267626,20.73400219,409.1438324,0,0,313.890435,4138.69214,0,0,0,0.010547
2007,2,6,1,27373.03638,18.47634885,14.9196517,18.47634885,329.4164833,0,0,394.3325952,5120.440172,0,0,0,0.113133
2007,2,6,3,28502.3842,17.97535321,14.51509772,29.71325885,234.4408467,0,0,370.4776814,5158.29258,0,0,0,0.058678
2007,2,7,1,20643.0626,19.5644352,15.79828142,19.5644352,246.5371913,0,0,402.0348759,5080.115839,0,0,0,0.286371
2007,2,7,3,21651.55157,18.4478771,14.89666076,30.49434085,300,0,0,387.3131797,5494.31498,0,0,0,0.183707
2007,2,8,1,20172.29188,21.63926124,17.47370345,21.63926124,302.9828013,0,0,457.1070126,5029.862205,0,0,0,0.457128
2007,2,8,3,28722.15909,19.9182993,16.08402669,32.92494875,310.8282435,0,0,450.4109231,5402.2163,0,0,0,0.183865
2007,2,8,16,22053.07965,21.74025451,17.55525552,21.74025451,311.920354,0,0,456.4366435,5012.389381,0,0,0,0.000565
2007,2,9,1,16837.95206,19.80059316,15.98897898,19.80059316,333.5601714,0,0,345.2672937,5507.749359,0,0,0,0.209327
2007,2,9,3,26911.29979,18.08887214,14.60676426,29.90090565,304.7453416,0,0,408.6744718,5031.207039,0,0,0,0.02415
2007,2,11,1,40283.33419,17.48086352,14.11579729,17.48086352,297.9452479,0,0,422.359909,5643.654545,0,0,0,0.00968
2007,3,1,1,16489.88851,33.43860427,27.45978182,33.43860427,160.5001327,0,0,381.4363083,2916.004876,0,0,0,0.99478
2007,3,2,1,16408.30118,36.90616975,30.3073466,36.90616975,144.6729331,0,0,415.9792101,2767.060183,0,0,0,0.836153
2007,3,2,11,25190,30.70790268,25.21732968,250.165,113,0,0,170,2904,0,0,0,0.001021
2007,3,2,16,22600,58.8362,48.31628744,58.8362,110,0,0,594.2903355,2875,0,0,0,0.032509
2007,3,3,1,23296.84787,31.17995977,25.60498296,31.17995977,179.4392635,0,0,404.2302981,3368.618908,0,0,0,0.260593
2007,3,4,1,37628.02252,27.13744495,22.28526979,27.13744495,244.7439577,0,0,364.5095557,3498.126133,0,0,0,0.166824
2007,3,5,1,115021.7753,19.43827059,15.80278139,19.43827059,449.1003367,0,0,373.5898708,4870.529721,0,0,0,0.016335
2007,3,6,1,25106.9139,23.83001812,19.24273963,23.83001812,186.1207191,0,0,384.8547926,3988.49216,0,0,0,0.274886
2007,3,6,3,22995,24.88511797,20.09473276,41.1351,170,0,0,401.8946552,3950,0,0,0,0.008638
2007,3,7,1,25174.81224,22.73968184,18.36229309,22.73968184,197.6289986,0,0,469.0445364,4281.619313,0,0,0,0.020132
2007,3,8,1,20976.16317,31.33795836,25.30540137,31.33795836,223.4667271,0,0,538.6970655,4406.665912,0,0,0,0.070643
2007,3,9,1,25659.15787,24.88787884,20.09696216,24.88787884,249.8617281,0,0,415.4186677,4448.408484,0,0,0,0.403191
2007,4,1,1,20012.00296,30.8853532,25.36305205,30.8853532,186.5861419,0,0,429.9300796,3290.826281,0,0,0,1.149232
2007,4,1,3,20342.72139,29.09007946,23.88877325,48.08590135,200.2042851,0,0,404.9423059,3306.220707,0,0,0,0.026977
2007,4,1,16,24696.65321,45.61488434,37.45894302,45.61488434,251.5332844,0,0,737.4922854,3381.41581,0,0,0,0.008172
2007,4,2,1,20735.78362,31.26308768,25.6732476,31.26308768,180.867663,0,0,455.50867,3335.499909,0,0,0,1.118402
2007,4,2,16,23387.50248,59.80228655,49.10963772,59.80228655,97.38824244,0,0,644.6395171,3175.932138,0,0,0,0.227139
2007,4,3,1,23998.41203,29.12673665,23.91887614,29.12673665,205.9387332,0,0,442.4992085,3432.38122,0,0,0,0.027976
2007,4,4,1,38850.31988,26.5877263,21.83384084,26.5877263,276.601784,0,0,406.5127636,3721.13777,0,0,0,0.452247
2007,4,4,2,51550,35.0856,28.81229472,35.0856,210,0,0,607.9394186,3925,0,0,0,0.002441
2007,4,4,16,31090,36.3271,29.83181452,36.3271,253,0,0,510.1240283,3626,0,0,0,0.003823
2007,4,5,1,113601.8648,18.09460988,14.85929364,18.09460988,471.4762942,0,0,314.7255642,4461.813872,0,0,0,0.005969
2007,4,8,1,25961.81962,19.98541053,16.138219,19.98541053,271.8393764,0,0,500.2847891,5630.353449,0,0,0,0.028352
2007,4,8,3,26457.8565,19.84756781,16.02691101,32.8080296,252.0523169,0,0,496.8342413,5650.17997,0,0,0,0.003345
2007,5,1,1,24707.92605,26.7423355,21.94937787,26.7423355,222.0862748,0,0,407.1135142,3640.641192,0,0,0,0.834334
2007,5,1,3,22477.06013,27.04505286,22.20939741,44.70547238,213.4619182,0,0,384.6874429,3685.99087,0,0,0,0.211059
2007,5,2,1,26875,29.8142,24.48342104,29.8142,268,0,0,452.9432892,3575,0,0,0,0.079137
2007,5,4,1,49048.52202,23.54105407,19.33191361,23.54105407,307.6195344,0,0,378.3577,4052.81985,0,0,0,0.125307
2007,5,4,3,42175,22.91603146,18.81864503,37.8802,239,0,0,357.5542556,4400,0,0,0,0.021356
2007,5,5,1,86603.38797,22.00759617,18.07263798,22.00759617,378.424864,0,0,421.0842658,4520.474382,0,0,0,0.068742
2007,5,6,1,22614.71378,20.42710725,16.4948891,20.42710725,190,0,0,321.5282398,3854.195998,0,0,0,0.100955
2007,5,7,1,23244.17787,25.01040041,20.19589833,25.01040041,194.5919513,0,0,333.2323224,3504.4296,0,0,0,0.018885
2007,5,7,16,27950,36.4598,29.4412885,36.4598,133,0,0,441.6193275,3706,0,0,0,0.001957
2007,5,8,1,25243.35261,20.13591429,16.25975079,20.13591429,280.483036,0,0,346.8868651,4409.797413,0,0,0,0.061159
2007,5,9,1,23090.80548,23.71497902,19.14984556,23.71497902,235.3713235,0,0,347.6056624,3873.908875,0,0,0,0.062288
2007,6,1,1,26538.73146,27.11470105,22.2665925,27.11470105,233.1404798,0,0,335.1701296,3260.583219,0,0,0,0.048733
2007,6,2,1,25526.95181,29.06162092,23.8654031,29.06162092,184.1539978,0,0,305.9663198,2601.147152,0,0,0,0.01826
2007,6,3,1,35326.17658,27.86829946,22.88544751,27.86829946,228.6542201,0,0,336.1941076,5017.763127,0,0,0,0.005142
2007,6,4,1,48025.59965,25.30518077,20.78061445,25.30518077,352.8303368,0,0,362.5936502,3237.754588,0,0,0,0.064463
2007,6,5,1,123667.6139,19.84743693,16.2987152,19.84743693,420.1172353,0,0,346.6136411,4022.988214,0,0,0,0.011285
2007,6,6,1,32148.51144,18.95428167,15.30558245,18.95428167,305.6797818,0,0,413.2507262,4805.354789,0,0,0,0.042521
2007,6,6,3,31816.38616,17.82652749,14.39492095,29.46724994,235,0,0,388.6628656,4770.98418,0,0,0,0.031984
2007,6,7,1,28833.44727,19.33945367,15.61660884,19.33945367,241.8991286,0,0,369.2610226,4967.145676,0,0,0,0.164784
2007,6,8,1,33650.42491,20.17773081,16.29351763,20.17773081,294.9954264,0,0,396.3357816,5143.244519,0,0,0,0.339998
2007,6,8,3,37928.37494,20.3161188,16.40526593,33.58254438,297.6119932,0,0,460.8935023,5592.115228,0,0,0,0.365223
2007,6,9,1,27997.23098,21.55360021,17.40453217,21.55360021,252.1198283,0,0,375.5776709,4463.129292,0,0,0,0.350076
2007,6,9,3,38597.45012,15.96217628,12.88945735,26.38547739,305,0,0,360.9048057,5387.954503,0,0,0,0.021452
2007,6,11,1,60964.86406,18.14311135,14.65056242,18.14311135,338.0336289,0,0,382.8943935,5609.845761,0,0,0,0.075798
2007,7,6,1,22959.8489,24.38744915,19.69286519,24.38744915,197.5729199,0,0,356.222096,3563.19008,0,0,0,0.505877
2007,7,6,2,29773.51019,25.44674301,20.54824498,25.44674301,215,0,0,433.5679691,4412.949403,0,0,0,0.002846
2007,7,7,1,23682.45413,24.84263429,20.06042719,24.84263429,224.6479788,0,0,386.8048755,3890.06103,0,0,0,0.256138
2007,7,7,16,26339.13449,38.83385439,31.35833742,38.83385439,133,0,0,470.3750613,3695.905331,0,0,0,0.01238
2007,7,8,1,20810.34806,27.04566864,21.83937743,27.04566864,184.0696526,0,0,372.7502834,3584.297801,0,0,0,0.313757
2007,7,8,16,22870,33.8433,27.32846475,33.8433,148,0,0,437.255436,3325,0,0,0,0.007487
2007,7,9,1,24408.44387,26.40793544,21.32440787,26.40793544,203.2847234,0,0,377.6264652,3823.208201,0,0,0,1.17611
2007,7,9,16,33452.98655,34.68761951,28.01025275,34.68761951,208,0,0,481.7763473,4371.961883,0,0,0,0.0223
2007,7,11,1,38460.31217,23.58768423,19.04705501,23.58768423,257.1964366,0,0,374.6031002,4216.563777,0,0,0,0.232136
2007,7,11,3,35180,19.20875279,15.51106788,31.75206836,235,0,0,327.2835322,4982.88809,0,0,0,0.017103
2007,7,11,16,42282.00941,34.66211528,27.98965809,34.66211528,208,0,0,481.4221191,4450,0,0,0,0.017219
2007,8,6,1,31421.03302,20.34564109,16.42910518,20.34564109,213.139972,0,0,346.6541193,4685.028083,0,0,0,0.027134
2007,8,6,3,38526.14174,18.83983329,15.21316538,31.14224442,235,0,0,320.9977895,4725.003396,0,0,0,0.01531
2007,8,7,1,35770,23.0238,18.5917185,23.0238,265,0,0,371.83437,4535,0,0,0,0.018972
2007,8,8,1,31179.15553,23.21506684,18.74616647,23.21506684,270.8087733,0,0,407.1285786,4911.192345,0,0,0,0.050061
2007,8,9,1,28026.42039,23.11457735,18.66502121,23.11457735,268.1879387,0,0,402.0505108,4845.418175,0,0,0,0.032484
2007,8,10,1,36428.06188,21.38168711,17.26571234,21.38168711,232.4405008,0,0,377.1351921,4765.379553,0,0,0,0.028992
2007,8,11,1,46770.47281,20.1581539,16.27770928,20.1581539,302.4364013,0,0,380.8981223,5124.623293,0,0,0,0.13755
2007,8,11,2,53298.59162,20.40081314,16.47365661,20.40081314,313.2034031,0,0,427.3605765,5368.923089,0,0,0,0.0382
2008,1,1,1,25699,27.51286664,22.57705836,27.51286664,186.9543269,0,0,399.613933,3568.68149,0,0,0,0.005824
2008,1,3,1,21305.39769,35.45599946,29.09519316,35.45599946,156.1598641,0,0,367.5099921,2845.890661,0,0,0,0.052113
2008,1,3,2,34800,34.2,28.06452,34.2,200,0,0,406.93554,3099,0,0,0,0.002582
2008,1,4,1,57022.3048,24.87325182,20.41099045,24.87325182,272.8798799,0,0,371.166489,3641.134277,0,0,0,0.004662
2008,1,5,1,100479.4736,24.36357132,19.99274662,24.36357132,383.1320176,0,0,354.4195273,3525.906275,0,0,0,0.012718
2008,1,6,1,22083.10377,20.72537352,16.59687911,20.72537352,212.9279574,0,0,365.1313405,4852.844863,0,0,0,0.019544
2008,1,6,3,21052.66129,19.16652031,15.34854946,31.68225806,302,0,0,337.6680881,5034.274194,0,0,0,0.002232
2008,1,7,1,15272.73832,24.3866129,19.52879961,24.3866129,159.0328858,0,0,331.9895933,3671.033603,0,0,0,0.085052
2008,1,8,1,17895.9043,23.95790534,19.1854906,23.95790534,214.9681938,0,0,356.7143322,4015.555478,0,0,0,0.028768
2008,1,8,16,16000,22,17.6176,22,242,0,0,334.7344,4000,0,0,0,0.000377
2008,1,9,1,18688.77554,23.22688886,18.6000926,23.22688886,225.3078633,0,0,393.2709031,4383.427673,0,0,0,0.238411
2008,2,1,1,18496.6777,30.01280032,24.62631625,30.01280032,191.3986613,0,0,355.5418342,3094.612709,0,0,0,0.397543
2008,2,2,1,16675.42658,37.31637296,30.62181565,37.31637296,142.0649263,0,0,397.3086406,2748.798818,0,0,0,0.715442
2008,2,2,11,24590,30.71974069,25.20861921,250.2,113,0,0,170,2904,0,0,0,0.001142
2008,2,3,1,26848.13717,30.2967829,24.86154004,30.2967829,209.9984523,0,0,362.3946047,3316.817056,0,0,0,0.045227
2008,2,3,2,33597.12846,30.14856423,24.73991181,30.14856423,200,0,0,358.7287212,3524.201511,0,0,0,0.001985
2008,2,4,1,45459.87353,25.91029301,21.26198645,25.91029301,290.4753922,0,0,346.1597751,3801.352535,0,0,0,0.07713
2008,2,4,2,41850,29,23.7974,29,200,0,0,395.03684,4002,0,0,0,0.002115
2008,2,5,1,104851.5355,20.54105066,16.85598618,20.54105066,429.3833056,0,0,322.5589075,4400.567172,0,0,0,0.009632
2008,2,6,1,25045.32215,18.93195097,15.16070634,18.93195097,313.1606093,0,0,457.5311799,5629.268481,0,0,0,0.12932
2008,2,6,3,23544.72541,18.61240057,14.90481038,30.76629814,310,0,0,432.1855689,5500,0,0,0,0.055537
2008,2,7,1,20416.25868,27.10764672,21.70780349,27.10764672,243.0894873,0,0,559.1247433,5206.352887,0,0,0,0.238246
2008,2,7,3,22218.47011,18.68341675,14.96168013,30.88368789,300,0,0,389.0036835,5429.309829,0,0,0,0.133735
2008,2,7,12,27241.51163,11.35827,9.095702616,104.3,238.0465116,0,0,236.488268,3788.953488,0,0,0,0.000215
2008,2,8,1,22225.04177,21.0352677,16.84504238,21.0352677,297.648771,0,0,505.8358094,5384.621252,0,0,0,0.609588
2008,2,9,1,24883.23914,18.91476751,15.14694582,18.91476751,349.4850109,0,0,403.2071866,5863.337305,0,0,0,0.19721
2008,2,9,3,25245.26453,18.13918081,14.52585599,29.98406588,317,0,0,406.7239678,5629.979412,0,0,0,0.030601
2008,2,11,11,40621.67536,17.75892585,14.22134782,17.75892585,300,0,0,426.6404347,6000,0,0,0,0.004599
2008,3,1,1,16147.82071,34.25587348,28.11036978,34.25587348,148.8942067,0,0,396.5720054,2944.231773,0,0,0,0.747306
2008,3,1,3,26600,26.25529341,21.54509377,43.4,200,0,0,364.1120847,3374,0,0,0,0.014213
2008,3,2,1,18803.4424,36.00792415,29.54810255,36.00792415,152.7570416,0,0,428.7438783,2908.137688,0,0,0,0.467899
2008,3,3,1,21848.81289,28.73816606,23.58253907,28.73816606,192.7201082,0,0,363.0153719,3365.261248,0,0,0,0.172656
2008,3,3,2,21970.12506,32.09639447,26.3383013,32.09639447,200,0,0,381.9053688,3277.393783,0,0,0,0.030786
2008,3,3,3,31600,26.73926195,21.94223835,44.2,201,0,0,381.7949474,3637,0,0,0,0.040435
2008,3,4,1,38846.22297,26.44090128,21.69740359,26.44090128,266.4479588,0,0,358.7859299,3587.085956,0,0,0,0.186631
2008,3,4,2,41176.98557,29.96038247,24.58548985,29.96038247,200,0,0,423.995482,3629.883712,0,0,0,0.036186
2008,3,5,1,140375.2827,19.84516627,16.28494344,19.84516627,426.8662493,0,0,383.5760077,4438.215953,0,0,0,0.012299
2008,3,6,1,23005.23965,23.88383671,19.12617644,23.88383671,186.962025,0,0,382.5235287,4750,0,0,0,0.171376
2008,3,6,3,30660.49051,24.25674297,19.42479977,40.09639613,175,0,0,388.4959954,4750,0,0,0,0.095564
2008,3,9,1,24883.51213,28.28995877,22.65459898,28.28995877,251.986738,0,0,466.6369349,4661.017183,0,0,0,0.326195
2008,4,1,1,21655.56777,31.69668685,26.01030123,31.69668685,179.279472,0,0,437.8042855,3228.992885,0,0,0,1.412775
2008,4,1,3,19700.61326,28.97761645,23.77903206,47.9,184,0,0,401.8656419,3688.063485,0,0,0,0.027786
2008,4,1,16,25137.37183,44.32600296,36.37391803,44.32600296,169.4685281,0,0,702.1197419,3472.190194,0,0,0,0.010279
2008,4,2,1,20570.24263,31.6775528,25.99459983,31.6775528,205.6598614,0,0,472.0430134,3474.793813,0,0,0,0.620006
2008,4,2,16,22082.95166,62.66466538,51.42262441,62.66466538,87.18636977,0,0,643.3814204,3087.883091,0,0,0,0.203885
2008,4,3,1,30100,26,21.3356,26,280,0,0,394.7086,3576,0,0,0,0.000965
2008,4,3,2,24397.50402,29.39206994,24.11913259,29.39206994,200,0,0,446.2039529,3414.937881,0,0,0,0.033001
2008,4,4,1,40163.08764,26.17321237,21.47773807,26.17321237,276.6145176,0,0,405.5947148,3758.849483,0,0,0,0.407933
2008,4,4,2,52200,34.7,28.47482,34.7,210,0,0,600.818702,3925,0,0,0,0.00349
2008,4,5,1,90156.83757,21.66322987,17.77684643,21.66322987,436.6117502,0,0,387.4526364,4581.354026,0,0,0,0.013821
2008,4,6,1,24856.9589,26,20.8208,26,251,0,0,416.416,5000,0,0,0,0.032531
2008,4,8,1,27222.36738,23.87019323,19.11525074,23.87019323,235.6806125,0,0,592.572773,5416.156811,0,0,0,0.028276
2008,5,1,1,23704.81017,26.99455625,22.15173286,26.99455625,238.3909337,0,0,405.1688799,3703.962839,0,0,0,0.506229
2008,5,1,3,23168.77846,27.68088442,22.71493375,45.75650194,216.6011111,0,0,393.2511354,3714.873087,0,0,0,0.282966
2008,5,2,1,21549.40218,30.40592954,24.95110578,30.40592954,213.5832326,0,0,403.9872041,3374.634203,0,0,0,0.122404
2008,5,4,1,46257.03481,24.6926663,20.26280197,24.6926663,279.1524598,0,0,392.1240533,3884.756229,0,0,0,0.15814
2008,5,4,3,45295,22.92800968,18.81472474,37.9,239,0,0,357.4797701,4450,0,0,0,0.006745
2008,5,5,1,86222.94645,21.80308584,17.89161224,21.80308584,368.7739327,0,0,429.2176107,4581.425767,0,0,0,0.03326
2008,5,7,16,28794.09805,40.74185625,32.62607849,40.74185625,133,0,0,489.3911773,4123.062211,0,0,0,0.004967
2008,5,8,1,27732.12747,21.1321,16.92258568,21.1321,291,0,0,372.1872357,4750,0,0,0,0.034401
2008,5,9,1,23763.23517,22.91584832,18.35101134,22.91584832,238.3497938,0,0,358.8795916,4396.881806,0,0,0,0.177699
2008,6,1,1,27856.02811,28.22054035,23.15777541,28.22054035,242.218061,0,0,341.6923893,3137.148082,0,0,0,0.037783
2008,6,2,1,22275.228,29.71529179,24.38436844,29.71529179,173.3689835,0,0,310.9668742,2549.431717,0,0,0,0.021711
2008,6,3,1,12904.00564,49.5,40.6197,49.5,70,0,0,353.39139,1821.091876,0,0,0,0.021627
2008,6,3,4,25920,142.6666667,117.0722667,342.4,168,0,114,114,2888,0,0,0,0.00048
2008,6,4,1,46016.86665,24.80418131,20.35431119,24.80418131,364.9472994,0,0,353.8909652,3211.185178,0,0,0,0.057172
2008,6,4,2,36800,32.6,26.75156,32.6,200,0,0,387.89762,3153,0,0,0,0.001973
2008,6,5,1,108914.1452,20.10382673,16.49720021,20.10382673,430.4607172,0,0,369.8680598,4226.130421,0,0,0,0.025571
2008,6,5,7,98000,101.6666667,83.42766667,244,248,0,244,244,2723,0,0,0,0.0008
2008,6,6,3,30394.26063,19.39375175,15.5305164,32.05787163,303.7670698,0,0,384.0248124,5268.752439,0,0,0,0.020504
2008,6,7,1,33306.83486,19.50567967,15.62014828,19.50567967,242.0960517,0,0,427.2054135,5275.815856,0,0,0,0.140466
2008,6,8,1,33135.84732,20.18412298,16.16344568,20.18412298,307.1800961,0,0,388.3685639,5436.941924,0,0,0,0.177955
2008,6,8,16,34870.42732,28.2089,22.58968712,28.2089,332,0,0,587.3318651,6000,0,0,0,0.003756
2008,6,9,1,34781.56967,20.12091977,16.11283255,20.12091977,304.3013111,0,0,379.4181189,5522.376044,0,0,0,0.139122
2008,6,9,3,38642.33642,18.09922405,14.49385862,29.91801736,317,0,0,405.8280414,6000,0,0,0,0.013709
2008,6,10,1,35375,18.4,14.73472,18.4,300,0,0,272.59232,6000,0,0,0,0.007751
2008,6,11,1,64945.58391,18.18185464,14.5600292,18.18185464,365.4595791,0,0,376.9534809,6083.005646,0,0,0,0.091042
2008,7,6,1,22479.9414,29.16223151,23.35311499,29.16223151,193.7959466,0,0,414.1771177,4228.131459,0,0,0,0.497404
2008,7,6,3,29420,19.66122202,15.74470659,32.5,305,0,0,332.2133091,4750,0,0,0,0.001806
2008,7,7,1,23276.5863,25.42917542,20.36368368,25.42917542,215.8511582,0,0,354.4574099,4090.056891,0,0,0,0.439171
2008,7,7,16,28197.01728,41.10570999,32.91745256,41.10570999,133,0,0,493.7617884,4106.21713,0,0,0,0.029282
2008,7,8,1,22251.42211,28.20130151,22.58360225,28.20130151,198.8712388,0,0,387.1443564,3920.433381,0,0,0,0.203493
2008,7,8,16,25645,36.725,29.40938,36.725,165,0,0,558.77822,4000,0,0,0,0.002103
2008,7,9,1,23706.44343,26.91933455,21.5570031,26.91933455,204.5686543,0,0,373.1780706,4151.315011,0,0,0,1.192366
2008,7,10,1,33985,22.7,18.17816,22.7,230,0,0,336.29596,4500,0,0,0,0.014659
2008,7,11,1,39270.52895,24.48393445,19.60673471,24.48393445,263.8963868,0,0,381.8193242,4582.84634,0,0,0,0.27704
2008,7,11,2,36715,26,20.8208,26,215,0,0,439.31888,4750,0,0,0,0.000233
2008,8,6,1,32357.63635,19.43379461,15.56258272,19.43379461,287.0797885,0,0,364.6687002,5268.32364,0,0,0,0.081152
2008,8,6,3,32198.62578,18.77625329,15.03602363,31.03714668,303.8563105,0,0,368.0926528,5307.180537,0,0,0,0.012701
2008,8,7,1,36210,20.7,16.57656,20.7,235,0,0,349.765416,5000,0,0,0,0.01623
2008,8,8,1,29391.28412,23.39750292,18.73672034,23.39750292,242.5904306,0,0,386.6257135,5089.436068,0,0,0,0.237298
2008,8,9,16,34200,35.2,28.18816,35.2,208,0,0,484.836352,5000,0,0,0,0.024241
2008,8,10,1,39300,20.8,16.65664,20.8,280,0,0,439.735296,5500,0,0,0,0.009397
2008,8,11,1,49905.91059,20.43031598,16.36059704,20.43031598,305.5407389,0,0,392.6416136,5513.843302,0,0,0,0.169396
2008,8,11,2,48027.71859,26.09227504,20.89469385,26.09227504,215,0,0,518.6228948,5524.759479,0,0,0,0.014136
2009,1,1,1,30915.79068,27.44202267,22.24724778,27.44202267,381.9587999,0,0,415.7314545,3336.296246,0,0,0,0.014466
2009,1,3,1,25990,29.9,24.23993,29.9,150,0,0,351.478985,3248,0,0,0,0.00649
2009,1,4,1,24342.48425,37.20985956,30.16603315,37.20985956,163.252095,0,0,400.7956611,2758.799071,0,0,0,0.051909
2009,1,5,1,100634.8397,25.91910516,21.01261856,25.91910516,386.9416758,0,0,369.0233386,3453.295466,0,0,0,0.010013
2009,1,6,1,27496.27163,23.29564717,18.40382245,23.29564717,233.1316965,0,0,379.1176973,4093.161597,0,0,0,0.052173
2009,1,6,3,29479.9642,19.17508802,15.14831954,31.6964205,299.9457423,0,0,332.7425231,4524.126601,0,0,0,0.002654
2009,1,7,1,20102.02851,25.6948692,20.29894667,25.6948692,166.6445235,0,0,393.1252999,3225.518942,0,0,0,0.049466
2009,1,8,1,25115.63376,24.40830879,19.28256395,24.40830879,219.3783571,0,0,369.9997976,3785.247608,0,0,0,0.036899
2009,1,9,1,21666.0013,24.15682261,19.08388986,24.15682261,225.6594655,0,0,400.7981412,3811.042726,0,0,0,0.14257
2009,2,1,1,20557.14864,33.00188307,26.7546266,33.00188307,170.7398365,0,0,378.238314,2916.990134,0,0,0,0.289368
2009,2,2,1,17651.3182,37.76621186,30.61706796,37.76621186,142.4193756,0,0,392.334913,2727.871588,0,0,0,0.534075
2009,2,2,11,16105,30.7,24.88849,250.1,113,0,0,170,2652,0,0,0,0.00159
2009,2,3,1,25719.64952,32.03989488,25.97474278,32.03989488,175.9381328,0,0,374.6835078,3175.863082,0,0,0,0.023211
2009,2,4,1,42446.33083,26.7103287,21.65406348,26.7103287,293.443229,0,0,338.7965466,3702.12529,0,0,0,0.09644
2009,2,4,2,43900,36,29.1852,36,300,0,0,464.04468,3825,0,0,0,0.001104
2009,2,5,1,88675.02943,21.70970237,17.60005571,21.70970237,506.4368589,0,0,338.9020998,4193.845132,0,0,0,0.005947
2009,2,6,1,37250.0849,19.49841381,15.40374691,19.49841381,376.1603294,0,0,400.4974197,4949.892561,0,0,0,0.075401
2009,2,6,3,29551.08672,19.44756919,15.36357966,32.14683188,310,0,0,491.6345492,4927.643461,0,0,0,0.034058
2009,2,7,1,26533.29307,20.775025,16.41226975,20.775025,246.4627662,0,0,457.1343592,5207.380756,0,0,0,0.095988
2009,2,7,3,38052.18608,19.8755838,15.7017112,32.85434002,320,0,0,526.0625347,5640.913767,0,0,0,0.111071
2009,2,8,1,29817.43512,20.6243855,16.29326454,20.6243855,284.9986711,0,0,474.1002078,5205.98548,0,0,0,0.173833
2009,2,8,3,36784.51898,25.07245321,19.80723804,41.44476516,313.9693343,0,0,542.2761803,5278.17912,0,0,0,0.166179
2009,2,9,1,27448.52519,19.18057655,15.15265547,19.18057655,360.8062016,0,0,410.269019,5051.242151,0,0,0,0.02064
2009,2,9,3,32274.85866,18.66578336,14.74596885,30.85453989,409.493025,0,0,491.764069,5454.000245,0,0,0,0.016344
2009,2,11,1,41699.65829,18.23010165,14.4017803,18.23010165,312.2120974,0,0,338.3707939,4926.780047,0,0,0,0.001273
2009,2,11,3,41408.0744,20.57908777,16.25747934,34.01723209,311.3940742,0,0,422.6944628,5348.697037,0,0,0,0.036856
2009,2,11,16,44288.62196,28.278,22.33962,28.278,332,0,0,580.83012,5641,0,0,0,0.000947
2009,3,1,1,16931.41803,35.45878099,28.74643374,35.45878099,153.6242991,0,0,384.8994702,2793.457311,0,0,0,0.615415
2009,3,1,3,25406.75024,29.02669716,23.53194339,47.98113041,227.4829176,0,0,379.0573792,3499.160657,0,0,0,0.015835
2009,3,2,1,18176.71598,37.33343725,30.26621758,37.33343725,146.0292481,0,0,424.6161954,2904.532927,0,0,0,0.569679
2009,3,2,16,23650,58.8,47.66916,58.8,110,0,0,586.330668,2877,0,0,0,0.019131
2009,3,3,1,23425.15238,30.01241926,24.3310683,30.01241926,177.2913443,0,0,342.4198843,3270.3914,0,0,0,0.112712
2009,3,3,2,23147.94209,43.59632691,35.34354223,43.59632691,146.9155867,0,0,512.4813623,3257.256217,0,0,0,0.042825
2009,3,4,1,36039.83702,27.42848753,22.23627484,27.42848753,247.4256147,0,0,317.9053613,3620.72537,0,0,0,0.16959
2009,3,4,2,39300,31.2,25.29384,31.2,200,0,0,366.76068,3130,0,0,0,0.000381
2009,3,4,3,33467.09167,26.60145475,21.56579936,43.97220469,228,0,0,375.2449089,3527,0,0,0,0.034549
2009,3,5,1,99026.61582,20.16326025,16.34635508,20.16326025,413.4766444,0,0,358.6949554,4288.841373,0,0,0,0.005245
2009,3,6,1,26346.0967,26,20.54,26,196.9399878,0,0,410.8,4335.403719,0,0,0,0.017963
2009,3,6,3,23890,24.80338778,19.59467635,41,175,0,0,391.8935269,4321,0,0,0,0.00324
2009,3,9,1,28428.51064,25.67204671,20.2809169,25.67204671,257.9215499,0,0,415.5961225,4364.514926,0,0,0,0.140191
2009,4,1,1,20292.5769,33.04144443,26.786699,33.04144443,187.1281138,0,0,445.2831256,3176.659138,0,0,0,0.914796
2009,4,1,3,23169.47046,29.27784228,23.73554674,48.39627329,214.2494028,0,0,392.8403972,3460.618251,0,0,0,0.006279
2009,4,1,16,26288.93443,43.8317023,35.53436105,43.8317023,212.314966,0,0,666.3624323,3514.316337,0,0,0,0.016043
2009,4,2,1,22431.74494,31.94286851,25.8960835,31.94286851,183.6713511,0,0,478.7425527,3335.876634,0,0,0,0.71776
2009,4,2,16,24960.17924,58.49437932,47.42139332,58.49437932,102.0652798,0,0,636.7169485,3206.60323,0,0,0,0.130607
2009,4,3,1,28521.644,29.20432633,23.67594735,29.20432633,200,0,0,438.0050261,3370.788628,0,0,0,0.014562
2009,4,4,1,41166.03202,26.53790222,21.51427733,26.53790222,322.8474312,0,0,415.6656741,3747.909003,0,0,0,0.285445
2009,4,4,2,54200,34.7,28.13129,34.7,210,0,0,593.570219,3860,0,0,0,0.001205
2009,4,5,1,132347.6719,20.80328129,16.86522014,20.80328129,435.7250595,0,0,378.272635,4666.669489,0,0,0,0.003779
2009,4,6,1,36780,23.8,18.802,23.8,197,0,0,376.04,4621,0,0,0,0.059839
2009,4,6,3,29645,24.80338778,19.59467635,41,175,0,0,391.8935269,4507,0,0,0,0.061767
2009,4,8,1,24452.35774,21.4217652,16.92319451,21.4217652,323.6538854,0,0,524.6190299,5266.379971,0,0,0,0.009806
2009,4,8,3,30182.79398,21.55775809,17.03062889,35.63497412,312.8416238,0,0,527.9494956,5346.006099,0,0,0,0.005247
2009,4,9,1,40505,23.9,18.881,23.9,244,0,0,396.501,4640,0,0,0,0.024299
2009,5,1,1,25742.25896,28.40635359,23.02903085,28.40635359,237.39317,0,0,415.5301052,3563.059401,0,0,0,0.401348
2009,5,1,3,26760.36366,28.39489037,23.01973762,46.93675378,215.2051384,0,0,399.2143347,3671.0797,0,0,0,0.18138
2009,5,2,1,20334.93626,30.80697997,24.97521866,30.80697997,199.0249031,0,0,389.9265522,3200.433561,0,0,0,0.059069
2009,5,4,1,43384.86804,22.7858567,18.47249403,22.7858567,318.8932679,0,0,353.8832694,4130.124557,0,0,0,0.060085
2009,5,4,3,46385,24.1984271,19.61766485,40,239,0,0,372.7356322,4413,0,0,0,0.011151
2009,5,5,1,99518.23298,20.75084175,16.82270741,20.75084175,378.3610565,0,0,386.2260237,4627.618392,0,0,0,0.022869
2009,5,6,1,25210.31338,20.92919907,16.53406727,20.92919907,201.8942076,0,0,369.5104434,4121.215131,0,0,0,0.067122
2009,5,7,1,26744.59156,25.32675791,20.00813875,25.32675791,235.3030018,0,0,361.8142154,4065.731132,0,0,0,0.060498
2009,5,8,1,34076.58167,20.6375266,16.30364601,20.6375266,295.8469328,0,0,358.6802123,4480.753082,0,0,0,0.013628
2009,5,9,1,27206.8426,24.43549271,19.30403924,24.43549271,247.9059503,0,0,375.4235775,3970.712965,0,0,0,0.044519
2009,6,1,1,29404.17754,27.86594203,22.5909192,27.86594203,215.6502415,0,0,293.6819496,2979.195048,0,0,0,0.00828
2009,6,2,1,24499.22688,30.76739785,24.94312944,30.76739785,168.6658065,0,0,317.5899868,2534.564516,0,0,0,0.00465
2009,6,3,1,16237.93563,49.5,40.12965,49.5,70,0,0,349.127955,1840.969723,0,0,0,0.014169
2009,6,4,1,51553.93935,26.69979119,21.64552072,26.69979119,310.7892938,0,0,366.207405,3215.367091,0,0,0,0.015804
2009,6,5,1,112428.3226,21.06694489,17.07897222,21.06694489,442.5410661,0,0,333.7801679,3668.341307,0,0,0,0.023243
2009,6,5,7,98000,101.6666667,82.42116667,244,248,0,244,244,3000,0,0,0,0.0009
2009,6,7,1,32545.1759,22.22682817,17.55919426,22.22682817,245.2674064,0,0,392.2328968,4788.085334,0,0,0,0.042269
2009,6,7,16,30857.7372,41.17292191,32.52660831,41.17292191,177,0,0,487.8991247,3739.193115,0,0,0,0.002382
2009,6,8,1,37775.72172,20.40207642,16.11764037,20.40207642,290.8639021,0,0,439.8988079,5243.7859,0,0,0,0.029589
2009,6,8,3,43289.69755,25.48437863,20.13265912,42.12567788,315.3476799,0,0,541.9999577,5444.702757,0,0,0,0.05948
2009,6,8,16,52560.45407,28.10149672,22.20018241,28.10149672,332,0,0,548.2994391,5482.053653,0,0,0,0.00479
2009,6,9,1,39294.97553,21.57000586,17.04030463,21.57000586,362.5039382,0,0,393.0572392,4691.413678,0,0,0,0.039231
2009,6,9,3,45730.52191,18.56003767,14.66242976,30.67974227,423.9889175,0,0,410.5419829,5626.084021,0,0,0,0.00388
2009,6,11,1,68055.86814,18.46383404,14.58642889,18.46383404,389.4824142,0,0,362.9593016,5635.115969,0,0,0,0.021523
2009,6,11,3,61111.33918,18.58444982,14.68171536,30.72009555,379.5446686,0,0,414.7678864,5719.144005,0,0,0,0.022902
2009,6,11,16,68076.59236,28.278,22.33962,28.278,332,0,0,565.6619449,5932,0,0,0,0.00157
2009,7,2,1,27548.19418,28.79773139,22.7502078,28.79773139,174.6469377,0,0,384.4785118,3436.857525,0,0,0,0.03641
2009,7,6,1,24273.4448,25.47118386,20.12223525,25.47118386,189.8770251,0,0,353.7263075,3808.341505,0,0,0,0.17345
2009,7,7,1,26953.08382,26.89514698,21.24716612,26.89514698,225.6626571,0,0,363.7973195,3624.732334,0,0,0,0.180733
2009,7,7,16,30314.12334,41.56174226,32.83377638,41.56174226,227.8533739,0,0,495.7900234,3730.176991,0,0,0,0.01808
2009,7,8,1,26081.79016,25.6200857,20.23986771,25.6200857,209.8649682,0,0,377.6356869,3809.265564,0,0,0,0.085565
2009,7,8,3,21069.15417,32.44910683,25.6347944,53.63837359,168,0,0,410.1567103,3210.419054,0,0,0,0.078219
2009,7,8,16,28160,36.77199904,29.04987924,36.77199904,170.3110157,0,0,522.8978263,3788,0,0,0,0.003958
2009,7,9,1,25589.77506,28.03806981,22.15007515,28.03806981,201.4444641,0,0,386.3752094,3684.39006,0,0,0,0.925618
2009,7,9,16,34592.26323,35.36008357,27.93446602,35.36008357,207.3581244,0,0,478.9278674,4491.003064,0,0,0,0.01077
2009,7,10,1,30160.5427,25.68128866,20.28821804,25.68128866,199.0841167,0,0,376.0525457,4078.091347,0,0,0,0.037341
2009,7,11,1,38624.81322,24.32813939,19.21923012,24.32813939,263.0690306,0,0,370.4620633,4091.274362,0,0,0,0.110183
2009,7,11,3,38983.16357,18.97883798,14.993282,31.37201917,305,0,0,316.3582502,4473.127621,0,0,0,0.003338
2009,8,6,1,34027.61696,20.48412231,16.18245662,20.48412231,279.5952293,0,0,373.76085,4776.642015,0,0,0,0.010858
2009,8,6,3,34966.7667,19.31639182,15.25994953,31.92999567,303.0605973,0,0,409.1822358,4943.520271,0,0,0,0.006931
2009,8,8,1,35168.42804,23.89660034,18.87831427,23.89660034,244.5241842,0,0,415.322914,4854.641729,0,0,0,0.174887
2009,8,9,1,31729.22985,23.24018521,18.35974631,23.24018521,249.6046658,0,0,385.5905297,4495.034014,0,0,0,0.08423
2009,8,10,2,39300,26.2,20.698,26.2,225,0,0,546.4272,5086,0,0,0,0.000833
2009,8,11,1,49097.67615,21.06144728,16.63854335,21.06144728,306.03365,0,0,387.8012354,4870.803022,0,0,0,0.127786
2009,8,11,2,51103.86334,26.24716215,20.7352581,26.24716215,227.012387,0,0,510.2434201,5143.05432,0,0,0,0.009849
2009,8,11,3,41505,18.93526921,14.95886267,31.3,305,0,0,315.6320024,5098,0,0,0,0.000349
2009,8,11,16,45193.68182,26.9,21.251,26.9,352.9863636,0,0,573.777,5627.709091,0,0,0,0.00066
2010,1,1,1,30519.62538,26.65178769,20.64120543,26.65178769,202.858006,17.7,0,367.2616314,3564.969789,0,43.5,0,0.000331
2010,1,2,1,33745,24.1927,19,24.1927,288,19.8,0,376.2,3840,0,43.7,0,0.000335
2010,1,3,1,23273.59798,36.71531731,27.69865464,36.71531731,146.2078478,13.35565573,0,372.0454154,2699.144334,0.061263073,38.98717873,0,0.037157
2010,1,5,1,116900.6208,23.73634176,18.40114778,23.73634176,418.7618118,17.32543554,0,322.1181108,3802.60669,0,42.61925909,0,0.007175
2010,2,1,1,22220.61458,28.5587931,21.81505831,28.5587931,213.881761,16.07768001,0,358.0859526,3214.233794,0,45.2446809,0,0.139328
2010,2,2,1,16122.95089,38.90651004,28.87772307,38.90651004,135.4037837,12.8127199,0,370.2544687,2596.836294,0.602815169,42.92579282,0,0.351245
2010,2,3,1,24271.69509,32.48744802,24.6046133,32.48744802,167.2258936,14.09495488,0,348.7878609,3017.454772,0.083936048,41.12244013,0,0.028146
2010,2,4,1,41873.9896,27.76955814,21.23850925,27.76955814,268.651187,17.16699298,0,368.6106742,3640.966824,0,45.5649283,0,0.107668
2010,2,5,1,102485.1566,20.6925269,16.14057944,20.6925269,425.6982992,19.67532984,0,320.5670164,4157.19663,0,47.73841997,0,0.006291
2010,3,1,1,17533.76607,34.72254173,26.31357638,34.72254173,166.0622729,14.28450823,0,374.8696843,2854.694949,0.218375472,43.43416005,0,0.610892
2010,3,1,3,23179.23625,31.01889945,23.85476105,51.42116783,187.0442974,16.1490835,0,386.5822132,3394.781399,0,46.53312967,0,0.023568
2010,3,2,1,17971.60487,38.00096387,28.27364632,38.00096387,142.9335061,13.89819273,0,393.6383054,2813.399868,0.211053275,43.19664684,0,0.774703
2010,3,3,1,20372.28256,31.58067809,25.28401342,31.58067809,177.328468,14.65581654,0,370.7912145,3175.032492,0,43.53084531,0,0.098177
2010,3,3,2,23317.98541,42.2171988,32.08507109,42.2171988,140,14.5,0,465.2417938,3199.839663,0,43.56996353,0,0.03565
2010,3,4,1,35746.99787,26.73233959,20.64359927,26.73233959,300.1123814,17.86341671,0,373.7804803,3708.096302,0.028357245,47.05550314,0,0.199695
2010,3,4,2,44825,36.0078,27,36.0078,265,16.1,0,434.7,3825,0,45,0,0.001723
2010,3,4,3,35766.35598,26.63563684,20.61961061,44.24106563,228,17.4,0,358.980116,3604.481359,0,45.1,0,0.025347
2010,3,4,16,35368.82228,46.94363691,34.7615705,46.94363691,189.0114008,14.55652957,0,506.5127046,3687.942178,0,44.53418067,0,0.018332
2010,3,5,1,127898.3906,19.83019919,15.50002159,19.83019919,416.4954499,22.50104483,0,351.6435457,4505.508595,0.829055612,50.52760364,0,0.002967
2010,4,1,1,20631.38442,33.76650219,25.61502969,33.76650219,175.1001315,16.84188029,0,432.951197,3181.29704,0.135542641,45.63769777,0,1.097736
2010,4,1,3,23275.17831,32.20735064,24.69701872,53.09018185,182.1549647,16.1222825,0,399.9319644,3440.164886,0,46.77259189,0,0.048482
2010,4,1,16,28220.50321,52.89825297,38.14752298,52.89825297,192.0637101,17.45587577,0,665.583296,3689.642726,0,45.99117515,0,0.040182
2010,4,2,1,20776.20103,32.86311462,25.2405363,32.86311462,187.8451872,18.44235897,0,467.28795,3281.801362,0,47.01517333,0,0.39
2010,4,2,16,23340.32276,68.97727401,48.82448934,68.97727401,136.7115878,12.17115878,0,594.4781473,3074.641377,0,44.3483699,0,0.264063
2010,4,3,1,27695,32.2629,25.2229,32.2629,200,18.5,0,466.62365,3331,0,45.3,0,0.010243
2010,4,4,1,42046.25373,26.69924578,20.59034324,26.69924578,284.9823709,18.72384704,0,386.9208858,3810.124253,0.002419127,47.65050066,0,0.349536
2010,4,4,3,36234.29395,28.28730861,21.96461304,46.79657878,228,17.46616711,0,383.6974339,3385.80343,0,45.9,0,0.061922
2010,4,5,1,85508.97634,21.6268755,16.65214917,21.6268755,445.650319,21.18956672,0,359.1957602,4613.736709,0,51.8449362,0,0.007524
2010,4,5,16,109675,26.9406,21,26.9406,438,22.2,0,466.2,4760,0,53.6,0,0.000093
2010,5,1,1,26245.83153,27.87977643,21.44510861,27.87977643,230.5396125,18.66334501,0,402.0112813,3701.999541,0,50.91790214,0,0.320202
2010,5,1,3,26571.55999,27.95178952,21.1010265,46.38570575,213.5245123,17.47177142,0,369.0221787,3690.126347,0,48.21218171,0,0.159838
2010,5,2,1,23248.44299,31.76725451,24.47507281,31.76725451,211.5347015,18.5,0,453.3741224,3287.425707,0,47.83356825,0,0.263216
2010,5,4,1,45469.96162,23.99411357,18.51016843,23.99411357,310.71623,18.91338856,0,351.7098833,4119.73642,0,50.4279599,0,0.051066
2010,5,4,3,47470,24.1841,19,40.07467731,224,19,0,361,4345,0,55.5,0,0.009559
2010,5,5,1,99577.51098,22.17444932,17.33765086,22.17444932,398.1917409,23.50713283,0,411.4367658,4531.393551,0,54.44827731,0,0.028502
2010,6,2,1,24992.38364,30.97074359,23.48922072,30.97074359,162.4987306,12.7,0,298.4482087,2492.334415,0,37.4,0,0.00709
2010,6,3,1,13144.98464,49.5029,36,49.5029,70,8.7,0,313.2,1812.487865,0,26.8,0,0.003255
2010,6,4,1,45675.87502,25.94774856,20.05912172,25.94774856,353.6606468,18.14446879,0,366.4232718,3213.111266,0.001202358,43.45593547,0,0.026468
2010,6,5,1,144329.0552,19.17707876,15.20694376,19.17707876,550.891585,20.1181211,0,304.9610758,3441.340383,0.066668522,44.80491986,0,0.004492
2010,7,1,1,17053.43212,34.27214665,25.85810565,34.27214665,144.7493876,13.18186341,0,341.5500203,2864.296362,0,42.79154549,0,0.184919
2010,7,2,1,16943.51235,35.49211115,26.77363053,35.49211115,136.6438322,12.58520367,0,335.4655698,2725.89264,0,41.19695724,0,0.13846
2010,7,3,1,26635.16798,31.17679153,24.59349132,31.17679153,185.6653277,16.17561621,0,398.4033134,3325.710517,0.420789191,43.2522914,0,0.010954
2010,7,3,2,25574.99256,42.19468504,32.06796063,42.19468504,140,14.62615741,0,469.0295966,3248.996197,0,42.26395503,0,0.024192
2010,7,4,1,35704.58143,27.89866532,21.26526548,27.89866532,235.1624023,16.7261529,0,358.5014583,3533.511261,0,45.0704918,0,0.006527
2010,8,3,1,34400,26.2718,20.8156,26.2718,235,18.5,0,385.0886,3527,0,48.1,0,0.001496
2010,8,4,1,38073.77997,24.58657274,18.85052033,24.58657274,283.7185554,18.5658585,0,351.454621,3987.287321,0.090443836,48.72170766,0,0.025696
2010,1,8,1,24303.85018,24.63153714,19.09456236,24.63153714,229.7721636,19,0,364.6987181,3755.432785,0.058243045,50.71870798,0,0.033467
2010,1,9,1,23609.82257,23.33578387,17.99005147,23.33578387,222.5906719,21.02924098,0,381.2892168,4001.247507,0.052063902,55.3728463,0,0.157717
2010,2,6,1,33168.97494,19.80356352,15.42272984,19.80356352,360.0009715,25.66572758,0,396.1529096,5113.588075,0,65.19018598,0,0.092643
2010,2,6,3,31639.44634,19.3770927,15,31.63732201,302,25.64874314,0,384.7311471,5058.161031,0.933205257,65.50997065,0,0.039185
2010,2,8,1,30953.22866,21.66510947,16.74836577,21.66510947,195.7601176,26.01520235,0,436.3592229,5082.983058,0,55.81790729,0,0.024141
2010,2,8,3,32530.88844,21.26002824,16.57934425,35.39434781,301.8372338,26.00063577,0,432.0173832,5170.768047,0.042447086,66.38659362,0,0.248516
2010,2,8,16,39335,28.4089,22,28.4089,379,26,0,572,5573,0,67.4,0,0.000757
2010,2,9,1,31898.60891,20.01228076,15.57776089,20.01228076,332.880154,26.0436423,0,407.2129664,5157.115145,0,58.94706748,0,0.112753
2010,2,9,3,34914.20286,18.87820864,14.8718438,31.32033896,362.355808,26.8661048,0,399.6135624,5370.550773,0,60.29594551,0,0.046393
2010,2,11,3,40311.66667,18.30540476,14,30.55112727,403,26,0,364,5261.77245,0,73.9,0,0.004922
2010,2,11,16,45064.26448,28.2948397,21.17624274,28.2948397,379,26,0,550.7605634,5743.627543,0,67.4,0,0.000639
2010,3,7,1,23132.5,30.3673,23,30.3673,140,15.4,0,354.2,3405,0,48.1,0,0.037389
2010,3,9,1,18745,30.69710812,23.06414656,30.69710812,153,15.9,0,366.7613151,3422,0,45.3,0,0.02015
2010,4,6,1,29509.26896,24.23128333,18.39293976,24.23128333,208.5363545,20,0,368.5454477,4515.161397,0,54.7,0,0.213784
2010,4,6,3,23272.1701,24.9763,19,40.99824323,175,20,0,380,4323.705298,0,54.7,0,0.072704
2010,4,8,1,25840,21.723,17,21.723,195,31,0,527,4919,0,63.7,0,0.008435
2010,4,8,3,28017.13322,18.41613053,14.14397671,30.71955147,301,31,0,438.7334049,5091.758547,0,70.15282845,0,0.006523
2010,4,9,1,26625.88328,25.42412788,19.15950318,25.42412788,251.0748958,20.71024458,0,397.5538225,4351.465454,0,55.85717957,0,0.184029
2010,4,10,1,27300,24.15688363,18.32570956,24.15688363,206.5976182,20,0,367.1093468,4483,0,54.7,0,0.016626
2010,5,6,1,28301.02468,21.38220339,16.88755013,21.38220339,212.4479479,19.44824945,0,328.6229184,4204.663514,0,44.22060409,0,0.148553
2010,5,8,1,34170,20.46150443,15.96950679,20.46150443,245,23,0,367.3412346,4698,0,50.5,0,0.002025
2010,5,8,3,42485,18.1852,14,29.94222152,300,23,0,322,4849,0,50.5,0,0.000386
2010,5,9,1,29207.43536,23.30907267,17.99283027,23.30907267,258.2944378,21.56150875,0,390.1687165,4418.196432,0,47.10515238,0,0.114452
2010,5,11,1,49560,16.5938,13.285,16.5938,420,21.1,0,280.3135,4788,0,51.2,0,0.001029
2010,6,6,1,43610,19.8254,15,19.8254,390,21.1,0,316.5,5185,0,47.6,0,0.002657
2010,6,8,3,43507.11011,21.72299971,16.92758359,36.15623252,304.7906445,26.79636286,0,453.708325,5513.273703,0,55.52325181,0,0.079568
2010,6,8,16,51298.88614,28.32879579,21.4156388,28.32879579,379,26,0,557.1014851,5766.835396,0,54.5,0,0.000808
2010,6,9,1,48082.10792,20.6804626,15.99936332,20.6804626,335.9063062,24.63595374,0,394.106564,5566.289482,0.012580449,52.64718293,0,0.025594
2010,6,9,3,43330,18.4385,14,30.45713714,381,26.4,0,369.6,5985,0,58,0,0.006061
2010,6,11,1,67257.85714,18.04437928,13.91256582,18.04437928,342.2111801,26.87535767,0,374.2962524,5920.69314,0.409511829,54.43529904,0,0.014329
2010,6,11,3,62697.69048,20.66354764,15.1928057,34.29578532,403,26.31109939,0,400.2568767,5662.748748,0.586573161,54.90442921,0,0.022758
2010,6,11,16,74735,28.4089,22,28.4089,379,26,0,572,5727,0,54.5,0,0.000308
2010,7,6,1,23097.17111,25.6533493,19.63246312,25.6533493,188.5766376,16.58988996,0,324.5041517,3680.989126,0,44.15052781,0,0.138496
2010,7,8,1,25703.40838,27.74976589,21.41983509,27.74976589,211.6984293,18.12858639,0,389.4064921,3629.858377,0,44.78062827,0,0.00382
2010,7,8,3,19565.07858,32.52026447,25.01246672,53.85324435,151.8739051,16,0,400.2073429,3155,0,42.5,0,0.063817
2010,7,9,1,23076.67305,30.26961721,23.00292619,30.26961721,184.9140958,16.38217437,0,377.4874563,3451.66632,0.014023264,44.63176537,0,0.788006
2010,7,9,3,28718.24324,26.89659141,20.34982696,44.55367572,240,16.5,0,335.9565637,3497.600386,0,43.5,0,0.000518
2010,7,9,16,32595,41.68718058,30.64150943,41.68718058,240,15.1,0,463.7857143,3747.142857,0,43.6,0,0.000007
2010,7,10,1,25308.6918,26.65278289,20.54244505,26.65278289,200,16.8,0,345.3160583,3521.203599,0,44,0,0.017505
2010,7,11,1,37249.53145,23.74863203,18.35317741,23.74863203,256.7187804,17.67355183,0,325.0412748,4033.593947,1.48467851,46.2455882,0,0.044211
2010,8,6,1,24164.62179,24.67949252,19.22501597,24.67949252,220.6479172,20.61169228,0,397.1852016,3993.981411,0,49.1,0,0.074562
2010,8,8,1,30974.67814,27.16709515,20.97884389,27.16709515,245.8426291,20.45707551,0,433.1289656,4336.173585,0,52.18156441,0,0.410635
2010,8,9,1,32107.86614,25.95227111,19.92947251,25.95227111,254.7400845,19.47460489,0,389.0018658,4122.044298,0,49.10652943,0,0.50885
2010,8,9,3,38010,18.5824,15,30.85975258,317,28,0,420,5372,0,57.9,0,0.008915
2010,8,9,16,35500,35.1911,26,35.1911,280,17.2,0,447.2,4508,0,48.8,0,0.009395
2010,8,10,1,37575.25198,24.33372605,18.86755347,24.33372605,259.9349532,19.25940022,0,364.8669726,4215.6472,0.102749216,48.55841985,0,0.044983
2010,8,11,1,50900.22278,21.16728547,16.46301487,21.16728547,310.7490775,23.45688858,0,387.9641975,4909.049881,0.004216965,51.50039778,0,0.173715
2010,8,11,2,52525.86047,25.54095157,19.81617298,25.54095157,232.723193,24.77609302,0,495.1685635,5251.361053,0,52.17123819,0,0.014707
2010,8,11,3,42158.76975,20.40938767,15.8287526,33.98119099,306.5249546,29.96407102,0,480.3831959,5689.806375,0,59.86047812,0,0.007153
2010,8,11,16,45142.03384,38.67728198,28.71062881,38.67728198,298.7552607,19.39333076,0,558.5298548,4651.92867,0,48.23731856,0,0.023286
2011,1,1,1,29579.65087,28.92787128,22.20554544,28.92787128,178.6543353,17.7,0,395.0680925,3512.857803,0,43.5,0,0.00173
2011,1,3,1,22567.92141,40.61296865,30.32739209,40.61296865,148.5618212,13.2,0,400.8037787,2617.389789,0,38.75500289,0,0.031122
2011,1,4,1,64000,25.73168697,20.81801651,25.73168697,293.8962536,15.6,0,324.8392586,3077.864553,0,43.5,0,0.000347
2011,1,5,1,118329.1964,24.74499687,19.09534355,24.74499687,432.126195,17.52312301,0,338.031483,3519.708349,0,41.33478649,0,0.007845
2011,2,1,1,20056.34083,36.65969927,27.64529913,36.65969927,176.2942733,14.20727746,0,393.7018793,2906.627678,0,42.255091,0,0.155274
2011,2,2,1,19189.37128,38.9609147,28.69380062,38.9609147,137.9916603,12.99812745,0,373.0532937,2635.827926,0,43.18424675,0,0.173507
2011,2,3,1,28780.6624,33.23343725,25.28207633,33.23343725,201.4106306,13.69417593,0,352.5850843,3076.752109,0,41.52595394,0,0.014938
2011,2,4,1,42990.04599,27.19378361,20.81585643,27.19378361,301.661396,17.34548801,0,364.2080424,3710.100022,0,45.89308482,0,0.18309
2011,2,4,4,50000,145.4603,101.8222,354.0979723,168,0,94,94,4050,28.4,42.9,0,0.000699
2011,2,5,1,134125.8569,19.58277169,15.26762259,19.58277169,445.7106947,21.65086837,0,330.5738117,4212.030165,0,50.12993601,0,0.002188
2011,2,5,3,231061.6452,16.80726601,13.45657294,27.74981711,621,23.8,0,320.3654431,5101.445161,0,49.2,0,0.000465
2011,3,1,1,19897.21803,34.21840974,25.87729815,34.21840974,180.5765735,14.85425169,0,382.5762443,2962.558011,0.020813917,43.65652314,0,0.297211
2011,3,1,3,29592.5,29.1393,22,48.24611968,283,16.9,0,371.8,3820,0,47.3,0,0.007225
2011,3,1,6,41000,81.94208019,60.29237406,106.4768997,149,9.3,35,377.93378,3781,15.66,44.6,0.64,0.00437
2011,3,2,1,19355.129,36.95128569,27.73543751,36.95128569,147.4881955,14.17918461,0,393.2760369,2855.79243,0.020403604,43.23164336,0,0.431743
2011,3,2,16,30885,57.4981,41.5896,57.4981,134,11.9,0,494.91624,3130,1.313,42.6,0,0.010216
2011,3,3,1,22001.38684,33.09537306,26.19494916,33.09537306,171.4341506,14.63163774,0,383.2293445,2913.466908,0,43.62256681,0,0.152454
2011,3,3,2,23926.64302,42.21867983,32.08619667,42.21867983,140,14.5,0,465.25818,3125.403131,0,43.35140032,0,0.03066
2011,3,4,1,36151.79908,26.92835277,20.69265162,26.92835277,272.3879653,16.8940422,0,351.3315793,3603.637712,0,46.08063896,0,0.23507
2011,3,4,2,44825,36.0078,27.2785,36.0078,265,15.9,0,433.72815,3825,0,45,0,0.007044
2011,3,4,3,37414.48841,26.6231674,20.63247278,44.22641786,228,17.4,0,359.2010594,3560,0,45.1,0,0.025675
2011,3,4,16,40640.33981,43.70814923,32.41540333,43.70814923,210.381877,15.15713772,0,496.0230133,3751.075872,1.635213952,44.89733909,0,0.002781
2011,3,5,1,105780.6214,21.31981846,16.56969725,21.31981846,415.0702679,21.97593325,0,366.2198042,4315.216952,0,50.03381643,0,0.002277
2011,4,1,1,21560.0148,35.01820935,27.35118555,35.01820935,168.3588774,16.21798606,0,450.6039955,3171.319689,0,45.71768416,0,1.218299
2011,4,1,3,24713.8196,30.52208766,23.36079074,50.38100482,229.5521112,16.90101658,0,396.0969445,3491.970534,0.042659812,46.68653876,0,0.139586
2011,4,1,4,33600,141.6906,99.18342,344.9212888,107,0,73,73,3400,23.76,44.7,0,0.008495
2011,4,1,16,27188.67543,52.04694238,37.25811585,52.04694238,198.7001883,17.4763759,0,651.201232,3571.904872,0.853485558,46.93892601,0,0.032924
2011,4,2,1,22526.95051,33.15546225,25.59440414,33.15546225,185.3789359,18.48538555,0,474.0886874,3268.075365,0,46.98621805,0,0.549552
2011,4,2,16,25737.17155,66.87931073,47.26491328,66.87931073,139.7164111,12.47164111,0,591.1934008,3110.812647,1.343145979,44.51278476,0,0.149819
2011,4,4,1,42758.94794,27.4952719,21.11534243,27.4952719,292.5185936,18.71960768,0,398.2052626,3851.188594,0.069252907,48.49013279,0,0.37954
2011,4,4,2,51775,32.06994262,25.08196721,32.06994262,210,21.1,0,529.2295082,3825,0,49,0,0.003408
2011,4,4,3,41805,28.05025454,21.28770913,46.60299399,220,18.5,0,394.7508122,3803,0,44.3,0,0.001539
2011,4,4,16,35180,54.1846,39,54.1846,191,17.5,0,682.5,3752,0,45.9,0,0.004785
2011,4,5,1,88151.81908,23.11359148,18.03132172,23.11359148,408.0855141,22.60881929,0,415.2587107,4532.825263,0,52.89594066,0,0.004853
2011,4,5,3,192645,16.6952,13.3448,27.54009265,621,23.8,0,317.60624,5451,0,53.3,0,0.000258
2011,4,5,16,110875,26.9406,20.4141,26.9406,438,22.2,0,453.19302,5360,1.872,53.6,0,0.000099
2011,5,1,1,25218.65211,32.10152939,24.93916098,32.10152939,230.8370434,18.71997417,0,470.7967348,3441.092068,0,49.2653563,0,0.422045
2011,5,1,3,26987.96357,28.21751495,21.7767327,46.80511633,218.6094941,17.55002931,0,382.6444601,3773.268914,0,48.51687133,0,0.252452
2011,5,2,1,26734.13875,33.12730186,25.53396446,33.12730186,211.2110816,18.5,0,474.7327335,3346.859372,0,47.64831399,0,0.251571
2011,5,4,1,48614.70906,24.24184112,18.82206601,24.24184112,324.4343601,19.04505052,0,359.7764862,4219.910694,0,51.55395983,0,0.057107
2011,5,4,3,50705,24.1152,19,39.96839261,224,19,0,361,4135,0,55.5,0,0.013305
2011,5,5,1,95309.34352,22.90733073,17.83570731,22.90733073,387.4306387,22.51487825,0,406.3989155,4429.887113,0.282909304,54.4172503,0,0.044434
2011,6,2,1,22465.54987,42.33690036,31.63809843,42.33690036,132.0182317,11.12430432,0,359.48851,2622.112086,0.435754889,38.97569568,0,0.021885
2011,6,3,1,14890.46053,49.5029,36,49.5029,70,8.7,0,313.2,1815.034211,0,26.8,0,0.00304
2011,6,3,4,20000,177.001,123.9007,430.8783578,70,0,63,63,1958,18.468,26.8,0,0.000502
2011,6,4,1,49066.95544,25.97686349,20.06931404,25.97686349,353.4930989,17.30324739,0,349.4101796,3210.318223,0,43.30333847,0,0.028546
2011,6,5,1,149532.5873,19.43831587,15.53777234,19.43831587,487.3456532,21.38463505,0,333.2024401,3751.201883,0,44.25195258,0,0.008604
2011,6,5,3,269595,17.7561,14.1289,29.35048004,621,23.8,0,336.26782,4939,0,49.2,0,0.000086
2011,7,1,1,21392.20807,33.11505533,25.07763184,33.11505533,166.8665276,14.89629959,0,372.7606032,3120.75901,0.262239263,43.7940056,0,0.456409
2011,7,1,3,23186.63621,30.35688433,23.13666498,50.30810718,190.348995,16.61083959,0,385.7813546,3253.652894,0.72414655,42.96114516,0,0.114377
2011,7,1,16,31830.65568,44.1352,32,44.1352,177,15.09917085,0,483.1734672,3652.140956,0,43.6,0,0.004583
2011,7,2,1,22091.94638,32.39051079,24.55984442,32.39051079,171.0114896,14.74697647,0,360.7730389,3185.305648,0,43.17921637,0,0.246136
2011,7,2,3,28110,27.8958,21,46.29055682,240,17.5,0,367.5,3385,0,43.4,0,0.00011
2011,7,3,1,25685.97168,32.16104205,25.33142415,32.16104205,185.4817367,14.68101487,0,372.6303665,3316.14895,0,42.28957787,0,0.009144
2011,7,3,2,26520.11466,42.18081301,32.05741789,42.18081301,140,14.69937715,0,471.2189282,3301.000647,0,42.35955997,0,0.024725
2011,7,4,1,35625.55435,26.95976449,20.63609418,26.95976449,255.8026222,18.06241716,0,373.6901939,3749.604386,0,45.56858641,0,0.020975
2011,8,1,1,28175.85714,30.14257835,22.93465615,30.14257835,219.5454417,18.86241391,0,435.8730305,3858.050374,0,48.86902509,0,0.515188
2011,8,1,3,27643.91525,24.93676326,19.22943794,41.34919421,264,18.45544783,0,355.0298449,3883.003018,0,49.04446228,0,0.03115
2011,8,2,1,26127.14097,29.76170856,23.50640806,29.76170856,187.0995408,17.0057613,0,402.2889826,3636.689547,0,48.34850186,0,0.059674
2011,8,3,1,33152.97381,26.83378964,20.82989454,26.83378964,244.0832049,18.92465331,0,393.9714946,4024.035439,0,48.49799692,0,0.001298
2011,8,4,1,40309.56394,25.84370657,19.89346529,25.84370657,275.6201444,19.56999782,0,390.7953413,4246.714796,0.05127167,48.69892408,0,0.082534
2011,8,4,16,44110,40.3557,30,40.3557,295,19.5,0,585,4520,1.872,48,0,0.002349
2011,1,7,1,20904.37109,23.67700835,18.45252984,23.67700835,176.4684531,18.90368072,0,354.2087937,3267.757105,0,50.29008209,0,0.099043
2011,1,8,1,24188.05079,24.62557996,19.07885437,24.62557996,225.2880194,19,0,364.7356965,3751.028182,0,50.7315321,0,0.031793
2011,1,9,1,24755.96275,23.35458638,18.39499052,23.35458638,223.8028423,21.1,0,395.3042861,4015.920756,0,55.52298019,0,0.171761
2011,2,6,1,31957.65295,20.01891104,15.3936295,20.01891104,360.0741085,25.58675671,0,394.1416724,5111.27437,0,65.20131695,0,0.124682
2011,2,6,3,29020.90395,19.44023165,15.01815118,31.72092769,302,25.60567302,0,384.5105281,5056.71413,0,65.42071696,0,0.045972
2011,2,7,1,37823.91749,22.64480512,17.23944306,22.64480512,360,31,0,534.7502057,5403.248467,0.012779768,75.95077179,0,0.113049
2011,2,7,3,30741.60888,21.60630384,16.8667921,35.93754025,337.5376009,31,0,525.4056948,5778.406813,0,72.06129612,0,0.245872
2011,2,8,1,30356.05021,21.59323483,16.72424261,21.59323483,195,26,0,435.5694916,5103.054336,0,55.9,0,0.039753
2011,2,8,3,32722.53465,21.24525999,16.57803785,35.36924986,314.3315067,26,0,432.0670758,5171.930725,0,66.66911784,0,0.453294
2011,2,8,16,39335,28.541,21.0844,28.541,379,26,0,548.1944,5573,1.872,67.4,0,0.000467
2011,2,9,1,32568.02638,19.99820701,15.54199239,19.99820701,332.1564742,25.88390789,0,403.984403,5146.818944,0,59.33079869,0,0.097147
2011,2,9,3,34780.95837,18.7850672,14.82396144,31.16736009,357.7599855,26.98100036,0,400.0598992,5352.485234,0,61.23353188,0,0.035927
2011,2,11,1,44369.75695,16.43638622,12.5291922,16.43638622,415,31,0,389.3416402,6009.258641,0,73.27164381,0,0.019181
2011,2,11,16,43520.15541,28.38432393,20.95633853,28.38432393,370.0332262,26,0,544.866492,5771.111468,1.872,67.4,0,0.000933
2011,3,7,1,23132.5,29.6635,23,29.6635,140,15.4,0,354.2,3405,0,48.1,0,0.028091
2011,4,6,3,27680.35178,25.9349,20,42.78675054,283,20,0,400,4321,0,54.7,0,0.139118
2011,4,7,1,33238.17188,14.37349641,11.56626506,14.37349641,305,33,0,382.3875,6240,0,65.2,0,0.00008
2011,4,7,3,30730.74443,17.38601547,13.59355707,28.91072393,237.3191095,33,0,449.2049633,5808.228819,0.234591837,65.2,0,0.003234
2011,4,8,1,25840,21.6951,17,21.6951,195,31,0,527,4919,0,63.7,0,0.007302
2011,4,8,3,29757.00171,18.0398155,13.86169062,30.05517668,303.312964,31,0,431.0832381,5360.568675,0,69.47200171,0,0.007004
2011,4,9,1,33612.00854,26.79649673,20.30271549,26.79649673,258.3937655,20.37664929,0,414.9006484,4441.226662,0,55.95384777,0,0.323746
2011,4,10,3,32850,25.9349,20,42.78675054,283,20,0,400,4321,0,54.7,0,0.011778
2011,5,6,1,26928.33333,21.80394893,16.51924695,21.80394893,200,22.5,0,371.6834008,4343.463448,0,42.67016959,0,0.103837
2011,5,9,1,30144.23644,23.09390937,17.91076352,23.09390937,266.6894415,21.84997617,0,393.9669581,4515.547498,0,47.66029288,0,0.115405
2011,6,7,3,44779.95386,19.41008375,15.41877667,32.24812365,310,30.75025567,0,474.6176391,5702.609901,0,55.6,0,0.043025
2011,6,8,1,48017.08854,15.42633167,12,15.42633167,352,31,0,372,6418.644796,0,60.7,0,0.003795
2011,6,8,3,47338.67346,21.33845714,16.74950459,35.50979581,323.4195736,28.55951798,0,478.9916219,5660.657102,0,57.78478044,0,0.204224
2011,6,8,16,53418.0212,28.44500768,21.00592142,28.44500768,363.8315665,25.67726737,0,539.3659651,5767.227326,1.872,54.5,0,0.000849
2011,6,9,1,47135.29344,18.33773636,14.2293632,18.33773636,317,27.8419752,0,396.5576356,5622.125826,0,57.65367068,0,0.011047
2011,6,9,3,47521.8521,18.52518675,14.54046073,30.74331418,335.8528065,27.52867984,0,401.0126811,5716.69006,0,57.89988084,0,0.015945
2011,6,11,1,60954.21861,20.54015111,16.00558801,20.54015111,361.4472593,24.71111429,0,396.488554,5627.507363,0,52.57372259,0,0.034973
2011,6,11,3,62510.53462,20.19474088,15.29588541,33.49244123,376.659066,28.93485907,0,442.7920078,5761.906807,0,56.05820614,0,0.059425
2011,6,11,16,72064.66397,28.11564957,21.01825769,28.11564957,364.2340081,26.88502024,0,565.0433036,5990.416194,1.872,54.5,0,0.001235
2011,7,6,1,24095.7837,26.14412236,19.95812007,26.14412236,191.5114821,16.47020327,0,327.4602216,3683.873279,0,44.34438395,0,0.188816
2011,7,7,1,26455.99239,29.2173,22,29.2173,171,17.5,0,385,3446.037219,0,43.5,0,0.031839
2011,7,7,3,27268.60201,26.0323,20,43.08423501,240,17.5,0,350,3549,0,43.5,0,0.059192
2011,7,7,16,33576.60506,39.0417,28.99080372,39.0417,177,15.1,0,437.7651161,3811.191392,0,43.6,0,0.00395
2011,7,8,3,19750,32.48561226,25.01779791,53.83577325,149,16,0,400.2959465,3155,0,42.5,0,0.002541
2011,7,9,1,26204.48088,30.41830372,23.12724409,30.41830372,184.4392882,16.45697586,0,381.411936,3472.77999,0,44.75202289,0,0.678361
2011,7,9,3,29860,26.0552,20,43.12519662,240,17.5,0,350,3549,0,43.5,0,0.000288
2011,7,10,1,28145.72523,27.99005713,21.66905668,27.99005713,200,16.8,0,364.0895912,3534.06178,0,44,0,0.025785
2011,7,11,1,40246.60421,23.1833657,17.71239461,23.1833657,263.8538677,17.51576353,0,310.1455054,4120.521844,0,46.57032465,0,0.02495
2011,8,6,1,34556.67764,21.49474239,16.50416716,21.49474239,343.9600968,24.42245414,0,407.4729811,4750.241032,0,51.25413474,0,0.091747
2011,8,6,3,33095.02844,24.14789354,18.35193542,40.209063,288.9957257,24.01178218,0,440.351913,4559.63456,0,51.38238807,0,0.129611
2011,8,7,1,34620.79175,25.5210361,19.59237201,25.5210361,282.7971363,18.42568776,0,361.7674939,4506.255304,0,52.31460035,0,0.150017
2011,8,8,1,35100.02495,24.35062106,18.8908063,24.35062106,304,22,0,415.7110186,4827.157927,0,55.8,0,0.286233
2011,8,9,1,33853.66851,25.28731837,19.37088191,25.28731837,252.0376416,19.9315326,0,386.9611111,4270.635989,0,49.60317145,0,0.454019
2011,8,9,16,40927.5,38.6865,27.7244,38.6865,280,17.2,0,476.85968,4641,1.872,48.8,0,0.003198
2011,8,10,1,37491.29922,26.39854992,20.3176838,26.39854992,244.2894707,19.17354394,0,391.6214653,4337.438969,0,48.88269576,0,0.053432
2011,8,11,1,52238.23295,21.75181562,16.91971527,21.75181562,326.9501085,22.75768927,0,386.3718739,4872.743443,0.018768151,51.54578685,0,0.256637
2011,8,11,2,53400.07191,26.907578,20.81004262,26.907578,235.9677295,24.49781008,0,510.3246049,5247.213093,0,52.82401941,0,0.025937
2011,8,11,16,49973.16688,35.8786566,26.92756919,35.8786566,312.119694,20.03433527,0,543.487542,4726.332148,1.812255979,48.75943762,0,0.009282
2012,1,1,1,29066.46247,29.57654064,22.58489532,29.57654064,164.8345247,17.7,0,400.1139985,3484.870622,0,43.5,0,0.002798
2012,1,2,1,15995,52.2891,36.6168,52.2891,94,8.5,0,311.2428,2127,0,31.6,0,0.009744
2012,1,3,1,20333.642,41.10967743,30.70288683,41.10967743,117.6166842,11.17090838,0,343.6609031,2484.549775,0,36.18094312,0,0.094113
2012,1,5,1,108882.0393,26.54968196,20.43480882,26.54968196,410.1257223,17.1048416,0,352.8069305,3331.335525,0,40.72371986,0,0.010038
2012,2,1,1,24281.33321,35.08270166,26.54598259,35.08270166,203.2092258,15.27756253,0,406.7390048,3079.199868,0,43.50022822,0,0.152486
2012,2,1,4,23845,160.2967,112.2077,390.2146251,66,0,62,62,2579,16.5,38.42,0,0.001435
2012,2,2,1,16527.5,39.25671249,29.35361028,39.25671249,128,11.1,0,325.8250891,2625,0,39.4,0,0.012884
2012,2,3,1,25277.25121,31.95288579,24.72626279,31.95288579,187.095247,14.30045684,0,355.3236308,3085.210185,0.071273677,42.36511029,0,0.053629
2012,2,4,1,42237.30218,28.00428824,21.51842062,28.00428824,296.3884135,16.84955568,0,366.8343511,3745.687553,0,45.66704228,0,0.133914
2012,2,4,3,55611.32705,29.29004488,22.41321255,48.31472766,302,17.5262863,0,392.7974953,3792.202241,0,45.6,0,0.003926
2012,2,4,4,38145,103.8899,72.7,252.9020147,134,0,88,88,3700,31.968,45,0,0.000115
2012,2,5,1,114659.5245,20.93778174,16.40168006,20.93778174,458.402177,20.61853337,0,339.8526421,4042.334288,0,49.35534231,0,0.003491
2012,2,5,3,225661.3934,17.13534249,13.74275963,28.22261186,552,24,0,329.8372364,5086.76304,0,49.2,0,0.000671
2012,2,5,5,102000,45.11978239,33.34065162,57.29870606,403,9,33,217.1148,5300,19.992,57.7,0.62,0.001415
2012,3,1,1,18262.3485,39.58661423,29.2661474,39.58661423,157.2320198,12.86945844,0,375.5867883,2815.293182,0,43.37565975,0,0.684726
2012,3,1,3,21372.31153,37.37822458,28.16261934,61.74317265,173.9818642,13.48683857,0,380.9350322,3095.276347,0,44.37824986,0,0.101843
2012,3,1,6,39995,83.5636239,60.29237406,109.2562132,149,9.3,35,377.93378,3781,15.66,45.1,0.64,0.018355
2012,3,2,1,20494.28137,40.38958995,30.23044807,40.38958995,144.1190422,13.71970012,0,416.4375616,2809.430067,0.012335377,43.19104192,0,0.944522
2012,3,2,16,24223.17756,65.81704424,46.63192513,65.81704424,110.3637113,10.27922592,0,478.3759771,2729.22229,1.058403404,41.24935493,0,0.066737
2012,3,3,1,24193.94586,32.92506764,25.85546708,32.92506764,180.3371737,15.18395611,0,391.8007601,3117.377444,0,43.95881636,0,0.240428
2012,3,3,2,25138.89593,42.23407605,32.0978978,42.23407605,140,14.5,0,465.428456,3145.83088,0,43.40502628,0,0.043815
2012,3,4,1,36986.77197,29.29343632,22.47416708,29.29343632,261.5023714,17.25026853,0,392.627057,3634.180165,0,46.56013573,0,0.143374
2012,3,4,3,39197.51751,26.6102866,20.44738433,44.13231571,231.0707641,17.4,0,355.9348994,3731.978886,0,45.3,0,0.009567
2012,3,4,16,37905,47.3109,34.5564,47.3109,187,14.5,0,501.0678,3770,1.5925,44.5,0,0.000503
2012,3,5,1,83698.70312,24.87874845,18.9198753,24.87874845,439.1525879,20.32325038,0,387.6345962,4296.653523,0,49.73776726,0,0.017118
2012,3,5,3,189900,17.3049,13.9574,28.6856695,552,24,0,334.9776,5115,0,49.2,0,0.000994
2012,4,1,1,21568.09823,35.81258771,27.00485412,35.81258771,168.0997383,16.30480462,0,440.2028377,3174.043703,0.000809803,45.9630323,0,1.640213
2012,4,1,3,25395.6742,30.57336185,23.36007311,50.47040761,227.201594,17.01919536,0,398.9161071,3427.274264,0,46.64757155,0,0.182565
2012,4,1,4,36050,141.6906,99,344.9212888,107,0,73,73,3400,23.76,44.7,0,0.01146
2012,4,1,16,25735.89321,52.26282765,36.74249757,52.26282765,202.0487112,17.27902578,0,635.8338722,3420.564566,1.452468669,47.47370647,0,0.047525
2012,4,2,1,23524.78567,36.65047453,27.64232101,36.65047453,183.0975766,17.13302192,0,475.2630473,3217.001123,0,46.73222209,0,0.584003
2012,4,2,5,29805,81.25498595,57.71904799,90.47299884,134,10.6,11,537.84226,3165,4.4505,44.2,0.29,0.014036
2012,4,2,16,27046.72649,65.22925621,46.14198497,65.22925621,154.4181526,13.47776634,0,617.6793808,3158.012231,1.399467783,45.06275483,0,0.181594
2012,4,3,1,24436.60737,31.63933612,25.11561559,31.63933612,176.3748423,18.5,0,464.9389704,3182.226871,0,47.18261407,0,0.076907
2012,4,3,2,27822,44.5744,34.1916,44.5744,140,18.5,0,632.5446,3360,0,47.2,0,0.017345
2012,4,4,1,43002.56806,28.58905139,21.8740267,28.58905139,295.2637629,19.27777342,0,425.2114983,3914.926145,0.016817391,48.5149205,0,0.432995
2012,4,4,2,52565,31.24033333,24.41633333,31.24033333,210,21.1,0,515.1846333,4059,0,49,0,0.002246
2012,4,4,3,35387.04946,26.71673302,20.58407152,44.17409493,280,15.94625806,0,328.0643533,3856.386882,0,47.9,0,0.0465
2012,4,4,16,38043.77187,51.44383897,37.29411236,51.44383897,210.4013699,17.55381454,0,661.5257929,3802.873973,1.503373172,46.34475237,0,0.00949
2012,4,5,1,92117.80818,23.05499688,17.99589583,23.05499688,417.3133648,22.09660377,0,402.1697807,4522.531918,0.013035849,52.17842767,0,0.00636
2012,4,5,3,184200,17.112,13.7134,28.15932829,552,23.8,0,326.37892,5451,0,54.1,0,0.000395
2012,4,5,16,113125,26.9406,20.4375,26.9406,438,22.2,0,453.7125,5360,1.872,53.6,0,0.000062
2012,5,1,1,27399.79188,31.33967464,23.91895058,31.33967464,252.3678615,18.60458769,0,452.2152696,3553.612445,0,49.5123497,0,0.361685
2012,5,1,3,28622.79871,28.53238226,21.94271903,47.54686834,282.739345,17.865246,0,392.5469731,3656.974116,0,48.5619847,0,0.160488
2012,5,2,1,25185.11733,33.94091726,25.77034267,33.94091726,196.1163053,18.5,0,478.1408179,3306.259951,0,47.61687952,0,0.309831
2012,5,4,1,46809.20712,24.28218738,18.62061773,24.28218738,374.5959957,19.51263073,0,364.4670447,4299.272077,0,52.4569599,0,0.035762
2012,5,4,15,67400,111.6427,88.8,271.774867,235,0,265,265,4647,82.95,53.8,0,0.002952
2012,5,5,1,96423.59879,23.24809309,18.03628727,23.24809309,427.848605,22.87184201,0,417.177286,4536.775385,0.001245701,54.46980772,0,0.040358
2012,5,5,2,93425,33.02178571,25.82839286,33.02178571,240,23.8,0,614.71575,4784,0,54.6,0,0.00103
2012,5,5,16,95975,34.3639,25.3292,34.3639,380,22.4,0,567.37408,3968,1.728,52.2,0,0.000444
2012,6,2,1,24518.34187,37.35045787,28.04879601,37.35045787,143.9069364,11.72734104,0,337.3548117,2576.875145,0.268986519,38.37265896,0,0.01211
2012,6,3,1,21355.38913,44.49443468,32.62955408,44.49443468,116.0936792,10.00274861,0,325.399453,2234.699815,0,32.53533045,0,0.009714
2012,6,4,1,50144.61794,26.74528098,20.61495192,26.74528098,352.7108107,17.87431168,0,373.0545284,3268.548593,0,43.38612289,0,0.026187
2012,6,5,1,186801.8803,19.43060337,15.46794034,19.43060337,522.1607217,21.47946564,0,333.4143608,3634.275857,0,46.31199559,0,0.007261
2012,7,1,1,22604.73413,32.54780331,24.086701,32.54780331,175.7839532,15.15907653,0,364.9037227,3291.418575,0,44.02809638,0,0.53992
2012,7,1,3,26245,27.8958,21.3321,46.29055682,240,16.5,0,351.97965,3328,0,43.6,0,0.048493
2012,7,1,16,31395,44.1352,32.3611,44.1352,177,15.1,0,488.65261,3690,1.815,43.6,0,0.003129
2012,7,2,1,22323.83897,34.81814326,26.22505363,34.81814326,165.9268885,14.3518742,0,376.4132602,3158.442746,0,43.05573954,0,0.269342
2012,7,2,16,28611.66667,58.7005,41.9709,58.7005,134,11.9,0,499.45371,3274,1.313,46,0,0.050087
2012,7,3,1,27910.27393,31.3850082,24.07937572,31.3850082,203.7081372,16.12537954,0,388.2106576,3347.169804,0,43.41758767,0,0.026348
2012,7,3,2,26619.65443,42.16952644,32.04884009,42.16952644,140,14.72062085,0,471.7735985,3305.516329,0,42.35552855,0,0.022904
2012,7,4,1,37134.40174,25.25650784,19.46938927,25.25650784,253.9368258,17.39756975,0,342.9985941,3882.076627,0,46.11049597,0,0.01613
2012,7,4,4,49800,108.8128,76.169,264.8859643,154,0,103,103,4032,50.18,44.5,0,0.000452
2012,8,1,1,28285.85794,30.14320483,22.78364031,30.14320483,218.6774484,18.57667834,0,426.5653141,4476.4152,0,48.63589307,0,0.340113
2012,8,1,3,28158.97994,30.50712522,23.28016115,50.23384338,205.8551498,18.88184084,0,446.3029919,3805.534012,0,49.1,0,0.188153
2012,8,2,1,30639.97981,28.85261172,21.95933,28.85261172,226.3169685,18.2348373,0,401.5698529,3827.870911,0,49.0841947,0,0.047541
2012,8,3,1,35315,26.3378,20.2405,26.3378,265,21.1,0,427.07455,4250,0,49,0,0.000013
2012,8,4,1,40011.71336,26.58493119,20.43038963,26.58493119,279.6256728,19.08433127,0,390.7789019,4144.906659,0,48.66259698,0,0.053878
2012,8,4,3,43429.90726,24.52636648,18.92983103,40.79041389,280,21,0,397.6956468,5467,0,49,0,0.067705
2012,8,4,16,46110,40.3557,29.7833,40.3557,295,17.2,0,512.27276,4520,1.872,48,0,0.002006
2012,8,5,1,92375,22.9894,18.1903,22.9894,518,21.1,0,383.81533,4282,0,49.8,0,0.000148
2012,1,8,1,24537.33438,24.85465752,19.21619977,24.85465752,222.9515631,19,0,366.9966292,3773.338903,0,50.72960981,0,0.064455
2012,1,9,1,25687.06764,23.41102968,17.97878627,23.41102968,228.2385452,21.1,0,382.1098654,4222.461295,0,55.19291494,0,0.201706
2012,2,6,1,35207.81027,19.92826589,15.50179032,19.92826589,386.452649,26,0,403.1953989,4961.427235,0,66.50292494,0,0.1812
2012,2,6,3,29153.48091,20.50884658,15.92958085,33.53477893,310,26,0,414.2102176,4745.769881,0,57.2,0,0.037876
2012,2,7,1,38450.1446,22.56848698,17.46123887,22.56848698,360,26,0,454.3500397,4925,0,75.89364488,0,0.140013
2012,2,7,3,34714.33775,21.72743021,16.82827795,36.12273876,339.7099516,26,0,439.2752296,4925,0,72.35348746,0,0.208017
2012,2,8,1,24977.61805,21.58741595,16.70907665,21.58741595,195,28.72971156,0,481.039374,5061.281237,0,55.9,0,0.031237
2012,2,8,3,33185.63464,21.3364481,16.55503864,35.52341536,314.8224277,26.88268538,0,445.8995063,5219.646407,0,66.7165233,0,0.328058
2012,2,8,16,40352.81356,28.541,21.0782,28.541,379,26,0,548.0332,5554.271186,1.872,67.4,0,0.000295
2012,2,9,1,32793.93238,19.94929347,15.49580583,19.94929347,334.0140471,26.01921928,0,404.1711149,5157.904942,0,57.97584856,0,0.102085
2012,2,9,3,35348.31305,18.88937413,14.70834838,31.24560351,358.678545,26.95803638,0,396.5291639,5266.043546,0,64.65654263,0,0.041841
2012,2,11,1,45590.92209,16.79616411,13.1347046,16.79616411,411,26,0,341.6244331,5738.372471,0,73.8036353,0,0.015322
2012,2,11,3,46905,18.2685,14.1438,30.332027,403,26,0,367.7388,5529,0,73.9,0,0.00405
2012,2,11,16,43475.90331,28.3713,20.9446,28.3713,379,26,0,544.5596,5782.78117,1.872,67.4,0,0.000393
2012,3,7,1,23165,30.4569,23.1671,30.4569,136,15.4,0,356.77334,3405,0,48.1,0,0.036565
2012,3,9,1,22284.8009,32.10523455,27.44900226,32.10523455,157,15.9,0,436.4397233,3417,0,45,0,0.03253
2012,4,6,3,31510.89512,25.9349,19.974,42.78675054,283,20,0,399.48,4571.938681,0,54.7,0,0.240025
2012,4,7,1,33494.375,14.47890753,11.36353275,14.47890753,305,33,0,375.23805,5902,0,65.2,0,0.00009
2012,4,7,3,31570.50185,17.49110468,13.63496291,29.05849833,236.2825458,33,0,450.6336586,5779.311475,0,65.2,0,0.003111
2012,4,8,1,26070.94006,21.6951,16.7946,21.6951,195,31,0,520.6326,4921.321537,0,63.7,0,0.013563
2012,4,8,3,30670.51104,17.9149294,13.97258537,29.77973175,310.2699076,31,0,434.7224452,5924.003165,0,64.26395746,0,0.007899
2012,4,9,1,33934.38729,27.23386946,20.8776995,27.23386946,256.3046434,20.58427699,0,430.3377077,4445.119853,0,55.84258883,0,0.314768
2012,4,10,3,36070,25.9349,19.974,42.78675054,283,20,0,399.48,4494,0,54.7,0,0.010823
2012,5,6,1,29405.34034,23.18368933,17.87162002,23.18368933,283,20.99328651,0,374.5965426,4123.237957,0,46.46160255,0,0.141387
2012,5,9,1,30884.85089,22.89720712,17.6219882,22.89720712,265.1335609,21.5642703,0,382.008694,4608.702197,0,47.57400394,0,0.107524
2012,6,7,3,44318.31931,19.43301785,15.12809369,32.27669653,310,28,0,424.4252177,5678.465545,0,55.6,0,0.041126
2012,6,8,1,48964.80726,15.42822318,12.12906104,15.42822318,352,38.90996061,0,471.9343743,6390.913337,0,60.7,0,0.001777
2012,6,8,3,48425.53316,21.85312892,16.92883152,36.36000963,321.9743592,28.39268753,0,480.8073833,5645.505684,0,57.60201469,0,0.120862
2012,6,8,16,53364.86081,28.4013132,20.96822086,28.4013132,379,25.92933619,0,543.6969383,5778.783726,1.872,54.5,0,0.000467
2012,6,9,1,48947.90018,18.50878449,14.44092398,18.50878449,332.0312536,27.33452231,0,395.0593829,5833.393795,0,57.91149214,0,0.017438
2012,6,9,3,48208.52416,18.62827913,14.53914111,30.92530304,337.2394336,27.49401416,0,399.7623557,5734.423443,0,57.90237431,0,0.013983
2012,6,11,1,70965.50327,20.47272406,15.91417426,20.47272406,367.1452872,25.15839995,0,400.6530971,5614.294138,0,54.01278738,0,0.032274
2012,6,11,3,64121.12925,20.12685805,15.37986014,33.40020189,370.5904243,28.36449657,0,437.085007,6028.349058,0,57.17558345,0,0.058231
2012,6,11,16,73854.43438,28.13948572,21.26460054,28.13948572,379,26.57443683,0,565.2366653,5954.009794,1.872,54.5,0,0.001021
2012,7,6,1,24749.12065,24.80074292,19.08076979,24.80074292,194.3468193,17.02844515,0,323.1830579,3883.025139,0,44.28211129,0,0.134733
2012,7,7,1,26601.66667,29.8931,22.7751,29.8931,171,16.5,0,375.78915,3536,0,43.5,0,0.037905
2012,7,7,3,27995,26.0873,19.9909,43.17471411,240,16.5,0,329.84985,3536,0,43.5,0,0.063224
2012,7,7,16,33145,39.0417,28.893,39.0417,177,15.1,0,436.2843,3690,1.815,43.6,0,0.002391
2012,7,9,1,26432.39437,31.0749833,23.61867226,31.0749833,185.9654583,16.39550587,0,387.7621629,3531.199322,0,44.70903324,0,0.566851
2012,7,10,1,31758.33333,30.7681,23.3914,30.7681,211,16.8,0,392.97552,3591,0,44,0,0.0116
2012,7,11,1,51919.48606,24.6608533,18.87333819,24.6608533,252.1100946,17.90823368,0,341.1580116,3954.90764,0,46.65272739,0,0.032027
2012,8,6,1,31280.16856,22.09267529,17.14587555,22.09267529,316.9511573,22.86056195,0,396.0927456,4333.7247,0,50.63146641,0,0.079971
2012,8,6,3,29306.57204,24.39365413,18.82507178,40.59084881,288.9313921,23.97410111,0,450.9947397,4419.59785,0,51.34324214,0,0.164675
2012,8,7,1,33773.4072,25.87855142,19.74874818,25.87855142,280.7864773,18.67729176,0,369.7233019,4517.920902,0,52.50671968,0,0.129649
2012,8,8,1,33949.61041,24.42831327,18.80397932,24.42831327,288,22,0,413.8628124,4821.650769,0,55.8,0,0.290495
2012,8,9,1,35650.35507,25.91735786,19.87694889,25.91735786,255.8018295,19.89415579,0,395.7811143,4280.96969,0,49.72384989,0,0.386006
2012,8,9,16,41777.5,38.464,27.5972,38.464,280,19.2,0,529.86624,4641,1.872,48.8,0,0.00567
2012,8,10,1,37349.0395,27.64550685,21.44275962,27.64550685,229.7898369,19.13644586,0,412.3603638,4266.111045,0,48.93953127,0,0.040578
2012,8,11,1,52306.75757,22.41121765,17.32865934,22.41121765,324.217243,22.57156807,0,393.449634,4830.288135,0.009648454,51.05047784,0,0.24004
2012,8,11,2,55013.35814,27.10253411,20.81554646,27.10253411,238.2831317,24.67209019,0,514.8260601,5137.479702,0.016378167,52.59358997,0,0.034461
2012,8,11,3,49865,25.6797,19.7042,42.68534013,302,24.6,0,484.72332,4652,0,52.2,0,0.008289
2012,8,11,16,52198.69632,35.61406755,26.59615878,35.61406755,314.0446063,18.52101227,0,492.4321093,4723.759075,1.772374233,48.83191462,0,0.007824
2013,1,2,1,24952.77783,35.0575777,26.44108904,35.0575777,192.5653106,12.87034868,0,340.8936679,2714.7916,0,41.5495172,0,0.047121
2013,1,2,4,27000,172.7328,120.913,420.4881622,94,0,38,38,4032,11.954,31.6,0,0.000092
2013,1,3,1,21681.92764,41.12731544,30.67419133,41.12731544,135.3147404,11.76384774,0,361.166546,2626.252863,0,36.65952614,0,0.092813
2013,1,3,4,32500,165.0479,115.974,401.7806007,111,0,87,87,2980,22.932,34.8,0,0.002353
2013,1,4,1,67550,27.60232355,22.03348705,27.60232355,276,15.9,0,350.7829006,3046,0,43.5,0,0.000068
2013,1,5,1,106873.4604,27.33097692,21.0085148,27.33097692,397.1789167,16.98896667,0,360.2877205,3303.875583,0,41.41383333,0,0.012
2013,2,1,1,19599.01191,37.00273473,27.88749622,37.00273473,174.2631346,13.37674745,0,372.1218191,2852.991636,0,41.68164899,0,0.180535
2013,2,1,4,25000,103.8899,72.7,252.9020147,134,0,88,88,4000,31.968,40,0,0.000037
2013,2,2,1,21757.33011,36.96222522,27.76724106,36.96222522,147.1954436,12.36628696,0,340.4274817,2841.535071,0,40.60297261,0,0.012817
2013,2,3,1,31697.73399,31.8537371,24.31424665,31.8537371,191.6682955,14.89863911,0,364.9182684,3280.616783,0,42.76428588,0,0.043795
2013,2,3,2,26091.26587,40.31035728,30.63587153,40.31035728,140,14.5,0,444.22618,3073,0,42.7003125,0,0.002678
2013,2,4,1,43707.88619,26.77402384,20.63190092,26.77402384,334.7588419,17.73345883,0,369.1798153,3691.595606,0,46.53923393,0,0.16043
2013,2,4,3,49133.95081,30.0685826,22.96636647,49.50948331,253.7568734,17.22719763,0,395.3069022,3772.824744,0,46.40652201,0,0.016222
2013,2,5,1,116945.4431,22.64719951,17.60809102,22.64719951,477.0022893,20.26158291,0,360.7280437,4378.340456,0,49.49281587,0,0.009173
2013,2,5,3,216981.774,17.44665746,14.0154956,28.81006616,589.2305389,23.80449102,0,333.9577071,5495.05988,0,49.2,0,0.000668
2013,3,1,1,18981.84273,39.62144955,28.85236307,39.62144955,166.9174419,12.99672632,0,373.7004816,2773.774124,0,43.27553898,0,0.501271
2013,3,1,3,22324.29176,38.44124017,28.91218648,63.80028338,167.7503068,13.24594554,0,383.0919811,3022.682537,0,44.22238401,0,0.211039
2013,3,1,4,31695,149.6552,104.7587,364.3097316,143,0,76,76,3624,26.25,45.2,0,0.001622
2013,3,1,6,55925,86.7979916,62.63847364,114.5298369,149,9.3,38,381.17,3781,15.66,46.2,0.66,0.027484
2013,3,2,1,20047.31491,40.32230493,30.13124134,40.32230493,140.0166326,13.24136103,0,401.0365905,2768.235704,0.013002948,43.13726068,0,0.869976
2013,3,2,16,23462.39977,70.73012119,47.16427272,70.73012119,108.7559434,10.16897898,0,478.6053425,2696.888939,1.041085448,41.15748248,0,0.062506
2013,3,3,1,23379.50915,33.09848329,26.03183971,33.09848329,173.9990367,14.9051704,0,387.7609202,3097.057783,0,43.59556422,0,0.213852
2013,3,3,2,25568.75032,42.11066662,32.00410663,42.11066662,140,14.5,0,464.0904368,3161.183566,0,43.39367958,0,0.042655
2013,3,3,16,28123,60.7663,44.6144,60.7663,170,11.8,0,526.44992,3311,1.1,44.1,0,0.006067
2013,3,4,1,39694.03409,30.99647043,23.52559263,30.99647043,264.7875514,16.74994698,0,398.6836359,3560.456283,0,46.40614505,0,0.280063
2013,3,4,3,38374.85741,29.61137825,22.61559847,48.70713421,241.3761785,16.58788136,0,375.4700893,3646.84971,0,45.9953534,0,0.034154
2013,3,4,16,50545,37.7373,28.3268,37.7373,335,15,0,424.902,3860,1.496,47.1,0,0.001292
2013,3,5,1,90739.46109,25.5487623,19.61205687,25.5487623,428.9107605,20.35456004,0,400.9121766,4355.066328,0.03271035,50.16090755,0,0.011217
2013,3,5,3,213184.6374,19.15554208,15.14547561,31.5527606,570.148855,24,0,363.7497618,5115,0,49.2,0,0.000524
2013,4,1,1,22219.92315,38.2354588,28.52962378,38.2354588,173.8032108,16.00269613,0,459.1674445,3140.902244,0.008023453,46.45355021,0,2.173224
2013,4,1,3,22632.92235,29.22487076,22.39930402,48.30571444,266.1399944,16.34972316,0,367.5833156,3600.726292,0,46.46456936,0,0.138527
2013,4,1,4,29650,164.9906,115.4934,401.6411138,107,0,75,75,3243,23.76,44.7,0,0.026167
2013,4,1,16,28818.30068,54.54020635,39.23301159,54.54020635,194.2020456,15.80423143,0,618.513026,3539.152148,0.806829744,48.27449266,0,0.074112
2013,4,2,1,25450.33912,36.81037279,27.75392379,36.81037279,204.2911235,16.88325966,0,471.7400616,3265.389815,0,46.84815361,0,0.839314
2013,4,2,5,32795,81.25498595,57.71904799,90.47299884,134,10.6,11,537.84226,3165,4.4505,44.2,0.29,0.0103
2013,4,2,16,25556.69719,65.92860421,46.56168192,65.92860421,151.2720426,13.25623831,0,613.2295279,3168.777571,1.386144483,45.03036591,0,0.199421
2013,4,3,1,25509.687,31.72406628,25.18404489,31.72406628,173.9438979,18.5,0,466.0959173,3176.039013,0,47.18924391,0,0.088945
2013,4,3,2,20845,44.5744,34.1916,44.5744,140,18.5,0,632.5446,3393,0,46.9,0,0.03666
2013,4,4,1,45068.97669,29.45595711,22.55151838,29.45595711,290.5259532,18.4093846,0,418.4783806,3855.740868,0.017743654,49.16771127,0,0.315144
2013,4,4,2,53105,33.00815217,25.24608696,33.00815217,210,21.1,0,532.6924348,4059,0,49,0,0.001263
2013,4,4,3,50487.89277,29.12944734,22.32903375,48.24915231,302.4021726,20.29094351,0,456.8698697,3926.588392,0,48.83291744,0,0.01611
2013,4,4,5,35772.11057,71.97709695,51.45909948,84.90110048,188,13.67627048,20,545.8908937,3878.037212,7.546,45.65694255,0.4506,0.016903
2013,4,4,16,38660.73555,53.54843048,37.88604854,53.54843048,210.6131404,16.41144992,0,627.1497404,3696.423148,1.273768268,48.29210295,0,0.025022
2013,4,5,1,83964.40859,23.62922198,18.3654486,23.62922198,433.873469,21.89581063,0,405.2074059,5216.430385,0,51.81216817,0,0.020003
2013,4,5,3,186925,17.112,13.7134,28.15932829,600,23.8,0,326.37892,5567,0,54.1,0,0.000192
2013,4,5,16,120805,26.9406,20.4182,26.9406,438,22.2,0,453.28404,5115,1.872,53.8,0,0.000113
2013,5,1,1,27118.3738,32.24251251,24.53991866,32.24251251,249.5182335,18.71392797,0,466.6700812,3489.235124,0,49.36865782,0,0.492965
2013,5,1,3,29260.0204,28.718512,22.05547954,47.70384779,294.1566485,18.32503369,0,404.7793622,3766.102733,0,49.61575918,0,0.18553
2013,5,1,16,27495,59.5295,40,59.5295,188,13.5,0,540,3607,0,44,0,0.044819
2013,5,3,1,32705.78585,35.28100697,26.69646154,35.28100697,241,16.6,0,443.4330791,3645.321402,0,45.3,0,0.014723
2013,5,4,1,51330.46532,26.31327761,20.24296232,26.31327761,323.3705774,18.95336282,0,384.4203043,4163.754687,0,49.71512433,0,0.071904
2013,5,4,4,59900,118.5,94.3,288.4677793,302,0,139,139,4407,98,53.8,0,0.00072
2013,5,4,7,69900,119.8877,95.4,291.8458952,416,0,208,208,4407,98,53.8,0,0.003738
2013,5,5,1,95190.48939,24.67570491,19.06375064,24.67570491,418.3908677,22.58337044,0,432.7856464,4520.610691,0,54.54359108,0,0.040428
2013,5,5,2,93905,32.78202381,25.0775,32.78202381,240,23.8,0,596.8445,4784,0,54.6,0,0.00052
2013,5,5,3,86008.33333,23.55334313,18.25709078,38.96302721,418.7710438,21.7,0,396.4773025,4027.323232,0,54.46296296,0,0.000297
2013,5,5,15,79900,111.6427,88.8,271.774867,416,0,265,265,4629,98,53.8,0,0.013355
2013,5,5,16,95604.8338,34.24882233,25.31832143,34.24882233,376.1772853,20.666759,0,523.1949083,4369.204986,1.698437673,52.38614958,0,0.000361
2013,6,2,1,25665.57205,36.77107794,27.62175304,36.77107794,145.7178538,11.82969473,0,335.7682636,2581.956316,0.280486957,38.27030527,0,0.009729
2013,6,3,1,18609.68894,46.43102296,33.78788717,46.43102296,106.3513667,9.724316643,0,326.6467411,2083.589573,0,30.52387227,0,0.019353
2013,6,3,4,25943.75,152.8366,106.9856,372.0543004,70,0,68,68,2097.1,17.628,26.8,0,0.00088
2013,6,4,1,49801.75859,27.90432196,21.43632602,27.90432196,336.7750092,18.10104913,0,393.4479482,3196.092908,0,44.27158613,0,0.029739
2013,6,5,1,129897.6672,23.33086427,18.02526001,23.33086427,490.8286676,19.7373553,0,360.0133802,3866.550378,0.006094614,45.08006733,0,0.016932
2013,7,1,1,23083.59327,35.14538819,25.69881445,35.14538819,172.5029893,14.55468998,0,374.4125445,3164.097741,0.195707555,44.12860371,0,0.598307
2013,7,1,3,26120,34.0888,23,55.82435063,182,18.8,0,432.4,3801,0,45.9,0,0.035894
2013,7,2,1,22351.78483,36.64733277,27.48457183,36.64733277,158.6488584,14.16256142,0,388.6969001,3113.936514,0,43.17649185,0,0.354928
2013,7,2,16,27445,58.7635,42.0132,58.7635,134,11.9,0,499.95708,3274,1.313,46,0,0.033795
2013,7,3,1,24011.11974,30.75752785,23.76089772,30.75752785,191.5212561,15.99639313,0,380.1587823,3330.5237,0,43.37050437,0,0.027004
2013,7,3,2,26224.9141,42.18234905,32.05858528,42.18234905,140,14.60836288,0,468.3234956,3288.45564,0,42.37683178,0,0.022002
2013,7,4,1,36273.30152,32.75631222,24.88231657,32.75631222,205.7783405,16.15564014,0,403.2895325,3788.495486,0,45.67746088,0,0.168019
2013,7,4,4,44419.37086,126.3095008,88.41668124,307.4786598,141.9130795,0,94.81208609,94.81208609,3621.824503,33.18812914,42.61150662,0,0.001208
2013,8,1,1,28084.08472,30.50516735,22.67860315,30.50516735,227.1459135,18.08074515,0,412.434153,3740.128597,0,48.20896455,0,0.328873
2013,8,1,3,29759.1134,30.58084339,22.99215308,50.42889264,226.3131422,18.66071756,0,436.9628364,3862.05275,0,49.1,0,0.097023
2013,8,2,1,30162.7793,29.79639788,22.48955942,29.79639788,227.7986111,18.05871788,0,407.4620436,3824.795942,0,49.06678882,0,0.044208
2013,8,4,1,41517.36915,27.21916235,20.86435245,27.21916235,280.739018,18.98670712,0,396.155251,4266.305053,0,48.72282936,0,0.104808
2013,8,4,3,40535.9956,24.87457452,19.18261276,41.32471689,299.5509803,17.38019822,0,333.0589362,4292.689876,0,48.22003466,0,0.055394
2013,8,4,16,48205,40.3472758,29.77778547,40.3472758,295,19.2,0,571.7376432,4520.594595,1.872,48,0,0.004884
2013,8,5,1,93305,22.9894,18.1956,22.9894,518,21.1,0,383.92716,4282,0,49.8,0,0.000058
2013,1,9,1,25794.20099,24.38401776,18.66489522,24.38401776,217.2922193,21.1,0,395.8822874,4003.638432,0,54.68453861,0,0.225122
2013,2,6,1,35606.76122,20.21693428,15.71813967,20.21693428,389.875737,28.49689342,0,448.5324903,5100.52283,0,69.6775692,0,0.151292
2013,2,6,3,30212.86827,22.35574849,17.3144943,36.65535186,301.0341133,26,0,454.4428595,4766.179357,0,64.1108963,0,0.041069
2013,2,7,1,39661.44023,22.43640116,17.36462509,22.43640116,365,31,0,538.7407851,5419.521069,0,67.37084465,0,0.241448
2013,2,7,3,35765.79549,21.57382966,16.71259307,35.85125155,360.9491041,31,0,520.4050183,5761.310671,0,69.13973697,0,0.369696
2013,2,8,1,25708.46861,21.37070569,16.54660062,21.37070569,195,26,0,430.473419,5102.422445,0,57.04005132,0,0.032738
2013,2,8,3,33989.29724,21.42481665,16.62070879,35.65795336,320.4587202,26,0,433.0966258,5175.434449,0,67.0321379,0,0.37476
2013,2,8,16,41305,28.541,21.0782,28.541,379,26,0,548.0332,5573,1.872,67.4,0,0.000118
2013,2,9,1,32913.09458,20.32519142,15.77731126,20.32519142,324.7575163,25.56848593,0,404.0992832,5093.188622,0,56.86191404,0,0.085181
2013,2,9,3,35550.32763,18.92581987,14.7344361,31.30320967,369.1150145,26.69712464,0,393.3714294,5405.627712,0,63.32810738,0,0.035126
2013,2,11,1,45038.49457,16.78158048,13.12424079,16.78158048,411,31,0,406.9321496,6060.806767,0,70.59651589,0,0.019919
2013,2,11,16,45419.69727,28.43212753,21.03298223,28.43212753,379,26,0,546.8581574,5747.996094,1.872,67.4,0,0.000512
2013,3,6,3,23460,25.9349,19.974,42.78675054,283,20,0,399.48,4150,0,54.7,0,0.007618
2013,3,7,1,31695,30.4569,23.1671,30.4569,136,15.4,0,356.77334,3405,0,45.2,0,0.042712
2013,3,9,1,22431.18714,32.60927421,24.11391361,32.60927421,149.5980046,15.50143102,0,373.7240775,3372.303336,0,45.85407639,0,0.019846
2013,4,6,1,27240,25.9349,19.974,25.9349,283,20,0,399.48,4510,0,54.7,0,0.00082
2013,4,6,3,31053.53943,25.69775696,19.80332213,42.38718083,283,20,0,396.0995419,4576.173841,0,54.7,0,0.24527
2013,4,7,1,33469.28571,14.67573023,11.51191385,14.67573023,305,33,0,380.0013643,6240,0,65.2,0,0.00007
2013,4,7,3,31809.55088,17.50283017,13.6448843,29.08315268,236.7684211,33,0,450.8609855,5835.058947,0,65.2,0,0.00285
2013,4,8,1,26315,21.6951,16.7946,21.6951,195,31,0,520.6326,4919,0,63.7,0,0.009428
2013,4,8,3,30402.03713,18.08266095,14.09611324,30.04798987,310.1453268,31,0,438.1886106,5403.134926,0,64.48556571,0,0.007115
2013,4,9,1,31016.93415,26.99325317,20.73085411,26.99325317,261.1266591,20.38894729,0,423.4792916,4362.772314,0,56.01233131,0,0.234006
2013,4,10,3,35650,25.4313,19.6113,41.93840661,283,20,0,392.226,4510,0,54.7,0,0.001252
2013,5,6,1,30199.13623,23.12499232,17.79760397,23.12499232,283,21.21018037,0,376.925124,3970.822261,0,46.95656547,0,0.154513
2013,5,9,1,31995.40969,23.68301576,18.18854215,23.68301576,267.2977763,22.13681719,0,403.8388094,4540.828922,0,47.60359482,0,0.0733
2013,6,7,3,48664.89097,19.45047774,15.14208604,32.31737229,310,31,0,470.3702623,5676.724611,0,55.6,0,0.037329
2013,6,8,1,49862.24387,15.42412372,12.12579504,15.42412372,352,30.68686181,0,372.0598124,6415.347175,0,60.7,0,0.002938
2013,6,8,3,48263.65454,22.02201054,17.05797736,36.61621197,321.7642362,27.95099746,0,476.9361902,5641.027313,0,57.66347677,0,0.186725
2013,6,8,16,55681.52542,28.39054298,21.05527839,28.39054298,379,25.91694915,0,545.6745247,5842.689831,1.872,54.5,0,0.00059
2013,6,9,1,52224.04251,18.48128471,14.41359761,18.48128471,354.4648753,27.06337812,0,390.1753431,5737.054609,0,57.91707774,0,0.014961
2013,6,9,3,51184.02618,18.55733338,14.48291754,30.78265494,342.1044598,27.37238851,0,396.4948803,5612.935363,0,57.87845144,0,0.011727
2013,6,11,1,63368.60458,20.74408121,16.10958924,20.74408121,350.9993043,24.35066828,0,392.6163427,5546.295361,0,51.33613095,0,0.027309
2013,6,11,3,66575.88222,19.67185199,14.96317875,32.61554893,388.5623328,28.90559587,0,432.7533101,5813.391131,0,57.28426702,0,0.056086
2013,6,11,16,72751.57549,28.14651437,21.26126307,28.14651437,379,25,0,531.546674,6050.410284,1.872,54.5,0,0.000914
2013,7,6,1,24185.42587,30.14128301,22.91843992,30.14128301,172,13.5,0,309.4508207,3262.196362,0,43.4,0,0.029023
2013,7,7,1,30650.11931,32.03335175,24.33055167,32.03335175,210.5822617,15.1,0,367.6405653,3697.69637,0.552012442,45.4,0,0.138886
2013,7,8,1,28050,33.84,25.5771,33.84,140,14,0,358.0794,3309,0,42.3,0,0.008528
2013,7,9,1,26599.95483,32.86426477,24.88866273,32.86426477,174.8543528,16.18964884,0,404.3962708,3426.589944,0,44.63217792,0,0.703728
2013,7,10,1,31940,29.5873,22.5412,29.5873,200,16.8,0,378.69216,3591,0,44,0,0.015988
2013,7,11,1,44658.64153,27.66214975,21.12613569,27.66214975,277.4481302,17.71242213,0,374.5765661,3960.197469,0,46.51709884,0,0.056343
2013,7,11,2,39295,36.8097,27.7195,36.8097,200,17.4,0,482.3193,4359,0,46.9,0,0.001819
2013,8,6,1,29354.63883,22.96051324,17.7861679,22.96051324,290.422403,22.52134096,0,405.2777271,4369.394923,0,50.53425091,0,0.084462
2013,8,6,3,30147.12552,24.40297746,18.83230735,40.59802506,288.795527,23.9977635,0,451.6655769,4628.640433,0,51.77478369,0,0.13615
2013,8,7,1,33256.91763,25.80818505,19.85684517,25.80818505,286.9072314,18.35782014,0,365.3841045,4486.09925,0.385989327,52.03146416,0,0.209683
2013,8,7,3,30815.84083,25.09933222,19.33393781,41.74177694,290,18.6,0,359.7862206,4603.751028,0,52.9,0,0.127713
2013,8,8,1,34196.15587,26.29525901,20.15476453,26.29525901,250.5772219,20.87025576,0,422.2528707,4483.902945,0,53.43459799,0,0.197023
2013,8,8,3,28564.9922,30.7928,23.4698,50.81370777,182,18.8,0,441.23224,3945.497076,0,49.1,0,0.017442
2013,8,9,1,34095.80898,26.40279332,20.22304676,26.40279332,257.5391531,19.60275813,0,397.0725026,4246.763602,0,49.92690302,0,0.550953
2013,8,9,16,40815,38.4327,27.5591,38.4327,280,17.2,0,474.01652,4641,1.872,48.8,0,0.006912
2013,8,10,1,39902.36912,29.91714519,22.79852852,29.91714519,249.5630383,17.78574654,0,407.2151205,4120.131594,0,48.25254202,0,0.042958
2013,8,10,3,36795,29.5548,22.5781,48.7001818,211,19,0,428.9839,4079,0,48.8,0,0.020799
2013,8,11,1,52105.54645,23.2077012,17.8702175,23.2077012,319.2477061,22.41238315,0,401.4786799,4830.032651,0,51.38327269,0,0.325103
2013,8,11,2,55249.99225,29.1338035,22.2057538,29.1338035,243.5915466,25.55812635,0,567.9723036,5171.806283,0,52.67038303,0,0.026451
2013,8,11,3,50675,25.6797,19.7225,42.68534013,302,24.6,0,485.1735,4753,0,51.7,0,0.022082
2013,8,11,16,49684.44598,37.44261672,27.91294722,37.44261672,296.4624408,19.59706028,0,546.9150539,4654.68504,1.82709547,48.26747226,0,0.014151
2014,1,2,1,24325.51764,36.10245007,27.10628558,36.10245007,184.3602584,12.50653976,0,338.9268188,2668.604928,0,40.72127137,0,0.017493
2014,1,3,1,20848.46061,40.66574982,30.34542055,40.66574982,129.5925545,10.9510243,0,332.618461,2511.779132,0,35.88375799,0,0.013619
2014,1,3,4,32500,165.0479,115.974,401.7806007,111,0,87,87,2980,25.137,35.1,0,0.003404
2014,1,4,1,67550,27.35485605,21.82817036,27.35485605,276,15.9,0,347.3576061,3046,0,43.5,0,0.000093
2014,1,5,1,127696.8849,26.28179003,20.23105021,26.28179003,433.2342405,17.2037218,0,351.6744982,3429.953749,0,41.33054974,0,0.012897
2014,2,1,1,18747.2715,36.11946352,27.29704889,36.11946352,189.355218,13.0624936,0,354.4714006,2898.958716,0,41.80399361,0,0.208959
2014,2,1,4,26978.49057,168.7148785,118.0915793,410.7072265,81.93396226,0,79.70440252,79.70440252,2833.058176,21.54575472,36.36751878,0,0.001908
2014,2,2,1,16675,39.25447678,29.35254591,39.25447678,128,11.1,0,325.8132666,2663.508295,0,39.4,0,0.007535
2014,2,3,1,28334.58647,36.92606896,27.86185781,36.92606896,177.7975415,13.23509169,0,368.9800206,2992.984769,0.197420688,41.52336969,0,0.029611
2014,2,3,2,29315,40.33810054,30.65695641,40.33810054,140,14.5,0,444.5298838,3206,0,42.8,0,0.001894
2014,2,4,1,43295.34687,27.29553242,21.0222835,27.29553242,357.3365574,17.00222497,0,363.1781656,3838.492655,0.00086277,46.44424039,0,0.085709
2014,2,4,3,49241.06113,30.39501863,23.19607013,50.22865515,253.1840791,17.09711017,0,396.3099706,4009.514691,0,46.46100876,0,0.018617
2014,2,4,4,42275,177.6572,124.3601,432.4757633,170,0,81,81,2860,21.6,43.3,0,0.003259
2014,2,4,6,42275,122.55168,88.21290201,191.5774012,170,2.4,72,166.764,3130,23.64,43.3,0.834,0.005868
2014,2,5,1,108827.9335,23.09385155,18.0364683,23.09385155,470.0226848,19.57269816,0,356.8750884,4303.255879,0,49.25310026,0,0.011241
2014,2,5,3,220852.4671,18.1658,14.6643,30.21223602,567,23.95032895,0,351.2148088,5405.134868,0,49.2,0,0.000608
2014,2,5,5,140700,54.11883905,37.16184069,60.77042641,357,11.1,15,330.93264,3455,7.1,50.7,0.373664972,0.000768
2014,2,5,6,75995,85.84020342,53.95812562,112.3223701,149,9.3,37,343.9,4050,15.66,46,0.65,0.002318
2014,3,1,1,18018.1186,38.96824352,29.24588611,38.96824352,161.7083581,12.87562177,0,375.4176128,2824.28931,0,43.19929237,0,0.596077
2014,3,1,3,17814.66575,40.43726627,30.27535481,67.26814307,161.2821909,12.44690942,0,376.8846947,2970.841289,0,44.03440024,0,0.223324
2014,3,1,6,34995,86.79342209,62.63847364,114.5114916,149,9.3,38,381.17,3786,15.66,45.1,0.66,0.02184
2014,3,2,1,19550.18967,42.7188093,31.83354908,42.7188093,146.4312985,13.19994542,0,422.8171558,2771.796474,0.012094704,43.39355915,0,0.428717
2014,3,2,16,23363.01675,70.80465559,49.55421944,70.80465559,107.2674561,10.06691128,0,498.8319111,2645.759062,1.025052313,41.07242606,0,0.049739
2014,3,3,1,24029.47431,35.86307003,27.54184626,35.86307003,179.1181521,14.44921989,0,398.640065,3112.493198,0.011783599,44.28276695,0,0.256246
2014,3,3,2,24313.51854,42.13447711,32.0222026,42.13447711,140,14.5,0,464.3483766,3199.231095,0,43.84904835,0,0.029265
2014,3,3,16,28080,60.7663,44.6144,60.7663,170,11.8,0,526.44992,3212,0,44.1,0,0.001896
2014,3,4,1,39247.44541,31.11398887,23.78871003,31.11398887,258.6310899,16.70299782,0,401.1559068,3556.684659,0,46.56695297,0,0.274533
2014,3,4,2,40465.58321,48.68421161,35.90880054,48.68421161,181,15.18811664,0,545.4326025,3510,0,46.9,0,0.009122
2014,3,4,3,36241.27921,30.21294452,23.05507257,49.61377546,229.8934043,16.5075792,0,380.5260913,3670.870391,0,46.18234874,0,0.030808
2014,3,4,4,35995,149.6553,104.7587,364.3099751,143,0,76,76,3622,26.25,44,0,0.002221
2014,3,4,16,47612.67103,40.48053764,30.17439774,40.48053764,359.1903202,17.70931587,0,535.5435207,4037.154112,0.048451237,47.62590975,0,0.005496
2014,3,5,1,85672.31695,25.07032946,19.32464547,25.07032946,434.7093972,20.54421709,0,399.9743613,4347.489419,0.292002099,50.02493296,0,0.017154
2014,3,5,3,201325,19.3741,15.2827,31.88896907,567,24,0,366.7848,5115,0,49.2,0,0.000246
2014,4,1,1,21711.07509,37.4272179,28.199373,37.4272179,175.2976929,16.07438168,0,456.4538799,3217.807494,0.000183285,46.47174297,0,1.882813
2014,4,1,2,25810,44.2635,33.1029,44.2635,148,15.6,0,516.40524,3475,0,44.8,0,0.010575
2014,4,1,3,23984.05001,29.90761898,22.88663555,49.47273072,266.7201615,16.54835549,0,378.9817372,3523.683068,0,47.10464194,0,0.042353
2014,4,1,4,28980,162.5542,113.7879,395.7101188,107,0,84,84,3329.666667,23.76,44.66,0,0.010339
2014,4,1,16,27996.81313,56.22554347,40.47591235,56.22554347,191.8854594,15.13031546,0,611.0063439,3665.722823,1.410949931,48.43815473,0,0.060197
2014,4,2,1,22310.62889,39.52331273,29.62645882,39.52331273,175.4497194,15.97719911,0,472.8187371,3162.976956,0,46.33498457,0,1.284292
2014,4,2,5,30800,81.25498595,57.71904799,90.47299884,134,10.6,11,537.84226,3165,4.4505,44.2,0.29,0.012196
2014,4,2,16,25510.16506,65.8538376,46.41745344,65.8538376,156.1706371,13.5536672,0,625.5094063,3224.327746,1.386675758,45.19391395,0,0.150278
2014,4,3,1,28210.19237,35.14473747,27.05490112,35.14473747,171.7617873,18.5,0,501.3465831,3175.783142,0,47.19519513,0,0.06893
2014,4,3,2,27020,44.70838831,34.26697229,44.70838831,140,18.5,0,633.9767221,3408,0,47.2,0,0.033185
2014,4,4,1,45687.25008,30.16566072,23.02585299,30.16566072,292.0106019,18.5385948,0,429.2518435,3834.161043,0.009855605,49.01130711,0,0.369555
2014,4,4,2,58011.64954,39.68038373,30.19519488,39.68038373,235.7208705,19.62239686,0,594.1014607,4179.347212,0,50.59223213,0,0.013234
2014,4,4,3,44147.61854,29.50520879,21.9860332,49.04478637,303.7362693,18.43682681,0,409.3687348,3991.353568,0,48.45654222,0,0.063671
2014,4,4,4,42375,119.662,83.7634,291.2964675,177,0,87,87,3957,44.04,44.66,0,0.001585
2014,4,4,5,35117.58475,72.46491127,51.77692302,85.18358236,188.4693878,13.69679705,19.58928571,551.7678118,3720.930204,7.493780612,46.77223923,0.44352398,0.01764
2014,4,4,14,60000,85.7253,60.0077,571.502,134,3.92,0,235.230184,3528,1.584,47.6,0,0.000001
2014,4,4,16,38179.42786,55.79287406,38.98590764,55.79287406,199.3095403,16.2493612,0,635.3447235,3677.477017,1.536105101,48.1627598,0,0.043206
2014,4,5,1,87547.17837,23.64127909,18.37409173,23.64127909,438.0022757,21.51690055,0,397.2020381,4347.885648,0,52.09158007,0,0.026366
2014,4,5,3,193585.8506,18.47460439,14.24386208,30.71820638,562.3879668,23.36307054,0,332.6768433,5263.242739,0,53.72780083,0,0.001446
2014,4,5,16,120970,26.9406,20.4157,26.9406,438,22.2,0,453.22854,5115,1.872,53.8,0,0.000068
2014,5,1,1,27948.74032,30.56990151,23.3792278,30.56990151,255.7803703,18.8596137,0,447.5037745,3697.642432,0.00120775,50.25138267,0,0.386282
2014,5,1,3,32579.66346,28.82227951,22.12480438,47.87010344,298.0379522,18.73213268,0,414.7387401,3839.069863,0,49.16287007,0,0.193006
2014,5,1,16,24175,54.9862,39.5146,54.9862,188,13.5,0,533.4471,3691,1.4,44,0,0.013696
2014,5,3,1,32820.54818,34.6577849,26.26073465,34.6577849,241,16.6,0,436.0445968,3643.537699,0,45.3,0,0.024709
2014,5,4,1,47662.35343,26.47523239,20.39358843,26.47523239,332.1743972,18.71819176,0,384.264462,4159.63068,0,49.95469379,0,0.065821
2014,5,4,7,69900,119.8877,95.4,291.8458952,302,0,208,208,4647,98,53.75,0,0.002565
2014,5,5,1,97761.27715,25.25119648,19.46776847,25.25119648,441.224975,21.61065566,0,422.9764376,4526.907533,0,55.0411987,0,0.03996
2014,5,5,2,83395,36.8664,28.2271,36.8664,240,23.8,0,671.80498,4564,0,54.9,0,0.001192
2014,5,5,3,83497.11538,25.3968367,19.62433932,41.83966017,382.5817308,21.7,0,427.6788328,3999.15,0,54.26961538,0,0.00208
2014,5,5,5,99975,42.10541596,31.27557082,48.70553845,416,26.4,16,682.30168,4619,35.325,51.8,0.39,0.000755
2014,5,5,7,119000,122.3451,89.3,297.828011,416,0,242,242,4647,98,53.75,0,0.002214
2014,5,5,15,79900,111.6427,88.8,271.774867,362,0,265,265,4647,98,53.75,0,0.013012
2014,5,5,16,85225,33.4076,25.4387,33.4076,350,17.7,0,450.26499,4680,1.496,56.4,0,0.000041
2014,6,1,1,30800,27.59518315,21.1630892,27.59518315,332,19,0,402.2781712,3331.75,1.42206,42.93874508,0,0.007108
2014,6,2,1,24724.18538,38.21969612,28.62197168,38.21969612,146.3004021,11.65271396,0,343.1248273,2594.533601,0.33752533,38.44728604,0,0.006964
2014,6,3,1,21534.20626,46.2139969,33.67857564,46.2139969,110.1203704,9.851108674,0,329.6408079,2112.937744,0,30.86985867,0,0.008208
2014,6,3,4,26124.81481,152.8366,106.9856,372.0543004,74,0,68,68,2094,17.628,26.8,0,0.002025
2014,6,4,1,53000.75569,27.70822062,21.3365259,27.70822062,387.1421751,18.04255374,0,388.1968092,3417.915497,0.027913114,44.3996945,0,0.054665
2014,6,5,1,145514.2582,22.34665999,17.51941215,22.34665999,494.8254891,19.97307299,0,356.9413565,3704.28082,0,45.18533826,0,0.012727
2014,6,5,5,1150000,22.9543585,17.70801315,30.42671613,903,19,19,349.9382,3411,4.708,46.9,0.427,0.000043
2014,6,5,16,1416000,17.5048,13.6855,17.5048,949,22.7,0,310.66085,3495,2.496,47.3,0,0.00005
2014,7,1,1,22688.51112,33.65357319,25.40029675,33.65357319,173.6268497,14.64302915,0,372.9152203,3264.861615,0.002441526,44.46004107,0,0.731346
2014,7,1,3,24360,34.0888,25.8416,55.82435063,182,18.8,0,485.82208,3801,0,45.9,0,0.049045
2014,7,2,1,23360.96642,34.74097565,26.24198197,34.74097565,182.1193221,15.28273001,0,402.469333,3347.868576,0,44.4148265,0,0.346717
2014,7,2,16,27560,58.6599,41.9444,58.6599,134,11.9,0,499.13836,3340,1.313,46,0,0.035039
2014,7,3,1,21392.75128,33.33244068,25.41237929,33.33244068,173.7224166,14.47896259,0,367.2341209,3263.834724,0,43.04764083,0,0.044592
2014,7,3,2,27070,42.19596536,32.06893367,42.19596536,140,14.5,0,465.0067402,3326.808231,0,43.2,0,0.020118
2014,7,4,1,38501.27398,28.04153837,21.47130689,28.04153837,296.4406418,17.53703773,0,377.7112582,3957.13119,0,46.57210104,0,0.015954
2014,7,4,2,43875,47.7243,35.2417,47.7243,181,15.4,0,542.72218,3895,0,46.9,0,0.001688
2014,7,4,4,45456.67309,123.2478172,86.27350465,300.02552,143.7804073,0,96.07705008,96.07705008,3774.86186,35.8132306,43.17585581,0,0.001817
2014,8,1,1,28152.02644,29.75749276,22.61580738,29.75749276,221.1717369,18.33461778,0,418.6441854,3837.811077,0.071054854,48.5199174,0,0.446002
2014,8,1,3,27116.56773,30.18144296,23.07255743,49.79651803,230.1580915,18.70681066,0,438.9816042,3903.00031,0,49.1,0,0.078891
2014,8,2,1,31068.18753,29.67087868,22.4494999,29.67087868,236.7674941,18.03793258,0,405.9330618,4574.748104,0,49.08017416,0,0.022279
2014,8,3,1,35726.70424,27.4791,21.1008,27.4791,240,18.5,0,390.3648,4020.753316,0,48.1,0,0.003016
2014,8,4,1,41841.60987,25.67660891,19.76402004,25.67660891,294.079301,19.99317323,0,395.5814027,4175.151271,0,48.84361555,0,0.101058
2014,8,4,3,41595,29.5075,22.5112,48.36646492,220,16.1,0,362.43032,3891,0,47.8,0,0.00496
2014,8,4,4,52000,89.9082,62.9357,218.8659814,102,0,127,127,4453,61.4,47.42175197,0,0.00005
2014,8,4,16,46839.19452,40.33007168,29.76652177,40.33007168,295,19.2,0,571.5297645,4609.809769,1.872,48,0,0.001167
2014,8,5,1,95000,22.859,17.6795,22.859,577,21.1,0,373.03745,4619,0,49.8,0,0.000439
2014,1,9,1,24394.5348,24.27013803,18.59630649,24.27013803,220.0153232,21.1,0,394.3068957,4065.161111,0,58.10243119,0,0.202699
2014,2,6,1,34796.69725,21.20638513,16.45984553,21.20638513,359.9873539,29,0,478.2169131,5002.149647,0,68.92385625,0,0.276766
2014,2,6,2,40434.68473,29.23416684,22.32937873,29.23416684,240,29,0,647.747207,5184,0,57.2,0,0.014083
2014,2,6,3,33296.80558,24.91816273,19.22369428,41.02248099,290,29,0,557.8657927,4614.975775,0,66.6,0,0.040757
2014,2,7,1,35797.72092,22.69370541,17.56078933,22.69370541,365.4534754,31,0,544.9973441,5539.560592,0,67.36952978,0,0.179851
2014,2,7,3,36154.04589,21.72852524,16.82708524,36.10805531,356.7642224,31,0,524.3520276,5381.681023,0,69.99133696,0,0.340677
2014,2,8,1,40495,21.575,16.7387,21.575,425,26,0,435.2062,5626.470588,0,72.5,0,0.000642
2014,2,8,3,37553.96249,23.94706246,18.48194569,39.73358409,332.780544,26,0,480.9481278,5276.361462,0,65.63757185,0,0.672791
2014,2,9,1,36051.16212,19.71681419,15.31797863,19.71681419,342.0573291,25.91503059,0,397.6171963,6532.507914,0,69.19486281,0,0.105252
2014,2,9,3,40019.61859,18.87069741,14.69008014,31.20106372,371.7580337,26.63104916,0,391.2090764,6952.494823,0,75.94077824,0,0.059686
2014,2,11,1,47769.80546,18.56717217,14.47403478,18.56717217,419.8558004,28.63788213,0,416.1056956,5737.772656,0,71.82371429,0,0.034903
2014,3,6,1,22355,26.7474,20.5664,26.7474,283,20,0,411.328,4150,0,54.7,0,0.000057
2014,3,6,3,22355,26.7474,20.5664,44.12837575,283,20,0,411.328,4150,0,54.7,0,0.010428
2014,3,7,1,23329.49477,30.73081233,23.41533821,30.73081233,168.238676,15.8,0,370.1893134,3632.096632,0,47.1212892,0,0.03444
2014,3,9,1,20720.40889,32.81921398,24.12206955,32.81921398,144.4620924,15.2248819,0,367.1383655,3362.724579,0.277762877,46.40810347,0,0.021803
2014,4,6,1,21390,25.9349,19.974,25.9349,285,20,0,399.48,4510,0,54.7,0,0.000054
2014,4,6,3,26608.08698,25.9349,20,42.78675054,283,20,0,400,4581.31553,0,54.7,0,0.290724
2014,4,7,1,35575.97561,14.57267014,11.4342115,14.57267014,305,33,0,377.5464805,6432,0,65.2,0,0.000082
2014,4,7,3,32278.81202,17.26880752,13.47082155,28.73048376,240.8397815,33,0,445.2391047,5357.042786,0,65.2,0,0.002197
2014,4,8,1,28779.49828,19.95734889,15.50650381,19.95734889,196.4691526,31,0,480.9499733,5628.20741,0,63.8079059,0,0.012497
2014,4,8,3,34311.95715,18.06413008,14.08076802,30.09955127,311.3659717,31,0,437.7009368,5659.358714,0,67.23530699,0,0.008681
2014,4,9,1,29004.33236,27.58179192,21.15320244,27.58179192,257.299745,20.4717894,0,434.6622102,4515.748972,0,55.91852401,0,0.287034
2014,4,10,3,31780,25.3256,19.5,41.79457692,283,20,0,390,4652,0,54.7,0,0.00125
2014,5,6,1,26262.01355,23.02535183,17.753187,23.02535183,283,21.54759286,0,382.0785326,4168.381672,0,47.72655806,0,0.172362
2014,5,9,1,33716.73642,23.75509143,18.22507041,23.75509143,267.2289983,22.06469578,0,403.1816608,4490.684136,0,47.61998077,0,0.092564
2014,6,7,3,44402.76318,19.35045151,15.06612538,32.15232878,310,31,0,467.9378105,5699,0,55.6,0,0.040504
2014,6,8,3,48038.51498,22.0455,17.0933,36.65823923,320,28.50180064,0,487.1898289,5667.792659,0,57.84346624,0,0.07775
2014,6,9,1,47586.54655,20.33039271,15.79009101,20.33039271,322.2496701,24.65551679,0,389.3235475,5386.911401,0,51.76799296,0,0.034105
2014,6,9,3,45559.73752,18.54504029,14.47124688,30.74667036,346.9627116,27.25093221,0,394.4227115,5606.190538,0,57.86704184,0,0.011639
2014,6,11,1,68992.3433,19.70715182,15.34687782,19.70715182,394.63091,25.57821479,0,393.6657529,5830.265629,0,54.93254575,0,0.024154
2014,6,11,3,64036.29817,19.75601778,15.03090233,32.7604182,381.2748807,29.50875236,0,443.8719391,5831.845648,0,56.90254101,0,0.035419
2014,7,6,1,23911.04768,29.79274148,22.71526943,29.79274148,200.2241244,14.52693244,0,330.0646818,3648.650117,0,44.59249251,0,0.184469
2014,7,7,1,30236.19768,32.09333283,24.37323909,32.09333283,206.3491452,15.1,0,368.2902712,3695.023718,0,45.4,0,0.15267
2014,7,8,1,26585,33.84,25.5771,33.84,140,14,0,358.0794,3358,0,42.3,0,0.018485
2014,7,9,1,25449.06843,33.37528188,25.25373764,33.37528188,183.6726606,16.19687711,0,410.3823532,3488.623376,0,44.75842449,0,0.971536
2014,7,9,16,26820,41.305,30.6724,41.305,160,15.9,0,487.69116,3451,0.5555,43.2,0,0.009252
2014,7,10,1,27840,29.5577,22.5097,29.5577,200,16.8,0,378.16296,3591,0,44,0,0.011957
2014,7,11,1,44988.30216,27.72566673,21.19164591,27.72566673,285.8477408,19.71628886,0,422.0671181,4169.457101,0,46.37578292,0,0.052496
2014,7,11,2,39905,36.8097,27.7195,36.8097,200,17.4,0,482.3193,4246,0,46.9,0,0.004363
2014,8,6,1,29596.32677,24.23538145,18.71792509,24.23538145,271.5462784,20.93900183,0,392.0858737,4325.687268,0,49.58402805,0,0.117074
2014,8,6,3,31354.23739,25.51011633,19.64421203,42.62466293,289.5458144,24.333977,0,478.1987673,4808.543762,0,51.59893546,0,0.307458
2014,8,7,1,32351.74743,25.77114096,19.82562234,25.77114096,287.6221626,18.52691676,0,367.9636374,4421.014038,0,52.13633543,0,0.159566
2014,8,7,3,31739.7307,25.11447834,19.34523075,41.76729229,290,18.6,0,359.9949038,4530.016301,0,52.9,0,0.106126
2014,8,8,1,34337.88695,25.45418023,19.54195089,25.45418023,267.6877838,21.38680102,0,418.9890685,4630.523772,0,54.51611464,0,0.313994
2014,8,8,3,27392.85891,30.7928,23.4698,50.81370777,182,18.8,0,441.23224,3970.089405,0,49.1,0,0.015373
2014,8,9,1,31235.97484,26.9685366,20.64756067,26.9685366,255.4208747,19.8701284,0,410.4533892,4305.973246,0.104443591,50.7904631,0,0.281863
2014,8,9,16,41470.98238,37.3810296,27.55895519,37.3810296,259.679878,18.75787602,0,517.0007057,4643.991023,0.774170732,51.10649051,0,0.005904
2014,8,10,1,39863.15449,29.08925107,22.25020003,29.08925107,251.3376755,18.15460559,0,406.6478669,4212.573599,0,48.53868257,0,0.044294
2014,8,10,3,38195,29.5548,22.5781,48.7001818,220,19,0,428.9839,4090,0,48.8,0,0.025666
2014,8,11,1,51372.74046,25.16654125,19.30819853,25.16654125,318.8545552,21.74094202,0,421.2642495,4609.531675,0,51.54160526,0,0.335323
2014,8,11,2,51865.73655,31.03521678,23.56144639,31.03521678,241.2187179,24.48297405,0,576.2406619,4991.292545,0,51.67702716,0,0.049589
2014,8,11,3,72522.283,23.75413959,18.32622342,39.25366252,347.5025302,26.85027345,0,494.3587394,4859.03034,0,52.98030953,0,0.044067
2014,8,11,16,49417.43201,35.74890543,26.78394866,35.74890543,286.5708215,20.30838527,0,543.2487805,4571.087535,1.08317847,50.17373938,0,0.00706
2015,1,2,1,27769.94434,34.647638,26.18689242,34.647638,197.8002943,13.10246588,0,344.2897107,2748.588005,0,42.1326526,0,0.019709
2015,1,3,1,21637.16249,40.41274281,30.17131614,40.41274281,118.6964311,10.70118584,0,323.7267416,2445.812086,0,35.28237935,0,0.035165
2015,1,3,4,32500,165.0479,115.974,401.7806007,111,0,87,87,2980,25.137,35.1,0,0.007825
2015,1,5,1,131762.8341,26.6310194,20.46386145,26.6310194,437.9503304,17.32933705,0,356.673019,3443.762753,0,41.25293474,0,0.009684
2015,2,1,1,22468.3807,35.75658689,27.07361677,35.75658689,200.7296679,13.32418513,0,360.3013353,2957.596952,0,42.77248119,0,0.173187
2015,2,1,4,27495,169.8716,118.9,413.5230651,140,0,82,82,2866,22.2,36.10138889,0,0.002779
2015,2,3,1,29027.71076,36.97696593,28.15710362,36.97696593,183.2190917,12.28437473,0,345.2093839,3073.322073,0,42.25812247,0,0.09292
2015,2,3,2,33485.11139,47.72958692,35.21816937,47.72958692,150,13.48088441,0,474.591487,3335.424013,0,43.23498741,0,0.003573
2015,2,4,1,43085.99743,27.28487398,21.0637436,27.28487398,341.5873552,16.68544272,0,356.874203,3795.265858,0,46.86460503,0,0.121046
2015,2,4,3,47256.0579,31.87615851,24.2471388,52.80367976,220,16.1,0,390.4427892,3807.255888,0,46.82,0,0.008152
2015,2,4,4,42275,177.6572,124.3601,432.4757633,170,0,81,81,2860,21.6,43.3,0,0.002335
2015,2,4,6,46250,122.55168,88.21290201,191.5774012,170,2.4,72,166.764,3130,23.64,43.50194444,0.834,0.006686
2015,2,5,1,108431.6069,23.53890694,18.27895463,23.53890694,468.742642,19.16346925,0,351.3348544,4278.712493,0,48.98467684,0,0.010227
2015,2,5,3,236850,18.1658,14.6643,30.21223602,567,24,0,351.9432,5501,0,49.25,0,0.000279
2015,2,5,5,136500,54.11883905,37.16184069,60.77042641,170,11.1,15,330.93264,3455,7.1,50.66138889,0.373664972,0.002365
2015,2,5,6,75000,85.84020342,53.95812562,112.3223701,149,9.3,37,343.9,4050,16.878,45.86614583,0.65,0.000016
2015,3,1,1,18728.76217,39.38118028,29.49907584,39.38118028,158.0099397,12.7416094,0,374.1945145,2775.403224,0,43.07085569,0,0.552231
2015,3,1,3,20200.80837,41.50183743,30.74297149,69.01085203,160,12.4,0,381.2664608,2960,0,43.97309542,0,0.099954
2015,3,1,6,34170,86.79342209,62.63847364,114.5114916,149,9.3,38,381.17,3786,15.66,45.2528125,0.66,0.012052
2015,3,2,1,21163.58944,42.24331499,31.47509951,42.24331499,154.5851136,13.56079527,0,429.2250944,2830.063212,0.006215543,43.29522999,0,0.5456
2015,3,2,16,25412.66328,70.84774251,46.91589846,70.84774251,109.9458892,10.25057526,0,479.8525101,2694.276965,1.053902864,41.21173418,0,0.052411
2015,3,3,1,26457.13672,37.30758641,28.27812972,37.30758641,181.7857279,14.57419861,0,412.9552893,3139.210537,0,44.29235283,0,0.230786
2015,3,3,2,25250.65813,48.67728456,35.91283523,48.67728456,150,14.5,0,520.7946472,3175.546174,0,43.67047069,0,0.029064
2015,3,3,3,33500,36.4494,27.4729,60.3921711,208,13.2,0,362.64228,3384,0,44.81,0,0.003558
2015,3,3,16,31670,60.7663,44.6144,60.7663,170,11.8,0,526.44992,3212,1.1,44.04,0,0.000553
2015,3,4,1,40989.5406,32.26718437,24.47586535,32.26718437,265.9793146,16.83732769,0,417.0502017,3564.002809,0,47.21141282,0,0.381138
2015,3,4,2,39879.20792,48.74205306,35.94833364,48.74205306,181,15.4,0,553.7788921,3510,0,46.93,0,0.00202
2015,3,4,3,39567,32.3011,24.5522,53.50307277,220,16.1,0,395.29042,3649,0,46.58,0,0.017088
2015,3,4,4,36181.97431,160.013022,112.0091479,389.52406,123.6100719,0,80.84748201,80.84748201,3094.316958,26.82131038,43.64682631,0,0.004865
2015,3,4,16,46347.5,40.9970011,29.91594674,40.9970011,359.5941558,19.91883117,0,596.923775,4012.772727,1.423260325,47.61046753,0,0.00154
2015,3,5,1,106895.5978,24.56100153,18.96277919,24.56100153,466.4996185,19.94455974,0,383.110688,4418.086754,0,51.32501145,0,0.013106
2015,3,5,3,215550,19.3741,15.2827,31.88896907,567,24,0,366.7848,5115,0,49.25,0,0.000188
2015,4,1,1,23188.16464,38.76904335,29.0884426,38.76904335,175.975443,16.37517682,0,477.8194473,3215.361207,3.31E-05,46.61833471,0,1.928085
2015,4,1,2,25660,44.2636,33.103,44.2636,148,15.6,0,516.4068,3475,0,44.79,0,0.001964
2015,4,1,3,23718.30286,35.00838409,26.56956273,58.17370353,201.7557277,13.97277897,0,370.8490956,3477.86328,0,43.60259555,0,0.154557
2015,4,1,4,28980,162.5451,113.7816,395.6879665,107,0,84,84,3329.666667,23.76,44.66,0,0.033242
2015,4,1,5,31770,72.02145679,51.45909948,84.92644658,188,14,20,558.3392,3859,7.546,43.78427083,0.4506,0.007568
2015,4,1,16,28395.2931,54.5074678,39.40643818,54.5074678,194.2394659,15.85912819,0,623.3709709,3626.253202,1.417583949,48.34238032,0,0.049506
2015,4,2,1,23645.12098,40.04866481,29.77766415,40.04866481,170.6810942,19.19172012,0,574.6295397,3147.88769,0,46.17708063,0,1.206419
2015,4,2,5,32448,81.25498595,57.71904799,90.47299884,134,11.9,11,602.45499,3165,4.4505,44.22,0.29,0.005838
2015,4,2,16,27662.80659,67.83719688,47.63597779,67.83719688,149.8339685,13.01207859,0,617.0273081,3177.223621,1.357572774,44.99253827,0,0.191024
2015,4,3,1,26413.59809,37.69509184,28.40820575,37.69509184,170,18.5,0,525.5522723,3172,0,47.19,0,0.073489
2015,4,3,2,30885.73887,46.11700627,34.18511138,46.11700627,150,18.5,0,632.4435834,3408,0,47.27,0,0.02359
2015,4,4,1,44673.01932,29.54004015,22.61242118,29.54004015,304.6198969,18.30157541,0,417.8613823,3815.879746,0.006938628,49.10957277,0,0.338737
2015,4,4,2,57699.05063,39.88788649,30.44060366,39.88788649,232.125,19.59309072,0,599.3340546,4207.200422,0,50.09320243,0,0.003792
2015,4,4,3,40226.1656,29.07614234,21.38497611,48.29428504,304.0102852,17.00580797,0,366.446345,3979.201781,0,48.50059909,0,0.037724
2015,4,4,4,42375,119.6981,83.7887,291.3843467,177,0,87,87,3957,44.04,44.66,0,0.001098
2015,4,4,5,34800,72.02145679,51.45909948,84.92644658,188,14,20,558.3392,3913,7.546,48.42520833,0.4506,0.00832
2015,4,4,16,38905.26077,56.06663251,39.65789709,56.06663251,197.7998126,16.22384737,0,643.3418046,3672.701937,1.546001155,48.12643404,0,0.030951
2015,4,5,1,91031.40318,23.66200976,18.37769241,23.66200976,424.5110429,21.53368768,0,398.5732955,4337.122526,0,52.4601952,0,0.021824
2015,4,5,3,142322.0608,20.40110678,15.76977059,33.86909209,536.7679558,20.9359116,0,329.7706891,4882.955801,0,51.38425414,0,0.000543
2015,4,5,16,120440,26.9406,20.4375,26.9406,438,22.2,0,453.7125,5115,1.872,53.75,0,0.000051
2015,5,1,1,27417.45874,33.42250039,25.25999213,33.42250039,231.3348718,18.71110699,0,478.6260695,3588.667911,0,50.02063819,0,0.439192
2015,5,1,3,30840.09647,28.976481,22.22395721,48.05565787,297.9805391,18.67201741,0,415.139617,3843.752265,0,49.43006456,0,0.10796
2015,5,1,16,25670,54.9862,39.5146,54.9862,188,13.5,0,533.4471,3691,1.4,43.97,0,0.015358
2015,5,3,1,32244.98151,34.43973102,26.1096233,34.43973102,240,16.6,0,433.5275226,3642.528511,0,45.03,0,0.023254
2015,5,4,1,45659.75089,26.42745912,20.38839666,26.42745912,332.36788,19.06921857,0,390.8402952,4170.531685,0,51.46034103,0,0.090168
2015,5,4,3,40220,27.2264,20.9001,44.87321154,288,19,0,397.1019,4196,0,51.54,0,0.003688
2015,5,4,7,69900,119.8877,95.4404,291.8458952,329,0,208,208,4323,98,53.75,0,0.00063
2015,5,5,1,98300.96737,25.57777712,19.65336454,25.57777712,428.3316339,21.58754508,0,426.7957279,4619.949168,0,55.15352745,0,0.052959
2015,5,5,2,84109.37866,36.27919994,27.38793927,36.27919994,245.7151231,22.77127784,0,625.8766239,4610.101993,0,55.66937476,0,0.000853
2015,5,5,3,79969.64286,26.09903634,20.13694763,42.85810095,360.8163265,21.7,0,438.3042171,4007.068878,0,53.9641369,0,0.002352
2015,5,5,5,103759.708,42.33053339,31.49330508,48.59683565,423.5153285,21.1,15.54452555,552.7682588,4721.937226,29.2642292,52.11653416,0.379029197,0.000685
2015,5,5,7,75000,134.2819,101.2486,326.8860885,329,0,240,240,4608,98,53.75,0,0.005068
2015,5,5,15,92473.13989,126.8947505,95.82664834,308.9033492,499.6655635,0,263.8208735,263.8208735,4796.963536,98,53.75,0,0.016921
2015,5,5,16,84300,33.4076,25.4387,33.4076,350,21.1,0,536.75657,4680,1.496,56.35,0,0.00001
2015,6,1,1,31630.68282,27.48807741,21.08121221,27.48807741,330,19,0,400.6705997,3331.75,0,42.6,0,0.00454
2015,6,2,1,26034.65235,37.50736125,28.13102703,37.50736125,147.9645356,11.73384801,0,339.6526932,2588.309409,0.311376984,38.38535344,0,0.00829
2015,6,3,1,17595.11,47.43339304,34.36965028,47.43339304,93.77980149,9.229857771,0,316.6653009,1990.714213,0,29.22351069,0,0.009773
2015,6,3,4,25847.80866,152.8366,106.9856,372.0543004,74,0,68,68,2094,17.628,26.8,0,0.001871
2015,6,4,1,60635.04861,28.23135057,21.75727989,28.23135057,383.0894213,17.87579542,0,391.5931666,3422.59079,0,44.25922423,0,0.03715
2015,6,5,1,124552.9669,22.66257285,17.67734649,22.66257285,523.3289008,19.34260325,0,348.468323,3488.173806,0,45.55499638,0,0.023463
2015,6,5,5,906648.9362,34.53749407,24.91668887,39.6550997,890.2340426,18.60106383,13.41489362,400.6125085,4031.744681,6.374595745,48.1346609,0.343941489,0.000376
2015,7,1,1,23318.76218,34.49254501,25.92410949,34.49254501,169.2463293,14.66504785,0,381.4733346,3217.770546,0,44.48206069,0,0.766754
2015,7,1,3,23612.03284,33.30626507,24.48099391,55.28559948,183.4635639,14.36758008,0,349.7752277,3288.89576,0,43.73559681,0,0.038245
2015,7,1,4,33700,150.5363,105.3754,366.4546174,109,0,93,93,3289,27,43.75,0,0.000926
2015,7,2,1,24155.52121,38.54408935,28.85379681,38.54408935,166.3588747,14.45318261,0,416.6081732,3193.771846,0,43.72572869,0,0.456984
2015,7,2,16,28841,58.6617,41.9451,58.6617,134,11.9,0,499.14669,3340,1.313,46.04,0,0.022671
2015,7,3,1,30223.22844,33.40181132,25.29082222,33.40181132,192.5458874,15.3451249,0,390.2554806,3296.089291,0,44.13295508,0,0.028984
2015,7,3,2,22446.56677,47.77865958,35.26335946,47.77865958,150,14.5,0,511.3187934,3080,0,43.49,0,0.013457
2015,7,4,1,37362.69106,31.96566962,23.69258669,31.96566962,255.0370847,16.55219034,0,394.118441,3813.84714,0,46.02180717,0,0.075422
2015,7,4,2,43450,47.7241,35.2404,47.7241,181,15.4,0,542.70216,3895,0,46.93,0,0.001602
2015,7,4,14,60000,71.0954,49.9119,473.9693333,160,5.55,0,277.011045,4200,0.954,45,0,0.000072
2015,7,4,16,37980,44.8402,32.8217,44.8402,194,15.9,0,521.86503,4055,1.5925,45.22,0,0.000918
2015,8,1,1,29166.41447,30.06207762,22.9475972,30.06207762,226.0298581,18.65958832,0,434.2146072,3947.973419,0,48.81250833,0,0.52006
2015,8,1,3,27200.72937,33.89933764,25.70785843,55.53083733,183.6143052,18.67253585,0,480.4489957,3802.777879,0,49.06207782,0,0.061502
2015,8,2,1,32079.58624,30.14718277,22.7025849,30.14718277,221.8347782,17.93574707,0,408.5881728,4659.275178,0,48.98761028,0,0.015688
2015,8,4,1,42675.93114,26.63515917,20.45816362,26.63515917,285.7155718,19.55620209,0,401.708186,4252.272428,0,48.38864761,0,0.179504
2015,8,4,3,42700,31.1732,23.7037,51.65359649,220,16.1,0,381.62957,3891,0,47.73,0,0.003032
2015,8,4,16,47629.15033,40.3434778,29.7752992,40.3434778,295,19.2,0,571.691771,4608.862745,1.872,47.92,0,0.004284
2015,8,5,1,100600,22.859,17.6795,22.859,577,21.1,0,373.03745,4619,0,49.8,0,0.000148
2015,1,8,1,29211.51824,26.8477403,20.60442042,26.8477403,275.4471279,21,0,433.5454561,4305.001258,0,57.90626482,0,0.089811
2015,1,9,1,27965.4324,24.143918,18.51493922,24.143918,222.3111278,21.1,0,392.2302121,4069.277937,0,57.44544803,0,0.250823
2015,2,6,1,37438.83738,21.5765241,16.73641475,21.5765241,359.9738906,29,0,485.8989808,4739.946668,0,69.20761884,0,0.190353
2015,2,6,2,38839.63919,29.24731534,22.33959175,29.24731534,230,26,0,581.0025706,5308,0,66.29510417,0,0.031984
2015,2,6,3,36114.5028,24.9048527,19.21222296,41.00860531,290,29,0,557.5649138,4612.969255,0,66.68958524,0,0.033393
2015,2,7,1,32786.97464,25.46318233,19.5752668,25.46318233,347.7221107,23,0,451.4879412,4154,0,67.14045954,0,0.25395
2015,2,7,3,33554.42725,22.95040777,17.75508391,38.16991089,360.8800864,23,0,410.2355058,4512.704084,0,67.76590778,0,0.182373
2015,2,8,1,40071.81942,23.60220109,18.23262418,23.60220109,345.1202292,29.5,0,537.9334757,5311.326565,0,65.187449,0,0.457127
2015,2,8,3,37844.95257,24.43952063,18.83591912,40.39341915,310.6681117,29.5,0,556.4580771,5242.817071,0,65.17642675,0,0.15686
2015,2,9,1,35716.3392,19.3950071,15.07634265,19.3950071,358.5246269,26.5221886,0,400.6597784,6886.82322,0,68.4876973,0,0.067751
2015,2,9,3,34402.79027,18.80720144,14.64056456,31.09043519,371.7694339,26.63076415,0,389.9010998,6953.11503,0,75.95138265,0,0.045449
2015,2,11,1,49974.39193,22.02815149,17.07896343,22.02815149,425,29.5,0,503.8313667,5697.575211,0,65.25992187,0,0.026109
2015,3,6,1,24430.97736,31.35116429,23.85731314,31.35116429,182.0039285,16.17587691,0,385.8320124,3614.132495,0,51.16120756,0,0.010691
2015,3,6,3,26345,26.7474,20.5664,44.12837575,283,20,0,411.328,4150,0,54.75,0,0.005712
2015,3,7,1,23317.55568,30.94853088,23.56911075,30.94853088,169.2670924,15.8,0,372.5982042,3602.044402,0,46.27914439,0,0.045722
2015,3,9,1,25789.61376,29.88187625,22.35554434,29.88187625,202.6590784,17.79383879,0,394.9446916,3328.135658,0,52.00499579,0,0.061806
2015,4,6,1,26345,25.9349,19.974,25.9349,283,20,0,399.48,4510,0,54.75,0,0.000132
2015,4,6,3,30508.54989,25.9349,19.974,42.78675054,283,20,0,399.48,4580.050247,0,54.75,0,0.187713
2015,4,7,1,33930,20.5639,15.9515,20.5639,315,26,0,414.739,5240,0,61.61,0,0.000662
2015,4,7,3,32345,20.4269,15.845,33.87344954,270,26,0,411.97,5025,0,61.61,0,0.005385
2015,4,8,1,31706.24218,16.34966107,12.8274001,16.34966107,289.9798622,31,0,398.15562,5837.616852,0,67.26,0,0.001887
2015,4,8,3,34983,15.86582399,12.45689685,26.30459309,324,31,0,386.1828503,6037.78678,0,67.26,0,0.000469
2015,4,9,1,37282.11268,27.49492053,21.08965096,27.49492053,258.3622129,20.41069161,0,432.0406691,4519.327526,0,55.93965628,0,0.31651
2015,5,6,1,31588.37691,23.03060928,17.7569734,23.03060928,285,22.5,0,399.7064555,4167.248931,0,47.67389258,0,0.218449
2015,5,9,1,37310.08381,23.83836318,18.36341121,23.83836318,269.1091848,22.81193902,0,419.6314215,4530.634891,0,47.93958196,0,0.101809
2015,6,7,1,57138.56974,21.76017139,16.86018689,21.76017139,365,28,0,472.8195565,5787.862859,0,57.76919285,0,0.041789
2015,6,8,1,55569.19744,23.31355751,18.03195619,23.31355751,345,27.8353018,0,501.8978878,5615.853283,0,57.83563381,0,0.139364
2015,6,8,3,55655.42983,23.31011163,18.02932239,38.63010089,345,27.91236826,0,503.249535,5624.305059,0,57.93874874,0,0.136446
2015,6,9,1,51279.56389,18.42164039,14.37188271,18.42164039,347.0945115,27.24763721,0,391.6394264,5664.264322,0,58.0617864,0,0.014157
2015,6,9,3,50046.76521,18.57239521,14.49565346,30.80548924,340.8568361,27.4035791,0,397.3036425,5650.944285,0,58.1742645,0,0.011176
2015,6,11,1,71365.77806,21.45129443,16.5672008,21.45129443,397.3801467,26.02564125,0,431.5323825,5729.471026,0,56.03835589,0,0.158986
2015,7,6,1,26594.09558,30.71168852,23.37480663,30.71168852,202.9546646,14.42408674,0,337.1383733,3613.074701,0,44.39826074,0,0.22896
2015,7,6,3,27695,31.0576,23.6355,51.29937751,184,15.8,0,373.4409,4046,0,45.95,0,0.000877
2015,7,7,1,30111.84685,31.63460036,24.03999299,31.63460036,210.5001998,15.1,0,363.3668604,3693.694289,0,45.53679113,0,0.107605
2015,7,8,1,26326.10924,35.694,26.41442958,35.694,140,14,0,369.9061013,3286.763192,0,42.35525088,0,0.048609
2015,7,9,1,26893.17655,35.37837993,26.6591375,35.37837993,176.2139081,15.8803996,0,425.5176499,3453.456732,0,44.95997196,0,1.199557
2015,7,9,16,27645,42.4665,31.4854,42.4665,160,15.9,0,500.61786,3451,0.5555,43.38,0,0.004024
2015,7,10,1,33330.25208,33.11121127,25.06898392,33.11121127,204.8155707,15.59610732,0,392.0219271,3532.611205,0,44.89680273,0,0.025381
2015,7,11,1,44245.21459,28.69030738,21.71159965,28.69030738,268.1467239,18.20349847,0,399.6384982,4002.612034,0,46.3540872,0,0.110391
2015,7,11,2,39400,36.8097,27.7195,36.8097,201,17.4,0,482.3193,4246,0,46.87,0,0.003356
2015,7,11,3,48300,35.9721,27.1078,59.50592218,208,14.8,0,401.19544,3494,0,45.58,0,0.005208
2015,7,11,16,40515,43.516,31.9634,43.516,194,15.9,0,508.21806,4180,1.5925,45.22,0,0.002064
2015,8,6,1,28959.34646,26.75769328,20.55036845,26.75769328,233.8948646,19.22128558,0,394.6331693,4057.886488,0,48.85468492,0,0.101355
2015,8,6,2,35701.67379,31.34205099,23.82956141,31.34205099,230,24.6,0,586.3793504,4545,0,51.02222222,0,0.008421
2015,8,6,3,40297.05504,25.48603513,19.62823289,42.57873836,289.2837741,24.18049624,0,474.7992393,4774.178533,0,51.46998938,0,0.357767
2015,8,7,1,35498.43115,25.75030261,19.81264369,25.75030261,293.0239237,18.38396695,0,365.9420538,4439.028489,0,51.83239326,0,0.191442
2015,8,7,3,34849.50164,25.08388549,19.32242028,41.7157556,290,18.6,0,359.5731362,4534.660145,0,52.55,0,0.107993
2015,8,8,1,37092.99324,26.06148462,19.95951865,26.06148462,265.7768726,20.94151508,0,418.5228723,4540.456103,0,53.9682352,0,0.368377
2015,8,8,3,29445.28262,30.79228923,23.46935752,50.81288388,182.0080749,18.80053007,0,441.2352256,3961.38355,0,49.06080947,0,0.020186
2015,8,9,1,36723.80667,27.3483344,20.85760841,27.3483344,261.4618994,19.65032405,0,410.8048385,4382.157544,0,50.31630159,0,0.466292
2015,8,9,16,47857.66596,38.71548263,27.69155677,38.71548263,280,17.2,0,476.2951526,4861,1.872,48.88,0,0.005197
2015,8,10,1,40863.05453,28.89342426,22.12337779,28.89342426,251.089666,18.85149661,0,419.1095512,4124.607936,0,48.26083418,0,0.030569
2015,8,11,1,53407.75702,25.44532986,19.53637863,25.44532986,307.8371476,22.02837357,0,431.2175441,4663.095165,0,51.09644416,0,0.410826
2015,8,11,2,54602.15679,32.23804708,24.30342799,32.23804708,235.2724352,23.96507052,0,583.5026682,4925.932581,0,52.03668193,0,0.035168
2015,8,11,3,64331.41782,26.49140628,20.3494005,43.64023175,293.1744659,21.79337338,0,444.308097,4358.332219,0,50.02797368,0,0.042782
2015,8,11,5,76400,36.59518779,27.41602572,41.58126559,416,21.1,14,480.31,5181,35.325,51.41875,0.366,0.000671
2015,8,11,16,48990.73295,38.40508461,28.46643083,38.40508461,292.2030193,19.22608017,0,547.459182,4732.220198,1.822731869,48.0796127,0,0.009605
2016,1,2,1,27929.94007,34.40531844,26.03228484,34.40531844,200,13.2,0,345.0165651,2761.617609,0.415384615,42.3,0,0.012482
2016,1,3,1,23773.33467,39.87097283,29.8179096,39.87097283,134.7986618,11.19714112,0,333.8601047,2650.127251,0,37.01350365,0,0.00822
2016,1,3,4,32795,160.6249,112.4374,391.0135713,101,0,84,84,2980,25.137,34.8,0,0.004639
2016,1,5,1,142527.9144,26.57512069,20.42064337,26.57512069,446.5875828,17.65307947,0,361.8376844,3425.089818,0,41.12869666,0,0.00604
2016,2,1,1,24376.88716,34.83103991,26.38637822,34.83103991,213.4228655,13.99163145,0,367.8268362,3045.707234,0.010426665,43.41242524,0,0.179362
2016,2,1,4,25905.27287,169.4491897,118.6047838,412.4947803,136.9117175,0,81.16532905,81.16532905,2854.022472,19.12565008,36.19598716,0,0.003115
2016,2,2,1,17513.33765,49.63331014,36.45667029,49.63331014,106,11.6,0,422.9588144,2385,0,41.2,0,0.03086
2016,2,3,1,31341.21877,36.50574137,27.84844893,36.50574137,190.1913335,12.90226127,0,359.2888413,3158.371787,0.024555419,42.60321057,0,0.069209
2016,2,4,1,44128.88987,27.27945709,21.07752843,27.27945709,365.062637,17.2136581,0,371.8677399,3758.941496,0,47.03410748,0,0.125453
2016,2,4,3,47022.7782,31.9026985,24.26620481,52.84736426,220,16.1,0,390.7493319,3793.074938,0,46.8,0,0.007286
2016,2,4,4,42400,177.6572,124.3601,432.4757633,170,0,81,81,2860,21.6,43.3,0,0.000794
2016,2,4,6,48825.85146,114.3078243,82.18661213,173.3917565,167.4308772,2.805309942,68.0851462,170.0494683,3182.046784,22.7712083,43.63031579,0.814792749,0.004275
2016,2,4,14,58335,96.0327,67.2229,640.218,151,4.72,0,317.292088,4079,1.5925,44,0,0.000785
2016,2,5,1,124415.6469,23.92718699,18.62017064,23.92718699,435.3183491,20.42276436,0,386.1719453,4291.249933,0.286817309,49.29270597,0,0.006251
2016,2,5,5,152495,54.11883905,37.16184069,60.77042641,357,11.1,15,330.93264,3455,7.1,50.7,0.373664972,0.001434
2016,3,1,1,19039.47492,42.22426992,31.42386091,42.22426992,139.5850424,12.55520911,0,397.0420812,2725.415101,0.037187765,42.92192962,0,0.531905
2016,3,1,3,20203.96136,41.63254572,30.7954954,69.22991503,160,12.4,0,381.9100604,2960,0,44.16155469,0,0.114501
2016,3,1,4,30045,149.674,104.7718,364.355497,143,0,76,76,3622,26.25,43.7,0,0.001495
2016,3,1,6,33995,111.0046022,77.86492875,165.09119,149,8.9,53,428.58,3543,17.524,45.1,0.761,0.008939
2016,3,2,1,23381.25155,40.67777982,30.3222743,40.67777982,173.0310185,13.73716198,0,419.7775608,2953.06302,0.068298899,44.32200644,0,0.234086
2016,3,2,16,25223.30251,66.23000947,46.87625817,66.23000947,109.412049,10.21396907,0,477.8773487,2684.60683,0,41.19497423,0,0.03104
2016,3,3,1,25707.34384,39.49110702,29.60578247,39.49110702,180.4945764,14.49745165,0,431.1171128,3044.325223,0.000478921,43.98431257,0,0.223282
2016,3,3,3,33500,36.4494,27.4729,60.3921711,208,13.2,0,362.64228,3384,0,44.91568814,0,0.008382
2016,3,3,4,29815,165.03,115.521,401.7370263,115,0,83,83,3399.5,27.225,43.2,0,0.006675
2016,3,3,16,31670,60.7663,44.3466,60.7663,170,11.8,0,523.28988,3132,0,43.9,0,0.000769
2016,3,4,1,41785.64931,33.46468252,25.34911186,33.46468252,255.1174383,16.79384512,0,429.064169,3555.730217,0.019274879,46.74525776,0,0.295619
2016,3,4,2,39872.76786,48.04229051,34.83804451,48.04229051,181,15.4,0,536.8044516,3510,0,46.92661253,0,0.000896
2016,3,4,3,39567,32.3011,24.5522,53.50307277,220,16.1,0,395.29042,3649,0,46.5,0,0.011506
2016,3,4,5,40777.1318,61.44202022,44.74710253,69.83843286,207.5408821,10.61609492,15.94170751,384.647596,3610.822801,8.758797008,43.70647408,0.390560485,0.003877
2016,3,4,16,44965.71429,40.04512745,29.65003617,40.04512745,360,20,0,593.9168,3976.057143,0,47.5,0,0.00049
2016,3,5,1,103266.8587,24.73932703,19.13339957,24.73932703,442.8933454,18.49091683,0,355.8455988,4130.701167,0,49.48597466,0,0.019971
2016,4,1,1,23392.9377,38.79945629,28.86443801,38.79945629,177.9767294,16.03450984,0,464.3455452,3225.851003,0.00105425,46.84843313,0,1.543322
2016,4,1,3,23831.27612,35.42973447,26.85037217,58.86182646,190.972828,15.80649722,0,427.1731958,3396.713145,0,46.56813802,0,0.092301
2016,4,1,4,33193.49177,161.2514658,112.8760119,392.5388374,107,0,98.77269957,98.77269957,3329.666667,27.69082267,44.53713437,0,0.013128
2016,4,1,5,32404.59422,73.3822241,52.38628879,87.04896975,189.9682345,14.07029409,20.98411723,564.3329168,3688.141374,7.861761041,44.71858797,0.465417994,0.009759
2016,4,1,16,28455.94629,57.89033604,41.50790579,57.89033604,190.6359121,15.94057633,0,663.0265099,3656.293088,0,48.65137539,0,0.051949
2016,4,2,1,22464.74628,41.60080587,30.87119647,41.60080587,166.851335,36.82703214,0,1162.367512,3069.648755,0.002690288,45.99425315,0,1.545172
2016,4,2,16,27091.50776,70.34381341,49.69232303,70.34381341,135.0286009,12.76469443,0,631.762317,3144.068898,0,44.95098643,0,0.104822
2016,4,3,1,27275.05602,38.857742,29.2098778,38.857742,168.6396676,17.93815921,0,525.0627693,3252.055744,0,46.94442041,0,0.061854
2016,4,4,1,46331.01567,29.97447972,22.84683091,29.97447972,306.9745382,18.4034344,0,425.8824481,3861.436759,0.1026497,49.37824781,0,0.341806
2016,4,4,2,53284.48826,40.45402909,30.90758262,40.45402909,232.7883444,19.76042331,0,613.933075,4225.47434,0,50.44589736,0,0.003449
2016,4,4,3,43373.04525,29.40028123,21.767782,48.8495626,303.7770473,17.88556278,0,393.1480616,4029.745903,0,48.30807196,0,0.041677
2016,4,4,4,42375,119.6981,83.7887,291.3843467,177,0,87,87,3957,44.04,44.7,0,0.000525
2016,4,4,5,34775,72.03494057,51.39260102,84.93414768,188,14,20,558.3392,3734.2,7.546,48.7,0.4506,0.012461
2016,4,4,16,39255.81085,55.92196308,39.47290816,55.92196308,200.209859,16.12550428,0,636.8151129,3691.434331,0,48.19702232,0,0.026027
2016,4,5,1,94556.60251,24.48412178,18.99681447,24.48412178,422.9470923,20.66200145,0,394.2313929,4309.947092,0.015510536,51.61717916,0,0.022114
2016,4,5,2,76475,38.1901,29.5982,38.1901,240,19.8,0,586.04436,4356,0,51.3,0,0.000615
2016,4,5,16,120440,26.9406,20.436,26.9406,438,22.2,0,453.6792,5115,0,53.6,0,0.000044
2016,5,1,1,28045.89266,34.3869676,25.96851579,34.3869676,225.6817835,18.60564556,0,491.4129262,3598.896923,0.006144683,49.88100469,0,0.489057
2016,5,1,3,31516.08115,28.77833436,21.73801959,47.7674539,299.2870834,18.63644898,0,405.2495314,3826.251252,0,48.77467349,0,0.081492
2016,5,1,16,25670,54.9862,39.5146,54.9862,188,13.5,0,533.4471,3691,0,44,0,0.011115
2016,5,3,1,31200,33.6611,25.5427,33.6611,228,16.6,0,424.00882,3660,0,45.0119759,0,0.024065
2016,5,4,1,49788.16123,26.3453089,20.30928017,26.3453089,352.7105773,18.9866416,0,388.9574435,4169.441945,0.116650296,51.40554175,0,0.071266
2016,5,4,3,40220,25.6832,19,42.61245391,288,19,0,361,4196,0,51.5,0,0.002169
2016,5,4,7,68202.75678,127.7559454,96.90300988,310.9997794,318.8858382,0,225.0100044,225.0100044,4647,98,53.6,0,0.008996
2016,5,5,1,100947.4928,25.97869086,19.99556963,25.97869086,405.4719958,21.59374504,0,435.745956,4471.051042,0.081618354,55.26576197,0,0.041583
2016,5,5,2,81400,36.8664,28.2271,36.8664,240,23.8,0,671.80498,4564,0,54.78155172,0,0.000129
2016,5,5,5,107148.1186,42.79883953,31.94833997,48.86660171,426.0570125,21.1,14.99429875,557.3245961,4846.288483,21.94263626,53.71083238,0.372880274,0.000877
2016,5,5,7,83608.97436,137.7537229,101.6622451,335.3376416,328,0,229.7905983,229.7905983,4647,98,53.6,0,0.004212
2016,5,5,15,95508.07855,134.9258837,100.8617436,328.4537555,482.8857406,0,284.4128888,284.4128888,4647,98,53.6,0,0.015176
2016,6,1,1,36197.04321,27.52086601,21.10419987,27.52086601,332,19,0,401.1034207,3331.75,0,43.05996877,0,0.005763
2016,6,2,1,28482.31877,41.10928932,30.69124062,41.10928932,152.6860422,12.50562755,0,383.9351515,2276.804393,0,37.43139578,0,0.018907
2016,6,3,1,14850,49.95500834,35.60888977,49.95500834,89,8.7,0,309.8210509,1984,0,29.18411095,0,0.00703
2016,6,3,4,25750,152.8366,106.9856,372.0543004,89,0,68,68,2094,17.628,26.8,0,0.000766
2016,6,4,1,60392.60311,25.07276636,19.65128077,25.07276636,460.8999217,17.84340843,0,362.8271141,3436.258062,0,44.24191212,0,0.024281
2016,6,5,1,103299.5312,25.36496452,19.64871954,25.36496452,449.8097073,18.55969786,0,366.9136687,3394.145421,0.055365774,45.58934137,0,0.042298
2016,7,1,1,22871.63744,34.92292681,26.11284907,34.92292681,165.3968035,14.52967432,0,380.8393522,3227.084528,0.022715807,44.54532133,0,0.952305
2016,7,1,3,24747.88286,32.99003666,25.04538325,55.02907467,183.8768134,12.73656163,0,318.9573,3097.47573,0.005093301,42.94536162,0,0.027641
2016,7,1,4,32800,150.5363,105.3754,366.4546174,109,0,93,93,3289,27,43.7,0,0.002788
2016,7,2,1,25167.36042,38.36971675,28.72562402,38.36971675,175.259436,14.43667796,0,414.7022171,3273.83404,0.053552683,44.07119205,0,0.634141
2016,7,2,16,28841,58.9105,42.1106,58.9105,134,11.9,0,501.11614,3340,0,46,0,0.013101
2016,7,3,1,29982.69084,33.21431865,25.16200312,33.21431865,190.418848,14.94568211,0,377.6268709,3206.691901,0,43.76674751,0,0.057725
2016,7,4,1,39691.01652,32.99039881,23.56194318,32.99039881,243.4866188,16.28962332,0,384.0728785,3879.883603,0,45.94779948,0,0.017973
2016,7,4,14,40000,71.0954,49.9119,473.9693333,160,5.4,0,269.52426,4200,0.954,45.2,0,0.00006
2016,7,4,16,37980,44.8342,32.8177,44.8342,194,15.9,0,521.80143,4055,0,45.2,0,0.000222
2016,8,1,1,28750.61951,30.41947295,23.19981589,30.41947295,219.9704232,18.88126193,0,443.2606812,3922.257308,0.009803708,49.16125283,0,0.402512
2016,8,1,3,30651.36266,34.0888,25.8416,55.82435063,182,18.7021222,0,483.2927609,3795.825353,0,49.1,0,0.039723
2016,8,1,16,41373.65188,37.74713679,28.21801135,37.74713679,250,19,0,536.4808939,4139.846416,0,49.9,0,0.000586
2016,8,2,1,36281.85075,25.73582947,19.8057367,25.73582947,325,20,0,396.1350244,3953.628839,0,47.8,0,0.015826
2016,8,4,1,43483.23816,27.87276741,21.33308556,27.87276741,287.5937201,19.33473827,0,415.8839303,4190.333406,0.116784631,49.33376618,0,0.138156
2016,8,4,2,43450,46.2043,33.926,46.2043,181,15.4,0,522.4604,3895,0,47.02307692,0,0.000897
2016,8,4,3,42700,31.1732,23.7037,51.65359649,220,16.1,0,381.62957,3892,0,47.8,0,0.002445
2016,8,4,16,47620,41.7513,30.3393,41.7513,308,19.2,0,582.51456,4608,0,49.3,0,0.000637
2016,8,5,1,107945,22.859,17.6795,22.859,577,21.1,0,373.03745,4619,0,49.8,0,0.000186
2016,8,5,7,100903.7794,124.1015759,91.08936871,302.1038482,391.7130621,0,236.5475375,236.5475375,5326,87.5,54.5,0,0.00934
2016,8,5,15,98523.87809,124.7480978,91.56285657,303.6776941,443.4110871,0,259.449724,259.449724,5326,87.5,54.5,0,0.008334
2016,1,8,1,28223.51046,26.74972249,20.53116596,26.74972249,276.3360395,21,0,432.0807832,4305.896356,0,58.25,0,0.173182
2016,1,8,2,30908.75498,30.24057388,23.10216764,30.24057388,181,21,0,485.5715642,4670.648006,0,58.25,0,0.01304
2016,1,9,1,27991.92692,25.28982688,19.4232476,25.28982688,252.184442,21.1,0,411.4842118,4099.585424,0.012042732,58.06359246,0,0.276244
2016,2,6,1,35949.22356,21.7475972,16.89576866,21.7475972,361.2089048,29,0,490.2582289,4707.137897,0,63.91368527,0,0.239961
2016,2,6,2,37907.85907,29.20744675,22.31036073,29.20744675,230,29,0,647.1742035,4712.535758,0,63.91942105,0,0.029476
2016,2,6,3,35643.40641,24.81170075,19.14308682,40.85354532,290,29,0,555.5521488,4626.831319,0,63.9017571,0,0.05129
2016,2,7,1,32592.33637,25.13086761,19.32030678,25.13086761,344.9662669,23,0,445.9916577,4152.962002,0,67.14914508,0,0.301781
2016,2,7,3,32914.03303,23.18585953,17.917181,38.55678399,354.1347841,23,0,414.4188121,4481.859061,0,67.14792673,0,0.223565
2016,2,8,1,36299.30925,22.97527239,17.77484566,22.97527239,351.1536166,29.48544459,0,525.0528978,5271.591803,0,66.38357069,0,0.160868
2016,2,8,3,39467.13132,24.54215686,18.90738372,40.50087221,303.0325576,29.5,0,558.6445646,5211.367989,0,67.2230334,0,0.088643
2016,2,9,1,34511.85307,19.42986838,15.09424895,19.42986838,357.9240757,26.4,0,399.6309387,5090.700469,0,70.28449132,0,0.059533
2016,2,9,3,33294.55382,19.21515521,14.94871234,31.72788344,381,26.4,0,394.7224246,5079,0,72.11777893,0,0.062923
2016,2,11,1,49270.57173,23.25860947,17.97845193,23.25860947,345.1366003,29.48956074,0,530.2205444,5369.647934,0,66.94145446,0,0.225878
2016,3,6,1,24393,31.4586,23.9333,31.4586,180,16.1,0,385.32613,3603.5,0,51.1,0,0.013924
2016,3,7,1,23888.37132,29.62007952,22.61866748,29.62007952,169.2627622,15.8,0,357.6633512,3625.39001,0,46.84462472,0,0.037905
2016,3,7,3,24608.86942,29.56641737,22.57938969,49.10558364,169,15.8,0,356.8231081,3598.353106,0.103851436,46.21456718,0,0.009542
2016,3,9,1,20870,34.9238,25.1252,34.9238,131,14.5,0,364.3154,3261.5,0,47.9,0,0.00892
2016,4,6,1,26430.59838,25.9349,19.974,25.9349,283,20,0,399.48,4511.440162,0,54.9,0,0.000493
2016,4,6,3,29734.32022,25.9349,19.974,42.78675054,283,20,0,399.48,4567.024108,0,54.9,0,0.232413
2016,4,7,1,33930,20.7441,16.1342,20.7441,315,26,0,419.4892,5240,0,61.5,0,0.001005
2016,4,7,3,32345,20.0004,15.5114,33.11053005,275,26,0,403.2964,5025,0,61.5,0,0.006378
2016,4,8,1,34983,15.88555307,12.47273644,15.88555307,324,31,0,386.664943,6111.372887,0,65.28274648,0,0.000852
2016,4,9,1,35980.58904,27.79298102,21.30904907,27.79298102,257.6198656,20.72881278,0,443.0555593,4522.776447,0,56.19305892,0,0.306902
2016,4,10,1,31608.77824,29.81865418,22.0451484,29.81865418,208,18.5,0,408.0073381,4516.324715,0.994585651,57.2,0,0.008586
2016,5,6,1,31814.14105,22.96936024,17.7119503,22.96936024,285,22.5,0,398.6645361,4180.103569,0,48.18628777,0,0.201674
2016,5,8,1,27971.54789,23.00119991,16.71073265,23.00119991,334.2720307,27.22030651,0,456.9401188,4803.061303,0,61.01532567,0,0.000261
2016,5,9,1,38345.05568,24.07433065,18.53502138,24.07433065,270,23,0,426.3679316,4554.963703,0,48.2,0,0.155331
2016,6,7,1,57148.84507,21.72334446,16.83123805,21.72334446,365,28,0,472.0165341,5782.996717,0,57.65192638,0,0.040205
2016,6,8,1,55549.72521,23.02496356,17.81841156,23.02496356,361.8160411,27.99126884,0,499.0003572,5656.362031,0,58.00729027,0,0.228263
2016,6,8,3,56303.987,23.21434823,17.95691561,38.43300703,345,28.46166278,0,510.9845128,5684.733214,0,58.64939487,0,0.026606
2016,6,9,1,54715.91392,18.50095914,14.41768185,18.50095914,381,26.4,0,380.6613313,5736.666667,0,58,0,0.010002
2016,6,9,3,56173,18.5388,14.4487,30.65838936,381,26.4,0,381.44568,5736.666667,0,58,0,0.006673
2016,6,11,1,75472.01555,21.1584979,16.33668313,21.1584979,388.9077931,24.18160193,0,395.9129174,5654.67479,0.175387027,54.2945044,0,0.110816
2016,6,11,3,66741.73153,23.17630208,17.92891225,38.38461596,345,28.44971578,0,510.0288819,5559.195343,0,58.58261915,0,0.009148
2016,7,6,1,25025.2329,30.40197178,23.14654195,30.40197178,195.0253651,14.17662676,0,328.4853872,3571.307375,0,43.95967879,0,0.297062
2016,7,6,3,30307,31.0576,23.6355,51.29937751,184,15.8,0,373.4409,3953,0,45.9,0,0.000847
2016,7,7,1,30035.7711,31.89038797,23.94866987,31.89038797,206.2348649,15.1,0,362.231099,3688.15572,0,45.6,0,0.121423
2016,7,8,1,28246.86578,34.80015247,25.97054104,34.80015247,152.9013921,14.41924546,0,374.3853617,3370.433519,0,42.87169836,0,0.069102
2016,7,9,1,26767.73151,35.6933233,26.88292906,35.6933233,181.3253829,15.73477924,0,424.3422424,3506.642647,0.040191761,45.10580066,0,1.186728
2016,7,9,16,28319.04323,44.57108336,32.67269138,44.57108336,191.6103034,12.5530267,0,409.8825015,3904.852528,1.48057083,44.64097057,0,0.039482
2016,7,10,1,32377.01405,30.39029894,23.12854543,30.39029894,194.7525361,15.45533737,0,356.2314422,3386.348906,0,43.67364356,0,0.032235
2016,7,11,1,40570.58444,30.48942081,23.06274348,30.48942081,251.8096806,17.36352317,0,403.6539463,3869.522945,0,46.07206008,0,0.087143
2016,7,11,3,35425,35.9721,27.1078,59.50592218,208,14.8,0,401.19544,3499,0,44.99084476,0,0.000353
2016,7,11,16,40515,43.5134,31.9615,43.5134,194,15.9,0,508.18785,4180,0,45.2,0,0.002149
2016,8,6,1,29595.38692,26.93199525,20.67328248,26.93199525,245.1788974,20.77520417,0,430.1395835,4267.753988,0.453438634,50.04180841,0,0.120734
2016,8,6,2,42475.90643,31.37139939,23.85087199,31.37139939,230,24.6,0,586.9283612,4900.577686,0,51.2,0,0.002597
2016,8,6,3,25990,25.257,19.4959,41.95123438,283,20.5,0,399.66595,3995,0,49.2,0,0.029057
2016,8,7,1,34054.06144,26.26415647,20.07488225,26.26415647,280.0155199,18.39570865,0,371.2785103,4394.901824,0.123551719,51.85914402,0,0.195556
2016,8,7,3,31961.85837,24.84562038,19.15600288,41.32346177,290,18.6,0,356.5443326,4537.243537,0,52.5,0,0.098285
2016,8,8,1,36503.33254,23.81876754,18.41741968,23.81876754,263.8442465,21.21230004,0,393.3244601,4609.35134,0,54.28171562,0,0.29756
2016,8,8,3,29445,30.7928,23.4698,50.81370777,182,18.8,0,441.23224,3961.333333,0.506,49.1,0,0.01527
2016,8,9,1,36758.32065,27.94755392,21.34153511,27.94755392,269.3428934,19.78184669,0,423.7764114,4251.65816,0,50.1565983,0,0.565759
2016,8,9,16,47850,38.6615,27.5209,38.6615,280,17.2,0,473.35948,4861,0,48.9,0,0.005923
2016,8,10,1,40959.13129,30.16856243,22.94678074,30.16856243,245.4731928,19.91520241,0,455.8918322,4073.841928,0,48.61315237,0,0.077218
2016,8,11,1,55090.44083,26.09214988,19.94170679,26.09214988,322.1733381,22.0903751,0,442.3794332,4658.509951,0.176620018,51.521708,0,0.609139
2016,8,11,2,67089.51861,32.45324544,24.44919834,32.45324544,240.8542665,25.64644212,0,628.1126063,4778.321147,0,52.08368419,0,0.023989
2016,8,11,3,51890.92005,28.60382051,21.87701375,47.24534246,236.0474637,20.73936373,0,452.9605906,4219.358214,0,49.43251199,0,0.048753
2016,8,11,5,63066.87978,40.32771079,29.32678134,45.22652266,353.5199195,21.30935614,13.96096579,518.4673569,5151.834467,14.12896962,52.27445254,0.348619306,0.00994
2016,8,11,16,49005.16586,40.66385637,29.43335486,40.66385637,306.7523391,19.20859087,0,565.5184418,4735.94854,0,49.33392401,0,0.007054
2017,1,2,1,27144.81806,33.84639108,25.41601964,33.84639108,201.3522013,13.2,0,336.8081639,2799.458799,0,42.20530997,0,0.015582
2017,1,3,1,21955.4261,39.86574794,29.39525203,39.86574794,133.7393475,10.9139281,0,321.5153076,2576.454594,0,36.77519996,0,0.01502
2017,1,3,4,30800,160.6249,112.4374,391.0135713,111,0,84,84,2980,25.137,34.60416667,0,0.006547
2017,1,5,1,134052.0967,29.23370982,22.19681031,29.23370982,442.9908244,17.57203959,0,392.9568908,3403.097825,0.060379163,41.65939099,0,0.013841
2017,2,1,1,20490.65963,38.13554249,27.94175579,38.13554249,194.3886919,12.42659878,0,343.7898847,2846.75571,0,40.8311113,0,0.207002
2017,2,1,4,23845,159.5591,111.6914,388.4190653,66,0,59,59,2579,16.5,38.41694444,0,0.000015
2017,2,2,1,20955.45274,44.77972078,32.56685937,44.77972078,133.7484762,12.91662857,0,418.1240845,2636.993881,0.451433143,42.36239496,0,0.042
2017,2,3,1,30090.12342,37.69148298,28.06048355,37.69148298,188.5958633,12.85342502,0,360.825506,3136.698603,0,42.34695625,0,0.045737
2017,2,4,1,40793.12362,27.13429271,20.61679132,27.13429271,370.5242993,17.2713368,0,364.3395858,3693.847185,0.012507808,47.51042432,0,0.161116
2017,2,4,3,46504.15774,31.71531465,23.96587591,52.53892281,220,16.1,0,385.902668,3893.706387,0,46.93,0,0.002333
2017,2,4,4,42400,177.6572,124.3601,432.4757633,170,0,81,81,2886,21.6,43.50194444,0,0.002265
2017,2,4,6,48300,126.3669199,88.95176849,217.2947425,170,2.3,97,177.16673,3234,37.412,43.50194444,0.888,0.007017
2017,2,4,14,58365,96.0327,67.2229,640.218,151,4.72,0,317.292088,4079,1.5925,45.97111111,0,0.002547
2017,2,5,1,124427.2002,23.83451367,18.48543233,23.83451367,479.8839122,19.06263254,0,353.562725,4502.297395,0,50.32923489,0,0.01094
2017,2,5,5,141695,54.12991217,37.16968615,60.79368148,357,11.1,15,330.93264,3455,7.1,50.60763889,0.374,0.00056
2017,3,1,1,17462.09391,44.01738993,32.09719085,44.01738993,133.8950669,12.20852911,0,393.2286933,2739.619822,0.010012384,42.66550795,0,0.546329
2017,3,1,2,25085.62667,50.27540027,36.9064999,50.27540027,136,13.7,0,505.6358488,2835,0,44.73458333,0,0.001867
2017,3,1,3,17853.86593,41.064109,30.27079263,68.26173237,160,12.4,0,375.5723698,2928,0,44.03777778,0,0.080696
2017,3,1,4,29995,152.9037,107.0326,372.2176437,143,0,115,115,3640,38.22,43.53076389,0,0.001484
2017,3,1,6,34095,111.0046022,77.86492875,165.09119,149,8.9,53,428.58,3543,17.524,44.65041667,0.761,0.037729
2017,3,2,1,23806.36086,38.35554052,28.47381385,38.35554052,188.0147169,13.55516823,0,390.3260046,2983.826174,0,44.13776189,0,0.178978
2017,3,2,16,27089.46202,61.37629637,43.60837823,61.37629637,117.9033159,10.79622737,0,469.348159,2838.420064,0,41.66782444,0,0.011822
2017,3,3,1,27510.62058,40.0093179,29.75642035,40.0093179,169.565612,14.25448922,0,426.9342876,3123.265489,0.375847252,43.67180108,0,0.212743
2017,3,3,4,30495,167.0447,118.6017,406.6414654,134,0,125,125,3419,41.07,43.27458333,0,0.001741
2017,3,4,1,40492.40866,34.36973134,25.77761077,34.36973134,257.6030951,16.36332499,0,424.6675883,3562.13032,0,47.39505863,0,0.271201
2017,3,4,2,43358.77292,48.1643073,34.77837398,48.1643073,180.3609052,16.0225517,0,557.7568801,3674.096762,0,48.03046817,0,0.002563
2017,3,4,3,35325,35.5131,26.544,58.83584429,208,14.8,0,392.8512,3395,0,44.88222222,0,0.003876
2017,3,4,5,42332.50267,55.7786133,40.35103748,63.00394942,230.1644842,10.8738108,14.55411545,361.4345218,2971.27178,8.793489311,45.49759029,0.370120257,0.007484
2017,3,4,16,49590.2459,38.36380021,28.35016901,38.36380021,360,17.8,0,504.8489692,3998.131148,0,47.76291667,0,0.000244
2017,3,5,1,128982.3506,24.38485558,18.87647116,24.38485558,457.0057835,20.05397962,0,383.7561748,4507.297576,0,51.25531872,0,0.007262
2017,4,1,1,24118.16588,39.63819258,29.06329471,39.63819258,177.2909434,15.31756776,0,446.805574,3171.562548,0.02653128,46.75887365,0,1.548655
2017,4,1,3,23534.41835,36.05875338,27.00384556,59.90621373,191.446195,15.8,0,427.531624,3475.314606,0,46.5,0,0.010092
2017,4,1,4,31478.74456,162.152904,113.3047643,394.7332332,107.5102698,0,107.7885988,107.7885988,3317.294256,29.79650131,44.77567551,0,0.01149
2017,4,1,5,32329.2842,81.4246936,56.80147328,97.78367196,189.7286501,14.0617375,22.14715514,596.3592013,3935.712455,7.823324864,47.09054211,0.484733472,0.027787
2017,4,1,16,27587.76494,60.4666286,42.03033328,60.4666286,188.7343278,14.32307539,0,602.0932025,3592.349971,0,48.42230274,0,0.090096
2017,4,2,1,23873.13616,40.28993449,29.75722355,40.28993449,171.7767535,15.34295141,0,455.4749073,3131.939265,0,46.24319795,0,1.572952
2017,4,2,4,36620,163.0249,114.1174,396.8559567,161,0,89,89,4024,25.4709,46.85479167,0,0.001473
2017,4,2,5,27985,111.8197355,79.2245262,136.8782879,121,11.4,25,645.53506,3075,8.8,44.43930556,0.529,0.034029
2017,4,2,16,28101.37979,69.3863911,48.39291633,69.3863911,156.4331893,13.68731125,0,658.7749225,3260.52452,0.156498038,45.76793578,0,0.125631
2017,4,3,1,30164.67521,35.7889611,26.75165267,35.7889611,170.6556461,17.60748253,0,472.1037664,3523.856263,0.004480451,46.66265485,0,0.097908
2017,4,4,1,47879.60268,30.73329411,23.30858427,30.73329411,296.979377,17.7847721,0,418.116883,3808.585611,0.049790901,49.60489991,0,0.24046
2017,4,4,2,53741.68224,47.94202183,34.63668407,47.94202183,180,19.5,0,675.580507,3770,0,49.83611111,0,0.000963
2017,4,4,4,41000,119.6981,83.7887,291.3843467,177,0,87,87,3924,44.04,44.61875,0,0.000905
2017,4,4,14,59365,99.1241,68,660.8273333,212,5.46,0,371.28,4134,1.4705,46.85479167,0,0.000911
2017,4,4,15,44000,179.49,125.643,436.9373983,258,0,310,310,3838,80.5,53.5171875,0,0.002748
2017,4,4,16,43564.59831,54.62940773,39.23163511,54.62940773,205.0611933,17.17957482,0,675.3290268,3686.834625,0,48.14815219,0,0.008514
2017,4,5,1,86274.23175,24.34340399,18.86053988,24.34340399,440.06319,21.09647418,0,400.0663222,4293.408313,0,51.62095411,0,0.019655
2017,4,5,5,76090,54.60902745,39.14141414,69.38958337,335,15.6,31,428.8,4537,17.524,53.805,0.592,0.000303
2017,5,1,1,26312.98123,34.65975973,25.98038827,34.65975973,220.4642243,18.34710323,0,484.9145476,3579.076215,0,49.09278383,0,0.3255
2017,5,1,3,31279.96035,29.19887191,22.04904106,48.38811424,297.9465822,18.58688658,0,410.1361301,3920.051013,0.221191117,50.26084943,0,0.09231
2017,5,1,16,24548.75689,65.80470669,47.38754347,65.80470669,160.6932876,12.60835225,0,607.8578887,3300.616575,0.2502029,44.8075179,0,0.021587
2017,5,2,1,21483.1203,45.4138874,33.07731166,45.4138874,179.19307,12.4,0,411.970772,2902.717499,0,44.88222222,0,0.067359
2017,5,3,1,35586.24276,34.02078652,25.55982688,34.02078652,228,16.1,0,411.6268747,3657.825693,0,44.88645833,0,0.028662
2017,5,4,1,51524.12639,26.07192532,20.08616653,26.07192532,350.7679848,19.10307128,0,386.7279579,4293.309567,0,51.73984283,0,0.08446
2017,5,4,7,69200,134.2744,99.0945,326.8678311,382,0,210,210,4647,98,53.5171875,0,0.001446
2017,5,5,1,101250.3947,26.66266093,20.50898422,26.66266093,416.8368675,21.40467502,0,443.9072546,4520.436713,0,55.10133912,0,0.030417
2017,5,5,5,94339.35708,44.34834993,32.7255585,49.80864622,396.3822763,15.03614248,14,406.9603336,4984.67854,8.855874891,55.40720545,0.355475239,0.001151
2017,5,5,7,75514.95536,134.200463,99.03995828,326.6878442,379.5327381,0,245.175744,245.175744,4647,98,53.5171875,0,0.00672
2017,5,5,15,90890.92155,136.9702227,102.216372,333.4303458,532.9150675,0,295.9081611,295.9081611,4721.590626,98,53.5171875,0,0.018968
2017,6,1,1,30696.02437,27.8506677,21.28348633,27.8506677,332,19,0,404.5211865,3488,0,43.15805556,0,0.004432
2017,6,2,1,28181.26433,39.99871743,29.15881226,39.99871743,155,11.9,0,347.0058156,2332,0,37.2753125,0,0.011425
2017,6,3,1,23882.97094,41.61439508,30.51634,41.61439508,147.6608823,11.23281413,0,341.6611449,2354.543592,0,35.49105436,0,0.009566
2017,6,3,4,25000,157.6504903,106.9479484,383.7728848,74,0,57.83277027,57.83277027,2400,17.2212,26.61388889,0,0.000592
2017,6,4,1,58449.318,25.30604871,19.60711041,25.30604871,439.0021826,17.81384114,0,352.6853835,3289.346568,0.017743532,45.01660072,0,0.040777
2017,6,5,1,164306.7649,23.49979479,18.33243482,23.49979479,495.004015,19.30052864,0,360.8060245,3607.624063,0.054778961,45.33008632,0,0.014944
2017,6,5,16,157800,29.3561,21,29.3561,573,15.6,0,327.6,3803,0,46.3234375,0,0.000937
2017,7,1,1,24478.96553,35.30096013,26.24571026,35.30096013,171.9428863,15.07984551,0,396.749661,3414.642474,0.000975127,45.16422638,0,1.015868
2017,7,1,3,22629.56022,32.50018076,24.50488784,54.08701143,173.9936324,14.20582681,0,347.6463665,3357.022931,0,43.91386129,0,0.082292
2017,7,1,4,32250,150.5363,105.3754,366.4546174,109,0,93,93,3289,27,43.71277778,0,0.0018
2017,7,1,7,37495,170.1369,119.0958,414.1688921,200,0,238,238,3580,59.99,42.02666667,0,0.026684
2017,7,1,16,25190.86457,62.17102718,46.41028335,62.17102718,140.0925742,11.99163525,0,559.067139,3173.04097,0,45.43585474,0,0.028118
2017,7,2,1,26098.23802,37.72408317,27.97104108,37.72408317,176.5723439,14.80531155,0,415.0755764,3248.734345,0.041453388,44.58286617,0,0.529996
2017,7,2,16,31820,58.8281,40.8872,58.8281,134,11.9,0,486.55768,3340,0,46.11513889,0,0.015731
2017,7,3,1,26523.58674,32.10817893,24.34551642,32.10817893,184.3143341,15.08157125,0,367.556198,3339.634896,0.086323668,43.65372811,0,0.071459
2017,7,4,1,37020.61311,33.22171871,24.94320249,33.22171871,261.2659043,15.37507207,0,384.1638239,3771.828945,0,44.85550322,0,0.010406
2017,7,4,2,45445,46.1661,33.5158,46.1661,181,15.1,0,506.08858,3790,0,46.08427083,0,0.000739
2017,7,4,7,52000,103.2675,72.2873,251.3868894,102,0,187,187,4453,82.08,46.41666667,0,0.000006
2017,8,1,1,28089.77471,30.55705234,22.99973445,30.55705234,216.9978682,18.56505559,0,430.01095,3823.748372,0,48.8024741,0,0.494886
2017,8,1,3,27637.63665,34.04417516,24.97545193,55.75836031,181.8997659,18.77686906,0,469.0773818,3762.003029,0,48.84877418,0,0.036315
2017,8,2,1,36696.62638,25.74111457,19.78600332,25.74111457,325,16,0,316.5915362,3932.689745,0,47.80125,0,0.025363
2017,8,3,1,37145,39.6651,29.353,39.6651,240,17.8,0,522.4834,3670,0,47.40128472,0,0.002842
2017,8,4,1,42690.03917,30.01653988,22.7622233,30.01653988,277.6565014,18.5779618,0,423.5886321,4123.222929,0,49.27455639,0,0.124443
2017,8,5,7,86720.80856,126.7283124,93.01854,308.4981844,328.9030916,0,237.7312723,237.7312723,5181.249703,87.5,53.5171875,0,0.006728
2017,8,5,15,104921.3328,119.7165552,87.87150988,291.4292728,574.1737873,0,286.4738162,286.4738162,5308.526087,87.5,53.5171875,0,0.010369
2017,1,8,1,29430.87515,25.92745007,19.89025771,25.92745007,285.6713702,21,0,418.9761748,4358.494392,0.183599909,55.59666667,0,0.105736
2017,1,8,2,31954.79006,29.81521956,22.66126022,29.81521956,181,21,0,476.6464674,4421.307611,0,55.59666667,0,0.012337
2017,1,9,1,28290.30099,25.9164615,19.85087182,25.9164615,255.276458,21.0499501,0,418.771518,4149.157472,0.138155978,55.60871086,0,0.339661
2017,1,9,3,27290.93788,22.80457988,17.67027067,37.66534882,261,21.1,0,373.0963113,4443.724724,0,54.03208333,0,0.022007
2017,2,6,1,32591.49952,21.81087819,16.95580747,21.81087819,386.261928,26,0,440.933124,5175.799223,0,66.94216708,0,0.269219
2017,2,6,2,31761.60934,28.75634552,21.91555881,28.75634552,230,26,0,569.8465426,5399.915788,0,69.59826154,0,0.013751
2017,2,6,3,34658.24181,24.79480614,19.12243331,40.82957915,305,26,0,497.5222946,5221.385295,0,64.53428404,0,0.06501
2017,2,7,1,31176.96463,26.1422648,20.01958647,26.1422648,348.9235082,23,0,461.2109333,4177.603258,0,57.46,0,0.234535
2017,2,7,3,32798.92844,23.09974291,17.88050316,38.42301196,354.9516728,23,0,413.302198,4280.438443,0,57.46,0,0.184927
2017,2,8,1,28964.00132,23.08765135,17.86331369,23.08765135,353.4185463,26,0,465.1400463,4547.198123,0.003059433,56.35972222,0,0.495582
2017,2,8,3,30722.38322,24.59873743,18.95648661,40.60032859,305.304619,26,0,493.6185598,4676.809352,0.437348405,56.35972222,0,0.080494
2017,2,9,1,34293.21639,22.19534416,17.1550707,22.19534416,347.1392352,24.38705249,0,419.5719375,4920.389949,0,64.75159018,0,0.141085
2017,2,9,3,39102.58348,18.95756517,14.83788749,31.30562493,381,26.4,0,391.8044124,5348.731662,0,68.70159722,0,0.065164
2017,2,11,1,49639.58418,21.12354306,16.39864205,21.12354306,438.4744111,26,0,426.5872359,4633.005084,0,67.21333141,0,0.023604
2017,3,6,1,24440,31.4586,23.7776,31.4586,173,16.1,0,382.81936,3509,0,51,0,0.016047
2017,3,7,1,25699.09687,29.1124581,22.15275828,29.1124581,174.1170395,16.12244359,0,356.5827037,3595.134319,1.133743208,45.74199851,0,0.020429
2017,3,7,3,26327.35935,25.6956845,19.7284255,42.62244461,202.1378527,18.67611551,0,365.5869326,3723.878444,0,49.39670785,0,0.018041
2017,3,9,1,22215,34.9238,25.0642,34.9238,131,14.5,0,363.4309,3260,0,48,0,0.022221
2017,4,6,1,30866.76644,29.12037202,22.19970806,29.12037202,286.9943663,19.00140843,0,421.8303529,4329.987324,0,57.67161351,0,0.161172
2017,4,6,3,29790,25.9349,19.9421,42.78675054,283,20,0,398.842,4321,0,54.87666667,0,0.144593
2017,4,8,1,24631.72441,15.83896812,12.54313772,15.83896812,324,31,0,388.8618178,5384.518898,0,49.4546752,0,0.00127
2017,4,9,1,30684.09449,27.85115383,21.27978986,27.85115383,285.0010744,20.31220732,0,432.7626088,4442.567258,0.199979139,56.24713199,0,0.214994
2017,4,10,1,32166.37795,29.87350371,22.08860403,29.87350371,208,18.5,0,408.8041496,4476.308211,0,65.625,0,0.005334
2017,5,6,1,25258.11849,22.9532162,17.73749991,22.9532162,285,21.79241773,0,386.1792471,4204.790322,0,41.00875,0,0.209159
2017,5,8,1,31387.0068,22.27350128,16.1488723,22.27350128,327.8843537,23.75510204,0,386.827249,4499.931973,0.650204082,56.00674414,0,0.000147
2017,5,9,1,37213.41157,23.98609527,18.05085256,23.98609527,270,23,0,415.2132145,4620.828017,0,48.19,0,0.085421
2017,6,7,1,49494.89971,21.51736195,16.72761408,21.51736195,365,30.60125397,0,511.471217,5682.958309,0,57.78866689,0,0.076876
2017,6,8,1,50644.29497,22.98304585,17.76194404,22.98304585,362.8065367,28.93479813,0,514.1281627,5509.546553,0.082632903,57.69927859,0,0.18205
2017,6,8,3,50764.83538,23.33402273,18.06718588,38.63239765,345,29.18482362,0,527.4333559,5526.078235,0.031193964,58.53070832,0,0.051422
2017,6,9,1,52004.88752,20.7439784,15.81297778,20.7439784,314.5281498,23.57494637,0,372.5986336,5257.630892,0,49.34791311,0,0.034494
2017,6,9,3,49980,18.622,14,30.82193096,381,26.4,0,369.6,5985,0,58.03472222,0,0.003746
2017,6,11,1,75282.98469,20.75107124,16.03282068,20.75107124,411.2904334,24.94239918,0,401.2946067,5728.858059,0.382757146,55.12808921,0,0.080886
2017,7,6,1,25355.19035,30.6177248,23.18181097,30.6177248,199.2913941,14.13711883,0,327.8024118,3558.490618,0,43.96812798,0,0.260019
2017,7,6,3,26085,31.0576,23.4927,51.29937751,184,15.8,0,371.18466,3953,0,45.80496528,0,0.000676
2017,7,7,1,25461.39222,31.4421551,23.74714545,31.4421551,209.6230036,15.7,0,373.1348357,3502,0,45.228125,0,0.185771
2017,7,8,1,27606.12474,33.86542087,25.40733538,33.86542087,163.7170415,14,0,357.4271162,3357.903128,0.517700962,43.6419239,0,0.078485
2017,7,9,1,27171.50807,35.82961276,26.69779967,35.82961276,178.3264351,16.1139847,0,432.7698528,3492.55065,0,45.53983314,0,1.264968
2017,7,9,16,33005.46603,44.74415425,32.25603902,44.74415425,193.4035948,14.79254494,0,477.1477233,3940.581768,0,44.9713256,0,0.054245
2017,7,10,1,28662.15723,29.00632096,22.02747388,29.00632096,199.1568223,16.06320739,0,353.5799044,3510.836166,0,43.39554333,0,0.036366
2017,7,10,3,35775,34.2767,25.699,57.03801235,208,14.8,0,380.3452,3428,1.313,44.88222222,0,0.003816
2017,7,11,1,42526.35039,28.98992958,22.04141509,28.98992958,274.3714005,18.69075043,0,412.4431683,4022.042037,0,44.76568407,0,0.093799
2017,7,11,3,40900,29.5548,22.4692,48.7001818,220,19.8,0,444.89016,3583,0,46.89239583,0,0.029891
2017,7,11,16,37680,43.5111,31.4851,43.5111,194,14.8,0,465.97948,4050,0,45.22458333,0,0.002694
2017,8,6,1,34630.278,26.56518123,20.36195589,26.56518123,286.0348867,23.85058662,0,487.9225095,4786.414533,0.89336036,51.05294085,0,0.360625
2017,8,6,3,26590,25.257,19.4739,41.95123438,283,20.5,0,399.21495,4327,0,49.03673611,0,0.033518
2017,8,7,1,33170.901,26.4343313,20.21758301,26.4343313,275.9771955,18.32944731,0,372.8917159,4231.462181,0,51.63692438,0,0.251354
2017,8,7,3,33263.55421,24.8628324,19.16178092,41.35326493,290,18.6,0,356.6365434,4530.97535,0,52.48333333,0,0.126979
2017,8,8,1,34160.93254,25.55556072,19.63650559,25.55556072,271.1478885,20.29877171,0,401.1987102,4320.596977,0,52.44432895,0,0.451198
2017,8,8,3,29395,30.7928,23.3291,50.81370777,182,18.8,0,438.58708,3926,0,48.828125,0,0.014852
2017,8,9,1,34074.09919,28.67930112,21.8005282,28.67930112,281.9275024,19.20076502,0,419.8301206,4284.785093,0.186424998,50.0889771,0,0.582861
2017,8,9,16,37581.26025,39.76927966,28.42661776,39.76927966,280,17.2,0,488.9480683,4830.900617,0,49.105,0,0.014751
2017,8,10,1,41786.48318,29.73420743,22.56895467,29.73420743,258.747701,17.49664473,0,397.3256476,4083.017285,0,49.07676909,0,0.110155
2017,8,10,2,40990,39.2124,28.9439,39.2124,180,15.9,0,460.20801,3913,0,50.81645833,0,0.002682
2017,8,11,1,53576.45565,25.76946599,19.6761631,25.76946599,325.6628506,21.06024464,0,415.9513313,4611.792231,0.008997533,52.19244912,0,0.682469
2017,8,11,2,67222.05123,32.281515,24.30776519,32.281515,257.1744903,22.7887402,0,554.6639854,4777.02781,0,52.79225809,0,0.009565
2017,8,11,3,55425,25.263,19.398,42.07908717,302,24.6,0,477.1908,4751,0,51.77958333,0,0.013978
2017,8,11,5,68149.84806,40.18985841,29.2008282,45.0986805,360.9958797,19.75214256,13.91903585,479.1141686,5178.789967,14.21352143,52.33201199,0.348371858,0.009708
2017,8,11,16,53710.25832,40.04931878,29.25801537,40.04931878,305.0458318,17.54638505,0,513.26089,4698.130168,0,49.42287121,0,0.013375
2018,1,2,1,28276.96507,33.08792463,24.89809412,33.08792463,203.1836327,13.2,0,330.0841601,2783.064471,0,42.23404075,0,0.00501
2018,1,3,1,23012.69587,37.99155752,28.17200946,37.99155752,165.0009753,11.00118661,0,310.9177374,2704.258615,0,37.15535781,0,0.006152
2018,1,3,4,32995,160.6249,112.4374,391.0135713,111,0,84,84,2980,25.137,34.73,0,0.00099
2018,1,5,1,150275.8664,27.91370865,21.26931301,27.91370865,461.2806712,17.97334991,0,386.1953161,3461.29248,0,42.0890621,0,0.008045
2018,2,1,1,23396.63517,35.49929792,26.50771097,35.49929792,226.4138852,14.7775118,0,388.830525,3099.648312,0,43.89524793,0,0.124363
2018,2,2,1,17488.23171,48.67839456,35.01176509,48.67839456,108.8402439,11.3478252,0,396.1165491,2422.368699,0,41.4430046,0,0.0246
2018,2,3,1,29931.66459,38.09380786,28.42640103,38.09380786,188.1837265,13.46152929,0,382.864322,3096.544327,0,42.50080323,0,0.036919
2018,2,4,1,52741.61946,27.93578453,21.44327299,27.93578453,369.8937221,16.63541394,0,363.9369197,3854.023617,0,47.6042636,0,0.141337
2018,2,4,4,46366.01983,165.9216066,116.1451069,403.9074884,173.1660057,0,111.9852691,111.9852691,2973.664023,33.84,43.67335851,0,0.001765
2018,2,4,6,50104.1851,124.3703638,87.7580595,213.7543059,172.7815738,2.3,97,176.43188,2972.126295,37.412,43.66107805,0.888,0.003571
2018,2,4,14,58365,96.0327,67.2229,640.218,151,4.72,0,317.292088,4079,1.5925,46.12333333,0,0.00137
2018,2,5,1,107595.5721,23.55956212,18.27190491,23.55956212,473.3515286,20.19649847,0,373.3771701,4286.964138,0,50.2058877,0,0.009453
2018,2,5,16,97505,40.8161,29.6181,40.8161,354,22.2,0,657.52182,4435,1.1196,50.45763889,0,0.000228
2018,3,1,1,19277.66841,44.26928578,32.26385907,44.26928578,135.5198184,12.21068832,0,394.9489867,2771.986713,0,43.01588829,0,0.399174
2018,3,1,2,24895,50.36406822,36.89690638,50.36406822,136,13.5,0,498.1161644,3091,0,44.66076389,0,0.001514
2018,3,1,6,34095,111.0046022,77.86492875,165.09119,149,8.9,53,428.58,3543,17.524,45.0925,0.761,0.020736
2018,3,2,1,24864.93842,38.38805346,28.13828138,38.38805346,180.2830224,13.49485954,0,383.057492,3115.166573,0,44.39835138,0,0.22889
2018,3,2,16,21525,66.6088,46.2364,66.6088,99,9.5,0,439.2458,2998,0.936,40.10666667,0,0.009652
2018,3,3,1,26296.48854,37.44966591,28.29261026,37.44966591,184.0163043,14.55310979,0,414.0777668,3130.178974,0,43.81495442,0,0.091019
2018,3,3,4,32245,167.0447,118.6017,406.6414654,134,0,125,125,3380,41.07,43.27458333,0,0.000526
2018,3,4,1,42748.64062,34.12645188,25.71608427,34.12645188,256.8208425,16.4385379,0,426.0829649,3599.061792,0,47.00612613,0,0.2718
2018,3,4,2,43378.87135,48.10889378,34.75168036,48.10889378,180.7918129,15.33309942,0,533.3809418,3557.116959,0,47.32308496,0,0.00171
2018,3,4,3,35695,36.1101,26.9404,59.90118771,208,14.8,0,398.71792,3395,0,44.95604167,0,0.009643
2018,3,4,4,39995,152.9037,107.0326,372.2176437,143,0,115,115,3640,38.22,43.49454861,0,0.000322
2018,3,4,5,50109.47109,52.70223929,38.3683853,59.51981921,242.7496167,11.63000986,15.01735655,365.6539742,4110.972514,9.00451325,49.14816649,0.374823314,0.018264
2018,3,4,16,52450.21886,38.39051396,28.36794621,38.39051396,360,17.8,0,505.1638322,4088.548822,1.384,47.45125,0,0.000297
2018,3,5,1,125152.0581,24.55121774,18.97435978,24.55121774,471.5853025,19.20200851,0,370.2062298,4318.142013,0,51.27003937,0,0.004232
2018,4,1,1,21846.34438,40.17733983,29.63190993,40.17733983,170.3119345,15.28114111,0,454.5645077,3028.664375,0.001335078,46.27143175,0,1.130045
2018,4,1,2,18389.13043,50.43159192,35,50.43159192,136,13.5,0,472.5,2921.913043,0,44.66076389,0,0.00069
2018,4,1,4,28435,203.6795,136,495.8225574,118,0,124,124,3200,28.08,45.25131944,0,0.000244
2018,4,1,5,33015.76172,86.07191355,59.99062349,104.4282637,182.280383,13.67447827,22.86459612,610.3400763,3834.23263,7.941758164,48.08548084,0.499917751,0.008146
2018,4,1,7,30875,160.4939,112.3457,390.6946744,147,0,151,151,3433,40.25,44.88222222,0,0.013347
2018,4,1,16,26899.39046,62.0699332,42.03619693,62.0699332,187.9978554,14.19070891,0,597.1765746,3933.507717,1.361735132,48.53615318,0,0.066214
2018,4,2,1,24226.46319,42.64755486,31.32763644,42.64755486,180.6583955,14.53602069,0,456.2974875,3106.054562,0,46.42998862,0,1.081906
2018,4,2,4,37490,163.0249,114.1174,396.8559567,212,0,89,89,4059,25.4709,46.77958333,0,0.000669
2018,4,2,5,27995,111.8197355,79.2245075,136.8782879,121,11.4,25,645.53506,3365,8.8,44.58694444,0.529,0.019199
2018,4,2,6,34290,111.1028433,76.6314089,159.9027423,212,7,48,342.7,4052,16.9806,46.77958333,0.731,0.024156
2018,4,2,14,34290,99.1241,68,660.8273333,174,5.46,0,371.28,4052,1.4705,46.77958333,0,0.000171
2018,4,2,16,26347.00415,71.06439478,50.71315413,71.06439478,152.5034351,11.91558436,0,604.3273021,3239.082482,1.322487069,45.96736989,0,0.07598
2018,4,3,1,25766.8658,37.20288157,27.73654166,37.20288157,180.090127,17.7010714,0,495.5033069,3335.346723,0,46.57408515,0,0.057308
2018,4,4,1,46731.98788,30.86110369,23.4182881,30.86110369,300.7807023,17.55520327,0,414.9652423,3816.793784,0,49.23758246,0,0.284148
2018,4,4,2,60618.25581,41.88643835,30.78546946,41.88643835,242.5813953,17.87751938,0,554.1830848,3944.395349,0,51.29097832,0,0.000387
2018,4,4,5,43493.81759,49.86222951,35.96190036,56.27525093,289.5680782,11.95159609,15.447557,352.9301254,3837.635831,8.676016938,48.28434184,0.380991531,0.001535
2018,4,4,15,52066.63103,175.0331193,122.7875604,426.0878921,313.253084,0,303.8270997,303.8270997,3549,80.5,48.89611111,0,0.142186
2018,4,4,16,41406.80158,53.70650951,38.50757719,53.70650951,212.6336472,17.17961523,0,665.7106091,3656.478919,1.560878735,48.20655657,0,0.009772
2018,4,5,1,86038.03164,25.97571196,19.98960341,25.97571196,444.3498644,20.32216905,0,412.6247373,4418.083123,0,52.64966371,0,0.032807
2018,4,5,5,76090,54.60902745,39.1398332,69.38958337,335,15.6,31,428.8,4537,17.576,54.06,0.592,0.000213
2018,4,5,16,79215,36.58982367,27.02807025,36.58982367,354,22.2,0,601.0027443,4905,1.1196,54.92291667,0,0.000371
2018,5,1,1,27876.60884,33.83998524,25.44898822,33.83998524,232.4419786,18.22050006,0,471.5090917,3589.712382,0,49.73208144,0,0.395716
2018,5,1,3,38166.40017,28.56551407,21.47338312,47.39257427,300.0255494,18.64146152,0,400.476645,4100.001973,0,49.16539619,0,0.064385
2018,5,1,16,24221.06157,67.16966786,48.60543975,67.16966786,157.2164847,12.49482399,0,617.6433461,3251.750767,1.474494051,44.69245855,0,0.016306
2018,5,2,1,26979.97414,44.11569085,32.17793835,44.11569085,191.4806773,14.30981535,0,461.2797074,3120.638666,0,48.01039277,0,0.360354
2018,5,2,16,31200,68.3638,47.2489,68.3638,212,14.8,0,699.28372,3290,1.10075,48.7375,0,0.017194
2018,5,3,1,36173.50712,34.17347797,25.66300886,34.17347797,228,16.1,0,413.313195,3641.445048,0,44.88645833,0,0.039762
2018,5,4,1,49900.12006,26.64820399,20.52432354,26.64820399,363.7865849,18.69910966,0,385.9992644,4173.424622,0,51.55211829,0,0.071546
2018,5,5,1,100625.6698,27.6975645,21.20063531,27.6975645,407.9891424,22.31361113,0,478.5174725,4475.07747,0,54.75239304,0,0.040893
2018,5,5,5,98981.43078,37.80937558,28.33200304,42.9063732,461.1453914,18.94805245,15.22252218,437.4983634,4803.056691,23.98170845,53.86534002,0.373352873,0.002593
2018,5,5,15,88806.40129,137.3069128,102.066593,334.2499596,577.95752,0,290.3945875,290.3945875,4743.678434,98,53.5171875,0,0.027307
2018,6,1,1,32307.65269,27.91506499,21.32791315,27.91506499,332,19,0,405.3611602,3349.807657,0,43.15805556,0,0.002194
2018,6,2,1,33163.66723,39.94215453,29.12184695,39.94215453,155,11.9,0,346.5580025,2332,0,37.24375,0,0.005301
2018,6,3,1,27059.82836,39.84449898,29.44946204,39.84449898,164,11.9,0,350.4617057,2436,0,37.24375,0,0.004428
2018,6,3,4,28639.9768,157.9031058,107.0937881,384.3878334,74,0,57.85614849,57.85614849,2376.670534,17.2212,29.19850694,0,0.001293
2018,6,4,1,58533.84808,27.20856354,20.95513877,27.20856354,391.8296585,17.07501512,0,363.1729987,3232.300324,0,43.66513774,0,0.018187
2018,6,5,1,185398.9443,22.95005864,17.89422767,22.95005864,524.1571605,19.13538643,0,347.9804844,3453.774722,0,44.78189461,0,0.017778
2018,6,5,16,157800,29.3561,21,29.3561,573,15.6,0,327.6,3803,1.105,46.3234375,0,0.000102
2018,7,1,1,24415.93003,36.31121481,26.90093264,36.31121481,167.4489484,14.83709345,0,399.7703919,3320.360712,0,45.09162464,0,1.151295
2018,7,1,2,27826.48232,43.3973,31.7819,43.3973,136,15.18960411,0,482.7544789,3453.184648,0,46.37846679,0,0.003309
2018,7,1,3,27562.53748,32.54456626,24.53775816,54.06642814,177.000155,14.71745023,0,360.8567338,3494.3948,0,44.51467345,0,0.090314
2018,7,1,4,34845,154.198,107.9386,375.3683935,109,0,111,111,3289,28.8,43.57222222,0,0.000603
2018,7,1,5,33117.07741,66.14463279,44.10377566,79.02668777,175.7511837,11.33663589,23.46543561,396.2582505,3889.675545,10.86135653,44.76617192,0.507050663,0.008448
2018,7,1,7,37495,170.1369,119.0958,414.1688921,200,0,238,238,3580,59.99,42.02666667,0,0.009879
2018,7,1,16,26361.61953,62.27461561,46.61202767,62.27461561,140.4699824,12.02328885,0,562.965692,3203.755654,1.524341072,45.72987594,0,0.023303
2018,7,2,1,25622.55238,37.98892044,28.1513345,37.98892044,171.9849612,14.41536945,0,405.4973331,3320.415788,0,44.73507075,0,0.610022
2018,7,2,2,27190,41.1663,29.2099,41.1663,168,14.8,0,432.30652,3527,0,46.315,0,0.000008
2018,7,3,1,29471.2415,34.51600487,26.0278467,34.51600487,189.8822157,13.60115322,0,354.4301227,3268.94506,0,44.28553985,0,0.03087
2018,7,4,1,40844.61697,30.73656704,23.03986659,30.73656704,264.9099736,15.87537453,0,365.8083621,3869.019212,0,46.08295073,0,0.028836
2018,7,4,2,45445,46.3091,33.6039,46.3091,181,15,0,504.0585,3867,0,46.92819444,0,0.000618
2018,8,1,1,30285.54586,30.64785287,23.21910597,30.64785287,228.7860808,18.16486097,0,423.0890392,3796.96386,0,49.01129638,0,0.277142
2018,8,1,7,35000,103.2675,72.2873,251.3868894,102,0,187,187,4453,82.08,47.42236111,0,0.000002
2018,8,3,1,30395,34.8705,26.1551,34.8705,240,17.8,0,465.56078,4365,0,47.55309028,0,0.000467
2018,8,4,1,44008.49448,30.03900744,22.79642445,30.03900744,274.7110317,18.16966212,0,415.6847656,4097.400692,0,49.53083408,0,0.081746
2018,8,5,1,87584.04899,25.20275191,19.39767471,25.20275191,454.3746398,20.19317963,0,392.7791212,4221.824207,0,50.47105944,0,0.001041
2018,8,5,7,80700,126.7446,93.0305,308.5378337,518,0,238,238,5181,87.5,54.609375,0,0.007452
2018,8,5,15,106235.42,118.212335,86.76785673,287.7675084,400.2833601,0,293.7678973,293.7678973,5293.58855,87.5,54.609375,0,0.009345
2018,1,8,1,29820.68496,25.65391163,19.67004746,25.65391163,287.5252378,21,0,414.6990435,4148.547916,0,58.24,0,0.152965
2018,1,8,2,36035.27222,29.98196717,22.78836557,29.98196717,181,21,0,478.7985984,4232.896745,0,58.24,0,0.008203
2018,1,9,1,28627.29715,25.48760899,19.5444556,25.48760899,253.3470541,21.07975754,0,413.3144898,4173.274765,0,55.458086,0,0.268742
2018,1,9,3,30937.1884,22.92163829,17.75546031,37.86493077,261,21.1,0,374.8645312,4396.151476,0,54.03208333,0,0.010807
2018,1,11,2,46280,26.3599,20.0869,26.3599,181,21,0,421.8249,4162,0,58.24,0,0.003579
2018,2,6,1,35608.20372,21.82605294,16.96677785,21.82605294,395,26,0,441.2083085,4502,0,64.3625,0,0.145793
2018,2,6,2,38997.16827,28.88081245,22.00214753,28.88081245,230,26,0,572.1650112,4502,0,64.3625,0,0.015321
2018,2,6,3,33580.79481,24.76454842,19.10058491,40.77898644,305,26,0,496.9487032,4502,0,64.3625,0,0.067519
2018,2,7,1,36885.53911,26.28567266,20.13912053,26.28567266,385.6911479,23,0,465.1876698,4443.946873,0,68.445,0,0.426939
2018,2,7,2,40863.95953,29.15514647,22.14356171,29.15514647,250,23,0,509.6807112,4333.757452,0,68.445,0,0.010501
2018,2,7,3,36248.52442,24.48740377,18.81703091,40.64444947,364.6071805,23,0,435.6126868,4465.299549,0,68.445,0,0.249789
2018,2,8,1,38561.85662,23.36248788,18.07610942,23.36248788,359.3179337,26,0,470.3725859,5110.33768,0.006620938,62.28129413,0,0.553216
2018,2,8,3,37197.71255,24.54814092,18.91636744,40.45926315,311.730025,26,0,492.4781627,5079.634145,0,64.07117104,0,0.08786
2018,2,9,1,38667.53971,20.7395108,16.09367456,20.7395108,359.3818245,25.32886519,0,409.7156823,5404.095317,0,67.76651569,0,0.125906
2018,2,11,1,50293.70287,21.66189711,16.81103213,21.66189711,404.5742327,24.93142668,0,420.2744396,5465.854863,0.02901025,67.00844759,0,0.090735
2018,2,11,3,46595,18.7285,14.6591,31.06623304,381,26.4,0,387.00024,5670,0,68.70159722,0,0.04086
2018,3,6,1,25190,31.4586,23.7776,31.4586,184,16.1,0,382.81936,3509,0,51.425,0,0.012723
2018,3,7,1,25041.39917,29.57975592,22.48112567,29.57975592,169,15.8,0,355.2415463,3550.768035,0,44.75833333,0,0.020848
2018,3,7,3,25591.58784,29.554202,22.46376312,49.05113336,169,15.8,0,354.9755856,3656.751597,0,44.75833333,0,0.00814
2018,3,9,1,22755,34.8169,25.1814,34.8169,131,28,0,705.0792,3271,0,48,0,0.01237
2018,4,6,1,28166.49586,29.17840632,22.24331472,29.17840632,287,19,0,422.6230874,4330,0,57.67555556,0,0.109151
2018,4,6,3,27090,25.9349,19.9421,42.78675054,283,20,0,398.842,4510,0,54.70833333,0,0.109974
2018,4,6,5,41090,75.3169692,52.09897121,97.56817256,260,16.5,33,566.16945,4330,16.92,57.67555556,0.617,0.013417
2018,4,7,1,37867.19187,20.05486124,15.62811071,20.05486124,278.6636725,25,0,390.728501,5568.243263,0,61.7025,0,0.006791
2018,4,7,3,37845,20.0009,15.5885,33.24269777,275,25,0,389.7125,5700,0,61.7025,0,0.000342
2018,4,9,1,32310.13422,28.33287067,21.63557845,28.33287067,285.2304129,19.8152447,0,428.9531606,4419.244019,0,55.7168023,0,0.198587
2018,4,10,1,29993.08485,28.32588056,21.09125683,28.32588056,208,18.5,0,390.6120953,4234.259105,0,52.9375,0,0.007908
2018,5,6,1,31938.61332,25.80855218,19.66445679,25.80855218,282.6767557,22.00733526,0,435.9661103,4057.601165,0.063192245,48.74526973,0,0.29091
2018,5,8,1,30165.23077,20.74871052,15.30938091,20.74871052,309.4461538,21.15384615,0,324.2241169,4178.430769,0,57.9381453,0,0.000065
2018,5,9,1,37684.29585,23.98403181,18.05035703,23.98403181,270,23,0,415.1981607,4624.662404,0,48.19,0,0.143811
2018,6,7,1,58323.23643,25.40550124,19.36074327,25.40550124,375,24.28430046,0,470.0055982,5462.882869,0,58.17529284,0,0.044651
2018,6,8,1,51060.58404,23.31734994,18.05646373,23.31734994,358.114292,27.22546958,0,491.8019067,5468.204705,0,57.67145243,0,0.123622
2018,6,8,3,56207.27208,23.51028681,18.18655165,38.91288612,355,28.25907926,0,514.6298809,5512.895061,0,60.79783895,0,0.053088
2018,6,9,1,52616.3245,20.38762489,15.61041036,20.38762489,324.4286631,23.99571818,0,374.3021262,5351.246191,0,50.64175206,0,0.037414
2018,6,9,3,55535,18.3916,14.4231,30.49430875,381,26.4,0,380.76984,5945,0,58.03472222,0,0.000356
2018,6,11,1,75543.39944,21.54164514,16.72941847,21.54164514,415.6738401,25.85800632,0,435.0383822,5693.362945,0,56.52362953,0,0.134756
2018,7,6,1,30034.8797,29.57065286,22.46495775,29.57065286,238.9790739,18.9930123,0,420.1680321,3962.088486,0,44.9054215,0,0.496701
2018,7,6,2,36190,33.1162,24.9127,33.1162,230,24.6,0,612.85242,4513,0,46.13333333,0,0.000515
2018,7,6,3,26990,31.0576,23.4927,51.29937751,184,15.8,0,371.18466,3779,0,45.80496528,0,0.00988
2018,7,7,1,27105.20557,32.37293098,23.95178505,32.37293098,187.4084593,15.27757419,0,365.8476035,3448.636885,0,44.43527516,0,0.208978
2018,7,8,1,29386.13375,34.52107145,25.68805075,34.52107145,180.1593213,15.30755783,0,393.7174453,3451.091206,0,45.49640853,0,0.255126
2018,7,8,2,31436.66369,43.4935,31.8173,43.4935,136,15.6,0,496.34988,3472.741521,0,46.37792595,0,0.005602
2018,7,9,1,27390.88418,36.05039998,26.84270665,36.05039998,179.4864382,15.74463007,0,424.5662015,3488.772329,0,45.54669234,0,1.444609
2018,7,9,2,28490,38.9253,27.8509,38.9253,168,15.3,0,426.11877,3655,0,46.315,0,0.000029
2018,7,9,16,28137.15427,44.74571271,32.25570517,44.74571271,193.5707435,14.79463429,0,477.2105052,3921.798462,1.578468679,44.96079465,0,0.059433
2018,7,10,1,32411.53234,32.62605645,24.56291034,32.62605645,201.814116,13.87079742,0,340.8091862,3471.202423,0,44.72261045,0,0.012879
2018,7,10,3,36395,35.0701,26.2235,58.19912021,208,13.2,0,346.1502,3428,0,45.47277778,0,0.008285
2018,7,11,1,45293.23452,25.23835813,19.43027356,25.23835813,332.0607175,20.38275302,0,401.0533034,4427.038046,0,46.03500266,0,0.051122
2018,7,11,2,38490,31.1634,23.5564,31.1634,230,24.6,0,579.48744,4576,0,46.13333333,0,0.002633
2018,7,11,16,39330,43.1272,31.2397,43.1272,194,14.8,0,462.34756,4180,1.5925,45.22458333,0,0.005498
2018,8,6,1,28267.9313,26.82811661,20.55158711,26.82811661,236.8669831,22.20764727,0,457.6694868,4322.044617,0,50.68943709,0,0.156108
2018,8,6,3,26790,25.257,19.4739,41.95123438,283,20.5,0,399.21495,3818,0,49.03673611,0,0.028159
2018,8,7,1,35355.10761,25.90956732,19.76973566,25.90956732,279.5118493,18.83235007,0,375.0037456,4353.67215,0,51.76711701,0,0.185539
2018,8,7,3,36014.72543,24.66588935,19.01761198,41.02719201,290,18.6,0,354.0286373,4439,0,52.48333333,0,0.096732
2018,8,8,1,37943.33103,27.33079755,20.89761044,27.33079755,299.3199171,20.32437914,0,424.4834412,4216.426978,0,53.52783243,0,0.28227
2018,8,9,1,35497.87248,29.03250876,22.05095641,29.03250876,280.3090227,19.25868247,0,425.5458225,4381.653053,0,50.1431762,0,0.51703
2018,8,9,16,38082.15087,39.73063282,28.43838716,39.73063282,306,19.2,0,546.030136,4832.007475,1.872,49.02875,0,0.013913
2018,8,10,1,35186.01611,30.7503965,22.91754785,30.7503965,240.2883009,17.43731536,0,401.7917388,4066.436559,0,49.92733541,0,0.382569
2018,8,11,1,55363.23519,26.22652537,20.02713172,26.22652537,324.8011515,21.26613423,0,427.2960692,4618.666631,0,52.07651629,0,0.612964
2018,8,11,2,63139.27097,34.02847734,25.48978478,34.02847734,234.5361874,21.55175658,0,545.8573931,4627.130639,0,52.13616416,0,0.010418
2018,8,11,3,68745,25.263,19.398,42.07908717,302,24.6,0,477.1908,4987,0,51.73972222,0,0.000311
2018,8,11,5,61530.1865,42.442043,30.60058028,47.92009646,352.5108348,20.7710302,14.83943162,521.1949732,4988.191918,11.31269467,51.83284119,0.367268739,0.01126
2018,8,11,7,84200,126.7446,93.0305,308.5378337,518,0,238,238,5181,87.5,54.609375,0,0.003425
2018,8,11,15,106402.982,118.4146155,86.91632901,288.2599255,373.6238559,0,294.2223206,294.2223206,5285.257455,87.5,54.609375,0,0.003387
2018,8,11,16,47710.94194,40.35907988,29.27307086,40.35907988,309.2630332,17.42345972,0,509.9721496,4707.496445,1.797068128,49.16175059,0,0.013504
2019,1,2,1,29377.04489,33.26800381,25.01718287,33.26800381,205.6016319,13.2,0,331.5336811,3005.030158,0,42.30722222,0,0.005515
2019,1,3,1,31297.31264,38.59060893,28.57212412,38.59060893,160.9940632,11.38160749,0,326.0671491,2853.127535,0,39.01648885,0,0.008759
2019,1,3,4,34290,160.6249,112.4374,391.0135713,111,0,84,84,2980,24,34.73,0,0.000434
2019,1,5,1,157738.8358,27.39820764,20.94396419,27.39820764,479.9373491,18.25107527,0,384.8094267,3516.7619,0,42.78911355,0,0.009114
2019,1,8,1,32657.98357,25.7952165,19.77090779,25.7952165,287.1609974,21,0,416.8194988,4183.303386,0,56.2301181,0,0.147441705
2019,1,8,2,35743.95396,29.49324158,22.45445316,29.49324158,181.9586084,21,0,471.6276374,4393.1053,0,56.29885696,0,0.002948242
2019,1,9,1,35768.73154,25.45905731,19.53687657,25.93124239,255.8064359,21.06182864,0,412.9671947,4302.000891,0,55.86376975,0,0.3583
2019,1,9,3,30892.41628,23.19454798,17.95229807,25.46094109,261,21.1,0,379.2864782,4331.559949,0,54.14304144,0,0.019081
2019,1,11,1,44945,25.0815,19.3196,25.0815,308,21,0,405.7116,4426,0,58.24,0,0.006435295
2019,1,11,2,46279.39342,25.74872618,20.0895961,25.74872618,182.2634961,21,0,423.505299,4268.554419,0,56.26463494,0,0.002618758
2019,2,1,1,21881.85784,37.14297099,27.58911113,37.14297099,198.6864768,13.89451257,0,379.8802804,2956.623791,0,42.32005666,0,0.154298
2019,2,2,1,41745,29.4914,22.4496,29.4914,300,20,0,448.992,3747,0,48.1525,0,0.00188
2019,2,3,1,32671.98217,37.81541582,28.16927194,37.81541582,181.9424704,12.60520665,0,355.543416,3063.655201,0,43.06992804,0,0.047792061
2019,2,4,1,47423.933,26.53509003,20.52269771,26.53509003,395.1512393,16.65008002,0,348.4645703,3801.955875,0,47.3696632,0,0.111369939
2019,2,4,6,50151.04464,121.4620784,84.57581323,225.4533814,170,2.4,126,199.35768,3245.770614,42.2,43.46971383,0.92,0.003226
2019,2,4,7,46295.86705,161.606,113.1242,393.4018897,172.9248555,0,153,153,2972.699422,42.2,43.64920279,0,0.001557
2019,2,4,14,58500,96.0327,67.2229,640.218,151,3.790500854,0,254.8084599,4079,0,46.12333333,0,0.001711
2019,2,5,1,97663.67548,26.37767694,20.28464874,26.37767694,469.636089,18.06935612,0,367.8160138,4376.182759,0,49.76521367,0,0.01258
2019,2,5,5,156395,49.59773791,36.37385823,56.71766243,369,11.1,18,319.09527,3467.5,11.6,50.69965278,0.42,0.001709
2019,2,5,16,97837,40.8161,29.6181,40.8161,354,22.2,0,657.52182,4435,1.1,50.45763889,0,0.000025
2019,2,6,1,43705.26222,22.52466842,17.48149829,22.52466842,388.6490954,24.95713877,0,437.7894259,5171.138078,0,67.93804028,0,0.454437505
2019,2,6,2,44867.89859,29.05884009,22.12588415,29.05884009,240,26,0,575.4466447,5040.289238,0,66.57330544,0,0.004556
2019,2,6,3,34977.61109,24.89099273,19.19186481,40.99042148,305,26,0,499.3364273,4933.852411,0,65.49627861,0,0.070355
2019,2,7,1,43713.9059,27.00135936,20.62722077,27.01242671,328.7669244,23.83855194,0,490.9354977,4722.547245,0,65.71283242,0,0.429042
2019,2,7,2,51943.64426,29.88293036,22.65551055,29.88293036,250,26,0,590.3676202,5273.040218,0,70.73238441,0,0.005346
2019,2,7,3,44999.36333,24.40429056,18.76052554,40.42397693,352.3259764,26,0,490.7230687,4683.058276,0,68.97492354,0,0.209967
2019,2,8,1,44710.89705,23.05051557,17.69637951,23.07088787,350.4497894,24,0,425.6568735,5142.992855,0,70.93080728,0,0.480973021
2019,2,8,3,44864.54887,23.42249262,18.11421456,23.46542201,357.3134803,24,0,435.1842592,5146.770606,0,71.33906084,0,0.000990313
2019,2,9,1,41813.37471,21.3448404,16.55066255,22.3008745,342.9489872,28.84272372,0,470.4483615,5233.397223,0,64.94327194,0,0.163355382
2019,2,9,3,44873.9917,18.52533517,14.50248169,20.41488265,381,35.35926381,0,512.8066643,5616.910292,0,68.70159722,0,0.020174
2019,2,11,1,58843.04071,22.42374178,17.13227623,22.42587611,409.7592489,24.59145102,0,421.6264545,5340.451466,0,70.21019089,0,0.144470092
2019,2,11,3,58194.69911,23.14857279,17.91573881,23.18221727,354.9477282,24,0,430.2195726,5228.568042,0,72.08361111,0,3.27E-05
2019,3,1,1,17701.55958,45.17613969,32.78933125,45.17613969,124.8285782,11.64289675,0,381.1172434,2637.924648,0,42.00176589,0,0.226003205
2019,3,1,2,26495,50.0238,36.8031,50.0238,137,13.7,0,504.20247,3091,0,44.73458333,0,0.000215
2019,3,1,6,35788.06529,113.1362444,77.96301485,167.6195256,149,8.9,53,426.8,3526.268167,18.4,45.0925,0.764,0.005516
2019,3,2,1,25651.1432,39.42418372,28.79632159,39.42418372,176.4120438,13.48725522,0,392.2407605,3111.390812,0,43.98802819,0,0.269115038
2019,3,2,16,33338.28715,56.94434739,39.98038852,56.94434739,162.1309824,10.43375315,0,417.6880277,3442.531486,1.324433249,43.50460922,0,0.010719
2019,3,3,1,24807.39545,42.91044663,32.03896037,42.91103345,162.7751689,13.55147216,0,435.8041737,3672.545679,0,44.41014207,0,0.241285255
2019,3,3,3,36095,36.1101,26.9404,59.85234054,208,14.8,0,398.71792,3395,0,44.91913194,0,0.005644
2019,3,3,4,34457.46192,167.0447,118.6017,406.6414654,134,0,125,125,3690.538998,35.8,43.27458333,0,0.005552
2019,3,4,1,44606.90628,34.17604592,25.77892658,34.17604592,268.7009494,16.22688778,0,421.4090298,3631.117495,0,47.70353966,0,0.165914502
2019,3,4,2,44793.1335,48.96467575,35.27100367,48.96467575,180,16.6,0,585.8519429,3479.404762,0,48.82223214,0,0.000042
2019,3,4,5,55000.46175,51.21561372,37.35360861,57.88115416,255.3085094,12.28271274,16.05658057,368.9817876,4264.315554,11.99038354,51.66537305,0.38871296,0.008943
2019,3,5,1,101489.6852,28.2719283,21.56927177,28.2719283,439.5022143,19.59880023,0,441.8117612,4321.556486,0,51.44263851,0,0.012419
2019,3,6,1,26652.55038,31.4586,23.7776,31.4586,178,16,0,380.4416,3509,0,51.3825,0,0.010769
2019,3,7,1,27370.72944,35.34778947,25.18213306,35.67849159,162.2096103,15.8,0,398.0790833,3585.667377,0,46.35056891,0,0.038438
2019,3,7,3,27500.46449,35.53109488,25.31601212,35.88731338,162,15.8,0,400.0197731,3620.754926,0,46.78959973,0,0.000922
2019,3,9,1,23745,34.8169,25.1814,34.8169,131,14.5,0,365.1303,3272,0,47.92,0,0.02029
2019,4,1,1,24353.31911,40.77794915,29.95817558,40.77794915,172.2906787,14.85188808,0,447.5040353,3120.515004,0,46.64511333,0,1.007117832
2019,4,1,2,26995,50.0238,35,50.0238,137,13.7,0,479.5,3229,0,44.73458333,0,0.000158
2019,4,1,4,33747.80508,164.9911275,114.8081312,401.6423978,142.5776981,0,146.0351776,146.0351776,3423.054588,38.17008197,44.99544103,0,0.011712
2019,4,1,5,33391.95072,92.97165668,65.42487686,115.8144857,173.6089556,13.25362231,27.05463681,613.9194654,3689.910378,9.026790485,47.46068981,0.552677013,0.015722
2019,4,1,7,40165.9337,184.1462496,128.8126777,448.2722335,253.0111175,0,219.6178474,236.421797,3659.352147,67.48090081,48.44937149,0,0.053879
2019,4,1,16,30559.7952,62.17901003,41.99012697,62.17901003,188.1495517,12.2721436,0,515.2901425,3669.205329,1.419625136,48.43520675,0,0.074368912
2019,4,2,1,26278.87746,41.83080198,30.83083826,41.83080198,186.896141,14.37497635,0,444.5183903,3141.931822,0,46.77217496,0,0.952095
2019,4,2,4,37540,163.0249,114.1174,396.8559567,161,0,89,89,4024,25.5,46.89239583,0,0.000522
2019,4,2,5,30846.66667,111.8197355,79.2245075,136.8782879,121,11.4,25,645.53506,3371.666667,8.8,44.58694444,0.529,0.010628
2019,4,2,6,35542.24412,111.098329,76.6314089,159.898901,212,7,48,342.7,4054.673659,17,46.89239583,0.731,0.007221
2019,4,2,16,28971.89051,70.87374232,49.90487622,70.87374232,160.372294,11.63620065,0,581.3700643,3217.715786,1.064827633,46.09144732,0,0.10994
2019,4,3,1,33575.19874,36.01789822,26.87837035,36.01789822,189.9201118,16.41196664,0,444.7009851,3452.876877,0,45.91440414,0,0.046240866
2019,4,3,5,41083.33333,46.61661725,33.68026848,51.59022793,224,9.5,12,272.7275,3948,7.6,44.9959375,0.322,0.001994
2019,4,4,1,53001.49245,30.67615945,23.31577577,30.67615945,312.4380267,17.97873356,0,424.0817055,3920.469479,0,49.86115253,0,0.17504115
2019,4,4,5,69995,56.16204999,40.88628134,65.91737044,400,15.9,21,482.1,5113,11.6,53.52777778,0.476,0.00017
2019,4,4,14,59410,96.5403,67.5782,643.602,174,3.729012651,0,251.9999627,4134,0,46.89239583,0,0.000337
2019,4,4,15,55958.5035,168.2988703,118.2663714,409.6945263,417.6349993,0,312.4632199,310.3045006,4040.30657,97.94731671,48.89611111,0,0.057504
2019,4,4,16,45190.33105,59.87652427,42.97248847,59.87652427,215.3364953,13.37647925,0,577.2747494,3745.215417,1.560750137,49.39470361,0,0.013152088
2019,4,5,1,84027.03282,25.6444133,19.83197921,25.6444133,479.7731149,19.1825073,0,389.0895181,4343.065833,0,51.74840038,0,0.033591152
2019,4,5,16,80735,36.6873256,27.04669326,36.6873256,416,22.2,0,601.378483,4872.941176,1.1,54.92291667,0,0.000187
2019,4,6,1,39362.13469,29.1777156,22.24288192,29.18373329,286.9981382,19.00046545,0,422.6264521,4330.083781,0,57.67425281,0,0.079493
2019,4,6,3,30472.87867,25.9349,19.9421,42.78105236,283,20,0,398.842,4510,0,54.87666667,0,0.180464
2019,4,6,5,45647.08661,69.60494493,48.30342265,88.58618081,260,16.5,32,519.09155,4987,16,57.59111111,0.609,0.003484
2019,4,7,1,36319.93197,19.87999763,15.50181056,20.16447243,277.7349894,25,0,387.5925855,5125.417135,0,69.45301648,0,0.008011
2019,4,7,3,36275,19.81344257,15.45295405,20.12032482,275,25,0,386.3238514,5123.333333,0,70.11,0,0.000294
2019,4,9,1,39575.39459,28.51531892,21.74111602,28.51531892,284.1493252,19.73619927,0,429.2361589,4527.296987,0,56.48348035,0,0.207681
2019,4,10,1,33583.39456,28.8391693,21.43928982,28.8391693,208,18.49,0,396.910306,4507.302829,0,53.61251524,0,0.004305
2019,5,1,1,29680.54072,32.80986002,24.76345821,33.27396727,240.3495605,18.43203226,0,466.5101282,3665.131576,0,50.15915978,0,0.364929495
2019,5,1,3,34295.98997,28.29148567,21.61625153,40.2704034,302.2394471,18.55659192,0,401.3002671,4014.14003,0,48.75621709,0,0.043181
2019,5,1,16,25215.54371,75.49510542,56.30138732,75.49510542,139,11.9,0,670.522695,3030.030992,1.6,45.21440972,0,0.017567
2019,5,2,1,27038.91237,43.44237865,31.75902973,43.44237865,195.5010551,14.31365431,0,456.7286411,3133.153677,0,47.97673719,0,0.250009
2019,5,2,16,32267.56499,70.7194,48.4664,70.7194,212,12.8,0,620.36992,3393.348773,1.3,48.89222222,0,0.022091
2019,5,3,1,38024.03901,33.31464175,25.15892567,33.31464175,237.2333022,16.3841776,0,412.69622,3674.531749,0,45.74342385,0,0.018221
2019,5,4,1,56612.71826,26.78896433,20.56950377,26.78896433,348.9234058,19.2734076,0,398.845806,4196.854831,0,50.71905123,0,0.034253365
2019,5,5,1,100035.1607,27.09365313,20.77664007,27.09365313,406.9415584,21.15309849,0,442.8472489,4596.119961,0,55.24022659,0,0.03581414
2019,5,5,5,112105.1722,39.02487086,28.95083902,43.94012363,459.5099338,21.5389404,14.34437086,502.2737969,4826.78543,13.69986755,53.52377732,0.36773245,0.000755
2019,5,5,15,92656.01206,140.664499,105.487902,342.4234231,518,0,330.4694652,338.8749581,4777.299431,90.33158424,53.5171875,0,0.008957
2019,5,6,1,37757.71221,28.38166615,21.20372352,28.38166615,278.912325,20.52617057,0,436.1300971,4314.793913,0,49.42075761,0,0.124907292
2019,5,9,1,42495.17564,23.97203224,18.04176282,23.97203224,270,23,0,414.9954955,4631.617933,0,48.19,0,0.13885
2019,5,11,1,46040,26.62091339,20.38413487,26.62091339,270,21.5,0,438.3288844,4420,0,51.71777778,0,0.017353708
2019,6,1,1,37767.5,27.44778136,21.00739613,27.44778136,332,19,0,399.8548659,3392.25,0,43.15805556,0,0.002126
2019,6,2,1,31176.82075,39.68614386,29.2973307,39.68614386,181,11.9,0,348.6832893,2346.27855,0,37.2753125,0,0.01015
2019,6,3,1,27968.75,39.84237005,29.44821122,39.84237005,160,11.9,0,350.446787,2446.25,0,37.24375,0,0.00236
2019,6,3,4,26646,158.5839018,107.4864785,386.0451136,80,0,57,57.91878173,2356.6,17.2,29.19850694,0,0.000394
2019,6,4,1,60231.99753,25.88650613,19.95413023,25.88650613,409.0152276,17.67990899,0,356.6142273,3319.602876,0,45.0277955,0,0.031432121
2019,6,5,1,164058.1459,21.71977887,17.01052784,21.71977887,598.5542669,18.49085244,0,320.8465797,3443.566873,0,45.52170656,0,0.020398879
2019,6,5,16,159300,29.3561,21,29.3561,573,15.6,0,327.6,3803,1.3,46.3234375,0,0.000234
2019,6,7,1,60564.74429,24.92974954,18.94974362,24.92974954,375,24.96034298,0,472.6038536,5611.200711,0,58.75118717,0,0.056109402
2019,6,8,1,57868.59424,22.15762892,17.22530427,26.11982608,357.6719877,27.48683539,0,473.1407684,5578.123612,0,57.32783094,0,0.103801
2019,6,8,3,58613.71552,21.89166278,17.03220979,27.00445568,355,28.69692671,0,488.4124368,5657.836933,0,58.94431127,0,0.074025
2019,6,9,1,57720.89918,20.69823086,15.85145876,20.69823086,357.478468,24.8511629,0,393.9135839,5549.151281,0,53.3518145,0,0.072394076
2019,6,11,1,84229.96853,21.59885805,16.66427265,21.59885805,418.112997,27.02968162,0,452.393462,5820.976438,0,57.88820006,0,0.150936522
2019,7,1,1,26897.36626,35.92776228,26.62001707,35.99726606,171.4129132,14.91691298,0,397.7019962,3350.585034,0,45.16227344,0,1.23965921
2019,7,1,2,32230.23357,43.359,31.7581,43.359,137,14.9,0,473.19569,3394.46988,0,46.38028462,0,0.000913
2019,7,1,3,22400,31.9863,24.1496,45.95369895,168,15.7,0,379.14872,3552,0,45.26489583,0,0.022718
2019,7,1,4,35745.66225,154.198,107.9386,375.3683935,109,0,111,111,4321,30,43.71277778,0,0.00015
2019,7,1,5,34181.49739,78.07627857,54.22393626,94.95860091,149.835182,11.3,24.85945452,480.2277776,3629.965204,9.783922746,45.20372736,0.525172909,0.007663
2019,7,1,7,37792.09589,168.6265869,118.0385858,410.4922958,200.1485479,0,238.1485479,238.1485479,3606.227452,60.59419178,42.5740999,0,0.014191934
2019,7,1,15,37495,175.2176,120,426.5369786,201,0,258,258,3715,64,43.94666667,0,0.000785309
2019,7,1,16,26294.1201,63.13019448,47.4623108,63.13019448,139.7939311,11.95578975,0,569.131433,3197.094147,1.59570848,45.69507324,0,0.026331
2019,7,2,1,26525.80706,40.20606506,29.63162461,40.20606506,174.9888211,13.80758157,0,409.2974912,3241.328996,0,44.79648754,0,0.557944983
2019,7,3,1,32164.62617,34.97671426,26.2882166,34.97671426,182.4024242,14.36731925,0,379.3462426,3315.771347,0,44.40307752,0,0.030443
2019,7,4,1,40050.08246,38.67992879,28.58742177,38.67992879,200.6745942,14.36067077,0,413.2659697,3486.189081,0,45.97697683,0,0.059765807
2019,7,4,7,42352.24083,168.3304134,117.8312652,409.7713126,200.1779909,0,238.1779909,238.1779909,3614.79536,60.71196371,45.61235026,0,0.011286066
2019,7,4,15,43531.4071,175.2176,120,426.5369786,201,0,258,258,3715,64,43.94666667,0,0.003057691
2019,7,6,1,31660.0062,31.22803319,23.62595777,31.22803319,219.093854,14.82238795,0,350.0881226,3704.526199,0,45.28218282,0,0.321548
2019,7,7,1,30476.61543,32.07924598,24.01935753,32.07924598,191.2770864,15.34969837,0,368.8007943,3626.545574,0,44.53844183,0,0.159039513
2019,7,8,1,30887.889,34.77021297,25.80784457,34.77021297,184.5785073,14.81070304,0,383.0869246,3528.192698,0,45.33552034,0,0.292048
2019,7,8,2,34683.82706,43.4935,31.8173,43.4935,137,14.9,0,474.07777,3601.945646,0,46.40158773,0,0.001895
2019,7,9,1,29543.98537,37.53374255,27.73656721,37.53374255,182.8924221,15.73578181,0,437.7936541,3505.301856,0,45.84450967,0,1.329656
2019,7,9,2,42045,38.9253,27.8509,38.9253,168,15.3,0,426.11877,3940,0,46.315,0,0.000561
2019,7,9,5,35970,68.08966181,47.03943302,78.31738478,148,13.2,17,480.32,3726,8.8,44.50965278,0.417,0.002547
2019,7,9,16,33851.55305,54.0099819,38.9400359,54.0099819,211.6605812,14.65085486,0,572.8249992,3800.244693,1.566113758,46.18037489,0,0.086271
2019,7,10,1,37429.81023,33.68814739,25.3162467,34.84659666,233.1231434,14.75772225,0,373.8939066,3695.515844,0,46.17904089,0,0.037936775
2019,7,10,3,36945,35.0701,26.2235,41.0211915,208,14.8,0,388.1078,3428,0,45.47277778,0,0.005203
2019,7,11,1,45785.91024,29.12576791,22.1606173,29.12576791,252.6494206,16.57172128,0,370.8409479,3962.95187,0,46.0837131,0,0.018061712
2019,8,1,1,34716.27657,31.61525101,23.81242212,31.61525101,223.8780547,18.496755,0,440.9443453,3837.168036,0,49.28116978,0,0.247090617
2019,8,2,1,38564.40537,32.51940222,24.20523262,32.51940222,272.4420553,17.26442313,0,417.9421303,3843.839617,0,49.00884326,0,0.054319
2019,8,3,1,41776.70837,33.15997886,24.91409536,33.15997886,246.113859,17.6037043,0,439.2608912,3922.39174,0,50.16714391,0,0.065282243
2019,8,4,1,48934.0588,29.63378888,22.38744181,29.63378888,289.7026455,18.75630409,0,421.0004238,4212.203691,0,49.32766028,0,0.07043314
2019,8,4,14,61876.25,84.54673199,58.05366726,563.6448799,191,4.266972421,0,247.8907798,4081.125,0,48.609375,0,0.000224
2019,8,4,16,44800,40.8636,29.7729,40.8636,308,17.2,0,512.09388,4740,1.872,48.9525,0,0.002583
2019,8,5,1,251558.1288,19.86145516,15.57716588,19.86145516,576.4969325,21.6404908,0,336.053146,5544.644172,0,57.04653653,0,0.000978
2019,8,5,7,83200,126.7446,93.0305,308.5378337,518,0,238,238,5185,75,54.609375,0,0.001163
2019,8,5,15,106845,121.8599024,90.63555133,296.6468811,579,0,295,308.4242976,5464,100,54.609375,0,0.006932
2019,8,6,1,37191.68425,27.16975959,20.78233627,27.16975959,278.2048153,22.82853851,0,475.1671485,4531.987292,0,50.96870251,0,0.315685044
2019,8,6,3,30132.75632,25.257,19.4739,41.95123438,283,20.5,0,399.21495,4055,0,49.03673611,0,0.012373
2019,8,7,1,38569.05072,27.4128557,20.75891129,28.73143099,273.3623888,18.54597171,0,389.5254562,4332.575418,0,51.64411332,0,0.168284453
2019,8,7,3,38396.69021,24.80421213,19.11577467,33.56198252,290,18.6,0,355.8094161,4453,0,52.48333333,0,0.050447
2019,8,8,1,41448.22495,27.74282525,21.13893892,27.74282525,282.0220971,18.67886257,0,395.7522458,4209.014609,0,53.38129109,0,0.344853782
2019,8,9,1,39033.76068,29.59887107,22.3704845,29.59887107,272.0519948,19.05468422,0,426.8971215,4251.881493,0,49.95364792,0,0.879133
2019,8,9,16,45500.50721,39.81124092,28.84093983,39.81124092,306.5939665,18.60603352,0,536.3014801,4688.148776,3.719528045,49.00610503,0,0.0358
2019,8,10,1,38011.36745,29.11211442,22.13279163,29.11211442,232.5762095,17.38852317,0,386.6825069,4083.573649,0,50.64485178,0,0.283361316
2019,8,11,1,58997.13129,27.22804583,20.77321789,27.22804583,319.9940786,20.95796195,0,436.6906811,4570.863909,0,51.98240656,0,0.776532405
2019,8,11,2,71518.81942,33.21587998,24.9348069,33.21587998,235.762607,24.16876076,0,601.3392307,4630.632272,0,52.47613548,0,0.002324
2019,8,11,5,60699.24602,41.63813661,30.65632632,46.82277157,365.0144888,16.65097503,12.72844906,419.8996704,4742.964461,10.14890651,50.84344625,0.355407873,0.010974
2019,8,11,7,80726.63014,102.4815572,74.9438336,249.4736474,233.5513633,0,211.6328941,211.6328941,5525.037445,93.24584143,52.50350812,0,0.013887
2019,8,11,15,106845,122.1441612,90.89391308,297.3388602,579,0,295,309.5613843,5464,100,54.609375,0,0.002745
2019,8,11,16,53443.95828,38.33031807,27.83349606,38.33031807,314.677411,18.38138809,0,511.1479968,4682.077203,1.578193917,50.05876722,0,0.003847
2020,1,2,1,29795.24609,33.75826549,25.35330162,33.75826549,205,13.2,0,336.2148231,2797.037022,0,42.30722222,0,0.007104
2020,1,3,1,35927.42836,40.10388831,29.57649288,40.10388831,176.4608567,11.6,0,343.5350692,3002.82127,0,40.00374754,0,0.002031
2020,1,5,1,150088.9595,25.74382585,19.4191114,25.74382585,458.9413278,17.95089209,0,348.392948,3750.866615,0,43.65334875,0,0.011658
2020,1,5,6,156500,60.34737785,45.36130874,87.66046658,328,13,52,383.8328,5184,29,48.70486111,0.756,0.000019
2020,1,8,1,32582.12498,26.15765319,20.07563435,26.15765319,282.5550279,21,0,422.565139,4261.585953,0,55.77398638,0,0.079248191
2020,1,8,2,40477.49012,29.44208223,22.41743017,29.44208223,186,21,0,470.8565198,4710.279398,0,55.59666667,0,0.001241701
2020,1,9,1,35287.67757,26.28025403,20.1045205,26.28025403,257.9314723,21.09047043,0,424.3874039,4328.628645,0,56.52029974,0,0.206515
2020,1,11,1,45209.66553,23.56091181,17.87655925,23.56091181,308,21,0,377.4029111,4474.114456,0,58.16436388,0,0.008201809
2020,1,11,2,47714.41192,26.28665176,20.432211,26.28665176,186,21,0,431.0466708,4738.048465,0,56.77654994,0,0.001708299
2020,2,1,1,24949.49981,36.02954785,26.86510305,36.02954785,224.4255715,13.58062039,0,357.4922371,3029.54294,0,42.84446588,0,0.091813
2020,2,2,1,15320,32.1615,24.2954,32.1615,241,17.4,0,422.73996,3737,0,46.73263889,0,3.11E-06
2020,2,3,1,33800.80024,37.95820628,28.40750881,37.95820628,189.1694635,12.80306835,0,364.700267,3164.399314,0,43.39666296,0,0.032656
2020,2,3,4,34417,153.9345,107.7542,374.7269482,181,0,110,110,3153,32.6,40.30291667,0,0.000286
2020,2,4,1,47773.36564,26.08096279,20.1749671,26.08096279,404.6903962,16.51526607,0,338.4866727,3771.772892,0,47.25986519,0,0.076013361
2020,2,4,6,50073.90467,121.4620784,84.57581323,225.4533814,172.6774848,2.3,126,196.30111,3244.709939,42.2,43.45361956,0.92,0.000986
2020,2,4,7,46299.07279,161.606,113.1242,393.4018897,172.9358752,0,153,153,2972.743501,42.2,43.64962522,0,0.000577
2020,2,4,14,59445,95.5405,66.8784,636.9366667,151,3.790500854,0,253.5026323,4079,0,46.12333333,0,0.000242
2020,2,5,1,102646.2477,22.45386935,17.52537101,22.45386935,570.1224929,18.19948572,0,332.6658971,4328.613744,0,49.11133338,0,0.017161532
2020,2,5,5,157895,49.59773791,36.37385823,56.71766243,369,11.1,18,319.09527,3502,11.6,50.69965278,0.42,0.000132
2020,2,5,6,118300,72.1833011,52.01086489,109.0755029,536,9,61,293.2,5042,28,57.56861111,0.797,0.000153
2020,2,5,16,98485,40.8161,29.6181,40.8161,354,21.7,0,642.71277,4435,1.1,50.45763889,0,0.000016
2020,2,6,1,43390.27048,23.52824903,18.19135335,23.52824903,355.953289,23.91057353,0,437.8763378,5113.616054,0.067700113,65.98851061,0,0.39387166
2020,2,6,2,51818.96529,32.56601985,24.554894,32.56601985,260,25.95898984,0,615.1314539,5335.942552,0,67.23375597,0,0.003945359
2020,2,7,1,39939.53107,28.02337768,21.35867989,28.02337768,292.0281219,22.5006164,0,484.3689884,4579.974908,0,62.53891132,0,0.222384528
2020,2,7,2,49548.82133,30.34694688,22.98527198,30.34694688,250,23,0,592.490867,5194.626397,0,68.30416667,0,8.13E-05
2020,2,7,3,47623.52967,23.89362754,18.434011,26.89303373,372.4862869,26.42102952,0,487.8332418,4716.932899,0,66.72116829,0,0.152591
2020,2,8,1,44019.17217,23.8229627,17.98411844,23.84262949,347.9950922,24.17271342,0,436.2672702,4987.528143,0,69.67121008,0,0.454361655
2020,2,8,2,49041.82855,33.55350366,24.92087107,33.55350366,277,24,0,598.6730636,4945.59569,0,69.88269608,0,0.028428509
2020,2,8,3,43895.12266,24.10570575,18.05883714,24.14530166,355.0098618,24.20361473,0,437.9268927,4993.610578,0,69.60892081,0,0.002963661
2020,2,9,1,42729.11485,21.22880962,16.36673506,21.22880962,350.8258087,29.27666908,0,471.5913632,5178.281504,0,63.99106021,0,0.165944
2020,2,11,1,60185.7166,23.20135474,17.76760461,23.20202321,392.346294,31.75552311,0,558.4035717,5079.660999,0,69.35176226,0,0.229604158
2020,2,11,2,60743.49658,32.66281379,24.17505586,32.66281379,268.2816306,24.37199571,0,593.3062966,5218.601106,0,69.6587622,0,0.023983838
2020,2,11,3,58171.71901,24.13789603,18.03409523,24.17158258,355,24,0,434.8131713,5065.634125,0,70.27535575,0,5.33E-05
2020,3,1,1,18489.37563,47.52765577,34.32398812,47.52765577,124.1889868,11.40595765,0,392.0321488,2713.302877,0,42.13853821,0,0.16008
2020,3,2,1,23950.93537,42.35772187,30.9152463,42.35772187,164.8660485,13.67207588,0,426.0236631,3067.822647,0,44.57454994,0,0.487294016
2020,3,2,16,28400.99358,68.7712301,47.09069532,68.7712301,139.8022188,12.38523719,0,600.9183381,3224.860634,1.331337031,44.38180492,0,0.034614
2020,3,3,1,27367.35519,42.18804177,31.21137948,42.18804177,174.333623,13.34845044,0,419.9508947,3709.603763,0,44.98328408,0,0.104002271
2020,3,4,1,45295.53483,34.92344937,26.18888414,34.92344937,274.2504655,16.12014336,0,426.7698143,3734.701758,0,47.88121286,0,0.117924712
2020,3,4,5,55805.48837,52.32557833,37.44426811,61.34211272,262.0105617,12.45026404,20.59193471,357.1891299,4313.830533,9.421219395,51.57875742,0.46556265,0.002083
2020,3,5,1,100161.8225,27.31743382,20.89515077,27.31743382,444.5554215,20.4818116,0,440.000152,4251.024484,0,51.10642477,0,0.008291
2020,3,7,1,26397.32716,35.238891,25.14639626,35.42028559,150.8085312,15.8,0,397.5986742,3662.990968,0,46.14905103,0,0.039244
2020,3,7,3,28157.00459,35.23660313,25.56060087,35.78113214,150,15.8,0,403.8825356,3916.623809,0,49.99784603,0,0.002091
2020,3,9,1,24725,34.8169,25.1814,34.8169,131,14.5,0,365.1303,3280,0,47.92,0,0.018564
2020,4,1,1,25211.8839,41.42290563,30.44665619,41.42290563,174.6917541,15.02239622,0,459.5229098,3128.503413,0,47.0907473,0,0.958570511
2020,4,1,4,34447.52164,158.2507,110.7755,385.2339915,147,0,149,149,3561.010877,40,44.736861,0,0.004598
2020,4,1,5,35003.10315,94.55237169,66.49193763,118.0264281,170.5989319,12.76987104,27.17702227,603.660042,3756.045285,8.162146672,45.06159755,0.553974469,0.007677
2020,4,1,7,39594.92468,192.5141555,135.6353478,468.6424549,248.2459223,0,243.2199645,243.2199645,3643.819682,55.21486444,48.3251769,0,0.054627
2020,4,1,16,31760.21824,61.41352819,41.61981535,61.41352819,187.0763151,16.52204388,0,688.0366938,3965.490903,1.409780193,48.42701382,0,0.024294
2020,4,2,1,27150.18766,41.67731267,30.76223327,41.67731267,199.5302803,14.4762838,0,446.8207648,3186.979429,0,47.11398482,0,0.600620195
2020,4,2,5,31345,111.8197355,79.2245075,136.8782879,121,11.3,25,640.09177,3372,8.8,44.58694444,0.529,0.02085
2020,4,2,6,35628.95269,111.113874,76.63563334,159.9311038,212,7,48,342.7371,4054.841459,17,46.89239583,0.731,0.002813
2020,4,2,16,30431.7271,69.26729314,49.35699671,69.26729314,176.2390444,12.41844602,0,612.3221123,3326.074549,1.278040368,46.84283924,0,0.086136886
2020,4,3,1,33732.48585,35.9182313,26.85042298,35.9182313,195.6904465,16.95606696,0,455.5706485,3451.083428,0,46.29856353,0,0.051073841
2020,4,3,5,42128,54.37771684,39.44889568,62.58846713,221,9.5,18,297.87095,3948,10,44.9959375,0.425,0.000083
2020,4,4,1,51812.75697,30.18650193,22.97019587,30.18650193,324.1720914,17.70803327,0,414.7070549,3924.361461,0,50.30958075,0,0.087432615
2020,4,4,5,66035.90909,55.07471819,39.85560945,66.43174482,400,15.9,21,493.23,4579,11.6,53.63923611,0.478,0.000118
2020,4,4,14,58490,96.5403,67.5782,643.602,174,3.729012651,0,251.9999627,4134,0,46.89239583,0,0.00027
2020,4,4,15,52038.34056,167.9201359,118.8967077,408.7725628,440,0,317.1210744,317.1210744,3627,75,48.89611111,0,0.057188
2020,4,4,16,46374.70375,56.97415077,41.37717209,56.97415077,223.8788039,15.9620144,0,669.8028146,3773.723052,1.571961672,49.54473364,0,0.008474114
2020,4,5,1,95189.30752,25.61221698,19.74730186,25.61221698,495.8762681,19.49433421,0,394.4651763,4478.577787,0,51.9139971,0,0.019973838
2020,4,5,16,82714.25926,36.14660954,26.73658184,36.14660954,295,21.7,0,581.1138239,5016.962963,1.1,54.92291667,0,0.000054
2020,4,6,1,36695.81787,28.44689196,21.72540128,28.44689196,279.466117,19.03210529,0,413.8159012,4435.966894,0,56.68665364,0,0.149913
2020,4,6,5,46248.75462,69.60494493,48.30342265,88.58618081,260,16.5,32,519.09155,4987,16,57.59111111,0.609,0.008391
2020,4,7,3,43896.96984,21.25446411,16.51914003,23.93629677,290.7445541,25.1,0,414.7391579,5661.27723,0,61.7025,0,0.005371
2020,4,9,1,39625.04855,28.45351663,21.67180103,28.45351663,286.5814984,19.84505407,0,430.4093076,4543.063177,0,55.74377416,0,0.1535
2020,4,10,1,32611.567,29.18859063,21.70096344,29.18859063,208,18.5,0,401.5040727,5082.171977,0,53.18729267,0,0.018328
2020,5,1,1,29304.70583,35.07372822,26.26540407,35.1397319,227.5372089,17.62766695,0,470.8309962,3534.29658,0,49.92960074,0,0.206275
2020,5,1,3,34504.39644,28.3936737,21.69801778,31.21168977,305,18.5,0,401.4231719,3754.889871,0,48.170625,0,0.014525
2020,5,1,16,27521.79344,72.90684231,54.55793998,72.90684231,148.2523477,12.12694438,0,662.8640509,3120.077327,1.63491452,46.22223145,0,0.016612
2020,5,2,1,27126.22228,43.5102012,31.77824001,43.5102012,191.8610344,14.81392937,0,470.9420212,3169.475762,0,47.82374151,0,0.247793
2020,5,2,16,32178.82125,68.351,47.5685,68.351,212,12.8,0,608.8768,3393.794907,1.3,48.89222222,0,0.018659
2020,5,3,1,37849.09485,34.5314522,25.8938254,34.5314522,233.9214428,16.29244689,0,422.2258916,3666.981178,0,45.42669038,0,0.016523
2020,5,4,1,49402.06026,23.70717058,18.3937697,23.70717058,448.1709623,18.66653045,0,345.0475761,4344.649328,0,53.6673096,0,0.022859486
2020,5,5,1,100919.6075,26.0700231,19.99116684,26.0700231,447.6139825,20.9798682,0,427.8143537,4577.611444,0,55.1428627,0,0.030001514
2020,5,5,5,103898.8596,39.15931533,28.6693346,44.44221341,435.0278884,17.42888446,15.1563745,403.7837441,4951.86255,12.05756972,54.48635054,0.388337649,0.001004
2020,5,5,7,139281.5014,98.39456924,68.87618495,239.5245813,272.7598854,0,202.1335244,200.7908309,5028.383381,93.4,53.174375,0,0.005235
2020,5,5,15,85138.84322,148.8038247,111.2269757,362.2372056,600.6347176,0,379.0862911,379.0862911,4973.186377,100,53.5171875,0,0.013918
2020,5,6,1,36810.23735,28.6034625,20.83959912,28.6034625,277.4674156,21.22190424,0,442.3047842,4268.915164,0.064651078,50.50039402,0,0.179534
2020,5,6,2,39771.42384,32.8665,24.7211,32.8665,260,21.5,0,531.50365,4684.066887,0,51.71777778,0,0.003085798
2020,5,9,1,44626.47185,22.81573735,17.14787279,22.81573735,270,23,0,394.4212415,4706.017858,0,48.19,0,0.106845
2020,5,11,2,47290,32.8665,24.7211,32.8665,260,21.5,0,531.50365,4862,0,51.71777778,0,0.001510202
2020,6,1,1,38543,27.70861902,21.18840842,27.70861902,332,19,0,403.4192238,3404,0,43.15805556,0,0.003063
2020,6,2,1,33287.61922,39.69838443,29.30589777,39.69838443,181,11.9,0,348.7857738,2394.318605,0,37.2753125,0,0.008322
2020,6,3,1,29137,39.78469534,29.41431502,39.78469534,160,11.9,0,350.0420183,2450,0,37.24375,0,0.001564
2020,6,4,1,62636.37879,26.36904185,20.87894655,26.36904185,408.6763442,16.67913446,0,374.9912487,3366.059331,0,44.55285518,0,0.028974792
2020,6,5,1,189944.2465,22.81114742,17.94031087,22.81114742,533.1837259,18.72159727,0,339.9706935,3460.862305,0,46.16840883,0,0.015435208
2020,6,5,16,159495,29.3561,21,29.3561,500,15.6,0,327.6,3878,1.3,46.3234375,0,0.000128
2020,6,7,1,59745.93529,24.86971742,18.80087079,24.86971742,375,24.83530911,0,466.7906128,5550.6938,0,58.64467568,0,0.065027505
2020,6,8,1,59650.27901,21.95321426,17.07811564,22.95063153,357.6794471,27.83170896,0,475.0620139,5599.560378,0,57.78852455,0,0.065256
2020,6,8,3,59817.6952,21.82968158,16.98452173,22.94962234,355,27.94217792,0,474.2983921,5644.289397,0,57.93609267,0,0.045346
2020,6,9,1,59977.65011,20.70836574,15.87570256,20.70836574,353.4158547,24.7323499,0,392.6076533,5535.244958,0,52.98136272,0,0.055113
2020,6,11,1,86210.11223,21.53543686,16.60650632,21.53543686,418.7646684,27.29443311,0,456.3361014,5830.392752,0,58.17166244,0,0.111794495
2020,7,1,1,27070.26678,37.27007485,27.34004275,37.27007485,165.0539778,14.8905473,0,408.0927369,3285.478276,0,45.16227988,0,1.203700121
2020,7,1,5,34001.18374,91.63366833,66.40267068,113.7734487,139,11.4,26,555.10478,3393,8.9,45.6019558,0.54,0.003136
2020,7,1,6,35996.75781,97.03439869,67.20643901,130.4639028,200,11.2,37,492.82992,3884,14.4,46.014375,0.655,0.000315
2020,7,1,15,37495,168.3906071,117.8734239,409.9178437,200.0563128,0,258.9436872,258.9436872,3578.373397,65.88737438,42.13478726,0,0.018717748
2020,7,1,16,29986.53483,61.03685593,43.67992019,61.03685593,174.1777154,13.22637288,0,578.5338912,3372.251634,1.31165807,45.86450997,0,0.026368
2020,7,2,1,27484.38289,40.52689774,29.61753209,40.52689774,180.0266902,13.27256818,0,392.9611842,3282.40686,0,45.13019885,0,0.422873402
2020,7,3,1,34735.08284,36.88095346,27.48789688,36.88095346,201.1408723,14.59575843,0,401.7562973,3362.301962,0,45.72637615,0,0.009290516
2020,7,4,1,41592.02279,32.71187789,24.59938465,32.71187789,235.0070895,15.85320536,0,390.0420331,3893.4244,0,45.62843,0,0.02397196
2020,7,4,5,40190,56.98688645,37.15363133,67.17687328,177,11.3,22,304.5,4222,13.8,44.22958333,0.488,0.001712
2020,7,4,7,42851.16402,160.462,112.3234,390.6170194,201,0,239,239,3854,64,45.91569444,0,0.004806
2020,7,4,15,42259.00015,169.397098,118.5779648,412.3679719,200.2002192,0,258.7997808,258.7997808,3617.659854,65.59956151,42.41108762,0,0.013230252
2020,7,6,1,30604.84774,31.70978555,23.94134268,31.70978555,204.9005034,14.39529241,0,344.4156484,3632.31576,0,44.76940293,0,0.186911
2020,7,7,1,30960.40829,36.66074683,26.62194444,36.66074683,195.9049154,14.7998833,0,395.0878364,3488.936823,0,44.91997868,0,0.165233941
2020,7,7,16,33482.27169,57.0429,39.7753,57.0429,200,14.2,0,564.80926,3630.674492,1.1,46.014375,0,0.017624
2020,7,8,1,31446.89231,35.70637571,26.06532498,35.70637571,178.2269683,15.30755513,0,399.9510517,3530.172894,0,45.54775043,0,0.286388
2020,7,9,1,30728.62742,37.62740774,27.79622184,37.62740774,186.899246,15.73909613,0,439.1235978,3550.766643,0,45.87617646,0,1.07571
2020,7,9,5,36155,68.08966181,47.03943302,78.31738478,148,16.6,17,599.66,3717,8.8,44.50965278,0.417,0.003316
2020,7,9,16,34265.73152,54.29473648,38.87458783,54.29473648,215.6734866,14.42592706,0,563.4395325,3785.096908,1.560961951,46.1436779,0,0.140714
2020,7,10,1,37270.2477,30.70789336,23.34695459,30.70789336,228.1272596,15.37280645,0,359.3423931,3778.680353,0,45.72054484,0,0.046577524
2020,7,11,1,46451.97543,32.11625028,24.22830331,32.11625028,262.3366374,15.90631213,0,384.7810916,3872.654019,0.025653464,46.67017368,0,0.024395536
2020,8,1,1,34927.60165,31.31220401,23.66473507,31.31220401,224.1388245,18.61438352,0,440.8115289,3852.834624,0,49.48386242,0,0.293263235
2020,8,2,1,38428.83402,31.63285213,23.43998527,31.63285213,273.8123246,17.64369739,0,413.3010998,3836.692816,0,49.19082479,0,0.028869
2020,8,3,1,41544.68347,32.75622068,24.56221308,32.75622068,246.9223788,17.23931272,0,425.4287473,3896.867833,0,50.60228735,0,0.059993667
2020,8,4,1,47426.30267,30.53506861,23.06765919,30.53506861,284.9588401,18.54841863,0,427.6956799,4188.733848,0,49.27527512,0,0.064652224
2020,8,4,5,68295,58.63365176,42.49063026,70.01816047,400,14.5,22,461.35,4202,11.6,50.78277778,0.49,0.000133
2020,8,4,14,62142.24409,84.00960248,57.76049706,560.0640165,191,4.271793733,0,246.8824111,4090.700787,0,48.76922982,0,0.000254
2020,8,4,15,51857,159.1267588,119.6765472,387.3666053,211,0,312.9237311,312.9237311,4416,75,51.36805556,0,0.044684
2020,8,4,16,48865.21942,40.8398,29.7574,40.8398,308,17.2,0,511.82728,4905,1.9,48.9525,0,0.00237
2020,8,5,1,202499.4981,22.25404838,17.1362937,22.25404838,500.6549161,21.75727703,0,380.2918497,5220.586201,0,54.42021957,0,0.001251874
2020,8,5,15,85126.59757,133.0593346,97.20936616,323.9099643,468.9786379,0,331.3697124,331.3697124,5287.572899,100,54.609375,0,0.014184
2020,8,6,1,37641.88035,27.22237624,20.81848222,27.22237624,278.9586991,23.53920387,0,490.5480525,4577.977347,0,50.84409714,0,0.292443281
2020,8,7,1,38927.34757,30.93942895,23.22848545,30.93942895,284.1366498,18.13385514,0,421.4757666,4277.077747,0,53.35199252,0,0.226808118
2020,8,7,3,46510,24.2037,18.7074,27.15872813,290,17.9,0,334.86246,4800,0,55.331875,0,0.001817
2020,8,8,1,40195.80508,27.73983276,21.12932332,27.73983276,298.7552977,20.22308958,0,428.1423249,4279.335127,0,54.02547383,0,0.34216835
2020,8,9,1,40747.9185,29.29739323,22.20356019,29.29739323,278.7488416,18.86239243,0,419.2239269,4252.049034,0,51.25519025,0,0.810214357
2020,8,9,16,45190.82283,47.58880333,35.17794787,47.58880333,243,17.7282537,0,623.5897163,4500.299009,1.9,50.91854167,0,0.030035
2020,8,10,1,38918.48931,30.71111637,23.2296676,30.71111637,225.3512682,16.82727674,0,392.7445783,3961.431017,0,49.3029315,0,0.244235453
2020,8,11,1,60736.10228,27.28399822,20.78397364,27.28399822,329.9381337,21.15357207,0,441.1614041,4638.140539,0.010266203,52.81565771,0,0.751957441
2020,8,11,2,79803.3563,31.75992638,23.94851808,31.75992638,254,22.65143488,0,543.0518504,4850.378955,0,53.08495575,0,0.001359
2020,8,11,5,69997.19295,43.95015244,32.11028477,51.52880755,385.7702888,18.20018186,18.99356781,452.74603,4973.025862,13.11183112,51.51313075,0.452810387,0.014614
2020,8,11,7,77031.91696,107.1142996,76.2338135,260.7512586,243.4740356,0,229.2937685,229.2937685,5069.315282,91.47069733,52.9146186,0,0.002696
2020,8,11,15,87916.72494,133.6946888,97.78980235,325.4566242,454.984006,0,332.8335503,332.8335503,5283.110842,100,54.609375,0,0.005377
2020,8,11,16,50463.53962,39.66549418,28.9225308,39.66549418,301.8971797,17.55483532,0,508.1998158,4850.254148,1.795260009,49.6430708,0,0.015211
2023,1,2,1,31119.94471,30.77860297,23.32459752,30.77860297,228,13.2,0,307.9352464,2846.970225,0,42.53166667,0,0.022207
2023,1,3,1,36090.65934,40.53204974,29.87861359,40.53204974,186.8063187,11.6,0,347.2868575,3033.271978,0,39.95231479,0,0.00364
2023,1,5,1,175325,23.78072706,18.25764021,23.78072706,504.7836549,18.84106625,0,344.9894457,3886.224089,0,44.52295639,0,0.012408
2023,1,7,1,24940.89935,32.74134222,24.05174367,32.74134222,250,16.5,0,397.0768572,3731,0,53.06534722,0,0.038632
2023,1,7,16,25268.33333,53.4839,36.7609,53.4839,191,13.8,0,507.30042,3674,1.5,53.06534722,0,0.049598
2023,1,8,1,36556.15442,26.20225673,19.42144641,26.20225673,297.6028265,21.4,0,416.3549739,4522.351735,0,58.25779987,0,0.074188443
2023,1,9,1,38257.21299,26.16592909,20.02491143,26.16592909,266.2564688,21.1,0,422.7452625,4372.564188,0,57.40317613,0,0.298434
2023,1,11,1,51189.26528,24.00595885,17.40607307,24.00595885,310,21.4,0,374.3309282,4934.685086,0,60.36155483,0,0.009722557
2023,2,1,1,32058.42187,31.03424848,23.52518322,31.03424848,305.3668452,17.60949482,0,415.2947371,3493.60642,0,48.02914563,0,0.025951
2023,2,2,1,35900,31.6251,23.8836,31.6251,300,13.2,0,315.26352,3252,0,45.16763889,0,0.0048907
2023,2,3,1,34640.01167,41.516149,30.84120663,41.516149,198.7006129,12.74565145,0,393.3669981,3185.607388,0,42.43384576,0,0.024146
2023,2,3,4,33900,156.769,109.7383,381.6270488,181,0,114,114,3143,32.6,39.96194444,0,0.003809
2023,2,4,1,52278.93551,27.98737934,21.61031998,27.98737934,388.9373439,16.64393681,0,367.2464342,3824.173304,0,47.6671971,0,0.056000627
2023,2,4,7,54826.37838,137.6448998,98.00103785,335.0727305,335.9513514,0,233.276036,233.276036,4653.205405,73.15228829,49.09694444,0,0.002775
2023,2,4,15,57527.2467,145.3156651,103.3765366,353.7458835,369.2656275,0,278.1257376,278.1257376,4729.658926,80.88630507,49.09694444,0,0.018861
2023,2,5,1,92526.52342,26.7981603,20.61065846,26.7981603,456.1440292,17.46971921,0,367.7756177,4267.900143,0,49.38280535,0,0.016971673
2023,2,5,16,100450,39.5315,29.0228,39.5315,354,22.2,0,644.30616,4420,1.1,50.45763889,0,0.000021
2023,2,6,1,47996.09146,25.30419226,19.43938711,25.30419226,338.9602468,24.56257118,0,478.8367515,5033.505926,0,65.88739831,0,0.248048346
2023,2,6,2,52655.45014,31.99293141,24.12596336,31.99293141,260,23.39212574,0,564.582367,5045.765852,0,63.45445095,0,0.006991135
2023,2,7,1,47521.33089,26.89847696,20.54587458,26.89944579,319.6109421,23.80284608,0,488.7980813,4659.479013,0,66.14211334,0,0.171323938
2023,2,7,3,54642.52035,24.68101529,18.92302105,27.78167291,384.2226502,25.16438025,0,476.2409604,4829.838849,0,71.52498398,0,0.155239
2023,2,7,7,58328.33333,97.6485,68.3539,237.7084046,426,0,240,240,6015,98,68.91041667,0,0.018445
2023,2,7,16,58072,33.744,25.1421,33.744,430,30.6,0,769.34826,5740,1.5,68.76208333,0,0.001664
2023,2,8,1,52178.82221,25.5404613,17.96824087,25.55710462,337.6626524,24.05965298,0,434.1527772,4945.819225,0,69.8674384,0,0.304797151
2023,2,8,2,57783.16316,33.23923933,24.17620263,33.25783295,288.173608,24,0,580.557921,4981.188979,0,70.86885983,0,0.037292174
2023,2,8,3,54204.66481,24.67571759,17.09903501,24.69960161,355,24.02730651,0,411.3362906,4975.337092,0,69.86592343,0,0.001128963
2023,2,9,1,42891.45234,25.91273864,19.74635384,25.91273864,326.4744198,22.42519443,0,442.0164705,4871.955691,0,61.02894907,0,0.217993064
2023,2,9,16,58742.73412,27.37353465,20.84829238,27.37353465,437,32.2,0,672.5169062,5980.407613,1.8,73.37102065,0,0.002705286
2023,2,11,1,67022.66448,23.17577963,17.62380876,23.17641048,417.7332628,27.02792488,0,480.8799049,5298.877544,0,72.42598699,0,0.287786501
2023,2,11,2,67085.24925,32.84816309,23.95969341,32.85828978,292.8284487,24.16102297,0,579.0428103,5274.538051,0,71.36381611,0,0.038104692
2023,2,11,3,66417.2395,24.66686542,17.12016566,24.68713993,355,24,0,411.3127089,5006.131677,0,70.74999949,0,6.60E-05
2023,2,11,15,72826.74237,98.57261818,69.91140794,239.9580106,638.2106089,0,316.3532838,316.3532838,6495.835168,129.5722225,67.04777845,0,0.037426
2023,2,11,16,68210.02997,29.39190307,22.1949185,29.39190307,432.0338604,31.06488239,0,691.8813827,6022.145084,1.587165448,69.13606923,0,0.082679714
2023,3,1,1,18864.96297,48.47508377,34.90877372,48.47508377,122.6267791,11.56814222,0,402.4460125,2693.321971,0,42.26247002,0,0.079141358
2023,3,2,1,25034.17035,45.79970643,32.72273815,45.79970643,180.555912,13.52077478,0,445.8949205,3086.410266,0,45.20779005,0,0.178449562
2023,3,2,16,27964.01509,68.82848967,47.05169601,68.82848967,142.921669,11.2481418,0,533.3630069,2980.557541,1.318982274,44.62755073,0,0.048461
2023,3,3,1,29235.04002,41.9005516,30.93772651,41.9005516,186.6098204,13.34052785,0,415.8433531,3137.114238,0,44.94124777,0,0.060225484
2023,3,4,1,48459.33322,33.11158777,25.05157799,33.11158777,296.6989291,16.30408308,0,414.1176671,3807.812237,0,48.57680471,0,0.126134596
2023,3,4,5,50584.24676,52.01464637,36.77341487,61.27135317,288,11.22481001,20.64488154,313.2814279,4230.373357,12,49.73655822,0.474786589,0.011185
2023,3,4,6,54818.4322,72.96478996,52.2445751,99.24129238,455,15.9,40,530.52613,4451.874092,18.8,49.48125,0.681,0.00168
2023,3,4,14,57750,105.4699475,73.21190723,703.1329831,182,5.58,0,408.5224424,4295,1.24,50.42833333,0,0.002334
2023,3,5,1,86845.44485,25.85673013,19.8576576,25.85673013,459.4084578,17.96384741,0,367.0018029,4156.422261,0,50.73158119,0,0.007969
2023,3,5,7,107044.4807,116.8530383,81.7987346,284.4585356,479.7703992,0,229.3948274,229.3948274,4748.379018,88.28378665,53.03251232,0,0.005662
2023,3,7,1,34674.69933,35.30292116,25.14292482,35.30292116,162,15.8,0,397.2878685,3849.801554,0,50.00075829,0,0.024468
2023,3,10,1,39913.12732,28.3237,20.3192,28.3237,208,18.5,0,375.9052,4151.703337,0,59.31279898,0,0.004045
2023,4,1,1,25022.66704,41.8809928,30.87501672,41.8809928,167.8145472,14.11383064,0,436.4754444,3024.347429,0,46.63533572,0,0.793941454
2023,4,1,4,28040,158.2507,110.7755,385.2339915,147,0,149,149,3509,40,44.95604167,0,0.005605
2023,4,1,7,36199.90298,157.3816895,110.0925934,383.1185357,212.1306306,0,212.8052668,212.8052668,3909.260568,61.75197782,44.86844863,0,0.005772
2023,4,1,15,40240,178.1368,132.2131,433.6432667,271,0,272,272,3862,60.9,48.89611111,0,0.206294
2023,4,1,16,27253.90684,69.74674764,51.86086681,69.74674764,139,11,0,571.0859304,3026.131807,1.32,46.50197082,0,0.033147
2023,4,2,1,28538.5564,41.78292673,30.61326824,41.7941721,201.4565704,14.81837372,0,456.3695095,3275.680312,0,47.36464533,0,0.424924682
2023,4,2,4,36530.41237,131.0183,91.7128,318.9414181,143,0,100,100,3655,35.5,44.5875,0,0.0001
2023,4,2,6,35706.66667,118.4251532,82.82923438,164.2577452,220,10.6,41.47279919,563.0972049,3516,13.6,46.51635417,0.687547187,0.005563
2023,4,2,16,33769.03256,64.93700033,45.80011197,64.93700033,207.663265,12.83432284,0,589.3357706,3553.978219,1.295943771,48.34696193,0,0.127976
2023,4,3,1,37621.17459,35.7320607,26.69159489,35.7320607,200.1296058,15.4734844,0,413.1684147,3546.726862,0,45.27882638,0,0.01412519
2023,4,3,5,41500,54.46791985,39.5132203,62.75267194,221,9.5,18,297.87095,3926,9.6,44.9959375,0.427,0.000877
2023,4,4,1,52544.50224,31.11189798,23.63591682,31.11189798,321.2706501,16.86611062,0,405.5637417,3910.722823,0,50.12715222,0,0.107729492
2023,4,4,7,51900,124.5036,94.7335,303.0825063,408,0,247,247,4658,78,47.15614583,0,0.000108
2023,4,4,15,50165.24756,160.6948093,117.4698159,391.311841,396.7361711,0,322.8982931,322.8982931,4126.698593,75.69336684,49.15581228,0,0.080791
2023,4,4,16,49276.70507,55.16534609,39.99565139,55.16534609,241.8282678,13.47901399,0,549.5303157,3815.926713,1.514149543,49.55253273,0,0.012799
2023,4,5,1,89666.7369,22.41094433,17.58061722,22.71071148,580.3864464,18.89470281,0,343.5929031,4426.661995,0,51.9280739,0,0.026585183
2023,4,5,3,73709.52693,18.39461555,14.73689452,19.05055728,748.0015098,18.5,0,272.6325486,4430,0,51.43472222,0,0.003008
2023,4,5,5,214800,32.99777505,29.36928884,40.04207067,536,21,21,421.2894,5523,18.9,57.35256944,0.473,0.000091
2023,4,5,6,70500,67.22900938,48.29974017,91.21473631,455,15.9,38,519.30413,4628,18.8,53.30451389,0.66,0.000074
2023,4,5,7,114455.831,111.6165602,79.60717224,271.7112342,558.5053763,0,233.8907733,233.8907733,5144.141577,92.70430108,53.10651517,0,0.004464
2023,4,5,15,78803.33,134.2105166,93.22045251,326.712318,325.5457059,0,278.5398679,278.5398679,5254.872638,89.76266708,54.75947222,0,0.006509
2023,4,5,16,113485,32.9228,24.8833,32.9228,354,22.2,0,552.40926,5302,1.1,54.965625,0,0.000124
2023,4,6,1,41234.82543,28.54824513,21.80346637,28.54824513,287,19,0,415.105894,4530.913661,0,57.73951987,0,0.096492
2023,4,6,5,53245.63801,69.69565856,48.36910311,88.64650275,260,16.5,32,519.09155,5010,16,57.67555556,0.609,0.026049
2023,4,9,1,42019.19728,29.37034999,22.35001315,29.37034999,282.4344873,19.37827563,0,433.1948949,4533.60719,0,55.86553017,0,0.10601
2023,4,9,16,43484.66108,48.4120555,35.5580833,48.4120555,245,18,0,640.1736511,4651.759469,1.9,56.98645833,0,0.06784
2023,4,10,1,43600,27.0575,19.1912,27.0575,208,18.5,0,355.0372,4409,0,57.18125,0,0.00216
2023,5,1,1,31981.50774,34.48253425,25.92455383,34.50540367,241.6644447,16.93337222,0,445.4344319,3590.582588,0,51.1772114,0,0.202265
2023,5,1,16,33261.71301,63.41117932,48.22776529,63.41117932,192,13.2,0,637.603016,3432.782088,1.62,49.94539756,0,0.017863
2023,5,2,1,30319.32717,43.49514213,31.42690841,43.50067928,191.0874733,14.03554119,0,440.8528534,3203.929525,0,47.33612461,0,0.154959451
2023,5,2,16,32990,69.8171,48,69.8171,204,12.8,0,614.4,3468,1.3,49.04694444,0,0.013033
2023,5,3,1,48432.11589,33.78343348,25.66096937,33.78343348,300,17.4,0,446.7671278,3908.226758,0,48.41229167,0,0.003797
2023,5,4,1,51480.25429,23.56893622,18.34900057,23.56893622,466.9137937,18.46434963,0,340.7037433,4323.267072,0,53.17619423,0,0.021433549
2023,5,4,7,65229.17593,132.3530245,91.62354227,322.1905744,389.8894702,0,239.4211903,239.4211903,4812.143885,77.4,51.11243056,0,0.004587
2023,5,5,1,113626.3901,26.00817673,19.81319335,26.00817673,473.4651821,21.22971724,0,431.4859589,4751.287295,0,56.30748537,0,0.034623
2023,5,5,5,122335.4002,38.57094561,28.76665067,44.65804587,509.9199549,21.1,18.86020293,475.5757451,5012.173619,17.9,52.82135929,0.432392334,0.000887
2023,5,5,6,120500,33.30164732,37.49146468,56.54034668,510,17.2,46,449.49308,5445,21.5,57.23375,0.719,0.000493
2023,5,5,15,94835.31516,105.5792653,108.6708946,257.0224821,616.6919045,0,384.0326229,384.0326229,5089.747984,101.7148793,54.95672291,0,0.036823
2023,5,6,1,35864.76036,28.79653131,21.41106629,28.80767599,279.5830475,20.12822306,0,431.004202,4146.915332,0,48.52432676,0,0.05111552
2023,5,7,1,44739.05059,24.63689128,17.78205341,24.63689128,314.6012241,20.04501941,0,356.9294752,4679.101151,0,51.20585896,0,0.114661952
2023,5,9,1,45800.98855,22.98058121,17.22784507,22.98058121,270,23,0,396.2827236,4614.969837,0,48.19,0,0.061321283
2023,5,11,1,50866.0531,23.78338957,17.86521725,23.78468978,290.6988312,22.44761758,0,404.8453727,4682.611364,0,49.39665072,0,0.122401245
2023,5,11,2,61950,32.8665,23.62319267,32.8665,260,21.5,0,508.5213553,4449,0,51.71777778,0,0.003605
2023,5,11,5,57406.20821,40.0156799,28.1563584,47.95350508,375,17.2,22,367.59444,5133.003405,17,52.95111111,0.487,0.050908
2023,6,2,1,32968.60805,39.32221068,29.05526867,39.32221068,183.2486822,11.95469767,0,347.7360862,2366.525581,0,37.4286844,0,0.009675
2023,6,4,1,65621.66701,25.24024565,19.5715607,25.24024565,456.0429509,17.39645193,0,340.2595062,3508.93178,0,46.00902147,0,0.023917037
2023,6,5,1,120768.6538,22.31240593,17.64146286,22.31240593,526.9018481,18.52971021,0,330.4757607,3574.312179,0,46.93111842,0,0.042163963
2023,6,5,5,475844.9496,26.69647302,20.41231977,28.2389887,729.9324597,19.77510081,8.660282258,353.9248473,3651.503024,7.747127016,47.02738362,0.228467742,0.000992
2023,6,5,16,375950,26.86913773,20.40236005,28.40191677,819,17.2,8,350.9205929,3532,7.45,46.15111111,0.221,0.000139
2023,6,7,1,63444.61736,24.09413093,18.61464941,24.09413093,384.1285479,24.93657174,0,464.1402989,5559.014499,0,58.94475983,0,0.024033222
2023,6,8,1,64694.9694,22.71364744,16.63617568,22.71364744,357.2629279,25.31573203,0,421.0042292,5668.030028,0,59.47685254,0,0.184680146
2023,6,8,2,65324.02423,30.40034995,22.27162326,30.40034995,284.3445473,25.42401761,0,566.5551588,5919.093254,0,59.6329227,0,0.008676005
2023,6,9,1,61317.12931,20.7939393,16.00697063,20.7939393,335.0345506,24.03135002,0,384.5538789,5391.964663,0,50.79568728,0,0.065614
2023,6,9,16,67365,29.5543,22.3571,29.5543,437,22.5,0,503.03475,5805,1.87,58.11944444,0,0.001354
2023,6,11,1,87648.96402,21.41797016,16.20126064,21.41797016,417.7642719,25.46386184,0,414.7902025,5831.103621,0,59.32801033,0,0.238281632
2023,6,11,2,80493.09891,30.24446268,22.08933584,30.24446268,291.7468334,26.15163247,0,577.8050325,5990.205056,0,60.70843674,0,0.014686995
2023,6,11,16,71505,26.5758,20.2909,26.5758,437,24.44,0,495.909596,6129,1.87,58.11944444,0,0.018583
2023,7,1,1,27316.36078,42.13121799,30.34290212,42.13121799,170.9192426,14.11797386,0,429.9518982,3237.726486,0,45.19881946,0,0.571684512
2023,7,1,5,35674.3064,102.9252378,73.43831385,136.4340378,180,9.8,34,507.01954,3336,11.1,46.4519814,0.622,0.004414
2023,7,1,6,40500,94.91900437,65.98716228,127.1357642,210,11.1,37,478.12288,3870,14.4,46.014375,0.655,0.007738
2023,7,1,7,29449.46649,163.8,114.631,398.7428037,200,0,247,247,3692.829184,65,43.509375,0,0.054861
2023,7,1,15,31714.56441,170.9874277,119.6911898,416.2393547,200.386167,0,257.7836784,257.7836784,3666.486045,64.74665771,43.13387693,0,0.049919117
2023,7,1,16,30634.40232,64.82625193,48.43414024,64.82625193,149.1672001,11.71386868,0,567.7929365,3159.819125,1.277796528,46.45432039,0,0.030933
2023,7,2,1,28611.72254,40.24765917,29.5111344,40.24765917,179.792723,13.97199625,0,412.9839623,3327.030361,0,45.91892159,0,0.297978
2023,7,2,16,32400,58.0184,40.3452,58.0184,204,14,0,564.8328,3752,1.1,47.05989583,0,0.031017
2023,7,3,1,28519.07939,40.4402825,29.77651309,40.4402825,159.0056468,13.63513246,0,406.3821413,3274.801837,0,45.04208309,0,0.0511766
2023,7,3,7,38995,152.9702,107.0791,372.3795265,201,0,209,209,4317,62,46.8875,0,0.001523
2023,7,4,1,44780.36067,33.29216211,25.02259086,33.29216211,252.9385496,15.4620878,0,386.8664987,3802.573051,0,46.73298053,0,0.006933888
2023,7,4,5,53385,68.14353139,48.57769175,85.34804903,266,11.1,27,394.34118,4397,14,46.68125,0.556,0.001496
2023,7,4,6,57505,79.88205887,57.21626768,107.5981495,304,14.5,37,551.9965,4475,18.1,46.7725,0.657,0.000346
2023,7,4,7,56276.79331,124.836521,89.06867146,303.892945,371.446109,0,222.1390224,222.1390224,4674.501841,75.56784947,46.74545121,0,0.019558
2023,7,4,15,47734.94299,153.4325814,107.4027884,373.5051141,201,0,271.1400932,271.1400932,4518.806925,79.87271297,46.73791043,0,0.025540883
2023,7,6,1,32922.09659,34.84906513,26.08749998,34.84906513,195.4723272,13.57509113,0,354.3325074,3571.414761,0,43.84199931,0,0.113370245
2023,7,7,1,33540.03104,36.36073412,26.17396414,36.36073412,195.3637318,15.89974778,0,417.1512133,3509.513678,0,46.06183036,0,0.186655848
2023,7,7,16,37219.11368,55.9371,39.0984,55.9371,192,14.3,0,559.10712,3668,1.1,46.014375,0,0.008763
2023,7,8,1,30177.45382,36.24324495,26.75710863,36.24324495,167.2688206,14.67225847,0,392.034142,3430.096623,0,45.45821632,0,0.18942
2023,7,9,1,31627.93964,38.68752145,28.29842242,38.68752145,191.2228654,15.29828399,0,433.9705418,3571.658035,0,45.81858734,0,1.16E+00
2023,7,9,5,36845,68.11137869,47.07468264,78.3461172,148,13.2,17,480.75824,3717,8.8,44.50965278,0.417,0.00198
2023,7,9,6,43062.66566,91.42292077,64.827455,126.7845499,301.5451297,14.50252706,41.9663059,597.9285187,4238.133551,18.0176894,46.58775434,0.692730447,0.011531296
2023,7,9,16,36393.86038,54.73309728,39.0742147,54.73309728,214.1116563,14.16169425,0,553.8487653,3815.978308,0.982242435,46.59305451,0,0.26106
2023,7,10,1,39065.74214,34.79404974,26.03729221,34.79404974,228.9734107,14.75391545,70.50546608,384.9655584,3784.300693,0,45.81734776,0,0.063113603
2023,7,11,1,45630.43098,32.21187248,24.18082706,32.21187248,249.0492831,15.5123801,0,374.8599127,3824.407927,0,46.66168736,0,0.012962304
2023,7,11,6,47606.70892,78.55639747,54.99346504,107.9207274,283.7744555,14.60184992,40.37339823,536.9076644,4428.565506,18.7183215,46.56259219,0.680202068,0.023454704
2023,7,11,7,61951.25053,133.3356562,93.33496908,324.5826214,295,0,238.0391489,238.0391489,4868.476879,82,46.72590278,0,0.00705
2023,7,11,15,52213.6092,140.891,98.6237,342.9748007,295,0,255,255,4860.639246,82,46.72590278,0,0.025638
2023,8,1,1,34101.95387,35.32922405,26.12928424,35.32922405,210.1488843,16.27591995,0,424.0188684,3709.201036,0,48.58635144,0,0.26757
2023,8,1,7,42996.81937,146.0589348,102.2036554,355.5552452,245.8607926,0,236.7969167,236.7969167,4354.137659,69.58503344,50.88208065,0,0.011229141
2023,8,1,16,27490,56.7357,43.1549,56.7357,227,13.7,0,591.22213,3713,1.5,48.18454861,0,0.002283
2023,8,2,1,43800.03071,33.83261367,24.68987519,33.83261367,270.5470356,16.70043479,0,412.4341502,3856.516744,0,48.73896746,0,0.010280186
2023,8,2,7,44350,170.0394,114,413.9315452,201,0,242,242,4332,71.4,47.45125,0,0.002294
2023,8,2,15,44350,170.0394,119.0276,413.9315452,201,0,252,252,4332,71.4,47.45125,0,0.002312
2023,8,3,1,38809.03494,33.42564414,25.03065919,33.42564414,233.0764117,15.76938599,0,394.4074814,3777.071504,0,50.20432634,0,0.022332174
2023,8,4,1,49254.55868,32.31497556,24.28042067,32.31497556,278.3274482,17.509396,0,426.6768858,4101.428668,0,50.71733327,0,0.101474083
2023,8,4,6,70550,72.96478996,52.2445751,99.24129238,455,15.9,40,530.52613,4490,18.8,49.48125,0.681,0.000321
2023,8,4,7,52910.65618,128.1747164,91.12913052,312.0192051,283.6266091,0,231.3426981,231.3426981,4649.454138,71.52622275,49.98629415,0,0.035336859
2023,8,4,14,63382.05882,83.02431855,57.22071636,553.495457,161,6.33,0,362.2994118,4108.588235,1.56,48.61610294,0,0.00034
2023,8,4,15,50369.68312,152.0008639,113.6934623,370.0198451,409.5801156,0,312.0048915,312.0048915,4450.387478,81.6899538,51.14506588,0,0.523113
2023,8,5,1,235563.0382,20.85272368,16.16525722,20.85272368,576.8237874,17.62812997,0,297.4578136,5221.320498,0,55.54337678,0,0.003165557
2023,8,5,15,81915.03681,131.4891926,94.77136348,320.0877247,631.2406865,0,318.1124558,318.1124558,5332.07594,97.186499,54.2122099,0,4.47E-02
2023,8,6,1,44287.02757,27.99926263,21.36455256,27.99926263,293.0514636,23.26701086,0,497.0790422,4599.209121,0,53.84788138,0,0.122988529
2023,8,7,1,42027.22143,30.22729907,22.83155965,30.22729907,289.3890839,18.06092785,0,412.9605279,4302.784043,0,53.95282689,0,0.198423201
2023,8,7,3,38760,26.0205,19.9948,29.28440789,300,17.9,0,357.90692,4345,0,55.331875,0,6.71E-05
2023,8,8,1,41818.81744,29.31112262,22.26094102,29.31169701,280.0979007,20.38971597,0,454.6377193,4311.251785,0,53.15423182,0,0.400550547
2023,8,9,1,40420.88046,30.75504069,23.12640111,30.75504069,247.6051506,17.60882751,0,407.2915517,4149.602135,0,50.9203482,0,1.031895475
2023,8,9,5,43092.1545,73.24768001,53.06176127,95.09753674,261,11.49189038,32.90615213,428.9717884,4285.853502,13.8,48.37220504,0.612723826,0.01788
2023,8,9,7,47616.53226,152.32821,104.515459,370.8167127,214.5745919,0,223.7358607,223.7358607,4423.090513,72.8,48.48096656,0,0.019419
2023,8,9,16,39627.87141,48.241243,35.58995738,48.241243,231.7524625,15.85139331,0,562.9433707,4134.809295,1.555238164,49.40328149,0,0.180506
2023,8,10,1,40348.97153,30.9313357,23.31691116,30.9313357,228.4864993,16.91132475,0,395.6980293,4057.949779,0,50.24050063,0,0.213141469
2023,8,10,15,48490,158.8321,121.9989,386.6493094,425,0,330,330,4363,81,50.89388889,0,0.062807
2023,8,11,1,64327.83792,27.6944448,21.01914213,27.69468279,328.9851458,21.01735931,0,443.2122355,4713.859979,0,53.24328409,0,0.99434078
2023,8,11,3,56220,26.0205,19.9948,29.28440789,400,20.2,0,403.89496,4727,0,55.331875,0,0.001460878
2023,8,11,5,69674.89711,47.75857398,34.47923243,59.56288494,398.6442279,18.0358096,28.31977511,451.1545371,5332.994394,18.79749775,53.13598268,0.562784003,0.0667
2023,8,11,6,66558.29593,60.51525001,43.7121688,80.52444895,453.6577603,18.80639162,37.02265881,549.6430412,4741.802383,20.03248199,51.28712184,0.647158612,0.007635
2023,8,11,7,68245.74675,126.7643106,90.3443867,308.5858158,348.8441048,0,211.9573349,211.9573349,5007.536638,79.7700786,50.48194591,0,0.01145
2023,8,11,15,92477.77575,105.5578973,76.73707492,256.972106,627.34518,0,307.4688139,307.4688139,6162.484182,116.440218,56.37169846,0,0.055965
2023,8,11,16,55455.73768,44.02588559,32.00322032,44.02588559,285.892248,17.2443013,0,563.5591109,4576.55911,1.670032208,51.53094667,0,0.027322
2022,1,2,1,30709.31151,31.12339741,23.56641602,31.12339741,228,13.2,0,311.168593,2920.553829,0,42.59601711,0,0.011608
2022,1,3,1,29537.01843,41.26334171,30.35636185,41.26334171,168.7388044,11.6,0,353.1034284,2921.135633,0,40.07146177,0,0.004667
2022,1,5,1,156390.4995,23.65948401,18.11115021,23.65948401,499.41746,18.4016017,0,335.1287114,3938.820538,0,44.48572384,0,0.016701
2022,1,7,1,24173.33333,33.62859433,25.2726983,33.62859433,250,13.8,0,348.8850394,3672.928018,0,48.86048611,0,0.056514
2022,1,7,16,23738.33333,54.6864,37.3118,54.6864,191,13.8,0,514.90284,3674,1.5,48.86048611,0,0.033198
2022,1,8,1,33499.19921,26.75101075,19.94154719,26.75101075,283.1773585,21,0,420.015716,4285.869012,0,56.84914723,0,0.1431
2022,1,8,2,40866.32431,29.49408505,22.45504954,29.49408505,181.4458388,21,0,471.6406298,4727.159252,0,58.12978497,0,0.001343072
2022,1,9,1,36844.34397,26.28856327,20.11044681,26.28856327,258.2158747,21.1,0,424.6185042,4314.466172,0,56.6102091,0,0.240218
2022,1,11,1,45583.33333,22.4188,17.3442,22.4188,308,21,0,364.2282,4683,0,57.67560185,0,0.009491
2022,1,11,2,48561.85168,25.49199576,19.92316013,25.49199576,181,21,0,419.6883876,4841.464067,0,57.36554794,0,0.001100928
2022,2,1,1,24597.99277,35.72623687,26.66865041,35.72623687,231.1322702,13.89216144,0,364.0786595,3081.045459,0,43.48334362,0,0.042865
2022,2,2,1,43414.63199,29.58543668,22.04525422,29.58543668,300,20,0,440.9082681,3806.608351,0,48.1525,0,0.000144864
2022,2,3,1,33620.539,40.49705978,30.05861815,40.49705978,196.1108509,12.95336292,0,389.9940799,3219.562143,0,43.31427803,0,0.024339
2022,2,3,4,30840,156.769,109.7383,381.6270488,181,0,114,114,3153,32.6,40.30291667,0,0.00298
2022,2,4,1,47311.98911,27.70322124,21.27205601,27.70322124,389.9753531,16.59805109,0,361.6131606,3763.416055,0,47.81555554,0,0.064701174
2022,2,4,7,66895,106.9,79.6627,260.2295831,536,0,227,227,5050,89,49.09694444,0,0.000112
2022,2,4,15,58425.6874,142.8042261,101.3160055,347.6322193,373.8731588,0,285.5409165,285.5409165,4739.458538,89,49.09694444,0,0.003666
2022,2,5,1,98330.21368,23.0126248,17.93887143,23.0126248,549.2976395,17.42582851,0,323.3843495,4131.23224,0,48.99535174,0,0.018002962
2022,2,5,16,100125,39.7472,29.1237,39.7472,354,22.2,0,646.54614,4420,1.1,50.45763889,0,0.000022
2022,2,6,1,47447.01376,24.3655732,18.78888985,24.3655732,350.2735392,24.81964103,0,467.6293197,5109.649123,0,66.57767199,0,0.355739241
2022,2,6,2,53668.12875,32.68975719,24.628824,32.68975719,260,24.95546295,0,615.8705082,5288.136656,0,66.69232626,0,0.02237421
2022,2,7,1,49903.98402,26.18532741,20.05536393,26.18532741,348.8068634,24.02292075,0,480.7940877,4771.413639,0,67.1327177,0,0.243874
2022,2,7,3,50182.92082,24.93694653,19.08310631,28.06448252,372.6203171,24.97149566,0,476.8165553,4763.721461,0,69.92105348,0,0.129595
2022,2,7,15,55169,100.4863,70.3404,244.6165385,426,0,320,320,6500,98,68.86305556,0,0.005944
2022,2,7,16,57059.09091,33.744,25.1421,33.744,400,26,0,653.6946,5245.454545,1.5,71.29863636,0,0.001764
2022,2,8,1,50499.37902,23.49270152,17.19637487,23.5000861,342.100529,24.15859888,0,418.2011564,4945.254504,0,69.91775657,0,0.384053956
2022,2,8,2,55130.14308,32.39116626,23.53005682,32.39116626,277,24,0,565.2591264,4908.193471,0,70.4048672,0,0.039300862
2022,2,8,3,52287.66895,22.54728376,16.4518833,22.56086304,355,24.21091573,0,399.1294679,4979.284345,0,69.72954342,0,0.000987353
2022,2,9,1,40728.73081,25.90886853,19.7583409,25.90886853,329.0074438,22.71393606,0,448.3044966,4872.328758,0,61.23987668,0,0.203448686
2022,2,9,16,49169.48532,26.47624813,20.23041679,26.47624813,417.1944678,32.2,0,651.6817521,6130.135495,1.9,70.04203251,0,0.003811086
2022,2,11,1,67988.42884,20.58591845,15.70579832,20.58679261,443.3643468,27.22756089,0,432.3977049,5522.335625,0,71.3337491,0,0.141088118
2022,2,11,2,65723.90805,32.10416212,23.52644476,32.10416212,272.8050191,24.49352716,0,577.0306121,5328.290709,0,70.94548203,0,0.022846928
2022,2,11,3,64041.15116,22.22843121,16.19796692,22.23968851,355,24,0,388.8650625,5107.015114,0,70.37282334,0,5.56E-05
2022,2,11,7,72015.70023,97.6485,68.3539,237.7084046,580,0,230,230,6700,131,68.86305556,0,0.006591
2022,2,11,15,73436.99583,96.97673762,69.69613258,236.0731151,597.8619228,0,312.503346,312.503346,7100.107071,116.5246363,64.04442975,0,0.017932
2022,2,11,16,61811.72766,30.07196133,22.66391729,30.07196133,391.1336618,27.05714032,0,612.6690626,5560.747517,1.568202601,71.0837229,0,0.039739914
2022,3,1,1,19081.88125,48.79893046,35.16762154,48.79893046,120.7322401,11.42688733,0,402.41686,2633.794174,0,41.80306636,0,0.094702607
2022,3,2,1,23830.03443,44.33717213,32.26117264,44.33717213,156.6710816,13.33341963,0,431.8903521,3048.88347,0,44.87817623,0,0.301155931
2022,3,2,16,26896.56311,72.74678293,49.40567855,72.74678293,145.7996627,11.20161548,0,559.8050905,2973.712675,1.300694568,44.72821712,0,0.045064
2022,3,3,1,30428.00055,41.712257,30.75094839,41.712257,190.5918039,13.49834608,0,418.2659748,3204.123596,0,45.46317873,0,0.037729899
2022,3,4,1,47671.62362,33.63714393,25.41028083,33.63714393,290.4989964,16.20820162,0,417.670321,3730.384467,0,48.19868833,0,0.099519563
2022,3,4,5,49651.6705,52.90678478,38.18611467,62.33006075,310.5029293,11.79476631,21.50631428,342.9600918,4180.85731,12.91628694,49.83754454,0.480678948,0.007681
2022,3,4,6,57152.36559,72.96478996,52.2445751,99.24129238,455,15.9,40,530.52613,4447,18.8,49.55979167,0.681,0.00082
2022,3,4,14,58705,104.960162,73.47205968,699.734413,182,5.58,0,409.974093,4295,1.24,50.42833333,0,0.002689
2022,3,5,1,85275.29838,26.65190596,20.41717808,26.65190596,436.91648,18.69307074,0,390.5201584,4235.768146,0,51.29598174,0,0.007591
2022,3,5,7,101722.1258,111.8119739,77.30677783,272.1869352,479.0200267,0,217.1091826,217.1091826,4711.98294,81.64079513,53.0796548,0,0.006741
2022,3,6,1,28460,31.4586,23.7776,31.4586,178,16.1,0,382.81936,3498,0,51.3825,0,0.024254
2022,3,7,1,30628.96863,34.85606776,24.94014796,35.00269096,162.4883154,15.8,0,394.4989512,3628.547234,0,46.51154392,0,0.034447
2022,3,7,3,31196.97693,35.13080985,25.39163742,35.44700724,162,15.8,0,401.2222102,3753.974604,0,49.4102603,0,0.001433
2022,3,10,1,37301.85395,28.39562705,21.38324126,28.39562705,208,18.5,0,395.6620123,4128.211612,0,53.25175219,0,0.017603
2022,4,1,1,25455.48877,42.09603758,30.92501711,42.09603758,172.0648297,14.27796625,0,443.4228077,3081.566573,0,46.89593482,0,0.589784532
2022,4,1,4,29150,158.2507,110.7755,385.2339915,147,0,149,149,3546.446429,40,44.79258433,0,0.005777
2022,4,1,5,30491.92849,108.1610427,76.99813383,137.753542,139,11.4,29,621.90374,3382.140845,8.9,45.39895833,0.575,0.001767
2022,4,1,7,35865.09866,150.6649947,105.465519,366.7679023,214,0,218.6509252,218.6509252,3899.182527,62,44.75876726,0,0.006755
2022,4,1,16,27281.27953,69.8896701,51.96726124,69.8896701,139,11,0,572.2689199,3000.644864,1.3,46.50885531,0,0.008042
2022,4,2,1,27693.91156,41.89286761,30.70145425,41.89286761,197.3144692,14.36301955,0,443.968275,3214.99997,0,46.98249882,0,0.431799014
2022,4,2,4,37076.64634,131.0183,91.7128,318.9414181,143,0,100,100,3854,36,44.5875,0,0.000505
2022,4,2,5,31765,111.9177885,79.29277613,137.0833752,121,11.4,25,645.53506,3371.666667,8.8,44.58694444,0.53,0.017518
2022,4,2,16,29851.12491,70.27786059,49.72184383,70.27786059,165.2226381,12.02031321,0,597.7368451,3286.925365,1.179706155,46.33036188,0,0.093483882
2022,4,3,1,33660.41572,36.5659177,27.44095306,36.5659177,199.1598883,15.95636504,0,438.6189924,3437.611189,0,45.2618295,0,0.035883691
2022,4,3,5,42395,54.46791985,39.5129568,62.75267194,221,9.5,18,297.87095,3948,10,44.9959375,0.427,0.000476
2022,4,4,1,50416.28113,31.12685499,23.69828704,31.12685499,322.082484,16.96448066,0,409.405361,3968.197177,0,50.02675154,0,0.101024367
2022,4,4,5,61050,55.56897677,40.23143771,66.43030854,455,15.9,21,492.8484,4741,18.8,53.63923611,0.474,0.000028
2022,4,4,6,61050,65.72915558,47.31284424,88.47554467,455,15.9,38,501.48341,4741,18.8,53.63923611,0.66,0.000031
2022,4,4,7,51200,123.8,89.1424,301.3697137,408,0,249,249,4714,78,47.15614583,0,0.006993
2022,4,4,15,52970.74317,174.9860062,128.5436867,425.9732034,361.1357886,0,326.7851511,326.7851511,4066.625663,67.37593259,48.89108166,0,0.179205
2022,4,4,16,46385.44301,60.16195741,43.95966886,60.16195741,215,13.2,0,580.2946596,4138.268609,1.6,49.56679234,0,0.015396118
2022,4,5,1,91754.01106,24.79808765,19.25688803,24.79808765,517.5177326,19.09519477,0,375.9183718,4448.20077,0,52.24483381,0,0.024115396
2022,4,5,5,184457.75,35.71455582,26.89078399,42.1798106,527.3,23.295,21.25,470.899299,5118.8,18.85,57.07294097,0.48025,0.0002
2022,4,5,7,111967.5183,112.8171775,79.98954622,274.6339296,540.7997468,0,231.0951678,231.0951678,5071.632623,93,53.05093018,0,0.004739
2022,4,5,16,94795,32.9228,24.8833,32.9228,354,22.2,0,552.40926,5104,1.1,54.92291667,0,0.000098
2022,4,6,1,43614.98408,28.69127088,21.90347407,28.69127088,287,19,0,416.8425362,4526.722684,0,57.77293562,0,0.09249
2022,4,6,5,49802.87281,69.69565856,48.36910311,88.64650275,260,16.5,32,519.09155,5010,16,57.59111111,0.609,0.01811
2022,4,7,3,46519.54658,21.17474385,16.45948268,23.84649171,275,25,0,411.5559473,5740.707696,0,61.7025,0,0.001111
2022,4,9,1,41104.67415,29.33567754,22.32366267,29.33567754,283.0819718,19.34590141,0,431.9688141,4533.788816,0,56.0522376,0,0.101169
2022,4,9,16,41759.30057,48.54555487,35.65151728,48.54555487,245,18,0,641.8483261,4720.502595,1.9,56.98645833,0,0.078846
2022,4,10,1,39945,27.1826,19.4213,27.1826,208,18.5,0,359.29405,4409,0,52.89375,0,0.000336
2022,5,1,1,31032.06394,35.34983802,26.50588351,35.34983802,231.442936,16.73527596,0,449.9913478,3603.329658,0,50.81513169,0,0.201457
2022,5,1,7,40925,159.0468,110,387.1719594,168,0,220,220,4123,58,53.145,0,0.000153
2022,5,1,15,47624.16565,152.7084086,106.1740771,371.7422406,268.468552,0,281.4945058,281.4945058,4369.592406,77.4,53.145,0,0.014560235
2022,5,1,16,29672.77939,69.66726682,52.40044514,69.66726682,164.3627134,12.52210429,0,658.5708802,3224.957415,1.6,47.60450399,0,0.013002
2022,5,2,1,29683.03313,42.40904863,30.99455909,42.40904863,194.928976,14.70073912,0,456.5810333,3240.907496,0,47.91638372,0,0.224187
2022,5,2,16,32755.76802,62.39126447,43.46731953,62.39126447,212,12.8,0,556.38169,3390.09904,1.3,48.89222222,0,0.047997
2022,5,3,1,39210.96243,34.94223639,26.25766225,34.94223639,244.9352741,16.40577578,0,431.2434604,3687.289718,0,45.74368658,0,0.006458
2022,5,4,1,48108.02414,24.8573979,19.23812828,24.8573979,441.6533416,18.24131025,0,356.6390947,4277.320422,0,53.20838823,0,0.012883
2022,5,4,15,55725,140.2624,98.1837,341.4445826,320,0,256,256,4662,77.4,52.81694444,0,0.004148765
2022,5,5,1,112614.0505,25.79450907,19.77645823,25.79450907,469.7663441,21.50298067,0,435.3774403,4587.122536,0,55.89919424,0,0.036267
2022,5,5,5,112040.5765,39.01202666,28.75280926,44.94889894,480.488189,18.64330709,18.34383202,422.1365139,4975.535982,16.28950131,53.70685903,0.423451444,0.000762
2022,5,5,15,110173.2737,148.6872458,111.3380464,361.9534144,678.3290298,0,392.5288477,392.5288477,4900.33294,95.01553008,54.53465157,0,0.037334
2022,5,6,1,37473.0334,28.56505736,21.20617272,28.56505736,279.2300423,20.72461566,0,439.7716787,4229.316492,0,50.10943317,0,0.090479
2022,5,6,2,39666.69428,32.8665,24.7211,32.8665,260,21.5,0,531.50365,4675.625,0,51.71777778,0,0.004206
2022,5,9,1,44066.83266,22.91166104,17.19014118,22.91166104,270,23,0,395.413498,4634.968704,0,48.25460154,0,0.076744157
2022,5,11,1,52050.75692,22.21141667,16.78313305,22.21141667,289.8972213,22.8739213,0,385.3179498,4722.321829,0,48.91066603,0,0.062431998
2022,5,11,2,49310,32.8665,23,32.8665,260,21.5,0,494.5,4862,0,52.95111111,0,0.002092
2022,5,11,5,56845.39222,40.0156799,28.1563584,47.95350508,375,17.2,22,367.59444,5137.107527,17.3,52.95111111,0.487,0.030465
2022,6,2,1,34160.11783,39.50682166,29.17841859,39.50682166,187.6504604,12.06176796,0,351.8063131,2419.776371,0,37.72890872,0,0.008145
2022,6,4,1,61192.44225,27.42425861,21.10149018,27.42425861,424.9147919,16.37382342,0,346.1075913,3368.376272,0,45.03161606,0,0.018132784
2022,6,5,1,139623.8018,22.73976091,17.76619443,22.74613874,523.3774038,18.35550149,0.048978528,328.5744692,3360.316243,0,46.0316577,0.001359154,0.025317216
2022,6,5,5,538665.1538,26.62637391,20.41952766,28.17539842,986,15,8.612040134,269.7081856,3700,7.9,47.47822917,0.232344482,0.000598
2022,6,5,16,171495,29.3561,21,29.3561,600,15.6,0,327.6,3878,1.3,46.71875,0,0.000305
2022,6,7,1,62007.00787,23.85273282,18.43849596,23.85273282,394.028269,24.72466495,0,456.4580589,5508.383148,0,58.74854771,0,0.039914896
2022,6,8,1,60154.22967,22.51741335,16.44295023,22.51741335,360.7646547,25.38942064,0,417.2032706,5649.514007,0,59.60541685,0,0.132094022
2022,6,8,2,61819.33047,30.39193549,22.24748929,30.39193549,277,25.69509636,0,571.846318,5930.241094,0,60.08456354,0,0.007119244
2022,6,9,1,58625.42571,20.6721864,15.93878316,20.6721864,335.819203,24.10500505,0,384.1123188,5356.197948,0,51.01786222,0,0.048994443
2022,6,11,1,86986.85534,21.53136799,16.42686663,21.53136799,419.9131052,25.79984219,0,425.7040314,5779.429648,0,59.14113248,0,0.114263483
2022,6,11,2,78674.27278,30.23887837,22.08171399,30.23887837,277,25.90797813,0,572.2904948,5998.509339,0,60.3091592,0,0.004421756
2022,7,1,1,27594.54152,39.30580446,28.6097152,39.30580446,166.9594618,14.43209384,0,414.0975363,3243.20316,0,45.15182461,0,0.616866
2022,7,1,5,36661.52337,73.98619943,51.56247108,90.22896783,172.6524438,11.35896043,25.17920869,457.0402497,3741.067494,10.91093871,45.09314897,0.530971296,0.006445
2022,7,1,6,38633.55319,97.44678117,67.78747626,130.342914,221,11.1,37,486.38128,3870,14.4,46.014375,0.657,0.009809
2022,7,1,7,36144.27032,162.7838969,113.9286792,396.2692763,200.3000628,0,244.5994974,244.5994974,3746.369072,64.69993717,44.0266904,0,0.028095379
2022,7,1,15,33916.60768,172.1145057,119.9290379,418.9830315,200.2116578,0,258.7883422,258.7883422,3415.681401,64.78834219,42.43304965,0,0.010670493
2022,7,1,16,29660.26144,64.84877244,44.906331,64.84877244,148.4058937,12.73205983,0,572.6083095,3373.187168,1.419117429,45.81982019,0,0.020259
2022,7,2,1,27882.67089,41.09164582,29.90062178,41.09164582,171.0333909,13.63792129,0,408.1866099,3220.065425,0,44.76172099,0,0.342309
2022,7,3,1,29248.99891,39.56314539,29.20068457,39.56314539,158.649994,13.83878237,0,404.5265992,3307.367359,0,45.05035353,0,0.08303
2022,7,4,1,42625,33.06697371,24.83930155,33.06697371,275,14.5,0,360.1698724,4035,0,46.7725,0,0.005784
2022,7,4,5,51810,69.19644361,49.27322839,87.46072059,266,11.2,28,400.83904,3884,14.4,46.68125,0.568,0.002681
2022,7,4,6,56725,79.88205887,57.21626768,107.5981495,304,14.5,37,551.9965,4475,18.1,46.7725,0.657,0.000993
2022,7,4,7,54214.35603,130.1835451,92.65572144,316.9093516,341.8083106,0,228.5703451,228.5703451,4527.737155,73.80754402,46.53452191,0,0.008657621
2022,7,4,15,45334.86609,153.0111116,105.141682,372.4791188,201,0,263.4645277,263.4645277,4546.806274,79.30444131,46.44710062,0,0.008183507
2022,7,6,1,32859.28557,32.55604894,24.54278811,32.55604894,193.8916529,13.79822736,0,338.3573222,3479.016702,0,43.99406076,0,0.156377
2022,7,7,1,32651.42167,34.91963392,25.16519285,34.91963392,203.3159589,15.83787387,0,403.0246566,3578.533095,0,45.68871356,0,0.24527759
2022,7,7,16,32968.15878,57.0429,39.7753,57.0429,165,14.2,0,564.80926,3668,1.1,46.014375,0,0.01218
2022,7,8,1,29697.6227,36.59770016,26.83438741,36.59770016,164.5163099,14.87323116,0,399.2532988,3445.649562,0,45.20995329,0,0.239013
2022,7,9,1,31692.10288,37.68976152,27.70470684,37.68976152,190.4346076,15.49652222,0,430.9838404,3572.636036,0,45.79120726,0,1.003456
2022,7,9,5,36345,68.11137869,47.07468264,78.3461172,148,13.2,17,480.75824,3717,8.8,44.50965278,0.417,0.000913
2022,7,9,6,40300,91.94618148,64.71959027,127.6258909,302,14.5,42,593,4235,18.2,46.29447917,0.693,0.00639657
2022,7,9,16,35421.96782,55.0140979,39.41449482,55.0140979,218.3000686,14.3752488,0,567.0527974,3780.927416,1.381805023,46.02232222,0,0.234623
2022,7,10,1,39777.8138,31.89371413,24.0833475,31.89371413,227.4256292,15.38964715,0,370.6416841,3875.535264,0,45.80999445,0,0.044195414
2022,7,11,1,44297.13056,31.75710832,23.95978244,31.75710832,260.206582,11.72860784,0,280.2388379,3886.486396,0,46.62842948,0,0.008300676
2022,7,11,6,46052.40041,89.44316462,63.18422096,123.3707921,302.3705955,14.5,41.07351129,585.4021441,4332.427105,18.18147023,46.38305535,0.686329281,0.01212643
2022,7,11,7,51343.55601,135.5625476,94.8938033,330.0036039,284.7611593,0,243.673878,243.673878,4901.8916,82,46.72590278,0,0.00869
2022,7,11,15,44910,144.3029,101.012,351.2804819,295,0,251,251,4824,82,46.811875,0,0.001598
2022,8,1,1,33130.08508,35.96611045,26.4418589,35.96611045,209.1616263,16.25970247,0,428.9055238,3638.732064,0,48.70001539,0,0.179748
2022,8,1,7,43995,147.4632,103.2242,358.9736863,266,0,247,247,4394,76,51.553125,0,0.003993862
2022,8,2,1,40090.45995,30.94893102,22.81725086,30.94893102,276.6637033,18.50278965,0,421.7927022,3960.230636,0,50.40194255,0,0.012267271
2022,8,3,1,39097.08797,33.19998542,24.87359326,33.19998542,235.945005,16.48224001,0,410.5180306,3833.914665,0,50.6302339,0,0.022264687
2022,8,4,1,47322.49749,30.92485999,23.25956185,30.92485999,281.3096717,18.0969446,0,421.3488981,4148.663156,0,49.88070119,0,0.159425294
2022,8,4,5,68395,58.6228667,42.46174874,69.99577662,455,15.9,22,503.30413,4528,18.8,49.79541667,0.49,0.000056
2022,8,4,6,68395,72.96478996,52.2445751,99.24129238,455,15.9,40,530.52613,4528,18.8,49.79541667,0.681,0.000049
2022,8,4,7,50600.68566,138.6131263,97.69676033,337.4297107,258.3518032,0,232.5309016,232.5309016,4563.277365,73.96707807,51.11107885,0,0.009514138
2022,8,4,14,63024.23077,84.85890424,58.22370116,565.7260283,161,6.33,0,368.9253846,4075.615385,40,48.64603365,0,0.00039
2022,8,4,15,61439.26254,150.1804801,112.9884677,365.5884353,403.432944,0,312.4099419,312.4099419,4564.21044,77.04153316,51.54417581,0,0.216155
2022,8,4,16,52200,40.8367,29.7554,40.8367,308,17.2,0,511.79288,4740,1.9,48.9525,0,0.003481
2022,8,5,1,202209.0121,21.81373106,16.83460524,21.81373106,525.7015481,19.59093806,0,340.9104164,5311.700779,0,54.82980504,0,0.002220748
2022,8,5,15,117190,133.3105995,98.41282296,324.5216253,845,0,336.2122912,336.2122912,5287.5,100,54.46,0,0.022992
2022,8,6,1,42941.01251,27.64582422,21.11498385,27.64582422,291.1644854,22.68023968,0,479.1759534,4467.269245,0,52.56539046,0,0.1562461
2022,8,7,1,40897.29538,28.42253276,21.2310082,28.42253276,298.6139468,18.91794259,0,403.908339,4401.158266,0,53.24826632,0,0.34857725
2022,8,7,3,36540,24.4714,18.8946,27.45920399,300,17.9,0,338.21334,4345,0,55.331875,0,0.00051801
2022,8,8,1,40868.115,29.32877238,22.23944689,29.32877238,281.142639,20.20277695,0,450.9135579,4285.911242,0,53.08374935,0,0.193514117
2022,8,9,1,40628.08385,30.20802832,22.78547103,30.20802832,267.6576957,18.21683686,0,415.0066432,4168.798338,0,51.17168469,0,1.049550363
2022,8,9,5,43201.2377,71.20056609,51.40652715,92.15809374,261,11.98490338,31.88331105,436.5769321,4373.591984,13.84894017,49.06497038,0.604641817,0.0106951
2022,8,9,16,41170.60367,47.04952414,34.64806859,47.04952414,244.2701301,16.04552721,0,556.5005242,4196.011701,1.667084967,49.48664362,0,0.120070824
2022,8,10,1,40656.0993,30.90723927,23.27481086,30.90723927,227.7711561,17.05083156,0,398.0539788,4068.627835,0,50.17600699,0,0.305227598
2022,8,11,1,64622.24245,26.95863532,20.49383666,26.95864826,335.4824753,21.27945901,7.61E-05,438.2635002,4848.38035,0,53.54189302,1.77E-06,0.749020892
2022,8,11,3,48790,24.4714,18.8946,27.45920399,365,17.9,0,338.21334,4701,0,55.331875,0,0.00163499
2022,8,11,5,63909.02558,47.09855612,34.10771721,57.83193829,393.7283307,17.97054348,25.58433642,451.7350033,5278.679135,17.94698608,52.80316388,0.532327158,0.0499529
2022,8,11,6,63377.91081,60.64934068,43.91325132,79.36856188,455,18.8,36,541.6684272,4940.23381,14.54561193,52.50775364,0.641181774,0.008318
2022,8,11,7,75087.1261,103.3741704,76.34196969,251.6465601,366.7349013,0,218.8894582,218.8894582,5745.886182,94.77404452,52.11053149,0,0.011905
2022,8,11,15,74815.88256,142.3450912,107.0861577,346.5145345,441.9127162,0,324.9742665,324.9742665,4872.874215,85.61990823,52.4354618,0,0.035207
2022,8,11,16,54065.16721,36.74200107,26.79609085,36.74200107,312.5734903,17.56587922,0,473.560522,4934.028567,1.71706039,51.87010094,0,0.006262176
2021,1,3,1,31949.76726,39.27884193,29.04401363,39.27884193,179.5865012,11.6,0,337.5063599,3015.34678,0,39.99056601,0,0.002578
2021,1,5,1,133625.6848,24.84989748,18.95603621,24.84989748,478.6456731,18.52842949,0,351.4137921,3849.446356,0,44.29132662,0,0.01248
2021,1,5,6,156500,60.34737785,45.36130874,87.66046658,626,15.9,52,457.85704,5200,34,48.70486111,0.756,0.000168
2021,1,8,1,34032.57476,25.98858845,19.57163365,25.98858845,286.5613157,21,0,413.0411038,4240.975892,0,55.94083081,0,0.121452042
2021,1,8,2,42225.56977,29.43175449,22.41097256,29.43175449,181.7176564,21,0,470.6785209,4757.802446,0,59.78592124,0,0.001997323
2021,1,9,1,36113.60483,26.27142873,20.09873117,26.27142873,260.8981937,21.1,0,424.3873666,4338.85045,0,56.35351188,0,0.287713
2021,1,11,1,46406.32046,23.43589039,18.12193354,23.43589039,308,21,0,381.2716498,4446.219842,0,58.46568396,0,0.007134958
2021,1,11,2,47799.1237,25.62270917,20.0075944,25.62270917,181,21,0,421.619436,4664.287714,0,56.19050585,0,0.001814677
2021,2,1,1,23673.04035,36.95381929,27.48139308,36.95381929,208.7321786,13.00888211,0,349.5255575,2908.336617,0,41.89612265,0,0.065525
2021,2,2,1,42675,29.9128,22,29.9128,300,20,0,440,3743,0,48.1525,0,0.0001235
2021,2,3,1,31092.33678,39.25257574,29.05153727,39.25257574,180.2154731,12.64055795,0,367.1489753,3103.162094,0,43.35236717,0,0.017385
2021,2,3,4,30840,153.9345,107.7542,374.7269482,181,0,110,110,3153,32.6,40.30291667,0,0.001314
2021,2,4,1,47148.49656,27.57851186,21.33334061,27.57851186,383.5494104,16.42229011,0,359.2329033,3753.091123,0,47.74059597,0,0.075593693
2021,2,4,6,52163.79679,121.4620784,84.57600617,225.4533814,175.6122995,2.4,126,199.35768,3295.323529,42.2,43.6203268,0.92,0.000374
2021,2,4,7,46997.67635,161.606,113.1242,393.4018897,171.9170124,0,153,153,2983.850622,42.2,43.59219744,0,0.000964
2021,2,5,1,91757.31345,23.07151611,17.98494074,23.07151611,554.8784375,17.07422002,0,322.410036,4029.997125,0,48.45310802,0,0.012612807
2021,2,5,16,98635,39.7316,29.1164,39.7316,354,22.2,0,646.38408,4435,1.1,50.45763889,0,0.000024
2021,2,6,1,43809.68898,23.89345316,18.45014225,23.89345316,354.2056275,24.16928727,0,446.583959,5117.32642,0,66.20154195,0,0.404665919
2021,2,6,2,47915.00855,32.30414283,24.3489918,32.30414283,260.0331419,23.84707452,0,581.6008192,5093.868968,0,64.6117123,0,0.014935762
2021,2,7,1,41036.15994,28.0682376,21.32902019,28.0682376,305.3446823,22.18733493,0,472.1690617,4571.03609,0,62.9692108,0,0.215506844
2021,2,7,3,48386.65622,25.05161702,19.10159802,28.17168694,373.6266503,25.02576347,0,478.4343222,4763.643883,0,70.03875171,0,0.135053
2021,2,7,16,53152.5,33.9783,25.3286,33.9783,430,30.6,0,775.05516,5244,1.5,71.55229167,0,0.002362
2021,2,8,1,46915.05155,23.3089918,17.71332291,23.32222222,347.8265168,24.16633795,0,430.0934623,4983.172245,0,70.44781758,0,0.482145418
2021,2,8,2,49883.66876,33.01281757,23.94784063,33.01281757,277.093275,24,0,575.4083449,4969.982585,0,70.68713204,0,0.055504362
2021,2,8,3,47039.27615,22.52824226,17.47338238,22.56175249,355,24.17193402,0,422.5022024,5048.525469,0,70.96289815,0,0.002191698
2021,2,9,1,45038.76248,20.92120924,15.91386922,20.92120924,361.7208026,21.71019127,0,353.8211646,5292.736745,0,65.04446355,0,0.199504
2021,2,11,1,59305.69806,23.36355213,17.8324788,23.36449129,420.7285723,26.18936201,0,471.9932278,5167.556799,0,71.34250658,0,0.210220818
2021,2,11,2,58947.53301,32.66803751,23.85942682,32.66803751,273.1221989,24.4562119,0,583.8915744,5193.611323,0,71.10661211,0,0.037851876
2021,2,11,3,58702.97372,22.38484423,17.36896365,22.41685965,355,24,0,416.8810882,5076.109447,0,70.09655896,0,6.73E-05
2021,2,11,16,56723.5,32.2225,24.111,32.2225,430,30.6,0,737.7966,5528.5,1.5,71.55229167,0,0.043873
2021,3,1,1,18423.12272,48.83951809,35.12978172,48.83951809,120.3611615,11.1492297,0,391.4208138,2612.707117,0,42.12580083,0,0.144436246
2021,3,2,1,24874.54357,41.42055296,30.28203383,41.42055296,170.1807793,13.6038749,0,416.5451501,3137.438587,0,44.9067714,0,0.404199
2021,3,2,16,27921.15112,69.41408988,47.45402721,69.41408988,139.347245,11.12573701,0,538.3443765,3200.932068,1.312058082,44.6005157,0,0.043249
2021,3,3,1,27968.45008,41.31331789,30.89251936,41.31331789,173.220421,13.57000819,0,422.6594473,3685.78597,0,44.8264932,0,0.106731198
2021,3,4,1,45115.48568,35.04775535,26.26715986,35.04775535,273.0346694,16.24260721,0,430.1273767,3672.846816,0,47.79607468,0,0.110607555
2021,3,4,5,51056.76147,53.12871684,38.35543286,62.63784698,303.5345388,11.80162448,21.59211686,344.3393685,4148.666163,11.06243546,49.82419212,0.481885657,0.007941
2021,3,4,14,58705,103.1520865,71.93038662,687.6805765,182,3.790500854,0,272.6521919,4295,1.24,50.42833333,0,0.002609
2021,3,4,16,53905,28.9441992,21.06140511,28.9441992,355,15.9,0,334.8763412,4221,1.3,50.45763889,0,0.001915
2021,3,5,1,94927.91492,26.99280427,20.65623238,26.99280427,440.8887029,19.46854951,0,412.6800211,4255.147838,0,51.52249689,0,0.00717
2021,3,5,7,84050,113.6845481,77.50740044,276.7453935,402,0,209.0056121,209.0056121,4777,79.2,53.174375,0,0.002851
2021,3,6,1,26486.27292,31.4586,23.7776,31.4586,178,24,0,570.6624,3498,0,51.3825,0,0.012971
2021,3,7,1,26255.20931,35.23781315,25.10999658,35.45658982,162,15.8,0,397.0114505,3603.829998,0,45.96275385,0,0.019641
2021,3,7,3,26669.62027,35.3199047,25.46657286,35.80930489,162,15.8,0,402.4108292,3660.752212,0,48.87501626,0,0.001243
2021,3,9,1,25150,34.048,24.6337,34.048,131,14.5,0,357.18865,3280,0,47.92,0,0.017033
2021,3,10,1,34403.71757,28.2942,20.523,28.2942,208,18.5,0,379.6755,4148.008507,0,54.61166392,0,0.002351
2021,4,1,1,24448.02196,42.56955317,31.25544024,42.56955317,167.6670381,14.00011619,0,438.6903244,3023.627855,0,46.53006752,0,0.65749974
2021,4,1,4,34860.02003,158.2507,110.7755,385.2339915,147,0,149,149,3546.486649,40,44.75557605,0,0.003101
2021,4,1,5,31392.43697,108.1599562,76.99813383,137.752818,139,11.4,29,621.90374,3382.835294,8.9,45.39895833,0.575,0.001871
2021,4,1,7,41382.95892,157.1633011,110.0143357,382.5869067,197.3965673,0,208.0752033,208.0752033,3806.758541,57.01897019,44.86346728,0,0.004428
2021,4,1,15,41990,190.1556,141.9512,462.900959,271,0,263,263,3554,50,48.89611111,0,0.071016
2021,4,1,16,27142.95647,69.82461652,51.91883395,69.82461652,139,11,0,571.7310626,3001.542684,1.32,46.50572521,0,0.004135
2021,4,2,1,28422.36175,41.83340783,30.81738931,41.83340783,206.8132556,14.78935991,0,457.2097955,3263.508859,0,47.29153461,0,0.399279985
2021,4,2,5,31735,111.8197355,79.2245075,136.8782879,121,11.4,25,645.53506,3371.666667,8.8,44.58694444,0.529,0.022679
2021,4,2,6,35626.9041,111.113874,76.63563334,159.9311038,212,7,48,342.7371,4054.69479,17,46.89239583,0.731,0.002211
2021,4,2,16,31148.69854,68.8485174,48.92641356,68.8485174,172.4411631,12.2597835,0,600.2764892,3344.542672,1.086039166,46.73261818,0,0.083729332
2021,4,3,1,32318.07918,36.47176332,27.56385143,36.47176332,193.5575166,17.25517993,0,477.0459275,3425.826398,0,46.69251703,0,0.029973098
2021,4,3,5,42350,54.46791985,39.5129568,62.75267194,221,9.5,18,297.87095,3948,10,44.9959375,0.427,0.000232
2021,4,4,1,50911.45905,31.29502868,23.67866543,31.29502868,318.3666794,17.73094107,0,428.0383726,3909.07154,0,50.22977626,0,0.128958255
2021,4,4,5,61045,55.07471819,39.85560945,66.43174482,400,15.9,21,493.23,4584,11.6,53.63923611,0.478,0.000061
2021,4,4,7,61200,131.322,91.9254,319.6807233,408,0,233,233,4714,78,47.15614583,0,0.003829
2021,4,4,14,58490,96.5403,67.5782,643.602,174,3.729012651,0,251.9999627,4134,0,46.89239583,0,0.000307
2021,4,4,15,52615.4853,172.8682175,129.1671006,420.8178126,398.6293677,0,345.2789448,345.2789448,4032.015928,75,48.89611111,0,0.067741
2021,4,4,16,46320.87452,59.61646358,43.53518224,59.61646358,215,13.2,0,574.7012065,3710.548527,1.377697456,49.48541585,0,0.009665668
2021,4,5,1,90567.84624,25.29037801,19.5135789,25.29037801,504.3471644,19.32106734,0,383.5759619,4496.270928,0,52.03309152,0,0.021933922
2021,4,5,5,77686.23103,58.22859451,42.78177018,72.38058189,362,13.7,24,424.25098,4773,14.1,51.76,0.555,0.000606
2021,4,5,7,109339.8754,108.2387424,75.59914144,263.4885202,522.4859813,0,213.2647975,213.2647975,5053.468847,83.98442368,53.3796875,0,0.000321
2021,4,5,16,96092.14286,36.41461903,26.85700266,36.41461903,295,22.2,0,597.3668764,5003.285714,1.1,54.92291667,0,0.000084
2021,4,6,1,39195.06237,28.38428406,21.68871639,28.38428406,287,19,0,413.0935199,4529.855021,0,57.75659641,0,0.075462
2021,4,6,5,45904.04359,69.60494493,48.30342265,88.58618081,287,16.5,32,519.09155,5010,16,57.59111111,0.609,0.018849
2021,4,7,3,44255.17516,21.04754878,16.36648316,23.70400972,292.5,25.1,0,410.8849536,5647.396497,0,61.7025,0,0.000942
2021,4,9,1,39516.86721,29.21045598,22.17863001,29.21045598,279.4435127,19.72259491,0,437.476601,4520.33686,0,55.47325772,0,0.052472
2021,4,9,16,41992.90041,48.57859853,35.67347162,48.57859853,245,18,0,642.2407788,4645.190267,1.9,56.98645833,0,0.093481
2021,4,10,1,38375,27.073,19.333,27.073,208,18.5,0,357.6605,4409,0,52.89375,0,0.000833
2021,5,1,1,29795.09407,36.17177568,27.04849447,36.17177568,224.2265947,15.97262393,0,436.5827521,3489.317412,0,50.59557423,0,0.229076
2021,5,1,16,30617.17979,67.81894975,51.24296622,67.81894975,175.5554819,12.79664389,0,658.1098163,3293.625712,1.587589043,48.4800976,0,0.015077
2021,5,2,1,28874.34008,42.17589354,30.82213136,42.17589354,200.1161836,14.429103,0,447.1140923,3178.938364,0,47.67380048,0,0.244449
2021,5,2,16,33883.13219,66.28321278,46.16695087,66.28321278,212,12.8,0,592.8862811,3391.1392,1.3,48.89222222,0,0.02335
2021,5,3,1,38520.876,34.55362205,26.02867516,34.55362205,235.2151497,16.47879536,0,428.9890288,3659.387982,0,45.53674643,0,0.028357
2021,5,4,1,48812.70819,23.82434011,18.47633276,23.82434011,478.4543282,18.40526831,0,346.3645767,4295.487524,0,53.32934187,0,0.02553
2021,5,5,1,112795.5745,25.75877118,19.62282336,25.75877118,451.3538037,21.83109954,0,432.0931144,4686.768756,0,55.80291845,0,0.022846
2021,5,5,5,109772.3218,38.66301302,28.7217386,44.72607954,514.3893967,19.89780622,18.51371115,448.4419567,5030.319927,13.61627057,53.27492592,0.430659963,0.000547
2021,5,5,7,125229.6022,109.2435165,76.25898464,265.9344693,568.5654698,0,213.9038916,213.9038916,4996.726295,93.09907547,53.174375,0,0.004651
2021,5,5,15,106413.7536,148.7074191,113.3080232,362.0025228,813.707844,0,386.9833498,386.9833498,4906.814443,99.17881232,53.5171875,0,0.021201
2021,5,6,1,36542.89986,29.09527609,21.40038992,29.09527609,277.7527171,20.88289027,0,447.1579697,4254.11987,0,50.26217021,0,0.214568
2021,5,6,2,39415.56844,32.8665,24.7211,32.8665,260,21.5,0,531.50365,4684.480927,0,51.71777778,0,0.008179
2021,5,7,1,38595.69888,27.9120751,20.16009378,27.9120751,271.0383489,20.13701677,0,407.1078248,4421.340765,0,51.20152353,0,0.01913178
2021,5,9,1,44942.97562,22.81471238,17.1467962,22.81471238,270,23,0,394.3967713,4701.051448,0,48.2825185,0,0.131216237
2021,5,11,1,53049.17754,22.54759316,16.75258145,22.54759316,300.1674929,21.31065441,0,358.748219,4602.405039,0,50.43553975,0,0.047877983
2021,5,11,2,47210,32.8665,23,32.8665,260,21.5,0,494.5,4862,0,51.71777778,0,0.009333
2021,5,11,5,55821.01344,40.0156799,28.15648822,47.95350508,375,17.2,22,367.59444,5138.842194,14,52.95111111,0.487,0.032336
2021,6,1,1,28525,27.0677,20,27.0677,182,16,0,320,3431.25,0,48.49555556,0,0.00001
2021,6,2,1,33561.77192,43.37477228,31.95184911,43.78478436,190.7580939,12.13735904,0,445.780893,2450.031284,0,37.9408656,0.069757184,0.010996
2021,6,4,1,62746.27631,27.6181865,21.84104909,27.6181865,433.4286844,16.56958536,0,365.7774789,3360.842431,0,44.70215963,0,0.024877472
2021,6,5,1,126946.0098,23.02270715,18.31932627,23.02270715,507.2007881,18.52932437,0,342.6107541,3385.635361,0,45.63859756,0,0.018603528
2021,6,5,5,507000,27.10219453,20.79634772,28.63822707,986,15,9,272.6625,3700,8,47.47822917,0.237,0.000289
2021,6,5,16,159495,29.3561,21,29.3561,573,15.6,0,327.6,3878,1.3,46.3234375,0,0.000111
2021,6,7,1,61391.03882,24.7784264,18.97268316,24.7784264,375,24.80570575,0,470.8487562,5599.803439,0,58.8235863,0,0.054063229
2021,6,8,1,61567.54211,22.98013301,17.44282131,22.98013301,357.3613254,27.26187269,0,475.7369826,5747.898394,0,59.13963241,0,0.196789901
2021,6,8,2,62401.57699,29.43808934,22.37001366,29.43808934,277.8019873,27.23822024,0,609.8362255,5985.353965,0,59.72930321,0,0.007124563
2021,6,9,1,52794.9407,20.5390235,15.86202903,20.5390235,338.5765728,24.23001933,0,384.2812021,5433.048797,0,51.40143443,0,0.056626495
2021,6,11,1,85048.57531,21.3755984,16.09584247,21.3755984,407.5492578,26.12291776,0,423.0474614,5821.159646,0,58.69722936,0,0.196392375
2021,6,11,2,78649.85175,29.1545078,22.17276299,29.1545078,277,26.31919627,0,583.8474797,5886.21164,0,60.36341482,0,0.005239437
2021,7,1,1,27379.49156,37.93874731,27.72276776,37.93874731,162.678825,14.57161798,0,405.012468,3264.552215,0,45.1180194,0,0.845119623
2021,7,1,5,36724.65242,73.27864485,50.99111632,89.30242264,174.339664,11.35690285,25.13805698,452.1236243,3766.213951,9.374068663,45.09564017,0.530518627,0.001369
2021,7,1,6,38194.95017,97.44678117,67.78830367,130.342914,221,11.2,37,490.42976,3884,14.4,46.014375,0.657,0.002152
2021,7,1,7,39090,160.462,112.3234,390.6170194,201,0,239,239,3854,64,45.91569444,0,0.000838057
2021,7,1,15,37630.49831,169.1305363,117.9829098,411.7190736,200.1622734,0,258.8377266,258.8377266,3587.665561,65.67545315,42.33823165,0,0.00972251
2021,7,1,16,32321.81082,62.11757079,43.12717185,62.11757079,155.146198,13.32831752,0,575.3556,3393.967078,1.274336496,45.89659659,0,0.014966
2021,7,2,1,28200.52221,40.30886485,29.49276511,40.30886485,183.186569,14.07172683,0,415.6083705,3318.986122,0,45.49614169,0,0.440368
2021,7,3,1,37235.06024,34.7075,26.0124,34.7075,187,14.2,0,369.37608,3594.373494,0,46.91944444,0,0.002545
2021,7,4,1,41638.67538,32.58042446,24.4995983,32.58042446,235.8971972,15.91794394,0,390.0655966,3942.755127,0,45.31171115,0,0.046484377
2021,7,4,5,51225,69.1750761,49.2597887,87.44678654,266,11.2,28,400.84016,3884,14.4,46.68125,0.568,0.00041
2021,7,4,7,45544.27874,140.14564,97.38141552,341.1603506,201,0,249.684187,249.684187,4695.1369,76.6267664,46.85959919,0,0.014417943
2021,7,4,15,43276.83616,165.4111481,114.3417888,402.6648656,200.6262953,0,258.76837,258.76837,3894.294116,65.07050556,45.12491666,0,0.01263349
2021,7,4,16,45485,43.6172,31,43.6172,194,14.8,0,458.8,4180,1.6,45.22458333,0,0.001026
2021,7,6,1,31345.23314,31.44452462,23.76359038,31.44452462,210.4350688,14.30940154,0,339.7191195,3608.653693,0,44.65069917,0,0.184757
2021,7,7,1,31680.67109,36.47581893,26.53629418,36.47581893,193.777053,15.28774093,0,407.6356029,3454.78294,0,44.9061869,0,0.073723137
2021,7,7,16,38307.75871,57.0429,39.7753,57.0429,165,14.2,0,564.80926,3663.469524,1.1,46.014375,0,0.012257
2021,7,8,1,30718.7335,37.37937931,26.95507782,37.37937931,160.7867013,14.27472228,0,384.7564537,3412.813966,0,45.02549118,0,0.200742
2021,7,9,1,30605.94217,37.94716391,27.98420932,37.94716391,186.8566067,15.45932398,0,434.2156869,3527.786358,0,45.783509,0,1.309956
2021,7,9,5,36395,68.08966181,47.03943302,78.31738478,148,13.2,17,480.32,3717,8.8,44.50965278,0.417,0.002027
2021,7,9,6,40626.39659,91.70153419,65.05077976,127.1550194,219,14.5,42,598.4114,4261.418279,18.2,46.29447917,0.693,0.031974
2021,7,9,16,34410.05947,54.89637696,39.46290637,54.89637696,218.0177785,14.42984132,0,569.7916355,3785.238035,1.370785793,45.73918941,0,0.276345
2021,7,10,1,38570.06667,31.7044571,23.9610984,31.7044571,228.6652356,15.1900227,0,364.033212,3813.144188,0,45.9980639,0,0.054393998
2021,7,11,1,45958.13817,31.46902289,23.73846783,31.46902289,263.7867494,16.47521397,0,391.0010696,3871.163075,0,46.57949728,0,0.008131865
2021,7,11,7,48926.45161,133.2256212,93.25794301,324.3147603,302,0,240.8870968,240.8870968,4720,77,46.8875,0,0.004464
2021,7,11,16,45485,43.6172,31,43.6172,194,14.8,0,458.8,4180,1.6,45.22458333,0,0.012614
2021,8,1,1,37262.5782,32.92441421,24.37407997,32.92441421,240.350141,18.11566397,0,441.7866578,3873.454441,0,49.29434668,0,0.11773416
2021,8,1,7,43413.29452,165.5717515,119.5451006,403.0558267,269.6130775,0,240.1166171,240.1166171,4388.816319,75.19416915,51.54334715,0,0.010884073
2021,8,2,1,39068.57582,31.46323382,23.5023403,31.46323382,274.2363843,17.79031262,0,417.7996009,3887.884723,0,49.8096006,0,0.043015951
2021,8,3,1,40400.00443,33.23165984,24.90814275,33.23165984,242.2849717,16.84703487,0,420.4029492,3838.252075,0,50.7285232,0,0.065408444
2021,8,4,1,47280.51704,30.89565571,23.30917913,30.89565571,279.3476934,18.37865328,0,428.3602434,4117.611313,0,49.46077665,0,0.09923921
2021,8,4,5,68295,58.63365176,42.49063026,70.01816047,415,15.9,22,503.77,4210,11.6,49.79541667,0.49,0.0002
2021,8,4,7,52273.29417,126.7629223,88.73404917,308.5824362,245.6456834,0,212.9017814,212.9017814,4538.722221,76.52545996,50.54173064,0,0.014510927
2021,8,4,14,64201.75676,85.1453942,58.37951898,567.6359613,161,4.261670469,0,248.9996735,4070.594595,0,48.65059122,0,0.000444
2021,8,4,15,52927.95939,155.3636817,117.7220265,378.2060442,390.1750505,0,317.6871707,317.6871707,4464.798118,77.8221303,51.44236512,0,0.162456
2021,8,4,16,49330.74925,40.8217,29.7457,40.8217,308,17.2,0,511.62604,4740,1.9,48.9525,0,0.002265
2021,8,5,1,151668.3791,22.5793825,17.19427011,22.5793825,539.4086075,19.6264472,0,343.0091573,5064.329134,0,52.98647463,0,0.002780235
2021,8,5,15,102539.7195,140.0799127,106.9026793,341.0003487,714.6200918,0,360.1667517,360.1667517,5548.533401,100,54.46,0,0.003922
2021,8,6,1,42015.47582,27.16351857,20.77914218,27.16351857,294.7902366,24.0057934,0,499.3710408,4713.353105,0,51.79070126,0,0.333072638
2021,8,7,1,35322.99975,32.65843347,24.09013106,32.65843347,247.1109815,18.15581083,0,436.7149779,3941.898559,0,53.39967167,0,0.272334958
2021,8,7,3,35470,24.4217,18.8562,27.40222475,300,20.2,0,380.89524,4345,0,55.331875,0,0.001931
2021,8,8,1,40855.45805,28.62698356,21.69016862,28.62698356,292.3209108,20.30287795,0,440.630535,4256.445703,0,53.33029275,0,0.311077385
2021,8,9,1,41772.52001,29.77036385,22.50964594,29.77036385,276.3102611,18.61779987,0,419.5686143,4251.335238,0,51.20738071,0,0.864127667
2021,8,9,16,45429.57069,47.70037681,35.11043392,47.70037681,240.8894056,17.17697368,0,603.5307403,4462.959295,1.848104583,50.74825356,0,0.079344
2021,8,10,1,40355.19228,29.65023057,22.45732657,29.65023057,236.4299976,17.61752167,0,398.3185745,4085.79492,0,50.6990012,0,0.357030256
2021,8,10,7,46190,176.6667,129.4967,430.0645622,271,0,244,244,4416,75,51.36805556,0,0.000838
2021,8,11,1,63813.8579,27.35763614,20.76921502,27.35763614,340.4512812,21.29592402,0,445.060402,4711.079137,0,52.93227851,0,0.712239096
2021,8,11,2,93871.15385,32.3839,24.3843,32.3839,254,27.52961538,0,671.2904004,4885.211538,0,53.07953392,0,0.00026
2021,8,11,5,64112.01138,45.57772401,33.06744531,55.04674813,350.5175862,16.90897068,21.05147915,430.7370238,5056.495225,15.17410513,52.107769,0.488452183,0.038637
2021,8,11,7,73713.6777,104.7759234,77.29225051,255.0588855,180.8420146,0,221.651313,221.651313,5697.851055,94.71588463,52.07358189,0,0.009292
2021,8,11,15,57159.83615,160.6002672,123.1752676,390.953607,402.6458951,0,328.2809395,328.2809395,4481.291703,76.44457033,51.5467168,0,0.022948
2021,8,11,16,50699.06999,38.79269019,28.37995943,38.79269019,310.4803585,17.39842868,0,495.8247515,4817.532478,1.800785659,50.53481372,0,0.018074
