class,ifuel,iage,1995,1996,1997,1998,1999,2000,2001,2002,2003,2004,2005,2006,2007,2008,2009,2010,2011,2012,2013,2014,2015,2016,2017,2018,2019,2020,2021,2022,2023,2024
1,1,1,9.986666823,10.08754225,10.18943661,10.29236021,10.39632345,10.81666194,11.9866699,12.34196379,12.20337073,11.58382164,12.97992756,13.23539156,13.43681908,12.00487801,12.53579198,12.89975494,13.60152372,14.0140445,14.22547287,14.41030829,13.5574626,13.02670987,13.00167717,13.83842856,14.68821039,15.36739559,15.65610683,16.313783,16.313783,16.313783
1,1,2,9.886800155,9.986666823,10.08754225,10.18943661,10.29236021,10.39632345,10.81666194,11.9866699,12.34196379,12.20337073,11.58382164,12.97992756,13.23539156,13.43681908,12.00487801,12.53579198,12.89975494,13.60152372,14.0140445,14.22547287,14.41030829,13.5574626,13.02670987,13.00167717,13.83842856,14.68821039,15.36739559,15.65610683,16.313783,16.313783
1,1,3,9.787932153,9.886800155,9.986666823,10.08754225,10.18943661,10.29236021,10.39632345,10.81666194,11.9866699,12.34196379,12.20337073,11.58382164,12.97992756,13.23539156,13.43681908,12.00487801,12.53579198,12.89975494,13.60152372,14.0140445,14.22547287,14.41030829,13.5574626,13.02670987,13.00167717,13.83842856,14.68821039,15.36739559,15.65610683,16.313783
1,1,4,9.690052832,9.787932153,9.886800155,9.986666823,10.08754225,10.18943661,10.29236021,10.39632345,10.81666194,11.9866699,12.34196379,12.20337073,11.58382164,12.97992756,13.23539156,13.43681908,12.00487801,12.53579198,12.89975494,13.60152372,14.0140445,14.22547287,14.41030829,13.5574626,13.02670987,13.00167717,13.83842856,14.68821039,15.36739559,15.65610683
1,1,5,9.593152303,9.690052832,9.787932153,9.886800155,9.986666823,10.08754225,10.18943661,10.29236021,10.39632345,10.81666194,11.9866699,12.34196379,12.20337073,11.58382164,12.97992756,13.23539156,13.43681908,12.00487801,12.53579198,12.89975494,13.60152372,14.0140445,14.22547287,14.41030829,13.5574626,13.02670987,13.00167717,13.83842856,14.68821039,15.36739559
1,1,6,9.49722078,9.593152303,9.690052832,9.787932153,9.886800155,9.986666823,10.08754225,10.18943661,10.29236021,10.39632345,10.81666194,11.9866699,12.34196379,12.20337073,11.58382164,12.97992756,13.23539156,13.43681908,12.00487801,12.53579198,12.89975494,13.60152372,14.0140445,14.22547287,14.41030829,13.5574626,13.02670987,13.00167717,13.83842856,14.68821039
1,1,7,9.402248572,9.49722078,9.593152303,9.690052832,9.787932153,9.886800155,9.986666823,10.08754225,10.18943661,10.29236021,10.39632345,10.81666194,11.9866699,12.34196379,12.20337073,11.58382164,12.97992756,13.23539156,13.43681908,12.00487801,12.53579198,12.89975494,13.60152372,14.0140445,14.22547287,14.41030829,13.5574626,13.02670987,13.00167717,13.83842856
1,1,8,9.308226087,9.402248572,9.49722078,9.593152303,9.690052832,9.787932153,9.886800155,9.986666823,10.08754225,10.18943661,10.29236021,10.39632345,10.81666194,11.9866699,12.34196379,12.20337073,11.58382164,12.97992756,13.23539156,13.43681908,12.00487801,12.53579198,12.89975494,13.60152372,14.0140445,14.22547287,14.41030829,13.5574626,13.02670987,13.00167717
1,1,9,9.215143826,9.308226087,9.402248572,9.49722078,9.593152303,9.690052832,9.787932153,9.886800155,9.986666823,10.08754225,10.18943661,10.29236021,10.39632345,10.81666194,11.9866699,12.34196379,12.20337073,11.58382164,12.97992756,13.23539156,13.43681908,12.00487801,12.53579198,12.89975494,13.60152372,14.0140445,14.22547287,14.41030829,13.5574626,13.02670987
1,1,10,9.122992388,9.215143826,9.308226087,9.402248572,9.49722078,9.593152303,9.690052832,9.787932153,9.886800155,9.986666823,10.08754225,10.18943661,10.29236021,10.39632345,10.81666194,11.9866699,12.34196379,12.20337073,11.58382164,12.97992756,13.23539156,13.43681908,12.00487801,12.53579198,12.89975494,13.60152372,14.0140445,14.22547287,14.41030829,13.5574626
1,1,11,9.031762464,9.122992388,9.215143826,9.308226087,9.402248572,9.49722078,9.593152303,9.690052832,9.787932153,9.886800155,9.986666823,10.08754225,10.18943661,10.29236021,10.39632345,10.81666194,11.9866699,12.34196379,12.20337073,11.58382164,12.97992756,13.23539156,13.43681908,12.00487801,12.53579198,12.89975494,13.60152372,14.0140445,14.22547287,14.41030829
1,1,12,8.941444839,9.031762464,9.122992388,9.215143826,9.308226087,9.402248572,9.49722078,9.593152303,9.690052832,9.787932153,9.886800155,9.986666823,10.08754225,10.18943661,10.29236021,10.39632345,10.81666194,11.9866699,12.34196379,12.20337073,11.58382164,12.97992756,13.23539156,13.43681908,12.00487801,12.53579198,12.89975494,13.60152372,14.0140445,14.22547287
1,1,13,8.852030391,8.941444839,9.031762464,9.122992388,9.215143826,9.308226087,9.402248572,9.49722078,9.593152303,9.690052832,9.787932153,9.886800155,9.986666823,10.08754225,10.18943661,10.29236021,10.39632345,10.81666194,11.9866699,12.34196379,12.20337073,11.58382164,12.97992756,13.23539156,13.43681908,12.00487801,12.53579198,12.89975494,13.60152372,14.0140445
1,1,14,8.763510087,8.852030391,8.941444839,9.031762464,9.122992388,9.215143826,9.308226087,9.402248572,9.49722078,9.593152303,9.690052832,9.787932153,9.886800155,9.986666823,10.08754225,10.18943661,10.29236021,10.39632345,10.81666194,11.9866699,12.34196379,12.20337073,11.58382164,12.97992756,13.23539156,13.43681908,12.00487801,12.53579198,12.89975494,13.60152372
1,1,15,8.675874986,8.763510087,8.852030391,8.941444839,9.031762464,9.122992388,9.215143826,9.308226087,9.402248572,9.49722078,9.593152303,9.690052832,9.787932153,9.886800155,9.986666823,10.08754225,10.18943661,10.29236021,10.39632345,10.81666194,11.9866699,12.34196379,12.20337073,11.58382164,12.97992756,13.23539156,13.43681908,12.00487801,12.53579198,12.89975494
1,1,16,8.589116236,8.675874986,8.763510087,8.852030391,8.941444839,9.031762464,9.122992388,9.215143826,9.308226087,9.402248572,9.49722078,9.593152303,9.690052832,9.787932153,9.886800155,9.986666823,10.08754225,10.18943661,10.29236021,10.39632345,10.81666194,11.9866699,12.34196379,12.20337073,11.58382164,12.97992756,13.23539156,13.43681908,12.00487801,12.53579198
1,1,17,8.503225074,8.589116236,8.675874986,8.763510087,8.852030391,8.941444839,9.031762464,9.122992388,9.215143826,9.308226087,9.402248572,9.49722078,9.593152303,9.690052832,9.787932153,9.886800155,9.986666823,10.08754225,10.18943661,10.29236021,10.39632345,10.81666194,11.9866699,12.34196379,12.20337073,11.58382164,12.97992756,13.23539156,13.43681908,12.00487801
1,1,18,8.418192823,8.503225074,8.589116236,8.675874986,8.763510087,8.852030391,8.941444839,9.031762464,9.122992388,9.215143826,9.308226087,9.402248572,9.49722078,9.593152303,9.690052832,9.787932153,9.886800155,9.986666823,10.08754225,10.18943661,10.29236021,10.39632345,10.81666194,11.9866699,12.34196379,12.20337073,11.58382164,12.97992756,13.23539156,13.43681908
1,1,19,8.334010895,8.418192823,8.503225074,8.589116236,8.675874986,8.763510087,8.852030391,8.941444839,9.031762464,9.122992388,9.215143826,9.308226087,9.402248572,9.49722078,9.593152303,9.690052832,9.787932153,9.886800155,9.986666823,10.08754225,10.18943661,10.29236021,10.39632345,10.81666194,11.9866699,12.34196379,12.20337073,11.58382164,12.97992756,13.23539156
1,1,20,8.250670786,8.334010895,8.418192823,8.503225074,8.589116236,8.675874986,8.763510087,8.852030391,8.941444839,9.031762464,9.122992388,9.215143826,9.308226087,9.402248572,9.49722078,9.593152303,9.690052832,9.787932153,9.886800155,9.986666823,10.08754225,10.18943661,10.29236021,10.39632345,10.81666194,11.9866699,12.34196379,12.20337073,11.58382164,12.97992756
1,1,21,8.168164078,8.250670786,8.334010895,8.418192823,8.503225074,8.589116236,8.675874986,8.763510087,8.852030391,8.941444839,9.031762464,9.122992388,9.215143826,9.308226087,9.402248572,9.49722078,9.593152303,9.690052832,9.787932153,9.886800155,9.986666823,10.08754225,10.18943661,10.29236021,10.39632345,10.81666194,11.9866699,12.34196379,12.20337073,11.58382164
1,1,22,8.086482437,8.168164078,8.250670786,8.334010895,8.418192823,8.503225074,8.589116236,8.675874986,8.763510087,8.852030391,8.941444839,9.031762464,9.122992388,9.215143826,9.308226087,9.402248572,9.49722078,9.593152303,9.690052832,9.787932153,9.886800155,9.986666823,10.08754225,10.18943661,10.29236021,10.39632345,10.81666194,11.9866699,12.34196379,12.20337073
1,1,23,8.005617613,8.086482437,8.168164078,8.250670786,8.334010895,8.418192823,8.503225074,8.589116236,8.675874986,8.763510087,8.852030391,8.941444839,9.031762464,9.122992388,9.215143826,9.308226087,9.402248572,9.49722078,9.593152303,9.690052832,9.787932153,9.886800155,9.986666823,10.08754225,10.18943661,10.29236021,10.39632345,10.81666194,11.9866699,12.34196379
1,1,24,7.925561437,8.005617613,8.086482437,8.168164078,8.250670786,8.334010895,8.418192823,8.503225074,8.589116236,8.675874986,8.763510087,8.852030391,8.941444839,9.031762464,9.122992388,9.215143826,9.308226087,9.402248572,9.49722078,9.593152303,9.690052832,9.787932153,9.886800155,9.986666823,10.08754225,10.18943661,10.29236021,10.39632345,10.81666194,11.9866699
1,1,25,7.846305822,7.925561437,8.005617613,8.086482437,8.168164078,8.250670786,8.334010895,8.418192823,8.503225074,8.589116236,8.675874986,8.763510087,8.852030391,8.941444839,9.031762464,9.122992388,9.215143826,9.308226087,9.402248572,9.49722078,9.593152303,9.690052832,9.787932153,9.886800155,9.986666823,10.08754225,10.18943661,10.29236021,10.39632345,10.81666194
1,1,26,7.767842764,7.846305822,7.925561437,8.005617613,8.086482437,8.168164078,8.250670786,8.334010895,8.418192823,8.503225074,8.589116236,8.675874986,8.763510087,8.852030391,8.941444839,9.031762464,9.122992388,9.215143826,9.308226087,9.402248572,9.49722078,9.593152303,9.690052832,9.787932153,9.886800155,9.986666823,10.08754225,10.18943661,10.29236021,10.39632345
1,1,27,7.690164336,7.767842764,7.846305822,7.925561437,8.005617613,8.086482437,8.168164078,8.250670786,8.334010895,8.418192823,8.503225074,8.589116236,8.675874986,8.763510087,8.852030391,8.941444839,9.031762464,9.122992388,9.215143826,9.308226087,9.402248572,9.49722078,9.593152303,9.690052832,9.787932153,9.886800155,9.986666823,10.08754225,10.18943661,10.29236021
1,1,28,7.613262693,7.690164336,7.767842764,7.846305822,7.925561437,8.005617613,8.086482437,8.168164078,8.250670786,8.334010895,8.418192823,8.503225074,8.589116236,8.675874986,8.763510087,8.852030391,8.941444839,9.031762464,9.122992388,9.215143826,9.308226087,9.402248572,9.49722078,9.593152303,9.690052832,9.787932153,9.886800155,9.986666823,10.08754225,10.18943661
1,1,29,7.537130066,7.613262693,7.690164336,7.767842764,7.846305822,7.925561437,8.005617613,8.086482437,8.168164078,8.250670786,8.334010895,8.418192823,8.503225074,8.589116236,8.675874986,8.763510087,8.852030391,8.941444839,9.031762464,9.122992388,9.215143826,9.308226087,9.402248572,9.49722078,9.593152303,9.690052832,9.787932153,9.886800155,9.986666823,10.08754225
1,1,30,7.461758765,7.537130066,7.613262693,7.690164336,7.767842764,7.846305822,7.925561437,8.005617613,8.086482437,8.168164078,8.250670786,8.334010895,8.418192823,8.503225074,8.589116236,8.675874986,8.763510087,8.852030391,8.941444839,9.031762464,9.122992388,9.215143826,9.308226087,9.402248572,9.49722078,9.593152303,9.690052832,9.787932153,9.886800155,9.986666823
1,1,31,7.387141178,7.461758765,7.537130066,7.613262693,7.690164336,7.767842764,7.846305822,7.925561437,8.005617613,8.086482437,8.168164078,8.250670786,8.334010895,8.418192823,8.503225074,8.589116236,8.675874986,8.763510087,8.852030391,8.941444839,9.031762464,9.122992388,9.215143826,9.308226087,9.402248572,9.49722078,9.593152303,9.690052832,9.787932153,9.886800155
1,1,32,7.313269766,7.387141178,7.461758765,7.537130066,7.613262693,7.690164336,7.767842764,7.846305822,7.925561437,8.005617613,8.086482437,8.168164078,8.250670786,8.334010895,8.418192823,8.503225074,8.589116236,8.675874986,8.763510087,8.852030391,8.941444839,9.031762464,9.122992388,9.215143826,9.308226087,9.402248572,9.49722078,9.593152303,9.690052832,9.787932153
1,1,33,7.240137068,7.313269766,7.387141178,7.461758765,7.537130066,7.613262693,7.690164336,7.767842764,7.846305822,7.925561437,8.005617613,8.086482437,8.168164078,8.250670786,8.334010895,8.418192823,8.503225074,8.589116236,8.675874986,8.763510087,8.852030391,8.941444839,9.031762464,9.122992388,9.215143826,9.308226087,9.402248572,9.49722078,9.593152303,9.690052832
1,1,34,7.167735698,7.240137068,7.313269766,7.387141178,7.461758765,7.537130066,7.613262693,7.690164336,7.767842764,7.846305822,7.925561437,8.005617613,8.086482437,8.168164078,8.250670786,8.334010895,8.418192823,8.503225074,8.589116236,8.675874986,8.763510087,8.852030391,8.941444839,9.031762464,9.122992388,9.215143826,9.308226087,9.402248572,9.49722078,9.593152303
1,2,1,9.014403978,9.105458564,9.197432893,9.290336255,9.384178036,9.598412246,8.799524781,9.539603385,9.092414468,10.00386461,10.0577439,10.58928952,10.49032703,10.51010117,10.32163746,10.42046832,10.70225941,11.21114665,11.40817839,10.70373933,10.08499864,9.90397715,10.29067353,10.65333749,11.34607634,12.11273741,12.93261054,12.96569166,12.96569166,12.96569166
1,2,2,8.924259938,9.014403978,9.105458564,9.197432893,9.290336255,9.384178036,9.598412246,8.799524781,9.539603385,9.092414468,10.00386461,10.0577439,10.58928952,10.49032703,10.51010117,10.32163746,10.42046832,10.70225941,11.21114665,11.40817839,10.70373933,10.08499864,9.90397715,10.29067353,10.65333749,11.34607634,12.11273741,12.93261054,12.96569166,12.96569166
1,2,3,8.835017339,8.924259938,9.014403978,9.105458564,9.197432893,9.290336255,9.384178036,9.598412246,8.799524781,9.539603385,9.092414468,10.00386461,10.0577439,10.58928952,10.49032703,10.51010117,10.32163746,10.42046832,10.70225941,11.21114665,11.40817839,10.70373933,10.08499864,9.90397715,10.29067353,10.65333749,11.34607634,12.11273741,12.93261054,12.96569166
1,2,4,8.746667166,8.835017339,8.924259938,9.014403978,9.105458564,9.197432893,9.290336255,9.384178036,9.598412246,8.799524781,9.539603385,9.092414468,10.00386461,10.0577439,10.58928952,10.49032703,10.51010117,10.32163746,10.42046832,10.70225941,11.21114665,11.40817839,10.70373933,10.08499864,9.90397715,10.29067353,10.65333749,11.34607634,12.11273741,12.93261054
1,2,5,8.659200494,8.746667166,8.835017339,8.924259938,9.014403978,9.105458564,9.197432893,9.290336255,9.384178036,9.598412246,8.799524781,9.539603385,9.092414468,10.00386461,10.0577439,10.58928952,10.49032703,10.51010117,10.32163746,10.42046832,10.70225941,11.21114665,11.40817839,10.70373933,10.08499864,9.90397715,10.29067353,10.65333749,11.34607634,12.11273741
1,2,6,8.572608489,8.659200494,8.746667166,8.835017339,8.924259938,9.014403978,9.105458564,9.197432893,9.290336255,9.384178036,9.598412246,8.799524781,9.539603385,9.092414468,10.00386461,10.0577439,10.58928952,10.49032703,10.51010117,10.32163746,10.42046832,10.70225941,11.21114665,11.40817839,10.70373933,10.08499864,9.90397715,10.29067353,10.65333749,11.34607634
1,2,7,8.486882404,8.572608489,8.659200494,8.746667166,8.835017339,8.924259938,9.014403978,9.105458564,9.197432893,9.290336255,9.384178036,9.598412246,8.799524781,9.539603385,9.092414468,10.00386461,10.0577439,10.58928952,10.49032703,10.51010117,10.32163746,10.42046832,10.70225941,11.21114665,11.40817839,10.70373933,10.08499864,9.90397715,10.29067353,10.65333749
1,2,8,8.40201358,8.486882404,8.572608489,8.659200494,8.746667166,8.835017339,8.924259938,9.014403978,9.105458564,9.197432893,9.290336255,9.384178036,9.598412246,8.799524781,9.539603385,9.092414468,10.00386461,10.0577439,10.58928952,10.49032703,10.51010117,10.32163746,10.42046832,10.70225941,11.21114665,11.40817839,10.70373933,10.08499864,9.90397715,10.29067353
1,2,9,8.317993444,8.40201358,8.486882404,8.572608489,8.659200494,8.746667166,8.835017339,8.924259938,9.014403978,9.105458564,9.197432893,9.290336255,9.384178036,9.598412246,8.799524781,9.539603385,9.092414468,10.00386461,10.0577439,10.58928952,10.49032703,10.51010117,10.32163746,10.42046832,10.70225941,11.21114665,11.40817839,10.70373933,10.08499864,9.90397715
1,2,10,8.23481351,8.317993444,8.40201358,8.486882404,8.572608489,8.659200494,8.746667166,8.835017339,8.924259938,9.014403978,9.105458564,9.197432893,9.290336255,9.384178036,9.598412246,8.799524781,9.539603385,9.092414468,10.00386461,10.0577439,10.58928952,10.49032703,10.51010117,10.32163746,10.42046832,10.70225941,11.21114665,11.40817839,10.70373933,10.08499864
1,2,11,8.152465375,8.23481351,8.317993444,8.40201358,8.486882404,8.572608489,8.659200494,8.746667166,8.835017339,8.924259938,9.014403978,9.105458564,9.197432893,9.290336255,9.384178036,9.598412246,8.799524781,9.539603385,9.092414468,10.00386461,10.0577439,10.58928952,10.49032703,10.51010117,10.32163746,10.42046832,10.70225941,11.21114665,11.40817839,10.70373933
1,2,12,8.070940721,8.152465375,8.23481351,8.317993444,8.40201358,8.486882404,8.572608489,8.659200494,8.746667166,8.835017339,8.924259938,9.014403978,9.105458564,9.197432893,9.290336255,9.384178036,9.598412246,8.799524781,9.539603385,9.092414468,10.00386461,10.0577439,10.58928952,10.49032703,10.51010117,10.32163746,10.42046832,10.70225941,11.21114665,11.40817839
1,2,13,7.990231314,8.070940721,8.152465375,8.23481351,8.317993444,8.40201358,8.486882404,8.572608489,8.659200494,8.746667166,8.835017339,8.924259938,9.014403978,9.105458564,9.197432893,9.290336255,9.384178036,9.598412246,8.799524781,9.539603385,9.092414468,10.00386461,10.0577439,10.58928952,10.49032703,10.51010117,10.32163746,10.42046832,10.70225941,11.21114665
1,2,14,7.910329001,7.990231314,8.070940721,8.152465375,8.23481351,8.317993444,8.40201358,8.486882404,8.572608489,8.659200494,8.746667166,8.835017339,8.924259938,9.014403978,9.105458564,9.197432893,9.290336255,9.384178036,9.598412246,8.799524781,9.539603385,9.092414468,10.00386461,10.0577439,10.58928952,10.49032703,10.51010117,10.32163746,10.42046832,10.70225941
1,2,15,7.831225711,7.910329001,7.990231314,8.070940721,8.152465375,8.23481351,8.317993444,8.40201358,8.486882404,8.572608489,8.659200494,8.746667166,8.835017339,8.924259938,9.014403978,9.105458564,9.197432893,9.290336255,9.384178036,9.598412246,8.799524781,9.539603385,9.092414468,10.00386461,10.0577439,10.58928952,10.49032703,10.51010117,10.32163746,10.42046832
1,2,16,7.752913453,7.831225711,7.910329001,7.990231314,8.070940721,8.152465375,8.23481351,8.317993444,8.40201358,8.486882404,8.572608489,8.659200494,8.746667166,8.835017339,8.924259938,9.014403978,9.105458564,9.197432893,9.290336255,9.384178036,9.598412246,8.799524781,9.539603385,9.092414468,10.00386461,10.0577439,10.58928952,10.49032703,10.51010117,10.32163746
1,2,17,7.675384319,7.752913453,7.831225711,7.910329001,7.990231314,8.070940721,8.152465375,8.23481351,8.317993444,8.40201358,8.486882404,8.572608489,8.659200494,8.746667166,8.835017339,8.924259938,9.014403978,9.105458564,9.197432893,9.290336255,9.384178036,9.598412246,8.799524781,9.539603385,9.092414468,10.00386461,10.0577439,10.58928952,10.49032703,10.51010117
1,2,18,7.598630476,7.675384319,7.752913453,7.831225711,7.910329001,7.990231314,8.070940721,8.152465375,8.23481351,8.317993444,8.40201358,8.486882404,8.572608489,8.659200494,8.746667166,8.835017339,8.924259938,9.014403978,9.105458564,9.197432893,9.290336255,9.384178036,9.598412246,8.799524781,9.539603385,9.092414468,10.00386461,10.0577439,10.58928952,10.49032703
1,2,19,7.522644171,7.598630476,7.675384319,7.752913453,7.831225711,7.910329001,7.990231314,8.070940721,8.152465375,8.23481351,8.317993444,8.40201358,8.486882404,8.572608489,8.659200494,8.746667166,8.835017339,8.924259938,9.014403978,9.105458564,9.197432893,9.290336255,9.384178036,9.598412246,8.799524781,9.539603385,9.092414468,10.00386461,10.0577439,10.58928952
1,2,20,7.447417729,7.522644171,7.598630476,7.675384319,7.752913453,7.831225711,7.910329001,7.990231314,8.070940721,8.152465375,8.23481351,8.317993444,8.40201358,8.486882404,8.572608489,8.659200494,8.746667166,8.835017339,8.924259938,9.014403978,9.105458564,9.197432893,9.290336255,9.384178036,9.598412246,8.799524781,9.539603385,9.092414468,10.00386461,10.0577439
1,2,21,7.372943552,7.447417729,7.522644171,7.598630476,7.675384319,7.752913453,7.831225711,7.910329001,7.990231314,8.070940721,8.152465375,8.23481351,8.317993444,8.40201358,8.486882404,8.572608489,8.659200494,8.746667166,8.835017339,8.924259938,9.014403978,9.105458564,9.197432893,9.290336255,9.384178036,9.598412246,8.799524781,9.539603385,9.092414468,10.00386461
1,2,22,7.299214116,7.372943552,7.447417729,7.522644171,7.598630476,7.675384319,7.752913453,7.831225711,7.910329001,7.990231314,8.070940721,8.152465375,8.23481351,8.317993444,8.40201358,8.486882404,8.572608489,8.659200494,8.746667166,8.835017339,8.924259938,9.014403978,9.105458564,9.197432893,9.290336255,9.384178036,9.598412246,8.799524781,9.539603385,9.092414468
1,2,23,7.226221975,7.299214116,7.372943552,7.447417729,7.522644171,7.598630476,7.675384319,7.752913453,7.831225711,7.910329001,7.990231314,8.070940721,8.152465375,8.23481351,8.317993444,8.40201358,8.486882404,8.572608489,8.659200494,8.746667166,8.835017339,8.924259938,9.014403978,9.105458564,9.197432893,9.290336255,9.384178036,9.598412246,8.799524781,9.539603385
1,2,24,7.153959756,7.226221975,7.299214116,7.372943552,7.447417729,7.522644171,7.598630476,7.675384319,7.752913453,7.831225711,7.910329001,7.990231314,8.070940721,8.152465375,8.23481351,8.317993444,8.40201358,8.486882404,8.572608489,8.659200494,8.746667166,8.835017339,8.924259938,9.014403978,9.105458564,9.197432893,9.290336255,9.384178036,9.598412246,8.799524781
1,2,25,7.082420158,7.153959756,7.226221975,7.299214116,7.372943552,7.447417729,7.522644171,7.598630476,7.675384319,7.752913453,7.831225711,7.910329001,7.990231314,8.070940721,8.152465375,8.23481351,8.317993444,8.40201358,8.486882404,8.572608489,8.659200494,8.746667166,8.835017339,8.924259938,9.014403978,9.105458564,9.197432893,9.290336255,9.384178036,9.598412246
1,2,26,7.011595956,7.082420158,7.153959756,7.226221975,7.299214116,7.372943552,7.447417729,7.522644171,7.598630476,7.675384319,7.752913453,7.831225711,7.910329001,7.990231314,8.070940721,8.152465375,8.23481351,8.317993444,8.40201358,8.486882404,8.572608489,8.659200494,8.746667166,8.835017339,8.924259938,9.014403978,9.105458564,9.197432893,9.290336255,9.384178036
1,2,27,6.941479997,7.011595956,7.082420158,7.153959756,7.226221975,7.299214116,7.372943552,7.447417729,7.522644171,7.598630476,7.675384319,7.752913453,7.831225711,7.910329001,7.990231314,8.070940721,8.152465375,8.23481351,8.317993444,8.40201358,8.486882404,8.572608489,8.659200494,8.746667166,8.835017339,8.924259938,9.014403978,9.105458564,9.197432893,9.290336255
1,2,28,6.872065197,6.941479997,7.011595956,7.082420158,7.153959756,7.226221975,7.299214116,7.372943552,7.447417729,7.522644171,7.598630476,7.675384319,7.752913453,7.831225711,7.910329001,7.990231314,8.070940721,8.152465375,8.23481351,8.317993444,8.40201358,8.486882404,8.572608489,8.659200494,8.746667166,8.835017339,8.924259938,9.014403978,9.105458564,9.197432893
1,2,29,6.803344545,6.872065197,6.941479997,7.011595956,7.082420158,7.153959756,7.226221975,7.299214116,7.372943552,7.447417729,7.522644171,7.598630476,7.675384319,7.752913453,7.831225711,7.910329001,7.990231314,8.070940721,8.152465375,8.23481351,8.317993444,8.40201358,8.486882404,8.572608489,8.659200494,8.746667166,8.835017339,8.924259938,9.014403978,9.105458564
1,2,30,6.735311099,6.803344545,6.872065197,6.941479997,7.011595956,7.082420158,7.153959756,7.226221975,7.299214116,7.372943552,7.447417729,7.522644171,7.598630476,7.675384319,7.752913453,7.831225711,7.910329001,7.990231314,8.070940721,8.152465375,8.23481351,8.317993444,8.40201358,8.486882404,8.572608489,8.659200494,8.746667166,8.835017339,8.924259938,9.014403978
1,2,31,6.667957988,6.735311099,6.803344545,6.872065197,6.941479997,7.011595956,7.082420158,7.153959756,7.226221975,7.299214116,7.372943552,7.447417729,7.522644171,7.598630476,7.675384319,7.752913453,7.831225711,7.910329001,7.990231314,8.070940721,8.152465375,8.23481351,8.317993444,8.40201358,8.486882404,8.572608489,8.659200494,8.746667166,8.835017339,8.924259938
1,2,32,6.601278409,6.667957988,6.735311099,6.803344545,6.872065197,6.941479997,7.011595956,7.082420158,7.153959756,7.226221975,7.299214116,7.372943552,7.447417729,7.522644171,7.598630476,7.675384319,7.752913453,7.831225711,7.910329001,7.990231314,8.070940721,8.152465375,8.23481351,8.317993444,8.40201358,8.486882404,8.572608489,8.659200494,8.746667166,8.835017339
1,2,33,6.535265624,6.601278409,6.667957988,6.735311099,6.803344545,6.872065197,6.941479997,7.011595956,7.082420158,7.153959756,7.226221975,7.299214116,7.372943552,7.447417729,7.522644171,7.598630476,7.675384319,7.752913453,7.831225711,7.910329001,7.990231314,8.070940721,8.152465375,8.23481351,8.317993444,8.40201358,8.486882404,8.572608489,8.659200494,8.746667166
1,2,34,6.469912968,6.535265624,6.601278409,6.667957988,6.735311099,6.803344545,6.872065197,6.941479997,7.011595956,7.082420158,7.153959756,7.226221975,7.299214116,7.372943552,7.447417729,7.522644171,7.598630476,7.675384319,7.752913453,7.831225711,7.910329001,7.990231314,8.070940721,8.152465375,8.23481351,8.317993444,8.40201358,8.486882404,8.572608489,8.659200494
1,3,1,8.653827819,8.741240221,8.829535577,8.918722805,9.008810914,9.214475756,8.44754379,9.15801925,8.728717889,9.603710025,9.655434145,10.16571794,10.07071395,10.08969712,9.90877196,10.00364959,10.27416903,10.76270079,10.95185126,10.27558976,9.681598695,9.507818064,9.87904659,10.22720399,10.89223329,11.62822792,11.80265134,11.97969111,11.97969111,11.97969111
1,3,2,8.567289541,8.653827819,8.741240221,8.829535577,8.918722805,9.008810914,9.214475756,8.44754379,9.15801925,8.728717889,9.603710025,9.655434145,10.16571794,10.07071395,10.08969712,9.90877196,10.00364959,10.27416903,10.76270079,10.95185126,10.27558976,9.681598695,9.507818064,9.87904659,10.22720399,10.89223329,11.62822792,12.41530612,11.97969111,11.97969111
1,3,3,8.481616645,8.567289541,8.653827819,8.741240221,8.829535577,8.918722805,9.008810914,9.214475756,8.44754379,9.15801925,8.728717889,9.603710025,9.655434145,10.16571794,10.07071395,10.08969712,9.90877196,10.00364959,10.27416903,10.76270079,10.95185126,10.27558976,9.681598695,9.507818064,9.87904659,10.22720399,10.89223329,11.62822792,12.41530612,11.97969111
1,3,4,8.396800479,8.481616645,8.567289541,8.653827819,8.741240221,8.829535577,8.918722805,9.008810914,9.214475756,8.44754379,9.15801925,8.728717889,9.603710025,9.655434145,10.16571794,10.07071395,10.08969712,9.90877196,10.00364959,10.27416903,10.76270079,10.95185126,10.27558976,9.681598695,9.507818064,9.87904659,10.22720399,10.89223329,11.62822792,12.41530612
1,3,5,8.312832474,8.396800479,8.481616645,8.567289541,8.653827819,8.741240221,8.829535577,8.918722805,9.008810914,9.214475756,8.44754379,9.15801925,8.728717889,9.603710025,9.655434145,10.16571794,10.07071395,10.08969712,9.90877196,10.00364959,10.27416903,10.76270079,10.95185126,10.27558976,9.681598695,9.507818064,9.87904659,10.22720399,10.89223329,11.62822792
1,3,6,8.229704149,8.312832474,8.396800479,8.481616645,8.567289541,8.653827819,8.741240221,8.829535577,8.918722805,9.008810914,9.214475756,8.44754379,9.15801925,8.728717889,9.603710025,9.655434145,10.16571794,10.07071395,10.08969712,9.90877196,10.00364959,10.27416903,10.76270079,10.95185126,10.27558976,9.681598695,9.507818064,9.87904659,10.22720399,10.89223329
1,3,7,8.147407108,8.229704149,8.312832474,8.396800479,8.481616645,8.567289541,8.653827819,8.741240221,8.829535577,8.918722805,9.008810914,9.214475756,8.44754379,9.15801925,8.728717889,9.603710025,9.655434145,10.16571794,10.07071395,10.08969712,9.90877196,10.00364959,10.27416903,10.76270079,10.95185126,10.27558976,9.681598695,9.507818064,9.87904659,10.22720399
1,3,8,8.065933037,8.147407108,8.229704149,8.312832474,8.396800479,8.481616645,8.567289541,8.653827819,8.741240221,8.829535577,8.918722805,9.008810914,9.214475756,8.44754379,9.15801925,8.728717889,9.603710025,9.655434145,10.16571794,10.07071395,10.08969712,9.90877196,10.00364959,10.27416903,10.76270079,10.95185126,10.27558976,9.681598695,9.507818064,9.87904659
1,3,9,7.985273706,8.065933037,8.147407108,8.229704149,8.312832474,8.396800479,8.481616645,8.567289541,8.653827819,8.741240221,8.829535577,8.918722805,9.008810914,9.214475756,8.44754379,9.15801925,8.728717889,9.603710025,9.655434145,10.16571794,10.07071395,10.08969712,9.90877196,10.00364959,10.27416903,10.76270079,10.95185126,10.27558976,9.681598695,9.507818064
1,3,10,7.905420969,7.985273706,8.065933037,8.147407108,8.229704149,8.312832474,8.396800479,8.481616645,8.567289541,8.653827819,8.741240221,8.829535577,8.918722805,9.008810914,9.214475756,8.44754379,9.15801925,8.728717889,9.603710025,9.655434145,10.16571794,10.07071395,10.08969712,9.90877196,10.00364959,10.27416903,10.76270079,10.95185126,10.27558976,9.681598695
1,3,11,7.82636676,7.905420969,7.985273706,8.065933037,8.147407108,8.229704149,8.312832474,8.396800479,8.481616645,8.567289541,8.653827819,8.741240221,8.829535577,8.918722805,9.008810914,9.214475756,8.44754379,9.15801925,8.728717889,9.603710025,9.655434145,10.16571794,10.07071395,10.08969712,9.90877196,10.00364959,10.27416903,10.76270079,10.95185126,10.27558976
1,3,12,7.748103092,7.82636676,7.905420969,7.985273706,8.065933037,8.147407108,8.229704149,8.312832474,8.396800479,8.481616645,8.567289541,8.653827819,8.741240221,8.829535577,8.918722805,9.008810914,9.214475756,8.44754379,9.15801925,8.728717889,9.603710025,9.655434145,10.16571794,10.07071395,10.08969712,9.90877196,10.00364959,10.27416903,10.76270079,10.95185126
1,3,13,7.670622061,7.748103092,7.82636676,7.905420969,7.985273706,8.065933037,8.147407108,8.229704149,8.312832474,8.396800479,8.481616645,8.567289541,8.653827819,8.741240221,8.829535577,8.918722805,9.008810914,9.214475756,8.44754379,9.15801925,8.728717889,9.603710025,9.655434145,10.16571794,10.07071395,10.08969712,9.90877196,10.00364959,10.27416903,10.76270079
1,3,14,7.593915841,7.670622061,7.748103092,7.82636676,7.905420969,7.985273706,8.065933037,8.147407108,8.229704149,8.312832474,8.396800479,8.481616645,8.567289541,8.653827819,8.741240221,8.829535577,8.918722805,9.008810914,9.214475756,8.44754379,9.15801925,8.728717889,9.603710025,9.655434145,10.16571794,10.07071395,10.08969712,9.90877196,10.00364959,10.27416903
1,3,15,7.517976682,7.593915841,7.670622061,7.748103092,7.82636676,7.905420969,7.985273706,8.065933037,8.147407108,8.229704149,8.312832474,8.396800479,8.481616645,8.567289541,8.653827819,8.741240221,8.829535577,8.918722805,9.008810914,9.214475756,8.44754379,9.15801925,8.728717889,9.603710025,9.655434145,10.16571794,10.07071395,10.08969712,9.90877196,10.00364959
1,3,16,7.442796915,7.517976682,7.593915841,7.670622061,7.748103092,7.82636676,7.905420969,7.985273706,8.065933037,8.147407108,8.229704149,8.312832474,8.396800479,8.481616645,8.567289541,8.653827819,8.741240221,8.829535577,8.918722805,9.008810914,9.214475756,8.44754379,9.15801925,8.728717889,9.603710025,9.655434145,10.16571794,10.07071395,10.08969712,9.90877196
1,3,17,7.368368946,7.442796915,7.517976682,7.593915841,7.670622061,7.748103092,7.82636676,7.905420969,7.985273706,8.065933037,8.147407108,8.229704149,8.312832474,8.396800479,8.481616645,8.567289541,8.653827819,8.741240221,8.829535577,8.918722805,9.008810914,9.214475756,8.44754379,9.15801925,8.728717889,9.603710025,9.655434145,10.16571794,10.07071395,10.08969712
1,3,18,7.294685257,7.368368946,7.442796915,7.517976682,7.593915841,7.670622061,7.748103092,7.82636676,7.905420969,7.985273706,8.065933037,8.147407108,8.229704149,8.312832474,8.396800479,8.481616645,8.567289541,8.653827819,8.741240221,8.829535577,8.918722805,9.008810914,9.214475756,8.44754379,9.15801925,8.728717889,9.603710025,9.655434145,10.16571794,10.07071395
1,3,19,7.221738404,7.294685257,7.368368946,7.442796915,7.517976682,7.593915841,7.670622061,7.748103092,7.82636676,7.905420969,7.985273706,8.065933037,8.147407108,8.229704149,8.312832474,8.396800479,8.481616645,8.567289541,8.653827819,8.741240221,8.829535577,8.918722805,9.008810914,9.214475756,8.44754379,9.15801925,8.728717889,9.603710025,9.655434145,10.16571794
1,3,20,7.14952102,7.221738404,7.294685257,7.368368946,7.442796915,7.517976682,7.593915841,7.670622061,7.748103092,7.82636676,7.905420969,7.985273706,8.065933037,8.147407108,8.229704149,8.312832474,8.396800479,8.481616645,8.567289541,8.653827819,8.741240221,8.829535577,8.918722805,9.008810914,9.214475756,8.44754379,9.15801925,8.728717889,9.603710025,9.655434145
1,3,21,7.07802581,7.14952102,7.221738404,7.294685257,7.368368946,7.442796915,7.517976682,7.593915841,7.670622061,7.748103092,7.82636676,7.905420969,7.985273706,8.065933037,8.147407108,8.229704149,8.312832474,8.396800479,8.481616645,8.567289541,8.653827819,8.741240221,8.829535577,8.918722805,9.008810914,9.214475756,8.44754379,9.15801925,8.728717889,9.603710025
1,3,22,7.007245552,7.07802581,7.14952102,7.221738404,7.294685257,7.368368946,7.442796915,7.517976682,7.593915841,7.670622061,7.748103092,7.82636676,7.905420969,7.985273706,8.065933037,8.147407108,8.229704149,8.312832474,8.396800479,8.481616645,8.567289541,8.653827819,8.741240221,8.829535577,8.918722805,9.008810914,9.214475756,8.44754379,9.15801925,8.728717889
1,3,23,6.937173096,7.007245552,7.07802581,7.14952102,7.221738404,7.294685257,7.368368946,7.442796915,7.517976682,7.593915841,7.670622061,7.748103092,7.82636676,7.905420969,7.985273706,8.065933037,8.147407108,8.229704149,8.312832474,8.396800479,8.481616645,8.567289541,8.653827819,8.741240221,8.829535577,8.918722805,9.008810914,9.214475756,8.44754379,9.15801925
1,3,24,6.867801365,6.937173096,7.007245552,7.07802581,7.14952102,7.221738404,7.294685257,7.368368946,7.442796915,7.517976682,7.593915841,7.670622061,7.748103092,7.82636676,7.905420969,7.985273706,8.065933037,8.147407108,8.229704149,8.312832474,8.396800479,8.481616645,8.567289541,8.653827819,8.741240221,8.829535577,8.918722805,9.008810914,9.214475756,8.44754379
1,3,25,6.799123352,6.867801365,6.937173096,7.007245552,7.07802581,7.14952102,7.221738404,7.294685257,7.368368946,7.442796915,7.517976682,7.593915841,7.670622061,7.748103092,7.82636676,7.905420969,7.985273706,8.065933037,8.147407108,8.229704149,8.312832474,8.396800479,8.481616645,8.567289541,8.653827819,8.741240221,8.829535577,8.918722805,9.008810914,9.214475756
1,3,26,6.731132118,6.799123352,6.867801365,6.937173096,7.007245552,7.07802581,7.14952102,7.221738404,7.294685257,7.368368946,7.442796915,7.517976682,7.593915841,7.670622061,7.748103092,7.82636676,7.905420969,7.985273706,8.065933037,8.147407108,8.229704149,8.312832474,8.396800479,8.481616645,8.567289541,8.653827819,8.741240221,8.829535577,8.918722805,9.008810914
1,3,27,6.663820797,6.731132118,6.799123352,6.867801365,6.937173096,7.007245552,7.07802581,7.14952102,7.221738404,7.294685257,7.368368946,7.442796915,7.517976682,7.593915841,7.670622061,7.748103092,7.82636676,7.905420969,7.985273706,8.065933037,8.147407108,8.229704149,8.312832474,8.396800479,8.481616645,8.567289541,8.653827819,8.741240221,8.829535577,8.918722805
1,3,28,6.597182589,6.663820797,6.731132118,6.799123352,6.867801365,6.937173096,7.007245552,7.07802581,7.14952102,7.221738404,7.294685257,7.368368946,7.442796915,7.517976682,7.593915841,7.670622061,7.748103092,7.82636676,7.905420969,7.985273706,8.065933037,8.147407108,8.229704149,8.312832474,8.396800479,8.481616645,8.567289541,8.653827819,8.741240221,8.829535577
1,3,29,6.531210763,6.597182589,6.663820797,6.731132118,6.799123352,6.867801365,6.937173096,7.007245552,7.07802581,7.14952102,7.221738404,7.294685257,7.368368946,7.442796915,7.517976682,7.593915841,7.670622061,7.748103092,7.82636676,7.905420969,7.985273706,8.065933037,8.147407108,8.229704149,8.312832474,8.396800479,8.481616645,8.567289541,8.653827819,8.741240221
1,3,30,6.465898655,6.531210763,6.597182589,6.663820797,6.731132118,6.799123352,6.867801365,6.937173096,7.007245552,7.07802581,7.14952102,7.221738404,7.294685257,7.368368946,7.442796915,7.517976682,7.593915841,7.670622061,7.748103092,7.82636676,7.905420969,7.985273706,8.065933037,8.147407108,8.229704149,8.312832474,8.396800479,8.481616645,8.567289541,8.653827819
1,3,31,6.401239669,6.465898655,6.531210763,6.597182589,6.663820797,6.731132118,6.799123352,6.867801365,6.937173096,7.007245552,7.07802581,7.14952102,7.221738404,7.294685257,7.368368946,7.442796915,7.517976682,7.593915841,7.670622061,7.748103092,7.82636676,7.905420969,7.985273706,8.065933037,8.147407108,8.229704149,8.312832474,8.396800479,8.481616645,8.567289541
1,3,32,6.337227272,6.401239669,6.465898655,6.531210763,6.597182589,6.663820797,6.731132118,6.799123352,6.867801365,6.937173096,7.007245552,7.07802581,7.14952102,7.221738404,7.294685257,7.368368946,7.442796915,7.517976682,7.593915841,7.670622061,7.748103092,7.82636676,7.905420969,7.985273706,8.065933037,8.147407108,8.229704149,8.312832474,8.396800479,8.481616645
1,3,33,6.273855,6.337227272,6.401239669,6.465898655,6.531210763,6.597182589,6.663820797,6.731132118,6.799123352,6.867801365,6.937173096,7.007245552,7.07802581,7.14952102,7.221738404,7.294685257,7.368368946,7.442796915,7.517976682,7.593915841,7.670622061,7.748103092,7.82636676,7.905420969,7.985273706,8.065933037,8.147407108,8.229704149,8.312832474,8.396800479
1,3,34,6.21111645,6.273855,6.337227272,6.401239669,6.465898655,6.531210763,6.597182589,6.663820797,6.731132118,6.799123352,6.867801365,6.937173096,7.007245552,7.07802581,7.14952102,7.221738404,7.294685257,7.368368946,7.442796915,7.517976682,7.593915841,7.670622061,7.748103092,7.82636676,7.905420969,7.985273706,8.065933037,8.147407108,8.229704149,8.312832474
1,4,1,8.563683779,8.650185636,8.737561248,8.825819442,8.914969134,9.118491634,8.359548542,9.062623216,8.637793745,9.503671379,9.554856706,10.05982504,9.965810683,9.984596113,9.805555586,9.899444907,10.16714644,10.65058932,10.83776948,10.16855236,9.580748708,9.408778292,9.776139855,10.12067062,10.77877252,11.50710054,12.28598002,12.31740707,12.31740707,12.31740707
1,4,2,8.478046941,8.563683779,8.650185636,8.737561248,8.825819442,8.914969134,9.118491634,8.359548542,9.062623216,8.637793745,9.503671379,9.554856706,10.05982504,9.965810683,9.984596113,9.805555586,9.899444907,10.16714644,10.65058932,10.83776948,10.16855236,9.580748708,9.408778292,9.776139855,10.12067062,10.77877252,11.50710054,12.28598002,12.31740707,12.31740707
1,4,3,8.393266472,8.478046941,8.563683779,8.650185636,8.737561248,8.825819442,8.914969134,9.118491634,8.359548542,9.062623216,8.637793745,9.503671379,9.554856706,10.05982504,9.965810683,9.984596113,9.805555586,9.899444907,10.16714644,10.65058932,10.83776948,10.16855236,9.580748708,9.408778292,9.776139855,10.12067062,10.77877252,11.50710054,12.28598002,12.31740707
1,4,4,8.309333807,8.393266472,8.478046941,8.563683779,8.650185636,8.737561248,8.825819442,8.914969134,9.118491634,8.359548542,9.062623216,8.637793745,9.503671379,9.554856706,10.05982504,9.965810683,9.984596113,9.805555586,9.899444907,10.16714644,10.65058932,10.83776948,10.16855236,9.580748708,9.408778292,9.776139855,10.12067062,10.77877252,11.50710054,12.28598002
1,4,5,8.226240469,8.309333807,8.393266472,8.478046941,8.563683779,8.650185636,8.737561248,8.825819442,8.914969134,9.118491634,8.359548542,9.062623216,8.637793745,9.503671379,9.554856706,10.05982504,9.965810683,9.984596113,9.805555586,9.899444907,10.16714644,10.65058932,10.83776948,10.16855236,9.580748708,9.408778292,9.776139855,10.12067062,10.77877252,11.50710054
1,4,6,8.143978064,8.226240469,8.309333807,8.393266472,8.478046941,8.563683779,8.650185636,8.737561248,8.825819442,8.914969134,9.118491634,8.359548542,9.062623216,8.637793745,9.503671379,9.554856706,10.05982504,9.965810683,9.984596113,9.805555586,9.899444907,10.16714644,10.65058932,10.83776948,10.16855236,9.580748708,9.408778292,9.776139855,10.12067062,10.77877252
1,4,7,8.062538284,8.143978064,8.226240469,8.309333807,8.393266472,8.478046941,8.563683779,8.650185636,8.737561248,8.825819442,8.914969134,9.118491634,8.359548542,9.062623216,8.637793745,9.503671379,9.554856706,10.05982504,9.965810683,9.984596113,9.805555586,9.899444907,10.16714644,10.65058932,10.83776948,10.16855236,9.580748708,9.408778292,9.776139855,10.12067062
1,4,8,7.981912901,8.062538284,8.143978064,8.226240469,8.309333807,8.393266472,8.478046941,8.563683779,8.650185636,8.737561248,8.825819442,8.914969134,9.118491634,8.359548542,9.062623216,8.637793745,9.503671379,9.554856706,10.05982504,9.965810683,9.984596113,9.805555586,9.899444907,10.16714644,10.65058932,10.83776948,10.16855236,9.580748708,9.408778292,9.776139855
1,4,9,7.902093772,7.981912901,8.062538284,8.143978064,8.226240469,8.309333807,8.393266472,8.478046941,8.563683779,8.650185636,8.737561248,8.825819442,8.914969134,9.118491634,8.359548542,9.062623216,8.637793745,9.503671379,9.554856706,10.05982504,9.965810683,9.984596113,9.805555586,9.899444907,10.16714644,10.65058932,10.83776948,10.16855236,9.580748708,9.408778292
1,4,10,7.823072834,7.902093772,7.981912901,8.062538284,8.143978064,8.226240469,8.309333807,8.393266472,8.478046941,8.563683779,8.650185636,8.737561248,8.825819442,8.914969134,9.118491634,8.359548542,9.062623216,8.637793745,9.503671379,9.554856706,10.05982504,9.965810683,9.984596113,9.805555586,9.899444907,10.16714644,10.65058932,10.83776948,10.16855236,9.580748708
1,4,11,7.744842106,7.823072834,7.902093772,7.981912901,8.062538284,8.143978064,8.226240469,8.309333807,8.393266472,8.478046941,8.563683779,8.650185636,8.737561248,8.825819442,8.914969134,9.118491634,8.359548542,9.062623216,8.637793745,9.503671379,9.554856706,10.05982504,9.965810683,9.984596113,9.805555586,9.899444907,10.16714644,10.65058932,10.83776948,10.16855236
1,4,12,7.667393685,7.744842106,7.823072834,7.902093772,7.981912901,8.062538284,8.143978064,8.226240469,8.309333807,8.393266472,8.478046941,8.563683779,8.650185636,8.737561248,8.825819442,8.914969134,9.118491634,8.359548542,9.062623216,8.637793745,9.503671379,9.554856706,10.05982504,9.965810683,9.984596113,9.805555586,9.899444907,10.16714644,10.65058932,10.83776948
1,4,13,7.590719748,7.667393685,7.744842106,7.823072834,7.902093772,7.981912901,8.062538284,8.143978064,8.226240469,8.309333807,8.393266472,8.478046941,8.563683779,8.650185636,8.737561248,8.825819442,8.914969134,9.118491634,8.359548542,9.062623216,8.637793745,9.503671379,9.554856706,10.05982504,9.965810683,9.984596113,9.805555586,9.899444907,10.16714644,10.65058932
1,4,14,7.514812551,7.590719748,7.667393685,7.744842106,7.823072834,7.902093772,7.981912901,8.062538284,8.143978064,8.226240469,8.309333807,8.393266472,8.478046941,8.563683779,8.650185636,8.737561248,8.825819442,8.914969134,9.118491634,8.359548542,9.062623216,8.637793745,9.503671379,9.554856706,10.05982504,9.965810683,9.984596113,9.805555586,9.899444907,10.16714644
1,4,15,7.439664425,7.514812551,7.590719748,7.667393685,7.744842106,7.823072834,7.902093772,7.981912901,8.062538284,8.143978064,8.226240469,8.309333807,8.393266472,8.478046941,8.563683779,8.650185636,8.737561248,8.825819442,8.914969134,9.118491634,8.359548542,9.062623216,8.637793745,9.503671379,9.554856706,10.05982504,9.965810683,9.984596113,9.805555586,9.899444907
1,4,16,7.365267781,7.439664425,7.514812551,7.590719748,7.667393685,7.744842106,7.823072834,7.902093772,7.981912901,8.062538284,8.143978064,8.226240469,8.309333807,8.393266472,8.478046941,8.563683779,8.650185636,8.737561248,8.825819442,8.914969134,9.118491634,8.359548542,9.062623216,8.637793745,9.503671379,9.554856706,10.05982504,9.965810683,9.984596113,9.805555586
1,4,17,7.291615103,7.365267781,7.439664425,7.514812551,7.590719748,7.667393685,7.744842106,7.823072834,7.902093772,7.981912901,8.062538284,8.143978064,8.226240469,8.309333807,8.393266472,8.478046941,8.563683779,8.650185636,8.737561248,8.825819442,8.914969134,9.118491634,8.359548542,9.062623216,8.637793745,9.503671379,9.554856706,10.05982504,9.965810683,9.984596113
1,4,18,7.218698952,7.291615103,7.365267781,7.439664425,7.514812551,7.590719748,7.667393685,7.744842106,7.823072834,7.902093772,7.981912901,8.062538284,8.143978064,8.226240469,8.309333807,8.393266472,8.478046941,8.563683779,8.650185636,8.737561248,8.825819442,8.914969134,9.118491634,8.359548542,9.062623216,8.637793745,9.503671379,9.554856706,10.05982504,9.965810683
1,4,19,7.146511962,7.218698952,7.291615103,7.365267781,7.439664425,7.514812551,7.590719748,7.667393685,7.744842106,7.823072834,7.902093772,7.981912901,8.062538284,8.143978064,8.226240469,8.309333807,8.393266472,8.478046941,8.563683779,8.650185636,8.737561248,8.825819442,8.914969134,9.118491634,8.359548542,9.062623216,8.637793745,9.503671379,9.554856706,10.05982504
1,4,20,7.075046843,7.146511962,7.218698952,7.291615103,7.365267781,7.439664425,7.514812551,7.590719748,7.667393685,7.744842106,7.823072834,7.902093772,7.981912901,8.062538284,8.143978064,8.226240469,8.309333807,8.393266472,8.478046941,8.563683779,8.650185636,8.737561248,8.825819442,8.914969134,9.118491634,8.359548542,9.062623216,8.637793745,9.503671379,9.554856706
1,4,21,7.004296374,7.075046843,7.146511962,7.218698952,7.291615103,7.365267781,7.439664425,7.514812551,7.590719748,7.667393685,7.744842106,7.823072834,7.902093772,7.981912901,8.062538284,8.143978064,8.226240469,8.309333807,8.393266472,8.478046941,8.563683779,8.650185636,8.737561248,8.825819442,8.914969134,9.118491634,8.359548542,9.062623216,8.637793745,9.503671379
1,4,22,6.934253411,7.004296374,7.075046843,7.146511962,7.218698952,7.291615103,7.365267781,7.439664425,7.514812551,7.590719748,7.667393685,7.744842106,7.823072834,7.902093772,7.981912901,8.062538284,8.143978064,8.226240469,8.309333807,8.393266472,8.478046941,8.563683779,8.650185636,8.737561248,8.825819442,8.914969134,9.118491634,8.359548542,9.062623216,8.637793745
1,4,23,6.864910877,6.934253411,7.004296374,7.075046843,7.146511962,7.218698952,7.291615103,7.365267781,7.439664425,7.514812551,7.590719748,7.667393685,7.744842106,7.823072834,7.902093772,7.981912901,8.062538284,8.143978064,8.226240469,8.309333807,8.393266472,8.478046941,8.563683779,8.650185636,8.737561248,8.825819442,8.914969134,9.118491634,8.359548542,9.062623216
1,4,24,6.796261768,6.864910877,6.934253411,7.004296374,7.075046843,7.146511962,7.218698952,7.291615103,7.365267781,7.439664425,7.514812551,7.590719748,7.667393685,7.744842106,7.823072834,7.902093772,7.981912901,8.062538284,8.143978064,8.226240469,8.309333807,8.393266472,8.478046941,8.563683779,8.650185636,8.737561248,8.825819442,8.914969134,9.118491634,8.359548542
1,4,25,6.72829915,6.796261768,6.864910877,6.934253411,7.004296374,7.075046843,7.146511962,7.218698952,7.291615103,7.365267781,7.439664425,7.514812551,7.590719748,7.667393685,7.744842106,7.823072834,7.902093772,7.981912901,8.062538284,8.143978064,8.226240469,8.309333807,8.393266472,8.478046941,8.563683779,8.650185636,8.737561248,8.825819442,8.914969134,9.118491634
1,4,26,6.661016159,6.72829915,6.796261768,6.864910877,6.934253411,7.004296374,7.075046843,7.146511962,7.218698952,7.291615103,7.365267781,7.439664425,7.514812551,7.590719748,7.667393685,7.744842106,7.823072834,7.902093772,7.981912901,8.062538284,8.143978064,8.226240469,8.309333807,8.393266472,8.478046941,8.563683779,8.650185636,8.737561248,8.825819442,8.914969134
1,4,27,6.594405997,6.661016159,6.72829915,6.796261768,6.864910877,6.934253411,7.004296374,7.075046843,7.146511962,7.218698952,7.291615103,7.365267781,7.439664425,7.514812551,7.590719748,7.667393685,7.744842106,7.823072834,7.902093772,7.981912901,8.062538284,8.143978064,8.226240469,8.309333807,8.393266472,8.478046941,8.563683779,8.650185636,8.737561248,8.825819442
1,4,28,6.528461937,6.594405997,6.661016159,6.72829915,6.796261768,6.864910877,6.934253411,7.004296374,7.075046843,7.146511962,7.218698952,7.291615103,7.365267781,7.439664425,7.514812551,7.590719748,7.667393685,7.744842106,7.823072834,7.902093772,7.981912901,8.062538284,8.143978064,8.226240469,8.309333807,8.393266472,8.478046941,8.563683779,8.650185636,8.737561248
1,4,29,6.463177318,6.528461937,6.594405997,6.661016159,6.72829915,6.796261768,6.864910877,6.934253411,7.004296374,7.075046843,7.146511962,7.218698952,7.291615103,7.365267781,7.439664425,7.514812551,7.590719748,7.667393685,7.744842106,7.823072834,7.902093772,7.981912901,8.062538284,8.143978064,8.226240469,8.309333807,8.393266472,8.478046941,8.563683779,8.650185636
1,4,30,6.398545544,6.463177318,6.528461937,6.594405997,6.661016159,6.72829915,6.796261768,6.864910877,6.934253411,7.004296374,7.075046843,7.146511962,7.218698952,7.291615103,7.365267781,7.439664425,7.514812551,7.590719748,7.667393685,7.744842106,7.823072834,7.902093772,7.981912901,8.062538284,8.143978064,8.226240469,8.309333807,8.393266472,8.478046941,8.563683779
1,4,31,6.334560089,6.398545544,6.463177318,6.528461937,6.594405997,6.661016159,6.72829915,6.796261768,6.864910877,6.934253411,7.004296374,7.075046843,7.146511962,7.218698952,7.291615103,7.365267781,7.439664425,7.514812551,7.590719748,7.667393685,7.744842106,7.823072834,7.902093772,7.981912901,8.062538284,8.143978064,8.226240469,8.309333807,8.393266472,8.478046941
1,4,32,6.271214488,6.334560089,6.398545544,6.463177318,6.528461937,6.594405997,6.661016159,6.72829915,6.796261768,6.864910877,6.934253411,7.004296374,7.075046843,7.146511962,7.218698952,7.291615103,7.365267781,7.439664425,7.514812551,7.590719748,7.667393685,7.744842106,7.823072834,7.902093772,7.981912901,8.062538284,8.143978064,8.226240469,8.309333807,8.393266472
1,4,33,6.208502343,6.271214488,6.334560089,6.398545544,6.463177318,6.528461937,6.594405997,6.661016159,6.72829915,6.796261768,6.864910877,6.934253411,7.004296374,7.075046843,7.146511962,7.218698952,7.291615103,7.365267781,7.439664425,7.514812551,7.590719748,7.667393685,7.744842106,7.823072834,7.902093772,7.981912901,8.062538284,8.143978064,8.226240469,8.309333807
1,4,34,6.14641732,6.208502343,6.271214488,6.334560089,6.398545544,6.463177318,6.528461937,6.594405997,6.661016159,6.72829915,6.796261768,6.864910877,6.934253411,7.004296374,7.075046843,7.146511962,7.218698952,7.291615103,7.365267781,7.439664425,7.514812551,7.590719748,7.667393685,7.744842106,7.823072834,7.902093772,7.981912901,8.062538284,8.143978064,8.226240469
1,5,1,8.563683779,8.650185636,8.737561248,8.825819442,8.914969134,9.118491634,8.359548542,9.062623216,8.637793745,9.503671379,9.554856706,10.05982504,9.965810683,9.984596113,9.805555586,9.899444907,10.16714644,10.65058932,10.83776948,10.16855236,9.580748708,9.408778292,9.776139855,10.12067062,10.77877252,11.50710054,12.28598002,12.31740707,12.31740707,12.31740707
1,5,2,8.478046941,8.563683779,8.650185636,8.737561248,8.825819442,8.914969134,9.118491634,8.359548542,9.062623216,8.637793745,9.503671379,9.554856706,10.05982504,9.965810683,9.984596113,9.805555586,9.899444907,10.16714644,10.65058932,10.83776948,10.16855236,9.580748708,9.408778292,9.776139855,10.12067062,10.77877252,11.50710054,12.28598002,12.31740707,12.31740707
1,5,3,8.393266472,8.478046941,8.563683779,8.650185636,8.737561248,8.825819442,8.914969134,9.118491634,8.359548542,9.062623216,8.637793745,9.503671379,9.554856706,10.05982504,9.965810683,9.984596113,9.805555586,9.899444907,10.16714644,10.65058932,10.83776948,10.16855236,9.580748708,9.408778292,9.776139855,10.12067062,10.77877252,11.50710054,12.28598002,12.31740707
1,5,4,8.309333807,8.393266472,8.478046941,8.563683779,8.650185636,8.737561248,8.825819442,8.914969134,9.118491634,8.359548542,9.062623216,8.637793745,9.503671379,9.554856706,10.05982504,9.965810683,9.984596113,9.805555586,9.899444907,10.16714644,10.65058932,10.83776948,10.16855236,9.580748708,9.408778292,9.776139855,10.12067062,10.77877252,11.50710054,12.28598002
1,5,5,8.226240469,8.309333807,8.393266472,8.478046941,8.563683779,8.650185636,8.737561248,8.825819442,8.914969134,9.118491634,8.359548542,9.062623216,8.637793745,9.503671379,9.554856706,10.05982504,9.965810683,9.984596113,9.805555586,9.899444907,10.16714644,10.65058932,10.83776948,10.16855236,9.580748708,9.408778292,9.776139855,10.12067062,10.77877252,11.50710054
1,5,6,8.143978064,8.226240469,8.309333807,8.393266472,8.478046941,8.563683779,8.650185636,8.737561248,8.825819442,8.914969134,9.118491634,8.359548542,9.062623216,8.637793745,9.503671379,9.554856706,10.05982504,9.965810683,9.984596113,9.805555586,9.899444907,10.16714644,10.65058932,10.83776948,10.16855236,9.580748708,9.408778292,9.776139855,10.12067062,10.77877252
1,5,7,8.062538284,8.143978064,8.226240469,8.309333807,8.393266472,8.478046941,8.563683779,8.650185636,8.737561248,8.825819442,8.914969134,9.118491634,8.359548542,9.062623216,8.637793745,9.503671379,9.554856706,10.05982504,9.965810683,9.984596113,9.805555586,9.899444907,10.16714644,10.65058932,10.83776948,10.16855236,9.580748708,9.408778292,9.776139855,10.12067062
1,5,8,7.981912901,8.062538284,8.143978064,8.226240469,8.309333807,8.393266472,8.478046941,8.563683779,8.650185636,8.737561248,8.825819442,8.914969134,9.118491634,8.359548542,9.062623216,8.637793745,9.503671379,9.554856706,10.05982504,9.965810683,9.984596113,9.805555586,9.899444907,10.16714644,10.65058932,10.83776948,10.16855236,9.580748708,9.408778292,9.776139855
1,5,9,7.902093772,7.981912901,8.062538284,8.143978064,8.226240469,8.309333807,8.393266472,8.478046941,8.563683779,8.650185636,8.737561248,8.825819442,8.914969134,9.118491634,8.359548542,9.062623216,8.637793745,9.503671379,9.554856706,10.05982504,9.965810683,9.984596113,9.805555586,9.899444907,10.16714644,10.65058932,10.83776948,10.16855236,9.580748708,9.408778292
1,5,10,7.823072834,7.902093772,7.981912901,8.062538284,8.143978064,8.226240469,8.309333807,8.393266472,8.478046941,8.563683779,8.650185636,8.737561248,8.825819442,8.914969134,9.118491634,8.359548542,9.062623216,8.637793745,9.503671379,9.554856706,10.05982504,9.965810683,9.984596113,9.805555586,9.899444907,10.16714644,10.65058932,10.83776948,10.16855236,9.580748708
1,5,11,7.744842106,7.823072834,7.902093772,7.981912901,8.062538284,8.143978064,8.226240469,8.309333807,8.393266472,8.478046941,8.563683779,8.650185636,8.737561248,8.825819442,8.914969134,9.118491634,8.359548542,9.062623216,8.637793745,9.503671379,9.554856706,10.05982504,9.965810683,9.984596113,9.805555586,9.899444907,10.16714644,10.65058932,10.83776948,10.16855236
1,5,12,7.667393685,7.744842106,7.823072834,7.902093772,7.981912901,8.062538284,8.143978064,8.226240469,8.309333807,8.393266472,8.478046941,8.563683779,8.650185636,8.737561248,8.825819442,8.914969134,9.118491634,8.359548542,9.062623216,8.637793745,9.503671379,9.554856706,10.05982504,9.965810683,9.984596113,9.805555586,9.899444907,10.16714644,10.65058932,10.83776948
1,5,13,7.590719748,7.667393685,7.744842106,7.823072834,7.902093772,7.981912901,8.062538284,8.143978064,8.226240469,8.309333807,8.393266472,8.478046941,8.563683779,8.650185636,8.737561248,8.825819442,8.914969134,9.118491634,8.359548542,9.062623216,8.637793745,9.503671379,9.554856706,10.05982504,9.965810683,9.984596113,9.805555586,9.899444907,10.16714644,10.65058932
1,5,14,7.514812551,7.590719748,7.667393685,7.744842106,7.823072834,7.902093772,7.981912901,8.062538284,8.143978064,8.226240469,8.309333807,8.393266472,8.478046941,8.563683779,8.650185636,8.737561248,8.825819442,8.914969134,9.118491634,8.359548542,9.062623216,8.637793745,9.503671379,9.554856706,10.05982504,9.965810683,9.984596113,9.805555586,9.899444907,10.16714644
1,5,15,7.439664425,7.514812551,7.590719748,7.667393685,7.744842106,7.823072834,7.902093772,7.981912901,8.062538284,8.143978064,8.226240469,8.309333807,8.393266472,8.478046941,8.563683779,8.650185636,8.737561248,8.825819442,8.914969134,9.118491634,8.359548542,9.062623216,8.637793745,9.503671379,9.554856706,10.05982504,9.965810683,9.984596113,9.805555586,9.899444907
1,5,16,7.365267781,7.439664425,7.514812551,7.590719748,7.667393685,7.744842106,7.823072834,7.902093772,7.981912901,8.062538284,8.143978064,8.226240469,8.309333807,8.393266472,8.478046941,8.563683779,8.650185636,8.737561248,8.825819442,8.914969134,9.118491634,8.359548542,9.062623216,8.637793745,9.503671379,9.554856706,10.05982504,9.965810683,9.984596113,9.805555586
1,5,17,7.291615103,7.365267781,7.439664425,7.514812551,7.590719748,7.667393685,7.744842106,7.823072834,7.902093772,7.981912901,8.062538284,8.143978064,8.226240469,8.309333807,8.393266472,8.478046941,8.563683779,8.650185636,8.737561248,8.825819442,8.914969134,9.118491634,8.359548542,9.062623216,8.637793745,9.503671379,9.554856706,10.05982504,9.965810683,9.984596113
1,5,18,7.218698952,7.291615103,7.365267781,7.439664425,7.514812551,7.590719748,7.667393685,7.744842106,7.823072834,7.902093772,7.981912901,8.062538284,8.143978064,8.226240469,8.309333807,8.393266472,8.478046941,8.563683779,8.650185636,8.737561248,8.825819442,8.914969134,9.118491634,8.359548542,9.062623216,8.637793745,9.503671379,9.554856706,10.05982504,9.965810683
1,5,19,7.146511962,7.218698952,7.291615103,7.365267781,7.439664425,7.514812551,7.590719748,7.667393685,7.744842106,7.823072834,7.902093772,7.981912901,8.062538284,8.143978064,8.226240469,8.309333807,8.393266472,8.478046941,8.563683779,8.650185636,8.737561248,8.825819442,8.914969134,9.118491634,8.359548542,9.062623216,8.637793745,9.503671379,9.554856706,10.05982504
1,5,20,7.075046843,7.146511962,7.218698952,7.291615103,7.365267781,7.439664425,7.514812551,7.590719748,7.667393685,7.744842106,7.823072834,7.902093772,7.981912901,8.062538284,8.143978064,8.226240469,8.309333807,8.393266472,8.478046941,8.563683779,8.650185636,8.737561248,8.825819442,8.914969134,9.118491634,8.359548542,9.062623216,8.637793745,9.503671379,9.554856706
1,5,21,7.004296374,7.075046843,7.146511962,7.218698952,7.291615103,7.365267781,7.439664425,7.514812551,7.590719748,7.667393685,7.744842106,7.823072834,7.902093772,7.981912901,8.062538284,8.143978064,8.226240469,8.309333807,8.393266472,8.478046941,8.563683779,8.650185636,8.737561248,8.825819442,8.914969134,9.118491634,8.359548542,9.062623216,8.637793745,9.503671379
1,5,22,6.934253411,7.004296374,7.075046843,7.146511962,7.218698952,7.291615103,7.365267781,7.439664425,7.514812551,7.590719748,7.667393685,7.744842106,7.823072834,7.902093772,7.981912901,8.062538284,8.143978064,8.226240469,8.309333807,8.393266472,8.478046941,8.563683779,8.650185636,8.737561248,8.825819442,8.914969134,9.118491634,8.359548542,9.062623216,8.637793745
1,5,23,6.864910877,6.934253411,7.004296374,7.075046843,7.146511962,7.218698952,7.291615103,7.365267781,7.439664425,7.514812551,7.590719748,7.667393685,7.744842106,7.823072834,7.902093772,7.981912901,8.062538284,8.143978064,8.226240469,8.309333807,8.393266472,8.478046941,8.563683779,8.650185636,8.737561248,8.825819442,8.914969134,9.118491634,8.359548542,9.062623216
1,5,24,6.796261768,6.864910877,6.934253411,7.004296374,7.075046843,7.146511962,7.218698952,7.291615103,7.365267781,7.439664425,7.514812551,7.590719748,7.667393685,7.744842106,7.823072834,7.902093772,7.981912901,8.062538284,8.143978064,8.226240469,8.309333807,8.393266472,8.478046941,8.563683779,8.650185636,8.737561248,8.825819442,8.914969134,9.118491634,8.359548542
1,5,25,6.72829915,6.796261768,6.864910877,6.934253411,7.004296374,7.075046843,7.146511962,7.218698952,7.291615103,7.365267781,7.439664425,7.514812551,7.590719748,7.667393685,7.744842106,7.823072834,7.902093772,7.981912901,8.062538284,8.143978064,8.226240469,8.309333807,8.393266472,8.478046941,8.563683779,8.650185636,8.737561248,8.825819442,8.914969134,9.118491634
1,5,26,6.661016159,6.72829915,6.796261768,6.864910877,6.934253411,7.004296374,7.075046843,7.146511962,7.218698952,7.291615103,7.365267781,7.439664425,7.514812551,7.590719748,7.667393685,7.744842106,7.823072834,7.902093772,7.981912901,8.062538284,8.143978064,8.226240469,8.309333807,8.393266472,8.478046941,8.563683779,8.650185636,8.737561248,8.825819442,8.914969134
1,5,27,6.594405997,6.661016159,6.72829915,6.796261768,6.864910877,6.934253411,7.004296374,7.075046843,7.146511962,7.218698952,7.291615103,7.365267781,7.439664425,7.514812551,7.590719748,7.667393685,7.744842106,7.823072834,7.902093772,7.981912901,8.062538284,8.143978064,8.226240469,8.309333807,8.393266472,8.478046941,8.563683779,8.650185636,8.737561248,8.825819442
1,5,28,6.528461937,6.594405997,6.661016159,6.72829915,6.796261768,6.864910877,6.934253411,7.004296374,7.075046843,7.146511962,7.218698952,7.291615103,7.365267781,7.439664425,7.514812551,7.590719748,7.667393685,7.744842106,7.823072834,7.902093772,7.981912901,8.062538284,8.143978064,8.226240469,8.309333807,8.393266472,8.478046941,8.563683779,8.650185636,8.737561248
1,5,29,6.463177318,6.528461937,6.594405997,6.661016159,6.72829915,6.796261768,6.864910877,6.934253411,7.004296374,7.075046843,7.146511962,7.218698952,7.291615103,7.365267781,7.439664425,7.514812551,7.590719748,7.667393685,7.744842106,7.823072834,7.902093772,7.981912901,8.062538284,8.143978064,8.226240469,8.309333807,8.393266472,8.478046941,8.563683779,8.650185636
1,5,30,6.398545544,6.463177318,6.528461937,6.594405997,6.661016159,6.72829915,6.796261768,6.864910877,6.934253411,7.004296374,7.075046843,7.146511962,7.218698952,7.291615103,7.365267781,7.439664425,7.514812551,7.590719748,7.667393685,7.744842106,7.823072834,7.902093772,7.981912901,8.062538284,8.143978064,8.226240469,8.309333807,8.393266472,8.478046941,8.563683779
1,5,31,6.334560089,6.398545544,6.463177318,6.528461937,6.594405997,6.661016159,6.72829915,6.796261768,6.864910877,6.934253411,7.004296374,7.075046843,7.146511962,7.218698952,7.291615103,7.365267781,7.439664425,7.514812551,7.590719748,7.667393685,7.744842106,7.823072834,7.902093772,7.981912901,8.062538284,8.143978064,8.226240469,8.309333807,8.393266472,8.478046941
1,5,32,6.271214488,6.334560089,6.398545544,6.463177318,6.528461937,6.594405997,6.661016159,6.72829915,6.796261768,6.864910877,6.934253411,7.004296374,7.075046843,7.146511962,7.218698952,7.291615103,7.365267781,7.439664425,7.514812551,7.590719748,7.667393685,7.744842106,7.823072834,7.902093772,7.981912901,8.062538284,8.143978064,8.226240469,8.309333807,8.393266472
1,5,33,6.208502343,6.271214488,6.334560089,6.398545544,6.463177318,6.528461937,6.594405997,6.661016159,6.72829915,6.796261768,6.864910877,6.934253411,7.004296374,7.075046843,7.146511962,7.218698952,7.291615103,7.365267781,7.439664425,7.514812551,7.590719748,7.667393685,7.744842106,7.823072834,7.902093772,7.981912901,8.062538284,8.143978064,8.226240469,8.309333807
1,5,34,6.14641732,6.208502343,6.271214488,6.334560089,6.398545544,6.463177318,6.528461937,6.594405997,6.661016159,6.72829915,6.796261768,6.864910877,6.934253411,7.004296374,7.075046843,7.146511962,7.218698952,7.291615103,7.365267781,7.439664425,7.514812551,7.590719748,7.667393685,7.744842106,7.823072834,7.902093772,7.981912901,8.062538284,8.143978064,8.226240469
1,6,1,0,0,0,0,31.95450851,31.95450851,31.95450851,31.95450851,31.95450851,31.95450851,31.95450851,31.95450851,31.95450851,31.95450851,31.95450851,31.95450851,32.81862473,34.37913441,34.98333494,32.82316292,30.92578614,30.37068127,31.55649101,32.66860499,34.79289814,37.1438748,39.65802695,39.75947064,39.75947064,39.75947064
1,6,2,0,0,0,0,0,31.95450851,31.95450851,31.95450851,31.95450851,31.95450851,31.95450851,31.95450851,31.95450851,31.95450851,31.95450851,31.95450851,31.95450851,32.81862473,34.37913441,34.98333494,32.82316292,30.92578614,30.37068127,31.55649101,32.66860499,34.79289814,37.1438748,39.65802695,39.75947064,39.75947064
1,6,3,0,0,0,0,0,0,31.95450851,31.95450851,31.95450851,31.95450851,31.95450851,31.95450851,31.95450851,31.95450851,31.95450851,31.95450851,31.95450851,31.95450851,32.81862473,34.37913441,34.98333494,32.82316292,30.92578614,30.37068127,31.55649101,32.66860499,34.79289814,37.1438748,39.65802695,39.75947064
1,6,4,0,0,0,0,0,0,0,31.95450851,31.95450851,31.95450851,31.95450851,31.95450851,31.95450851,31.95450851,31.95450851,31.95450851,31.95450851,31.95450851,31.95450851,32.81862473,34.37913441,34.98333494,32.82316292,30.92578614,30.37068127,31.55649101,32.66860499,34.79289814,37.1438748,39.65802695
1,6,5,0,0,0,0,0,0,0,0,31.95450851,31.95450851,31.95450851,31.95450851,31.95450851,31.95450851,31.95450851,31.95450851,31.95450851,31.95450851,31.95450851,31.95450851,32.81862473,34.37913441,34.98333494,32.82316292,30.92578614,30.37068127,31.55649101,32.66860499,34.79289814,37.1438748
1,6,6,0,0,0,0,0,0,0,0,0,31.95450851,31.95450851,31.95450851,31.95450851,31.95450851,31.95450851,31.95450851,31.95450851,31.95450851,31.95450851,31.95450851,31.95450851,32.81862473,34.37913441,34.98333494,32.82316292,30.92578614,30.37068127,31.55649101,32.66860499,34.79289814
1,6,7,0,0,0,0,0,0,0,0,0,0,31.95450851,31.95450851,31.95450851,31.95450851,31.95450851,31.95450851,31.95450851,31.95450851,31.95450851,31.95450851,31.95450851,31.95450851,32.81862473,34.37913441,34.98333494,32.82316292,30.92578614,30.37068127,31.55649101,32.66860499
1,6,8,0,0,0,0,0,0,0,0,0,0,0,31.95450851,31.95450851,31.95450851,31.95450851,31.95450851,31.95450851,31.95450851,31.95450851,31.95450851,31.95450851,31.95450851,31.95450851,32.81862473,34.37913441,34.98333494,32.82316292,30.92578614,30.37068127,31.55649101
1,6,9,0,0,0,0,0,0,0,0,0,0,0,0,31.95450851,31.95450851,31.95450851,31.95450851,31.95450851,31.95450851,31.95450851,31.95450851,31.95450851,31.95450851,31.95450851,31.95450851,32.81862473,34.37913441,34.98333494,32.82316292,30.92578614,30.37068127
1,6,10,0,0,0,0,0,0,0,0,0,0,0,0,0,31.95450851,31.95450851,31.95450851,31.95450851,31.95450851,31.95450851,31.95450851,31.95450851,31.95450851,31.95450851,31.95450851,31.95450851,32.81862473,34.37913441,34.98333494,32.82316292,30.92578614
1,6,11,0,0,0,0,0,0,0,0,0,0,0,0,0,0,31.95450851,31.95450851,31.95450851,31.95450851,31.95450851,31.95450851,31.95450851,31.95450851,31.95450851,31.95450851,31.95450851,31.95450851,32.81862473,34.37913441,34.98333494,32.82316292
1,6,12,0,0,0,0,0,0,0,0,0,0,0,0,0,0,0,31.95450851,31.95450851,31.95450851,31.95450851,31.95450851,31.95450851,31.95450851,31.95450851,31.95450851,31.95450851,31.95450851,31.95450851,32.81862473,34.37913441,34.98333494
1,6,13,0,0,0,0,0,0,0,0,0,0,0,0,0,0,0,0,31.95450851,31.95450851,31.95450851,31.95450851,31.95450851,31.95450851,31.95450851,31.95450851,31.95450851,31.95450851,31.95450851,31.95450851,32.81862473,34.37913441
1,6,14,0,0,0,0,0,0,0,0,0,0,0,0,0,0,0,0,0,31.95450851,31.95450851,31.95450851,31.95450851,31.95450851,31.95450851,31.95450851,31.95450851,31.95450851,31.95450851,31.95450851,31.95450851,32.81862473
1,6,15,0,0,0,0,0,0,0,0,0,0,0,0,0,0,0,0,0,0,31.95450851,31.95450851,31.95450851,31.95450851,31.95450851,31.95450851,31.95450851,31.95450851,31.95450851,31.95450851,31.95450851,31.95450851
1,6,16,0,0,0,0,0,0,0,0,0,0,0,0,0,0,0,0,0,0,0,31.95450851,31.95450851,31.95450851,31.95450851,31.95450851,31.95450851,31.95450851,31.95450851,31.95450851,31.95450851,31.95450851
1,6,17,0,0,0,0,0,0,0,0,0,0,0,0,0,0,0,0,0,0,0,0,31.95450851,31.95450851,31.95450851,31.95450851,31.95450851,31.95450851,31.95450851,31.95450851,31.95450851,31.95450851
1,6,18,0,0,0,0,0,0,0,0,0,0,0,0,0,0,0,0,0,0,0,0,0,31.95450851,31.95450851,31.95450851,31.95450851,31.95450851,31.95450851,31.95450851,31.95450851,31.95450851
1,6,19,0,0,0,0,0,0,0,0,0,0,0,0,0,0,0,0,0,0,0,0,0,0,31.95450851,31.95450851,31.95450851,31.95450851,31.95450851,31.95450851,31.95450851,31.95450851
1,6,20,0,0,0,0,0,0,0,0,0,0,0,0,0,0,0,0,0,0,0,0,0,0,0,31.95450851,31.95450851,31.95450851,31.95450851,31.95450851,31.95450851,31.95450851
1,6,21,0,0,0,0,0,0,0,0,0,0,0,0,0,0,0,0,0,0,0,0,0,0,0,0,31.95450851,31.95450851,31.95450851,31.95450851,31.95450851,31.95450851
1,6,22,0,0,0,0,0,0,0,0,0,0,0,0,0,0,0,0,0,0,0,0,0,0,0,0,0,31.95450851,31.95450851,31.95450851,31.95450851,31.95450851
1,6,23,0,0,0,0,0,0,0,0,0,0,0,0,0,0,0,0,0,0,0,0,0,0,0,0,0,0,31.95450851,31.95450851,31.95450851,31.95450851
1,6,24,0,0,0,0,0,0,0,0,0,0,0,0,0,0,0,0,0,0,0,0,0,0,0,0,0,0,0,31.95450851,31.95450851,31.95450851
1,6,25,0,0,0,0,0,0,0,0,0,0,0,0,0,0,0,0,0,0,0,0,0,0,0,0,0,0,0,0,31.95450851,31.95450851
1,6,26,0,0,0,0,0,0,0,0,0,0,0,0,0,0,0,0,0,0,0,0,0,0,0,0,0,0,0,0,0,31.95450851
1,6,27,0,0,0,0,0,0,0,0,0,0,0,0,0,0,0,0,0,0,0,0,0,0,0,0,0,0,0,0,0,0
1,6,28,0,0,0,0,0,0,0,0,0,0,0,0,0,0,0,0,0,0,0,0,0,0,0,0,0,0,0,0,0,0
1,6,29,0,0,0,0,0,0,0,0,0,0,0,0,0,0,0,0,0,0,0,0,0,0,0,0,0,0,0,0,0,0
1,6,30,0,0,0,0,0,0,0,0,0,0,0,0,0,0,0,0,0,0,0,0,0,0,0,0,0,0,0,0,0,0
1,6,31,0,0,0,0,0,0,0,0,0,0,0,0,0,0,0,0,0,0,0,0,0,0,0,0,0,0,0,0,0,0
1,6,32,0,0,0,0,0,0,0,0,0,0,0,0,0,0,0,0,0,0,0,0,0,0,0,0,0,0,0,0,0,0
1,6,33,0,0,0,0,0,0,0,0,0,0,0,0,0,0,0,0,0,0,0,0,0,0,0,0,0,0,0,0,0,0
1,6,34,0,0,0,0,0,0,0,0,0,0,0,0,0,0,0,0,0,0,0,0,0,0,0,0,0,0,0,0,0,0
2,1,1,8.233388672,8.316554214,8.400559813,8.485413952,8.571125204,8.59270214,8.294330036,8.611797399,8.42690093,8.392051991,8.429981804,8.592560024,8.65299637,8.137942077,8.32402383,8.521131865,8.793423607,8.539479002,8.668472238,8.905007917,9.114928425,9.332805254,9.068798057,9.074663994,9.09950478,9.272922983,9.403048453,9.217173093,9.217173093,9.217173093
2,1,2,8.151054786,8.233388672,8.316554214,8.400559813,8.485413952,8.571125204,8.59270214,8.294330036,8.611797399,8.42690093,8.392051991,8.429981804,8.592560024,8.65299637,8.137942077,8.32402383,8.521131865,8.793423607,8.539479002,8.668472238,8.905007917,9.114928425,9.332805254,9.068798057,9.074663994,9.09950478,9.272922983,9.403048453,9.217173093,9.217173093
2,1,3,8.069544238,8.151054786,8.233388672,8.316554214,8.400559813,8.485413952,8.571125204,8.59270214,8.294330036,8.611797399,8.42690093,8.392051991,8.429981804,8.592560024,8.65299637,8.137942077,8.32402383,8.521131865,8.793423607,8.539479002,8.668472238,8.905007917,9.114928425,9.332805254,9.068798057,9.074663994,9.09950478,9.272922983,9.403048453,9.217173093
2,1,4,7.988848795,8.069544238,8.151054786,8.233388672,8.316554214,8.400559813,8.485413952,8.571125204,8.59270214,8.294330036,8.611797399,8.42690093,8.392051991,8.429981804,8.592560024,8.65299637,8.137942077,8.32402383,8.521131865,8.793423607,8.539479002,8.668472238,8.905007917,9.114928425,9.332805254,9.068798057,9.074663994,9.09950478,9.272922983,9.403048453
2,1,5,7.908960307,7.988848795,8.069544238,8.151054786,8.233388672,8.316554214,8.400559813,8.485413952,8.571125204,8.59270214,8.294330036,8.611797399,8.42690093,8.392051991,8.429981804,8.592560024,8.65299637,8.137942077,8.32402383,8.521131865,8.793423607,8.539479002,8.668472238,8.905007917,9.114928425,9.332805254,9.068798057,9.074663994,9.09950478,9.272922983
2,1,6,7.829870704,7.908960307,7.988848795,8.069544238,8.151054786,8.233388672,8.316554214,8.400559813,8.485413952,8.571125204,8.59270214,8.294330036,8.611797399,8.42690093,8.392051991,8.429981804,8.592560024,8.65299637,8.137942077,8.32402383,8.521131865,8.793423607,8.539479002,8.668472238,8.905007917,9.114928425,9.332805254,9.068798057,9.074663994,9.09950478
2,1,7,7.751571997,7.829870704,7.908960307,7.988848795,8.069544238,8.151054786,8.233388672,8.316554214,8.400559813,8.485413952,8.571125204,8.59270214,8.294330036,8.611797399,8.42690093,8.392051991,8.429981804,8.592560024,8.65299637,8.137942077,8.32402383,8.521131865,8.793423607,8.539479002,8.668472238,8.905007917,9.114928425,9.332805254,9.068798057,9.074663994
2,1,8,7.674056277,7.751571997,7.829870704,7.908960307,7.988848795,8.069544238,8.151054786,8.233388672,8.316554214,8.400559813,8.485413952,8.571125204,8.59270214,8.294330036,8.611797399,8.42690093,8.392051991,8.429981804,8.592560024,8.65299637,8.137942077,8.32402383,8.521131865,8.793423607,8.539479002,8.668472238,8.905007917,9.114928425,9.332805254,9.068798057
2,1,9,7.597315714,7.674056277,7.751571997,7.829870704,7.908960307,7.988848795,8.069544238,8.151054786,8.233388672,8.316554214,8.400559813,8.485413952,8.571125204,8.59270214,8.294330036,8.611797399,8.42690093,8.392051991,8.429981804,8.592560024,8.65299637,8.137942077,8.32402383,8.521131865,8.793423607,8.539479002,8.668472238,8.905007917,9.114928425,9.332805254
2,1,10,7.521342557,7.597315714,7.674056277,7.751571997,7.829870704,7.908960307,7.988848795,8.069544238,8.151054786,8.233388672,8.316554214,8.400559813,8.485413952,8.571125204,8.59270214,8.294330036,8.611797399,8.42690093,8.392051991,8.429981804,8.592560024,8.65299637,8.137942077,8.32402383,8.521131865,8.793423607,8.539479002,8.668472238,8.905007917,9.114928425
2,1,11,7.446129132,7.521342557,7.597315714,7.674056277,7.751571997,7.829870704,7.908960307,7.988848795,8.069544238,8.151054786,8.233388672,8.316554214,8.400559813,8.485413952,8.571125204,8.59270214,8.294330036,8.611797399,8.42690093,8.392051991,8.429981804,8.592560024,8.65299637,8.137942077,8.32402383,8.521131865,8.793423607,8.539479002,8.668472238,8.905007917
2,1,12,7.37166784,7.446129132,7.521342557,7.597315714,7.674056277,7.751571997,7.829870704,7.908960307,7.988848795,8.069544238,8.151054786,8.233388672,8.316554214,8.400559813,8.485413952,8.571125204,8.59270214,8.294330036,8.611797399,8.42690093,8.392051991,8.429981804,8.592560024,8.65299637,8.137942077,8.32402383,8.521131865,8.793423607,8.539479002,8.668472238
2,1,13,7.297951162,7.37166784,7.446129132,7.521342557,7.597315714,7.674056277,7.751571997,7.829870704,7.908960307,7.988848795,8.069544238,8.151054786,8.233388672,8.316554214,8.400559813,8.485413952,8.571125204,8.59270214,8.294330036,8.611797399,8.42690093,8.392051991,8.429981804,8.592560024,8.65299637,8.137942077,8.32402383,8.521131865,8.793423607,8.539479002
2,1,14,7.22497165,7.297951162,7.37166784,7.446129132,7.521342557,7.597315714,7.674056277,7.751571997,7.829870704,7.908960307,7.988848795,8.069544238,8.151054786,8.233388672,8.316554214,8.400559813,8.485413952,8.571125204,8.59270214,8.294330036,8.611797399,8.42690093,8.392051991,8.429981804,8.592560024,8.65299637,8.137942077,8.32402383,8.521131865,8.793423607
2,1,15,7.152721934,7.22497165,7.297951162,7.37166784,7.446129132,7.521342557,7.597315714,7.674056277,7.751571997,7.829870704,7.908960307,7.988848795,8.069544238,8.151054786,8.233388672,8.316554214,8.400559813,8.485413952,8.571125204,8.59270214,8.294330036,8.611797399,8.42690093,8.392051991,8.429981804,8.592560024,8.65299637,8.137942077,8.32402383,8.521131865
2,1,16,7.081194715,7.152721934,7.22497165,7.297951162,7.37166784,7.446129132,7.521342557,7.597315714,7.674056277,7.751571997,7.829870704,7.908960307,7.988848795,8.069544238,8.151054786,8.233388672,8.316554214,8.400559813,8.485413952,8.571125204,8.59270214,8.294330036,8.611797399,8.42690093,8.392051991,8.429981804,8.592560024,8.65299637,8.137942077,8.32402383
2,1,17,7.010382767,7.081194715,7.152721934,7.22497165,7.297951162,7.37166784,7.446129132,7.521342557,7.597315714,7.674056277,7.751571997,7.829870704,7.908960307,7.988848795,8.069544238,8.151054786,8.233388672,8.316554214,8.400559813,8.485413952,8.571125204,8.59270214,8.294330036,8.611797399,8.42690093,8.392051991,8.429981804,8.592560024,8.65299637,8.137942077
2,1,18,6.94027894,7.010382767,7.081194715,7.152721934,7.22497165,7.297951162,7.37166784,7.446129132,7.521342557,7.597315714,7.674056277,7.751571997,7.829870704,7.908960307,7.988848795,8.069544238,8.151054786,8.233388672,8.316554214,8.400559813,8.485413952,8.571125204,8.59270214,8.294330036,8.611797399,8.42690093,8.392051991,8.429981804,8.592560024,8.65299637
2,1,19,6.87087615,6.94027894,7.010382767,7.081194715,7.152721934,7.22497165,7.297951162,7.37166784,7.446129132,7.521342557,7.597315714,7.674056277,7.751571997,7.829870704,7.908960307,7.988848795,8.069544238,8.151054786,8.233388672,8.316554214,8.400559813,8.485413952,8.571125204,8.59270214,8.294330036,8.611797399,8.42690093,8.392051991,8.429981804,8.592560024
2,1,20,6.802167389,6.87087615,6.94027894,7.010382767,7.081194715,7.152721934,7.22497165,7.297951162,7.37166784,7.446129132,7.521342557,7.597315714,7.674056277,7.751571997,7.829870704,7.908960307,7.988848795,8.069544238,8.151054786,8.233388672,8.316554214,8.400559813,8.485413952,8.571125204,8.59270214,8.294330036,8.611797399,8.42690093,8.392051991,8.429981804
2,1,21,6.734145715,6.802167389,6.87087615,6.94027894,7.010382767,7.081194715,7.152721934,7.22497165,7.297951162,7.37166784,7.446129132,7.521342557,7.597315714,7.674056277,7.751571997,7.829870704,7.908960307,7.988848795,8.069544238,8.151054786,8.233388672,8.316554214,8.400559813,8.485413952,8.571125204,8.59270214,8.294330036,8.611797399,8.42690093,8.392051991
2,1,22,6.666804258,6.734145715,6.802167389,6.87087615,6.94027894,7.010382767,7.081194715,7.152721934,7.22497165,7.297951162,7.37166784,7.446129132,7.521342557,7.597315714,7.674056277,7.751571997,7.829870704,7.908960307,7.988848795,8.069544238,8.151054786,8.233388672,8.316554214,8.400559813,8.485413952,8.571125204,8.59270214,8.294330036,8.611797399,8.42690093
2,1,23,6.600136215,6.666804258,6.734145715,6.802167389,6.87087615,6.94027894,7.010382767,7.081194715,7.152721934,7.22497165,7.297951162,7.37166784,7.446129132,7.521342557,7.597315714,7.674056277,7.751571997,7.829870704,7.908960307,7.988848795,8.069544238,8.151054786,8.233388672,8.316554214,8.400559813,8.485413952,8.571125204,8.59270214,8.294330036,8.611797399
2,1,24,6.534134853,6.600136215,6.666804258,6.734145715,6.802167389,6.87087615,6.94027894,7.010382767,7.081194715,7.152721934,7.22497165,7.297951162,7.37166784,7.446129132,7.521342557,7.597315714,7.674056277,7.751571997,7.829870704,7.908960307,7.988848795,8.069544238,8.151054786,8.233388672,8.316554214,8.400559813,8.485413952,8.571125204,8.59270214,8.294330036
2,1,25,6.468793505,6.534134853,6.600136215,6.666804258,6.734145715,6.802167389,6.87087615,6.94027894,7.010382767,7.081194715,7.152721934,7.22497165,7.297951162,7.37166784,7.446129132,7.521342557,7.597315714,7.674056277,7.751571997,7.829870704,7.908960307,7.988848795,8.069544238,8.151054786,8.233388672,8.316554214,8.400559813,8.485413952,8.571125204,8.59270214
2,1,26,6.404105569,6.468793505,6.534134853,6.600136215,6.666804258,6.734145715,6.802167389,6.87087615,6.94027894,7.010382767,7.081194715,7.152721934,7.22497165,7.297951162,7.37166784,7.446129132,7.521342557,7.597315714,7.674056277,7.751571997,7.829870704,7.908960307,7.988848795,8.069544238,8.151054786,8.233388672,8.316554214,8.400559813,8.485413952,8.571125204
2,1,27,6.340064514,6.404105569,6.468793505,6.534134853,6.600136215,6.666804258,6.734145715,6.802167389,6.87087615,6.94027894,7.010382767,7.081194715,7.152721934,7.22497165,7.297951162,7.37166784,7.446129132,7.521342557,7.597315714,7.674056277,7.751571997,7.829870704,7.908960307,7.988848795,8.069544238,8.151054786,8.233388672,8.316554214,8.400559813,8.485413952
2,1,28,6.276663869,6.340064514,6.404105569,6.468793505,6.534134853,6.600136215,6.666804258,6.734145715,6.802167389,6.87087615,6.94027894,7.010382767,7.081194715,7.152721934,7.22497165,7.297951162,7.37166784,7.446129132,7.521342557,7.597315714,7.674056277,7.751571997,7.829870704,7.908960307,7.988848795,8.069544238,8.151054786,8.233388672,8.316554214,8.400559813
2,1,29,6.21389723,6.276663869,6.340064514,6.404105569,6.468793505,6.534134853,6.600136215,6.666804258,6.734145715,6.802167389,6.87087615,6.94027894,7.010382767,7.081194715,7.152721934,7.22497165,7.297951162,7.37166784,7.446129132,7.521342557,7.597315714,7.674056277,7.751571997,7.829870704,7.908960307,7.988848795,8.069544238,8.151054786,8.233388672,8.316554214
2,1,30,6.151758258,6.21389723,6.276663869,6.340064514,6.404105569,6.468793505,6.534134853,6.600136215,6.666804258,6.734145715,6.802167389,6.87087615,6.94027894,7.010382767,7.081194715,7.152721934,7.22497165,7.297951162,7.37166784,7.446129132,7.521342557,7.597315714,7.674056277,7.751571997,7.829870704,7.908960307,7.988848795,8.069544238,8.151054786,8.233388672
2,1,31,6.090240675,6.151758258,6.21389723,6.276663869,6.340064514,6.404105569,6.468793505,6.534134853,6.600136215,6.666804258,6.734145715,6.802167389,6.87087615,6.94027894,7.010382767,7.081194715,7.152721934,7.22497165,7.297951162,7.37166784,7.446129132,7.521342557,7.597315714,7.674056277,7.751571997,7.829870704,7.908960307,7.988848795,8.069544238,8.151054786
2,1,32,6.029338268,6.090240675,6.151758258,6.21389723,6.276663869,6.340064514,6.404105569,6.468793505,6.534134853,6.600136215,6.666804258,6.734145715,6.802167389,6.87087615,6.94027894,7.010382767,7.081194715,7.152721934,7.22497165,7.297951162,7.37166784,7.446129132,7.521342557,7.597315714,7.674056277,7.751571997,7.829870704,7.908960307,7.988848795,8.069544238
2,1,33,5.969044886,6.029338268,6.090240675,6.151758258,6.21389723,6.276663869,6.340064514,6.404105569,6.468793505,6.534134853,6.600136215,6.666804258,6.734145715,6.802167389,6.87087615,6.94027894,7.010382767,7.081194715,7.152721934,7.22497165,7.297951162,7.37166784,7.446129132,7.521342557,7.597315714,7.674056277,7.751571997,7.829870704,7.908960307,7.988848795
2,1,34,5.909354437,5.969044886,6.029338268,6.090240675,6.151758258,6.21389723,6.276663869,6.340064514,6.404105569,6.468793505,6.534134853,6.600136215,6.666804258,6.734145715,6.802167389,6.87087615,6.94027894,7.010382767,7.081194715,7.152721934,7.22497165,7.297951162,7.37166784,7.446129132,7.521342557,7.597315714,7.674056277,7.751571997,7.829870704,7.908960307
2,2,1,8.325584362,8.409681174,8.494627448,8.580431766,8.667102794,9.595884756,10.29097002,9.949340119,8.616240811,8.436084185,8.254921814,8.310392563,8.016352995,8.180917402,8.799918445,8.157287936,7.992238932,7.591273891,8.282906988,8.519916215,8.748793716,8.649785133,8.735415433,8.739286241,8.853342067,8.823610386,8.748957609,9.285135289,9.285135289,9.285135289
2,2,2,8.242328519,8.325584362,8.409681174,8.494627448,8.580431766,8.667102794,9.595884756,10.29097002,9.949340119,8.616240811,8.436084185,8.254921814,8.310392563,8.016352995,8.180917402,8.799918445,8.157287936,7.992238932,7.591273891,8.282906988,8.519916215,8.748793716,8.649785133,8.735415433,8.739286241,8.853342067,8.823610386,8.748957609,9.285135289,9.285135289
2,2,3,8.159905233,8.242328519,8.325584362,8.409681174,8.494627448,8.580431766,8.667102794,9.595884756,10.29097002,9.949340119,8.616240811,8.436084185,8.254921814,8.310392563,8.016352995,8.180917402,8.799918445,8.157287936,7.992238932,7.591273891,8.282906988,8.519916215,8.748793716,8.649785133,8.735415433,8.739286241,8.853342067,8.823610386,8.748957609,9.285135289
2,2,4,8.078306181,8.159905233,8.242328519,8.325584362,8.409681174,8.494627448,8.580431766,8.667102794,9.595884756,10.29097002,9.949340119,8.616240811,8.436084185,8.254921814,8.310392563,8.016352995,8.180917402,8.799918445,8.157287936,7.992238932,7.591273891,8.282906988,8.519916215,8.748793716,8.649785133,8.735415433,8.739286241,8.853342067,8.823610386,8.748957609
2,2,5,7.997523119,8.078306181,8.159905233,8.242328519,8.325584362,8.409681174,8.494627448,8.580431766,8.667102794,9.595884756,10.29097002,9.949340119,8.616240811,8.436084185,8.254921814,8.310392563,8.016352995,8.180917402,8.799918445,8.157287936,7.992238932,7.591273891,8.282906988,8.519916215,8.748793716,8.649785133,8.735415433,8.739286241,8.853342067,8.823610386
2,2,6,7.917547888,7.997523119,8.078306181,8.159905233,8.242328519,8.325584362,8.409681174,8.494627448,8.580431766,8.667102794,9.595884756,10.29097002,9.949340119,8.616240811,8.436084185,8.254921814,8.310392563,8.016352995,8.180917402,8.799918445,8.157287936,7.992238932,7.591273891,8.282906988,8.519916215,8.748793716,8.649785133,8.735415433,8.739286241,8.853342067
2,2,7,7.838372409,7.917547888,7.997523119,8.078306181,8.159905233,8.242328519,8.325584362,8.409681174,8.494627448,8.580431766,8.667102794,9.595884756,10.29097002,9.949340119,8.616240811,8.436084185,8.254921814,8.310392563,8.016352995,8.180917402,8.799918445,8.157287936,7.992238932,7.591273891,8.282906988,8.519916215,8.748793716,8.649785133,8.735415433,8.739286241
2,2,8,7.759988685,7.838372409,7.917547888,7.997523119,8.078306181,8.159905233,8.242328519,8.325584362,8.409681174,8.494627448,8.580431766,8.667102794,9.595884756,10.29097002,9.949340119,8.616240811,8.436084185,8.254921814,8.310392563,8.016352995,8.180917402,8.799918445,8.157287936,7.992238932,7.591273891,8.282906988,8.519916215,8.748793716,8.649785133,8.735415433
2,2,9,7.682388798,7.759988685,7.838372409,7.917547888,7.997523119,8.078306181,8.159905233,8.242328519,8.325584362,8.409681174,8.494627448,8.580431766,8.667102794,9.595884756,10.29097002,9.949340119,8.616240811,8.436084185,8.254921814,8.310392563,8.016352995,8.180917402,8.799918445,8.157287936,7.992238932,7.591273891,8.282906988,8.519916215,8.748793716,8.649785133
2,2,10,7.60556491,7.682388798,7.759988685,7.838372409,7.917547888,7.997523119,8.078306181,8.159905233,8.242328519,8.325584362,8.409681174,8.494627448,8.580431766,8.667102794,9.595884756,10.29097002,9.949340119,8.616240811,8.436084185,8.254921814,8.310392563,8.016352995,8.180917402,8.799918445,8.157287936,7.992238932,7.591273891,8.282906988,8.519916215,8.748793716
2,2,11,7.529509261,7.60556491,7.682388798,7.759988685,7.838372409,7.917547888,7.997523119,8.078306181,8.159905233,8.242328519,8.325584362,8.409681174,8.494627448,8.580431766,8.667102794,9.595884756,10.29097002,9.949340119,8.616240811,8.436084185,8.254921814,8.310392563,8.016352995,8.180917402,8.799918445,8.157287936,7.992238932,7.591273891,8.282906988,8.519916215
2,2,12,7.454214168,7.529509261,7.60556491,7.682388798,7.759988685,7.838372409,7.917547888,7.997523119,8.078306181,8.159905233,8.242328519,8.325584362,8.409681174,8.494627448,8.580431766,8.667102794,9.595884756,10.29097002,9.949340119,8.616240811,8.436084185,8.254921814,8.310392563,8.016352995,8.180917402,8.799918445,8.157287936,7.992238932,7.591273891,8.282906988
2,2,13,7.379672027,7.454214168,7.529509261,7.60556491,7.682388798,7.759988685,7.838372409,7.917547888,7.997523119,8.078306181,8.159905233,8.242328519,8.325584362,8.409681174,8.494627448,8.580431766,8.667102794,9.595884756,10.29097002,9.949340119,8.616240811,8.436084185,8.254921814,8.310392563,8.016352995,8.180917402,8.799918445,8.157287936,7.992238932,7.591273891
2,2,14,7.305875307,7.379672027,7.454214168,7.529509261,7.60556491,7.682388798,7.759988685,7.838372409,7.917547888,7.997523119,8.078306181,8.159905233,8.242328519,8.325584362,8.409681174,8.494627448,8.580431766,8.667102794,9.595884756,10.29097002,9.949340119,8.616240811,8.436084185,8.254921814,8.310392563,8.016352995,8.180917402,8.799918445,8.157287936,7.992238932
2,2,15,7.232816553,7.305875307,7.379672027,7.454214168,7.529509261,7.60556491,7.682388798,7.759988685,7.838372409,7.917547888,7.997523119,8.078306181,8.159905233,8.242328519,8.325584362,8.409681174,8.494627448,8.580431766,8.667102794,9.595884756,10.29097002,9.949340119,8.616240811,8.436084185,8.254921814,8.310392563,8.016352995,8.180917402,8.799918445,8.157287936
2,2,16,7.160488388,7.232816553,7.305875307,7.379672027,7.454214168,7.529509261,7.60556491,7.682388798,7.759988685,7.838372409,7.917547888,7.997523119,8.078306181,8.159905233,8.242328519,8.325584362,8.409681174,8.494627448,8.580431766,8.667102794,9.595884756,10.29097002,9.949340119,8.616240811,8.436084185,8.254921814,8.310392563,8.016352995,8.180917402,8.799918445
2,2,17,7.088883504,7.160488388,7.232816553,7.305875307,7.379672027,7.454214168,7.529509261,7.60556491,7.682388798,7.759988685,7.838372409,7.917547888,7.997523119,8.078306181,8.159905233,8.242328519,8.325584362,8.409681174,8.494627448,8.580431766,8.667102794,9.595884756,10.29097002,9.949340119,8.616240811,8.436084185,8.254921814,8.310392563,8.016352995,8.180917402
2,2,18,7.017994669,7.088883504,7.160488388,7.232816553,7.305875307,7.379672027,7.454214168,7.529509261,7.60556491,7.682388798,7.759988685,7.838372409,7.917547888,7.997523119,8.078306181,8.159905233,8.242328519,8.325584362,8.409681174,8.494627448,8.580431766,8.667102794,9.595884756,10.29097002,9.949340119,8.616240811,8.436084185,8.254921814,8.310392563,8.016352995
2,2,19,6.947814722,7.017994669,7.088883504,7.160488388,7.232816553,7.305875307,7.379672027,7.454214168,7.529509261,7.60556491,7.682388798,7.759988685,7.838372409,7.917547888,7.997523119,8.078306181,8.159905233,8.242328519,8.325584362,8.409681174,8.494627448,8.580431766,8.667102794,9.595884756,10.29097002,9.949340119,8.616240811,8.436084185,8.254921814,8.310392563
2,2,20,6.878336575,6.947814722,7.017994669,7.088883504,7.160488388,7.232816553,7.305875307,7.379672027,7.454214168,7.529509261,7.60556491,7.682388798,7.759988685,7.838372409,7.917547888,7.997523119,8.078306181,8.159905233,8.242328519,8.325584362,8.409681174,8.494627448,8.580431766,8.667102794,9.595884756,10.29097002,9.949340119,8.616240811,8.436084185,8.254921814
2,2,21,6.809553209,6.878336575,6.947814722,7.017994669,7.088883504,7.160488388,7.232816553,7.305875307,7.379672027,7.454214168,7.529509261,7.60556491,7.682388798,7.759988685,7.838372409,7.917547888,7.997523119,8.078306181,8.159905233,8.242328519,8.325584362,8.409681174,8.494627448,8.580431766,8.667102794,9.595884756,10.29097002,9.949340119,8.616240811,8.436084185
2,2,22,6.741457677,6.809553209,6.878336575,6.947814722,7.017994669,7.088883504,7.160488388,7.232816553,7.305875307,7.379672027,7.454214168,7.529509261,7.60556491,7.682388798,7.759988685,7.838372409,7.917547888,7.997523119,8.078306181,8.159905233,8.242328519,8.325584362,8.409681174,8.494627448,8.580431766,8.667102794,9.595884756,10.29097002,9.949340119,8.616240811
2,2,23,6.6740431,6.741457677,6.809553209,6.878336575,6.947814722,7.017994669,7.088883504,7.160488388,7.232816553,7.305875307,7.379672027,7.454214168,7.529509261,7.60556491,7.682388798,7.759988685,7.838372409,7.917547888,7.997523119,8.078306181,8.159905233,8.242328519,8.325584362,8.409681174,8.494627448,8.580431766,8.667102794,9.595884756,10.29097002,9.949340119
2,2,24,6.607302669,6.6740431,6.741457677,6.809553209,6.878336575,6.947814722,7.017994669,7.088883504,7.160488388,7.232816553,7.305875307,7.379672027,7.454214168,7.529509261,7.60556491,7.682388798,7.759988685,7.838372409,7.917547888,7.997523119,8.078306181,8.159905233,8.242328519,8.325584362,8.409681174,8.494627448,8.580431766,8.667102794,9.595884756,10.29097002
2,2,25,6.541229643,6.607302669,6.6740431,6.741457677,6.809553209,6.878336575,6.947814722,7.017994669,7.088883504,7.160488388,7.232816553,7.305875307,7.379672027,7.454214168,7.529509261,7.60556491,7.682388798,7.759988685,7.838372409,7.917547888,7.997523119,8.078306181,8.159905233,8.242328519,8.325584362,8.409681174,8.494627448,8.580431766,8.667102794,9.595884756
2,2,26,6.475817346,6.541229643,6.607302669,6.6740431,6.741457677,6.809553209,6.878336575,6.947814722,7.017994669,7.088883504,7.160488388,7.232816553,7.305875307,7.379672027,7.454214168,7.529509261,7.60556491,7.682388798,7.759988685,7.838372409,7.917547888,7.997523119,8.078306181,8.159905233,8.242328519,8.325584362,8.409681174,8.494627448,8.580431766,8.667102794
2,2,27,6.411059173,6.475817346,6.541229643,6.607302669,6.6740431,6.741457677,6.809553209,6.878336575,6.947814722,7.017994669,7.088883504,7.160488388,7.232816553,7.305875307,7.379672027,7.454214168,7.529509261,7.60556491,7.682388798,7.759988685,7.838372409,7.917547888,7.997523119,8.078306181,8.159905233,8.242328519,8.325584362,8.409681174,8.494627448,8.580431766
2,2,28,6.346948581,6.411059173,6.475817346,6.541229643,6.607302669,6.6740431,6.741457677,6.809553209,6.878336575,6.947814722,7.017994669,7.088883504,7.160488388,7.232816553,7.305875307,7.379672027,7.454214168,7.529509261,7.60556491,7.682388798,7.759988685,7.838372409,7.917547888,7.997523119,8.078306181,8.159905233,8.242328519,8.325584362,8.409681174,8.494627448
2,2,29,6.283479095,6.346948581,6.411059173,6.475817346,6.541229643,6.607302669,6.6740431,6.741457677,6.809553209,6.878336575,6.947814722,7.017994669,7.088883504,7.160488388,7.232816553,7.305875307,7.379672027,7.454214168,7.529509261,7.60556491,7.682388798,7.759988685,7.838372409,7.917547888,7.997523119,8.078306181,8.159905233,8.242328519,8.325584362,8.409681174
2,2,30,6.220644304,6.283479095,6.346948581,6.411059173,6.475817346,6.541229643,6.607302669,6.6740431,6.741457677,6.809553209,6.878336575,6.947814722,7.017994669,7.088883504,7.160488388,7.232816553,7.305875307,7.379672027,7.454214168,7.529509261,7.60556491,7.682388798,7.759988685,7.838372409,7.917547888,7.997523119,8.078306181,8.159905233,8.242328519,8.325584362
2,2,31,6.158437861,6.220644304,6.283479095,6.346948581,6.411059173,6.475817346,6.541229643,6.607302669,6.6740431,6.741457677,6.809553209,6.878336575,6.947814722,7.017994669,7.088883504,7.160488388,7.232816553,7.305875307,7.379672027,7.454214168,7.529509261,7.60556491,7.682388798,7.759988685,7.838372409,7.917547888,7.997523119,8.078306181,8.159905233,8.242328519
2,2,32,6.096853483,6.158437861,6.220644304,6.283479095,6.346948581,6.411059173,6.475817346,6.541229643,6.607302669,6.6740431,6.741457677,6.809553209,6.878336575,6.947814722,7.017994669,7.088883504,7.160488388,7.232816553,7.305875307,7.379672027,7.454214168,7.529509261,7.60556491,7.682388798,7.759988685,7.838372409,7.917547888,7.997523119,8.078306181,8.159905233
2,2,33,6.035884948,6.096853483,6.158437861,6.220644304,6.283479095,6.346948581,6.411059173,6.475817346,6.541229643,6.607302669,6.6740431,6.741457677,6.809553209,6.878336575,6.947814722,7.017994669,7.088883504,7.160488388,7.232816553,7.305875307,7.379672027,7.454214168,7.529509261,7.60556491,7.682388798,7.759988685,7.838372409,7.917547888,7.997523119,8.078306181
2,2,34,5.975526098,6.035884948,6.096853483,6.158437861,6.220644304,6.283479095,6.346948581,6.411059173,6.475817346,6.541229643,6.607302669,6.6740431,6.741457677,6.809553209,6.878336575,6.947814722,7.017994669,7.088883504,7.160488388,7.232816553,7.305875307,7.379672027,7.454214168,7.529509261,7.60556491,7.682388798,7.759988685,7.838372409,7.917547888,7.997523119
2,3,1,6.66046749,6.727744939,6.795701959,6.864345413,6.933682235,7.676707805,8.232776013,7.959472095,6.892992649,6.748867348,6.603937451,6.648314051,6.413082396,6.544733921,7.039934756,6.525830349,6.393791146,6.073019113,6.626325591,6.815932972,6.999034973,6.919828107,6.988332346,6.991428993,7.082673653,7.058888309,6.999166087,7.428108231,7.428108231,7.428108231
2,3,2,6.593862815,6.66046749,6.727744939,6.795701959,6.864345413,6.933682235,7.676707805,8.232776013,7.959472095,6.892992649,6.748867348,6.603937451,6.648314051,6.413082396,6.544733921,7.039934756,6.525830349,6.393791146,6.073019113,6.626325591,6.815932972,6.999034973,6.919828107,6.988332346,6.991428993,7.082673653,7.058888309,6.999166087,7.428108231,7.428108231
2,3,3,6.527924187,6.593862815,6.66046749,6.727744939,6.795701959,6.864345413,6.933682235,7.676707805,8.232776013,7.959472095,6.892992649,6.748867348,6.603937451,6.648314051,6.413082396,6.544733921,7.039934756,6.525830349,6.393791146,6.073019113,6.626325591,6.815932972,6.999034973,6.919828107,6.988332346,6.991428993,7.082673653,7.058888309,6.999166087,7.428108231
2,3,4,6.462644945,6.527924187,6.593862815,6.66046749,6.727744939,6.795701959,6.864345413,6.933682235,7.676707805,8.232776013,7.959472095,6.892992649,6.748867348,6.603937451,6.648314051,6.413082396,6.544733921,7.039934756,6.525830349,6.393791146,6.073019113,6.626325591,6.815932972,6.999034973,6.919828107,6.988332346,6.991428993,7.082673653,7.058888309,6.999166087
2,3,5,6.398018495,6.462644945,6.527924187,6.593862815,6.66046749,6.727744939,6.795701959,6.864345413,6.933682235,7.676707805,8.232776013,7.959472095,6.892992649,6.748867348,6.603937451,6.648314051,6.413082396,6.544733921,7.039934756,6.525830349,6.393791146,6.073019113,6.626325591,6.815932972,6.999034973,6.919828107,6.988332346,6.991428993,7.082673653,7.058888309
2,3,6,6.33403831,6.398018495,6.462644945,6.527924187,6.593862815,6.66046749,6.727744939,6.795701959,6.864345413,6.933682235,7.676707805,8.232776013,7.959472095,6.892992649,6.748867348,6.603937451,6.648314051,6.413082396,6.544733921,7.039934756,6.525830349,6.393791146,6.073019113,6.626325591,6.815932972,6.999034973,6.919828107,6.988332346,6.991428993,7.082673653
2,3,7,6.270697927,6.33403831,6.398018495,6.462644945,6.527924187,6.593862815,6.66046749,6.727744939,6.795701959,6.864345413,6.933682235,7.676707805,8.232776013,7.959472095,6.892992649,6.748867348,6.603937451,6.648314051,6.413082396,6.544733921,7.039934756,6.525830349,6.393791146,6.073019113,6.626325591,6.815932972,6.999034973,6.919828107,6.988332346,6.991428993
2,3,8,6.207990948,6.270697927,6.33403831,6.398018495,6.462644945,6.527924187,6.593862815,6.66046749,6.727744939,6.795701959,6.864345413,6.933682235,7.676707805,8.232776013,7.959472095,6.892992649,6.748867348,6.603937451,6.648314051,6.413082396,6.544733921,7.039934756,6.525830349,6.393791146,6.073019113,6.626325591,6.815932972,6.999034973,6.919828107,6.988332346
2,3,9,6.145911039,6.207990948,6.270697927,6.33403831,6.398018495,6.462644945,6.527924187,6.593862815,6.66046749,6.727744939,6.795701959,6.864345413,6.933682235,7.676707805,8.232776013,7.959472095,6.892992649,6.748867348,6.603937451,6.648314051,6.413082396,6.544733921,7.039934756,6.525830349,6.393791146,6.073019113,6.626325591,6.815932972,6.999034973,6.919828107
2,3,10,6.084451928,6.145911039,6.207990948,6.270697927,6.33403831,6.398018495,6.462644945,6.527924187,6.593862815,6.66046749,6.727744939,6.795701959,6.864345413,6.933682235,7.676707805,8.232776013,7.959472095,6.892992649,6.748867348,6.603937451,6.648314051,6.413082396,6.544733921,7.039934756,6.525830349,6.393791146,6.073019113,6.626325591,6.815932972,6.999034973
2,3,11,6.023607409,6.084451928,6.145911039,6.207990948,6.270697927,6.33403831,6.398018495,6.462644945,6.527924187,6.593862815,6.66046749,6.727744939,6.795701959,6.864345413,6.933682235,7.676707805,8.232776013,7.959472095,6.892992649,6.748867348,6.603937451,6.648314051,6.413082396,6.544733921,7.039934756,6.525830349,6.393791146,6.073019113,6.626325591,6.815932972
2,3,12,5.963371335,6.023607409,6.084451928,6.145911039,6.207990948,6.270697927,6.33403831,6.398018495,6.462644945,6.527924187,6.593862815,6.66046749,6.727744939,6.795701959,6.864345413,6.933682235,7.676707805,8.232776013,7.959472095,6.892992649,6.748867348,6.603937451,6.648314051,6.413082396,6.544733921,7.039934756,6.525830349,6.393791146,6.073019113,6.626325591
2,3,13,5.903737621,5.963371335,6.023607409,6.084451928,6.145911039,6.207990948,6.270697927,6.33403831,6.398018495,6.462644945,6.527924187,6.593862815,6.66046749,6.727744939,6.795701959,6.864345413,6.933682235,7.676707805,8.232776013,7.959472095,6.892992649,6.748867348,6.603937451,6.648314051,6.413082396,6.544733921,7.039934756,6.525830349,6.393791146,6.073019113
2,3,14,5.844700245,5.903737621,5.963371335,6.023607409,6.084451928,6.145911039,6.207990948,6.270697927,6.33403831,6.398018495,6.462644945,6.527924187,6.593862815,6.66046749,6.727744939,6.795701959,6.864345413,6.933682235,7.676707805,8.232776013,7.959472095,6.892992649,6.748867348,6.603937451,6.648314051,6.413082396,6.544733921,7.039934756,6.525830349,6.393791146
2,3,15,5.786253243,5.844700245,5.903737621,5.963371335,6.023607409,6.084451928,6.145911039,6.207990948,6.270697927,6.33403831,6.398018495,6.462644945,6.527924187,6.593862815,6.66046749,6.727744939,6.795701959,6.864345413,6.933682235,7.676707805,8.232776013,7.959472095,6.892992649,6.748867348,6.603937451,6.648314051,6.413082396,6.544733921,7.039934756,6.525830349
2,3,16,5.72839071,5.786253243,5.844700245,5.903737621,5.963371335,6.023607409,6.084451928,6.145911039,6.207990948,6.270697927,6.33403831,6.398018495,6.462644945,6.527924187,6.593862815,6.66046749,6.727744939,6.795701959,6.864345413,6.933682235,7.676707805,8.232776013,7.959472095,6.892992649,6.748867348,6.603937451,6.648314051,6.413082396,6.544733921,7.039934756
2,3,17,5.671106803,5.72839071,5.786253243,5.844700245,5.903737621,5.963371335,6.023607409,6.084451928,6.145911039,6.207990948,6.270697927,6.33403831,6.398018495,6.462644945,6.527924187,6.593862815,6.66046749,6.727744939,6.795701959,6.864345413,6.933682235,7.676707805,8.232776013,7.959472095,6.892992649,6.748867348,6.603937451,6.648314051,6.413082396,6.544733921
2,3,18,5.614395735,5.671106803,5.72839071,5.786253243,5.844700245,5.903737621,5.963371335,6.023607409,6.084451928,6.145911039,6.207990948,6.270697927,6.33403831,6.398018495,6.462644945,6.527924187,6.593862815,6.66046749,6.727744939,6.795701959,6.864345413,6.933682235,7.676707805,8.232776013,7.959472095,6.892992649,6.748867348,6.603937451,6.648314051,6.413082396
2,3,19,5.558251778,5.614395735,5.671106803,5.72839071,5.786253243,5.844700245,5.903737621,5.963371335,6.023607409,6.084451928,6.145911039,6.207990948,6.270697927,6.33403831,6.398018495,6.462644945,6.527924187,6.593862815,6.66046749,6.727744939,6.795701959,6.864345413,6.933682235,7.676707805,8.232776013,7.959472095,6.892992649,6.748867348,6.603937451,6.648314051
2,3,20,5.50266926,5.558251778,5.614395735,5.671106803,5.72839071,5.786253243,5.844700245,5.903737621,5.963371335,6.023607409,6.084451928,6.145911039,6.207990948,6.270697927,6.33403831,6.398018495,6.462644945,6.527924187,6.593862815,6.66046749,6.727744939,6.795701959,6.864345413,6.933682235,7.676707805,8.232776013,7.959472095,6.892992649,6.748867348,6.603937451
2,3,21,5.447642567,5.50266926,5.558251778,5.614395735,5.671106803,5.72839071,5.786253243,5.844700245,5.903737621,5.963371335,6.023607409,6.084451928,6.145911039,6.207990948,6.270697927,6.33403831,6.398018495,6.462644945,6.527924187,6.593862815,6.66046749,6.727744939,6.795701959,6.864345413,6.933682235,7.676707805,8.232776013,7.959472095,6.892992649,6.748867348
2,3,22,5.393166142,5.447642567,5.50266926,5.558251778,5.614395735,5.671106803,5.72839071,5.786253243,5.844700245,5.903737621,5.963371335,6.023607409,6.084451928,6.145911039,6.207990948,6.270697927,6.33403831,6.398018495,6.462644945,6.527924187,6.593862815,6.66046749,6.727744939,6.795701959,6.864345413,6.933682235,7.676707805,8.232776013,7.959472095,6.892992649
2,3,23,5.33923448,5.393166142,5.447642567,5.50266926,5.558251778,5.614395735,5.671106803,5.72839071,5.786253243,5.844700245,5.903737621,5.963371335,6.023607409,6.084451928,6.145911039,6.207990948,6.270697927,6.33403831,6.398018495,6.462644945,6.527924187,6.593862815,6.66046749,6.727744939,6.795701959,6.864345413,6.933682235,7.676707805,8.232776013,7.959472095
2,3,24,5.285842136,5.33923448,5.393166142,5.447642567,5.50266926,5.558251778,5.614395735,5.671106803,5.72839071,5.786253243,5.844700245,5.903737621,5.963371335,6.023607409,6.084451928,6.145911039,6.207990948,6.270697927,6.33403831,6.398018495,6.462644945,6.527924187,6.593862815,6.66046749,6.727744939,6.795701959,6.864345413,6.933682235,7.676707805,8.232776013
2,3,25,5.232983714,5.285842136,5.33923448,5.393166142,5.447642567,5.50266926,5.558251778,5.614395735,5.671106803,5.72839071,5.786253243,5.844700245,5.903737621,5.963371335,6.023607409,6.084451928,6.145911039,6.207990948,6.270697927,6.33403831,6.398018495,6.462644945,6.527924187,6.593862815,6.66046749,6.727744939,6.795701959,6.864345413,6.933682235,7.676707805
2,3,26,5.180653877,5.232983714,5.285842136,5.33923448,5.393166142,5.447642567,5.50266926,5.558251778,5.614395735,5.671106803,5.72839071,5.786253243,5.844700245,5.903737621,5.963371335,6.023607409,6.084451928,6.145911039,6.207990948,6.270697927,6.33403831,6.398018495,6.462644945,6.527924187,6.593862815,6.66046749,6.727744939,6.795701959,6.864345413,6.933682235
2,3,27,5.128847338,5.180653877,5.232983714,5.285842136,5.33923448,5.393166142,5.447642567,5.50266926,5.558251778,5.614395735,5.671106803,5.72839071,5.786253243,5.844700245,5.903737621,5.963371335,6.023607409,6.084451928,6.145911039,6.207990948,6.270697927,6.33403831,6.398018495,6.462644945,6.527924187,6.593862815,6.66046749,6.727744939,6.795701959,6.864345413
2,3,28,5.077558865,5.128847338,5.180653877,5.232983714,5.285842136,5.33923448,5.393166142,5.447642567,5.50266926,5.558251778,5.614395735,5.671106803,5.72839071,5.786253243,5.844700245,5.903737621,5.963371335,6.023607409,6.084451928,6.145911039,6.207990948,6.270697927,6.33403831,6.398018495,6.462644945,6.527924187,6.593862815,6.66046749,6.727744939,6.795701959
2,3,29,5.026783276,5.077558865,5.128847338,5.180653877,5.232983714,5.285842136,5.33923448,5.393166142,5.447642567,5.50266926,5.558251778,5.614395735,5.671106803,5.72839071,5.786253243,5.844700245,5.903737621,5.963371335,6.023607409,6.084451928,6.145911039,6.207990948,6.270697927,6.33403831,6.398018495,6.462644945,6.527924187,6.593862815,6.66046749,6.727744939
2,3,30,4.976515444,5.026783276,5.077558865,5.128847338,5.180653877,5.232983714,5.285842136,5.33923448,5.393166142,5.447642567,5.50266926,5.558251778,5.614395735,5.671106803,5.72839071,5.786253243,5.844700245,5.903737621,5.963371335,6.023607409,6.084451928,6.145911039,6.207990948,6.270697927,6.33403831,6.398018495,6.462644945,6.527924187,6.593862815,6.66046749
2,3,31,4.926750289,4.976515444,5.026783276,5.077558865,5.128847338,5.180653877,5.232983714,5.285842136,5.33923448,5.393166142,5.447642567,5.50266926,5.558251778,5.614395735,5.671106803,5.72839071,5.786253243,5.844700245,5.903737621,5.963371335,6.023607409,6.084451928,6.145911039,6.207990948,6.270697927,6.33403831,6.398018495,6.462644945,6.527924187,6.593862815
2,3,32,4.877482786,4.926750289,4.976515444,5.026783276,5.077558865,5.128847338,5.180653877,5.232983714,5.285842136,5.33923448,5.393166142,5.447642567,5.50266926,5.558251778,5.614395735,5.671106803,5.72839071,5.786253243,5.844700245,5.903737621,5.963371335,6.023607409,6.084451928,6.145911039,6.207990948,6.270697927,6.33403831,6.398018495,6.462644945,6.527924187
2,3,33,4.828707958,4.877482786,4.926750289,4.976515444,5.026783276,5.077558865,5.128847338,5.180653877,5.232983714,5.285842136,5.33923448,5.393166142,5.447642567,5.50266926,5.558251778,5.614395735,5.671106803,5.72839071,5.786253243,5.844700245,5.903737621,5.963371335,6.023607409,6.084451928,6.145911039,6.207990948,6.270697927,6.33403831,6.398018495,6.462644945
2,3,34,4.780420879,4.828707958,4.877482786,4.926750289,4.976515444,5.026783276,5.077558865,5.128847338,5.180653877,5.232983714,5.285842136,5.33923448,5.393166142,5.447642567,5.50266926,5.558251778,5.614395735,5.671106803,5.72839071,5.786253243,5.844700245,5.903737621,5.963371335,6.023607409,6.084451928,6.145911039,6.207990948,6.270697927,6.33403831,6.398018495
2,4,1,6.244188272,6.30726088,6.370970586,6.435323825,6.500327095,7.196913567,7.718227512,7.462005089,6.462180608,6.327063139,6.191191361,6.232794423,6.012264746,6.135688051,6.599938834,6.117965952,5.994179199,5.693455418,6.212180241,6.389937161,6.561595287,6.48733885,6.551561575,6.554464681,6.64000655,6.61770779,6.561718207,6.963851467,6.963851467,6.963851467
2,4,2,6.181746389,6.244188272,6.30726088,6.370970586,6.435323825,6.500327095,7.196913567,7.718227512,7.462005089,6.462180608,6.327063139,6.191191361,6.232794423,6.012264746,6.135688051,6.599938834,6.117965952,5.994179199,5.693455418,6.212180241,6.389937161,6.561595287,6.48733885,6.551561575,6.554464681,6.64000655,6.61770779,6.561718207,6.963851467,6.963851467
2,4,3,6.119928925,6.181746389,6.244188272,6.30726088,6.370970586,6.435323825,6.500327095,7.196913567,7.718227512,7.462005089,6.462180608,6.327063139,6.191191361,6.232794423,6.012264746,6.135688051,6.599938834,6.117965952,5.994179199,5.693455418,6.212180241,6.389937161,6.561595287,6.48733885,6.551561575,6.554464681,6.64000655,6.61770779,6.561718207,6.963851467
2,4,4,6.058729636,6.119928925,6.181746389,6.244188272,6.30726088,6.370970586,6.435323825,6.500327095,7.196913567,7.718227512,7.462005089,6.462180608,6.327063139,6.191191361,6.232794423,6.012264746,6.135688051,6.599938834,6.117965952,5.994179199,5.693455418,6.212180241,6.389937161,6.561595287,6.48733885,6.551561575,6.554464681,6.64000655,6.61770779,6.561718207
2,4,5,5.998142339,6.058729636,6.119928925,6.181746389,6.244188272,6.30726088,6.370970586,6.435323825,6.500327095,7.196913567,7.718227512,7.462005089,6.462180608,6.327063139,6.191191361,6.232794423,6.012264746,6.135688051,6.599938834,6.117965952,5.994179199,5.693455418,6.212180241,6.389937161,6.561595287,6.48733885,6.551561575,6.554464681,6.64000655,6.61770779
2,4,6,5.938160916,5.998142339,6.058729636,6.119928925,6.181746389,6.244188272,6.30726088,6.370970586,6.435323825,6.500327095,7.196913567,7.718227512,7.462005089,6.462180608,6.327063139,6.191191361,6.232794423,6.012264746,6.135688051,6.599938834,6.117965952,5.994179199,5.693455418,6.212180241,6.389937161,6.561595287,6.48733885,6.551561575,6.554464681,6.64000655
2,4,7,5.878779307,5.938160916,5.998142339,6.058729636,6.119928925,6.181746389,6.244188272,6.30726088,6.370970586,6.435323825,6.500327095,7.196913567,7.718227512,7.462005089,6.462180608,6.327063139,6.191191361,6.232794423,6.012264746,6.135688051,6.599938834,6.117965952,5.994179199,5.693455418,6.212180241,6.389937161,6.561595287,6.48733885,6.551561575,6.554464681
2,4,8,5.819991514,5.878779307,5.938160916,5.998142339,6.058729636,6.119928925,6.181746389,6.244188272,6.30726088,6.370970586,6.435323825,6.500327095,7.196913567,7.718227512,7.462005089,6.462180608,6.327063139,6.191191361,6.232794423,6.012264746,6.135688051,6.599938834,6.117965952,5.994179199,5.693455418,6.212180241,6.389937161,6.561595287,6.48733885,6.551561575
2,4,9,5.761791599,5.819991514,5.878779307,5.938160916,5.998142339,6.058729636,6.119928925,6.181746389,6.244188272,6.30726088,6.370970586,6.435323825,6.500327095,7.196913567,7.718227512,7.462005089,6.462180608,6.327063139,6.191191361,6.232794423,6.012264746,6.135688051,6.599938834,6.117965952,5.994179199,5.693455418,6.212180241,6.389937161,6.561595287,6.48733885
2,4,10,5.704173683,5.761791599,5.819991514,5.878779307,5.938160916,5.998142339,6.058729636,6.119928925,6.181746389,6.244188272,6.30726088,6.370970586,6.435323825,6.500327095,7.196913567,7.718227512,7.462005089,6.462180608,6.327063139,6.191191361,6.232794423,6.012264746,6.135688051,6.599938834,6.117965952,5.994179199,5.693455418,6.212180241,6.389937161,6.561595287
2,4,11,5.647131946,5.704173683,5.761791599,5.819991514,5.878779307,5.938160916,5.998142339,6.058729636,6.119928925,6.181746389,6.244188272,6.30726088,6.370970586,6.435323825,6.500327095,7.196913567,7.718227512,7.462005089,6.462180608,6.327063139,6.191191361,6.232794423,6.012264746,6.135688051,6.599938834,6.117965952,5.994179199,5.693455418,6.212180241,6.389937161
2,4,12,5.590660626,5.647131946,5.704173683,5.761791599,5.819991514,5.878779307,5.938160916,5.998142339,6.058729636,6.119928925,6.181746389,6.244188272,6.30726088,6.370970586,6.435323825,6.500327095,7.196913567,7.718227512,7.462005089,6.462180608,6.327063139,6.191191361,6.232794423,6.012264746,6.135688051,6.599938834,6.117965952,5.994179199,5.693455418,6.212180241
2,4,13,5.53475402,5.590660626,5.647131946,5.704173683,5.761791599,5.819991514,5.878779307,5.938160916,5.998142339,6.058729636,6.119928925,6.181746389,6.244188272,6.30726088,6.370970586,6.435323825,6.500327095,7.196913567,7.718227512,7.462005089,6.462180608,6.327063139,6.191191361,6.232794423,6.012264746,6.135688051,6.599938834,6.117965952,5.994179199,5.693455418
2,4,14,5.47940648,5.53475402,5.590660626,5.647131946,5.704173683,5.761791599,5.819991514,5.878779307,5.938160916,5.998142339,6.058729636,6.119928925,6.181746389,6.244188272,6.30726088,6.370970586,6.435323825,6.500327095,7.196913567,7.718227512,7.462005089,6.462180608,6.327063139,6.191191361,6.232794423,6.012264746,6.135688051,6.599938834,6.117965952,5.994179199
2,4,15,5.424612415,5.47940648,5.53475402,5.590660626,5.647131946,5.704173683,5.761791599,5.819991514,5.878779307,5.938160916,5.998142339,6.058729636,6.119928925,6.181746389,6.244188272,6.30726088,6.370970586,6.435323825,6.500327095,7.196913567,7.718227512,7.462005089,6.462180608,6.327063139,6.191191361,6.232794423,6.012264746,6.135688051,6.599938834,6.117965952
2,4,16,5.370366291,5.424612415,5.47940648,5.53475402,5.590660626,5.647131946,5.704173683,5.761791599,5.819991514,5.878779307,5.938160916,5.998142339,6.058729636,6.119928925,6.181746389,6.244188272,6.30726088,6.370970586,6.435323825,6.500327095,7.196913567,7.718227512,7.462005089,6.462180608,6.327063139,6.191191361,6.232794423,6.012264746,6.135688051,6.599938834
2,4,17,5.316662628,5.370366291,5.424612415,5.47940648,5.53475402,5.590660626,5.647131946,5.704173683,5.761791599,5.819991514,5.878779307,5.938160916,5.998142339,6.058729636,6.119928925,6.181746389,6.244188272,6.30726088,6.370970586,6.435323825,6.500327095,7.196913567,7.718227512,7.462005089,6.462180608,6.327063139,6.191191361,6.232794423,6.012264746,6.135688051
2,4,18,5.263496002,5.316662628,5.370366291,5.424612415,5.47940648,5.53475402,5.590660626,5.647131946,5.704173683,5.761791599,5.819991514,5.878779307,5.938160916,5.998142339,6.058729636,6.119928925,6.181746389,6.244188272,6.30726088,6.370970586,6.435323825,6.500327095,7.196913567,7.718227512,7.462005089,6.462180608,6.327063139,6.191191361,6.232794423,6.012264746
2,4,19,5.210861042,5.263496002,5.316662628,5.370366291,5.424612415,5.47940648,5.53475402,5.590660626,5.647131946,5.704173683,5.761791599,5.819991514,5.878779307,5.938160916,5.998142339,6.058729636,6.119928925,6.181746389,6.244188272,6.30726088,6.370970586,6.435323825,6.500327095,7.196913567,7.718227512,7.462005089,6.462180608,6.327063139,6.191191361,6.232794423
2,4,20,5.158752431,5.210861042,5.263496002,5.316662628,5.370366291,5.424612415,5.47940648,5.53475402,5.590660626,5.647131946,5.704173683,5.761791599,5.819991514,5.878779307,5.938160916,5.998142339,6.058729636,6.119928925,6.181746389,6.244188272,6.30726088,6.370970586,6.435323825,6.500327095,7.196913567,7.718227512,7.462005089,6.462180608,6.327063139,6.191191361
2,4,21,5.107164907,5.158752431,5.210861042,5.263496002,5.316662628,5.370366291,5.424612415,5.47940648,5.53475402,5.590660626,5.647131946,5.704173683,5.761791599,5.819991514,5.878779307,5.938160916,5.998142339,6.058729636,6.119928925,6.181746389,6.244188272,6.30726088,6.370970586,6.435323825,6.500327095,7.196913567,7.718227512,7.462005089,6.462180608,6.327063139
2,4,22,5.056093258,5.107164907,5.158752431,5.210861042,5.263496002,5.316662628,5.370366291,5.424612415,5.47940648,5.53475402,5.590660626,5.647131946,5.704173683,5.761791599,5.819991514,5.878779307,5.938160916,5.998142339,6.058729636,6.119928925,6.181746389,6.244188272,6.30726088,6.370970586,6.435323825,6.500327095,7.196913567,7.718227512,7.462005089,6.462180608
2,4,23,5.005532325,5.056093258,5.107164907,5.158752431,5.210861042,5.263496002,5.316662628,5.370366291,5.424612415,5.47940648,5.53475402,5.590660626,5.647131946,5.704173683,5.761791599,5.819991514,5.878779307,5.938160916,5.998142339,6.058729636,6.119928925,6.181746389,6.244188272,6.30726088,6.370970586,6.435323825,6.500327095,7.196913567,7.718227512,7.462005089
2,4,24,4.955477002,5.005532325,5.056093258,5.107164907,5.158752431,5.210861042,5.263496002,5.316662628,5.370366291,5.424612415,5.47940648,5.53475402,5.590660626,5.647131946,5.704173683,5.761791599,5.819991514,5.878779307,5.938160916,5.998142339,6.058729636,6.119928925,6.181746389,6.244188272,6.30726088,6.370970586,6.435323825,6.500327095,7.196913567,7.718227512
2,4,25,4.905922232,4.955477002,5.005532325,5.056093258,5.107164907,5.158752431,5.210861042,5.263496002,5.316662628,5.370366291,5.424612415,5.47940648,5.53475402,5.590660626,5.647131946,5.704173683,5.761791599,5.819991514,5.878779307,5.938160916,5.998142339,6.058729636,6.119928925,6.181746389,6.244188272,6.30726088,6.370970586,6.435323825,6.500327095,7.196913567
2,4,26,4.85686301,4.905922232,4.955477002,5.005532325,5.056093258,5.107164907,5.158752431,5.210861042,5.263496002,5.316662628,5.370366291,5.424612415,5.47940648,5.53475402,5.590660626,5.647131946,5.704173683,5.761791599,5.819991514,5.878779307,5.938160916,5.998142339,6.058729636,6.119928925,6.181746389,6.244188272,6.30726088,6.370970586,6.435323825,6.500327095
2,4,27,4.80829438,4.85686301,4.905922232,4.955477002,5.005532325,5.056093258,5.107164907,5.158752431,5.210861042,5.263496002,5.316662628,5.370366291,5.424612415,5.47940648,5.53475402,5.590660626,5.647131946,5.704173683,5.761791599,5.819991514,5.878779307,5.938160916,5.998142339,6.058729636,6.119928925,6.181746389,6.244188272,6.30726088,6.370970586,6.435323825
2,4,28,4.760211436,4.80829438,4.85686301,4.905922232,4.955477002,5.005532325,5.056093258,5.107164907,5.158752431,5.210861042,5.263496002,5.316662628,5.370366291,5.424612415,5.47940648,5.53475402,5.590660626,5.647131946,5.704173683,5.761791599,5.819991514,5.878779307,5.938160916,5.998142339,6.058729636,6.119928925,6.181746389,6.244188272,6.30726088,6.370970586
2,4,29,4.712609322,4.760211436,4.80829438,4.85686301,4.905922232,4.955477002,5.005532325,5.056093258,5.107164907,5.158752431,5.210861042,5.263496002,5.316662628,5.370366291,5.424612415,5.47940648,5.53475402,5.590660626,5.647131946,5.704173683,5.761791599,5.819991514,5.878779307,5.938160916,5.998142339,6.058729636,6.119928925,6.181746389,6.244188272,6.30726088
2,4,30,4.665483228,4.712609322,4.760211436,4.80829438,4.85686301,4.905922232,4.955477002,5.005532325,5.056093258,5.107164907,5.158752431,5.210861042,5.263496002,5.316662628,5.370366291,5.424612415,5.47940648,5.53475402,5.590660626,5.647131946,5.704173683,5.761791599,5.819991514,5.878779307,5.938160916,5.998142339,6.058729636,6.119928925,6.181746389,6.244188272
2,4,31,4.618828396,4.665483228,4.712609322,4.760211436,4.80829438,4.85686301,4.905922232,4.955477002,5.005532325,5.056093258,5.107164907,5.158752431,5.210861042,5.263496002,5.316662628,5.370366291,5.424612415,5.47940648,5.53475402,5.590660626,5.647131946,5.704173683,5.761791599,5.819991514,5.878779307,5.938160916,5.998142339,6.058729636,6.119928925,6.181746389
2,4,32,4.572640112,4.618828396,4.665483228,4.712609322,4.760211436,4.80829438,4.85686301,4.905922232,4.955477002,5.005532325,5.056093258,5.107164907,5.158752431,5.210861042,5.263496002,5.316662628,5.370366291,5.424612415,5.47940648,5.53475402,5.590660626,5.647131946,5.704173683,5.761791599,5.819991514,5.878779307,5.938160916,5.998142339,6.058729636,6.119928925
2,4,33,4.526913711,4.572640112,4.618828396,4.665483228,4.712609322,4.760211436,4.80829438,4.85686301,4.905922232,4.955477002,5.005532325,5.056093258,5.107164907,5.158752431,5.210861042,5.263496002,5.316662628,5.370366291,5.424612415,5.47940648,5.53475402,5.590660626,5.647131946,5.704173683,5.761791599,5.819991514,5.878779307,5.938160916,5.998142339,6.058729636
2,4,34,4.481644574,4.526913711,4.572640112,4.618828396,4.665483228,4.712609322,4.760211436,4.80829438,4.85686301,4.905922232,4.955477002,5.005532325,5.056093258,5.107164907,5.158752431,5.210861042,5.263496002,5.316662628,5.370366291,5.424612415,5.47940648,5.53475402,5.590660626,5.647131946,5.704173683,5.761791599,5.819991514,5.878779307,5.938160916,5.998142339
2,5,1,7.57628177,7.652809868,7.730110978,7.808192907,7.887063543,8.732255128,9.364782715,9.053899508,7.840779138,7.676836609,7.511978851,7.562457233,7.294881225,7.444634835,8.007925785,7.423132022,7.272937428,6.908059241,7.537445359,7.753123755,7.961402282,7.871304471,7.949228044,7.95275048,8.056541281,8.029485451,7.961551424,8.449473113,8.449473113,8.449473113
2,5,2,7.500518952,7.57628177,7.652809868,7.730110978,7.808192907,7.887063543,8.732255128,9.364782715,9.053899508,7.840779138,7.676836609,7.511978851,7.562457233,7.294881225,7.444634835,8.007925785,7.423132022,7.272937428,6.908059241,7.537445359,7.753123755,7.961402282,7.871304471,7.949228044,7.95275048,8.056541281,8.029485451,7.961551424,8.449473113,8.449473113
2,5,3,7.425513762,7.500518952,7.57628177,7.652809868,7.730110978,7.808192907,7.887063543,8.732255128,9.364782715,9.053899508,7.840779138,7.676836609,7.511978851,7.562457233,7.294881225,7.444634835,8.007925785,7.423132022,7.272937428,6.908059241,7.537445359,7.753123755,7.961402282,7.871304471,7.949228044,7.95275048,8.056541281,8.029485451,7.961551424,8.449473113
2,5,4,7.351258625,7.425513762,7.500518952,7.57628177,7.652809868,7.730110978,7.808192907,7.887063543,8.732255128,9.364782715,9.053899508,7.840779138,7.676836609,7.511978851,7.562457233,7.294881225,7.444634835,8.007925785,7.423132022,7.272937428,6.908059241,7.537445359,7.753123755,7.961402282,7.871304471,7.949228044,7.95275048,8.056541281,8.029485451,7.961551424
2,5,5,7.277746038,7.351258625,7.425513762,7.500518952,7.57628177,7.652809868,7.730110978,7.808192907,7.887063543,8.732255128,9.364782715,9.053899508,7.840779138,7.676836609,7.511978851,7.562457233,7.294881225,7.444634835,8.007925785,7.423132022,7.272937428,6.908059241,7.537445359,7.753123755,7.961402282,7.871304471,7.949228044,7.95275048,8.056541281,8.029485451
2,5,6,7.204968578,7.277746038,7.351258625,7.425513762,7.500518952,7.57628177,7.652809868,7.730110978,7.808192907,7.887063543,8.732255128,9.364782715,9.053899508,7.840779138,7.676836609,7.511978851,7.562457233,7.294881225,7.444634835,8.007925785,7.423132022,7.272937428,6.908059241,7.537445359,7.753123755,7.961402282,7.871304471,7.949228044,7.95275048,8.056541281
2,5,7,7.132918892,7.204968578,7.277746038,7.351258625,7.425513762,7.500518952,7.57628177,7.652809868,7.730110978,7.808192907,7.887063543,8.732255128,9.364782715,9.053899508,7.840779138,7.676836609,7.511978851,7.562457233,7.294881225,7.444634835,8.007925785,7.423132022,7.272937428,6.908059241,7.537445359,7.753123755,7.961402282,7.871304471,7.949228044,7.95275048
2,5,8,7.061589703,7.132918892,7.204968578,7.277746038,7.351258625,7.425513762,7.500518952,7.57628177,7.652809868,7.730110978,7.808192907,7.887063543,8.732255128,9.364782715,9.053899508,7.840779138,7.676836609,7.511978851,7.562457233,7.294881225,7.444634835,8.007925785,7.423132022,7.272937428,6.908059241,7.537445359,7.753123755,7.961402282,7.871304471,7.949228044
2,5,9,6.990973806,7.061589703,7.132918892,7.204968578,7.277746038,7.351258625,7.425513762,7.500518952,7.57628177,7.652809868,7.730110978,7.808192907,7.887063543,8.732255128,9.364782715,9.053899508,7.840779138,7.676836609,7.511978851,7.562457233,7.294881225,7.444634835,8.007925785,7.423132022,7.272937428,6.908059241,7.537445359,7.753123755,7.961402282,7.871304471
2,5,10,6.921064068,6.990973806,7.061589703,7.132918892,7.204968578,7.277746038,7.351258625,7.425513762,7.500518952,7.57628177,7.652809868,7.730110978,7.808192907,7.887063543,8.732255128,9.364782715,9.053899508,7.840779138,7.676836609,7.511978851,7.562457233,7.294881225,7.444634835,8.007925785,7.423132022,7.272937428,6.908059241,7.537445359,7.753123755,7.961402282
2,5,11,6.851853428,6.921064068,6.990973806,7.061589703,7.132918892,7.204968578,7.277746038,7.351258625,7.425513762,7.500518952,7.57628177,7.652809868,7.730110978,7.808192907,7.887063543,8.732255128,9.364782715,9.053899508,7.840779138,7.676836609,7.511978851,7.562457233,7.294881225,7.444634835,8.007925785,7.423132022,7.272937428,6.908059241,7.537445359,7.753123755
2,5,12,6.783334893,6.851853428,6.921064068,6.990973806,7.061589703,7.132918892,7.204968578,7.277746038,7.351258625,7.425513762,7.500518952,7.57628177,7.652809868,7.730110978,7.808192907,7.887063543,8.732255128,9.364782715,9.053899508,7.840779138,7.676836609,7.511978851,7.562457233,7.294881225,7.444634835,8.007925785,7.423132022,7.272937428,6.908059241,7.537445359
2,5,13,6.715501544,6.783334893,6.851853428,6.921064068,6.990973806,7.061589703,7.132918892,7.204968578,7.277746038,7.351258625,7.425513762,7.500518952,7.57628177,7.652809868,7.730110978,7.808192907,7.887063543,8.732255128,9.364782715,9.053899508,7.840779138,7.676836609,7.511978851,7.562457233,7.294881225,7.444634835,8.007925785,7.423132022,7.272937428,6.908059241
2,5,14,6.648346529,6.715501544,6.783334893,6.851853428,6.921064068,6.990973806,7.061589703,7.132918892,7.204968578,7.277746038,7.351258625,7.425513762,7.500518952,7.57628177,7.652809868,7.730110978,7.808192907,7.887063543,8.732255128,9.364782715,9.053899508,7.840779138,7.676836609,7.511978851,7.562457233,7.294881225,7.444634835,8.007925785,7.423132022,7.272937428
2,5,15,6.581863064,6.648346529,6.715501544,6.783334893,6.851853428,6.921064068,6.990973806,7.061589703,7.132918892,7.204968578,7.277746038,7.351258625,7.425513762,7.500518952,7.57628177,7.652809868,7.730110978,7.808192907,7.887063543,8.732255128,9.364782715,9.053899508,7.840779138,7.676836609,7.511978851,7.562457233,7.294881225,7.444634835,8.007925785,7.423132022
2,5,16,6.516044433,6.581863064,6.648346529,6.715501544,6.783334893,6.851853428,6.921064068,6.990973806,7.061589703,7.132918892,7.204968578,7.277746038,7.351258625,7.425513762,7.500518952,7.57628177,7.652809868,7.730110978,7.808192907,7.887063543,8.732255128,9.364782715,9.053899508,7.840779138,7.676836609,7.511978851,7.562457233,7.294881225,7.444634835,8.007925785
2,5,17,6.450883989,6.516044433,6.581863064,6.648346529,6.715501544,6.783334893,6.851853428,6.921064068,6.990973806,7.061589703,7.132918892,7.204968578,7.277746038,7.351258625,7.425513762,7.500518952,7.57628177,7.652809868,7.730110978,7.808192907,7.887063543,8.732255128,9.364782715,9.053899508,7.840779138,7.676836609,7.511978851,7.562457233,7.294881225,7.444634835
2,5,18,6.386375149,6.450883989,6.516044433,6.581863064,6.648346529,6.715501544,6.783334893,6.851853428,6.921064068,6.990973806,7.061589703,7.132918892,7.204968578,7.277746038,7.351258625,7.425513762,7.500518952,7.57628177,7.652809868,7.730110978,7.808192907,7.887063543,8.732255128,9.364782715,9.053899508,7.840779138,7.676836609,7.511978851,7.562457233,7.294881225
2,5,19,6.322511397,6.386375149,6.450883989,6.516044433,6.581863064,6.648346529,6.715501544,6.783334893,6.851853428,6.921064068,6.990973806,7.061589703,7.132918892,7.204968578,7.277746038,7.351258625,7.425513762,7.500518952,7.57628177,7.652809868,7.730110978,7.808192907,7.887063543,8.732255128,9.364782715,9.053899508,7.840779138,7.676836609,7.511978851,7.562457233
2,5,20,6.259286283,6.322511397,6.386375149,6.450883989,6.516044433,6.581863064,6.648346529,6.715501544,6.783334893,6.851853428,6.921064068,6.990973806,7.061589703,7.132918892,7.204968578,7.277746038,7.351258625,7.425513762,7.500518952,7.57628177,7.652809868,7.730110978,7.808192907,7.887063543,8.732255128,9.364782715,9.053899508,7.840779138,7.676836609,7.511978851
2,5,21,6.196693421,6.259286283,6.322511397,6.386375149,6.450883989,6.516044433,6.581863064,6.648346529,6.715501544,6.783334893,6.851853428,6.921064068,6.990973806,7.061589703,7.132918892,7.204968578,7.277746038,7.351258625,7.425513762,7.500518952,7.57628177,7.652809868,7.730110978,7.808192907,7.887063543,8.732255128,9.364782715,9.053899508,7.840779138,7.676836609
2,5,22,6.134726486,6.196693421,6.259286283,6.322511397,6.386375149,6.450883989,6.516044433,6.581863064,6.648346529,6.715501544,6.783334893,6.851853428,6.921064068,6.990973806,7.061589703,7.132918892,7.204968578,7.277746038,7.351258625,7.425513762,7.500518952,7.57628177,7.652809868,7.730110978,7.808192907,7.887063543,8.732255128,9.364782715,9.053899508,7.840779138
2,5,23,6.073379221,6.134726486,6.196693421,6.259286283,6.322511397,6.386375149,6.450883989,6.516044433,6.581863064,6.648346529,6.715501544,6.783334893,6.851853428,6.921064068,6.990973806,7.061589703,7.132918892,7.204968578,7.277746038,7.351258625,7.425513762,7.500518952,7.57628177,7.652809868,7.730110978,7.808192907,7.887063543,8.732255128,9.364782715,9.053899508
2,5,24,6.012645429,6.073379221,6.134726486,6.196693421,6.259286283,6.322511397,6.386375149,6.450883989,6.516044433,6.581863064,6.648346529,6.715501544,6.783334893,6.851853428,6.921064068,6.990973806,7.061589703,7.132918892,7.204968578,7.277746038,7.351258625,7.425513762,7.500518952,7.57628177,7.652809868,7.730110978,7.808192907,7.887063543,8.732255128,9.364782715
2,5,25,5.952518975,6.012645429,6.073379221,6.134726486,6.196693421,6.259286283,6.322511397,6.386375149,6.450883989,6.516044433,6.581863064,6.648346529,6.715501544,6.783334893,6.851853428,6.921064068,6.990973806,7.061589703,7.132918892,7.204968578,7.277746038,7.351258625,7.425513762,7.500518952,7.57628177,7.652809868,7.730110978,7.808192907,7.887063543,8.732255128
2,5,26,5.892993785,5.952518975,6.012645429,6.073379221,6.134726486,6.196693421,6.259286283,6.322511397,6.386375149,6.450883989,6.516044433,6.581863064,6.648346529,6.715501544,6.783334893,6.851853428,6.921064068,6.990973806,7.061589703,7.132918892,7.204968578,7.277746038,7.351258625,7.425513762,7.500518952,7.57628177,7.652809868,7.730110978,7.808192907,7.887063543
2,5,27,5.834063847,5.892993785,5.952518975,6.012645429,6.073379221,6.134726486,6.196693421,6.259286283,6.322511397,6.386375149,6.450883989,6.516044433,6.581863064,6.648346529,6.715501544,6.783334893,6.851853428,6.921064068,6.990973806,7.061589703,7.132918892,7.204968578,7.277746038,7.351258625,7.425513762,7.500518952,7.57628177,7.652809868,7.730110978,7.808192907
2,5,28,5.775723209,5.834063847,5.892993785,5.952518975,6.012645429,6.073379221,6.134726486,6.196693421,6.259286283,6.322511397,6.386375149,6.450883989,6.516044433,6.581863064,6.648346529,6.715501544,6.783334893,6.851853428,6.921064068,6.990973806,7.061589703,7.132918892,7.204968578,7.277746038,7.351258625,7.425513762,7.500518952,7.57628177,7.652809868,7.730110978
2,5,29,5.717965977,5.775723209,5.834063847,5.892993785,5.952518975,6.012645429,6.073379221,6.134726486,6.196693421,6.259286283,6.322511397,6.386375149,6.450883989,6.516044433,6.581863064,6.648346529,6.715501544,6.783334893,6.851853428,6.921064068,6.990973806,7.061589703,7.132918892,7.204968578,7.277746038,7.351258625,7.425513762,7.500518952,7.57628177,7.652809868
2,5,30,5.660786317,5.717965977,5.775723209,5.834063847,5.892993785,5.952518975,6.012645429,6.073379221,6.134726486,6.196693421,6.259286283,6.322511397,6.386375149,6.450883989,6.516044433,6.581863064,6.648346529,6.715501544,6.783334893,6.851853428,6.921064068,6.990973806,7.061589703,7.132918892,7.204968578,7.277746038,7.351258625,7.425513762,7.500518952,7.57628177
2,5,31,5.604178454,5.660786317,5.717965977,5.775723209,5.834063847,5.892993785,5.952518975,6.012645429,6.073379221,6.134726486,6.196693421,6.259286283,6.322511397,6.386375149,6.450883989,6.516044433,6.581863064,6.648346529,6.715501544,6.783334893,6.851853428,6.921064068,6.990973806,7.061589703,7.132918892,7.204968578,7.277746038,7.351258625,7.425513762,7.500518952
2,5,32,5.548136669,5.604178454,5.660786317,5.717965977,5.775723209,5.834063847,5.892993785,5.952518975,6.012645429,6.073379221,6.134726486,6.196693421,6.259286283,6.322511397,6.386375149,6.450883989,6.516044433,6.581863064,6.648346529,6.715501544,6.783334893,6.851853428,6.921064068,6.990973806,7.061589703,7.132918892,7.204968578,7.277746038,7.351258625,7.425513762
2,5,33,5.492655303,5.548136669,5.604178454,5.660786317,5.717965977,5.775723209,5.834063847,5.892993785,5.952518975,6.012645429,6.073379221,6.134726486,6.196693421,6.259286283,6.322511397,6.386375149,6.450883989,6.516044433,6.581863064,6.648346529,6.715501544,6.783334893,6.851853428,6.921064068,6.990973806,7.061589703,7.132918892,7.204968578,7.277746038,7.351258625
2,5,34,5.43772875,5.492655303,5.548136669,5.604178454,5.660786317,5.717965977,5.775723209,5.834063847,5.892993785,5.952518975,6.012645429,6.073379221,6.134726486,6.196693421,6.259286283,6.322511397,6.386375149,6.450883989,6.516044433,6.581863064,6.648346529,6.715501544,6.783334893,6.851853428,6.921064068,6.990973806,7.061589703,7.132918892,7.204968578,7.277746038
2,6,1,0,0,0,0,26.22538336,26.22538336,26.22538336,26.22538336,26.22538336,26.22538336,26.22538336,26.22538336,26.22538336,26.22538336,26.22538336,26.22538336,26.22538336,26.22538336,26.22538336,26.22538336,26.22538336,26.22538336,26.22538336,26.23700426,26.5794216,26.49016143,26.26603955,27.87574722,27.87574722,27.87574722
2,6,2,0,0,0,0,0,26.22538336,26.22538336,26.22538336,26.22538336,26.22538336,26.22538336,26.22538336,26.22538336,26.22538336,26.22538336,26.22538336,26.22538336,26.22538336,26.22538336,26.22538336,26.22538336,26.22538336,26.22538336,26.22538336,26.23700426,26.5794216,26.49016143,26.26603955,27.87574722,27.87574722
2,6,3,0,0,0,0,0,0,26.22538336,26.22538336,26.22538336,26.22538336,26.22538336,26.22538336,26.22538336,26.22538336,26.22538336,26.22538336,26.22538336,26.22538336,26.22538336,26.22538336,26.22538336,26.22538336,26.22538336,26.22538336,26.22538336,26.23700426,26.5794216,26.49016143,26.26603955,27.87574722
2,6,4,0,0,0,0,0,0,0,26.22538336,26.22538336,26.22538336,26.22538336,26.22538336,26.22538336,26.22538336,26.22538336,26.22538336,26.22538336,26.22538336,26.22538336,26.22538336,26.22538336,26.22538336,26.22538336,26.22538336,26.22538336,26.22538336,26.23700426,26.5794216,26.49016143,26.26603955
2,6,5,0,0,0,0,0,0,0,0,26.22538336,26.22538336,26.22538336,26.22538336,26.22538336,26.22538336,26.22538336,26.22538336,26.22538336,26.22538336,26.22538336,26.22538336,26.22538336,26.22538336,26.22538336,26.22538336,26.22538336,26.22538336,26.22538336,26.23700426,26.5794216,26.49016143
2,6,6,0,0,0,0,0,0,0,0,0,26.22538336,26.22538336,26.22538336,26.22538336,26.22538336,26.22538336,26.22538336,26.22538336,26.22538336,26.22538336,26.22538336,26.22538336,26.22538336,26.22538336,26.22538336,26.22538336,26.22538336,26.22538336,26.22538336,26.23700426,26.5794216
2,6,7,0,0,0,0,0,0,0,0,0,0,26.22538336,26.22538336,26.22538336,26.22538336,26.22538336,26.22538336,26.22538336,26.22538336,26.22538336,26.22538336,26.22538336,26.22538336,26.22538336,26.22538336,26.22538336,26.22538336,26.22538336,26.22538336,26.22538336,26.23700426
2,6,8,0,0,0,0,0,0,0,0,0,0,0,26.22538336,26.22538336,26.22538336,26.22538336,26.22538336,26.22538336,26.22538336,26.22538336,26.22538336,26.22538336,26.22538336,26.22538336,26.22538336,26.22538336,26.22538336,26.22538336,26.22538336,26.22538336,26.22538336
2,6,9,0,0,0,0,0,0,0,0,0,0,0,0,26.22538336,26.22538336,26.22538336,26.22538336,26.22538336,26.22538336,26.22538336,26.22538336,26.22538336,26.22538336,26.22538336,26.22538336,26.22538336,26.22538336,26.22538336,26.22538336,26.22538336,26.22538336
2,6,10,0,0,0,0,0,0,0,0,0,0,0,0,0,26.22538336,26.22538336,26.22538336,26.22538336,26.22538336,26.22538336,26.22538336,26.22538336,26.22538336,26.22538336,26.22538336,26.22538336,26.22538336,26.22538336,26.22538336,26.22538336,26.22538336
2,6,11,0,0,0,0,0,0,0,0,0,0,0,0,0,0,26.22538336,26.22538336,26.22538336,26.22538336,26.22538336,26.22538336,26.22538336,26.22538336,26.22538336,26.22538336,26.22538336,26.22538336,26.22538336,26.22538336,26.22538336,26.22538336
2,6,12,0,0,0,0,0,0,0,0,0,0,0,0,0,0,0,26.22538336,26.22538336,26.22538336,26.22538336,26.22538336,26.22538336,26.22538336,26.22538336,26.22538336,26.22538336,26.22538336,26.22538336,26.22538336,26.22538336,26.22538336
2,6,13,0,0,0,0,0,0,0,0,0,0,0,0,0,0,0,0,26.22538336,26.22538336,26.22538336,26.22538336,26.22538336,26.22538336,26.22538336,26.22538336,26.22538336,26.22538336,26.22538336,26.22538336,26.22538336,26.22538336
2,6,14,0,0,0,0,0,0,0,0,0,0,0,0,0,0,0,0,0,26.22538336,26.22538336,26.22538336,26.22538336,26.22538336,26.22538336,26.22538336,26.22538336,26.22538336,26.22538336,26.22538336,26.22538336,26.22538336
2,6,15,0,0,0,0,0,0,0,0,0,0,0,0,0,0,0,0,0,0,26.22538336,26.22538336,26.22538336,26.22538336,26.22538336,26.22538336,26.22538336,26.22538336,26.22538336,26.22538336,26.22538336,26.22538336
2,6,16,0,0,0,0,0,0,0,0,0,0,0,0,0,0,0,0,0,0,0,26.22538336,26.22538336,26.22538336,26.22538336,26.22538336,26.22538336,26.22538336,26.22538336,26.22538336,26.22538336,26.22538336
2,6,17,0,0,0,0,0,0,0,0,0,0,0,0,0,0,0,0,0,0,0,0,26.22538336,26.22538336,26.22538336,26.22538336,26.22538336,26.22538336,26.22538336,26.22538336,26.22538336,26.22538336
2,6,18,0,0,0,0,0,0,0,0,0,0,0,0,0,0,0,0,0,0,0,0,0,26.22538336,26.22538336,26.22538336,26.22538336,26.22538336,26.22538336,26.22538336,26.22538336,26.22538336
2,6,19,0,0,0,0,0,0,0,0,0,0,0,0,0,0,0,0,0,0,0,0,0,0,26.22538336,26.22538336,26.22538336,26.22538336,26.22538336,26.22538336,26.22538336,26.22538336
2,6,20,0,0,0,0,0,0,0,0,0,0,0,0,0,0,0,0,0,0,0,0,0,0,0,26.22538336,26.22538336,26.22538336,26.22538336,26.22538336,26.22538336,26.22538336
2,6,21,0,0,0,0,0,0,0,0,0,0,0,0,0,0,0,0,0,0,0,0,0,0,0,0,26.22538336,26.22538336,26.22538336,26.22538336,26.22538336,26.22538336
2,6,22,0,0,0,0,0,0,0,0,0,0,0,0,0,0,0,0,0,0,0,0,0,0,0,0,0,26.22538336,26.22538336,26.22538336,26.22538336,26.22538336
2,6,23,0,0,0,0,0,0,0,0,0,0,0,0,0,0,0,0,0,0,0,0,0,0,0,0,0,0,26.22538336,26.22538336,26.22538336,26.22538336
2,6,24,0,0,0,0,0,0,0,0,0,0,0,0,0,0,0,0,0,0,0,0,0,0,0,0,0,0,0,26.22538336,26.22538336,26.22538336
2,6,25,0,0,0,0,0,0,0,0,0,0,0,0,0,0,0,0,0,0,0,0,0,0,0,0,0,0,0,0,26.22538336,26.22538336
2,6,26,0,0,0,0,0,0,0,0,0,0,0,0,0,0,0,0,0,0,0,0,0,0,0,0,0,0,0,0,0,26.22538336
2,6,27,0,0,0,0,0,0,0,0,0,0,0,0,0,0,0,0,0,0,0,0,0,0,0,0,0,0,0,0,0,0
2,6,28,0,0,0,0,0,0,0,0,0,0,0,0,0,0,0,0,0,0,0,0,0,0,0,0,0,0,0,0,0,0
2,6,29,0,0,0,0,0,0,0,0,0,0,0,0,0,0,0,0,0,0,0,0,0,0,0,0,0,0,0,0,0,0
2,6,30,0,0,0,0,0,0,0,0,0,0,0,0,0,0,0,0,0,0,0,0,0,0,0,0,0,0,0,0,0,0
2,6,31,0,0,0,0,0,0,0,0,0,0,0,0,0,0,0,0,0,0,0,0,0,0,0,0,0,0,0,0,0,0
2,6,32,0,0,0,0,0,0,0,0,0,0,0,0,0,0,0,0,0,0,0,0,0,0,0,0,0,0,0,0,0,0
2,6,33,0,0,0,0,0,0,0,0,0,0,0,0,0,0,0,0,0,0,0,0,0,0,0,0,0,0,0,0,0,0
2,6,34,0,0,0,0,0,0,0,0,0,0,0,0,0,0,0,0,0,0,0,0,0,0,0,0,0,0,0,0,0,0
3,1,1,5.506274564,5.561893499,5.618074242,5.674822466,5.732143905,5.691586574,5.57082303,5.410606004,5.355225405,5.491829761,5.597435901,5.657357659,5.562371244,5.696769595,5.835521554,5.963961441,5.94171574,5.895945858,5.951151357,6.047442112,6.180103871,6.344187142,6.582997121,6.763118675,6.92249934,7.009804523,7.094011007,7.094011007,7.094011007,7.094011007
3,1,2,5.451211819,5.506274564,5.561893499,5.618074242,5.674822466,5.732143905,5.691586574,5.57082303,5.410606004,5.355225405,5.491829761,5.597435901,5.657357659,5.562371244,5.696769595,5.835521554,5.963961441,5.94171574,5.895945858,5.951151357,6.047442112,6.180103871,6.344187142,6.582997121,6.763118675,6.92249934,7.009804523,7.094011007,7.094011007,7.094011007
3,1,3,5.396699701,5.451211819,5.506274564,5.561893499,5.618074242,5.674822466,5.732143905,5.691586574,5.57082303,5.410606004,5.355225405,5.491829761,5.597435901,5.657357659,5.562371244,5.696769595,5.835521554,5.963961441,5.94171574,5.895945858,5.951151357,6.047442112,6.180103871,6.344187142,6.582997121,6.763118675,6.92249934,7.009804523,7.094011007,7.094011007
3,1,4,5.342732704,5.396699701,5.451211819,5.506274564,5.561893499,5.618074242,5.674822466,5.732143905,5.691586574,5.57082303,5.410606004,5.355225405,5.491829761,5.597435901,5.657357659,5.562371244,5.696769595,5.835521554,5.963961441,5.94171574,5.895945858,5.951151357,6.047442112,6.180103871,6.344187142,6.582997121,6.763118675,6.92249934,7.009804523,7.094011007
3,1,5,5.289305376,5.342732704,5.396699701,5.451211819,5.506274564,5.561893499,5.618074242,5.674822466,5.732143905,5.691586574,5.57082303,5.410606004,5.355225405,5.491829761,5.597435901,5.657357659,5.562371244,5.696769595,5.835521554,5.963961441,5.94171574,5.895945858,5.951151357,6.047442112,6.180103871,6.344187142,6.582997121,6.763118675,6.92249934,7.009804523
3,1,6,5.236412323,5.289305376,5.342732704,5.396699701,5.451211819,5.506274564,5.561893499,5.618074242,5.674822466,5.732143905,5.691586574,5.57082303,5.410606004,5.355225405,5.491829761,5.597435901,5.657357659,5.562371244,5.696769595,5.835521554,5.963961441,5.94171574,5.895945858,5.951151357,6.047442112,6.180103871,6.344187142,6.582997121,6.763118675,6.92249934
3,1,7,5.184048199,5.236412323,5.289305376,5.342732704,5.396699701,5.451211819,5.506274564,5.561893499,5.618074242,5.674822466,5.732143905,5.691586574,5.57082303,5.410606004,5.355225405,5.491829761,5.597435901,5.657357659,5.562371244,5.696769595,5.835521554,5.963961441,5.94171574,5.895945858,5.951151357,6.047442112,6.180103871,6.344187142,6.582997121,6.763118675
3,1,8,5.132207717,5.184048199,5.236412323,5.289305376,5.342732704,5.396699701,5.451211819,5.506274564,5.561893499,5.618074242,5.674822466,5.732143905,5.691586574,5.57082303,5.410606004,5.355225405,5.491829761,5.597435901,5.657357659,5.562371244,5.696769595,5.835521554,5.963961441,5.94171574,5.895945858,5.951151357,6.047442112,6.180103871,6.344187142,6.582997121
3,1,9,5.08088564,5.132207717,5.184048199,5.236412323,5.289305376,5.342732704,5.396699701,5.451211819,5.506274564,5.561893499,5.618074242,5.674822466,5.732143905,5.691586574,5.57082303,5.410606004,5.355225405,5.491829761,5.597435901,5.657357659,5.562371244,5.696769595,5.835521554,5.963961441,5.94171574,5.895945858,5.951151357,6.047442112,6.180103871,6.344187142
3,1,10,5.030076784,5.08088564,5.132207717,5.184048199,5.236412323,5.289305376,5.342732704,5.396699701,5.451211819,5.506274564,5.561893499,5.618074242,5.674822466,5.732143905,5.691586574,5.57082303,5.410606004,5.355225405,5.491829761,5.597435901,5.657357659,5.562371244,5.696769595,5.835521554,5.963961441,5.94171574,5.895945858,5.951151357,6.047442112,6.180103871
3,1,11,4.979776016,5.030076784,5.08088564,5.132207717,5.184048199,5.236412323,5.289305376,5.342732704,5.396699701,5.451211819,5.506274564,5.561893499,5.618074242,5.674822466,5.732143905,5.691586574,5.57082303,5.410606004,5.355225405,5.491829761,5.597435901,5.657357659,5.562371244,5.696769595,5.835521554,5.963961441,5.94171574,5.895945858,5.951151357,6.047442112
3,1,12,4.929978256,4.979776016,5.030076784,5.08088564,5.132207717,5.184048199,5.236412323,5.289305376,5.342732704,5.396699701,5.451211819,5.506274564,5.561893499,5.618074242,5.674822466,5.732143905,5.691586574,5.57082303,5.410606004,5.355225405,5.491829761,5.597435901,5.657357659,5.562371244,5.696769595,5.835521554,5.963961441,5.94171574,5.895945858,5.951151357
3,1,13,4.880678473,4.929978256,4.979776016,5.030076784,5.08088564,5.132207717,5.184048199,5.236412323,5.289305376,5.342732704,5.396699701,5.451211819,5.506274564,5.561893499,5.618074242,5.674822466,5.732143905,5.691586574,5.57082303,5.410606004,5.355225405,5.491829761,5.597435901,5.657357659,5.562371244,5.696769595,5.835521554,5.963961441,5.94171574,5.895945858
3,1,14,4.831871689,4.880678473,4.929978256,4.979776016,5.030076784,5.08088564,5.132207717,5.184048199,5.236412323,5.289305376,5.342732704,5.396699701,5.451211819,5.506274564,5.561893499,5.618074242,5.674822466,5.732143905,5.691586574,5.57082303,5.410606004,5.355225405,5.491829761,5.597435901,5.657357659,5.562371244,5.696769595,5.835521554,5.963961441,5.94171574
3,1,15,4.783552972,4.831871689,4.880678473,4.929978256,4.979776016,5.030076784,5.08088564,5.132207717,5.184048199,5.236412323,5.289305376,5.342732704,5.396699701,5.451211819,5.506274564,5.561893499,5.618074242,5.674822466,5.732143905,5.691586574,5.57082303,5.410606004,5.355225405,5.491829761,5.597435901,5.657357659,5.562371244,5.696769595,5.835521554,5.963961441
3,1,16,4.735717442,4.783552972,4.831871689,4.880678473,4.929978256,4.979776016,5.030076784,5.08088564,5.132207717,5.184048199,5.236412323,5.289305376,5.342732704,5.396699701,5.451211819,5.506274564,5.561893499,5.618074242,5.674822466,5.732143905,5.691586574,5.57082303,5.410606004,5.355225405,5.491829761,5.597435901,5.657357659,5.562371244,5.696769595,5.835521554
3,1,17,4.688360268,4.735717442,4.783552972,4.831871689,4.880678473,4.929978256,4.979776016,5.030076784,5.08088564,5.132207717,5.184048199,5.236412323,5.289305376,5.342732704,5.396699701,5.451211819,5.506274564,5.561893499,5.618074242,5.674822466,5.732143905,5.691586574,5.57082303,5.410606004,5.355225405,5.491829761,5.597435901,5.657357659,5.562371244,5.696769595
3,1,18,4.641476665,4.688360268,4.735717442,4.783552972,4.831871689,4.880678473,4.929978256,4.979776016,5.030076784,5.08088564,5.132207717,5.184048199,5.236412323,5.289305376,5.342732704,5.396699701,5.451211819,5.506274564,5.561893499,5.618074242,5.674822466,5.732143905,5.691586574,5.57082303,5.410606004,5.355225405,5.491829761,5.597435901,5.657357659,5.562371244
3,1,19,4.595061898,4.641476665,4.688360268,4.735717442,4.783552972,4.831871689,4.880678473,4.929978256,4.979776016,5.030076784,5.08088564,5.132207717,5.184048199,5.236412323,5.289305376,5.342732704,5.396699701,5.451211819,5.506274564,5.561893499,5.618074242,5.674822466,5.732143905,5.691586574,5.57082303,5.410606004,5.355225405,5.491829761,5.597435901,5.657357659
3,1,20,4.549111279,4.595061898,4.641476665,4.688360268,4.735717442,4.783552972,4.831871689,4.880678473,4.929978256,4.979776016,5.030076784,5.08088564,5.132207717,5.184048199,5.236412323,5.289305376,5.342732704,5.396699701,5.451211819,5.506274564,5.561893499,5.618074242,5.674822466,5.732143905,5.691586574,5.57082303,5.410606004,5.355225405,5.491829761,5.597435901
3,1,21,4.503620166,4.549111279,4.595061898,4.641476665,4.688360268,4.735717442,4.783552972,4.831871689,4.880678473,4.929978256,4.979776016,5.030076784,5.08088564,5.132207717,5.184048199,5.236412323,5.289305376,5.342732704,5.396699701,5.451211819,5.506274564,5.561893499,5.618074242,5.674822466,5.732143905,5.691586574,5.57082303,5.410606004,5.355225405,5.491829761
3,1,22,4.458583965,4.503620166,4.549111279,4.595061898,4.641476665,4.688360268,4.735717442,4.783552972,4.831871689,4.880678473,4.929978256,4.979776016,5.030076784,5.08088564,5.132207717,5.184048199,5.236412323,5.289305376,5.342732704,5.396699701,5.451211819,5.506274564,5.561893499,5.618074242,5.674822466,5.732143905,5.691586574,5.57082303,5.410606004,5.355225405
3,1,23,4.413998125,4.458583965,4.503620166,4.549111279,4.595061898,4.641476665,4.688360268,4.735717442,4.783552972,4.831871689,4.880678473,4.929978256,4.979776016,5.030076784,5.08088564,5.132207717,5.184048199,5.236412323,5.289305376,5.342732704,5.396699701,5.451211819,5.506274564,5.561893499,5.618074242,5.674822466,5.732143905,5.691586574,5.57082303,5.410606004
3,1,24,4.369858144,4.413998125,4.458583965,4.503620166,4.549111279,4.595061898,4.641476665,4.688360268,4.735717442,4.783552972,4.831871689,4.880678473,4.929978256,4.979776016,5.030076784,5.08088564,5.132207717,5.184048199,5.236412323,5.289305376,5.342732704,5.396699701,5.451211819,5.506274564,5.561893499,5.618074242,5.674822466,5.732143905,5.691586574,5.57082303
3,1,25,4.326159562,4.369858144,4.413998125,4.458583965,4.503620166,4.549111279,4.595061898,4.641476665,4.688360268,4.735717442,4.783552972,4.831871689,4.880678473,4.929978256,4.979776016,5.030076784,5.08088564,5.132207717,5.184048199,5.236412323,5.289305376,5.342732704,5.396699701,5.451211819,5.506274564,5.561893499,5.618074242,5.674822466,5.732143905,5.691586574
3,1,26,4.282897967,4.326159562,4.369858144,4.413998125,4.458583965,4.503620166,4.549111279,4.595061898,4.641476665,4.688360268,4.735717442,4.783552972,4.831871689,4.880678473,4.929978256,4.979776016,5.030076784,5.08088564,5.132207717,5.184048199,5.236412323,5.289305376,5.342732704,5.396699701,5.451211819,5.506274564,5.561893499,5.618074242,5.674822466,5.732143905
3,1,27,4.240068987,4.282897967,4.326159562,4.369858144,4.413998125,4.458583965,4.503620166,4.549111279,4.595061898,4.641476665,4.688360268,4.735717442,4.783552972,4.831871689,4.880678473,4.929978256,4.979776016,5.030076784,5.08088564,5.132207717,5.184048199,5.236412323,5.289305376,5.342732704,5.396699701,5.451211819,5.506274564,5.561893499,5.618074242,5.674822466
3,1,28,4.197668297,4.240068987,4.282897967,4.326159562,4.369858144,4.413998125,4.458583965,4.503620166,4.549111279,4.595061898,4.641476665,4.688360268,4.735717442,4.783552972,4.831871689,4.880678473,4.929978256,4.979776016,5.030076784,5.08088564,5.132207717,5.184048199,5.236412323,5.289305376,5.342732704,5.396699701,5.451211819,5.506274564,5.561893499,5.618074242
3,1,29,4.155691614,4.197668297,4.240068987,4.282897967,4.326159562,4.369858144,4.413998125,4.458583965,4.503620166,4.549111279,4.595061898,4.641476665,4.688360268,4.735717442,4.783552972,4.831871689,4.880678473,4.929978256,4.979776016,5.030076784,5.08088564,5.132207717,5.184048199,5.236412323,5.289305376,5.342732704,5.396699701,5.451211819,5.506274564,5.561893499
3,1,30,4.114134698,4.155691614,4.197668297,4.240068987,4.282897967,4.326159562,4.369858144,4.413998125,4.458583965,4.503620166,4.549111279,4.595061898,4.641476665,4.688360268,4.735717442,4.783552972,4.831871689,4.880678473,4.929978256,4.979776016,5.030076784,5.08088564,5.132207717,5.184048199,5.236412323,5.289305376,5.342732704,5.396699701,5.451211819,5.506274564
3,1,31,4.072993351,4.114134698,4.155691614,4.197668297,4.240068987,4.282897967,4.326159562,4.369858144,4.413998125,4.458583965,4.503620166,4.549111279,4.595061898,4.641476665,4.688360268,4.735717442,4.783552972,4.831871689,4.880678473,4.929978256,4.979776016,5.030076784,5.08088564,5.132207717,5.184048199,5.236412323,5.289305376,5.342732704,5.396699701,5.451211819
3,1,32,4.032263418,4.072993351,4.114134698,4.155691614,4.197668297,4.240068987,4.282897967,4.326159562,4.369858144,4.413998125,4.458583965,4.503620166,4.549111279,4.595061898,4.641476665,4.688360268,4.735717442,4.783552972,4.831871689,4.880678473,4.929978256,4.979776016,5.030076784,5.08088564,5.132207717,5.184048199,5.236412323,5.289305376,5.342732704,5.396699701
3,1,33,3.991940784,4.032263418,4.072993351,4.114134698,4.155691614,4.197668297,4.240068987,4.282897967,4.326159562,4.369858144,4.413998125,4.458583965,4.503620166,4.549111279,4.595061898,4.641476665,4.688360268,4.735717442,4.783552972,4.831871689,4.880678473,4.929978256,4.979776016,5.030076784,5.08088564,5.132207717,5.184048199,5.236412323,5.289305376,5.342732704
3,1,34,3.952021376,3.991940784,4.032263418,4.072993351,4.114134698,4.155691614,4.197668297,4.240068987,4.282897967,4.326159562,4.369858144,4.413998125,4.458583965,4.503620166,4.549111279,4.595061898,4.641476665,4.688360268,4.735717442,4.783552972,4.831871689,4.880678473,4.929978256,4.979776016,5.030076784,5.08088564,5.132207717,5.184048199,5.236412323,5.289305376
3,2,1,5.3,5.317802065,5.46420827,5.328102532,4.871142801,4.751568873,4.927279497,4.765771221,4.919672244,4.883041852,4.618980986,4.843584012,4.935357869,4.961211608,4.912062706,4.955048285,4.974327928,5.006649508,4.991915898,5.006402799,5.07,5.07,5.07,5.07,5.07,5.07,5.07,5.07,5.07,5.07
3,2,2,5.247,5.3,5.317802065,5.46420827,5.328102532,4.871142801,4.751568873,4.927279497,4.765771221,4.919672244,4.883041852,4.618980986,4.843584012,4.935357869,4.961211608,4.912062706,4.955048285,4.974327928,5.006649508,4.991915898,5.006402799,5.07,5.07,5.07,5.07,5.07,5.07,5.07,5.07,5.07
3,2,3,5.19453,5.247,5.3,5.317802065,5.46420827,5.328102532,4.871142801,4.751568873,4.927279497,4.765771221,4.919672244,4.883041852,4.618980986,4.843584012,4.935357869,4.961211608,4.912062706,4.955048285,4.974327928,5.006649508,4.991915898,5.006402799,5.07,5.07,5.07,5.07,5.07,5.07,5.07,5.07
3,2,4,5.1425847,5.19453,5.247,5.3,5.317802065,5.46420827,5.328102532,4.871142801,4.751568873,4.927279497,4.765771221,4.919672244,4.883041852,4.618980986,4.843584012,4.935357869,4.961211608,4.912062706,4.955048285,4.974327928,5.006649508,4.991915898,5.006402799,5.07,5.07,5.07,5.07,5.07,5.07,5.07
3,2,5,5.091158853,5.1425847,5.19453,5.247,5.3,5.317802065,5.46420827,5.328102532,4.871142801,4.751568873,4.927279497,4.765771221,4.919672244,4.883041852,4.618980986,4.843584012,4.935357869,4.961211608,4.912062706,4.955048285,4.974327928,5.006649508,4.991915898,5.006402799,5.07,5.07,5.07,5.07,5.07,5.07
3,2,6,5.040247264,5.091158853,5.1425847,5.19453,5.247,5.3,5.317802065,5.46420827,5.328102532,4.871142801,4.751568873,4.927279497,4.765771221,4.919672244,4.883041852,4.618980986,4.843584012,4.935357869,4.961211608,4.912062706,4.955048285,4.974327928,5.006649508,4.991915898,5.006402799,5.07,5.07,5.07,5.07,5.07
3,2,7,4.989844792,5.040247264,5.091158853,5.1425847,5.19453,5.247,5.3,5.317802065,5.46420827,5.328102532,4.871142801,4.751568873,4.927279497,4.765771221,4.919672244,4.883041852,4.618980986,4.843584012,4.935357869,4.961211608,4.912062706,4.955048285,4.974327928,5.006649508,4.991915898,5.006402799,5.07,5.07,5.07,5.07
3,2,8,4.939946344,4.989844792,5.040247264,5.091158853,5.1425847,5.19453,5.247,5.3,5.317802065,5.46420827,5.328102532,4.871142801,4.751568873,4.927279497,4.765771221,4.919672244,4.883041852,4.618980986,4.843584012,4.935357869,4.961211608,4.912062706,4.955048285,4.974327928,5.006649508,4.991915898,5.006402799,5.07,5.07,5.07
3,2,9,4.89054688,4.939946344,4.989844792,5.040247264,5.091158853,5.1425847,5.19453,5.247,5.3,5.317802065,5.46420827,5.328102532,4.871142801,4.751568873,4.927279497,4.765771221,4.919672244,4.883041852,4.618980986,4.843584012,4.935357869,4.961211608,4.912062706,4.955048285,4.974327928,5.006649508,4.991915898,5.006402799,5.07,5.07
3,2,10,4.841641412,4.89054688,4.939946344,4.989844792,5.040247264,5.091158853,5.1425847,5.19453,5.247,5.3,5.317802065,5.46420827,5.328102532,4.871142801,4.751568873,4.927279497,4.765771221,4.919672244,4.883041852,4.618980986,4.843584012,4.935357869,4.961211608,4.912062706,4.955048285,4.974327928,5.006649508,4.991915898,5.006402799,5.07
3,2,11,4.793224998,4.841641412,4.89054688,4.939946344,4.989844792,5.040247264,5.091158853,5.1425847,5.19453,5.247,5.3,5.317802065,5.46420827,5.328102532,4.871142801,4.751568873,4.927279497,4.765771221,4.919672244,4.883041852,4.618980986,4.843584012,4.935357869,4.961211608,4.912062706,4.955048285,4.974327928,5.006649508,4.991915898,5.006402799
3,2,12,4.745292748,4.793224998,4.841641412,4.89054688,4.939946344,4.989844792,5.040247264,5.091158853,5.1425847,5.19453,5.247,5.3,5.317802065,5.46420827,5.328102532,4.871142801,4.751568873,4.927279497,4.765771221,4.919672244,4.883041852,4.618980986,4.843584012,4.935357869,4.961211608,4.912062706,4.955048285,4.974327928,5.006649508,4.991915898
3,2,13,4.69783982,4.745292748,4.793224998,4.841641412,4.89054688,4.939946344,4.989844792,5.040247264,5.091158853,5.1425847,5.19453,5.247,5.3,5.317802065,5.46420827,5.328102532,4.871142801,4.751568873,4.927279497,4.765771221,4.919672244,4.883041852,4.618980986,4.843584012,4.935357869,4.961211608,4.912062706,4.955048285,4.974327928,5.006649508
3,2,14,4.650861422,4.69783982,4.745292748,4.793224998,4.841641412,4.89054688,4.939946344,4.989844792,5.040247264,5.091158853,5.1425847,5.19453,5.247,5.3,5.317802065,5.46420827,5.328102532,4.871142801,4.751568873,4.927279497,4.765771221,4.919672244,4.883041852,4.618980986,4.843584012,4.935357869,4.961211608,4.912062706,4.955048285,4.974327928
3,2,15,4.604352808,4.650861422,4.69783982,4.745292748,4.793224998,4.841641412,4.89054688,4.939946344,4.989844792,5.040247264,5.091158853,5.1425847,5.19453,5.247,5.3,5.317802065,5.46420827,5.328102532,4.871142801,4.751568873,4.927279497,4.765771221,4.919672244,4.883041852,4.618980986,4.843584012,4.935357869,4.961211608,4.912062706,4.955048285
3,2,16,4.55830928,4.604352808,4.650861422,4.69783982,4.745292748,4.793224998,4.841641412,4.89054688,4.939946344,4.989844792,5.040247264,5.091158853,5.1425847,5.19453,5.247,5.3,5.317802065,5.46420827,5.328102532,4.871142801,4.751568873,4.927279497,4.765771221,4.919672244,4.883041852,4.618980986,4.843584012,4.935357869,4.961211608,4.912062706
3,2,17,4.512726187,4.55830928,4.604352808,4.650861422,4.69783982,4.745292748,4.793224998,4.841641412,4.89054688,4.939946344,4.989844792,5.040247264,5.091158853,5.1425847,5.19453,5.247,5.3,5.317802065,5.46420827,5.328102532,4.871142801,4.751568873,4.927279497,4.765771221,4.919672244,4.883041852,4.618980986,4.843584012,4.935357869,4.961211608
3,2,18,4.467598925,4.512726187,4.55830928,4.604352808,4.650861422,4.69783982,4.745292748,4.793224998,4.841641412,4.89054688,4.939946344,4.989844792,5.040247264,5.091158853,5.1425847,5.19453,5.247,5.3,5.317802065,5.46420827,5.328102532,4.871142801,4.751568873,4.927279497,4.765771221,4.919672244,4.883041852,4.618980986,4.843584012,4.935357869
3,2,19,4.422922936,4.467598925,4.512726187,4.55830928,4.604352808,4.650861422,4.69783982,4.745292748,4.793224998,4.841641412,4.89054688,4.939946344,4.989844792,5.040247264,5.091158853,5.1425847,5.19453,5.247,5.3,5.317802065,5.46420827,5.328102532,4.871142801,4.751568873,4.927279497,4.765771221,4.919672244,4.883041852,4.618980986,4.843584012
3,2,20,4.378693706,4.422922936,4.467598925,4.512726187,4.55830928,4.604352808,4.650861422,4.69783982,4.745292748,4.793224998,4.841641412,4.89054688,4.939946344,4.989844792,5.040247264,5.091158853,5.1425847,5.19453,5.247,5.3,5.317802065,5.46420827,5.328102532,4.871142801,4.751568873,4.927279497,4.765771221,4.919672244,4.883041852,4.618980986
3,2,21,4.334906769,4.378693706,4.422922936,4.467598925,4.512726187,4.55830928,4.604352808,4.650861422,4.69783982,4.745292748,4.793224998,4.841641412,4.89054688,4.939946344,4.989844792,5.040247264,5.091158853,5.1425847,5.19453,5.247,5.3,5.317802065,5.46420827,5.328102532,4.871142801,4.751568873,4.927279497,4.765771221,4.919672244,4.883041852
3,2,22,4.291557702,4.334906769,4.378693706,4.422922936,4.467598925,4.512726187,4.55830928,4.604352808,4.650861422,4.69783982,4.745292748,4.793224998,4.841641412,4.89054688,4.939946344,4.989844792,5.040247264,5.091158853,5.1425847,5.19453,5.247,5.3,5.317802065,5.46420827,5.328102532,4.871142801,4.751568873,4.927279497,4.765771221,4.919672244
3,2,23,4.248642125,4.291557702,4.334906769,4.378693706,4.422922936,4.467598925,4.512726187,4.55830928,4.604352808,4.650861422,4.69783982,4.745292748,4.793224998,4.841641412,4.89054688,4.939946344,4.989844792,5.040247264,5.091158853,5.1425847,5.19453,5.247,5.3,5.317802065,5.46420827,5.328102532,4.871142801,4.751568873,4.927279497,4.765771221
3,2,24,4.206155703,4.248642125,4.291557702,4.334906769,4.378693706,4.422922936,4.467598925,4.512726187,4.55830928,4.604352808,4.650861422,4.69783982,4.745292748,4.793224998,4.841641412,4.89054688,4.939946344,4.989844792,5.040247264,5.091158853,5.1425847,5.19453,5.247,5.3,5.317802065,5.46420827,5.328102532,4.871142801,4.751568873,4.927279497
3,2,25,4.164094146,4.206155703,4.248642125,4.291557702,4.334906769,4.378693706,4.422922936,4.467598925,4.512726187,4.55830928,4.604352808,4.650861422,4.69783982,4.745292748,4.793224998,4.841641412,4.89054688,4.939946344,4.989844792,5.040247264,5.091158853,5.1425847,5.19453,5.247,5.3,5.317802065,5.46420827,5.328102532,4.871142801,4.751568873
3,2,26,4.122453205,4.164094146,4.206155703,4.248642125,4.291557702,4.334906769,4.378693706,4.422922936,4.467598925,4.512726187,4.55830928,4.604352808,4.650861422,4.69783982,4.745292748,4.793224998,4.841641412,4.89054688,4.939946344,4.989844792,5.040247264,5.091158853,5.1425847,5.19453,5.247,5.3,5.317802065,5.46420827,5.328102532,4.871142801
3,2,27,4.081228673,4.122453205,4.164094146,4.206155703,4.248642125,4.291557702,4.334906769,4.378693706,4.422922936,4.467598925,4.512726187,4.55830928,4.604352808,4.650861422,4.69783982,4.745292748,4.793224998,4.841641412,4.89054688,4.939946344,4.989844792,5.040247264,5.091158853,5.1425847,5.19453,5.247,5.3,5.317802065,5.46420827,5.328102532
3,2,28,4.040416386,4.081228673,4.122453205,4.164094146,4.206155703,4.248642125,4.291557702,4.334906769,4.378693706,4.422922936,4.467598925,4.512726187,4.55830928,4.604352808,4.650861422,4.69783982,4.745292748,4.793224998,4.841641412,4.89054688,4.939946344,4.989844792,5.040247264,5.091158853,5.1425847,5.19453,5.247,5.3,5.317802065,5.46420827
3,2,29,4.000012222,4.040416386,4.081228673,4.122453205,4.164094146,4.206155703,4.248642125,4.291557702,4.334906769,4.378693706,4.422922936,4.467598925,4.512726187,4.55830928,4.604352808,4.650861422,4.69783982,4.745292748,4.793224998,4.841641412,4.89054688,4.939946344,4.989844792,5.040247264,5.091158853,5.1425847,5.19453,5.247,5.3,5.317802065
3,2,30,3.9600121,4.000012222,4.040416386,4.081228673,4.122453205,4.164094146,4.206155703,4.248642125,4.291557702,4.334906769,4.378693706,4.422922936,4.467598925,4.512726187,4.55830928,4.604352808,4.650861422,4.69783982,4.745292748,4.793224998,4.841641412,4.89054688,4.939946344,4.989844792,5.040247264,5.091158853,5.1425847,5.19453,5.247,5.3
3,2,31,3.920411979,3.9600121,4.000012222,4.040416386,4.081228673,4.122453205,4.164094146,4.206155703,4.248642125,4.291557702,4.334906769,4.378693706,4.422922936,4.467598925,4.512726187,4.55830928,4.604352808,4.650861422,4.69783982,4.745292748,4.793224998,4.841641412,4.89054688,4.939946344,4.989844792,5.040247264,5.091158853,5.1425847,5.19453,5.247
3,2,32,3.881207859,3.920411979,3.9600121,4.000012222,4.040416386,4.081228673,4.122453205,4.164094146,4.206155703,4.248642125,4.291557702,4.334906769,4.378693706,4.422922936,4.467598925,4.512726187,4.55830928,4.604352808,4.650861422,4.69783982,4.745292748,4.793224998,4.841641412,4.89054688,4.939946344,4.989844792,5.040247264,5.091158853,5.1425847,5.19453
3,2,33,3.842395781,3.881207859,3.920411979,3.9600121,4.000012222,4.040416386,4.081228673,4.122453205,4.164094146,4.206155703,4.248642125,4.291557702,4.334906769,4.378693706,4.422922936,4.467598925,4.512726187,4.55830928,4.604352808,4.650861422,4.69783982,4.745292748,4.793224998,4.841641412,4.89054688,4.939946344,4.989844792,5.040247264,5.091158853,5.1425847
3,2,34,3.803971823,3.842395781,3.881207859,3.920411979,3.9600121,4.000012222,4.040416386,4.081228673,4.122453205,4.164094146,4.206155703,4.248642125,4.291557702,4.334906769,4.378693706,4.422922936,4.467598925,4.512726187,4.55830928,4.604352808,4.650861422,4.69783982,4.745292748,4.793224998,4.841641412,4.89054688,4.939946344,4.989844792,5.040247264,5.091158853
3,3,1,5.3,5.317802065,5.46420827,5.328102532,4.871142801,4.751568873,4.927279497,4.765771221,4.919672244,4.883041852,4.618980986,4.843584012,4.935357869,4.961211608,4.912062706,4.955048285,4.974327928,5.006649508,4.991915898,5.006402799,5.07,5.07,5.07,5.07,5.07,5.07,5.07,5.07,5.07,5.07
3,3,2,5.247,5.3,5.317802065,5.46420827,5.328102532,4.871142801,4.751568873,4.927279497,4.765771221,4.919672244,4.883041852,4.618980986,4.843584012,4.935357869,4.961211608,4.912062706,4.955048285,4.974327928,5.006649508,4.991915898,5.006402799,5.07,5.07,5.07,5.07,5.07,5.07,5.07,5.07,5.07
3,3,3,5.19453,5.247,5.3,5.317802065,5.46420827,5.328102532,4.871142801,4.751568873,4.927279497,4.765771221,4.919672244,4.883041852,4.618980986,4.843584012,4.935357869,4.961211608,4.912062706,4.955048285,4.974327928,5.006649508,4.991915898,5.006402799,5.07,5.07,5.07,5.07,5.07,5.07,5.07,5.07
3,3,4,5.1425847,5.19453,5.247,5.3,5.317802065,5.46420827,5.328102532,4.871142801,4.751568873,4.927279497,4.765771221,4.919672244,4.883041852,4.618980986,4.843584012,4.935357869,4.961211608,4.912062706,4.955048285,4.974327928,5.006649508,4.991915898,5.006402799,5.07,5.07,5.07,5.07,5.07,5.07,5.07
3,3,5,5.091158853,5.1425847,5.19453,5.247,5.3,5.317802065,5.46420827,5.328102532,4.871142801,4.751568873,4.927279497,4.765771221,4.919672244,4.883041852,4.618980986,4.843584012,4.935357869,4.961211608,4.912062706,4.955048285,4.974327928,5.006649508,4.991915898,5.006402799,5.07,5.07,5.07,5.07,5.07,5.07
3,3,6,5.040247264,5.091158853,5.1425847,5.19453,5.247,5.3,5.317802065,5.46420827,5.328102532,4.871142801,4.751568873,4.927279497,4.765771221,4.919672244,4.883041852,4.618980986,4.843584012,4.935357869,4.961211608,4.912062706,4.955048285,4.974327928,5.006649508,4.991915898,5.006402799,5.07,5.07,5.07,5.07,5.07
3,3,7,4.989844792,5.040247264,5.091158853,5.1425847,5.19453,5.247,5.3,5.317802065,5.46420827,5.328102532,4.871142801,4.751568873,4.927279497,4.765771221,4.919672244,4.883041852,4.618980986,4.843584012,4.935357869,4.961211608,4.912062706,4.955048285,4.974327928,5.006649508,4.991915898,5.006402799,5.07,5.07,5.07,5.07
3,3,8,4.939946344,4.989844792,5.040247264,5.091158853,5.1425847,5.19453,5.247,5.3,5.317802065,5.46420827,5.328102532,4.871142801,4.751568873,4.927279497,4.765771221,4.919672244,4.883041852,4.618980986,4.843584012,4.935357869,4.961211608,4.912062706,4.955048285,4.974327928,5.006649508,4.991915898,5.006402799,5.07,5.07,5.07
3,3,9,4.89054688,4.939946344,4.989844792,5.040247264,5.091158853,5.1425847,5.19453,5.247,5.3,5.317802065,5.46420827,5.328102532,4.871142801,4.751568873,4.927279497,4.765771221,4.919672244,4.883041852,4.618980986,4.843584012,4.935357869,4.961211608,4.912062706,4.955048285,4.974327928,5.006649508,4.991915898,5.006402799,5.07,5.07
3,3,10,4.841641412,4.89054688,4.939946344,4.989844792,5.040247264,5.091158853,5.1425847,5.19453,5.247,5.3,5.317802065,5.46420827,5.328102532,4.871142801,4.751568873,4.927279497,4.765771221,4.919672244,4.883041852,4.618980986,4.843584012,4.935357869,4.961211608,4.912062706,4.955048285,4.974327928,5.006649508,4.991915898,5.006402799,5.07
3,3,11,4.793224998,4.841641412,4.89054688,4.939946344,4.989844792,5.040247264,5.091158853,5.1425847,5.19453,5.247,5.3,5.317802065,5.46420827,5.328102532,4.871142801,4.751568873,4.927279497,4.765771221,4.919672244,4.883041852,4.618980986,4.843584012,4.935357869,4.961211608,4.912062706,4.955048285,4.974327928,5.006649508,4.991915898,5.006402799
3,3,12,4.745292748,4.793224998,4.841641412,4.89054688,4.939946344,4.989844792,5.040247264,5.091158853,5.1425847,5.19453,5.247,5.3,5.317802065,5.46420827,5.328102532,4.871142801,4.751568873,4.927279497,4.765771221,4.919672244,4.883041852,4.618980986,4.843584012,4.935357869,4.961211608,4.912062706,4.955048285,4.974327928,5.006649508,4.991915898
3,3,13,4.69783982,4.745292748,4.793224998,4.841641412,4.89054688,4.939946344,4.989844792,5.040247264,5.091158853,5.1425847,5.19453,5.247,5.3,5.317802065,5.46420827,5.328102532,4.871142801,4.751568873,4.927279497,4.765771221,4.919672244,4.883041852,4.618980986,4.843584012,4.935357869,4.961211608,4.912062706,4.955048285,4.974327928,5.006649508
3,3,14,4.650861422,4.69783982,4.745292748,4.793224998,4.841641412,4.89054688,4.939946344,4.989844792,5.040247264,5.091158853,5.1425847,5.19453,5.247,5.3,5.317802065,5.46420827,5.328102532,4.871142801,4.751568873,4.927279497,4.765771221,4.919672244,4.883041852,4.618980986,4.843584012,4.935357869,4.961211608,4.912062706,4.955048285,4.974327928
3,3,15,4.604352808,4.650861422,4.69783982,4.745292748,4.793224998,4.841641412,4.89054688,4.939946344,4.989844792,5.040247264,5.091158853,5.1425847,5.19453,5.247,5.3,5.317802065,5.46420827,5.328102532,4.871142801,4.751568873,4.927279497,4.765771221,4.919672244,4.883041852,4.618980986,4.843584012,4.935357869,4.961211608,4.912062706,4.955048285
3,3,16,4.55830928,4.604352808,4.650861422,4.69783982,4.745292748,4.793224998,4.841641412,4.89054688,4.939946344,4.989844792,5.040247264,5.091158853,5.1425847,5.19453,5.247,5.3,5.317802065,5.46420827,5.328102532,4.871142801,4.751568873,4.927279497,4.765771221,4.919672244,4.883041852,4.618980986,4.843584012,4.935357869,4.961211608,4.912062706
3,3,17,4.512726187,4.55830928,4.604352808,4.650861422,4.69783982,4.745292748,4.793224998,4.841641412,4.89054688,4.939946344,4.989844792,5.040247264,5.091158853,5.1425847,5.19453,5.247,5.3,5.317802065,5.46420827,5.328102532,4.871142801,4.751568873,4.927279497,4.765771221,4.919672244,4.883041852,4.618980986,4.843584012,4.935357869,4.961211608
3,3,18,4.467598925,4.512726187,4.55830928,4.604352808,4.650861422,4.69783982,4.745292748,4.793224998,4.841641412,4.89054688,4.939946344,4.989844792,5.040247264,5.091158853,5.1425847,5.19453,5.247,5.3,5.317802065,5.46420827,5.328102532,4.871142801,4.751568873,4.927279497,4.765771221,4.919672244,4.883041852,4.618980986,4.843584012,4.935357869
3,3,19,4.422922936,4.467598925,4.512726187,4.55830928,4.604352808,4.650861422,4.69783982,4.745292748,4.793224998,4.841641412,4.89054688,4.939946344,4.989844792,5.040247264,5.091158853,5.1425847,5.19453,5.247,5.3,5.317802065,5.46420827,5.328102532,4.871142801,4.751568873,4.927279497,4.765771221,4.919672244,4.883041852,4.618980986,4.843584012
3,3,20,4.378693706,4.422922936,4.467598925,4.512726187,4.55830928,4.604352808,4.650861422,4.69783982,4.745292748,4.793224998,4.841641412,4.89054688,4.939946344,4.989844792,5.040247264,5.091158853,5.1425847,5.19453,5.247,5.3,5.317802065,5.46420827,5.328102532,4.871142801,4.751568873,4.927279497,4.765771221,4.919672244,4.883041852,4.618980986
3,3,21,4.334906769,4.378693706,4.422922936,4.467598925,4.512726187,4.55830928,4.604352808,4.650861422,4.69783982,4.745292748,4.793224998,4.841641412,4.89054688,4.939946344,4.989844792,5.040247264,5.091158853,5.1425847,5.19453,5.247,5.3,5.317802065,5.46420827,5.328102532,4.871142801,4.751568873,4.927279497,4.765771221,4.919672244,4.883041852
3,3,22,4.291557702,4.334906769,4.378693706,4.422922936,4.467598925,4.512726187,4.55830928,4.604352808,4.650861422,4.69783982,4.745292748,4.793224998,4.841641412,4.89054688,4.939946344,4.989844792,5.040247264,5.091158853,5.1425847,5.19453,5.247,5.3,5.317802065,5.46420827,5.328102532,4.871142801,4.751568873,4.927279497,4.765771221,4.919672244
3,3,23,4.248642125,4.291557702,4.334906769,4.378693706,4.422922936,4.467598925,4.512726187,4.55830928,4.604352808,4.650861422,4.69783982,4.745292748,4.793224998,4.841641412,4.89054688,4.939946344,4.989844792,5.040247264,5.091158853,5.1425847,5.19453,5.247,5.3,5.317802065,5.46420827,5.328102532,4.871142801,4.751568873,4.927279497,4.765771221
3,3,24,4.206155703,4.248642125,4.291557702,4.334906769,4.378693706,4.422922936,4.467598925,4.512726187,4.55830928,4.604352808,4.650861422,4.69783982,4.745292748,4.793224998,4.841641412,4.89054688,4.939946344,4.989844792,5.040247264,5.091158853,5.1425847,5.19453,5.247,5.3,5.317802065,5.46420827,5.328102532,4.871142801,4.751568873,4.927279497
3,3,25,4.164094146,4.206155703,4.248642125,4.291557702,4.334906769,4.378693706,4.422922936,4.467598925,4.512726187,4.55830928,4.604352808,4.650861422,4.69783982,4.745292748,4.793224998,4.841641412,4.89054688,4.939946344,4.989844792,5.040247264,5.091158853,5.1425847,5.19453,5.247,5.3,5.317802065,5.46420827,5.328102532,4.871142801,4.751568873
3,3,26,4.122453205,4.164094146,4.206155703,4.248642125,4.291557702,4.334906769,4.378693706,4.422922936,4.467598925,4.512726187,4.55830928,4.604352808,4.650861422,4.69783982,4.745292748,4.793224998,4.841641412,4.89054688,4.939946344,4.989844792,5.040247264,5.091158853,5.1425847,5.19453,5.247,5.3,5.317802065,5.46420827,5.328102532,4.871142801
3,3,27,4.081228673,4.122453205,4.164094146,4.206155703,4.248642125,4.291557702,4.334906769,4.378693706,4.422922936,4.467598925,4.512726187,4.55830928,4.604352808,4.650861422,4.69783982,4.745292748,4.793224998,4.841641412,4.89054688,4.939946344,4.989844792,5.040247264,5.091158853,5.1425847,5.19453,5.247,5.3,5.317802065,5.46420827,5.328102532
3,3,28,4.040416386,4.081228673,4.122453205,4.164094146,4.206155703,4.248642125,4.291557702,4.334906769,4.378693706,4.422922936,4.467598925,4.512726187,4.55830928,4.604352808,4.650861422,4.69783982,4.745292748,4.793224998,4.841641412,4.89054688,4.939946344,4.989844792,5.040247264,5.091158853,5.1425847,5.19453,5.247,5.3,5.317802065,5.46420827
3,3,29,4.000012222,4.040416386,4.081228673,4.122453205,4.164094146,4.206155703,4.248642125,4.291557702,4.334906769,4.378693706,4.422922936,4.467598925,4.512726187,4.55830928,4.604352808,4.650861422,4.69783982,4.745292748,4.793224998,4.841641412,4.89054688,4.939946344,4.989844792,5.040247264,5.091158853,5.1425847,5.19453,5.247,5.3,5.317802065
3,3,30,3.9600121,4.000012222,4.040416386,4.081228673,4.122453205,4.164094146,4.206155703,4.248642125,4.291557702,4.334906769,4.378693706,4.422922936,4.467598925,4.512726187,4.55830928,4.604352808,4.650861422,4.69783982,4.745292748,4.793224998,4.841641412,4.89054688,4.939946344,4.989844792,5.040247264,5.091158853,5.1425847,5.19453,5.247,5.3
3,3,31,3.920411979,3.9600121,4.000012222,4.040416386,4.081228673,4.122453205,4.164094146,4.206155703,4.248642125,4.291557702,4.334906769,4.378693706,4.422922936,4.467598925,4.512726187,4.55830928,4.604352808,4.650861422,4.69783982,4.745292748,4.793224998,4.841641412,4.89054688,4.939946344,4.989844792,5.040247264,5.091158853,5.1425847,5.19453,5.247
3,3,32,3.881207859,3.920411979,3.9600121,4.000012222,4.040416386,4.081228673,4.122453205,4.164094146,4.206155703,4.248642125,4.291557702,4.334906769,4.378693706,4.422922936,4.467598925,4.512726187,4.55830928,4.604352808,4.650861422,4.69783982,4.745292748,4.793224998,4.841641412,4.89054688,4.939946344,4.989844792,5.040247264,5.091158853,5.1425847,5.19453
3,3,33,3.842395781,3.881207859,3.920411979,3.9600121,4.000012222,4.040416386,4.081228673,4.122453205,4.164094146,4.206155703,4.248642125,4.291557702,4.334906769,4.378693706,4.422922936,4.467598925,4.512726187,4.55830928,4.604352808,4.650861422,4.69783982,4.745292748,4.793224998,4.841641412,4.89054688,4.939946344,4.989844792,5.040247264,5.091158853,5.1425847
3,3,34,3.803971823,3.842395781,3.881207859,3.920411979,3.9600121,4.000012222,4.040416386,4.081228673,4.122453205,4.164094146,4.206155703,4.248642125,4.291557702,4.334906769,4.378693706,4.422922936,4.467598925,4.512726187,4.55830928,4.604352808,4.650861422,4.69783982,4.745292748,4.793224998,4.841641412,4.89054688,4.939946344,4.989844792,5.040247264,5.091158853
3,4,1,4.955647108,5.005704149,5.056266818,5.10734022,5.158929515,5.122427916,5.013740727,4.869545403,4.819702864,4.942646785,5.037692311,5.091621893,5.00613412,5.127092635,5.251969398,5.367565297,5.347544166,5.306351272,5.356036222,5.442697901,5.562093484,5.709768427,5.924697409,6.086806807,6.230249406,6.308824071,6.384609907,6.384609907,6.384609907,6.384609907
3,4,2,4.906090637,4.955647108,5.005704149,5.056266818,5.10734022,5.158929515,5.122427916,5.013740727,4.869545403,4.819702864,4.942646785,5.037692311,5.091621893,5.00613412,5.127092635,5.251969398,5.367565297,5.347544166,5.306351272,5.356036222,5.442697901,5.562093484,5.709768427,5.924697409,6.086806807,6.230249406,6.308824071,6.384609907,6.384609907,6.384609907
3,4,3,4.85702973,4.906090637,4.955647108,5.005704149,5.056266818,5.10734022,5.158929515,5.122427916,5.013740727,4.869545403,4.819702864,4.942646785,5.037692311,5.091621893,5.00613412,5.127092635,5.251969398,5.367565297,5.347544166,5.306351272,5.356036222,5.442697901,5.562093484,5.709768427,5.924697409,6.086806807,6.230249406,6.308824071,6.384609907,6.384609907
3,4,4,4.808459433,4.85702973,4.906090637,4.955647108,5.005704149,5.056266818,5.10734022,5.158929515,5.122427916,5.013740727,4.869545403,4.819702864,4.942646785,5.037692311,5.091621893,5.00613412,5.127092635,5.251969398,5.367565297,5.347544166,5.306351272,5.356036222,5.442697901,5.562093484,5.709768427,5.924697409,6.086806807,6.230249406,6.308824071,6.384609907
3,4,5,4.760374839,4.808459433,4.85702973,4.906090637,4.955647108,5.005704149,5.056266818,5.10734022,5.158929515,5.122427916,5.013740727,4.869545403,4.819702864,4.942646785,5.037692311,5.091621893,5.00613412,5.127092635,5.251969398,5.367565297,5.347544166,5.306351272,5.356036222,5.442697901,5.562093484,5.709768427,5.924697409,6.086806807,6.230249406,6.308824071
3,4,6,4.71277109,4.760374839,4.808459433,4.85702973,4.906090637,4.955647108,5.005704149,5.056266818,5.10734022,5.158929515,5.122427916,5.013740727,4.869545403,4.819702864,4.942646785,5.037692311,5.091621893,5.00613412,5.127092635,5.251969398,5.367565297,5.347544166,5.306351272,5.356036222,5.442697901,5.562093484,5.709768427,5.924697409,6.086806807,6.230249406
3,4,7,4.66564338,4.71277109,4.760374839,4.808459433,4.85702973,4.906090637,4.955647108,5.005704149,5.056266818,5.10734022,5.158929515,5.122427916,5.013740727,4.869545403,4.819702864,4.942646785,5.037692311,5.091621893,5.00613412,5.127092635,5.251969398,5.367565297,5.347544166,5.306351272,5.356036222,5.442697901,5.562093484,5.709768427,5.924697409,6.086806807
3,4,8,4.618986946,4.66564338,4.71277109,4.760374839,4.808459433,4.85702973,4.906090637,4.955647108,5.005704149,5.056266818,5.10734022,5.158929515,5.122427916,5.013740727,4.869545403,4.819702864,4.942646785,5.037692311,5.091621893,5.00613412,5.127092635,5.251969398,5.367565297,5.347544166,5.306351272,5.356036222,5.442697901,5.562093484,5.709768427,5.924697409
3,4,9,4.572797076,4.618986946,4.66564338,4.71277109,4.760374839,4.808459433,4.85702973,4.906090637,4.955647108,5.005704149,5.056266818,5.10734022,5.158929515,5.122427916,5.013740727,4.869545403,4.819702864,4.942646785,5.037692311,5.091621893,5.00613412,5.127092635,5.251969398,5.367565297,5.347544166,5.306351272,5.356036222,5.442697901,5.562093484,5.709768427
3,4,10,4.527069106,4.572797076,4.618986946,4.66564338,4.71277109,4.760374839,4.808459433,4.85702973,4.906090637,4.955647108,5.005704149,5.056266818,5.10734022,5.158929515,5.122427916,5.013740727,4.869545403,4.819702864,4.942646785,5.037692311,5.091621893,5.00613412,5.127092635,5.251969398,5.367565297,5.347544166,5.306351272,5.356036222,5.442697901,5.562093484
3,4,11,4.481798414,4.527069106,4.572797076,4.618986946,4.66564338,4.71277109,4.760374839,4.808459433,4.85702973,4.906090637,4.955647108,5.005704149,5.056266818,5.10734022,5.158929515,5.122427916,5.013740727,4.869545403,4.819702864,4.942646785,5.037692311,5.091621893,5.00613412,5.127092635,5.251969398,5.367565297,5.347544166,5.306351272,5.356036222,5.442697901
3,4,12,4.43698043,4.481798414,4.527069106,4.572797076,4.618986946,4.66564338,4.71277109,4.760374839,4.808459433,4.85702973,4.906090637,4.955647108,5.005704149,5.056266818,5.10734022,5.158929515,5.122427916,5.013740727,4.869545403,4.819702864,4.942646785,5.037692311,5.091621893,5.00613412,5.127092635,5.251969398,5.367565297,5.347544166,5.306351272,5.356036222
3,4,13,4.392610626,4.43698043,4.481798414,4.527069106,4.572797076,4.618986946,4.66564338,4.71277109,4.760374839,4.808459433,4.85702973,4.906090637,4.955647108,5.005704149,5.056266818,5.10734022,5.158929515,5.122427916,5.013740727,4.869545403,4.819702864,4.942646785,5.037692311,5.091621893,5.00613412,5.127092635,5.251969398,5.367565297,5.347544166,5.306351272
3,4,14,4.34868452,4.392610626,4.43698043,4.481798414,4.527069106,4.572797076,4.618986946,4.66564338,4.71277109,4.760374839,4.808459433,4.85702973,4.906090637,4.955647108,5.005704149,5.056266818,5.10734022,5.158929515,5.122427916,5.013740727,4.869545403,4.819702864,4.942646785,5.037692311,5.091621893,5.00613412,5.127092635,5.251969398,5.367565297,5.347544166
3,4,15,4.305197675,4.34868452,4.392610626,4.43698043,4.481798414,4.527069106,4.572797076,4.618986946,4.66564338,4.71277109,4.760374839,4.808459433,4.85702973,4.906090637,4.955647108,5.005704149,5.056266818,5.10734022,5.158929515,5.122427916,5.013740727,4.869545403,4.819702864,4.942646785,5.037692311,5.091621893,5.00613412,5.127092635,5.251969398,5.367565297
3,4,16,4.262145698,4.305197675,4.34868452,4.392610626,4.43698043,4.481798414,4.527069106,4.572797076,4.618986946,4.66564338,4.71277109,4.760374839,4.808459433,4.85702973,4.906090637,4.955647108,5.005704149,5.056266818,5.10734022,5.158929515,5.122427916,5.013740727,4.869545403,4.819702864,4.942646785,5.037692311,5.091621893,5.00613412,5.127092635,5.251969398
3,4,17,4.219524241,4.262145698,4.305197675,4.34868452,4.392610626,4.43698043,4.481798414,4.527069106,4.572797076,4.618986946,4.66564338,4.71277109,4.760374839,4.808459433,4.85702973,4.906090637,4.955647108,5.005704149,5.056266818,5.10734022,5.158929515,5.122427916,5.013740727,4.869545403,4.819702864,4.942646785,5.037692311,5.091621893,5.00613412,5.127092635
3,4,18,4.177328998,4.219524241,4.262145698,4.305197675,4.34868452,4.392610626,4.43698043,4.481798414,4.527069106,4.572797076,4.618986946,4.66564338,4.71277109,4.760374839,4.808459433,4.85702973,4.906090637,4.955647108,5.005704149,5.056266818,5.10734022,5.158929515,5.122427916,5.013740727,4.869545403,4.819702864,4.942646785,5.037692311,5.091621893,5.00613412
3,4,19,4.135555708,4.177328998,4.219524241,4.262145698,4.305197675,4.34868452,4.392610626,4.43698043,4.481798414,4.527069106,4.572797076,4.618986946,4.66564338,4.71277109,4.760374839,4.808459433,4.85702973,4.906090637,4.955647108,5.005704149,5.056266818,5.10734022,5.158929515,5.122427916,5.013740727,4.869545403,4.819702864,4.942646785,5.037692311,5.091621893
3,4,20,4.094200151,4.135555708,4.177328998,4.219524241,4.262145698,4.305197675,4.34868452,4.392610626,4.43698043,4.481798414,4.527069106,4.572797076,4.618986946,4.66564338,4.71277109,4.760374839,4.808459433,4.85702973,4.906090637,4.955647108,5.005704149,5.056266818,5.10734022,5.158929515,5.122427916,5.013740727,4.869545403,4.819702864,4.942646785,5.037692311
3,4,21,4.05325815,4.094200151,4.135555708,4.177328998,4.219524241,4.262145698,4.305197675,4.34868452,4.392610626,4.43698043,4.481798414,4.527069106,4.572797076,4.618986946,4.66564338,4.71277109,4.760374839,4.808459433,4.85702973,4.906090637,4.955647108,5.005704149,5.056266818,5.10734022,5.158929515,5.122427916,5.013740727,4.869545403,4.819702864,4.942646785
3,4,22,4.012725568,4.05325815,4.094200151,4.135555708,4.177328998,4.219524241,4.262145698,4.305197675,4.34868452,4.392610626,4.43698043,4.481798414,4.527069106,4.572797076,4.618986946,4.66564338,4.71277109,4.760374839,4.808459433,4.85702973,4.906090637,4.955647108,5.005704149,5.056266818,5.10734022,5.158929515,5.122427916,5.013740727,4.869545403,4.819702864
3,4,23,3.972598313,4.012725568,4.05325815,4.094200151,4.135555708,4.177328998,4.219524241,4.262145698,4.305197675,4.34868452,4.392610626,4.43698043,4.481798414,4.527069106,4.572797076,4.618986946,4.66564338,4.71277109,4.760374839,4.808459433,4.85702973,4.906090637,4.955647108,5.005704149,5.056266818,5.10734022,5.158929515,5.122427916,5.013740727,4.869545403
3,4,24,3.93287233,3.972598313,4.012725568,4.05325815,4.094200151,4.135555708,4.177328998,4.219524241,4.262145698,4.305197675,4.34868452,4.392610626,4.43698043,4.481798414,4.527069106,4.572797076,4.618986946,4.66564338,4.71277109,4.760374839,4.808459433,4.85702973,4.906090637,4.955647108,5.005704149,5.056266818,5.10734022,5.158929515,5.122427916,5.013740727
3,4,25,3.893543606,3.93287233,3.972598313,4.012725568,4.05325815,4.094200151,4.135555708,4.177328998,4.219524241,4.262145698,4.305197675,4.34868452,4.392610626,4.43698043,4.481798414,4.527069106,4.572797076,4.618986946,4.66564338,4.71277109,4.760374839,4.808459433,4.85702973,4.906090637,4.955647108,5.005704149,5.056266818,5.10734022,5.158929515,5.122427916
3,4,26,3.85460817,3.893543606,3.93287233,3.972598313,4.012725568,4.05325815,4.094200151,4.135555708,4.177328998,4.219524241,4.262145698,4.305197675,4.34868452,4.392610626,4.43698043,4.481798414,4.527069106,4.572797076,4.618986946,4.66564338,4.71277109,4.760374839,4.808459433,4.85702973,4.906090637,4.955647108,5.005704149,5.056266818,5.10734022,5.158929515
3,4,27,3.816062088,3.85460817,3.893543606,3.93287233,3.972598313,4.012725568,4.05325815,4.094200151,4.135555708,4.177328998,4.219524241,4.262145698,4.305197675,4.34868452,4.392610626,4.43698043,4.481798414,4.527069106,4.572797076,4.618986946,4.66564338,4.71277109,4.760374839,4.808459433,4.85702973,4.906090637,4.955647108,5.005704149,5.056266818,5.10734022
3,4,28,3.777901468,3.816062088,3.85460817,3.893543606,3.93287233,3.972598313,4.012725568,4.05325815,4.094200151,4.135555708,4.177328998,4.219524241,4.262145698,4.305197675,4.34868452,4.392610626,4.43698043,4.481798414,4.527069106,4.572797076,4.618986946,4.66564338,4.71277109,4.760374839,4.808459433,4.85702973,4.906090637,4.955647108,5.005704149,5.056266818
3,4,29,3.740122453,3.777901468,3.816062088,3.85460817,3.893543606,3.93287233,3.972598313,4.012725568,4.05325815,4.094200151,4.135555708,4.177328998,4.219524241,4.262145698,4.305197675,4.34868452,4.392610626,4.43698043,4.481798414,4.527069106,4.572797076,4.618986946,4.66564338,4.71277109,4.760374839,4.808459433,4.85702973,4.906090637,4.955647108,5.005704149
3,4,30,3.702721228,3.740122453,3.777901468,3.816062088,3.85460817,3.893543606,3.93287233,3.972598313,4.012725568,4.05325815,4.094200151,4.135555708,4.177328998,4.219524241,4.262145698,4.305197675,4.34868452,4.392610626,4.43698043,4.481798414,4.527069106,4.572797076,4.618986946,4.66564338,4.71277109,4.760374839,4.808459433,4.85702973,4.906090637,4.955647108
3,4,31,3.665694016,3.702721228,3.740122453,3.777901468,3.816062088,3.85460817,3.893543606,3.93287233,3.972598313,4.012725568,4.05325815,4.094200151,4.135555708,4.177328998,4.219524241,4.262145698,4.305197675,4.34868452,4.392610626,4.43698043,4.481798414,4.527069106,4.572797076,4.618986946,4.66564338,4.71277109,4.760374839,4.808459433,4.85702973,4.906090637
3,4,32,3.629037076,3.665694016,3.702721228,3.740122453,3.777901468,3.816062088,3.85460817,3.893543606,3.93287233,3.972598313,4.012725568,4.05325815,4.094200151,4.135555708,4.177328998,4.219524241,4.262145698,4.305197675,4.34868452,4.392610626,4.43698043,4.481798414,4.527069106,4.572797076,4.618986946,4.66564338,4.71277109,4.760374839,4.808459433,4.85702973
3,4,33,3.592746705,3.629037076,3.665694016,3.702721228,3.740122453,3.777901468,3.816062088,3.85460817,3.893543606,3.93287233,3.972598313,4.012725568,4.05325815,4.094200151,4.135555708,4.177328998,4.219524241,4.262145698,4.305197675,4.34868452,4.392610626,4.43698043,4.481798414,4.527069106,4.572797076,4.618986946,4.66564338,4.71277109,4.760374839,4.808459433
3,4,34,3.556819238,3.592746705,3.629037076,3.665694016,3.702721228,3.740122453,3.777901468,3.816062088,3.85460817,3.893543606,3.93287233,3.972598313,4.012725568,4.05325815,4.094200151,4.135555708,4.177328998,4.219524241,4.262145698,4.305197675,4.34868452,4.392610626,4.43698043,4.481798414,4.527069106,4.572797076,4.618986946,4.66564338,4.71277109,4.760374839
3,5,1,0,0,0,0,0,0,0,0,0,0,0,0,0,0,0,0,0,0,0,0,0,0,0,0,0,0,0,0,0,0
3,5,2,0,0,0,0,0,0,0,0,0,0,0,0,0,0,0,0,0,0,0,0,0,0,0,0,0,0,0,0,0,0
3,5,3,0,0,0,0,0,0,0,0,0,0,0,0,0,0,0,0,0,0,0,0,0,0,0,0,0,0,0,0,0,0
3,5,4,0,0,0,0,0,0,0,0,0,0,0,0,0,0,0,0,0,0,0,0,0,0,0,0,0,0,0,0,0,0
3,5,5,0,0,0,0,0,0,0,0,0,0,0,0,0,0,0,0,0,0,0,0,0,0,0,0,0,0,0,0,0,0
3,5,6,0,0,0,0,0,0,0,0,0,0,0,0,0,0,0,0,0,0,0,0,0,0,0,0,0,0,0,0,0,0
3,5,7,0,0,0,0,0,0,0,0,0,0,0,0,0,0,0,0,0,0,0,0,0,0,0,0,0,0,0,0,0,0
3,5,8,0,0,0,0,0,0,0,0,0,0,0,0,0,0,0,0,0,0,0,0,0,0,0,0,0,0,0,0,0,0
3,5,9,0,0,0,0,0,0,0,0,0,0,0,0,0,0,0,0,0,0,0,0,0,0,0,0,0,0,0,0,0,0
3,5,10,0,0,0,0,0,0,0,0,0,0,0,0,0,0,0,0,0,0,0,0,0,0,0,0,0,0,0,0,0,0
3,5,11,0,0,0,0,0,0,0,0,0,0,0,0,0,0,0,0,0,0,0,0,0,0,0,0,0,0,0,0,0,0
3,5,12,0,0,0,0,0,0,0,0,0,0,0,0,0,0,0,0,0,0,0,0,0,0,0,0,0,0,0,0,0,0
3,5,13,0,0,0,0,0,0,0,0,0,0,0,0,0,0,0,0,0,0,0,0,0,0,0,0,0,0,0,0,0,0
3,5,14,0,0,0,0,0,0,0,0,0,0,0,0,0,0,0,0,0,0,0,0,0,0,0,0,0,0,0,0,0,0
3,5,15,0,0,0,0,0,0,0,0,0,0,0,0,0,0,0,0,0,0,0,0,0,0,0,0,0,0,0,0,0,0
3,5,16,0,0,0,0,0,0,0,0,0,0,0,0,0,0,0,0,0,0,0,0,0,0,0,0,0,0,0,0,0,0
3,5,17,0,0,0,0,0,0,0,0,0,0,0,0,0,0,0,0,0,0,0,0,0,0,0,0,0,0,0,0,0,0
3,5,18,0,0,0,0,0,0,0,0,0,0,0,0,0,0,0,0,0,0,0,0,0,0,0,0,0,0,0,0,0,0
3,5,19,0,0,0,0,0,0,0,0,0,0,0,0,0,0,0,0,0,0,0,0,0,0,0,0,0,0,0,0,0,0
3,5,20,0,0,0,0,0,0,0,0,0,0,0,0,0,0,0,0,0,0,0,0,0,0,0,0,0,0,0,0,0,0
3,5,21,0,0,0,0,0,0,0,0,0,0,0,0,0,0,0,0,0,0,0,0,0,0,0,0,0,0,0,0,0,0
3,5,22,0,0,0,0,0,0,0,0,0,0,0,0,0,0,0,0,0,0,0,0,0,0,0,0,0,0,0,0,0,0
3,5,23,0,0,0,0,0,0,0,0,0,0,0,0,0,0,0,0,0,0,0,0,0,0,0,0,0,0,0,0,0,0
3,5,24,0,0,0,0,0,0,0,0,0,0,0,0,0,0,0,0,0,0,0,0,0,0,0,0,0,0,0,0,0,0
3,5,25,0,0,0,0,0,0,0,0,0,0,0,0,0,0,0,0,0,0,0,0,0,0,0,0,0,0,0,0,0,0
3,5,26,0,0,0,0,0,0,0,0,0,0,0,0,0,0,0,0,0,0,0,0,0,0,0,0,0,0,0,0,0,0
3,5,27,0,0,0,0,0,0,0,0,0,0,0,0,0,0,0,0,0,0,0,0,0,0,0,0,0,0,0,0,0,0
3,5,28,0,0,0,0,0,0,0,0,0,0,0,0,0,0,0,0,0,0,0,0,0,0,0,0,0,0,0,0,0,0
3,5,29,0,0,0,0,0,0,0,0,0,0,0,0,0,0,0,0,0,0,0,0,0,0,0,0,0,0,0,0,0,0
3,5,30,0,0,0,0,0,0,0,0,0,0,0,0,0,0,0,0,0,0,0,0,0,0,0,0,0,0,0,0,0,0
3,5,31,0,0,0,0,0,0,0,0,0,0,0,0,0,0,0,0,0,0,0,0,0,0,0,0,0,0,0,0,0,0
3,5,32,0,0,0,0,0,0,0,0,0,0,0,0,0,0,0,0,0,0,0,0,0,0,0,0,0,0,0,0,0,0
3,5,33,0,0,0,0,0,0,0,0,0,0,0,0,0,0,0,0,0,0,0,0,0,0,0,0,0,0,0,0,0,0
3,5,34,0,0,0,0,0,0,0,0,0,0,0,0,0,0,0,0,0,0,0,0,0,0,0,0,0,0,0,0,0,0
3,6,1,0,0,0,0,13.43180426,13.43180426,13.43180426,13.43180426,13.43180426,13.43180426,13.43180426,13.43180426,13.43180426,13.43180426,13.43180426,13.43180426,13.43180426,13.43180426,13.43180426,13.43180426,13.43180426,13.78842195,14.30745027,14.69892547,15.04532255,15.23507116,15.41808508,15.41808508,15.41808508,15.41808508
3,6,2,0,0,0,0,0,13.43180426,13.43180426,13.43180426,13.43180426,13.43180426,13.43180426,13.43180426,13.43180426,13.43180426,13.43180426,13.43180426,13.43180426,13.43180426,13.43180426,13.43180426,13.43180426,13.43180426,13.78842195,14.30745027,14.69892547,15.04532255,15.23507116,15.41808508,15.41808508,15.41808508
3,6,3,0,0,0,0,0,0,13.43180426,13.43180426,13.43180426,13.43180426,13.43180426,13.43180426,13.43180426,13.43180426,13.43180426,13.43180426,13.43180426,13.43180426,13.43180426,13.43180426,13.43180426,13.43180426,13.43180426,13.78842195,14.30745027,14.69892547,15.04532255,15.23507116,15.41808508,15.41808508
3,6,4,0,0,0,0,0,0,0,13.43180426,13.43180426,13.43180426,13.43180426,13.43180426,13.43180426,13.43180426,13.43180426,13.43180426,13.43180426,13.43180426,13.43180426,13.43180426,13.43180426,13.43180426,13.43180426,13.43180426,13.78842195,14.30745027,14.69892547,15.04532255,15.23507116,15.41808508
3,6,5,0,0,0,0,0,0,0,0,13.43180426,13.43180426,13.43180426,13.43180426,13.43180426,13.43180426,13.43180426,13.43180426,13.43180426,13.43180426,13.43180426,13.43180426,13.43180426,13.43180426,13.43180426,13.43180426,13.43180426,13.78842195,14.30745027,14.69892547,15.04532255,15.23507116
3,6,6,0,0,0,0,0,0,0,0,0,13.43180426,13.43180426,13.43180426,13.43180426,13.43180426,13.43180426,13.43180426,13.43180426,13.43180426,13.43180426,13.43180426,13.43180426,13.43180426,13.43180426,13.43180426,13.43180426,13.43180426,13.78842195,14.30745027,14.69892547,15.04532255
3,6,7,0,0,0,0,0,0,0,0,0,0,13.43180426,13.43180426,13.43180426,13.43180426,13.43180426,13.43180426,13.43180426,13.43180426,13.43180426,13.43180426,13.43180426,13.43180426,13.43180426,13.43180426,13.43180426,13.43180426,13.43180426,13.78842195,14.30745027,14.69892547
3,6,8,0,0,0,0,0,0,0,0,0,0,0,13.43180426,13.43180426,13.43180426,13.43180426,13.43180426,13.43180426,13.43180426,13.43180426,13.43180426,13.43180426,13.43180426,13.43180426,13.43180426,13.43180426,13.43180426,13.43180426,13.43180426,13.78842195,14.30745027
3,6,9,0,0,0,0,0,0,0,0,0,0,0,0,13.43180426,13.43180426,13.43180426,13.43180426,13.43180426,13.43180426,13.43180426,13.43180426,13.43180426,13.43180426,13.43180426,13.43180426,13.43180426,13.43180426,13.43180426,13.43180426,13.43180426,13.78842195
3,6,10,0,0,0,0,0,0,0,0,0,0,0,0,0,13.43180426,13.43180426,13.43180426,13.43180426,13.43180426,13.43180426,13.43180426,13.43180426,13.43180426,13.43180426,13.43180426,13.43180426,13.43180426,13.43180426,13.43180426,13.43180426,13.43180426
3,6,11,0,0,0,0,0,0,0,0,0,0,0,0,0,0,13.43180426,13.43180426,13.43180426,13.43180426,13.43180426,13.43180426,13.43180426,13.43180426,13.43180426,13.43180426,13.43180426,13.43180426,13.43180426,13.43180426,13.43180426,13.43180426
3,6,12,0,0,0,0,0,0,0,0,0,0,0,0,0,0,0,13.43180426,13.43180426,13.43180426,13.43180426,13.43180426,13.43180426,13.43180426,13.43180426,13.43180426,13.43180426,13.43180426,13.43180426,13.43180426,13.43180426,13.43180426
3,6,13,0,0,0,0,0,0,0,0,0,0,0,0,0,0,0,0,13.43180426,13.43180426,13.43180426,13.43180426,13.43180426,13.43180426,13.43180426,13.43180426,13.43180426,13.43180426,13.43180426,13.43180426,13.43180426,13.43180426
3,6,14,0,0,0,0,0,0,0,0,0,0,0,0,0,0,0,0,0,13.43180426,13.43180426,13.43180426,13.43180426,13.43180426,13.43180426,13.43180426,13.43180426,13.43180426,13.43180426,13.43180426,13.43180426,13.43180426
3,6,15,0,0,0,0,0,0,0,0,0,0,0,0,0,0,0,0,0,0,13.43180426,13.43180426,13.43180426,13.43180426,13.43180426,13.43180426,13.43180426,13.43180426,13.43180426,13.43180426,13.43180426,13.43180426
3,6,16,0,0,0,0,0,0,0,0,0,0,0,0,0,0,0,0,0,0,0,13.43180426,13.43180426,13.43180426,13.43180426,13.43180426,13.43180426,13.43180426,13.43180426,13.43180426,13.43180426,13.43180426
3,6,17,0,0,0,0,0,0,0,0,0,0,0,0,0,0,0,0,0,0,0,0,13.43180426,13.43180426,13.43180426,13.43180426,13.43180426,13.43180426,13.43180426,13.43180426,13.43180426,13.43180426
3,6,18,0,0,0,0,0,0,0,0,0,0,0,0,0,0,0,0,0,0,0,0,0,13.43180426,13.43180426,13.43180426,13.43180426,13.43180426,13.43180426,13.43180426,13.43180426,13.43180426
3,6,19,0,0,0,0,0,0,0,0,0,0,0,0,0,0,0,0,0,0,0,0,0,0,13.43180426,13.43180426,13.43180426,13.43180426,13.43180426,13.43180426,13.43180426,13.43180426
3,6,20,0,0,0,0,0,0,0,0,0,0,0,0,0,0,0,0,0,0,0,0,0,0,0,13.43180426,13.43180426,13.43180426,13.43180426,13.43180426,13.43180426,13.43180426
3,6,21,0,0,0,0,0,0,0,0,0,0,0,0,0,0,0,0,0,0,0,0,0,0,0,0,13.43180426,13.43180426,13.43180426,13.43180426,13.43180426,13.43180426
3,6,22,0,0,0,0,0,0,0,0,0,0,0,0,0,0,0,0,0,0,0,0,0,0,0,0,0,13.43180426,13.43180426,13.43180426,13.43180426,13.43180426
3,6,23,0,0,0,0,0,0,0,0,0,0,0,0,0,0,0,0,0,0,0,0,0,0,0,0,0,0,13.43180426,13.43180426,13.43180426,13.43180426
3,6,24,0,0,0,0,0,0,0,0,0,0,0,0,0,0,0,0,0,0,0,0,0,0,0,0,0,0,0,13.43180426,13.43180426,13.43180426
3,6,25,0,0,0,0,0,0,0,0,0,0,0,0,0,0,0,0,0,0,0,0,0,0,0,0,0,0,0,0,13.43180426,13.43180426
3,6,26,0,0,0,0,0,0,0,0,0,0,0,0,0,0,0,0,0,0,0,0,0,0,0,0,0,0,0,0,0,13.43180426
3,6,27,0,0,0,0,0,0,0,0,0,0,0,0,0,0,0,0,0,0,0,0,0,0,0,0,0,0,0,0,0,0
3,6,28,0,0,0,0,0,0,0,0,0,0,0,0,0,0,0,0,0,0,0,0,0,0,0,0,0,0,0,0,0,0
3,6,29,0,0,0,0,0,0,0,0,0,0,0,0,0,0,0,0,0,0,0,0,0,0,0,0,0,0,0,0,0,0
3,6,30,0,0,0,0,0,0,0,0,0,0,0,0,0,0,0,0,0,0,0,0,0,0,0,0,0,0,0,0,0,0
3,6,31,0,0,0,0,0,0,0,0,0,0,0,0,0,0,0,0,0,0,0,0,0,0,0,0,0,0,0,0,0,0
3,6,32,0,0,0,0,0,0,0,0,0,0,0,0,0,0,0,0,0,0,0,0,0,0,0,0,0,0,0,0,0,0
3,6,33,0,0,0,0,0,0,0,0,0,0,0,0,0,0,0,0,0,0,0,0,0,0,0,0,0,0,0,0,0,0
3,6,34,0,0,0,0,0,0,0,0,0,0,0,0,0,0,0,0,0,0,0,0,0,0,0,0,0,0,0,0,0,0
4,1,1,12.56547954,12.69240358,12.82060968,12.95011078,13.08091998,13.29629463,13.51393919,14.42153281,15.08745519,15.75368161,15.46167194,15.04028821,13.70555237,14.22276513,14.17498612,13.85090142,15.1759453,15.03101255,15.91823782,14.66296904,15.30397033,15.43181699,15.34194396,15.34656621,16.22753577,16.27884234,16.5085659,16.83357257,16.83357257,16.83357257
4,1,2,12.43982475,12.56547954,12.69240358,12.82060968,12.95011078,13.08091998,13.29629463,13.51393919,14.42153281,15.08745519,15.75368161,15.46167194,15.04028821,13.70555237,14.22276513,14.17498612,13.85090142,15.1759453,15.03101255,15.91823782,14.66296904,15.30397033,15.43181699,15.34194396,15.34656621,16.22753577,16.27884234,16.5085659,16.83357257,16.83357257
4,1,3,12.3154265,12.43982475,12.56547954,12.69240358,12.82060968,12.95011078,13.08091998,13.29629463,13.51393919,14.42153281,15.08745519,15.75368161,15.46167194,15.04028821,13.70555237,14.22276513,14.17498612,13.85090142,15.1759453,15.03101255,15.91823782,14.66296904,15.30397033,15.43181699,15.34194396,15.34656621,16.22753577,16.27884234,16.5085659,16.83357257
4,1,4,12.19227224,12.3154265,12.43982475,12.56547954,12.69240358,12.82060968,12.95011078,13.08091998,13.29629463,13.51393919,14.42153281,15.08745519,15.75368161,15.46167194,15.04028821,13.70555237,14.22276513,14.17498612,13.85090142,15.1759453,15.03101255,15.91823782,14.66296904,15.30397033,15.43181699,15.34194396,15.34656621,16.22753577,16.27884234,16.5085659
4,1,5,12.07034951,12.19227224,12.3154265,12.43982475,12.56547954,12.69240358,12.82060968,12.95011078,13.08091998,13.29629463,13.51393919,14.42153281,15.08745519,15.75368161,15.46167194,15.04028821,13.70555237,14.22276513,14.17498612,13.85090142,15.1759453,15.03101255,15.91823782,14.66296904,15.30397033,15.43181699,15.34194396,15.34656621,16.22753577,16.27884234
4,1,6,11.94964602,12.07034951,12.19227224,12.3154265,12.43982475,12.56547954,12.69240358,12.82060968,12.95011078,13.08091998,13.29629463,13.51393919,14.42153281,15.08745519,15.75368161,15.46167194,15.04028821,13.70555237,14.22276513,14.17498612,13.85090142,15.1759453,15.03101255,15.91823782,14.66296904,15.30397033,15.43181699,15.34194396,15.34656621,16.22753577
4,1,7,11.83014956,11.94964602,12.07034951,12.19227224,12.3154265,12.43982475,12.56547954,12.69240358,12.82060968,12.95011078,13.08091998,13.29629463,13.51393919,14.42153281,15.08745519,15.75368161,15.46167194,15.04028821,13.70555237,14.22276513,14.17498612,13.85090142,15.1759453,15.03101255,15.91823782,14.66296904,15.30397033,15.43181699,15.34194396,15.34656621
4,1,8,11.71184806,11.83014956,11.94964602,12.07034951,12.19227224,12.3154265,12.43982475,12.56547954,12.69240358,12.82060968,12.95011078,13.08091998,13.29629463,13.51393919,14.42153281,15.08745519,15.75368161,15.46167194,15.04028821,13.70555237,14.22276513,14.17498612,13.85090142,15.1759453,15.03101255,15.91823782,14.66296904,15.30397033,15.43181699,15.34194396
4,1,9,11.59472958,11.71184806,11.83014956,11.94964602,12.07034951,12.19227224,12.3154265,12.43982475,12.56547954,12.69240358,12.82060968,12.95011078,13.08091998,13.29629463,13.51393919,14.42153281,15.08745519,15.75368161,15.46167194,15.04028821,13.70555237,14.22276513,14.17498612,13.85090142,15.1759453,15.03101255,15.91823782,14.66296904,15.30397033,15.43181699
4,1,10,11.47878229,11.59472958,11.71184806,11.83014956,11.94964602,12.07034951,12.19227224,12.3154265,12.43982475,12.56547954,12.69240358,12.82060968,12.95011078,13.08091998,13.29629463,13.51393919,14.42153281,15.08745519,15.75368161,15.46167194,15.04028821,13.70555237,14.22276513,14.17498612,13.85090142,15.1759453,15.03101255,15.91823782,14.66296904,15.30397033
4,1,11,11.36399446,11.47878229,11.59472958,11.71184806,11.83014956,11.94964602,12.07034951,12.19227224,12.3154265,12.43982475,12.56547954,12.69240358,12.82060968,12.95011078,13.08091998,13.29629463,13.51393919,14.42153281,15.08745519,15.75368161,15.46167194,15.04028821,13.70555237,14.22276513,14.17498612,13.85090142,15.1759453,15.03101255,15.91823782,14.66296904
4,1,12,11.25035452,11.36399446,11.47878229,11.59472958,11.71184806,11.83014956,11.94964602,12.07034951,12.19227224,12.3154265,12.43982475,12.56547954,12.69240358,12.82060968,12.95011078,13.08091998,13.29629463,13.51393919,14.42153281,15.08745519,15.75368161,15.46167194,15.04028821,13.70555237,14.22276513,14.17498612,13.85090142,15.1759453,15.03101255,15.91823782
4,1,13,11.13785097,11.25035452,11.36399446,11.47878229,11.59472958,11.71184806,11.83014956,11.94964602,12.07034951,12.19227224,12.3154265,12.43982475,12.56547954,12.69240358,12.82060968,12.95011078,13.08091998,13.29629463,13.51393919,14.42153281,15.08745519,15.75368161,15.46167194,15.04028821,13.70555237,14.22276513,14.17498612,13.85090142,15.1759453,15.03101255
4,1,14,11.02647246,11.13785097,11.25035452,11.36399446,11.47878229,11.59472958,11.71184806,11.83014956,11.94964602,12.07034951,12.19227224,12.3154265,12.43982475,12.56547954,12.69240358,12.82060968,12.95011078,13.08091998,13.29629463,13.51393919,14.42153281,15.08745519,15.75368161,15.46167194,15.04028821,13.70555237,14.22276513,14.17498612,13.85090142,15.1759453
4,1,15,10.91620774,11.02647246,11.13785097,11.25035452,11.36399446,11.47878229,11.59472958,11.71184806,11.83014956,11.94964602,12.07034951,12.19227224,12.3154265,12.43982475,12.56547954,12.69240358,12.82060968,12.95011078,13.08091998,13.29629463,13.51393919,14.42153281,15.08745519,15.75368161,15.46167194,15.04028821,13.70555237,14.22276513,14.17498612,13.85090142
4,1,16,10.80704566,10.91620774,11.02647246,11.13785097,11.25035452,11.36399446,11.47878229,11.59472958,11.71184806,11.83014956,11.94964602,12.07034951,12.19227224,12.3154265,12.43982475,12.56547954,12.69240358,12.82060968,12.95011078,13.08091998,13.29629463,13.51393919,14.42153281,15.08745519,15.75368161,15.46167194,15.04028821,13.70555237,14.22276513,14.17498612
4,1,17,10.6989752,10.80704566,10.91620774,11.02647246,11.13785097,11.25035452,11.36399446,11.47878229,11.59472958,11.71184806,11.83014956,11.94964602,12.07034951,12.19227224,12.3154265,12.43982475,12.56547954,12.69240358,12.82060968,12.95011078,13.08091998,13.29629463,13.51393919,14.42153281,15.08745519,15.75368161,15.46167194,15.04028821,13.70555237,14.22276513
4,1,18,10.59198545,10.6989752,10.80704566,10.91620774,11.02647246,11.13785097,11.25035452,11.36399446,11.47878229,11.59472958,11.71184806,11.83014956,11.94964602,12.07034951,12.19227224,12.3154265,12.43982475,12.56547954,12.69240358,12.82060968,12.95011078,13.08091998,13.29629463,13.51393919,14.42153281,15.08745519,15.75368161,15.46167194,15.04028821,13.70555237
4,1,19,10.4860656,10.59198545,10.6989752,10.80704566,10.91620774,11.02647246,11.13785097,11.25035452,11.36399446,11.47878229,11.59472958,11.71184806,11.83014956,11.94964602,12.07034951,12.19227224,12.3154265,12.43982475,12.56547954,12.69240358,12.82060968,12.95011078,13.08091998,13.29629463,13.51393919,14.42153281,15.08745519,15.75368161,15.46167194,15.04028821
4,1,20,10.38120494,10.4860656,10.59198545,10.6989752,10.80704566,10.91620774,11.02647246,11.13785097,11.25035452,11.36399446,11.47878229,11.59472958,11.71184806,11.83014956,11.94964602,12.07034951,12.19227224,12.3154265,12.43982475,12.56547954,12.69240358,12.82060968,12.95011078,13.08091998,13.29629463,13.51393919,14.42153281,15.08745519,15.75368161,15.46167194
4,1,21,10.27739289,10.38120494,10.4860656,10.59198545,10.6989752,10.80704566,10.91620774,11.02647246,11.13785097,11.25035452,11.36399446,11.47878229,11.59472958,11.71184806,11.83014956,11.94964602,12.07034951,12.19227224,12.3154265,12.43982475,12.56547954,12.69240358,12.82060968,12.95011078,13.08091998,13.29629463,13.51393919,14.42153281,15.08745519,15.75368161
4,1,22,10.17461896,10.27739289,10.38120494,10.4860656,10.59198545,10.6989752,10.80704566,10.91620774,11.02647246,11.13785097,11.25035452,11.36399446,11.47878229,11.59472958,11.71184806,11.83014956,11.94964602,12.07034951,12.19227224,12.3154265,12.43982475,12.56547954,12.69240358,12.82060968,12.95011078,13.08091998,13.29629463,13.51393919,14.42153281,15.08745519
4,1,23,10.07287277,10.17461896,10.27739289,10.38120494,10.4860656,10.59198545,10.6989752,10.80704566,10.91620774,11.02647246,11.13785097,11.25035452,11.36399446,11.47878229,11.59472958,11.71184806,11.83014956,11.94964602,12.07034951,12.19227224,12.3154265,12.43982475,12.56547954,12.69240358,12.82060968,12.95011078,13.08091998,13.29629463,13.51393919,14.42153281
4,1,24,9.972144046,10.07287277,10.17461896,10.27739289,10.38120494,10.4860656,10.59198545,10.6989752,10.80704566,10.91620774,11.02647246,11.13785097,11.25035452,11.36399446,11.47878229,11.59472958,11.71184806,11.83014956,11.94964602,12.07034951,12.19227224,12.3154265,12.43982475,12.56547954,12.69240358,12.82060968,12.95011078,13.08091998,13.29629463,13.51393919
4,1,25,9.872422606,9.972144046,10.07287277,10.17461896,10.27739289,10.38120494,10.4860656,10.59198545,10.6989752,10.80704566,10.91620774,11.02647246,11.13785097,11.25035452,11.36399446,11.47878229,11.59472958,11.71184806,11.83014956,11.94964602,12.07034951,12.19227224,12.3154265,12.43982475,12.56547954,12.69240358,12.82060968,12.95011078,13.08091998,13.29629463
4,1,26,9.77369838,9.872422606,9.972144046,10.07287277,10.17461896,10.27739289,10.38120494,10.4860656,10.59198545,10.6989752,10.80704566,10.91620774,11.02647246,11.13785097,11.25035452,11.36399446,11.47878229,11.59472958,11.71184806,11.83014956,11.94964602,12.07034951,12.19227224,12.3154265,12.43982475,12.56547954,12.69240358,12.82060968,12.95011078,13.08091998
4,1,27,9.675961396,9.77369838,9.872422606,9.972144046,10.07287277,10.17461896,10.27739289,10.38120494,10.4860656,10.59198545,10.6989752,10.80704566,10.91620774,11.02647246,11.13785097,11.25035452,11.36399446,11.47878229,11.59472958,11.71184806,11.83014956,11.94964602,12.07034951,12.19227224,12.3154265,12.43982475,12.56547954,12.69240358,12.82060968,12.95011078
4,1,28,9.579201782,9.675961396,9.77369838,9.872422606,9.972144046,10.07287277,10.17461896,10.27739289,10.38120494,10.4860656,10.59198545,10.6989752,10.80704566,10.91620774,11.02647246,11.13785097,11.25035452,11.36399446,11.47878229,11.59472958,11.71184806,11.83014956,11.94964602,12.07034951,12.19227224,12.3154265,12.43982475,12.56547954,12.69240358,12.82060968
4,1,29,9.483409764,9.579201782,9.675961396,9.77369838,9.872422606,9.972144046,10.07287277,10.17461896,10.27739289,10.38120494,10.4860656,10.59198545,10.6989752,10.80704566,10.91620774,11.02647246,11.13785097,11.25035452,11.36399446,11.47878229,11.59472958,11.71184806,11.83014956,11.94964602,12.07034951,12.19227224,12.3154265,12.43982475,12.56547954,12.69240358
4,1,30,9.388575667,9.483409764,9.579201782,9.675961396,9.77369838,9.872422606,9.972144046,10.07287277,10.17461896,10.27739289,10.38120494,10.4860656,10.59198545,10.6989752,10.80704566,10.91620774,11.02647246,11.13785097,11.25035452,11.36399446,11.47878229,11.59472958,11.71184806,11.83014956,11.94964602,12.07034951,12.19227224,12.3154265,12.43982475,12.56547954
4,1,31,9.29468991,9.388575667,9.483409764,9.579201782,9.675961396,9.77369838,9.872422606,9.972144046,10.07287277,10.17461896,10.27739289,10.38120494,10.4860656,10.59198545,10.6989752,10.80704566,10.91620774,11.02647246,11.13785097,11.25035452,11.36399446,11.47878229,11.59472958,11.71184806,11.83014956,11.94964602,12.07034951,12.19227224,12.3154265,12.43982475
4,1,32,9.201743011,9.29468991,9.388575667,9.483409764,9.579201782,9.675961396,9.77369838,9.872422606,9.972144046,10.07287277,10.17461896,10.27739289,10.38120494,10.4860656,10.59198545,10.6989752,10.80704566,10.91620774,11.02647246,11.13785097,11.25035452,11.36399446,11.47878229,11.59472958,11.71184806,11.83014956,11.94964602,12.07034951,12.19227224,12.3154265
4,1,33,9.109725581,9.201743011,9.29468991,9.388575667,9.483409764,9.579201782,9.675961396,9.77369838,9.872422606,9.972144046,10.07287277,10.17461896,10.27739289,10.38120494,10.4860656,10.59198545,10.6989752,10.80704566,10.91620774,11.02647246,11.13785097,11.25035452,11.36399446,11.47878229,11.59472958,11.71184806,11.83014956,11.94964602,12.07034951,12.19227224
4,1,34,9.018628325,9.109725581,9.201743011,9.29468991,9.388575667,9.483409764,9.579201782,9.675961396,9.77369838,9.872422606,9.972144046,10.07287277,10.17461896,10.27739289,10.38120494,10.4860656,10.59198545,10.6989752,10.80704566,10.91620774,11.02647246,11.13785097,11.25035452,11.36399446,11.47878229,11.59472958,11.71184806,11.83014956,11.94964602,12.07034951
4,2,1,11.54844057,11.66509149,11.78292069,11.90194009,12.02216171,12.43930776,12.40485851,12.32702068,11.916867,12.20176471,12.52663763,12.99777254,12.72696957,12.61676987,12.19308656,12.76734759,12.88562914,13.2745879,13.30112512,13.34249327,13.10534066,12.64091202,12.59753721,12.40394998,13.08559316,13.4958495,14.2136991,13.94286772,13.94286772,13.94286772
4,2,2,11.43295616,11.54844057,11.66509149,11.78292069,11.90194009,12.02216171,12.43930776,12.40485851,12.32702068,11.916867,12.20176471,12.52663763,12.99777254,12.72696957,12.61676987,12.19308656,12.76734759,12.88562914,13.2745879,13.30112512,13.34249327,13.10534066,12.64091202,12.59753721,12.40394998,13.08559316,13.4958495,14.2136991,13.94286772,13.94286772
4,2,3,11.3186266,11.43295616,11.54844057,11.66509149,11.78292069,11.90194009,12.02216171,12.43930776,12.40485851,12.32702068,11.916867,12.20176471,12.52663763,12.99777254,12.72696957,12.61676987,12.19308656,12.76734759,12.88562914,13.2745879,13.30112512,13.34249327,13.10534066,12.64091202,12.59753721,12.40394998,13.08559316,13.4958495,14.2136991,13.94286772
4,2,4,11.20544034,11.3186266,11.43295616,11.54844057,11.66509149,11.78292069,11.90194009,12.02216171,12.43930776,12.40485851,12.32702068,11.916867,12.20176471,12.52663763,12.99777254,12.72696957,12.61676987,12.19308656,12.76734759,12.88562914,13.2745879,13.30112512,13.34249327,13.10534066,12.64091202,12.59753721,12.40394998,13.08559316,13.4958495,14.2136991
4,2,5,11.09338593,11.20544034,11.3186266,11.43295616,11.54844057,11.66509149,11.78292069,11.90194009,12.02216171,12.43930776,12.40485851,12.32702068,11.916867,12.20176471,12.52663763,12.99777254,12.72696957,12.61676987,12.19308656,12.76734759,12.88562914,13.2745879,13.30112512,13.34249327,13.10534066,12.64091202,12.59753721,12.40394998,13.08559316,13.4958495
4,2,6,10.98245207,11.09338593,11.20544034,11.3186266,11.43295616,11.54844057,11.66509149,11.78292069,11.90194009,12.02216171,12.43930776,12.40485851,12.32702068,11.916867,12.20176471,12.52663763,12.99777254,12.72696957,12.61676987,12.19308656,12.76734759,12.88562914,13.2745879,13.30112512,13.34249327,13.10534066,12.64091202,12.59753721,12.40394998,13.08559316
4,2,7,10.87262755,10.98245207,11.09338593,11.20544034,11.3186266,11.43295616,11.54844057,11.66509149,11.78292069,11.90194009,12.02216171,12.43930776,12.40485851,12.32702068,11.916867,12.20176471,12.52663763,12.99777254,12.72696957,12.61676987,12.19308656,12.76734759,12.88562914,13.2745879,13.30112512,13.34249327,13.10534066,12.64091202,12.59753721,12.40394998
4,2,8,10.76390128,10.87262755,10.98245207,11.09338593,11.20544034,11.3186266,11.43295616,11.54844057,11.66509149,11.78292069,11.90194009,12.02216171,12.43930776,12.40485851,12.32702068,11.916867,12.20176471,12.52663763,12.99777254,12.72696957,12.61676987,12.19308656,12.76734759,12.88562914,13.2745879,13.30112512,13.34249327,13.10534066,12.64091202,12.59753721
4,2,9,10.65626227,10.76390128,10.87262755,10.98245207,11.09338593,11.20544034,11.3186266,11.43295616,11.54844057,11.66509149,11.78292069,11.90194009,12.02216171,12.43930776,12.40485851,12.32702068,11.916867,12.20176471,12.52663763,12.99777254,12.72696957,12.61676987,12.19308656,12.76734759,12.88562914,13.2745879,13.30112512,13.34249327,13.10534066,12.64091202
4,2,10,10.54969964,10.65626227,10.76390128,10.87262755,10.98245207,11.09338593,11.20544034,11.3186266,11.43295616,11.54844057,11.66509149,11.78292069,11.90194009,12.02216171,12.43930776,12.40485851,12.32702068,11.916867,12.20176471,12.52663763,12.99777254,12.72696957,12.61676987,12.19308656,12.76734759,12.88562914,13.2745879,13.30112512,13.34249327,13.10534066
4,2,11,10.44420265,10.54969964,10.65626227,10.76390128,10.87262755,10.98245207,11.09338593,11.20544034,11.3186266,11.43295616,11.54844057,11.66509149,11.78292069,11.90194009,12.02216171,12.43930776,12.40485851,12.32702068,11.916867,12.20176471,12.52663763,12.99777254,12.72696957,12.61676987,12.19308656,12.76734759,12.88562914,13.2745879,13.30112512,13.34249327
4,2,12,10.33976062,10.44420265,10.54969964,10.65626227,10.76390128,10.87262755,10.98245207,11.09338593,11.20544034,11.3186266,11.43295616,11.54844057,11.66509149,11.78292069,11.90194009,12.02216171,12.43930776,12.40485851,12.32702068,11.916867,12.20176471,12.52663763,12.99777254,12.72696957,12.61676987,12.19308656,12.76734759,12.88562914,13.2745879,13.30112512
4,2,13,10.23636301,10.33976062,10.44420265,10.54969964,10.65626227,10.76390128,10.87262755,10.98245207,11.09338593,11.20544034,11.3186266,11.43295616,11.54844057,11.66509149,11.78292069,11.90194009,12.02216171,12.43930776,12.40485851,12.32702068,11.916867,12.20176471,12.52663763,12.99777254,12.72696957,12.61676987,12.19308656,12.76734759,12.88562914,13.2745879
4,2,14,10.13399938,10.23636301,10.33976062,10.44420265,10.54969964,10.65626227,10.76390128,10.87262755,10.98245207,11.09338593,11.20544034,11.3186266,11.43295616,11.54844057,11.66509149,11.78292069,11.90194009,12.02216171,12.43930776,12.40485851,12.32702068,11.916867,12.20176471,12.52663763,12.99777254,12.72696957,12.61676987,12.19308656,12.76734759,12.88562914
4,2,15,10.03265939,10.13399938,10.23636301,10.33976062,10.44420265,10.54969964,10.65626227,10.76390128,10.87262755,10.98245207,11.09338593,11.20544034,11.3186266,11.43295616,11.54844057,11.66509149,11.78292069,11.90194009,12.02216171,12.43930776,12.40485851,12.32702068,11.916867,12.20176471,12.52663763,12.99777254,12.72696957,12.61676987,12.19308656,12.76734759
4,2,16,9.932332796,10.03265939,10.13399938,10.23636301,10.33976062,10.44420265,10.54969964,10.65626227,10.76390128,10.87262755,10.98245207,11.09338593,11.20544034,11.3186266,11.43295616,11.54844057,11.66509149,11.78292069,11.90194009,12.02216171,12.43930776,12.40485851,12.32702068,11.916867,12.20176471,12.52663763,12.99777254,12.72696957,12.61676987,12.19308656
4,2,17,9.833009468,9.932332796,10.03265939,10.13399938,10.23636301,10.33976062,10.44420265,10.54969964,10.65626227,10.76390128,10.87262755,10.98245207,11.09338593,11.20544034,11.3186266,11.43295616,11.54844057,11.66509149,11.78292069,11.90194009,12.02216171,12.43930776,12.40485851,12.32702068,11.916867,12.20176471,12.52663763,12.99777254,12.72696957,12.61676987
4,2,18,9.734679373,9.833009468,9.932332796,10.03265939,10.13399938,10.23636301,10.33976062,10.44420265,10.54969964,10.65626227,10.76390128,10.87262755,10.98245207,11.09338593,11.20544034,11.3186266,11.43295616,11.54844057,11.66509149,11.78292069,11.90194009,12.02216171,12.43930776,12.40485851,12.32702068,11.916867,12.20176471,12.52663763,12.99777254,12.72696957
4,2,19,9.637332579,9.734679373,9.833009468,9.932332796,10.03265939,10.13399938,10.23636301,10.33976062,10.44420265,10.54969964,10.65626227,10.76390128,10.87262755,10.98245207,11.09338593,11.20544034,11.3186266,11.43295616,11.54844057,11.66509149,11.78292069,11.90194009,12.02216171,12.43930776,12.40485851,12.32702068,11.916867,12.20176471,12.52663763,12.99777254
4,2,20,9.540959254,9.637332579,9.734679373,9.833009468,9.932332796,10.03265939,10.13399938,10.23636301,10.33976062,10.44420265,10.54969964,10.65626227,10.76390128,10.87262755,10.98245207,11.09338593,11.20544034,11.3186266,11.43295616,11.54844057,11.66509149,11.78292069,11.90194009,12.02216171,12.43930776,12.40485851,12.32702068,11.916867,12.20176471,12.52663763
4,2,21,9.445549661,9.540959254,9.637332579,9.734679373,9.833009468,9.932332796,10.03265939,10.13399938,10.23636301,10.33976062,10.44420265,10.54969964,10.65626227,10.76390128,10.87262755,10.98245207,11.09338593,11.20544034,11.3186266,11.43295616,11.54844057,11.66509149,11.78292069,11.90194009,12.02216171,12.43930776,12.40485851,12.32702068,11.916867,12.20176471
4,2,22,9.351094164,9.445549661,9.540959254,9.637332579,9.734679373,9.833009468,9.932332796,10.03265939,10.13399938,10.23636301,10.33976062,10.44420265,10.54969964,10.65626227,10.76390128,10.87262755,10.98245207,11.09338593,11.20544034,11.3186266,11.43295616,11.54844057,11.66509149,11.78292069,11.90194009,12.02216171,12.43930776,12.40485851,12.32702068,11.916867
4,2,23,9.257583223,9.351094164,9.445549661,9.540959254,9.637332579,9.734679373,9.833009468,9.932332796,10.03265939,10.13399938,10.23636301,10.33976062,10.44420265,10.54969964,10.65626227,10.76390128,10.87262755,10.98245207,11.09338593,11.20544034,11.3186266,11.43295616,11.54844057,11.66509149,11.78292069,11.90194009,12.02216171,12.43930776,12.40485851,12.32702068
4,2,24,9.165007391,9.257583223,9.351094164,9.445549661,9.540959254,9.637332579,9.734679373,9.833009468,9.932332796,10.03265939,10.13399938,10.23636301,10.33976062,10.44420265,10.54969964,10.65626227,10.76390128,10.87262755,10.98245207,11.09338593,11.20544034,11.3186266,11.43295616,11.54844057,11.66509149,11.78292069,11.90194009,12.02216171,12.43930776,12.40485851
4,2,25,9.073357317,9.165007391,9.257583223,9.351094164,9.445549661,9.540959254,9.637332579,9.734679373,9.833009468,9.932332796,10.03265939,10.13399938,10.23636301,10.33976062,10.44420265,10.54969964,10.65626227,10.76390128,10.87262755,10.98245207,11.09338593,11.20544034,11.3186266,11.43295616,11.54844057,11.66509149,11.78292069,11.90194009,12.02216171,12.43930776
4,2,26,8.982623743,9.073357317,9.165007391,9.257583223,9.351094164,9.445549661,9.540959254,9.637332579,9.734679373,9.833009468,9.932332796,10.03265939,10.13399938,10.23636301,10.33976062,10.44420265,10.54969964,10.65626227,10.76390128,10.87262755,10.98245207,11.09338593,11.20544034,11.3186266,11.43295616,11.54844057,11.66509149,11.78292069,11.90194009,12.02216171
4,2,27,8.892797506,8.982623743,9.073357317,9.165007391,9.257583223,9.351094164,9.445549661,9.540959254,9.637332579,9.734679373,9.833009468,9.932332796,10.03265939,10.13399938,10.23636301,10.33976062,10.44420265,10.54969964,10.65626227,10.76390128,10.87262755,10.98245207,11.09338593,11.20544034,11.3186266,11.43295616,11.54844057,11.66509149,11.78292069,11.90194009
4,2,28,8.803869531,8.892797506,8.982623743,9.073357317,9.165007391,9.257583223,9.351094164,9.445549661,9.540959254,9.637332579,9.734679373,9.833009468,9.932332796,10.03265939,10.13399938,10.23636301,10.33976062,10.44420265,10.54969964,10.65626227,10.76390128,10.87262755,10.98245207,11.09338593,11.20544034,11.3186266,11.43295616,11.54844057,11.66509149,11.78292069
4,2,29,8.715830836,8.803869531,8.892797506,8.982623743,9.073357317,9.165007391,9.257583223,9.351094164,9.445549661,9.540959254,9.637332579,9.734679373,9.833009468,9.932332796,10.03265939,10.13399938,10.23636301,10.33976062,10.44420265,10.54969964,10.65626227,10.76390128,10.87262755,10.98245207,11.09338593,11.20544034,11.3186266,11.43295616,11.54844057,11.66509149
4,2,30,8.628672527,8.715830836,8.803869531,8.892797506,8.982623743,9.073357317,9.165007391,9.257583223,9.351094164,9.445549661,9.540959254,9.637332579,9.734679373,9.833009468,9.932332796,10.03265939,10.13399938,10.23636301,10.33976062,10.44420265,10.54969964,10.65626227,10.76390128,10.87262755,10.98245207,11.09338593,11.20544034,11.3186266,11.43295616,11.54844057
4,2,31,8.542385802,8.628672527,8.715830836,8.803869531,8.892797506,8.982623743,9.073357317,9.165007391,9.257583223,9.351094164,9.445549661,9.540959254,9.637332579,9.734679373,9.833009468,9.932332796,10.03265939,10.13399938,10.23636301,10.33976062,10.44420265,10.54969964,10.65626227,10.76390128,10.87262755,10.98245207,11.09338593,11.20544034,11.3186266,11.43295616
4,2,32,8.456961944,8.542385802,8.628672527,8.715830836,8.803869531,8.892797506,8.982623743,9.073357317,9.165007391,9.257583223,9.351094164,9.445549661,9.540959254,9.637332579,9.734679373,9.833009468,9.932332796,10.03265939,10.13399938,10.23636301,10.33976062,10.44420265,10.54969964,10.65626227,10.76390128,10.87262755,10.98245207,11.09338593,11.20544034,11.3186266
4,2,33,8.372392325,8.456961944,8.542385802,8.628672527,8.715830836,8.803869531,8.892797506,8.982623743,9.073357317,9.165007391,9.257583223,9.351094164,9.445549661,9.540959254,9.637332579,9.734679373,9.833009468,9.932332796,10.03265939,10.13399938,10.23636301,10.33976062,10.44420265,10.54969964,10.65626227,10.76390128,10.87262755,10.98245207,11.09338593,11.20544034
4,2,34,8.288668401,8.372392325,8.456961944,8.542385802,8.628672527,8.715830836,8.803869531,8.892797506,8.982623743,9.073357317,9.165007391,9.257583223,9.351094164,9.445549661,9.540959254,9.637332579,9.734679373,9.833009468,9.932332796,10.03265939,10.13399938,10.23636301,10.33976062,10.44420265,10.54969964,10.65626227,10.76390128,10.87262755,10.98245207,11.09338593
4,3,1,11.54844057,11.66509149,11.78292069,11.90194009,12.02216171,12.43930776,12.40485851,12.32702068,11.916867,12.20176471,12.52663763,12.99777254,12.72696957,12.61676987,12.19308656,12.76734759,12.88562914,13.2745879,13.30112512,13.34249327,13.10534066,12.64091202,12.59753721,12.40394998,13.08559316,13.4958495,14.2136991,13.94286772,13.94286772,13.94286772
4,3,2,11.43295616,11.54844057,11.66509149,11.78292069,11.90194009,12.02216171,12.43930776,12.40485851,12.32702068,11.916867,12.20176471,12.52663763,12.99777254,12.72696957,12.61676987,12.19308656,12.76734759,12.88562914,13.2745879,13.30112512,13.34249327,13.10534066,12.64091202,12.59753721,12.40394998,13.08559316,13.4958495,14.2136991,13.94286772,13.94286772
4,3,3,11.3186266,11.43295616,11.54844057,11.66509149,11.78292069,11.90194009,12.02216171,12.43930776,12.40485851,12.32702068,11.916867,12.20176471,12.52663763,12.99777254,12.72696957,12.61676987,12.19308656,12.76734759,12.88562914,13.2745879,13.30112512,13.34249327,13.10534066,12.64091202,12.59753721,12.40394998,13.08559316,13.4958495,14.2136991,13.94286772
4,3,4,11.20544034,11.3186266,11.43295616,11.54844057,11.66509149,11.78292069,11.90194009,12.02216171,12.43930776,12.40485851,12.32702068,11.916867,12.20176471,12.52663763,12.99777254,12.72696957,12.61676987,12.19308656,12.76734759,12.88562914,13.2745879,13.30112512,13.34249327,13.10534066,12.64091202,12.59753721,12.40394998,13.08559316,13.4958495,14.2136991
4,3,5,11.09338593,11.20544034,11.3186266,11.43295616,11.54844057,11.66509149,11.78292069,11.90194009,12.02216171,12.43930776,12.40485851,12.32702068,11.916867,12.20176471,12.52663763,12.99777254,12.72696957,12.61676987,12.19308656,12.76734759,12.88562914,13.2745879,13.30112512,13.34249327,13.10534066,12.64091202,12.59753721,12.40394998,13.08559316,13.4958495
4,3,6,10.98245207,11.09338593,11.20544034,11.3186266,11.43295616,11.54844057,11.66509149,11.78292069,11.90194009,12.02216171,12.43930776,12.40485851,12.32702068,11.916867,12.20176471,12.52663763,12.99777254,12.72696957,12.61676987,12.19308656,12.76734759,12.88562914,13.2745879,13.30112512,13.34249327,13.10534066,12.64091202,12.59753721,12.40394998,13.08559316
4,3,7,10.87262755,10.98245207,11.09338593,11.20544034,11.3186266,11.43295616,11.54844057,11.66509149,11.78292069,11.90194009,12.02216171,12.43930776,12.40485851,12.32702068,11.916867,12.20176471,12.52663763,12.99777254,12.72696957,12.61676987,12.19308656,12.76734759,12.88562914,13.2745879,13.30112512,13.34249327,13.10534066,12.64091202,12.59753721,12.40394998
4,3,8,10.76390128,10.87262755,10.98245207,11.09338593,11.20544034,11.3186266,11.43295616,11.54844057,11.66509149,11.78292069,11.90194009,12.02216171,12.43930776,12.40485851,12.32702068,11.916867,12.20176471,12.52663763,12.99777254,12.72696957,12.61676987,12.19308656,12.76734759,12.88562914,13.2745879,13.30112512,13.34249327,13.10534066,12.64091202,12.59753721
4,3,9,10.65626227,10.76390128,10.87262755,10.98245207,11.09338593,11.20544034,11.3186266,11.43295616,11.54844057,11.66509149,11.78292069,11.90194009,12.02216171,12.43930776,12.40485851,12.32702068,11.916867,12.20176471,12.52663763,12.99777254,12.72696957,12.61676987,12.19308656,12.76734759,12.88562914,13.2745879,13.30112512,13.34249327,13.10534066,12.64091202
4,3,10,10.54969964,10.65626227,10.76390128,10.87262755,10.98245207,11.09338593,11.20544034,11.3186266,11.43295616,11.54844057,11.66509149,11.78292069,11.90194009,12.02216171,12.43930776,12.40485851,12.32702068,11.916867,12.20176471,12.52663763,12.99777254,12.72696957,12.61676987,12.19308656,12.76734759,12.88562914,13.2745879,13.30112512,13.34249327,13.10534066
4,3,11,10.44420265,10.54969964,10.65626227,10.76390128,10.87262755,10.98245207,11.09338593,11.20544034,11.3186266,11.43295616,11.54844057,11.66509149,11.78292069,11.90194009,12.02216171,12.43930776,12.40485851,12.32702068,11.916867,12.20176471,12.52663763,12.99777254,12.72696957,12.61676987,12.19308656,12.76734759,12.88562914,13.2745879,13.30112512,13.34249327
4,3,12,10.33976062,10.44420265,10.54969964,10.65626227,10.76390128,10.87262755,10.98245207,11.09338593,11.20544034,11.3186266,11.43295616,11.54844057,11.66509149,11.78292069,11.90194009,12.02216171,12.43930776,12.40485851,12.32702068,11.916867,12.20176471,12.52663763,12.99777254,12.72696957,12.61676987,12.19308656,12.76734759,12.88562914,13.2745879,13.30112512
4,3,13,10.23636301,10.33976062,10.44420265,10.54969964,10.65626227,10.76390128,10.87262755,10.98245207,11.09338593,11.20544034,11.3186266,11.43295616,11.54844057,11.66509149,11.78292069,11.90194009,12.02216171,12.43930776,12.40485851,12.32702068,11.916867,12.20176471,12.52663763,12.99777254,12.72696957,12.61676987,12.19308656,12.76734759,12.88562914,13.2745879
4,3,14,10.13399938,10.23636301,10.33976062,10.44420265,10.54969964,10.65626227,10.76390128,10.87262755,10.98245207,11.09338593,11.20544034,11.3186266,11.43295616,11.54844057,11.66509149,11.78292069,11.90194009,12.02216171,12.43930776,12.40485851,12.32702068,11.916867,12.20176471,12.52663763,12.99777254,12.72696957,12.61676987,12.19308656,12.76734759,12.88562914
4,3,15,10.03265939,10.13399938,10.23636301,10.33976062,10.44420265,10.54969964,10.65626227,10.76390128,10.87262755,10.98245207,11.09338593,11.20544034,11.3186266,11.43295616,11.54844057,11.66509149,11.78292069,11.90194009,12.02216171,12.43930776,12.40485851,12.32702068,11.916867,12.20176471,12.52663763,12.99777254,12.72696957,12.61676987,12.19308656,12.76734759
4,3,16,9.932332796,10.03265939,10.13399938,10.23636301,10.33976062,10.44420265,10.54969964,10.65626227,10.76390128,10.87262755,10.98245207,11.09338593,11.20544034,11.3186266,11.43295616,11.54844057,11.66509149,11.78292069,11.90194009,12.02216171,12.43930776,12.40485851,12.32702068,11.916867,12.20176471,12.52663763,12.99777254,12.72696957,12.61676987,12.19308656
4,3,17,9.833009468,9.932332796,10.03265939,10.13399938,10.23636301,10.33976062,10.44420265,10.54969964,10.65626227,10.76390128,10.87262755,10.98245207,11.09338593,11.20544034,11.3186266,11.43295616,11.54844057,11.66509149,11.78292069,11.90194009,12.02216171,12.43930776,12.40485851,12.32702068,11.916867,12.20176471,12.52663763,12.99777254,12.72696957,12.61676987
4,3,18,9.734679373,9.833009468,9.932332796,10.03265939,10.13399938,10.23636301,10.33976062,10.44420265,10.54969964,10.65626227,10.76390128,10.87262755,10.98245207,11.09338593,11.20544034,11.3186266,11.43295616,11.54844057,11.66509149,11.78292069,11.90194009,12.02216171,12.43930776,12.40485851,12.32702068,11.916867,12.20176471,12.52663763,12.99777254,12.72696957
4,3,19,9.637332579,9.734679373,9.833009468,9.932332796,10.03265939,10.13399938,10.23636301,10.33976062,10.44420265,10.54969964,10.65626227,10.76390128,10.87262755,10.98245207,11.09338593,11.20544034,11.3186266,11.43295616,11.54844057,11.66509149,11.78292069,11.90194009,12.02216171,12.43930776,12.40485851,12.32702068,11.916867,12.20176471,12.52663763,12.99777254
4,3,20,9.540959254,9.637332579,9.734679373,9.833009468,9.932332796,10.03265939,10.13399938,10.23636301,10.33976062,10.44420265,10.54969964,10.65626227,10.76390128,10.87262755,10.98245207,11.09338593,11.20544034,11.3186266,11.43295616,11.54844057,11.66509149,11.78292069,11.90194009,12.02216171,12.43930776,12.40485851,12.32702068,11.916867,12.20176471,12.52663763
4,3,21,9.445549661,9.540959254,9.637332579,9.734679373,9.833009468,9.932332796,10.03265939,10.13399938,10.23636301,10.33976062,10.44420265,10.54969964,10.65626227,10.76390128,10.87262755,10.98245207,11.09338593,11.20544034,11.3186266,11.43295616,11.54844057,11.66509149,11.78292069,11.90194009,12.02216171,12.43930776,12.40485851,12.32702068,11.916867,12.20176471
4,3,22,9.351094164,9.445549661,9.540959254,9.637332579,9.734679373,9.833009468,9.932332796,10.03265939,10.13399938,10.23636301,10.33976062,10.44420265,10.54969964,10.65626227,10.76390128,10.87262755,10.98245207,11.09338593,11.20544034,11.3186266,11.43295616,11.54844057,11.66509149,11.78292069,11.90194009,12.02216171,12.43930776,12.40485851,12.32702068,11.916867
4,3,23,9.257583223,9.351094164,9.445549661,9.540959254,9.637332579,9.734679373,9.833009468,9.932332796,10.03265939,10.13399938,10.23636301,10.33976062,10.44420265,10.54969964,10.65626227,10.76390128,10.87262755,10.98245207,11.09338593,11.20544034,11.3186266,11.43295616,11.54844057,11.66509149,11.78292069,11.90194009,12.02216171,12.43930776,12.40485851,12.32702068
4,3,24,9.165007391,9.257583223,9.351094164,9.445549661,9.540959254,9.637332579,9.734679373,9.833009468,9.932332796,10.03265939,10.13399938,10.23636301,10.33976062,10.44420265,10.54969964,10.65626227,10.76390128,10.87262755,10.98245207,11.09338593,11.20544034,11.3186266,11.43295616,11.54844057,11.66509149,11.78292069,11.90194009,12.02216171,12.43930776,12.40485851
4,3,25,9.073357317,9.165007391,9.257583223,9.351094164,9.445549661,9.540959254,9.637332579,9.734679373,9.833009468,9.932332796,10.03265939,10.13399938,10.23636301,10.33976062,10.44420265,10.54969964,10.65626227,10.76390128,10.87262755,10.98245207,11.09338593,11.20544034,11.3186266,11.43295616,11.54844057,11.66509149,11.78292069,11.90194009,12.02216171,12.43930776
4,3,26,8.982623743,9.073357317,9.165007391,9.257583223,9.351094164,9.445549661,9.540959254,9.637332579,9.734679373,9.833009468,9.932332796,10.03265939,10.13399938,10.23636301,10.33976062,10.44420265,10.54969964,10.65626227,10.76390128,10.87262755,10.98245207,11.09338593,11.20544034,11.3186266,11.43295616,11.54844057,11.66509149,11.78292069,11.90194009,12.02216171
4,3,27,8.892797506,8.982623743,9.073357317,9.165007391,9.257583223,9.351094164,9.445549661,9.540959254,9.637332579,9.734679373,9.833009468,9.932332796,10.03265939,10.13399938,10.23636301,10.33976062,10.44420265,10.54969964,10.65626227,10.76390128,10.87262755,10.98245207,11.09338593,11.20544034,11.3186266,11.43295616,11.54844057,11.66509149,11.78292069,11.90194009
4,3,28,8.803869531,8.892797506,8.982623743,9.073357317,9.165007391,9.257583223,9.351094164,9.445549661,9.540959254,9.637332579,9.734679373,9.833009468,9.932332796,10.03265939,10.13399938,10.23636301,10.33976062,10.44420265,10.54969964,10.65626227,10.76390128,10.87262755,10.98245207,11.09338593,11.20544034,11.3186266,11.43295616,11.54844057,11.66509149,11.78292069
4,3,29,8.715830836,8.803869531,8.892797506,8.982623743,9.073357317,9.165007391,9.257583223,9.351094164,9.445549661,9.540959254,9.637332579,9.734679373,9.833009468,9.932332796,10.03265939,10.13399938,10.23636301,10.33976062,10.44420265,10.54969964,10.65626227,10.76390128,10.87262755,10.98245207,11.09338593,11.20544034,11.3186266,11.43295616,11.54844057,11.66509149
4,3,30,8.628672527,8.715830836,8.803869531,8.892797506,8.982623743,9.073357317,9.165007391,9.257583223,9.351094164,9.445549661,9.540959254,9.637332579,9.734679373,9.833009468,9.932332796,10.03265939,10.13399938,10.23636301,10.33976062,10.44420265,10.54969964,10.65626227,10.76390128,10.87262755,10.98245207,11.09338593,11.20544034,11.3186266,11.43295616,11.54844057
4,3,31,8.542385802,8.628672527,8.715830836,8.803869531,8.892797506,8.982623743,9.073357317,9.165007391,9.257583223,9.351094164,9.445549661,9.540959254,9.637332579,9.734679373,9.833009468,9.932332796,10.03265939,10.13399938,10.23636301,10.33976062,10.44420265,10.54969964,10.65626227,10.76390128,10.87262755,10.98245207,11.09338593,11.20544034,11.3186266,11.43295616
4,3,32,8.456961944,8.542385802,8.628672527,8.715830836,8.803869531,8.892797506,8.982623743,9.073357317,9.165007391,9.257583223,9.351094164,9.445549661,9.540959254,9.637332579,9.734679373,9.833009468,9.932332796,10.03265939,10.13399938,10.23636301,10.33976062,10.44420265,10.54969964,10.65626227,10.76390128,10.87262755,10.98245207,11.09338593,11.20544034,11.3186266
4,3,33,8.372392325,8.456961944,8.542385802,8.628672527,8.715830836,8.803869531,8.892797506,8.982623743,9.073357317,9.165007391,9.257583223,9.351094164,9.445549661,9.540959254,9.637332579,9.734679373,9.833009468,9.932332796,10.03265939,10.13399938,10.23636301,10.33976062,10.44420265,10.54969964,10.65626227,10.76390128,10.87262755,10.98245207,11.09338593,11.20544034
4,3,34,8.288668401,8.372392325,8.456961944,8.542385802,8.628672527,8.715830836,8.803869531,8.892797506,8.982623743,9.073357317,9.165007391,9.257583223,9.351094164,9.445549661,9.540959254,9.637332579,9.734679373,9.833009468,9.932332796,10.03265939,10.13399938,10.23636301,10.33976062,10.44420265,10.54969964,10.65626227,10.76390128,10.87262755,10.98245207,11.09338593
4,4,1,8.94269914,8.944404959,8.9316,8.8013475,9.325015714,9.291345,8.63388,8.58736125,8.539150909,8.321274,8.3919825,8.55118,8.33616,8.94090375,8.08806,7.9826175,8.55945,7.443,9.10527,9.043245,9.861975,9.00603,9.60147,9.22932,10.1721,9.45261,9.00603,8.447805,8.447805,8.447805
4,4,2,8.96444865,8.94269914,8.944404959,8.9316,8.8013475,9.325015714,9.291345,8.63388,8.58736125,8.539150909,8.321274,8.3919825,8.55118,8.33616,8.94090375,8.08806,7.9826175,8.55945,7.443,9.10527,9.043245,9.861975,9.00603,9.60147,9.22932,10.1721,9.45261,9.00603,8.447805,8.447805
4,4,3,9.071626759,8.96444865,8.94269914,8.944404959,8.9316,8.8013475,9.325015714,9.291345,8.63388,8.58736125,8.539150909,8.321274,8.3919825,8.55118,8.33616,8.94090375,8.08806,7.9826175,8.55945,7.443,9.10527,9.043245,9.861975,9.00603,9.60147,9.22932,10.1721,9.45261,9.00603,8.447805
4,4,4,9.063080302,9.071626759,8.96444865,8.94269914,8.944404959,8.9316,8.8013475,9.325015714,9.291345,8.63388,8.58736125,8.539150909,8.321274,8.3919825,8.55118,8.33616,8.94090375,8.08806,7.9826175,8.55945,7.443,9.10527,9.043245,9.861975,9.00603,9.60147,9.22932,10.1721,9.45261,9.00603
4,4,5,8.78225071,9.063080302,9.071626759,8.96444865,8.94269914,8.944404959,8.9316,8.8013475,9.325015714,9.291345,8.63388,8.58736125,8.539150909,8.321274,8.3919825,8.55118,8.33616,8.94090375,8.08806,7.9826175,8.55945,7.443,9.10527,9.043245,9.861975,9.00603,9.60147,9.22932,10.1721,9.45261
4,4,6,8.426482452,8.78225071,9.063080302,9.071626759,8.96444865,8.94269914,8.944404959,8.9316,8.8013475,9.325015714,9.291345,8.63388,8.58736125,8.539150909,8.321274,8.3919825,8.55118,8.33616,8.94090375,8.08806,7.9826175,8.55945,7.443,9.10527,9.043245,9.861975,9.00603,9.60147,9.22932,10.1721
4,4,7,8.153396449,8.426482452,8.78225071,9.063080302,9.071626759,8.96444865,8.94269914,8.944404959,8.9316,8.8013475,9.325015714,9.291345,8.63388,8.58736125,8.539150909,8.321274,8.3919825,8.55118,8.33616,8.94090375,8.08806,7.9826175,8.55945,7.443,9.10527,9.043245,9.861975,9.00603,9.60147,9.22932
4,4,8,8.153396449,8.153396449,8.426482452,8.78225071,9.063080302,9.071626759,8.96444865,8.94269914,8.944404959,8.9316,8.8013475,9.325015714,9.291345,8.63388,8.58736125,8.539150909,8.321274,8.3919825,8.55118,8.33616,8.94090375,8.08806,7.9826175,8.55945,7.443,9.10527,9.043245,9.861975,9.00603,9.60147
4,4,9,8.153396449,8.153396449,8.153396449,8.426482452,8.78225071,9.063080302,9.071626759,8.96444865,8.94269914,8.944404959,8.9316,8.8013475,9.325015714,9.291345,8.63388,8.58736125,8.539150909,8.321274,8.3919825,8.55118,8.33616,8.94090375,8.08806,7.9826175,8.55945,7.443,9.10527,9.043245,9.861975,9.00603
4,4,10,8.153396449,8.153396449,8.153396449,8.153396449,8.426482452,8.78225071,9.063080302,9.071626759,8.96444865,8.94269914,8.944404959,8.9316,8.8013475,9.325015714,9.291345,8.63388,8.58736125,8.539150909,8.321274,8.3919825,8.55118,8.33616,8.94090375,8.08806,7.9826175,8.55945,7.443,9.10527,9.043245,9.861975
4,4,11,8.153396449,8.153396449,8.153396449,8.153396449,8.153396449,8.426482452,8.78225071,9.063080302,9.071626759,8.96444865,8.94269914,8.944404959,8.9316,8.8013475,9.325015714,9.291345,8.63388,8.58736125,8.539150909,8.321274,8.3919825,8.55118,8.33616,8.94090375,8.08806,7.9826175,8.55945,7.443,9.10527,9.043245
4,4,12,8.153396449,8.153396449,8.153396449,8.153396449,8.153396449,8.153396449,8.426482452,8.78225071,9.063080302,9.071626759,8.96444865,8.94269914,8.944404959,8.9316,8.8013475,9.325015714,9.291345,8.63388,8.58736125,8.539150909,8.321274,8.3919825,8.55118,8.33616,8.94090375,8.08806,7.9826175,8.55945,7.443,9.10527
4,4,13,8.153396449,8.153396449,8.153396449,8.153396449,8.153396449,8.153396449,8.153396449,8.426482452,8.78225071,9.063080302,9.071626759,8.96444865,8.94269914,8.944404959,8.9316,8.8013475,9.325015714,9.291345,8.63388,8.58736125,8.539150909,8.321274,8.3919825,8.55118,8.33616,8.94090375,8.08806,7.9826175,8.55945,7.443
4,4,14,8.153396449,8.153396449,8.153396449,8.153396449,8.153396449,8.153396449,8.153396449,8.153396449,8.426482452,8.78225071,9.063080302,9.071626759,8.96444865,8.94269914,8.944404959,8.9316,8.8013475,9.325015714,9.291345,8.63388,8.58736125,8.539150909,8.321274,8.3919825,8.55118,8.33616,8.94090375,8.08806,7.9826175,8.55945
4,4,15,8.153396449,8.153396449,8.153396449,8.153396449,8.153396449,8.153396449,8.153396449,8.153396449,8.153396449,8.426482452,8.78225071,9.063080302,9.071626759,8.96444865,8.94269914,8.944404959,8.9316,8.8013475,9.325015714,9.291345,8.63388,8.58736125,8.539150909,8.321274,8.3919825,8.55118,8.33616,8.94090375,8.08806,7.9826175
4,4,16,8.153396449,8.153396449,8.153396449,8.153396449,8.153396449,8.153396449,8.153396449,8.153396449,8.153396449,8.153396449,8.426482452,8.78225071,9.063080302,9.071626759,8.96444865,8.94269914,8.944404959,8.9316,8.8013475,9.325015714,9.291345,8.63388,8.58736125,8.539150909,8.321274,8.3919825,8.55118,8.33616,8.94090375,8.08806
4,4,17,8.153396449,8.153396449,8.153396449,8.153396449,8.153396449,8.153396449,8.153396449,8.153396449,8.153396449,8.153396449,8.153396449,8.426482452,8.78225071,9.063080302,9.071626759,8.96444865,8.94269914,8.944404959,8.9316,8.8013475,9.325015714,9.291345,8.63388,8.58736125,8.539150909,8.321274,8.3919825,8.55118,8.33616,8.94090375
4,4,18,8.153396449,8.153396449,8.153396449,8.153396449,8.153396449,8.153396449,8.153396449,8.153396449,8.153396449,8.153396449,8.153396449,8.153396449,8.426482452,8.78225071,9.063080302,9.071626759,8.96444865,8.94269914,8.944404959,8.9316,8.8013475,9.325015714,9.291345,8.63388,8.58736125,8.539150909,8.321274,8.3919825,8.55118,8.33616
4,4,19,8.153396449,8.153396449,8.153396449,8.153396449,8.153396449,8.153396449,8.153396449,8.153396449,8.153396449,8.153396449,8.153396449,8.153396449,8.153396449,8.426482452,8.78225071,9.063080302,9.071626759,8.96444865,8.94269914,8.944404959,8.9316,8.8013475,9.325015714,9.291345,8.63388,8.58736125,8.539150909,8.321274,8.3919825,8.55118
4,4,20,8.153396449,8.153396449,8.153396449,8.153396449,8.153396449,8.153396449,8.153396449,8.153396449,8.153396449,8.153396449,8.153396449,8.153396449,8.153396449,8.153396449,8.426482452,8.78225071,9.063080302,9.071626759,8.96444865,8.94269914,8.944404959,8.9316,8.8013475,9.325015714,9.291345,8.63388,8.58736125,8.539150909,8.321274,8.3919825
4,4,21,8.153396449,8.153396449,8.153396449,8.153396449,8.153396449,8.153396449,8.153396449,8.153396449,8.153396449,8.153396449,8.153396449,8.153396449,8.153396449,8.153396449,8.153396449,8.426482452,8.78225071,9.063080302,9.071626759,8.96444865,8.94269914,8.944404959,8.9316,8.8013475,9.325015714,9.291345,8.63388,8.58736125,8.539150909,8.321274
4,4,22,8.153396449,8.153396449,8.153396449,8.153396449,8.153396449,8.153396449,8.153396449,8.153396449,8.153396449,8.153396449,8.153396449,8.153396449,8.153396449,8.153396449,8.153396449,8.153396449,8.426482452,8.78225071,9.063080302,9.071626759,8.96444865,8.94269914,8.944404959,8.9316,8.8013475,9.325015714,9.291345,8.63388,8.58736125,8.539150909
4,4,23,8.153396449,8.153396449,8.153396449,8.153396449,8.153396449,8.153396449,8.153396449,8.153396449,8.153396449,8.153396449,8.153396449,8.153396449,8.153396449,8.153396449,8.153396449,8.153396449,8.153396449,8.426482452,8.78225071,9.063080302,9.071626759,8.96444865,8.94269914,8.944404959,8.9316,8.8013475,9.325015714,9.291345,8.63388,8.58736125
4,4,24,8.153396449,8.153396449,8.153396449,8.153396449,8.153396449,8.153396449,8.153396449,8.153396449,8.153396449,8.153396449,8.153396449,8.153396449,8.153396449,8.153396449,8.153396449,8.153396449,8.153396449,8.153396449,8.426482452,8.78225071,9.063080302,9.071626759,8.96444865,8.94269914,8.944404959,8.9316,8.8013475,9.325015714,9.291345,8.63388
4,4,25,8.153396449,8.153396449,8.153396449,8.153396449,8.153396449,8.153396449,8.153396449,8.153396449,8.153396449,8.153396449,8.153396449,8.153396449,8.153396449,8.153396449,8.153396449,8.153396449,8.153396449,8.153396449,8.153396449,8.426482452,8.78225071,9.063080302,9.071626759,8.96444865,8.94269914,8.944404959,8.9316,8.8013475,9.325015714,9.291345
4,4,26,8.153396449,8.153396449,8.153396449,8.153396449,8.153396449,8.153396449,8.153396449,8.153396449,8.153396449,8.153396449,8.153396449,8.153396449,8.153396449,8.153396449,8.153396449,8.153396449,8.153396449,8.153396449,8.153396449,8.153396449,8.426482452,8.78225071,9.063080302,9.071626759,8.96444865,8.94269914,8.944404959,8.9316,8.8013475,9.325015714
4,4,27,8.153396449,8.153396449,8.153396449,8.153396449,8.153396449,8.153396449,8.153396449,8.153396449,8.153396449,8.153396449,8.153396449,8.153396449,8.153396449,8.153396449,8.153396449,8.153396449,8.153396449,8.153396449,8.153396449,8.153396449,8.153396449,8.426482452,8.78225071,9.063080302,9.071626759,8.96444865,8.94269914,8.944404959,8.9316,8.8013475
4,4,28,8.153396449,8.153396449,8.153396449,8.153396449,8.153396449,8.153396449,8.153396449,8.153396449,8.153396449,8.153396449,8.153396449,8.153396449,8.153396449,8.153396449,8.153396449,8.153396449,8.153396449,8.153396449,8.153396449,8.153396449,8.153396449,8.153396449,8.426482452,8.78225071,9.063080302,9.071626759,8.96444865,8.94269914,8.944404959,8.9316
4,4,29,8.153396449,8.153396449,8.153396449,8.153396449,8.153396449,8.153396449,8.153396449,8.153396449,8.153396449,8.153396449,8.153396449,8.153396449,8.153396449,8.153396449,8.153396449,8.153396449,8.153396449,8.153396449,8.153396449,8.153396449,8.153396449,8.153396449,8.153396449,8.426482452,8.78225071,9.063080302,9.071626759,8.96444865,8.94269914,8.944404959
4,4,30,8.153396449,8.153396449,8.153396449,8.153396449,8.153396449,8.153396449,8.153396449,8.153396449,8.153396449,8.153396449,8.153396449,8.153396449,8.153396449,8.153396449,8.153396449,8.153396449,8.153396449,8.153396449,8.153396449,8.153396449,8.153396449,8.153396449,8.153396449,8.153396449,8.426482452,8.78225071,9.063080302,9.071626759,8.96444865,8.94269914
4,4,31,8.153396449,8.153396449,8.153396449,8.153396449,8.153396449,8.153396449,8.153396449,8.153396449,8.153396449,8.153396449,8.153396449,8.153396449,8.153396449,8.153396449,8.153396449,8.153396449,8.153396449,8.153396449,8.153396449,8.153396449,8.153396449,8.153396449,8.153396449,8.153396449,8.153396449,8.426482452,8.78225071,9.063080302,9.071626759,8.96444865
4,4,32,8.153396449,8.153396449,8.153396449,8.153396449,8.153396449,8.153396449,8.153396449,8.153396449,8.153396449,8.153396449,8.153396449,8.153396449,8.153396449,8.153396449,8.153396449,8.153396449,8.153396449,8.153396449,8.153396449,8.153396449,8.153396449,8.153396449,8.153396449,8.153396449,8.153396449,8.153396449,8.426482452,8.78225071,9.063080302,9.071626759
4,4,33,8.153396449,8.153396449,8.153396449,8.153396449,8.153396449,8.153396449,8.153396449,8.153396449,8.153396449,8.153396449,8.153396449,8.153396449,8.153396449,8.153396449,8.153396449,8.153396449,8.153396449,8.153396449,8.153396449,8.153396449,8.153396449,8.153396449,8.153396449,8.153396449,8.153396449,8.153396449,8.153396449,8.426482452,8.78225071,9.063080302
4,4,34,8.153396449,8.153396449,8.153396449,8.153396449,8.153396449,8.153396449,8.153396449,8.153396449,8.153396449,8.153396449,8.153396449,8.153396449,8.153396449,8.153396449,8.153396449,8.153396449,8.153396449,8.153396449,8.153396449,8.153396449,8.153396449,8.153396449,8.153396449,8.153396449,8.153396449,8.153396449,8.153396449,8.153396449,8.426482452,8.78225071
4,5,1,0,0,0,0,13.9,13.3,13.1,13,12.8,13.6,13.1,13.2,13.1,12.2,12.2,12.91379331,12.12354401,11.4126266,12.46205553,12.61954095,12.31834996,12.15250632,12.90823235,14.95147035,13,12.95620438,13.33009735,13.71478021,13.71478021,13.71478021
4,5,2,0,0,0,0,0,13.9,13.3,13.1,13,12.8,13.6,13.1,13.2,13.1,12.2,12.2,12.91379331,12.12354401,11.4126266,12.46205553,12.61954095,12.31834996,12.15250632,12.90823235,14.95147035,13,12.95620438,13.33009735,13.71478021,13.71478021
4,5,3,0,0,0,0,0,0,13.9,13.3,13.1,13,12.8,13.6,13.1,13.2,13.1,12.2,12.2,12.91379331,12.12354401,11.4126266,12.46205553,12.61954095,12.31834996,12.15250632,12.90823235,14.95147035,13,12.95620438,13.33009735,13.71478021
4,5,4,0,0,0,0,0,0,0,13.9,13.3,13.1,13,12.8,13.6,13.1,13.2,13.1,12.2,12.2,12.91379331,12.12354401,11.4126266,12.46205553,12.61954095,12.31834996,12.15250632,12.90823235,14.95147035,13,12.95620438,13.33009735
4,5,5,0,0,0,0,0,0,0,0,13.9,13.3,13.1,13,12.8,13.6,13.1,13.2,13.1,12.2,12.2,12.91379331,12.12354401,11.4126266,12.46205553,12.61954095,12.31834996,12.15250632,12.90823235,14.95147035,13,12.95620438
4,5,6,0,0,0,0,0,0,0,0,0,13.9,13.3,13.1,13,12.8,13.6,13.1,13.2,13.1,12.2,12.2,12.91379331,12.12354401,11.4126266,12.46205553,12.61954095,12.31834996,12.15250632,12.90823235,14.95147035,13
4,5,7,0,0,0,0,0,0,0,0,0,0,13.9,13.3,13.1,13,12.8,13.6,13.1,13.2,13.1,12.2,12.2,12.91379331,12.12354401,11.4126266,12.46205553,12.61954095,12.31834996,12.15250632,12.90823235,14.95147035
4,5,8,0,0,0,0,0,0,0,0,0,0,0,13.9,13.3,13.1,13,12.8,13.6,13.1,13.2,13.1,12.2,12.2,12.91379331,12.12354401,11.4126266,12.46205553,12.61954095,12.31834996,12.15250632,12.90823235
4,5,9,0,0,0,0,0,0,0,0,0,0,0,0,13.9,13.3,13.1,13,12.8,13.6,13.1,13.2,13.1,12.2,12.2,12.91379331,12.12354401,11.4126266,12.46205553,12.61954095,12.31834996,12.15250632
4,5,10,0,0,0,0,0,0,0,0,0,0,0,0,0,13.9,13.3,13.1,13,12.8,13.6,13.1,13.2,13.1,12.2,12.2,12.91379331,12.12354401,11.4126266,12.46205553,12.61954095,12.31834996
4,5,11,0,0,0,0,0,0,0,0,0,0,0,0,0,0,13.9,13.3,13.1,13,12.8,13.6,13.1,13.2,13.1,12.2,12.2,12.91379331,12.12354401,11.4126266,12.46205553,12.61954095
4,5,12,0,0,0,0,0,0,0,0,0,0,0,0,0,0,0,13.9,13.3,13.1,13,12.8,13.6,13.1,13.2,13.1,12.2,12.2,12.91379331,12.12354401,11.4126266,12.46205553
4,5,13,0,0,0,0,0,0,0,0,0,0,0,0,0,0,0,0,13.9,13.3,13.1,13,12.8,13.6,13.1,13.2,13.1,12.2,12.2,12.91379331,12.12354401,11.4126266
4,5,14,0,0,0,0,0,0,0,0,0,0,0,0,0,0,0,0,0,13.9,13.3,13.1,13,12.8,13.6,13.1,13.2,13.1,12.2,12.2,12.91379331,12.12354401
4,5,15,0,0,0,0,0,0,0,0,0,0,0,0,0,0,0,0,0,0,13.9,13.3,13.1,13,12.8,13.6,13.1,13.2,13.1,12.2,12.2,12.91379331
4,5,16,0,0,0,0,0,0,0,0,0,0,0,0,0,0,0,0,0,0,0,13.9,13.3,13.1,13,12.8,13.6,13.1,13.2,13.1,12.2,12.2
4,5,17,0,0,0,0,0,0,0,0,0,0,0,0,0,0,0,0,0,0,0,0,13.9,13.3,13.1,13,12.8,13.6,13.1,13.2,13.1,12.2
4,5,18,0,0,0,0,0,0,0,0,0,0,0,0,0,0,0,0,0,0,0,0,0,13.9,13.3,13.1,13,12.8,13.6,13.1,13.2,13.1
4,5,19,0,0,0,0,0,0,0,0,0,0,0,0,0,0,0,0,0,0,0,0,0,0,13.9,13.3,13.1,13,12.8,13.6,13.1,13.2
4,5,20,0,0,0,0,0,0,0,0,0,0,0,0,0,0,0,0,0,0,0,0,0,0,0,13.9,13.3,13.1,13,12.8,13.6,13.1
4,5,21,0,0,0,0,0,0,0,0,0,0,0,0,0,0,0,0,0,0,0,0,0,0,0,0,13.9,13.3,13.1,13,12.8,13.6
4,5,22,0,0,0,0,0,0,0,0,0,0,0,0,0,0,0,0,0,0,0,0,0,0,0,0,0,13.9,13.3,13.1,13,12.8
4,5,23,0,0,0,0,0,0,0,0,0,0,0,0,0,0,0,0,0,0,0,0,0,0,0,0,0,0,13.9,13.3,13.1,13
4,5,24,0,0,0,0,0,0,0,0,0,0,0,0,0,0,0,0,0,0,0,0,0,0,0,0,0,0,0,13.9,13.3,13.1
4,5,25,0,0,0,0,0,0,0,0,0,0,0,0,0,0,0,0,0,0,0,0,0,0,0,0,0,0,0,0,13.9,13.3
4,5,26,0,0,0,0,0,0,0,0,0,0,0,0,0,0,0,0,0,0,0,0,0,0,0,0,0,0,0,0,0,13.9
4,5,27,0,0,0,0,0,0,0,0,0,0,0,0,0,0,0,0,0,0,0,0,0,0,0,0,0,0,0,0,0,0
4,5,28,0,0,0,0,0,0,0,0,0,0,0,0,0,0,0,0,0,0,0,0,0,0,0,0,0,0,0,0,0,0
4,5,29,0,0,0,0,0,0,0,0,0,0,0,0,0,0,0,0,0,0,0,0,0,0,0,0,0,0,0,0,0,0
4,5,30,0,0,0,0,0,0,0,0,0,0,0,0,0,0,0,0,0,0,0,0,0,0,0,0,0,0,0,0,0,0
4,5,31,0,0,0,0,0,0,0,0,0,0,0,0,0,0,0,0,0,0,0,0,0,0,0,0,0,0,0,0,0,0
4,5,32,0,0,0,0,0,0,0,0,0,0,0,0,0,0,0,0,0,0,0,0,0,0,0,0,0,0,0,0,0,0
4,5,33,0,0,0,0,0,0,0,0,0,0,0,0,0,0,0,0,0,0,0,0,0,0,0,0,0,0,0,0,0,0
4,5,34,0,0,0,0,0,0,0,0,0,0,0,0,0,0,0,0,0,0,0,0,0,0,0,0,0,0,0,0,0,0
4,6,1,0,0,0,0,39.95461152,40.61245593,41.27723364,44.0494049,46.08341093,48.1183456,47.22642569,45.93934321,41.86250058,43.4422851,43.29634798,42.30645751,46.3536968,45.91101144,48.62096923,44.78685233,46.74473891,47.13523617,46.86072629,46.87484456,49.56569481,49.72240656,50.4240786,51.41678516,51.41678516,51.41678516
4,6,2,0,0,0,0,0,39.95461152,40.61245593,41.27723364,44.0494049,46.08341093,48.1183456,47.22642569,45.93934321,41.86250058,43.4422851,43.29634798,42.30645751,46.3536968,45.91101144,48.62096923,44.78685233,46.74473891,47.13523617,46.86072629,46.87484456,49.56569481,49.72240656,50.4240786,51.41678516,51.41678516
4,6,3,0,0,0,0,0,0,39.95461152,40.61245593,41.27723364,44.0494049,46.08341093,48.1183456,47.22642569,45.93934321,41.86250058,43.4422851,43.29634798,42.30645751,46.3536968,45.91101144,48.62096923,44.78685233,46.74473891,47.13523617,46.86072629,46.87484456,49.56569481,49.72240656,50.4240786,51.41678516
4,6,4,0,0,0,0,0,0,0,39.95461152,40.61245593,41.27723364,44.0494049,46.08341093,48.1183456,47.22642569,45.93934321,41.86250058,43.4422851,43.29634798,42.30645751,46.3536968,45.91101144,48.62096923,44.78685233,46.74473891,47.13523617,46.86072629,46.87484456,49.56569481,49.72240656,50.4240786
4,6,5,0,0,0,0,0,0,0,0,39.95461152,40.61245593,41.27723364,44.0494049,46.08341093,48.1183456,47.22642569,45.93934321,41.86250058,43.4422851,43.29634798,42.30645751,46.3536968,45.91101144,48.62096923,44.78685233,46.74473891,47.13523617,46.86072629,46.87484456,49.56569481,49.72240656
4,6,6,0,0,0,0,0,0,0,0,0,39.95461152,40.61245593,41.27723364,44.0494049,46.08341093,48.1183456,47.22642569,45.93934321,41.86250058,43.4422851,43.29634798,42.30645751,46.3536968,45.91101144,48.62096923,44.78685233,46.74473891,47.13523617,46.86072629,46.87484456,49.56569481
4,6,7,0,0,0,0,0,0,0,0,0,0,39.95461152,40.61245593,41.27723364,44.0494049,46.08341093,48.1183456,47.22642569,45.93934321,41.86250058,43.4422851,43.29634798,42.30645751,46.3536968,45.91101144,48.62096923,44.78685233,46.74473891,47.13523617,46.86072629,46.87484456
4,6,8,0,0,0,0,0,0,0,0,0,0,0,39.95461152,40.61245593,41.27723364,44.0494049,46.08341093,48.1183456,47.22642569,45.93934321,41.86250058,43.4422851,43.29634798,42.30645751,46.3536968,45.91101144,48.62096923,44.78685233,46.74473891,47.13523617,46.86072629
4,6,9,0,0,0,0,0,0,0,0,0,0,0,0,39.95461152,40.61245593,41.27723364,44.0494049,46.08341093,48.1183456,47.22642569,45.93934321,41.86250058,43.4422851,43.29634798,42.30645751,46.3536968,45.91101144,48.62096923,44.78685233,46.74473891,47.13523617
4,6,10,0,0,0,0,0,0,0,0,0,0,0,0,0,39.95461152,40.61245593,41.27723364,44.0494049,46.08341093,48.1183456,47.22642569,45.93934321,41.86250058,43.4422851,43.29634798,42.30645751,46.3536968,45.91101144,48.62096923,44.78685233,46.74473891
4,6,11,0,0,0,0,0,0,0,0,0,0,0,0,0,0,39.95461152,40.61245593,41.27723364,44.0494049,46.08341093,48.1183456,47.22642569,45.93934321,41.86250058,43.4422851,43.29634798,42.30645751,46.3536968,45.91101144,48.62096923,44.78685233
4,6,12,0,0,0,0,0,0,0,0,0,0,0,0,0,0,0,39.95461152,40.61245593,41.27723364,44.0494049,46.08341093,48.1183456,47.22642569,45.93934321,41.86250058,43.4422851,43.29634798,42.30645751,46.3536968,45.91101144,48.62096923
4,6,13,0,0,0,0,0,0,0,0,0,0,0,0,0,0,0,0,39.95461152,40.61245593,41.27723364,44.0494049,46.08341093,48.1183456,47.22642569,45.93934321,41.86250058,43.4422851,43.29634798,42.30645751,46.3536968,45.91101144
4,6,14,0,0,0,0,0,0,0,0,0,0,0,0,0,0,0,0,0,39.95461152,40.61245593,41.27723364,44.0494049,46.08341093,48.1183456,47.22642569,45.93934321,41.86250058,43.4422851,43.29634798,42.30645751,46.3536968
4,6,15,0,0,0,0,0,0,0,0,0,0,0,0,0,0,0,0,0,0,39.95461152,40.61245593,41.27723364,44.0494049,46.08341093,48.1183456,47.22642569,45.93934321,41.86250058,43.4422851,43.29634798,42.30645751
4,6,16,0,0,0,0,0,0,0,0,0,0,0,0,0,0,0,0,0,0,0,39.95461152,40.61245593,41.27723364,44.0494049,46.08341093,48.1183456,47.22642569,45.93934321,41.86250058,43.4422851,43.29634798
4,6,17,0,0,0,0,0,0,0,0,0,0,0,0,0,0,0,0,0,0,0,0,39.95461152,40.61245593,41.27723364,44.0494049,46.08341093,48.1183456,47.22642569,45.93934321,41.86250058,43.4422851
4,6,18,0,0,0,0,0,0,0,0,0,0,0,0,0,0,0,0,0,0,0,0,0,39.95461152,40.61245593,41.27723364,44.0494049,46.08341093,48.1183456,47.22642569,45.93934321,41.86250058
4,6,19,0,0,0,0,0,0,0,0,0,0,0,0,0,0,0,0,0,0,0,0,0,0,39.95461152,40.61245593,41.27723364,44.0494049,46.08341093,48.1183456,47.22642569,45.93934321
4,6,20,0,0,0,0,0,0,0,0,0,0,0,0,0,0,0,0,0,0,0,0,0,0,0,39.95461152,40.61245593,41.27723364,44.0494049,46.08341093,48.1183456,47.22642569
4,6,21,0,0,0,0,0,0,0,0,0,0,0,0,0,0,0,0,0,0,0,0,0,0,0,0,39.95461152,40.61245593,41.27723364,44.0494049,46.08341093,48.1183456
4,6,22,0,0,0,0,0,0,0,0,0,0,0,0,0,0,0,0,0,0,0,0,0,0,0,0,0,39.95461152,40.61245593,41.27723364,44.0494049,46.08341093
4,6,23,0,0,0,0,0,0,0,0,0,0,0,0,0,0,0,0,0,0,0,0,0,0,0,0,0,0,39.95461152,40.61245593,41.27723364,44.0494049
4,6,24,0,0,0,0,0,0,0,0,0,0,0,0,0,0,0,0,0,0,0,0,0,0,0,0,0,0,0,39.95461152,40.61245593,41.27723364
4,6,25,0,0,0,0,0,0,0,0,0,0,0,0,0,0,0,0,0,0,0,0,0,0,0,0,0,0,0,0,39.95461152,40.61245593
4,6,26,0,0,0,0,0,0,0,0,0,0,0,0,0,0,0,0,0,0,0,0,0,0,0,0,0,0,0,0,0,39.95461152
4,6,27,0,0,0,0,0,0,0,0,0,0,0,0,0,0,0,0,0,0,0,0,0,0,0,0,0,0,0,0,0,0
4,6,28,0,0,0,0,0,0,0,0,0,0,0,0,0,0,0,0,0,0,0,0,0,0,0,0,0,0,0,0,0,0
4,6,29,0,0,0,0,0,0,0,0,0,0,0,0,0,0,0,0,0,0,0,0,0,0,0,0,0,0,0,0,0,0
4,6,30,0,0,0,0,0,0,0,0,0,0,0,0,0,0,0,0,0,0,0,0,0,0,0,0,0,0,0,0,0,0
4,6,31,0,0,0,0,0,0,0,0,0,0,0,0,0,0,0,0,0,0,0,0,0,0,0,0,0,0,0,0,0,0
4,6,32,0,0,0,0,0,0,0,0,0,0,0,0,0,0,0,0,0,0,0,0,0,0,0,0,0,0,0,0,0,0
4,6,33,0,0,0,0,0,0,0,0,0,0,0,0,0,0,0,0,0,0,0,0,0,0,0,0,0,0,0,0,0,0
4,6,34,0,0,0,0,0,0,0,0,0,0,0,0,0,0,0,0,0,0,0,0,0,0,0,0,0,0,0,0,0,0
