ivtyp,iregn,ildv,iage,2016,2017,2018,2019,2020,2021,2022,2023,2024
1,1,1,1,11810,9804,7797,7639,6630,6977,7979,13088,10070
1,1,1,2,9440,9330,9220,8147,8037,6403,6994,13924,13180
1,1,1,3,9865,10506,11146,9811,10523,8830,8585,13838,14093
1,1,1,4,10305,10450,10594,10110,10256,9417,8720,13879,14074
1,1,1,5,11573,11491,11409,10394,11203,10353,9933,13678,13880
1,1,1,6,11746,11885,12024,11356,11859,11334,10828,13774,13654
1,1,1,7,11585,11967,12348,11620,11854,11449,11047,13639,13737
1,1,1,8,11478,11775,12073,11862,11875,11370,11101,13248,13607
1,1,1,9,11087,11434,11781,11579,11898,11315,10965,12973,13215
1,1,1,10,10805,11164,11524,11296,11523,11328,10885,12600,12937
1,1,1,11,10313,10729,11145,10989,11160,10962,10844,12159,12570
1,1,1,12,9891,10336,10782,10656,10773,10617,10466,11951,12126
1,1,1,13,9296,9803,10309,10258,10351,10188,10106,11503,11921
1,1,1,14,8753,9284,9815,9828,9913,9803,9688,11371,11478
1,1,1,15,8192,8746,9301,9339,9417,9342,9236,11021,11345
1,1,1,16,7709,8245,8782,8850,8945,8884,8830,10588,10998
1,1,1,17,7278,7775,8273,8345,8436,8430,8344,10461,10550
1,1,1,18,6847,7345,7844,7851,7949,7950,7950,10102,10430
1,1,1,19,6627,7046,7465,7440,7418,7465,7494,9882,10062
1,1,1,20,6164,6640,7117,7081,6984,6938,7002,9599,9846
1,1,1,21,5706,6312,6918,6745,6688,6521,6491,9563,9560
1,1,1,22,5209,5878,6547,6568,6360,6261,6109,9344,9500
1,1,1,23,4890,5519,6148,6208,6211,5953,5877,9186,9259
1,1,1,24,4766,5223,5681,5811,5859,5781,5627,9323,9084
1,1,1,25,3274,3611,3948,4025,4065,4099,4215,8400,8456
1,2,1,1,11199,9265,7331,7105,6261,6488,7536,12458,9561
1,2,1,2,8840,8726,8611,7857,7538,5786,5978,13232,12503
1,2,1,3,9145,9694,10243,9078,9776,8342,7832,13016,13458
1,2,1,4,9614,9764,9913,9522,9544,8858,8072,13086,13397
1,2,1,5,10911,10834,10757,9849,10685,9749,9274,13068,13166
1,2,1,6,11136,11243,11349,10789,11322,10854,10299,13317,13092
1,2,1,7,10847,11195,11543,10954,11257,10951,10571,13201,13332
1,2,1,8,10679,11003,11328,11083,11163,10841,10607,12769,13217
1,2,1,9,10445,10682,10918,10851,11143,10736,10455,12443,12785
1,2,1,10,10147,10391,10635,10472,10819,10694,10312,11983,12455
1,2,1,11,9728,10041,10354,10139,10341,10359,10261,11534,11989
1,2,1,12,9297,9624,9951,9880,9917,9871,9896,11276,11540
1,2,1,13,8759,9159,9558,9480,9585,9476,9393,10846,11285
1,2,1,14,8310,8707,9104,9107,9134,9110,8992,10721,10856
1,2,1,15,7776,8198,8620,8651,8739,8674,8606,10387,10727
1,2,1,16,7347,7733,8120,8189,8255,8292,8213,10007,10390
1,2,1,17,7059,7353,7646,7717,7784,7814,7803,9879,10000
1,2,1,18,6620,6961,7301,7243,7327,7405,7385,9575,9873
1,2,1,19,6372,6670,6967,6914,6829,6965,6970,9370,9561
1,2,1,20,6016,6329,6642,6618,6523,6467,6570,9076,9354
1,2,1,21,5490,5955,6419,6287,6240,6162,6077,9012,9054
1,2,1,22,5092,5581,6071,6083,5947,5907,5754,8835,8975
1,2,1,23,4793,5246,5700,5798,5731,5586,5564,8707,8779
1,2,1,24,4499,4909,5319,5393,5506,5430,5220,8824,8642
1,2,1,25,3299,3573,3846,3917,3859,3915,3997,7899,7976
1,3,1,1,12284,9931,7579,7406,6453,7048,8246,13702,10970
1,3,1,2,10341,10324,10308,9192,9467,6958,7696,14403,13925
1,3,1,3,10752,11217,11681,10446,11225,9848,9446,14482,14740
1,3,1,4,11300,11352,11404,10843,11065,10466,9903,14624,14960
1,3,1,5,12429,12278,12126,11208,11999,11200,10929,14475,14655
1,3,1,6,12463,12583,12704,11981,12461,11978,11413,14534,14472
1,3,1,7,12079,12478,12876,12236,12441,12034,11654,14137,14522
1,3,1,8,11785,12191,12598,12335,12418,11964,11662,13699,14117
1,3,1,9,11598,11860,12121,12064,12398,11905,11549,13309,13678
1,3,1,10,11122,11433,11743,11601,12029,11864,11434,12832,13283
1,3,1,11,10632,11032,11433,11154,11448,11482,11347,12385,12802
1,3,1,12,10178,10552,10925,10906,10973,10912,10973,12097,12357
1,3,1,13,9605,10050,10495,10405,10649,10434,10353,11717,12072
1,3,1,14,9077,9528,9979,9972,10113,10110,9889,11438,11691
1,3,1,15,8451,8968,9484,9468,9639,9591,9550,11066,11417
1,3,1,16,8007,8460,8913,8976,9095,9140,9027,10726,11046
1,3,1,17,7621,7977,8334,8440,8590,8602,8598,10511,10690
1,3,1,18,7060,7510,7960,7863,8086,8125,8066,10219,10481
1,3,1,19,6706,7145,7585,7513,7476,7629,7626,9967,10182
1,3,1,20,6250,6676,7103,7166,7150,7042,7153,9708,9937
1,3,1,21,5654,6245,6836,6689,6803,6711,6545,9658,9669
1,3,1,22,5167,5805,6444,6453,6362,6418,6248,9470,9607
1,3,1,23,4722,5324,5926,6082,6136,5991,5999,9390,9386
1,3,1,24,4359,4938,5517,5585,5795,5771,5596,9449,9312
1,3,1,25,2985,3360,3734,3806,3853,3900,4005,8497,8558
1,4,1,1,12827,10562,8296,8064,7312,7587,8647,14029,11322
1,4,1,2,9618,10189,10761,9686,9908,7799,8632,14923,14342
1,4,1,3,10311,11042,11773,10764,11503,10414,10475,14975,15378
1,4,1,4,10941,11185,11429,11093,11385,10931,10741,15106,15639
1,4,1,5,12130,12009,11889,11413,12239,11507,11321,14768,15101
1,4,1,6,12166,12259,12353,11917,12618,12185,11627,14756,14760
1,4,1,7,11836,12153,12469,12155,12515,12147,11823,14316,14723
1,4,1,8,11548,11912,12276,12223,12510,12024,11812,13886,14294
1,4,1,9,11384,11618,11852,12014,12485,11966,11594,13494,13850
1,4,1,10,11028,11289,11551,11556,12144,11911,11524,12999,13467
1,4,1,11,10710,10943,11175,11126,11542,11575,11430,12534,12963
1,4,1,12,10308,10506,10705,10851,11147,11064,11093,12251,12503
1,4,1,13,9751,10014,10277,10399,10794,10637,10507,11879,12225
1,4,1,14,9215,9516,9818,10006,10341,10344,10141,11530,11853
1,4,1,15,8623,8994,9364,9507,9871,9851,9777,11174,11506
1,4,1,16,8195,8522,8850,9075,9367,9445,9335,10858,11152
1,4,1,17,7785,8050,8315,8528,8861,8911,8874,10664,10827
1,4,1,18,7329,7661,7993,8043,8338,8475,8425,10391,10640
1,4,1,19,6930,7265,7600,7679,7793,7913,7951,10187,10363
1,4,1,20,6508,6842,7175,7352,7478,7442,7468,9975,10162
1,4,1,21,5846,6368,6891,6890,7118,7089,6942,9913,9946
1,4,1,22,5439,5979,6520,6662,6708,6784,6677,9776,9879
1,4,1,23,4847,5447,6046,6285,6426,6352,6357,9743,9718
1,4,1,24,4604,5130,5656,5835,6097,6160,5980,9816,9686
1,4,1,25,3073,3353,3632,3741,3771,3853,4057,9126,9165
1,5,1,1,12843,10523,8203,8079,7544,7539,8489,13962,11162
1,5,1,2,10140,10213,10287,9395,9262,8122,8185,14734,14229
1,5,1,3,10737,11256,11776,10512,11149,10224,10278,14711,14994
1,5,1,4,11031,11253,11475,10957,11253,10833,10343,14710,14986
1,5,1,5,12022,12059,12095,11263,11975,11580,11236,14415,14671
1,5,1,6,12149,12340,12530,11920,12424,12124,11687,14452,14377
1,5,1,7,11948,12347,12746,12083,12377,12166,11851,14172,14408
1,5,1,8,11678,12090,12502,12239,12309,12046,11834,13799,14134
1,5,1,9,11410,11786,12161,11996,12289,11925,11668,13481,13761
1,5,1,10,11146,11464,11782,11653,11944,11870,11512,13043,13442
1,5,1,11,10662,11030,11397,11217,11483,11510,11405,12590,13007
1,5,1,12,10166,10593,11020,10857,10976,11026,11045,12312,12554
1,5,1,13,9525,10044,10562,10499,10566,10516,10522,11917,12284
1,5,1,14,9120,9578,10037,10050,10152,10118,10025,11690,11889
1,5,1,15,8561,9022,9483,9540,9680,9709,9607,11300,11661
1,5,1,16,8142,8592,9042,9009,9141,9244,9213,10907,11273
1,5,1,17,7888,8219,8550,8590,8621,8736,8762,10747,10871
1,5,1,18,7438,7813,8188,8108,8206,8251,8278,10419,10722
1,5,1,19,7150,7516,7883,7775,7726,7851,7800,10190,10390
1,5,1,20,6740,7133,7526,7514,7403,7381,7438,9909,10156
1,5,1,21,6240,6751,7263,7176,7157,7075,6965,9886,9875
1,5,1,22,5809,6367,6925,6918,6831,6850,6702,9747,9844
1,5,1,23,5436,5955,6473,6612,6588,6526,6482,9708,9680
1,5,1,24,5009,5574,6138,6136,6286,6332,6170,9849,9647
1,5,1,25,3306,3665,4025,4147,4157,4254,4412,9169,9197
1,6,1,1,14215,11591,8968,8881,8172,8421,9398,15690,12409
1,6,1,2,11029,11346,11662,11025,11244,9191,9703,16460,15898
1,6,1,3,11920,12624,13328,11902,12977,11973,11936,16586,16707
1,6,1,4,12394,12583,12773,12296,12711,12542,12283,16428,16698
1,6,1,5,13402,13402,13401,12562,13561,13028,12904,15971,16330
1,6,1,6,13513,13691,13869,13177,13843,13586,13047,15889,15884
1,6,1,7,13276,13654,14032,13383,13758,13512,13169,15465,15802
1,6,1,8,12922,13349,13776,13462,13657,13327,13074,15008,15376
1,6,1,9,12591,12971,13350,13179,13570,13176,12830,14636,14919
1,6,1,10,12099,12487,12874,12731,13166,13044,12626,14134,14549
1,6,1,11,11540,11975,12409,12197,12562,12632,12448,13617,14054
1,6,1,12,11021,11453,11885,11815,11983,12084,12013,13278,13542
1,6,1,13,10249,10810,11371,11286,11532,11471,11430,12862,13217
1,6,1,14,9670,10205,10740,10800,10984,11017,10843,12555,12797
1,6,1,15,9093,9604,10116,10198,10443,10491,10385,12154,12494
1,6,1,16,8601,9071,9541,9592,9813,9949,9880,11778,12098
1,6,1,17,8271,8648,9024,9047,9234,9376,9369,11561,11718
1,6,1,18,7718,8157,8596,8540,8719,8829,8807,11264,11507
1,6,1,19,7339,7804,8269,8145,8211,8346,8289,11030,11212
1,6,1,20,6890,7330,7770,7814,7836,7864,7827,10759,10971
1,6,1,21,6376,6894,7413,7389,7523,7492,7366,10742,10703
1,6,1,22,5846,6439,7033,7050,7133,7227,7047,10617,10684
1,6,1,23,5377,5966,6556,6711,6825,6835,6814,10592,10537
1,6,1,24,4912,5510,6107,6227,6401,6555,6436,10673,10515
1,6,1,25,3237,3532,3826,3925,3954,4054,4248,10061,10083
1,7,1,1,12973,10644,8315,8334,7689,7797,8776,14856,12342
1,7,1,2,10147,10455,10763,9876,10247,8645,9191,15641,15236
1,7,1,3,11363,11764,12166,11115,12021,11141,11005,15556,15927
1,7,1,4,12011,12067,12123,11533,12022,11548,11205,15465,15972
1,7,1,5,12751,12748,12745,11962,12631,12206,11843,15035,15382
1,7,1,6,12703,12911,13120,12515,12965,12641,12200,14931,14981
1,7,1,7,12477,12854,13231,12646,12960,12666,12290,14521,14885
1,7,1,8,12143,12542,12940,12721,12835,12589,12266,14093,14481
1,7,1,9,11942,12242,12541,12413,12738,12417,12114,13715,14055
1,7,1,10,11477,11798,12118,12011,12332,12279,11904,13242,13674
1,7,1,11,10882,11275,11667,11419,11764,11883,11752,12750,13206
1,7,1,12,10460,10837,11214,11119,11202,11356,11353,12432,12716
1,7,1,13,9669,10191,10714,10672,10826,10761,10752,12049,12409
1,7,1,14,9136,9677,10217,10180,10350,10384,10181,11778,12031
1,7,1,15,8480,9035,9591,9710,9866,9955,9810,11376,11763
1,7,1,16,8098,8566,9034,9125,9342,9458,9384,11018,11364
1,7,1,17,7783,8125,8466,8600,8769,8977,8934,10830,11002
1,7,1,18,7268,7714,8160,8036,8264,8420,8457,10533,10820
1,7,1,19,6936,7385,7835,7758,7698,7956,7923,10347,10526
1,7,1,20,6485,6942,7400,7474,7466,7409,7498,10022,10344
1,7,1,21,5923,6516,7109,7030,7185,7142,6976,9998,10017
1,7,1,22,5484,6105,6725,6756,6762,6907,6715,9830,9980
1,7,1,23,5040,5637,6234,6423,6512,6507,6511,9849,9791
1,7,1,24,4666,5274,5883,5915,6161,6301,6152,9933,9816
1,7,1,25,3115,3524,3933,4051,4094,4239,4405,9208,9291
1,8,1,1,12277,10064,7851,7784,7133,7260,8094,13548,11330
1,8,1,2,10269,10301,10333,9546,9116,7495,7683,14279,13891
1,8,1,3,10695,11248,11801,10497,11269,9885,9695,14313,14673
1,8,1,4,11161,11325,11489,10981,11371,10786,10147,14269,14863
1,8,1,5,11825,11855,11885,11130,11933,11340,10939,13964,14281
1,8,1,6,11551,11865,12179,11543,11969,11724,11191,13939,13973
1,8,1,7,11424,11856,12287,11657,11881,11589,11350,13572,13936
1,8,1,8,11051,11467,11883,11737,11778,11439,11192,13190,13556
1,8,1,9,10828,11210,11591,11339,11739,11321,11014,12802,13181
1,8,1,10,10613,10896,11180,11071,11294,11288,10897,12357,12792
1,8,1,11,10231,10537,10843,10651,10942,10836,10830,11905,12346
1,8,1,12,9928,10245,10561,10378,10517,10547,10395,11634,11899
1,8,1,13,9394,9806,10219,10100,10176,10074,10079,11217,11635
1,8,1,14,9055,9447,9840,9795,9848,9767,9653,10991,11217
1,8,1,15,8585,8983,9381,9436,9516,9473,9337,10598,10994
1,8,1,16,8225,8609,8993,8978,9105,9123,9026,10264,10606
1,8,1,17,7932,8256,8580,8601,8623,8739,8684,10129,10269
1,8,1,18,7487,7873,8259,8211,8256,8265,8318,9834,10137
1,8,1,19,7236,7598,7959,7880,7878,7899,7865,9650,9836
1,8,1,20,6874,7237,7601,7620,7537,7538,7503,9413,9648
1,8,1,21,6389,6878,7366,7265,7286,7213,7154,9398,9412
1,8,1,22,5893,6466,7039,7060,6920,6971,6872,9316,9388
1,8,1,23,5433,6013,6593,6739,6750,6597,6625,9295,9286
1,8,1,24,5091,5654,6218,6341,6443,6440,6303,9393,9266
1,8,1,25,3454,3838,4223,4362,4405,4499,4700,9067,9095
1,9,1,1,12281,10086,7892,7621,6956,7167,7958,13642,11239
1,9,1,2,9676,9461,9246,8487,8172,6879,7157,14157,13816
1,9,1,3,10387,10787,11188,9951,10507,9087,9059,13935,14419
1,9,1,4,10688,10802,10916,10517,10748,9873,9219,13859,14364
1,9,1,5,11577,11535,11493,10659,11497,10761,10193,13600,13911
1,9,1,6,11546,11706,11866,11346,11832,11483,10928,13651,13614
1,9,1,7,11437,11712,11987,11442,11813,11447,11149,13453,13644
1,9,1,8,11176,11422,11668,11520,11697,11370,11075,13110,13450
1,9,1,9,10860,11151,11441,11218,11605,11193,10945,12725,13105
1,9,1,10,10768,10946,11124,10998,11229,11184,10796,12304,12725
1,9,1,11,10362,10555,10748,10599,10896,10746,10709,11844,12309
1,9,1,12,10080,10333,10586,10330,10491,10513,10341,11603,11849
1,9,1,13,9580,9887,10194,10159,10165,10074,10048,11157,11614
1,9,1,14,9291,9583,9876,9806,9957,9793,9648,11042,11168
1,9,1,15,8840,9124,9408,9467,9561,9560,9324,10674,11057
1,9,1,16,8493,8797,9101,9046,9229,9193,9116,10363,10689
1,9,1,17,8191,8437,8682,8738,8761,8811,8728,10332,10377
1,9,1,18,7763,8087,8411,8336,8448,8380,8378,9967,10352
1,9,1,19,7503,7793,8083,8061,8045,8056,7964,9816,9982
1,9,1,20,7096,7435,7774,7759,7771,7678,7649,9584,9832
1,9,1,21,6568,7056,7544,7460,7458,7406,7269,9558,9600
1,9,1,22,6142,6680,7218,7244,7172,7138,7025,9479,9567
1,9,1,23,5775,6289,6802,6914,6986,6853,6741,9458,9482
1,9,1,24,5451,5951,6450,6518,6668,6655,6493,9589,9452
1,9,1,25,4165,4591,5017,5086,5113,5177,5259,9168,9212
1,1,2,1,10157,8303,6448,9448,7948,7948,7948,7948,7948
1,1,2,2,11700,7864,4028,872,9553,7294,6967,8455,10403
1,1,2,3,13434,12654,11873,5734,7731,12164,8552,8403,11123
1,1,2,4,13070,11374,9678,9250,8922,8948,12419,8428,11108
1,1,2,5,13121,12823,12525,8960,9858,8518,8817,16690,10955
1,1,2,6,10648,11683,12718,9663,10225,10383,10252,13265,16698
1,1,2,7,11111,12408,13704,8991,9550,10800,10805,12854,13280
1,1,2,8,8197,10274,12351,9992,8415,10113,11181,12037,12869
1,1,2,9,11751,12634,13516,9549,9545,9213,10528,13731,12045
1,1,2,10,9369,11629,13889,12980,9576,9900,9613,13358,13749
1,1,2,11,12946,13002,13057,12529,12373,9998,10379,13604,13350
1,1,2,12,11645,11568,11490,11883,11550,11919,9807,13327,13572
1,1,2,13,11416,12213,13010,10636,11571,10609,11796,12416,13309
1,1,2,14,11675,12097,12520,12213,10072,10037,10399,11819,12382
1,1,2,15,10400,11358,12317,11279,11323,9285,10601,11258,11813
1,1,2,16,9935,11046,12157,11411,10792,11118,8871,10022,11241
1,1,2,17,9151,9987,10823,11303,10393,10393,10554,9638,9967
1,1,2,18,8539,9717,10895,10293,10558,10186,9794,10644,9593
1,1,2,19,7357,8690,10022,10073,9729,10082,9773,10264,10620
1,1,2,20,6302,7792,9282,9592,9470,9277,9488,10272,10220
1,1,2,21,6015,7311,8608,8730,9077,8968,8869,10118,10258
1,1,2,22,6926,7541,8157,7486,8509,8595,8533,10127,10104
1,1,2,23,5452,6568,7684,8041,7133,7954,8028,10048,10128
1,1,2,24,6398,7022,7647,7299,7520,6949,7832,9904,10031
1,1,2,25,5547,5926,6305,6230,6272,6260,6449,9901,9908
1,2,2,1,11176,9620,8064,8149,8107,8107,8107,8107,8107
1,2,2,2,11654,7537,3420,5813,8392,7230,6431,8610,10601
1,2,2,3,12756,11769,10781,6328,8242,10633,8426,8470,11411
1,2,2,4,12973,10971,8968,9536,9335,9011,11811,8515,11359
1,2,2,5,12905,12786,12667,8920,10181,9319,9630,15246,11163
1,2,2,6,10128,11471,12813,10977,10168,10601,10436,13561,15577
1,2,2,7,10402,11781,13160,9527,10069,10649,10594,13035,13614
1,2,2,8,8668,10496,12324,10178,8923,10377,10995,11568,13047
1,2,2,9,11561,12189,12816,10025,9503,9398,10789,13625,11594
1,2,2,10,11307,12371,13435,12329,9865,9937,9822,13055,13624
1,2,2,11,12909,12574,12239,12955,12168,9999,10251,13365,13075
1,2,2,12,11927,11581,11235,11883,12173,11535,10208,13018,13401
1,2,2,13,11650,12264,12878,10240,10287,11477,10465,12008,13034
1,2,2,14,11403,11886,12369,12116,10016,10515,11142,11546,12001
1,2,2,15,10883,11448,12012,11690,11414,9619,9276,10812,11564
1,2,2,16,10097,10823,11549,11417,10837,10853,9609,9716,10812
1,2,2,17,9692,10182,10672,11017,10518,10291,10566,9365,9708
1,2,2,18,7988,9466,10945,10292,10244,10153,9873,10571,9390
1,2,2,19,7879,8626,9373,10114,9566,9817,9734,10150,10570
1,2,2,20,7546,8055,8563,9490,9403,9134,9650,10226,10137
1,2,2,21,6780,7638,8497,8260,8655,8781,8796,10148,10249
1,2,2,22,7288,7610,7932,7631,7738,8437,8511,10172,10149
1,2,2,23,5054,6076,7099,7299,7572,7657,7904,9968,10144
1,2,2,24,6097,6689,7280,7039,6819,6547,7429,9875,9957
1,2,2,25,5480,5775,6069,6069,6219,6184,6260,9456,9497
1,3,2,1,12614,10741,8867,10029,9448,9448,9448,9448,9448
1,3,2,2,11537,9083,6630,8044,10019,9327,8818,9932,11993
1,3,2,3,13790,12723,11655,8233,10937,10621,10823,9986,12695
1,3,2,4,13508,11510,9512,9923,10960,11387,11704,10084,12885
1,3,2,5,13399,13518,13637,8987,10071,10647,12390,16261,12622
1,3,2,6,10519,11375,12231,10996,10451,10491,11418,15780,16321
1,3,2,7,10615,11780,12945,9305,10238,11366,11503,14403,15767
1,3,2,8,9508,10695,11883,9858,9015,10850,11772,12062,14386
1,3,2,9,11209,12573,13938,9650,9803,9767,11230,14457,12067
1,3,2,10,9814,11721,13628,13301,9865,10228,10214,14202,14454
1,3,2,11,13288,12426,11564,12807,13053,10128,10449,14360,14177
1,3,2,12,12210,11537,10863,10793,12642,12751,10235,14022,14338
1,3,2,13,11689,12651,13613,9786,10127,11689,11994,12930,14002
1,3,2,14,11571,11941,12311,12794,9699,9532,11248,12253,12881
1,3,2,15,11281,11823,12366,11663,11912,9553,9692,11534,12210
1,3,2,16,9908,10913,11919,11546,11095,11259,9635,9928,11531
1,3,2,17,9244,10236,11227,11151,11130,10572,10843,9768,9926
1,3,2,18,8242,9329,10417,10509,10473,10630,10123,11302,9780
1,3,2,19,7790,9040,10291,9794,9774,10126,10027,10658,11270
1,3,2,20,7054,8269,9485,9701,9531,9371,9651,10752,10631
1,3,2,21,6627,7375,8123,9180,8979,9272,8879,10711,10760
1,3,2,22,5965,6834,7703,7765,7875,8623,8598,10683,10695
1,3,2,23,5182,6266,7350,7683,7681,7756,8350,10352,10678
1,3,2,24,6089,6700,7310,6927,8148,7156,7479,10298,10368
1,3,2,25,4948,5371,5794,5625,5942,6038,6195,9915,9972
1,4,2,1,12090,10668,9246,9865,9555,9555,9555,9555,9555
1,4,2,2,11848,8480,5113,9929,10079,9823,9539,10164,12104
1,4,2,3,12656,11100,9545,8472,11948,11827,11576,10199,12978
1,4,2,4,12662,11063,9463,9272,10770,12394,12858,10289,13199
1,4,2,5,12838,12967,13095,9165,10466,10912,13489,16454,12744
1,4,2,6,10251,11440,12628,10446,10876,11129,11745,16007,16465
1,4,2,7,10788,11852,12917,9252,9982,11447,10831,14608,16030
1,4,2,8,10196,11228,12260,9740,8973,10634,11966,12203,14531
1,4,2,9,9386,11671,13955,9475,9823,9762,11036,14716,12220
1,4,2,10,10006,11986,13967,13543,10016,10137,10238,14550,14711
1,4,2,11,13329,12540,11752,12722,13105,10174,10449,14630,14517
1,4,2,12,12082,10642,9201,11507,12417,12615,10354,14219,14603
1,4,2,13,11631,12369,13106,9045,10776,11572,12398,13297,14211
1,4,2,14,11692,11869,12045,12518,10921,10423,11623,12483,13292
1,4,2,15,10569,10877,11185,11622,11756,11062,9690,11583,12512
1,4,2,16,10015,10430,10844,10775,11128,11214,9871,10256,11609
1,4,2,17,9166,9703,10240,10625,11035,10423,10783,10004,10182
1,4,2,18,8630,9191,9751,9911,10425,10404,10097,11498,9950
1,4,2,19,6789,8062,9335,9371,9769,9787,9803,10774,11460
1,4,2,20,7572,8038,8503,8978,9490,9538,9461,10831,10749
1,4,2,21,6250,7235,8220,8365,8954,8542,8775,10698,10816
1,4,2,22,6822,7087,7351,8131,8177,8617,8328,10650,10693
1,4,2,23,5298,6334,7370,7571,7580,8045,7867,10203,10657
1,4,2,24,6060,6726,7392,7055,7538,7565,7876,10120,10159
1,4,2,25,4563,4890,5218,5111,5302,5289,5671,10034,10024
1,5,2,1,11702,9824,7946,9605,8776,8776,8776,8776,8776
1,5,2,2,10500,7305,4109,6020,9395,9455,8462,9261,11187
1,5,2,3,12205,11029,9853,6476,9564,10812,10625,9246,11788
1,5,2,4,12813,11124,9435,8640,8939,9812,11300,9245,11782
1,5,2,5,12490,12323,12157,9288,9654,8782,10797,15548,11534
1,5,2,6,10993,11831,12668,10319,10337,10256,9728,14785,15710
1,5,2,7,10679,11972,13265,9826,10059,10897,10438,13463,14808
1,5,2,8,9082,10615,12149,10541,9500,10406,11231,12195,13462
1,5,2,9,11155,12239,13323,10338,10232,10091,10653,14049,12222
1,5,2,10,10699,11635,12571,12834,10502,10652,10336,13657,14046
1,5,2,11,12423,11959,11496,11730,12269,10581,10635,13885,13629
1,5,2,12,11288,11403,11517,10787,11225,11651,10439,13465,13852
1,5,2,13,11333,11975,12616,10614,10162,10596,11196,12125,13434
1,5,2,14,11067,11359,11651,11906,10384,9993,10501,11812,12110
1,5,2,15,10334,11035,11737,10990,11145,9829,9460,10958,11806
1,5,2,16,9533,10391,11250,11112,10573,10529,9117,9928,10925
1,5,2,17,9033,9834,10635,10647,10634,10041,10138,9760,9914
1,5,2,18,8572,9376,10180,10011,10229,9863,9521,10709,9770
1,5,2,19,7847,8780,9713,9756,9442,9738,9466,10248,10684
1,5,2,20,7495,8110,8724,9219,9212,8892,9287,10560,10203
1,5,2,21,6979,7678,8378,8217,8711,8524,8604,10269,10527
1,5,2,22,7000,7578,8157,8029,7897,8349,8491,10290,10275
1,5,2,23,6484,7021,7558,7314,7611,7646,7899,10063,10276
1,5,2,24,5632,6468,7304,7117,7087,7115,7346,10099,10007
1,5,2,25,5428,5719,6011,5889,6005,5961,6001,9806,9815
1,6,2,1,12936,11150,9364,9382,9373,9373,9373,9373,9373
1,6,2,2,9902,7042,4182,8313,8730,10230,9678,9833,12009
1,6,2,3,12614,11357,10099,8620,11288,10940,11905,9908,12621
1,6,2,4,12653,11015,9378,9651,10328,11916,11508,9814,12613
1,6,2,5,12924,12976,13028,10177,10860,9883,13125,16425,12335
1,6,2,6,10764,11613,12462,10872,11274,11255,11173,16167,16068
1,6,2,7,10122,11991,13859,9817,10531,11621,11600,14764,16138
1,6,2,8,9159,10797,12434,10828,9739,10946,12120,12996,14795
1,6,2,9,11704,13317,14930,10508,10362,10181,11323,15109,12936
1,6,2,10,11252,12481,13710,14083,10429,10919,10334,14776,15052
1,6,2,11,13272,12678,12084,12647,13040,10627,11080,14864,14688
1,6,2,12,12311,11976,11641,11661,12013,12248,10489,14494,14745
1,6,2,13,12203,12585,12967,11416,10459,11348,11646,13160,14421
1,6,2,14,11241,11662,12084,12310,9770,9756,11147,12908,13068
1,6,2,15,10756,11351,11947,11506,11590,9357,9722,11958,12777
1,6,2,16,10038,10719,11400,11182,10707,11244,9557,10737,11880
1,6,2,17,9026,9808,10590,11038,10638,10398,10828,10589,10727
1,6,2,18,8057,9159,10260,10162,10265,10284,10137,11515,10504
1,6,2,19,7563,8537,9511,9446,9969,9778,9445,10990,11420
1,6,2,20,7968,8378,8788,9123,9138,9307,9318,11267,10966
1,6,2,21,7037,7727,8417,8582,8701,8612,9559,10981,11216
1,6,2,22,6742,7221,7699,8482,8280,8386,8215,10788,10915
1,6,2,23,6234,6759,7284,8064,7621,7863,8220,10522,10749
1,6,2,24,5642,6539,7436,6958,7149,7631,8025,10325,10553
1,6,2,25,4987,5230,5473,5439,5658,5720,5717,10683,10650
1,7,2,1,11664,10252,8840,10541,9690,9690,9690,9690,9690
1,7,2,2,11139,6479,1820,7598,10197,10745,10148,10202,11962
1,7,2,3,13320,11290,9260,5215,10895,12843,12151,10147,12505
1,7,2,4,13446,11527,9608,7886,8799,11641,12396,10087,12540
1,7,2,5,13766,13134,12502,9455,9743,8930,12132,16376,12077
1,7,2,6,11505,12165,12826,10210,11086,10471,9751,15819,16411
1,7,2,7,10552,12023,13494,9257,10101,11490,10265,14062,15811
1,7,2,8,9259,10529,11799,10291,9616,10554,11686,12415,14016
1,7,2,9,10869,12364,13859,9944,10465,10063,10861,14507,12414
1,7,2,10,10361,11792,13223,13094,10215,10497,10349,14018,14486
1,7,2,11,12792,11988,11183,11985,12783,10153,10496,14067,14000
1,7,2,12,11244,11008,10772,10353,11452,12320,10266,13627,14046
1,7,2,13,11352,12025,12699,9672,10474,10989,11600,12115,13618
1,7,2,14,10815,11112,11410,11952,10214,10085,10166,12072,12122
1,7,2,15,9896,10810,11724,10872,11123,9585,9505,11163,12088
1,7,2,16,9714,10606,11499,10994,10207,10588,8937,9780,11115
1,7,2,17,8314,9303,10292,10721,10558,9661,10005,9666,9807
1,7,2,18,8373,9246,10120,9984,10019,10166,9281,10745,9609
1,7,2,19,7895,8573,9251,9660,9526,9773,9342,10296,10704
1,7,2,20,6809,7732,8655,8811,9132,9164,9509,10596,10262
1,7,2,21,6748,7214,7680,7569,8176,8474,8724,10412,10609
1,7,2,22,5739,6732,7725,7339,7549,8334,8436,10067,10420
1,7,2,23,5318,6610,7902,7349,7102,7240,7765,9793,10111
1,7,2,24,6402,6504,6606,7305,7166,6723,7395,10094,9814
1,7,2,25,5137,5607,6078,6045,6331,6069,6159,9828,9892
1,8,2,1,11022,10166,9310,10073,9691,9691,9691,9691,9691
1,8,2,2,11168,8044,4920,6653,9942,10005,9200,10214,11883
1,8,2,3,12613,11560,10508,7238,10363,12607,11609,10238,12552
1,8,2,4,12812,10802,8792,8900,9555,11038,12869,10208,12713
1,8,2,5,12694,12067,11439,8943,9587,9316,11528,16127,12216
1,8,2,6,11045,11178,11311,9191,10477,10015,10349,14819,16231
1,8,2,7,10670,11438,12206,8711,9568,10704,10067,13514,14896
1,8,2,8,8593,10100,11607,9568,8761,10045,10968,11727,13530
1,8,2,9,9925,11406,12887,9411,9478,9353,10327,13872,11759
1,8,2,10,9297,11142,12986,12319,9576,9953,9744,13571,13877
1,8,2,11,12062,11506,10950,12135,12269,9711,10026,13703,13587
1,8,2,12,11630,10226,8822,9700,11760,11604,9782,13243,13689
1,8,2,13,10982,11468,11953,9077,9305,10986,11239,12264,13238
1,8,2,14,11121,11399,11677,11448,9444,8470,10408,11746,12233
1,8,2,15,10429,10958,11486,11156,10882,9145,9037,11090,11742
1,8,2,16,9881,10592,11302,10870,10545,10487,8765,9736,11065
1,8,2,17,9034,9698,10362,10681,10383,10244,10010,9601,9728
1,8,2,18,8767,9504,10241,9799,10349,10058,9881,10584,9595
1,8,2,19,7971,8936,9900,9554,9631,9862,9351,10323,10572
1,8,2,20,6918,7910,8902,9443,9201,9206,9463,10338,10348
1,8,2,21,6916,7590,8264,8146,8834,8585,8947,10138,10378
1,8,2,22,6107,6923,7739,8079,8108,8276,8209,10018,10138
1,8,2,23,5523,6665,7807,6946,7677,8013,7939,9610,10068
1,8,2,24,6426,6975,7523,7025,7475,7605,7792,9882,9637
1,8,2,25,5304,5580,5856,5831,6068,6034,6160,9938,9930
1,9,2,1,9823,8583,7343,9226,8284,8284,8284,8284,8284
1,9,2,2,13621,8106,2590,3168,8108,7952,7451,8598,10184
1,9,2,3,13260,11809,10357,5272,8452,9354,9431,8463,10629
1,9,2,4,13865,11715,9564,8792,8475,9044,9896,8416,10588
1,9,2,5,13408,12445,11482,8882,9254,8340,9665,15683,10254
1,9,2,6,11684,11676,11669,9914,10084,10281,9585,14025,15773
1,9,2,7,11745,11892,12039,8704,9726,10540,10184,12901,14002
1,9,2,8,10592,11062,11531,9429,8598,10066,10872,11893,12908
1,9,2,9,10624,11522,12420,9683,9292,9369,10331,13387,11916
1,9,2,10,10347,11445,12544,11938,9678,9712,9681,13012,13389
1,9,2,11,12076,11033,9989,11383,11719,9657,9900,13127,12994
1,9,2,12,11575,11238,10902,9718,11085,11253,9800,12627,13121
1,9,2,13,11187,11642,12096,10373,9527,10491,10913,11366,12636
1,9,2,14,11516,11470,11425,11354,10218,9391,10315,11217,11391
1,9,2,15,10568,11034,11501,10884,10831,9841,9147,10720,11235
1,9,2,16,9885,10596,11308,10873,10385,10395,9125,9331,10707
1,9,2,17,9629,9993,10357,10853,10237,9940,9870,9325,9349
1,9,2,18,8421,9258,10094,9782,10309,10056,9477,10168,9329
1,9,2,19,7923,8938,9954,9443,9464,9713,9655,9959,10161
1,9,2,20,7580,8362,9144,9427,9362,9104,9311,9914,9943
1,9,2,21,7336,8054,8773,8577,9155,8842,8721,9900,9901
1,9,2,22,6729,7612,8495,8102,8192,8803,8441,9654,9892
1,9,2,23,4451,6374,8297,7682,8136,7619,8522,9448,9630
1,9,2,24,5596,6622,7648,7298,7353,7796,7805,9454,9453
1,9,2,25,5724,6025,6325,6287,6394,6339,6382,9475,9471
1,1,4,1,7510,5974,4439,5089,3312,4367,6402,12642,11151
1,1,4,2,5679,5504,5329,4899,3124,4008,4460,13622,12724
1,1,4,3,4292,5179,6066,5048,7069,3534,2666,12470,13109
1,1,4,4,6405,6394,6383,5617,6472,5479,4254,12090,12423
1,1,4,5,5097,5433,5768,5705,5595,5763,5312,15545,13213
1,1,4,6,6595,7409,8224,5282,6819,5585,5326,14783,15561
1,1,4,7,2733,4223,5714,8110,6155,6606,5581,13813,14775
1,1,4,8,2707,5231,7755,5458,8401,5925,6160,13711,13810
1,1,4,9,2955,2969,2982,6813,5469,7841,5625,12711,13722
1,1,4,10,2880,2899,2917,2788,6200,5618,7956,11715,12709
1,1,4,11,2749,2291,1834,2712,3194,5373,5268,12008,11690
1,1,4,12,2637,2205,1774,2360,3083,2202,4727,13013,12049
1,1,4,13,2478,2087,1696,2272,2296,2113,1594,13329,12985
1,1,4,14,2333,1974,1615,2177,2198,2097,1529,9068,13320
1,1,4,15,2184,1857,1530,2069,2089,1999,1457,8789,9068
1,1,4,16,2055,1750,1445,1960,1984,1901,1393,9500,8791
1,1,4,17,1940,1651,1361,1849,1871,1804,1316,9386,9483
1,1,4,18,1825,1558,1291,1739,1763,1701,1254,9063,9376
1,1,4,19,1767,1497,1228,1648,1645,1597,1182,8867,9044
1,1,4,20,1643,1407,1171,1568,1549,1484,1105,8612,8850
1,1,4,21,1521,1330,1138,1494,1483,1395,1024,8580,8593
1,1,4,22,1389,1233,1077,1455,1411,1340,964,8115,8539
1,1,4,23,1304,1158,1012,1375,1378,1274,927,7978,8216
1,1,4,24,1270,1103,935,1287,1300,1237,888,8097,8061
1,1,4,25,873,761,650,892,902,877,665,7296,7504
1,2,4,1,5466,4679,3892,4794,3413,4507,5916,12088,10084
1,2,4,2,6020,4813,3607,4784,3821,4020,5595,13414,12156
1,2,4,3,4583,4829,5075,4025,6511,3861,3189,11809,12629
1,2,4,4,7372,6702,6032,5525,6021,5789,4820,11543,11906
1,2,4,5,5124,5437,5750,5321,5668,5284,5819,15381,11590
1,2,4,6,4992,6501,8011,5506,6345,5321,5573,14137,15383
1,2,4,7,4285,5016,5747,7883,6084,5834,5338,13736,14212
1,2,4,8,4219,5965,7712,5618,7996,5672,5851,13184,13793
1,2,4,9,2661,2887,3112,6313,5738,7647,5171,12134,13322
1,2,4,10,2585,2808,3031,2298,5793,4984,7293,11034,12213
1,2,4,11,2479,1786,1093,2225,3039,4770,4727,11660,11170
1,2,4,12,2369,1710,1051,1886,2915,2761,4426,12606,11699
1,2,4,13,2232,1620,1009,1810,2177,2651,1351,12520,12646
1,2,4,14,2117,1539,961,1739,2075,1898,1293,10554,12595
1,2,4,15,1981,1446,910,1652,1985,1807,1544,10225,10503
1,2,4,16,1872,1365,857,1563,1875,1728,1473,10170,10172
1,2,4,17,1799,1303,807,1473,1768,1628,1400,10040,10170
1,2,4,18,1687,1229,771,1516,1665,1543,1325,9732,10040
1,2,4,19,1624,1180,736,1447,1551,1451,1250,9523,9723
1,2,4,20,1533,1117,701,1385,1482,1063,1179,9224,9513
1,2,4,21,1399,1038,678,1316,1418,1013,1090,9159,9208
1,2,4,22,1297,969,641,1273,1351,971,1032,7271,9127
1,2,4,23,1221,912,602,1213,1302,918,998,7167,6987
1,2,4,24,1146,854,562,1128,1251,893,936,7263,6878
1,2,4,25,841,623,406,820,877,644,717,6501,6348
1,3,4,1,7149,6131,5113,3730,3025,4158,5994,12410,10606
1,3,4,2,7071,6010,4949,6014,2618,4104,3141,13677,12480
1,3,4,3,4398,4500,4602,6129,6542,2630,2258,12315,13024
1,3,4,4,6510,6303,6097,6150,6940,5817,3778,12181,12474
1,3,4,5,4366,4919,5471,5934,5762,6064,5976,16138,11921
1,3,4,6,5502,6661,7820,5673,6742,5888,5992,15074,16081
1,3,4,7,2255,3876,5496,7975,6110,6109,5701,13832,15106
1,3,4,8,2200,4053,5906,5261,8334,5933,5792,13763,13905
1,3,4,9,1689,2364,3038,5783,5528,7395,5653,12855,13753
1,3,4,10,1619,2281,2944,2282,5546,5132,7228,11776,12855
1,3,4,11,1548,1583,1618,2194,2971,5010,4503,12302,11791
1,3,4,12,1482,1514,1546,1827,2848,2338,4721,12950,12320
1,3,4,13,1398,1442,1485,1743,2198,2236,1628,13059,12946
1,3,4,14,1322,1367,1413,1671,2087,1965,1555,9928,13055
1,3,4,15,1230,1286,1342,1586,1989,1864,1538,9605,9931
1,3,4,16,1166,1214,1262,1504,1877,1776,1454,9835,9608
1,3,4,17,1110,1145,1180,1414,1773,1672,1385,9639,9821
1,3,4,18,1028,1077,1127,1317,1669,1579,1299,9371,9629
1,3,4,19,976,1025,1074,1259,1543,1483,1228,9139,9354
1,3,4,20,910,958,1005,1201,1476,1368,1152,8902,9129
1,3,4,21,823,895,968,1121,1404,1304,1054,8856,8883
1,3,4,22,752,832,912,1081,1313,1247,1006,8400,8826
1,3,4,23,687,763,839,1019,1266,1164,966,8329,8488
1,3,4,24,635,708,781,936,1196,1121,901,8382,8421
1,3,4,25,435,482,529,638,795,758,645,7537,7740
1,4,4,1,8607,6200,3792,3895,3415,3333,6384,12329,10499
1,4,4,2,2506,4905,7303,4304,2900,3427,2949,13295,12401
1,4,4,3,1884,3643,5401,6731,5846,3846,1143,12148,12860
1,4,4,4,4154,5329,6503,5890,7399,6184,3578,11765,12425
1,4,4,5,3170,4321,5472,5707,5815,6377,6350,15031,12017
1,4,4,6,4755,6059,7364,5786,6434,6203,6579,15140,15286
1,4,4,7,2399,4027,5655,7451,6482,6525,5477,14049,15246
1,4,4,8,2340,4352,6364,5409,7575,6573,5700,13679,14085
1,4,4,9,2754,2431,2108,6058,5967,7137,5790,12769,13662
1,4,4,10,2668,2362,2055,2791,6024,5554,6574,11889,12788
1,4,4,11,2591,2420,2249,2687,3222,5009,4730,12535,11889
1,4,4,12,2494,2324,2154,2686,3111,2213,5291,13240,12558
1,4,4,13,2359,2214,2068,2574,2485,2127,1584,12960,13317
1,4,4,14,2230,2103,1976,2477,2380,2177,1528,8850,12964
1,4,4,15,2086,1986,1885,2353,2272,2073,1510,8576,8850
1,4,4,16,1983,1882,1781,2246,2156,1988,1442,8805,8577
1,4,4,17,1884,1779,1673,2111,2040,1875,1371,8647,8871
1,4,4,18,1773,1691,1609,1991,1919,1783,1301,8426,8717
1,4,4,19,1677,1603,1530,1901,1794,1665,1228,8261,8490
1,4,4,20,1575,1509,1444,1820,1722,1184,1154,8089,8326
1,4,4,21,1415,1401,1387,1706,1639,1128,1072,8038,8149
1,4,4,22,1316,1314,1312,1649,1544,1079,1031,8682,8094
1,4,4,23,1173,1195,1217,1556,1479,1011,982,8653,8423
1,4,4,24,1114,1126,1138,1444,1404,980,924,8718,8395
1,4,4,25,744,737,731,926,868,613,627,8106,7944
1,5,4,1,5734,5163,4591,4786,3055,4655,5707,12449,10329
1,5,4,2,10754,7413,4072,4728,4103,2023,4897,14061,12474
1,5,4,3,6885,6482,6079,5568,6896,3665,3124,12310,12926
1,5,4,4,6706,6904,7101,5982,6531,6187,4861,11814,12291
1,5,4,5,5535,5726,5917,6426,6180,5474,6071,15408,11953
1,5,4,6,5091,6489,7888,5954,7506,6262,5923,14568,15503
1,5,4,7,2429,4315,6201,7671,6780,6999,6231,13751,14602
1,5,4,8,2374,4436,6498,5883,8245,6057,6703,13737,13734
1,5,4,9,2148,2484,2821,5970,5916,7741,5658,12832,13746
1,5,4,10,2098,2416,2733,2689,6372,5542,7660,11962,12849
1,5,4,11,2007,1804,1601,2588,3003,5339,5432,12364,12007
1,5,4,12,1913,1731,1548,2742,2871,1888,5039,13185,12355
1,5,4,13,1793,1638,1484,2652,2205,1801,1215,13206,13180
1,5,4,14,1717,1563,1410,2538,2119,1277,1158,10144,13213
1,5,4,15,797,1065,1332,2410,2021,1226,1559,9805,10198
1,5,4,16,758,1014,1270,2275,1908,1167,1495,10031,9859
1,5,4,17,734,968,1201,2170,1800,1103,1422,9885,10237
1,5,4,18,692,921,1150,2048,1713,1042,1343,9583,10097
1,5,4,19,666,886,1107,1964,1613,991,1266,9372,9784
1,5,4,20,627,842,1057,1898,1545,932,1207,9113,9564
1,5,4,21,581,801,1020,1812,1494,893,1130,9093,9300
1,5,4,22,541,757,973,1747,1426,865,1087,8064,9270
1,5,4,23,506,708,909,1670,1375,824,1052,8033,8132
1,5,4,24,466,664,862,1550,1312,799,1001,8149,8105
1,5,4,25,308,437,565,1047,868,537,716,7586,7727
1,6,4,1,5861,5568,5275,2066,5105,4499,5773,13300,9964
1,6,4,2,6574,5686,4797,7017,1773,1418,2192,15119,13288
1,6,4,3,6466,5738,5010,5867,5306,4263,2616,12996,14423
1,6,4,4,6300,6263,6226,7100,6452,6471,5723,12470,13888
1,6,4,5,5014,5472,5930,6847,5763,6147,6359,16171,12372
1,6,4,6,6275,6931,7586,6428,6825,6046,6060,15940,16092
1,6,4,7,3444,4752,6059,8053,6353,6078,5851,14797,15720
1,6,4,8,3352,4884,6416,6142,8200,6408,6348,14344,14627
1,6,4,9,3026,3007,2987,6318,5309,7741,6424,13678,14184
1,6,4,10,2908,2894,2880,3234,6125,5707,7498,12868,13540
1,6,4,11,2774,2437,2101,3099,2882,4837,4868,13268,12854
1,6,4,12,2649,2331,2012,2852,2749,2351,5279,14206,13188
1,6,4,13,2464,2194,1925,2725,2344,2232,1656,13774,14203
1,6,4,14,2324,2071,1818,2607,2233,2958,1571,8804,13705
1,6,4,15,538,1125,1712,2462,2123,2817,1554,8523,8804
1,6,4,16,509,1062,1615,2316,1995,2671,1478,10221,8525
1,6,4,17,489,1009,1528,2184,1877,2517,1402,10033,10138
1,6,4,18,457,956,1455,2062,1772,2370,1318,9775,9955
1,6,4,19,434,917,1400,1966,1669,2241,1240,9572,9700
1,6,4,20,408,862,1315,1887,1593,2111,1171,9336,9492
1,6,4,21,377,816,1255,1784,1529,2012,1102,9322,9260
1,6,4,22,346,768,1191,1702,1450,1940,1054,9177,9244
1,6,4,23,318,714,1110,1620,1387,1835,1020,9155,9046
1,6,4,24,291,662,1034,1503,1301,1760,963,9218,9027
1,6,4,25,192,420,648,948,804,1088,636,8690,9218
1,7,4,1,6029,5116,4204,3684,3016,5690,5376,12983,11132
1,7,4,2,7514,6243,4972,6392,3965,6309,6033,14625,12966
1,7,4,3,5757,5580,5404,6226,6807,2872,1004,12510,13496
1,7,4,4,6976,6854,6731,6236,6595,5863,4254,11930,12519
1,7,4,5,4657,5303,5949,6367,5721,5212,5924,15943,12004
1,7,4,6,6044,7020,7995,6269,7111,5483,5579,14863,15762
1,7,4,7,5384,5427,5469,8125,6716,6480,5445,13791,15050
1,7,4,8,5240,6009,6777,5449,8688,5756,6127,13780,13903
1,7,4,9,1686,1660,1633,6494,5659,7918,5757,12802,13818
1,7,4,10,1621,1599,1578,1311,6342,5229,7997,11758,12789
1,7,4,11,1537,1790,2044,1246,1473,5987,4953,12256,11800
1,7,4,12,1477,1721,1964,2803,1403,1127,5697,13300,12265
1,7,4,13,1365,1621,1877,2690,2309,1068,5396,13073,13342
1,7,4,14,1290,1540,1790,2566,2208,2255,5109,10903,13022
1,7,4,15,605,1142,1680,2448,2104,2162,2403,10531,10818
1,7,4,16,577,1080,1582,2300,1993,2054,2299,10866,10451
1,7,4,17,555,1019,1483,2168,1870,1949,2188,10680,11047
1,7,4,18,518,974,1429,2026,1763,1828,2072,10387,10864
1,7,4,19,495,933,1372,1956,1642,1728,1941,10204,10569
1,7,4,20,462,879,1296,1884,1593,1609,1837,9883,10386
1,7,4,21,422,834,1245,1772,1533,1551,1709,9859,10058
1,7,4,22,391,784,1178,1703,1442,1500,1645,8625,10021
1,7,4,23,359,726,1092,1619,1389,1413,1595,8641,8829
1,7,4,24,333,682,1030,1491,1314,1368,1507,8715,8852
1,7,4,25,222,455,689,1021,873,921,1079,8079,8378
1,8,4,1,6995,6185,5374,3265,3769,4034,6152,12359,10891
1,8,4,2,6460,5836,5211,6904,4670,4251,4480,13654,12353
1,8,4,3,5678,5881,6084,6984,6931,3851,4823,12100,13175
1,8,4,4,6913,6755,6597,6658,7006,6726,4268,12254,12086
1,8,4,5,5257,5618,5980,6596,6130,6230,6320,14851,11882
1,8,4,6,5947,6756,7565,6552,7111,6099,6064,14464,15127
1,8,4,7,2237,4110,5983,7933,6872,6587,5704,13458,14490
1,8,4,8,2164,4334,6503,6263,7945,6291,6141,13379,13540
1,8,4,9,1922,2431,2939,6331,6064,7738,5907,12338,13396
1,8,4,10,1884,2359,2835,3220,6253,5699,7300,11488,12367
1,8,4,11,1816,1705,1595,3097,3393,5761,5165,12101,11522
1,8,4,12,1762,1658,1553,2657,3261,2422,5468,12927,12102
1,8,4,13,1668,1585,1503,2586,2282,2313,1424,12653,12965
1,8,4,14,1607,1527,1447,2508,2209,1971,1364,9093,12699
1,8,4,15,1055,1217,1380,2416,2134,1911,1527,8768,9290
1,8,4,16,1011,1167,1322,2299,2042,1841,1476,9640,8962
1,8,4,17,975,1118,1262,2202,1934,1763,1420,9514,9775
1,8,4,18,920,1067,1215,1439,1852,1668,1360,9237,9650
1,8,4,19,889,1030,1170,1381,1767,1594,1286,9064,9363
1,8,4,20,845,981,1118,1336,1691,1521,1227,8841,9184
1,8,4,21,785,934,1083,1273,1634,1455,1170,8827,8960
1,8,4,22,724,880,1035,1238,1552,1407,1124,7827,8937
1,8,4,23,668,819,970,1181,1514,1331,1083,7810,7903
1,8,4,24,626,770,914,1112,1445,1300,1031,7892,7885
1,8,4,25,425,523,621,765,988,908,769,7618,7740
1,9,4,1,6478,5284,4090,4522,3575,4692,5244,12413,11615
1,9,4,2,7346,6489,5631,4793,4501,4504,3595,14446,12458
1,9,4,3,6914,6476,6038,5578,6722,4624,2517,11880,13537
1,9,4,4,7338,6961,6584,5633,6452,5958,4943,11394,11900
1,9,4,5,5991,6227,6463,5522,5462,5618,5702,15291,11586
1,9,4,6,6771,7475,8179,6329,6696,5611,5982,14289,15301
1,9,4,7,2912,4773,6634,7809,6838,6189,5715,13416,14293
1,9,4,8,2846,4849,6853,6212,8248,6242,5996,13356,13423
1,9,4,9,2782,3053,3324,6412,6401,7699,6007,12144,13375
1,9,4,10,2758,2995,3232,3082,6344,5872,7500,11591,12157
1,9,4,11,2654,2231,1807,2970,3204,5835,5591,11968,11590
1,9,4,12,2582,2181,1780,1792,3085,3418,5562,12946,11986
1,9,4,13,2454,2084,1714,1763,2900,3275,2258,12306,12969
1,9,4,14,2380,2020,1661,1701,2840,2007,2168,10832,12339
1,9,4,15,2264,1923,1582,1643,2727,1960,1621,10470,10789
1,9,4,16,2175,1853,1530,1570,2633,1885,1585,11541,10430
1,9,4,17,2098,1779,1460,1516,2499,1806,1517,11506,11475
1,9,4,18,1988,1701,1414,1111,2410,1718,1456,11100,11447
1,9,4,19,1922,1640,1359,1074,2295,1651,1384,10932,11038
1,9,4,20,1818,1562,1307,1034,2217,1574,1330,10673,10872
1,9,4,21,1682,1475,1269,994,2127,1518,1264,10645,10615
1,9,4,22,1573,1393,1214,965,2046,1463,1221,8632,10580
1,9,4,23,1479,1312,1144,921,1993,1405,1172,8613,8642
1,9,4,24,1396,1240,1085,869,1902,1364,1129,8732,8614
1,9,4,25,1067,955,844,678,1458,1061,914,8349,8396
1,1,5,1,11058,8246,5434,5563,6702,6191,8757,10751,6197
1,1,5,2,6008,7471,8934,5148,3726,6928,6923,15827,10770
1,1,5,3,7295,8691,10087,9270,7761,7101,7951,15018,16008
1,1,5,4,9649,9599,9550,9643,9746,8623,7207,14859,14993
1,1,5,5,11006,10936,10865,9554,10306,10104,8843,13798,14871
1,1,5,6,11171,12140,13108,11611,11098,10969,10404,13867,13790
1,1,5,7,11018,12093,13168,12789,12422,10915,10228,14171,13860
1,1,5,8,10916,11895,12874,13127,12403,12109,10521,12894,14218
1,1,5,9,10544,11554,12563,12814,12854,11988,11171,12650,12861
1,1,5,10,10276,11283,12289,12500,12449,12469,11931,13292,12557
1,1,5,11,9808,10847,11886,12161,12057,12066,11673,13296,13220
1,1,5,12,9406,10452,11498,11792,11639,11687,11266,14062,13260
1,1,5,13,8841,9918,10994,11352,11183,11215,10878,13535,14030
1,1,5,14,8324,9396,10467,10876,10709,10791,10428,13379,13508
1,1,5,15,7791,8854,9918,10334,10174,10283,9941,12968,13351
1,1,5,16,7332,8348,9365,9793,9664,9779,9504,12458,12943
1,1,5,17,6922,7872,8822,9235,9114,9280,8981,12309,12416
1,1,5,18,6512,7438,8365,8688,8588,8752,8558,11886,12275
1,1,5,19,6303,7132,7961,8234,8014,8217,8066,11628,11841
1,1,5,20,5862,6726,7590,7836,7545,7637,7537,11295,11587
1,1,5,21,5427,6402,7377,7464,7225,7178,6987,11252,11251
1,1,5,22,4955,5968,6982,7268,6871,6892,6576,10994,11181
1,1,5,23,4651,5603,6556,6870,6710,6553,6326,10808,10896
1,1,5,24,4533,5295,6058,6431,6330,6363,6057,10970,10690
1,1,5,25,3114,3662,4210,4454,4392,4512,4537,9884,9952
1,2,5,1,10358,8001,5645,5278,6533,6475,9066,10346,6133
1,2,5,2,6352,7588,8825,7261,3394,5461,6326,15127,10563
1,2,5,3,8491,9292,10093,9820,8843,6491,7458,14532,15257
1,2,5,4,9009,9012,9015,9268,9937,8636,6729,14234,14616
1,2,5,5,10993,10976,10958,8515,9580,9712,8837,13355,14317
1,2,5,6,11220,11878,12536,11266,10308,10176,10434,13703,13368
1,2,5,7,10929,11751,12573,12391,11850,10090,9896,14089,13707
1,2,5,8,10760,11549,12339,12594,12655,11563,10017,12860,14098
1,2,5,9,10524,11208,11892,12330,12338,12381,10886,12256,12876
1,2,5,10,10224,10904,11584,11899,11979,11793,11865,13111,12346
1,2,5,11,9801,10540,11278,11521,11450,11424,11241,13013,13127
1,2,5,12,9368,10104,10839,11226,10981,10885,10841,13937,13033
1,2,5,13,8825,9618,10411,10772,10613,10450,10290,13407,13979
1,2,5,14,8373,9144,9916,10349,10113,10046,9851,13251,13447
1,2,5,15,7834,8612,9389,9831,9676,9566,9428,12839,13288
1,2,5,16,7402,8123,8844,9305,9141,9145,8997,12369,12870
1,2,5,17,7113,7721,8329,8769,8619,8618,8548,12211,12388
1,2,5,18,6670,7311,7953,8230,8113,8166,8091,11836,12230
1,2,5,19,6420,7004,7589,7856,7561,7681,7636,11582,11844
1,2,5,20,6061,6648,7235,7520,7223,7132,7198,11218,11587
1,2,5,21,5532,6262,6991,7144,6909,6795,6658,11140,11215
1,2,5,22,5131,5872,6612,6912,6585,6514,6304,10920,11118
1,2,5,23,4830,5519,6208,6588,6346,6160,6095,10763,10874
1,2,5,24,4533,5163,5793,6128,6097,5989,5719,10907,10705
1,2,5,25,3324,3757,4190,4451,4273,4318,4379,9763,9881
1,3,5,1,9642,7739,5837,5746,6265,6370,7468,10318,5653
1,3,5,2,7285,8463,9641,6516,7035,4861,6644,13850,10503
1,3,5,3,7476,8520,9564,9848,8803,7969,7439,13791,14868
1,3,5,4,10732,10001,9271,9325,10604,8795,7988,14406,14091
1,3,5,5,7877,9128,10379,9358,9945,10500,9174,13709,14521
1,3,5,6,7898,10255,12613,11212,10505,10904,10975,13555,13763
1,3,5,7,7655,9029,10403,12301,11782,10626,10822,14442,13620
1,3,5,8,7468,8823,10179,10502,12297,11313,10457,13572,14424
1,3,5,9,7350,8572,9793,10272,10208,11799,11142,12994,13577
1,3,5,10,7048,8268,9488,9878,9905,9859,11445,13039,12968
1,3,5,11,6738,7987,9237,9497,9427,9542,9831,12648,13114
1,3,5,12,6450,7639,8827,9286,9035,9067,9507,13927,12673
1,3,5,13,6087,7283,8479,8859,8769,8670,8970,13489,13950
1,3,5,14,5753,6908,8063,8490,8327,8401,8568,13168,13509
1,3,5,15,5356,6509,7663,8062,7937,7970,8274,12740,13193
1,3,5,16,5074,6138,7201,7642,7489,7595,7821,12348,12764
1,3,5,17,4830,5781,6733,7186,7073,7148,7450,12101,12353
1,3,5,18,4474,5453,6431,6695,6658,6752,6989,11765,12111
1,3,5,19,4250,5189,6128,6397,6156,6340,6607,11474,11766
1,3,5,20,3961,4850,5739,6101,5887,5851,6197,11177,11482
1,3,5,21,3583,4553,5523,5696,5602,5576,5670,11118,11174
1,3,5,22,3274,4240,5206,5495,5238,5333,5413,10903,11102
1,3,5,23,2992,3890,4788,5178,5052,4978,5197,10810,10846
1,3,5,24,2763,3610,4458,4755,4772,4795,4848,10879,10760
1,3,5,25,1892,2454,3017,3241,3173,3241,3470,9782,9890
1,4,5,1,9363,8024,6686,6656,6468,7492,8142,10537,5973
1,4,5,2,4715,6728,8741,6242,6127,5861,8393,14675,10904
1,4,5,3,6207,7816,9424,9593,8659,7452,8152,14526,15112
1,4,5,4,10128,9700,9272,9391,10621,8231,7799,14603,14632
1,4,5,5,7659,8744,9829,9551,10525,10518,9466,14086,14817
1,4,5,6,7682,9651,11621,10489,11081,10990,11063,13888,14178
1,4,5,7,7474,9092,10710,11733,11740,10668,10728,14706,13950
1,4,5,8,7292,8918,10544,10150,11817,11533,10587,14125,14728
1,4,5,9,7188,8684,10180,9977,10567,11494,11274,13320,14056
1,4,5,10,6964,8442,9921,9596,10278,10500,11344,13264,13392
1,4,5,11,6763,8181,9599,9239,9769,10204,10009,12958,13256
1,4,5,12,6509,7852,9195,9011,9434,9754,9713,14679,12971
1,4,5,13,6157,7492,8828,8636,9136,9378,9200,14233,14602
1,4,5,14,5819,7126,8433,8310,8752,9119,8879,13816,14157
1,4,5,15,5445,6744,8043,7895,8354,8684,8561,13389,13743
1,4,5,16,5174,6388,7601,7536,7928,8326,8174,13010,13320
1,4,5,17,4916,6029,7142,7082,7500,7856,7770,12778,12932
1,4,5,18,4628,5747,6866,6680,7057,7471,7377,12451,12708
1,4,5,19,4376,5452,6528,6377,6596,6976,6962,12207,12377
1,4,5,20,4109,5136,6163,6106,6329,6561,6539,11953,12138
1,4,5,21,3692,4805,5919,5722,6025,6250,6079,11878,11880
1,4,5,22,3434,4517,5600,5533,5678,5981,5846,11714,11799
1,4,5,23,3060,4127,5193,5219,5439,5600,5567,11674,11607
1,4,5,24,2907,3883,4858,4845,5160,5431,5236,11762,11569
1,4,5,25,1941,2530,3120,3107,3192,3396,3552,10936,10947
1,5,5,1,9535,7794,6053,6132,7047,6088,7907,10148,5319
1,5,5,2,5033,6708,8383,5398,4736,6105,5992,14017,10692
1,5,5,3,8357,8895,9434,9049,7586,7389,7404,14004,14743
1,5,5,4,10255,9580,8906,9180,9396,8251,7398,14340,14126
1,5,5,5,9352,9961,10569,8709,9469,9864,8517,13034,14379
1,5,5,6,9451,10955,12458,11167,9823,10402,10405,13025,13124
1,5,5,7,9294,10294,11293,12022,11425,10127,10103,14201,13052
1,5,5,8,9084,10080,11076,10627,12013,11560,9831,13206,14184
1,5,5,9,8876,9825,10774,10415,10402,11917,11161,12542,13196
1,5,5,10,8671,9555,10439,10118,10110,10477,11393,13370,12554
1,5,5,11,8294,9196,10097,9739,9719,10160,10176,13122,13344
1,5,5,12,7908,8836,9763,9427,9291,9733,9855,14020,13097
1,5,5,13,7409,8384,9358,9116,8943,9282,9388,13571,13890
1,5,5,14,7094,7993,8892,8726,8593,8931,8945,13312,13444
1,5,5,15,6660,7531,8402,8283,8194,8570,8572,12867,13186
1,5,5,16,6334,7172,8011,7822,7737,8160,8220,12420,12747
1,5,5,17,6136,6856,7575,7458,7297,7711,7818,12238,12292
1,5,5,18,5786,6520,7254,7039,6946,7283,7386,11864,12123
1,5,5,19,5562,6273,6984,6751,6539,6930,6959,11603,11748
1,5,5,20,5243,5955,6668,6524,6266,6515,6637,11283,11484
1,5,5,21,4854,5644,6434,6230,6058,6245,6214,11258,11166
1,5,5,22,4519,5327,6136,6006,5782,6046,5980,11099,11131
1,5,5,23,4229,4982,5735,5741,5576,5760,5784,11055,10946
1,5,5,24,3897,4667,5438,5327,5321,5589,5505,11215,10908
1,5,5,25,2572,3069,3566,3601,3519,3755,3936,10441,10400
1,6,5,1,11254,9332,7411,7136,6420,6923,8066,11716,6022
1,6,5,2,2345,5748,9150,7972,7230,7243,8518,15171,11812
1,6,5,3,7188,8424,9659,10317,10041,8050,9291,15357,16005
1,6,5,4,11742,10466,9191,9858,10501,8995,8831,15496,15200
1,6,5,5,7940,9412,10885,9465,10676,10258,9347,14287,15385
1,6,5,6,8006,10930,13855,11365,10566,11451,10800,14336,14133
1,6,5,7,7865,9241,10617,13171,12020,10369,10986,15232,14269
1,6,5,8,7656,9040,10424,10332,13544,12044,10402,14151,15205
1,6,5,9,7459,8781,10102,10114,10354,12592,11563,13700,14088
1,6,5,10,7168,8455,9741,9770,10046,10425,11726,14225,13708
1,6,5,11,6837,8113,9390,9361,9585,10095,10047,13593,14171
1,6,5,12,6529,7761,8993,9068,9143,9657,9696,14446,13473
1,6,5,13,6072,7338,8604,8662,8799,9168,9225,13993,14465
1,6,5,14,5729,6928,8127,8288,8381,8805,8752,13659,14005
1,6,5,15,5387,6521,7654,7827,7968,8384,8383,13223,13673
1,6,5,16,5095,6157,7220,7361,7487,7951,7975,12814,13240
1,6,5,17,4900,5864,6828,6943,7045,7493,7563,12579,12824
1,6,5,18,4573,5539,6504,6554,6652,7056,7108,12255,12593
1,6,5,19,4348,5303,6257,6251,6265,6670,6691,12000,12270
1,6,5,20,4082,4980,5879,5997,5979,6285,6318,11705,12007
1,6,5,21,3777,4693,5609,5671,5740,5988,5946,11687,11714
1,6,5,22,3463,4392,5322,5411,5443,5776,5688,11551,11693
1,6,5,23,3185,4073,4961,5150,5208,5462,5500,11524,11532
1,6,5,24,2910,3766,4621,4779,4884,5238,5195,11612,11508
1,6,5,25,1918,2406,2895,3012,3017,3240,3429,10947,11035
1,7,5,1,9450,7533,5617,5253,7289,6825,7704,11220,7158
1,7,5,2,4471,5970,7469,5575,3490,7288,6903,14660,11663
1,7,5,3,7963,8577,9191,9061,7789,6978,8310,14786,15285
1,7,5,4,10836,9680,8523,9539,9440,8250,7836,14830,14527
1,7,5,5,6191,8286,10380,8372,9087,9539,8424,13240,14849
1,7,5,6,6168,9033,11898,10897,8979,10182,10230,13287,13181
1,7,5,7,6058,7762,9465,11677,11034,9557,10308,14344,13298
1,7,5,8,5896,7576,9257,9169,11673,10981,9458,13404,14327
1,7,5,9,5799,7385,8971,8948,10045,11480,10915,12578,13420
1,7,5,10,5573,7121,8668,8657,9725,9871,11185,13270,12601
1,7,5,11,5284,6815,8346,8231,9277,9553,8910,13032,13241
1,7,5,12,5079,6550,8022,8014,8834,9129,8607,13319,13007
1,7,5,13,4695,6179,7664,7692,8538,8651,8152,12910,13979
1,7,5,14,4436,5872,7309,7338,8163,8348,7719,12619,13553
1,7,5,15,4117,5489,6861,6999,7780,8003,7438,12189,13252
1,7,5,16,3932,5197,6462,6577,7367,7603,7115,11805,12802
1,7,5,17,3779,4918,6056,6199,6915,7217,6773,11603,12395
1,7,5,18,3529,4683,5837,5792,6517,6769,6412,11285,12189
1,7,5,19,3368,4486,5604,5592,6071,6396,6007,11086,11858
1,7,5,20,3149,4221,5293,5387,5888,5957,5685,10738,11653
1,7,5,21,2876,3981,5086,5067,5667,5741,5289,10712,11285
1,7,5,22,2663,3737,4811,4869,5333,5553,5091,10532,11243
1,7,5,23,2447,3454,4460,4630,5135,5231,4936,10552,11030
1,7,5,24,2266,3237,4208,4263,4858,5065,4664,10643,11058
1,7,5,25,1513,2163,2813,2920,3229,3408,3340,9866,10466
1,8,5,1,10527,8481,6434,7245,6620,6145,8302,10798,6413
1,8,5,2,9369,8247,7126,5430,5871,6834,5602,14443,10964
1,8,5,3,8186,9033,9881,8113,8323,7308,7888,13972,15224
1,8,5,4,9025,9774,10522,10009,9415,8520,7377,14172,14038
1,8,5,5,9636,10339,11042,9762,10562,9616,8505,12886,14321
1,8,5,6,9413,10571,11728,11486,10972,11019,9936,13044,13097
1,8,5,7,9309,10135,10960,11358,12070,10766,10739,13814,13035
1,8,5,8,9006,9803,10600,10879,11653,11983,10312,13370,13753
1,8,5,9,8824,9582,10339,10510,11943,11372,11651,13015,13336
1,8,5,10,8648,9311,9973,10262,11491,11303,11367,13643,13082
1,8,5,11,8338,9005,9672,9872,11133,10850,10814,12841,13561
1,8,5,12,8090,8756,9421,9620,10700,10562,10381,13914,12897
1,8,5,13,7655,8385,9115,9362,10353,10088,10064,13415,13868
1,8,5,14,7379,8078,8777,9079,10020,9780,9640,13145,13371
1,8,5,15,6996,7682,8368,8746,9682,9485,9324,12675,13104
1,8,5,16,6703,7362,8022,8322,9264,9135,9014,12275,12642
1,8,5,17,6464,7059,7654,7973,8773,8751,8672,12114,12240
1,8,5,18,6101,6734,7367,7611,8400,8276,8306,11761,12083
1,8,5,19,5897,6498,7100,7304,8016,7909,7854,11541,11724
1,8,5,20,5602,6191,6780,7063,7668,7548,7492,11258,11500
1,8,5,21,5206,5889,6571,6734,7413,7222,7144,11240,11219
1,8,5,22,4803,5541,6279,6544,7040,6981,6862,11141,11190
1,8,5,23,4427,5154,5881,6246,6868,6606,6615,11116,11068
1,8,5,24,4149,4848,5546,5878,6556,6449,6294,11234,11044
1,8,5,25,2814,3291,3767,4043,4481,4505,4694,10844,10841
1,9,5,1,11784,8959,6133,6880,7952,8074,9070,11467,7404
1,9,5,2,12442,10456,8471,5997,5747,8122,8814,16106,11583
1,9,5,3,12817,11868,10918,9146,8706,8469,9266,15299,16241
1,9,5,4,10665,11449,12233,9763,9752,8345,8447,15161,15414
1,9,5,5,12184,12884,13583,11470,10079,9760,8704,13983,15174
1,9,5,6,12151,12744,13336,13586,13116,10740,10667,13594,13979
1,9,5,7,12036,12782,13528,12909,13795,12627,10885,14304,13614
1,9,5,8,11762,12465,13168,12824,12982,13190,12250,13235,14286
1,9,5,9,11429,12170,12911,12488,12763,12465,12679,13971,13221
1,9,5,10,11332,11943,12553,12243,12350,12174,12035,14233,13975
1,9,5,11,10905,11517,12130,11799,11983,11698,11802,13621,14247
1,9,5,12,10609,11278,11947,11500,11538,11444,11397,14278,13613
1,9,5,13,10082,10793,11504,11308,11180,10966,11073,13729,14301
1,9,5,14,9778,10461,11145,10916,10951,10660,10632,13588,13753
1,9,5,15,9303,9960,10617,10538,10515,10406,10276,13134,13615
1,9,5,16,8938,9604,10270,10069,10150,10007,10047,12752,13162
1,9,5,17,8620,9209,9798,9727,9636,9591,9619,12714,12779
1,9,5,18,8169,8831,9492,9279,9291,9122,9233,12265,12747
1,9,5,19,7896,8509,9122,8974,8848,8769,8776,12079,12292
1,9,5,20,7468,8120,8773,8637,8547,8358,8430,11793,12107
1,9,5,21,6912,7712,8513,8304,8203,8061,8011,11762,11821
1,9,5,22,6464,7305,8146,8064,7888,7770,7741,11664,11782
1,9,5,23,6078,6877,7676,7697,7684,7459,7429,11639,11676
1,9,5,24,5737,6508,7279,7256,7334,7244,7155,11799,11639
1,9,5,25,4383,5023,5662,5662,5623,5635,5796,11282,11344
1,1,6,1,10485,8386,6287,5470,4190,6233,5934,13166,6022
1,1,6,2,2403,6692,10982,6799,5617,3533,7326,13307,13080
1,1,6,3,5134,7696,10259,10386,8897,6079,7301,15798,13312
1,1,6,4,9109,8479,7849,9970,10264,7874,7440,13113,15848
1,1,6,5,10153,9436,8720,7713,10988,9312,8614,13451,12892
1,1,6,6,8209,10413,12616,9211,9208,10208,10169,13955,13399
1,1,6,7,8096,10201,12305,12360,9475,8831,10472,12217,13931
1,1,6,8,8021,8610,9199,12078,12716,9487,8879,11293,12207
1,1,6,9,7748,8362,8976,9830,11763,11476,9551,10724,11285
1,1,6,10,7551,8166,8780,9590,9650,11241,11046,10795,10741
1,1,6,11,7207,7849,8492,9330,9346,8951,10358,10905,10774
1,1,6,12,6912,7563,8215,9047,9022,8670,8969,10910,10905
1,1,6,13,6497,7176,7855,8709,8668,8319,8661,11424,10885
1,1,6,14,6117,6798,7478,8343,8301,8005,8303,11293,11321
1,1,6,15,5725,6406,7087,7928,7886,7628,7915,10945,11189
1,1,6,16,5387,6039,6691,7513,7491,7254,7567,10515,10848
1,1,6,17,5086,5695,6303,7085,7065,6884,7151,10389,10405
1,1,6,18,4785,5381,5977,6665,6657,6492,6813,10032,10288
1,1,6,19,4631,5160,5688,6317,6212,6096,6422,9815,9924
1,1,6,20,4307,4865,5423,6011,5849,5665,6001,9533,9711
1,1,6,21,3987,4629,5271,5726,5601,5325,5563,9497,9429
1,1,6,22,3641,4315,4989,5576,5326,5113,5236,9280,9370
1,1,6,23,3417,4051,4684,5270,5201,4861,5037,9123,9132
1,1,6,24,3330,3830,4329,4934,4907,4720,4823,9259,8960
1,1,6,25,2288,2648,3008,3417,3405,3347,3613,8342,8340
1,2,6,1,8500,7189,5878,4921,3566,5715,5743,12667,6160
1,2,6,2,3571,6349,9126,6773,6321,2686,7536,12588,12618
1,2,6,3,5781,7969,10157,9978,8826,5833,4769,14713,12633
1,2,6,4,8622,7901,7180,9528,10149,8057,7038,12184,14881
1,2,6,5,10163,9377,8590,7147,10679,9090,8139,12957,12492
1,2,6,6,9929,10545,11160,9171,9263,10212,9946,13747,12969
1,2,6,7,9672,10365,11059,11324,10181,9097,9453,11925,13744
1,2,6,8,9522,10227,10933,10883,11458,9079,8598,11022,11974
1,2,6,9,9314,9926,10538,11149,11167,10828,9354,10632,11034
1,2,6,10,9048,9656,10264,10759,10701,10321,10647,10437,10663
1,2,6,11,8674,9333,9993,10417,10229,9190,9941,10626,10444
1,2,6,12,8290,8947,9605,10151,9809,8757,9132,10545,10630
1,2,6,13,7810,8517,9225,9740,9480,8407,8667,10750,10569
1,2,6,14,7409,8098,8787,9357,9035,8082,8297,10625,10811
1,2,6,15,6933,7626,8320,8889,8644,7695,7941,10295,10683
1,2,6,16,6551,7194,7837,8414,8166,7356,7578,9918,10347
1,2,6,17,6295,6837,7380,7929,7700,6932,7200,9791,9959
1,2,6,18,5903,6475,7047,7442,7248,6569,6815,9490,9832
1,2,6,19,5682,6203,6724,7104,6754,6179,6431,9287,9522
1,2,6,20,5364,5887,6411,6800,6452,5737,6063,8995,9315
1,2,6,21,4896,5545,6195,6460,6172,5466,5608,8932,9017
1,2,6,22,4540,5200,5859,6250,5883,5241,5310,8756,8938
1,2,6,23,4274,4887,5501,5957,5669,4955,5134,8630,8742
1,2,6,24,4012,4573,5133,5541,5446,4818,4817,8746,8607
1,2,6,25,2942,3327,3712,4025,3817,3473,3688,7829,7943
1,3,6,1,8710,7185,5660,5259,4306,5086,6856,10923,6208
1,3,6,2,4227,8164,12101,5444,7148,4057,7045,13155,11076
1,3,6,3,8663,9319,9976,11978,8946,7355,4935,13768,13198
1,3,6,4,10147,9489,8830,9475,10862,8610,7600,13312,14093
1,3,6,5,11162,10322,9482,8228,10669,10033,8674,13347,13285
1,3,6,6,11042,11718,12395,10028,10024,9878,10536,13791,13380
1,3,6,7,10702,11521,12340,12275,11011,9680,9351,12425,13866
1,3,6,8,10441,11019,11597,11883,12296,10406,9705,11320,12442
1,3,6,9,10276,10717,11158,11028,12118,11729,10155,11558,11355
1,3,6,10,9854,10332,10810,10605,11249,11502,11337,11116,11525
1,3,6,11,9420,9972,10524,10196,10706,11094,10993,11342,11092
1,3,6,12,9018,9537,10057,9969,10261,10543,10447,11291,11323
1,3,6,13,8510,9085,9661,9511,9958,10081,9858,11462,11281
1,3,6,14,8042,8614,9186,9115,9457,9768,9416,11190,11464
1,3,6,15,7488,8109,8730,8655,9014,9267,9093,10826,11196
1,3,6,16,7094,7649,8205,8205,8505,8831,8595,10493,10832
1,3,6,17,6752,7212,7672,7715,8033,8311,8187,10283,10483
1,3,6,18,6255,6791,7327,7188,7562,7850,7680,9997,10278
1,3,6,19,5941,6462,6982,6867,6991,7371,7261,9750,9985
1,3,6,20,5537,6038,6538,6550,6686,6804,6811,9498,9744
1,3,6,21,5009,5651,6293,6115,6362,6484,6231,9448,9482
1,3,6,22,4578,5255,5931,5899,5949,6201,5949,9265,9421
1,3,6,23,4183,4819,5455,5559,5738,5788,5712,9186,9204
1,3,6,24,3862,4471,5079,5105,5419,5575,5328,9244,9131
1,3,6,25,2645,3041,3437,3479,3603,3768,3813,8313,8392
1,4,6,1,6497,6608,6720,5166,4831,4978,6034,11199,6175
1,4,6,2,5957,8277,10597,6820,6857,3733,8010,13274,11457
1,4,6,3,7201,7561,7921,12107,8450,8177,5774,14294,13163
1,4,6,4,8407,8072,7737,8695,10892,8698,8653,15419,14427
1,4,6,5,9745,9047,8348,8184,9750,9968,8657,13874,15639
1,4,6,6,10886,10743,10600,9375,9712,10078,10626,14033,13921
1,4,6,7,10591,10656,10721,11222,10361,10104,10288,12549,14035
1,4,6,8,10333,10866,11399,11003,11685,10372,9679,11541,12564
1,4,6,9,10186,10596,11005,11081,11878,11033,10153,11633,11459
1,4,6,10,9868,10297,10725,10658,11713,11215,11140,11453,11666
1,4,6,11,9584,9980,10377,10261,11133,11888,11229,11317,11444
1,4,6,12,9223,9582,9940,10008,10752,11363,10365,11216,11303
1,4,6,13,8725,9134,9543,9591,10412,10925,9817,11576,11232
1,4,6,14,8246,8681,9116,9229,9974,10624,9475,11236,11540
1,4,6,15,7716,8206,8695,8768,9521,10117,9136,10889,11202
1,4,6,16,7333,7775,8218,8370,9035,9700,8722,10581,10857
1,4,6,17,6966,7344,7721,7865,8547,9152,8292,10392,10541
1,4,6,18,6558,6990,7422,7419,8042,8704,7872,10126,10359
1,4,6,19,6201,6629,7057,7083,7517,8127,7429,9927,10089
1,4,6,20,5823,6243,6663,6781,7213,7643,6978,9721,9894
1,4,6,21,5231,5815,6398,6355,6866,7281,6487,9660,9684
1,4,6,22,4866,5460,6054,6145,6470,6968,6239,9526,9618
1,4,6,23,4337,4976,5615,5796,6199,6524,5940,9494,9461
1,4,6,24,4120,4686,5252,5381,5881,6327,5588,9565,9430
1,4,6,25,2750,3061,3372,3451,3638,3957,3791,8894,8923
1,5,6,1,8562,7628,6694,6333,3461,4844,6326,11499,6140
1,5,6,2,3916,6767,9618,5554,7673,2131,6504,12684,11597
1,5,6,3,6664,7567,8469,10054,8955,6765,3713,14530,12737
1,5,6,4,9482,8502,7523,8147,10573,8358,6749,12661,14760
1,5,6,5,10918,9618,8318,7502,9878,9820,8425,12765,12520
1,5,6,6,9832,10746,11659,8827,9564,9340,9800,13884,12804
1,5,6,7,9669,10770,11871,11520,10010,9036,9029,12003,13894
1,5,6,8,9450,10399,11347,11401,11796,9350,8725,10853,12041
1,5,6,9,9233,10136,11038,10781,11638,11215,9281,10768,10864
1,5,6,10,9020,9857,10694,10473,10886,11079,10684,10832,10786
1,5,6,11,8628,9486,10345,10080,10465,10114,10502,11277,10820
1,5,6,12,8227,9114,10002,9757,10004,9689,10006,11224,11269
1,5,6,13,7708,8647,9587,9435,9629,9241,9532,11277,11227
1,5,6,14,7380,8245,9110,9032,9252,8891,9082,11062,11247
1,5,6,15,6928,7768,8607,8574,8822,8532,8703,10692,11031
1,5,6,16,6589,7398,8207,8096,8331,8123,8347,10321,10664
1,5,6,17,6383,7072,7760,7720,7857,7677,7938,10170,10283
1,5,6,18,6019,6725,7431,7286,7479,7250,7500,9859,10142
1,5,6,19,5786,6470,7155,6988,7041,6899,7066,9642,9828
1,5,6,20,5454,6143,6831,6753,6747,6486,6739,9376,9607
1,5,6,21,5050,5821,6592,6449,6523,6217,6310,9355,9341
1,5,6,22,4701,5493,6286,6217,6226,6019,6072,9223,9312
1,5,6,23,4399,5137,5875,5942,6004,5735,5872,9187,9157
1,5,6,24,4054,4812,5571,5514,5729,5565,5590,9320,9126
1,5,6,25,2675,3164,3653,3727,3789,3738,3997,8676,8700
1,6,6,1,7349,6996,6642,4195,5641,4478,6586,12151,7169
1,6,6,2,5093,7778,10462,7835,4379,6708,6287,14187,12196
1,6,6,3,7663,8461,9260,12326,8392,8064,6225,14707,14060
1,6,6,4,10764,9563,8362,9998,10911,8738,7710,15645,15447
1,6,6,5,11893,10507,9121,8679,10081,10345,8817,14209,14809
1,6,6,6,11150,11843,12536,9530,10267,10773,10851,14696,14017
1,6,6,7,10955,12134,13314,12616,10225,9964,9767,13052,14587
1,6,6,8,10663,10868,11072,12676,12341,10091,9966,11907,13058
1,6,6,9,10389,10560,10730,11529,12711,11743,9852,11988,11943
1,6,6,10,9983,10165,10347,11137,12039,12075,11846,11863,11945
1,6,6,11,9522,9748,9974,10671,11486,11764,12221,11862,11761
1,6,6,12,9094,9323,9552,10337,10957,11253,10535,11935,11788
1,6,6,13,8457,8798,9139,9874,10545,10683,10024,11651,11880
1,6,6,14,7979,8306,8632,9448,10043,10260,9509,11373,11593
1,6,6,15,7503,7817,8130,8922,9549,9770,9108,11010,11318
1,6,6,16,7097,7383,7669,8391,8973,9265,8665,10670,10960
1,6,6,17,6825,7039,7253,7914,8443,8731,8217,10473,10615
1,6,6,18,6369,6639,6909,7471,7972,8222,7723,10204,10424
1,6,6,19,6056,6351,6646,7126,7508,7773,7270,9992,10157
1,6,6,20,5685,5965,6245,6836,7165,7324,6864,9746,9939
1,6,6,21,5261,5610,5958,6464,6878,6977,6460,9731,9696
1,6,6,22,4824,5238,5653,6168,6523,6730,6180,9618,9679
1,6,6,23,4437,4853,5269,5871,6241,6365,5975,9595,9546
1,6,6,24,4053,4481,4909,5447,5853,6104,5644,9668,9526
1,6,6,25,2671,2873,3075,3434,3616,3775,3726,9115,9135
1,7,6,1,5623,5849,6076,4387,4600,4860,5640,11890,6536
1,7,6,2,6341,8281,10222,7689,4937,2711,7801,13402,12021
1,7,6,3,7823,7557,7291,10688,8712,6537,4289,14244,13394
1,7,6,4,10479,8881,7283,7827,9852,8608,7056,14857,14443
1,7,6,5,11457,9779,8101,7311,8588,9407,8767,13283,14213
1,7,6,6,10203,10837,11471,9063,8839,8876,10265,14017,13353
1,7,6,7,10022,10890,11758,11343,9742,8650,9000,12325,14075
1,7,6,8,9754,10502,11250,11536,11415,9598,8526,10921,12316
1,7,6,9,9592,10247,10902,10691,11467,10793,9248,10800,10940
1,7,6,10,9219,9877,10535,10344,10676,11117,10826,10997,10763
1,7,6,11,8741,9442,10143,9834,10184,9826,10444,11366,11027
1,7,6,12,8402,9075,9749,9576,9698,9390,8890,11366,11302
1,7,6,13,7766,8540,9314,9191,9373,8899,8420,11467,11412
1,7,6,14,7339,8110,8882,8767,8961,8587,7973,11209,11438
1,7,6,15,6811,7574,8338,8363,8541,8232,7682,10827,11184
1,7,6,16,6505,7179,7854,7859,8088,7821,7349,10486,10804
1,7,6,17,6252,6806,7360,7407,7591,7424,6996,10307,10460
1,7,6,18,5838,6466,7094,6921,7154,6962,6622,10024,10287
1,7,6,19,5571,6191,6811,6682,6664,6579,6205,9847,10007
1,7,6,20,5209,5821,6433,6437,6464,6127,5872,9538,9834
1,7,6,21,4757,5469,6181,6055,6221,5906,5463,9515,9524
1,7,6,22,4405,5126,5846,5818,5854,5711,5259,9355,9489
1,7,6,23,4048,4734,5420,5532,5637,5381,5099,9373,9308
1,7,6,24,3748,4431,5114,5094,5333,5210,4818,9454,9333
1,7,6,25,2502,2961,3419,3489,3544,3505,3450,8764,8833
1,8,6,1,6962,6541,6120,6032,5122,4524,6353,11785,6784
1,8,6,2,7366,9498,11631,6032,5630,3392,4080,12664,11897
1,8,6,3,8584,8896,9208,10489,8120,7129,5051,13177,12710
1,8,6,4,10345,9289,8234,8611,10473,8324,7143,13433,13486
1,8,6,5,10588,9591,8594,7913,10239,10037,8258,13031,13418
1,8,6,6,10897,11457,12017,9307,9327,9813,10253,13299,13175
1,8,6,7,10777,11135,11493,11462,10105,8971,9699,11886,13330
1,8,6,8,10425,10924,11424,11116,11442,9781,8776,10716,11926
1,8,6,9,10215,10679,11143,10834,11192,11138,9247,10829,10738
1,8,6,10,10011,10380,10748,10578,10953,11220,10647,10831,10868
1,8,6,11,9652,10038,10424,10176,10611,10554,10741,10888,10857
1,8,6,12,9365,9759,10153,9916,10199,10273,10155,10693,10905
1,8,6,13,8862,9342,9823,9650,9869,9812,9845,10984,10723
1,8,6,14,8542,9001,9459,9358,9551,9513,9430,10763,11039
1,8,6,15,8099,8559,9018,9016,9229,9226,9121,10379,10819
1,8,6,16,7759,8202,8645,8578,8831,8886,8817,10052,10437
1,8,6,17,7483,7866,8249,8218,8362,8512,8483,9919,10105
1,8,6,18,7063,7501,7940,7845,8007,8050,8125,9631,9976
1,8,6,19,6826,7239,7652,7529,7640,7693,7683,9450,9680
1,8,6,20,6484,6896,7307,7280,7309,7342,7329,9218,9494
1,8,6,21,6027,6554,7082,6941,7066,7025,6988,9204,9262
1,8,6,22,5559,6163,6767,6746,6711,6790,6713,9123,9239
1,8,6,23,5125,5732,6338,6438,6546,6426,6471,9103,9138
1,8,6,24,4803,5390,5978,6059,6249,6273,6157,9199,9118
1,8,6,25,3258,3659,4060,4167,4272,4382,4591,8879,8950
1,9,6,1,9875,8097,6319,6608,5244,6551,6036,15064,9567
1,9,6,2,5163,7647,10130,6282,6226,3515,8654,12664,15065
1,9,6,3,8801,9583,10365,10028,8836,6481,6450,14737,12679
1,9,6,4,9837,9101,8366,8954,9893,8097,7691,14573,14676
1,9,6,5,10386,9790,9194,7699,10697,9563,8461,14168,14614
1,9,6,6,10314,11429,12543,9918,9988,10272,10717,14082,14185
1,9,6,7,10217,11187,12157,11967,11081,9552,10424,12524,14084
1,9,6,8,9984,10515,11047,11784,12633,10455,9698,11320,12502
1,9,6,9,9702,10267,10832,10849,12010,11735,10265,11003,11315
1,9,6,10,9619,10075,10531,10636,10590,11415,11542,10961,10978
1,9,6,11,9257,9716,10176,10251,10276,10091,11180,11299,10945
1,9,6,12,9005,9514,10022,9990,9894,9872,10122,11185,11296
1,9,6,13,8558,9104,9651,9824,9587,9460,9835,11445,11192
1,9,6,14,8300,8825,9350,9483,9391,9196,9443,11328,11483
1,9,6,15,7897,8402,8906,9155,9017,8977,9127,10950,11368
1,9,6,16,7587,8102,8616,8748,8704,8633,8923,10631,10990
1,9,6,17,7317,7769,8220,8450,8263,8274,8543,10599,10670
1,9,6,18,6935,7449,7963,8061,7968,7869,8200,10225,10644
1,9,6,19,6702,7177,7652,7796,7587,7565,7795,10070,10263
1,9,6,20,6339,6849,7359,7503,7329,7210,7487,9832,10109
1,9,6,21,5867,6504,7142,7214,7034,6954,7115,9805,9870
1,9,6,22,5487,6160,6834,7005,6764,6703,6876,9724,9837
1,9,6,23,5159,5800,6440,6687,6589,6435,6598,9703,9749
1,9,6,24,4870,5488,6107,6304,6289,6249,6355,9837,9718
1,9,6,25,3721,4235,4750,4919,4822,4861,5148,9405,9472
1,1,7,1,5853,4999,4144,6111,3822,3929,6209,15300,12195
1,1,7,2,6998,6285,5572,3228,6650,3290,3525,15376,15785
1,1,7,3,7808,8384,8960,6191,8074,7247,3643,14385,15149
1,1,7,4,9247,9455,9664,8205,8457,7918,7211,16489,14272
1,1,7,5,10385,9141,7898,8347,9177,7619,7874,14882,16562
1,1,7,6,10541,10638,10736,8068,10548,8760,8191,14925,14984
1,1,7,7,10396,10711,11026,10156,9025,10912,8677,14027,14879
1,1,7,8,10299,10540,10780,10368,10754,8107,11031,11200,14090
1,1,7,9,9949,10234,10519,10120,10775,9886,9256,11519,11241
1,1,7,10,9696,9993,10289,9873,10436,9897,10453,11343,11580
1,1,7,11,9254,9603,9952,9605,10107,9577,10413,11503,11356
1,1,7,12,8875,9251,9627,9314,9756,9277,10050,11306,11483
1,1,7,13,8342,8774,9205,8966,9374,8902,9704,10883,11289
1,1,7,14,7854,8309,8764,8590,8977,8565,9303,10757,10869
1,1,7,15,7351,7828,8305,8162,8528,8162,8869,10426,10743
1,1,7,16,6918,7379,7841,7735,8101,7762,8479,10017,10415
1,1,7,17,6531,6959,7387,7294,7640,7366,8012,9896,9990
1,1,7,18,6144,6574,7004,6862,7199,6946,7634,9556,9877
1,1,7,19,5947,6306,6666,6503,6718,6522,7196,9349,9528
1,1,7,20,5531,5943,6355,6189,6325,6062,6724,9081,9324
1,1,7,21,5120,5649,6177,5895,6057,5698,6233,9047,9053
1,1,7,22,4675,5260,5846,5740,5760,5471,5866,8840,8997
1,1,7,23,4388,4939,5489,5426,5625,5201,5643,8690,8768
1,1,7,24,4277,4675,5073,5079,5306,5051,5404,8820,8602
1,1,7,25,2938,3232,3525,3518,3682,3582,4048,7947,8008
1,2,7,1,4483,4063,3643,6275,3509,4079,5599,14600,10138
1,2,7,2,6043,6048,6053,2630,6404,2259,4246,14681,14973
1,2,7,3,8970,8847,8725,5745,7970,7417,3741,13889,14590
1,2,7,4,9575,10219,10864,8074,8641,7796,7597,15788,13757
1,2,7,5,10867,9758,8649,8328,8986,7232,7958,13872,15881
1,2,7,6,11091,10455,9819,8207,10801,8813,7447,14347,14022
1,2,7,7,10803,10395,9986,9207,9615,10977,8910,13580,14538
1,2,7,8,10636,10218,9800,9315,9673,8935,10394,11072,13662
1,2,7,9,10403,9924,9445,9120,9656,9440,9065,11336,11235
1,2,7,10,10106,9653,9200,8801,9375,9402,9166,11150,11391
1,2,7,11,9688,9323,8957,8521,8961,9108,9121,11345,11214
1,2,7,12,9260,8934,8609,8304,8594,8679,8796,11091,11353
1,2,7,13,8724,8496,8269,7968,8306,8332,8349,10669,11103
1,2,7,14,8276,8076,7876,7654,7915,8010,7993,10545,10680
1,2,7,15,7744,7601,7457,7271,7573,7627,7649,10217,10554
1,2,7,16,7317,7171,7025,6883,7154,7291,7300,9843,10222
1,2,7,17,7031,6823,6615,6486,6746,6871,6936,9717,9839
1,2,7,18,6593,6455,6316,6088,6350,6510,6565,9419,9713
1,2,7,19,6346,6187,6027,5811,5917,6124,6195,9217,9407
1,2,7,20,5991,5869,5746,5563,5653,5686,5840,8928,9203
1,2,7,21,5468,5511,5553,5284,5407,5418,5402,8865,8908
1,2,7,22,5072,5162,5252,5113,5154,5194,5115,8690,8830
1,2,7,23,4774,4852,4931,4873,4967,4911,4945,8565,8637
1,2,7,24,4481,4541,4601,4533,4771,4775,4640,8680,8503
1,2,7,25,3286,3307,3328,3292,3344,3442,3553,7769,7847
1,3,7,1,4112,4715,5318,7130,4220,4022,6343,16376,9891
1,3,7,2,3410,3296,3182,3078,6019,1900,3798,15262,16651
1,3,7,3,8026,8143,8260,5146,9514,7319,3268,14198,15309
1,3,7,4,9418,9229,9041,8194,8419,9273,7509,15481,14068
1,3,7,5,10359,9372,8385,7890,9006,7125,9242,14669,15986
1,3,7,6,10387,10065,9743,7773,10053,9600,7563,15061,14853
1,3,7,7,10067,9971,9875,9673,9234,11017,9839,14240,15144
1,3,7,8,9822,9742,9662,9751,10482,9683,10482,11374,14257
1,3,7,9,9666,9481,9296,9537,10465,9253,10115,11619,11530
1,3,7,10,9269,9138,9006,9172,10153,9222,9423,11588,11659
1,3,7,11,8861,8814,8768,8818,9664,8925,9351,11679,11605
1,3,7,12,8483,8431,8378,8622,9262,8482,9042,11407,11700
1,3,7,13,8005,8027,8048,8226,8989,8110,8532,11049,11430
1,3,7,14,7565,7609,7653,7883,8536,7858,8149,10786,11069
1,3,7,15,7044,7159,7274,7485,8136,7455,7870,10435,10810
1,3,7,16,6673,6754,6836,7096,7677,7105,7439,10114,10459
1,3,7,17,6352,6371,6391,6672,7250,6686,7086,9912,10122
1,3,7,18,5884,5994,6105,6216,6826,6316,6647,9636,9924
1,3,7,19,5589,5703,5817,5939,6311,5930,6285,9399,9641
1,3,7,20,5209,5328,5447,5665,6035,5474,5895,9155,9408
1,3,7,21,4712,4977,5243,5288,5742,5216,5393,9107,9156
1,3,7,22,4306,4624,4942,5102,5370,4989,5149,8930,9097
1,3,7,23,3935,4240,4545,4808,5179,4657,4944,8855,8887
1,3,7,24,3633,3932,4231,4415,4891,4485,4612,8910,8817
1,3,7,25,2488,2676,2864,3009,3252,3031,3300,8013,8103
1,4,7,1,5239,5006,4772,6182,3634,4135,6284,15852,9790
1,4,7,2,2416,3379,4342,3962,5155,2128,3644,15459,16441
1,4,7,3,4979,6485,7990,6387,8403,7198,3410,14494,15557
1,4,7,4,7034,8041,9047,8672,9339,7717,7090,16549,14473
1,4,7,5,7798,7424,7049,9154,9151,7656,8084,15134,16793
1,4,7,6,7821,8819,9817,7760,10708,9322,7579,14942,15286
1,4,7,7,7609,8759,9909,10089,9798,9326,9269,14112,15049
1,4,7,8,7424,8590,9756,10145,10592,8665,9608,11451,14171
1,4,7,9,7318,8368,9419,9972,10570,9706,8363,11886,11612
1,4,7,10,7090,8135,9179,9591,10282,9661,8856,11770,11894
1,4,7,11,6886,7883,8881,9234,9772,9388,8785,11927,11781
1,4,7,12,6627,7567,8507,9006,9438,8974,8525,11657,11947
1,4,7,13,6269,7218,8167,8632,9139,8628,8075,11303,11681
1,4,7,14,5924,6863,7802,8305,8755,8390,7793,10971,11325
1,4,7,15,5544,6493,7442,7891,8358,7990,7514,10632,10993
1,4,7,16,5268,6151,7033,7532,7931,7660,7174,10332,10655
1,4,7,17,5005,5807,6608,7078,7503,7228,6820,10147,10345
1,4,7,18,4712,5532,6352,6676,7059,6874,6475,9887,10166
1,4,7,19,4455,5248,6040,6374,6598,6418,6110,9693,9901
1,4,7,20,4184,4943,5702,6103,6332,6036,5739,9492,9710
1,4,7,21,3758,4617,5476,5719,6027,5750,5335,9433,9503
1,4,7,22,3496,4339,5181,5530,5680,5503,5131,9302,9439
1,4,7,23,3116,3960,4805,5216,5441,5152,4886,9271,9285
1,4,7,24,2960,3728,4495,4843,5162,4996,4596,9340,9255
1,4,7,25,1976,2431,2886,3105,3193,3125,3118,8684,8757
1,5,7,1,4589,4457,4325,6358,3939,4410,5699,15370,9798
1,5,7,2,5928,5189,4451,3705,5779,1741,5404,14768,15739
1,5,7,3,7182,7559,7936,5854,7648,7812,3396,14408,14844
1,5,7,4,8495,8933,9370,7576,8914,7847,7822,15366,14396
1,5,7,5,9258,8712,8165,7564,8368,7762,8186,14095,15979
1,5,7,6,9356,9360,9363,7485,9707,9282,8036,14818,14201
1,5,7,7,9201,9363,9525,8567,9336,9726,9119,13811,14986
1,5,7,8,8993,9168,9343,8677,9524,8794,9371,11606,13846
1,5,7,9,8787,8937,9088,8505,9508,9213,8924,11767,11684
1,5,7,10,8584,8694,8805,8262,9241,9171,9367,11600,11835
1,5,7,11,8211,8364,8517,7953,8885,8893,9280,11759,11610
1,5,7,12,7829,8032,8235,7698,8493,8519,8987,11500,11687
1,5,7,13,7335,7614,7893,7444,8175,8125,8561,11131,11436
1,5,7,14,7023,7262,7501,7125,7855,7817,8158,10919,11068
1,5,7,15,6593,6840,7087,6764,7490,7501,7817,10554,10856
1,5,7,16,6270,6514,6757,6387,7072,7142,7497,10187,10494
1,5,7,17,6075,6232,6389,6090,6671,6750,7130,10038,10120
1,5,7,18,5728,5923,6119,5748,6349,6375,6736,9732,9981
1,5,7,19,5506,5698,5891,5513,5978,6066,6347,9517,9672
1,5,7,20,5190,5407,5624,5328,5728,5703,6053,9255,9454
1,5,7,21,4806,5116,5427,5088,5537,5466,5667,9234,9193
1,5,7,22,4474,4825,5175,4905,5285,5292,5454,9104,9164
1,5,7,23,4186,4512,4837,4688,5097,5042,5275,9068,9011
1,5,7,24,3858,4222,4587,4350,4864,4892,5021,9199,8980
1,5,7,25,2546,2777,3008,2940,3216,3287,3590,8564,8562
1,6,7,1,2996,3536,4076,5591,3736,4320,6048,16887,11318
1,6,7,2,8113,6729,5344,2023,5865,2181,5444,16264,16870
1,6,7,3,7465,8705,9944,6662,9447,9115,4134,15371,16083
1,6,7,4,8830,8979,9127,8620,9184,7917,8630,17209,15191
1,6,7,5,9548,8935,8321,8394,10051,7744,7399,15418,17418
1,6,7,6,9627,9944,10261,8987,10995,9336,9200,15925,15452
1,6,7,7,9459,9920,10381,9102,11033,9062,10123,14942,15672
1,6,7,8,9207,9699,10192,9156,10511,9313,9541,12424,14713
1,6,7,9,8970,9424,9877,8963,10444,9494,10145,12517,12408
1,6,7,10,8620,9072,9525,8659,10134,9400,9427,12428,12467
1,6,7,11,8222,8701,9181,8296,9668,9103,9294,12476,12354
1,6,7,12,7852,8322,8793,8036,9223,8708,8969,12166,12376
1,6,7,13,7302,7857,8413,7676,8876,8266,8534,11784,12079
1,6,7,14,6889,7418,7946,7345,8454,7939,8096,11503,11695
1,6,7,15,6479,6981,7484,6936,8038,7560,7754,11136,11418
1,6,7,16,6128,6593,7059,6524,7553,7169,7377,10791,11057
1,6,7,17,5893,6284,6676,6153,7107,6756,6996,10593,10708
1,6,7,18,5499,5929,6360,5808,6710,6362,6576,10320,10516
1,6,7,19,5229,5673,6118,5540,6319,6014,6189,10106,10247
1,6,7,20,4909,5328,5748,5315,6031,5667,5844,9858,10026
1,6,7,21,4543,5013,5484,5026,5790,5399,5500,9842,9781
1,6,7,22,4165,4684,5203,4795,5490,5208,5262,9727,9764
1,6,7,23,3831,4340,4850,4564,5253,4925,5087,9704,9630
1,6,7,24,3500,4009,4518,4235,4926,4723,4805,9779,9610
1,6,7,25,2306,2568,2831,2670,3043,2921,3172,9219,9215
1,7,7,1,5262,4429,3597,6738,2962,3997,4774,16736,11595
1,7,7,2,5796,6410,7025,3397,7165,2171,5732,15761,17019
1,7,7,3,7590,8476,9362,6755,7870,7760,4406,15262,15685
1,7,7,4,8286,8926,9566,7738,9322,7321,8014,15664,15418
1,7,7,5,8796,8671,8545,7588,9015,7886,8187,14163,15606
1,7,7,6,8763,8968,9173,7721,10631,9054,8296,15197,14205
1,7,7,7,8607,8929,9251,8739,9387,9511,9654,13879,15138
1,7,7,8,8377,8712,9048,8791,10174,8741,10144,11926,13900
1,7,7,9,8238,8503,8769,8578,10097,9449,8377,12090,11965
1,7,7,10,7917,8195,8473,8300,9776,9343,9517,11837,12134
1,7,7,11,7507,7832,8157,7891,9325,9042,9395,11791,11812
1,7,7,12,7216,7528,7841,7684,8880,8641,9076,11497,11793
1,7,7,13,6670,7080,7491,7375,8582,8188,8596,11143,11508
1,7,7,14,6303,6723,7144,7035,8205,7901,8139,10893,11157
1,7,7,15,5850,6278,6706,6710,7821,7575,7843,10521,10909
1,7,7,16,5587,5951,6316,6306,7405,7196,7502,10190,10539
1,7,7,17,5369,5644,5919,5943,6951,6831,7142,10016,10203
1,7,7,18,5014,5360,5705,5553,6551,6407,6761,9741,10034
1,7,7,19,4785,5131,5478,5361,6102,6054,6334,9569,9762
1,7,7,20,4474,4824,5174,5165,5919,5638,5994,9269,9593
1,7,7,21,4086,4528,4971,4858,5696,5434,5577,9246,9290
1,7,7,22,3783,4243,4702,4668,5360,5256,5369,9091,9256
1,7,7,23,3477,3918,4359,4438,5162,4952,5205,9108,9080
1,7,7,24,3219,3666,4113,4088,4884,4794,4918,9186,9104
1,7,7,25,2149,2449,2750,2800,3245,3226,3522,8516,8616
1,8,7,1,4652,4906,5161,5901,4127,4377,6081,15114,12594
1,8,7,2,9179,7222,5265,6542,5764,3055,4038,14926,15660
1,8,7,3,7422,8087,8753,7225,9638,7191,4077,14398,14954
1,8,7,4,9675,9617,9558,8024,9695,8864,7549,15890,14404
1,8,7,5,10251,9126,8001,8145,9379,8423,8369,14888,16287
1,8,7,6,10014,9814,9615,7683,10065,9374,8632,14471,14805
1,8,7,7,9903,9802,9700,9712,8909,9620,9204,13408,14635
1,8,7,8,9580,9481,9381,9778,9923,8791,9724,11487,13490
1,8,7,9,9387,9269,9151,9447,9889,9720,8846,11710,11613
1,8,7,10,9200,9013,8826,9224,9514,9691,9323,11494,11736
1,8,7,11,8870,8715,8561,8873,9218,9303,9265,11626,11525
1,8,7,12,8606,8472,8338,8646,8860,9056,8894,11361,11640
1,8,7,13,8143,8105,8067,8415,8573,8649,8623,10953,11381
1,8,7,14,7850,7809,7768,8160,8297,8385,8259,10733,10973
1,8,7,15,7443,7424,7406,7861,8017,8133,7988,10350,10754
1,8,7,16,7130,7115,7100,7480,7671,7833,7722,10023,10375
1,8,7,17,6876,6825,6774,7166,7264,7503,7430,9891,10045
1,8,7,18,6491,6505,6520,6841,6956,7096,7116,9604,9916
1,8,7,19,6273,6278,6284,6565,6637,6781,6729,9424,9622
1,8,7,20,5959,5980,6000,6348,6350,6472,6419,9192,9437
1,8,7,21,5538,5677,5816,6053,6138,6192,6121,9178,9207
1,8,7,22,5109,5333,5557,5882,5830,5985,5879,9097,9184
1,8,7,23,4710,4957,5205,5614,5686,5664,5668,9077,9083
1,8,7,24,4413,4661,4909,5283,5428,5529,5393,9173,9064
1,8,7,25,2994,3164,3334,3634,3711,3863,4021,8854,8897
1,9,7,1,4764,4576,4389,6148,3817,4020,5878,16031,11296
1,9,7,2,7320,7120,6919,4359,6730,2208,5278,15491,16047
1,9,7,3,8418,8855,9292,7646,8444,7643,3939,14754,15388
1,9,7,4,10008,9794,9580,8274,9543,7748,7245,16034,14671
1,9,7,5,10841,9710,8578,7813,8942,7845,7536,13960,16256
1,9,7,6,10812,10554,10296,8199,9815,9489,8697,14596,14019
1,9,7,7,10710,10556,10402,9758,9822,9910,9696,13526,14619
1,9,7,8,10466,10295,10125,9825,10633,9345,9720,11917,13537
1,9,7,9,10169,10049,9928,9567,10549,10138,9321,11629,11964
1,9,7,10,10083,9868,9652,9379,10208,10131,9988,11480,11645
1,9,7,11,9703,9515,9326,9039,9905,9734,9908,11653,11491
1,9,7,12,9439,9313,9186,8810,9537,9523,9568,11416,11676
1,9,7,13,8970,8908,8845,8663,9241,9125,9297,10977,11444
1,9,7,14,8700,8635,8569,8362,9051,8871,8926,10864,11005
1,9,7,15,8278,8220,8163,8073,8691,8659,8627,10502,10895
1,9,7,16,7953,7925,7897,7714,8389,8327,8435,10196,10532
1,9,7,17,7670,7602,7534,7452,7964,7981,8075,10165,10225
1,9,7,18,7269,7284,7298,7109,7680,7590,7751,9806,10200
1,9,7,19,7026,7020,7014,6875,7313,7297,7368,9658,9836
1,9,7,20,6645,6695,6745,6617,7064,6955,7077,9429,9688
1,9,7,21,6150,6348,6546,6362,6780,6708,6726,9404,9459
1,9,7,22,5751,6007,6263,6178,6520,6466,6499,9326,9427
1,9,7,23,5408,5655,5902,5896,6351,6207,6237,9306,9343
1,9,7,24,5105,5351,5597,5559,6062,6028,6007,9434,9313
1,9,7,25,3900,4127,4354,4338,4648,4689,4866,9020,9077
1,1,15,1,5831,4607,3383,5043,4434,5049,5879,10568,10702
1,1,15,2,10394,6851,3307,5471,7677,6354,7755,13573,10586
1,1,15,3,9778,9720,9662,5431,7964,7824,8242,13545,13832
1,1,15,4,9255,9451,9647,8569,8670,7864,8362,13459,13696
1,1,15,5,6328,7928,9529,8791,9174,7873,8498,12501,13539
1,1,15,6,3933,7411,10889,8830,10039,9046,9240,13587,12540
1,1,15,7,3879,6017,8154,10334,10509,9744,8698,11405,13627
1,1,15,8,3843,3409,2976,7397,10667,9656,9660,11426,11504
1,1,15,9,3712,3308,2904,2433,7544,9746,10523,11586,11490
1,1,15,10,3618,3229,2840,2373,3266,7856,10489,11350,11605
1,1,15,11,3453,3100,2747,2309,3163,2156,8335,11503,11381
1,1,15,12,3312,2985,2657,2239,3053,2088,1939,11422,11483
1,1,15,13,3113,2827,2541,2155,2934,2004,1872,8372,11401
1,1,15,14,2931,2675,2419,2065,2810,1928,1794,8276,8414
1,1,15,15,2743,2518,2292,1962,2669,1837,1711,8021,8317
1,1,15,16,2581,2373,2164,1859,2535,1747,1635,7706,8062
1,1,15,17,2437,2238,2039,1753,2391,1658,1545,7614,7734
1,1,15,18,2293,2113,1933,1649,2253,1563,1473,7352,7646
1,1,15,19,2219,2029,1840,1563,2102,1468,1388,7193,7376
1,1,15,20,2064,1909,1754,1488,1980,1364,1297,6986,7218
1,1,15,21,1911,1808,1705,1417,1896,1282,1202,6960,7008
1,1,15,22,1744,1679,1614,1380,1803,1231,1132,6801,6964
1,1,15,23,1637,1576,1515,1304,1760,1171,1089,6685,6787
1,1,15,24,1596,1498,1400,1221,1661,1137,1042,6785,6659
1,1,15,25,1096,1035,973,846,1152,806,781,6114,6199
1,2,15,1,4805,3979,3153,3489,3894,5124,6085,10544,11385
1,2,15,2,6950,5588,4227,6494,6917,6286,7504,13332,10662
1,2,15,3,9596,9228,8860,6374,7558,7864,8171,13250,13695
1,2,15,4,9468,10000,10532,8562,8441,7630,7992,12733,13434
1,2,15,5,6882,8047,9212,8624,8457,7541,8223,11704,12836
1,2,15,6,3183,6550,9916,9432,10040,8380,8401,13181,11823
1,2,15,7,3101,5894,8686,9671,10008,10056,8796,11124,13318
1,2,15,8,3052,3036,3019,8998,9618,9276,8948,11291,11388
1,2,15,9,2986,2948,2910,3194,9711,9309,9481,11317,11451
1,2,15,10,2901,2867,2834,3082,3567,9292,9112,11228,11404
1,2,15,11,2781,2770,2759,2984,3409,1855,8402,11345,11280
1,2,15,12,2658,2655,2652,2908,3270,1768,2012,11417,11353
1,2,15,13,2504,2526,2547,2791,3160,1697,1910,8911,11486
1,2,15,14,2375,2401,2426,2681,3011,1632,1828,8808,9130
1,2,15,15,2223,2260,2297,2547,2881,1554,1750,8533,9022
1,2,15,16,2100,2132,2164,2411,2722,1485,1670,8221,8738
1,2,15,17,2018,2028,2038,2272,2566,1400,1587,8116,8410
1,2,15,18,1892,1919,1946,2132,2416,1326,1502,7867,8303
1,2,15,19,1821,1839,1857,2035,2251,1247,1417,7698,8041
1,2,15,20,1720,1745,1770,1948,2151,1158,1336,7456,7867
1,2,15,21,1569,1640,1711,1851,2057,1104,1236,7404,7614
1,2,15,22,1456,1537,1618,1791,1961,1058,1170,7258,7548
1,2,15,23,1370,1445,1519,1707,1890,1000,1131,7153,7383
1,2,15,24,1286,1352,1418,1588,1815,973,1061,7249,7268
1,2,15,25,943,984,1025,1153,1272,701,813,6489,6708
1,3,15,1,3916,3787,3658,3668,4353,5105,5523,10995,11130
1,3,15,2,8383,5224,2065,5064,6427,6238,7850,13979,11151
1,3,15,3,9570,9202,8835,5747,7406,8335,8620,13917,14406
1,3,15,4,9483,9700,9916,9127,8768,8229,8952,13771,14057
1,3,15,5,8095,8948,9802,8961,8780,7470,9106,12267,13924
1,3,15,6,3873,6974,10075,10187,10333,8901,9477,13759,12394
1,3,15,7,3754,6073,8393,10250,10222,9714,9639,11522,13832
1,3,15,8,3662,3296,2930,9722,10463,9499,9895,11557,11749
1,3,15,9,3605,3212,2819,2632,8287,9118,9505,11700,11687
1,3,15,10,3456,3094,2731,2532,3394,8279,9514,11588,11747
1,3,15,11,3304,2982,2659,2434,3231,2177,7988,11679,11620
1,3,15,12,3163,2852,2541,2380,3096,2069,2018,11794,11700
1,3,15,13,2985,2713,2441,2270,3005,1979,1904,9055,11814
1,3,15,14,2821,2571,2321,2176,2854,1917,1819,8840,9004
1,3,15,15,2626,2416,2206,2066,2720,1819,1756,8552,8793
1,3,15,16,2488,2281,2073,1959,2566,1733,1660,8289,8507
1,3,15,17,2368,2153,1938,1842,2424,1631,1581,8123,8233
1,3,15,18,2194,2023,1851,1716,2282,1541,1483,7897,8072
1,3,15,19,2084,1924,1764,1639,2110,1447,1403,7702,7842
1,3,15,20,1942,1797,1652,1564,2018,1335,1315,7503,7653
1,3,15,21,1757,1674,1590,1460,1920,1273,1204,7463,7447
1,3,15,22,1606,1552,1499,1408,1795,1217,1149,7319,7400
1,3,15,23,1467,1423,1378,1327,1732,1136,1103,7257,7229
1,3,15,24,1355,1319,1283,1219,1635,1094,1029,7302,7172
1,3,15,25,928,898,868,831,1087,740,737,6566,6592
1,4,15,1,5395,4698,4001,4242,4611,5092,6207,10801,10269
1,4,15,2,5659,4638,3617,6005,7769,7067,7505,13837,10942
1,4,15,3,7678,8018,8358,6752,8503,8518,8887,13879,14481
1,4,15,4,6982,8511,10040,8913,9173,8618,8915,13778,14149
1,4,15,5,6782,7751,8720,9166,8845,8307,9258,12408,13918
1,4,15,6,6802,8387,9971,9654,9621,8969,8912,14011,12517
1,4,15,7,6618,7907,9196,10412,11117,9386,9035,11650,14060
1,4,15,8,6457,7755,9053,8957,10453,10108,9340,11659,11800
1,4,15,9,6365,7553,8740,8804,9257,9586,9049,12030,11799
1,4,15,10,6166,7342,8518,8468,9004,8212,8865,11885,12047
1,4,15,11,5988,7115,8241,8153,8558,1851,7610,11927,11854
1,4,15,12,5763,6829,7895,7951,8265,1769,1835,11953,11947
1,4,15,13,5452,6516,7579,7620,8004,1701,1738,7635,11978
1,4,15,14,5152,6196,7240,7332,7667,1654,1677,7410,11613
1,4,15,15,4821,5864,6906,6966,7319,1575,1617,7182,11273
1,4,15,16,4582,5554,6527,6650,6945,1510,1544,6978,10927
1,4,15,17,4353,5243,6132,6249,6570,1425,1468,6854,10608
1,4,15,18,4098,4996,5895,5894,6182,1355,1394,6678,10425
1,4,15,19,3875,4740,5605,5627,5778,1265,1315,6547,10153
1,4,15,20,3639,4465,5292,5388,5545,1190,1235,6411,9957
1,4,15,21,3269,4175,5082,5049,5278,1133,1148,6371,9745
1,4,15,22,3041,3924,4808,4882,4974,1085,1104,6283,9679
1,4,15,23,2710,3585,4459,4605,4765,1016,1052,6262,9522
1,4,15,24,2574,3373,4171,4275,4521,985,989,6309,9491
1,4,15,25,1718,2198,2678,2742,2796,616,671,5866,8980
1,5,15,1,4290,4137,3984,4119,4842,5915,6070,11121,11443
1,5,15,2,6651,4846,3041,5677,6829,6092,7169,13886,11342
1,5,15,3,9291,8670,8049,5590,7557,7483,8387,13971,14415
1,5,15,4,8595,8901,9206,8267,8736,7639,8563,13490,14159
1,5,15,5,6932,7922,8911,8201,8341,7693,8349,12380,13579
1,5,15,6,3623,6527,9432,8890,9399,8721,8517,13908,12455
1,5,15,7,3563,6176,8789,8940,9124,8943,8884,11556,13968
1,5,15,8,3482,2887,2293,8884,9394,8691,8954,11722,11704
1,5,15,9,3402,2816,2230,2008,9144,9025,9121,11759,11847
1,5,15,10,3324,2742,2161,1950,2263,8425,9326,11668,11838
1,5,15,11,3179,2635,2090,1877,2176,1673,8693,11759,11681
1,5,15,12,3031,2526,2021,1817,2080,1603,1921,11572,11687
1,5,15,13,2840,2389,1937,1757,2002,1529,1830,8561,11597
1,5,15,14,2719,2280,1841,1682,1923,1471,1744,8398,8600
1,5,15,15,2553,2146,1739,1597,1834,1412,1671,8117,8435
1,5,15,16,2428,2043,1658,1508,1732,1344,1603,7835,8154
1,5,15,17,2352,1960,1568,1438,1633,1270,1524,7721,7863
1,5,15,18,2218,1860,1502,1357,1555,1200,1440,7485,7755
1,5,15,19,2132,1789,1446,1301,1464,1141,1357,7320,7515
1,5,15,20,2010,1695,1380,1258,1403,1073,1294,7118,7346
1,5,15,21,1861,1596,1332,1201,1356,1029,1211,7102,7143
1,5,15,22,1732,1501,1270,1158,1294,996,1166,7002,7121
1,5,15,23,1621,1404,1187,1107,1248,949,1128,6974,7002
1,5,15,24,1494,1310,1126,1027,1191,921,1073,7075,6978
1,5,15,25,986,862,738,694,788,618,767,6587,6653
1,6,15,1,3882,3149,2415,3887,4127,5986,6276,11815,12071
1,6,15,2,7943,6126,4308,5195,9167,6407,7764,14770,11881
1,6,15,3,9680,9868,10056,5844,9766,8807,9141,14820,15168
1,6,15,4,8534,10118,11702,8852,8801,8438,9238,14509,14777
1,6,15,5,7862,9099,10335,8721,9176,7818,9524,13306,14429
1,6,15,6,4558,7576,10593,9874,10725,8710,8484,14971,13250
1,6,15,7,4478,6947,9416,9386,11467,9273,9428,12398,14896
1,6,15,8,4359,3847,3335,8834,10455,9558,8757,12311,12404
1,6,15,9,4247,3740,3232,2890,9653,9286,10305,12427,12337
1,6,15,10,4081,3599,3117,2792,3832,8528,9402,12596,12322
1,6,15,11,3892,3448,3004,2675,3656,2302,8568,12476,12474
1,6,15,12,3717,3297,2877,2591,3488,2203,2028,12240,12376
1,6,15,13,3457,3105,2753,2475,3356,2091,1930,9061,11821
1,6,15,14,3262,2931,2600,2369,3197,2008,1831,8844,9130
1,6,15,15,3067,2758,2449,2237,3040,1912,1753,8562,8913
1,6,15,16,2901,2606,2310,2104,2856,1813,1668,8297,8631
1,6,15,17,2790,2487,2185,1984,2687,1709,1582,8145,8359
1,6,15,18,2603,2342,2081,1873,2538,1609,1487,7935,8209
1,6,15,19,2476,2239,2002,1786,2390,1521,1399,7770,7999
1,6,15,20,2324,2103,1881,1714,2281,1433,1321,7579,7827
1,6,15,21,2151,1973,1795,1621,2189,1366,1244,7568,7636
1,6,15,22,1972,1837,1703,1546,2076,1317,1190,7479,7622
1,6,15,23,1814,1700,1587,1472,1986,1246,1150,7462,7517
1,6,15,24,1657,1568,1479,1366,1863,1195,1087,7519,7502
1,6,15,25,1092,1009,926,861,1151,739,717,7088,7194
1,7,15,1,5755,4772,3789,4031,5229,5468,5837,12280,12772
1,7,15,2,5692,5091,4490,6393,5973,5773,7238,14955,12433
1,7,15,3,8982,8576,8170,6206,6801,7182,8131,14753,15364
1,7,15,4,8121,8611,9100,8332,8242,7801,8339,13950,14810
1,7,15,5,7078,7983,8887,8325,8235,7760,8484,12618,13964
1,7,15,6,3174,6154,9135,8813,9066,8606,8459,14198,12652
1,7,15,7,3117,5897,8677,9190,9143,9061,9115,11968,14258
1,7,15,8,3034,2985,2937,9773,9850,9243,9224,12003,12172
1,7,15,9,2984,2915,2846,3163,9067,9265,9173,11981,12074
1,7,15,10,2867,2809,2750,3060,3346,8459,9399,11818,12006
1,7,15,11,2719,2683,2648,2910,3192,3665,8065,11791,11815
1,7,15,12,2613,2579,2545,2833,3040,3503,751,11922,11793
1,7,15,13,2416,2424,2432,2719,2938,3319,711,8906,11961
1,7,15,14,2283,2301,2319,2594,2809,3203,673,8706,9044
1,7,15,15,2119,2148,2177,2474,2677,3070,649,8409,8843
1,7,15,16,2023,2037,2050,2325,2535,2917,621,8144,8542
1,7,15,17,1944,1933,1922,2191,2379,2769,591,8005,8271
1,7,15,18,1816,1834,1852,2048,2242,2597,559,7785,8133
1,7,15,19,1733,1756,1778,1977,2089,2454,524,7648,7912
1,7,15,20,1620,1650,1679,1904,2026,2285,496,7408,7776
1,7,15,21,1480,1547,1614,1791,1950,2203,461,7390,7530
1,7,15,22,1370,1448,1526,1721,1835,2130,444,7266,7502
1,7,15,23,1259,1337,1415,1637,1767,2007,431,7280,7360
1,7,15,24,1166,1250,1335,1507,1672,1943,407,7342,7379
1,7,15,25,778,835,893,1032,1111,1307,291,6806,6984
1,8,15,1,4766,4821,4876,4316,5149,5921,6569,10695,11164
1,8,15,2,9939,6206,2473,6145,7070,6508,7588,13586,10954
1,8,15,3,8597,8447,8296,6264,7868,8239,8363,13561,14135
1,8,15,4,9637,9517,9397,8452,9073,7909,8567,13218,13753
1,8,15,5,8140,8600,9060,8631,9255,8029,8624,12156,13384
1,8,15,6,3094,6383,9672,9041,9668,8714,8355,13757,12237
1,8,15,7,3060,5730,8401,9976,9567,9230,8695,11543,13845
1,8,15,8,2960,2776,2592,8629,9777,9116,9445,11512,11725
1,8,15,9,2900,2714,2528,1639,8959,9527,8907,11654,11660
1,8,15,10,2843,2641,2438,1600,3011,8789,9268,11612,11693
1,8,15,11,2740,2553,2365,1540,2917,2018,8509,11626,11627
1,8,15,12,2659,2481,2304,1500,2804,1965,1894,11641,11640
1,8,15,13,2516,2372,2229,1460,2713,1876,1837,8640,11726
1,8,15,14,2425,2286,2146,1416,2626,1819,1759,8466,8730
1,8,15,15,2300,2173,2046,1364,2537,1764,1701,8164,8555
1,8,15,16,2203,2082,1961,1298,2428,1699,1645,7906,8254
1,8,15,17,2125,1998,1871,1243,2299,1628,1582,7802,7991
1,8,15,18,2005,1903,1801,1187,2201,1539,1516,7575,7889
1,8,15,19,1938,1837,1736,1139,2101,1471,1433,7434,7655
1,8,15,20,1841,1749,1658,1101,2010,1404,1367,7251,7508
1,8,15,21,1711,1659,1607,1050,1943,1343,1304,7240,7324
1,8,15,22,1579,1557,1535,1021,1845,1299,1252,7176,7306
1,8,15,23,1455,1447,1438,974,1800,1229,1207,7160,7226
1,8,15,24,1364,1360,1356,917,1718,1200,1149,7236,7211
1,8,15,25,925,923,921,630,1174,838,857,6984,7078
1,9,15,1,4550,4097,3645,4248,4911,5390,6351,11981,13176
1,9,15,2,8083,5479,2874,5456,6115,6629,7094,14345,11938
1,9,15,3,9765,9184,8602,5514,8054,7859,7951,13938,14563
1,9,15,4,10079,9942,9805,8602,8595,8169,8002,13485,13989
1,9,15,5,8365,8941,9517,8449,8405,7583,8284,12099,13514
1,9,15,6,4665,7555,10445,9344,9814,8970,8341,13716,12157
1,9,15,7,4621,6803,8986,10074,10160,9771,9457,12116,13758
1,9,15,8,4516,4047,3577,8761,10477,9666,9632,11833,12193
1,9,15,9,4388,3948,3507,3005,8754,9967,9615,11614,11905
1,9,15,10,4351,3881,3410,2946,3578,8522,9936,11571,11641
1,9,15,11,4187,3741,3295,2839,3472,2135,8754,11653,11583
1,9,15,12,4073,3659,3245,2767,3343,2089,2939,11537,11676
1,9,15,13,3871,3498,3125,2721,3239,2002,2856,9112,11550
1,9,15,14,3754,3391,3028,2627,3173,1946,2742,9018,9146
1,9,15,15,3572,3228,2884,2536,3046,1900,2650,8717,9055
1,9,15,16,3432,3111,2790,2423,2941,1827,2591,8463,8754
1,9,15,17,3310,2986,2662,2341,2792,1751,2481,8438,8499
1,9,15,18,3137,2858,2579,2233,2692,1665,2381,8140,8478
1,9,15,19,3032,2755,2478,2159,2564,1601,2264,8017,8175
1,9,15,20,2867,2625,2383,2078,2476,1526,2174,7827,8052
1,9,15,21,2654,2483,2313,1998,2376,1472,2066,7806,7862
1,9,15,22,2482,2347,2213,1940,2285,1418,1997,7741,7835
1,9,15,23,2334,2210,2085,1852,2226,1362,1916,7724,7765
1,9,15,24,2203,2090,1977,1746,2125,1322,1845,7831,7741
1,9,15,25,1683,1611,1538,1362,1629,1029,1495,7488,7544
1,1,16,1,11329,9339,7350,8211,7257,7061,9449,16866,13368
1,1,16,2,11516,11509,11503,9473,9507,7292,7370,17949,16943
1,1,16,3,11082,11382,11682,11152,11714,10079,8340,15794,18105
1,1,16,4,11308,11760,12213,10811,11900,11110,9859,16434,16643
1,1,16,5,12641,12976,13311,12065,12118,11923,11681,16220,16501
1,1,16,6,12994,13064,13135,12835,13289,12220,12000,16055,16276
1,1,16,7,13983,13734,13485,12787,13272,12844,11699,15401,16065
1,1,16,8,13715,13524,13332,12924,12868,12849,12196,14790,15387
1,1,16,9,13788,13770,13752,12728,12883,12317,12282,14427,14794
1,1,16,10,13129,13247,13364,13005,12677,12284,11792,14043,14406
1,1,16,11,12505,12864,13224,12670,12774,12233,11783,13624,14046
1,1,16,12,11828,12206,12583,12580,12187,12246,11707,13653,13642
1,1,16,13,10910,11558,12207,11848,12117,11764,11552,13352,13609
1,1,16,14,9482,10527,11572,11590,11509,11506,11169,13008,13334
1,1,16,15,8722,9740,10759,10973,11079,10834,10828,12323,13025
1,1,16,16,8202,9051,9900,10249,10462,10588,10236,12334,12326
1,1,16,17,7580,8144,8709,9220,9718,9943,9968,12191,12320
1,1,16,18,7131,8118,9105,8311,8612,9412,9454,11941,12164
1,1,16,19,6903,7697,8491,8294,7879,8154,8880,11814,11948
1,1,16,20,6420,7258,8096,8192,7687,7634,7693,11583,11777
1,1,16,21,5943,6906,7869,7804,8070,7430,7342,11398,11601
1,1,16,22,5426,6437,7447,7598,7675,7854,6987,11532,11385
1,1,16,23,5094,6043,6993,7182,7495,7467,6764,11064,11559
1,1,16,24,4964,5713,6462,6724,7071,7251,6477,10047,11056
1,1,16,25,3411,3950,4490,4657,4906,5142,4852,9053,10063
1,2,16,1,11607,9824,8041,8076,7001,7170,9396,16655,12912
1,2,16,2,11378,10858,10337,10427,9368,5549,6835,17714,16617
1,2,16,3,11746,11446,11146,11167,12061,9676,7657,15554,17854
1,2,16,4,11934,12269,12605,11016,12133,11332,9375,15961,16235
1,2,16,5,13496,14042,14589,13353,12795,12283,11698,15862,16043
1,2,16,6,13407,13358,13309,14048,14436,12826,12450,15807,15885
1,2,16,7,13393,13305,13217,12809,13748,13608,12104,15209,15829
1,2,16,8,13286,13185,13085,12608,12733,13117,12886,14571,15235
1,2,16,9,13232,13090,12948,12536,12614,12192,12423,14294,14604
1,2,16,10,12520,12673,12826,12451,12350,12085,11649,13841,14359
1,2,16,11,11833,12214,12595,12180,12235,11938,11667,13275,13887
1,2,16,12,11285,11599,11913,12056,11829,11747,11427,13405,13322
1,2,16,13,10445,10955,11465,11341,11662,11267,11143,13073,13443
1,2,16,14,9021,9992,10964,10991,10926,11052,10680,12685,13124
1,2,16,15,8445,9440,10434,10472,10656,10458,10408,12043,12732
1,2,16,16,7933,8568,9202,9951,10044,10018,9893,12072,12102
1,2,16,17,7798,8131,8465,8865,9423,9598,9538,11793,12114
1,2,16,18,7313,8143,8974,8220,8114,9012,9105,11584,11809
1,2,16,19,7038,7747,8456,8407,7957,7714,8338,11333,11595
1,2,16,20,6645,7353,8062,8169,7896,7814,7196,11011,11367
1,2,16,21,6065,6928,7791,7760,8630,7708,7038,10876,11024
1,2,16,22,5625,6497,7369,7508,8225,7489,7261,10823,10859
1,2,16,23,5295,6106,6918,7156,7926,7081,6750,10748,10881
1,2,16,24,4970,5713,6456,6656,7615,6884,6334,9920,10723
1,2,16,25,3644,4157,4669,4834,5337,4963,4850,8880,9932
1,3,16,1,12309,10194,8080,8035,7361,7964,10139,17372,14299
1,3,16,2,10955,11207,11459,11190,10489,6353,7686,18386,17411
1,3,16,3,11785,11966,12147,12094,12891,10723,8965,16417,18602
1,3,16,4,11876,12036,12197,11660,12774,12062,10514,16688,17284
1,3,16,5,12747,13147,13547,12214,12710,12788,12375,16702,16750
1,3,16,6,13158,13312,13467,13374,13266,12545,12769,16435,16708
1,3,16,7,13709,13594,13479,13043,13539,12750,12306,15783,16437
1,3,16,8,13738,13544,13350,12976,13073,12868,12278,14986,15776
1,3,16,9,13881,13726,13572,12857,13039,12584,12255,14526,14971
1,3,16,10,12990,13233,13477,13117,12717,12443,12011,14272,14529
1,3,16,11,12501,12922,13342,12878,12735,12212,11863,13794,14262
1,3,16,12,11872,12268,12664,12775,12482,12138,11692,13868,13805
1,3,16,13,10923,11542,12161,12073,12259,11868,11513,13485,13850
1,3,16,14,9912,10741,11571,11603,11641,11696,11310,13140,13530
1,3,16,15,9031,9973,10915,11075,11091,11036,11046,12459,13145
1,3,16,16,8589,9282,9975,10453,10533,10452,10487,12500,12459
1,3,16,17,7983,8638,9294,9645,9892,10030,9792,12268,12472
1,3,16,18,7396,8344,9293,8981,9156,9544,9453,12135,12281
1,3,16,19,7024,7844,8664,8855,8708,8530,9010,11885,12109
1,3,16,20,6547,7330,8113,8307,8160,8220,8047,11573,11889
1,3,16,21,5922,6865,7808,7755,7841,7955,7861,11517,11559
1,3,16,22,5412,6386,7360,7481,7333,7587,7557,11537,11516
1,3,16,23,4946,5857,6769,7050,7072,7082,7800,11252,11535
1,3,16,24,4566,5434,6302,6474,6679,6821,7277,10461,11226
1,3,16,25,3127,3696,4265,4412,4441,4610,5207,9407,10448
1,4,16,1,12086,10094,8102,8625,7610,7810,10235,17236,13992
1,4,16,2,10180,10972,11764,10289,11221,7088,7928,18368,17285
1,4,16,3,10724,11280,11836,11791,12758,11555,9121,16329,18574
1,4,16,4,11223,11509,11795,11399,12825,12226,11577,16907,17337
1,4,16,5,11936,12188,12440,11697,12395,12725,12396,16784,16914
1,4,16,6,12510,12703,12897,12453,12968,12357,12631,16487,16821
1,4,16,7,13512,13123,12734,12599,13161,12547,11960,15736,16491
1,4,16,8,13434,13076,12717,12471,13148,12673,12043,14980,15741
1,4,16,9,13472,13321,13170,12456,12774,12583,12026,14602,15000
1,4,16,10,12884,12949,13013,12823,12622,12333,12000,14404,14625
1,4,16,11,12352,12662,12972,12601,12828,12001,11782,13915,14390
1,4,16,12,11778,12114,12450,12532,12548,12421,11571,13909,13885
1,4,16,13,10977,11480,11982,11996,12310,11980,11703,13655,13898
1,4,16,14,10040,10690,11340,11453,11839,11768,11409,13094,13662
1,4,16,15,9632,10277,10923,10890,11099,11196,11169,12576,13068
1,4,16,16,8615,9298,9980,10434,10547,10789,10602,12562,12566
1,4,16,17,7995,8633,9272,9606,10205,10093,10171,12423,12548
1,4,16,18,7526,8289,9052,8950,9152,9580,9619,12383,12404
1,4,16,19,7117,7442,7768,8656,8817,9042,9054,12109,12392
1,4,16,20,6683,7008,7334,8054,8300,8307,8286,11780,12114
1,4,16,21,6004,6523,7043,7548,7955,7690,7828,11747,11858
1,4,16,22,5585,6124,6664,7298,7497,7437,7629,11770,11688
1,4,16,23,4977,5579,6180,6885,7182,6963,7109,11451,11776
1,4,16,24,4729,5255,5781,6392,6813,6753,6688,10491,11468
1,4,16,25,3156,3434,3712,4098,4215,4223,4537,9754,10519
1,5,16,1,11829,9997,8164,9082,7400,7747,9821,17119,12408
1,5,16,2,10978,10763,10548,10046,10869,6644,7460,18636,17117
1,5,16,3,11749,11660,11571,10781,12470,11093,8669,16502,18826
1,5,16,4,11632,11802,11972,10799,12221,11911,11225,17161,17258
1,5,16,5,12366,12709,13051,11752,12296,12391,12161,16772,16887
1,5,16,6,12703,12816,12929,12623,12898,12101,12222,16217,16739
1,5,16,7,13419,13273,13127,12408,13178,12525,11710,15645,16202
1,5,16,8,13421,13254,13087,12528,12779,12668,12142,14922,15633
1,5,16,9,13528,13416,13305,12475,12690,12320,12159,14665,14933
1,5,16,10,12861,12997,13134,12683,12550,12267,11847,14357,14655
1,5,16,11,12297,12677,13058,12478,12542,12038,11689,13863,14337
1,5,16,12,11705,12049,12392,12291,12170,11980,11489,13813,13842
1,5,16,13,11066,11504,11941,11723,12005,11581,11426,13525,13781
1,5,16,14,9810,10643,11476,11330,11331,11411,10997,13124,13514
1,5,16,15,8991,9838,10685,10825,10905,10760,10733,12592,13099
1,5,16,16,8312,9070,9829,10091,10371,10442,10138,12549,12571
1,5,16,17,8007,8462,8917,9285,9606,9867,9838,12341,12536
1,5,16,18,7549,8146,8742,8402,8918,9278,9333,12196,12311
1,5,16,19,7257,8038,8819,8576,8183,8607,8690,11877,12178
1,5,16,20,6841,7630,8420,8330,8269,8012,8116,11495,11839
1,5,16,21,6334,7229,8125,7955,8105,7556,7496,11555,11461
1,5,16,22,5896,6822,7747,7669,7736,7541,7312,11451,11515
1,5,16,23,5517,6379,7241,7330,7461,7184,6812,11241,11404
1,5,16,24,5084,5975,6866,6802,7119,6971,6484,10368,11184
1,5,16,25,3355,3929,4502,4597,4708,4683,4636,9652,10388
1,6,16,1,13135,11114,9093,9788,7788,8269,10340,17818,13359
1,6,16,2,12220,12272,12325,11906,14456,8519,9429,19386,17817
1,6,16,3,12481,12520,12559,12472,14704,13651,10408,17411,19468
1,6,16,4,12530,12734,12938,12027,14039,14007,13249,17639,18240
1,6,16,5,13265,13606,13947,12814,14125,13760,14338,17675,17651
1,6,16,6,13325,13695,14064,13619,13954,13557,13618,17298,17650
1,6,16,7,14455,14333,14211,13519,14191,13410,13000,16634,17245
1,6,16,8,14388,14097,13807,13477,13870,13696,13001,15777,16595
1,6,16,9,14284,14303,14323,13234,13769,13323,13158,15424,15736
1,6,16,10,13860,13991,14122,13635,13502,13163,12688,15228,15410
1,6,16,11,13034,13476,13919,13474,13563,12923,12526,14598,15164
1,6,16,12,12339,12782,13226,13176,13199,12884,12119,14594,14537
1,6,16,13,11387,12027,12666,12501,12809,12488,12125,14293,14541
1,6,16,14,10040,11109,12179,11918,12216,12164,11618,13834,14239
1,6,16,15,8692,10005,11319,11353,11465,11556,11380,13350,13761
1,6,16,16,9354,9742,10131,10579,11095,10999,10755,13387,13269
1,6,16,17,7312,8281,9251,9572,10321,10519,10350,13176,13353
1,6,16,18,6823,8070,9317,9258,9632,9632,9765,13062,13137
1,6,16,19,6488,6749,7010,8625,8554,9061,8911,12917,13039
1,6,16,20,6091,6339,6587,6730,8391,8242,8332,12480,12811
1,6,16,21,5637,5961,6284,6364,7039,8535,8116,12495,12485
1,6,16,22,5168,5565,5962,6072,6674,7342,7260,12249,12380
1,6,16,23,4753,5156,5558,5779,6386,6944,8231,11835,12212
1,6,16,24,4343,4760,5178,5363,5989,6659,7775,11015,11888
1,6,16,25,2862,3053,3244,3380,3700,4118,5132,10384,10949
1,7,16,1,11733,9977,8221,9440,7712,7928,10473,17448,13329
1,7,16,2,11641,11585,11529,10812,12889,7927,8044,19241,17491
1,7,16,3,11500,11842,12184,11685,13473,12512,9683,16948,19435
1,7,16,4,11840,11967,12093,11295,13209,13090,12290,17403,17944
1,7,16,5,12886,12858,12831,11979,12722,13194,12754,17002,17150
1,7,16,6,12567,12790,13014,12533,13156,12750,12853,16712,16973
1,7,16,7,13474,13405,13336,12558,13282,12796,12243,15994,16685
1,7,16,8,13737,13444,13151,12760,12967,12911,12282,15145,15963
1,7,16,9,13750,13491,13231,12460,12967,12495,12205,14651,15128
1,7,16,10,12773,13082,13391,12661,12532,12464,12001,14403,14645
1,7,16,11,12268,12700,13131,12535,12613,12018,11805,13893,14378
1,7,16,12,11453,11873,12293,12441,12357,12095,11398,13810,13881
1,7,16,13,10703,11358,12013,11583,12019,11844,11448,13593,13803
1,7,16,14,9829,10591,11353,11404,11287,11530,11127,13149,13551
1,7,16,15,8391,9490,10590,10622,11158,10805,10850,12710,13131
1,7,16,16,8033,9066,10099,9967,10348,10702,10156,12716,12719
1,7,16,17,7909,8541,9174,9625,9670,9918,9975,12395,12735
1,7,16,18,7385,8124,8862,8733,9091,9123,9347,12429,12396
1,7,16,19,7048,7946,8844,8533,8436,8568,9011,12072,12430
1,7,16,20,6590,7471,8353,8034,8438,8090,8271,11904,12078
1,7,16,21,6018,7022,8025,7557,6859,7437,7540,11739,11890
1,7,16,22,5573,6582,7591,7262,6455,7629,7301,11821,11720
1,7,16,23,5121,6079,7037,6905,6216,7188,7641,11683,11796
1,7,16,24,4741,5691,6640,6359,5881,6960,7220,10617,11582
1,7,16,25,3165,3802,4439,4355,3908,4682,5170,9842,10717
1,8,16,1,11240,9547,7854,8458,7665,7750,9792,17069,13623
1,8,16,2,10678,10568,10457,9883,9369,7210,6912,18092,17146
1,8,16,3,10799,11046,11293,10974,12126,10427,8457,16079,18334
1,8,16,4,11418,11352,11287,10582,12267,11600,10571,16656,16948
1,8,16,5,12141,12145,12150,11201,11770,12411,11959,16391,16722
1,8,16,6,12310,12390,12470,11779,12410,11711,12044,16096,16443
1,8,16,7,13009,12787,12565,11987,12270,12006,11405,15475,16101
1,8,16,8,12842,12616,12389,12028,12230,11900,11587,14752,15433
1,8,16,9,12967,12807,12648,11902,12080,11802,11529,14512,14772
1,8,16,10,12560,12552,12544,12166,12002,11722,11400,14155,14526
1,8,16,11,11913,12211,12509,11943,12087,11544,11238,13663,14147
1,8,16,12,11388,11718,12048,11891,11694,11659,11063,13706,13635
1,8,16,13,10790,11163,11535,11458,11663,11251,11084,13574,13660
1,8,16,14,10143,10607,11071,11090,11097,11138,10625,13150,13502
1,8,16,15,9160,9826,10491,10553,10661,10621,10516,12271,13103
1,8,16,16,8525,9300,10074,10050,10174,10247,10050,12311,12284
1,8,16,17,7958,8581,9204,9633,9603,9735,9792,12042,12317
1,8,16,18,7512,8198,8884,8886,9138,9236,9162,11868,12005
1,8,16,19,7260,7796,8332,8583,8732,8861,8748,11574,11886
1,8,16,20,6897,7427,7957,7905,8250,8364,8464,11247,11614
1,8,16,21,6410,7061,7711,7537,8084,8031,7718,11184,11320
1,8,16,22,5913,6641,7368,7325,7678,7762,7800,11257,11193
1,8,16,23,5451,6176,6902,6991,7489,7345,7121,11080,11266
1,8,16,24,5108,5809,6509,6579,7149,7171,6776,10054,11094
1,8,16,25,3465,3943,4421,4525,4887,5009,5053,9705,10051
1,9,16,1,12542,10535,8527,8951,8313,8285,10088,18312,16387
1,9,16,2,11846,11113,10379,10276,9345,8081,8381,19020,18260
1,9,16,3,11341,11357,11373,10951,12308,10388,9476,16813,19165
1,9,16,4,11202,11425,11649,10578,11793,11370,10363,17174,17624
1,9,16,5,12322,12445,12568,11666,12002,12216,12183,16643,17236
1,9,16,6,12944,12972,13000,12568,13343,12371,12461,16325,16661
1,9,16,7,13221,13058,12896,12507,13086,12840,12033,15685,16310
1,9,16,8,13033,12970,12907,12359,12721,12530,12316,15162,15676
1,9,16,9,13139,12992,12845,12340,12400,12180,11942,14872,15162
1,9,16,10,12516,12530,12544,12284,12317,11919,11672,14319,14862
1,9,16,11,12254,12377,12501,11932,12098,11805,11444,13863,14310
1,9,16,12,11737,11842,11946,11891,11633,11658,11347,13815,13874
1,9,16,13,11160,11455,11751,11461,11594,11121,11117,13744,13822
1,9,16,14,10151,10638,11125,11160,11063,10994,10647,13461,13785
1,9,16,15,9421,9920,10420,10604,10685,10553,10479,12687,13474
1,9,16,16,9175,9484,9792,9961,10192,10267,10063,12732,12707
1,9,16,17,7702,8501,9301,9284,9561,9740,9707,12491,12735
1,9,16,18,7299,8240,9181,8810,8894,9039,9282,12452,12489
1,9,16,19,7054,7782,8511,8718,8346,8398,8711,12202,12453
1,9,16,20,6672,7429,8185,8062,8126,7889,7920,12459,12216
1,9,16,21,6175,7059,7943,7751,7138,7528,7419,12143,12432
1,9,16,22,5775,6687,7600,7527,6864,7311,7326,12325,12125
1,9,16,23,5430,6296,7162,7184,6686,7019,6762,12055,12270
1,9,16,24,5126,5959,6792,6773,6382,6816,6513,10512,12004
1,9,16,25,3916,4599,5283,5285,4893,5303,5276,10051,10506
2,1,1,1,12065,10066,8066,8168,6817,7439,7687,12006,8239
2,1,1,2,10140,9794,9447,7726,8459,6905,8469,13894,12087
2,1,1,3,11252,11379,11506,10257,10814,9530,9741,14264,13991
2,1,1,4,11290,11340,11391,10712,10985,9920,9759,14101,14286
2,1,1,5,11946,12196,12446,11146,11751,10881,10559,14206,14116
2,1,1,6,12396,12673,12951,12299,12625,11981,11628,14178,14214
2,1,1,7,12152,12461,12770,12507,12807,12218,11932,13951,14174
2,1,1,8,11871,12293,12716,12289,12731,12357,12048,13687,13940
2,1,1,9,11732,12078,12425,12245,12405,12212,12074,13348,13678
2,1,1,10,11329,11717,12104,11908,12234,11907,11898,13003,13323
2,1,1,11,10996,11438,11881,11589,11819,11726,11561,12604,12988
2,1,1,12,10600,11034,11468,11401,11423,11292,11343,12234,12592
2,1,1,13,10164,10611,11057,10999,11153,10920,10895,11919,12223
2,1,1,14,9560,10084,10609,10568,10728,10647,10495,11532,11907
2,1,1,15,9072,9617,10161,10139,10247,10231,10200,11118,11521
2,1,1,16,8480,9083,9685,9706,9805,9756,9805,10993,11112
2,1,1,17,7955,8613,9271,9251,9342,9314,9297,10796,10992
2,1,1,18,7474,8108,8742,8847,8901,8882,8867,10419,10801
2,1,1,19,7028,7670,8312,8361,8490,8445,8462,10176,10410
2,1,1,20,6656,7290,7924,7916,8035,8082,8052,9926,10165
2,1,1,21,6199,6872,7545,7566,7588,7608,7696,9908,9912
2,1,1,22,5722,6472,7222,7229,7255,7264,7239,9858,9894
2,1,1,23,5389,6158,6927,6892,6923,6900,6911,9726,9846
2,1,1,24,5174,5829,6483,6613,6644,6586,6591,9623,9708
2,1,1,25,4060,4556,5052,5205,5344,5429,5574,8971,9063
2,2,1,1,11417,9533,7649,7754,6608,6953,7492,11366,7630
2,2,1,2,9619,9177,8736,7174,7646,6292,7264,13181,11430
2,2,1,3,10548,10551,10554,9355,9866,8937,8922,13491,13307
2,2,1,4,10545,10579,10613,9948,10200,9282,8984,13379,13631
2,2,1,5,11337,11527,11717,10406,11100,10279,9782,13578,13458
2,2,1,6,11841,12032,12224,11614,11942,11449,11064,13655,13609
2,2,1,7,11550,11791,12031,11720,12142,11642,11375,13492,13676
2,2,1,8,11310,11657,12004,11567,11999,11799,11448,13193,13513
2,2,1,9,11257,11473,11688,11528,11735,11607,11528,12829,13210
2,2,1,10,10938,11173,11408,11223,11582,11367,11283,12471,12849
2,2,1,11,10640,10932,11223,10904,11139,11201,11014,12024,12491
2,2,1,12,10269,10566,10863,10737,10757,10720,10838,11721,12043
2,2,1,13,9880,10192,10504,10408,10513,10331,10307,11412,11741
2,2,1,14,9388,9720,10051,10016,10153,10089,9888,11017,11431
2,2,1,15,8950,9319,9688,9588,9712,9725,9653,10645,11030
2,2,1,16,8430,8843,9257,9249,9271,9291,9306,10506,10659
2,2,1,17,8012,8425,8838,8811,8926,8876,8858,10350,10521
2,2,1,18,7670,8030,8389,8425,8491,8537,8442,10018,10367
2,2,1,19,7311,7653,7994,7995,8112,8133,8124,9765,10028
2,2,1,20,6966,7330,7694,7632,7692,7787,7748,9506,9766
2,2,1,21,6555,6956,7358,7344,7363,7361,7413,9492,9507
2,2,1,22,6187,6628,7068,7026,7082,7061,7062,9416,9490
2,2,1,23,5888,6303,6717,6755,6762,6828,6719,9312,9418
2,2,1,24,5508,5908,6308,6438,6529,6499,6483,9246,9306
2,2,1,25,4398,4778,5157,5308,5393,5510,5621,8696,8789
2,3,1,1,12465,10250,8035,8136,6976,7471,8025,12328,8434
2,3,1,2,10852,10581,10310,8296,8995,7365,8764,14212,12435
2,3,1,3,11994,12049,12104,10849,11145,10166,10194,14798,14436
2,3,1,4,12387,12288,12189,11411,11752,10781,10559,14728,14936
2,3,1,5,12842,13064,13286,11950,12593,11946,11499,14834,14776
2,3,1,6,13027,13384,13740,13020,13222,12754,12408,14763,14869
2,3,1,7,12739,13107,13475,13170,13489,12923,12653,14537,14785
2,3,1,8,12407,12846,13286,12939,13408,13100,12712,14224,14549
2,3,1,9,12290,12581,12871,12741,13071,12958,12785,13874,14227
2,3,1,10,11875,12200,12524,12345,12770,12627,12586,13597,13870
2,3,1,11,11414,11817,12220,11939,12215,12334,12222,13087,13584
2,3,1,12,11083,11454,11825,11710,11795,11743,11917,12744,13077
2,3,1,13,10584,10948,11313,11323,11503,11316,11276,12385,12732
2,3,1,14,10059,10466,10874,10813,11079,11015,10816,11884,12375
2,3,1,15,9595,10004,10412,10383,10513,10611,10519,11432,11870
2,3,1,16,8997,9452,9907,9933,10071,10056,10124,11231,11421
2,3,1,17,8527,8998,9470,9442,9615,9614,9569,11036,11223
2,3,1,18,8147,8549,8951,9022,9121,9195,9133,10659,11035
2,3,1,19,7637,8074,8511,8527,8699,8711,8754,10432,10651
2,3,1,20,7314,7742,8169,8114,8225,8309,8293,10180,10419
2,3,1,21,6856,7304,7753,7790,7811,7852,7900,10185,10165
2,3,1,22,6433,6939,7445,7399,7517,7484,7483,10094,10167
2,3,1,23,5961,6535,7110,7111,7140,7183,7123,9979,10083
2,3,1,24,5371,6037,6702,6799,6861,6839,6823,9886,9965
2,3,1,25,4082,4689,5295,5465,5643,5760,5864,9388,9459
2,4,1,1,12810,10705,8599,8652,7552,8084,8397,12784,8703
2,4,1,2,10317,10394,10470,8766,9744,8205,9739,14846,13012
2,4,1,3,11357,11725,12093,11115,11769,10897,11150,15420,15119
2,4,1,4,12001,12121,12240,11678,12210,11408,11452,15328,15599
2,4,1,5,12628,12802,12975,12172,12869,12255,12002,15207,15296
2,4,1,6,12759,13009,13259,12920,13420,12882,12607,15015,15217
2,4,1,7,12459,12762,13064,13045,13590,13036,12744,14722,15025
2,4,1,8,12164,12545,12925,12825,13491,13138,12829,14375,14721
2,4,1,9,12036,12312,12589,12697,13186,12993,12837,14063,14368
2,4,1,10,11798,12059,12319,12287,12925,12726,12638,13682,14049
2,4,1,11,11392,11671,11950,11893,12392,12436,12349,13201,13665
2,4,1,12,11210,11406,11602,11653,11978,11945,12028,12885,13187
2,4,1,13,10629,10815,11000,11323,11672,11474,11468,12506,12870
2,4,1,14,10202,10427,10651,10708,11311,11210,11023,12023,12492
2,4,1,15,9689,9939,10190,10354,10648,10841,10708,11558,12011
2,4,1,16,9223,9471,9719,9898,10247,10224,10382,11358,11551
2,4,1,17,8658,8951,9243,9431,9726,9792,9737,11161,11351
2,4,1,18,8377,8551,8725,8997,9296,9348,9332,10763,11160
2,4,1,19,7787,8015,8243,8506,8838,8887,8897,10550,10756
2,4,1,20,7527,7723,7919,8035,8375,8487,8460,10323,10535
2,4,1,21,6926,7199,7472,7721,7895,8034,8060,10299,10312
2,4,1,22,6653,6897,7142,7295,7656,7589,7667,10188,10282
2,4,1,23,6059,6414,6770,6981,7222,7320,7241,10101,10175
2,4,1,24,5583,6011,6438,6603,6938,6956,7006,9955,10084
2,4,1,25,3890,4336,4782,5028,5299,5470,5653,9378,9448
2,5,1,1,12878,10652,8426,8695,7515,7932,8210,12903,8636
2,5,1,2,10627,10570,10513,8524,9672,8398,9107,14678,13000
2,5,1,3,11897,12154,12410,10881,11443,10771,11197,15140,14958
2,5,1,4,12237,12351,12466,11625,12098,11254,11261,15063,15260
2,5,1,5,12671,13021,13370,12145,12771,12187,11832,15094,15075
2,5,1,6,12913,13320,13727,13022,13309,12863,12506,14921,15107
2,5,1,7,12520,13030,13540,13154,13533,13011,12760,14733,14932
2,5,1,8,12119,12764,13409,12964,13396,13167,12816,14494,14735
2,5,1,9,12238,12558,12878,12833,13086,12968,12873,14178,14491
2,5,1,10,12083,12295,12507,12328,12861,12641,12613,13902,14168
2,5,1,11,11602,11974,12346,11921,12228,12419,12286,13406,13890
2,5,1,12,11245,11658,12071,11793,11754,11786,12029,13059,13398
2,5,1,13,10855,11194,11533,11535,11572,11284,11370,12702,13052
2,5,1,14,10328,10711,11094,10996,11266,11101,10863,12129,12695
2,5,1,15,9868,10274,10680,10587,10665,10788,10647,11734,12126
2,5,1,16,9410,9800,10191,10177,10232,10215,10334,11596,11731
2,5,1,17,8959,9347,9736,9707,9830,9795,9760,11471,11597
2,5,1,18,8558,8931,9305,9290,9357,9407,9355,11054,11475
2,5,1,19,8015,8434,8852,8885,8938,8956,8996,10801,11059
2,5,1,20,7638,8068,8497,8454,8560,8581,8568,10593,10801
2,5,1,21,7133,7602,8071,8127,8144,8203,8208,10578,10587
2,5,1,22,6769,7242,7716,7709,7832,7811,7850,10500,10570
2,5,1,23,6392,6835,7279,7365,7409,7518,7485,10386,10496
2,5,1,24,5824,6367,6910,6984,7118,7150,7201,10306,10376
2,5,1,25,4341,4821,5302,5477,5616,5771,5940,9617,9714
2,6,1,1,13706,11301,8895,9125,7862,8487,8761,14312,9843
2,6,1,2,11768,11753,11738,9909,11147,9697,10691,16077,14394
2,6,1,3,13022,13315,13609,12193,12990,12207,12703,16606,16316
2,6,1,4,13558,13695,13831,12819,13384,12709,12805,16396,16593
2,6,1,5,13952,14328,14704,13544,14108,13498,13333,16306,16345
2,6,1,6,14120,14544,14968,14301,14697,14097,13726,16069,16289
2,6,1,7,13652,14175,14698,14320,14757,14341,13913,15781,16051
2,6,1,8,13184,13828,14473,14055,14602,14344,14054,15488,15752
2,6,1,9,13101,13484,13868,13862,14164,14094,13963,15214,15449
2,6,1,10,12786,13091,13396,13249,13868,13692,13649,14851,15156
2,6,1,11,12199,12661,13124,12759,13148,13379,13209,14324,14802
2,6,1,12,11836,12298,12761,12542,12607,12652,12883,13909,14279
2,6,1,13,11326,11700,12075,12170,12316,12094,12102,13566,13864
2,6,1,14,10767,11194,11620,11491,11878,11779,11562,12945,13529
2,6,1,15,10266,10681,11095,11048,11200,11374,11243,12514,12913
2,6,1,16,9768,10150,10532,10579,10731,10700,10856,12334,12486
2,6,1,17,9242,9644,10045,10034,10255,10255,10188,12190,12313
2,6,1,18,8777,9174,9570,9573,9715,9808,9767,11711,12172
2,6,1,19,8262,8658,9053,9122,9278,9307,9343,11500,11693
2,6,1,20,7851,8253,8655,8648,8818,8887,8856,11267,11482
2,6,1,21,7382,7770,8158,8272,8403,8467,8462,11228,11242
2,6,1,22,6997,7413,7828,7793,8016,8045,8058,11150,11201
2,6,1,23,6541,6986,7430,7425,7617,7727,7693,11023,11130
2,6,1,24,5981,6501,7020,7081,7212,7312,7394,10886,10997
2,6,1,25,4337,4819,5300,5468,5692,5858,5980,10160,10254
2,7,1,1,12740,10586,8432,8622,7834,8478,8625,14041,9701
2,7,1,2,11632,11272,10912,9395,10565,9394,10695,15945,14141
2,7,1,3,13181,13169,13157,11950,12729,11932,12364,16452,16155
2,7,1,4,13845,13741,13637,12749,13352,12423,12383,16193,16590
2,7,1,5,13996,14278,14560,13453,13976,13440,13016,16081,16162
2,7,1,6,14043,14387,14731,14128,14318,13821,13546,15783,16080
2,7,1,7,13456,13939,14422,14127,14480,13955,13648,15450,15778
2,7,1,8,12973,13603,14234,13831,14275,14063,13671,15161,15440
2,7,1,9,12975,13230,13484,13641,13842,13809,13694,14885,15144
2,7,1,10,12617,12820,13024,12932,13550,13378,13351,14566,14860
2,7,1,11,11888,12300,12712,12360,12696,13087,12915,13989,14550
2,7,1,12,11559,11977,12395,12172,12141,12249,12616,13596,13976
2,7,1,13,11127,11402,11678,11846,11864,11687,11750,13239,13591
2,7,1,14,10615,10943,11271,11162,11506,11395,11190,12536,13231
2,7,1,15,10175,10494,10812,10759,10808,11051,10890,12159,12538
2,7,1,16,9709,10019,10328,10337,10401,10363,10553,11960,12163
2,7,1,17,9094,9492,9891,9869,9982,9984,9885,11823,11963
2,7,1,18,8669,9062,9455,9462,9512,9591,9527,11346,11828
2,7,1,19,8084,8512,8939,9044,9098,9145,9137,11138,11358
2,7,1,20,7696,8117,8539,8571,8700,8753,8726,10936,11139
2,7,1,21,7222,7644,8066,8187,8246,8381,8346,10894,10929
2,7,1,22,6903,7297,7690,7739,7893,7956,7991,10851,10887
2,7,1,23,6499,6934,7369,7375,7456,7614,7609,10782,10850
2,7,1,24,5888,6449,7010,7090,7140,7203,7280,10718,10776
2,7,1,25,4074,4639,5204,5434,5623,5792,5959,10010,10129
2,8,1,1,12411,10337,8263,8430,7305,7838,7827,12358,8685
2,8,1,2,10399,10220,10042,8576,9478,7955,8557,14189,12670
2,8,1,3,11688,11747,11806,10427,11142,10328,10477,14605,14508
2,8,1,4,12172,12073,11974,11171,11774,10884,10817,14452,14805
2,8,1,5,12312,12550,12789,11661,12348,11753,11330,14400,14494
2,8,1,6,12418,12755,13092,12403,12613,12168,11837,14185,14442
2,8,1,7,11982,12401,12820,12500,12804,12234,11996,13915,14214
2,8,1,8,11605,12163,12722,12265,12696,12367,11993,13639,13930
2,8,1,9,11655,11919,12184,12162,12395,12211,12060,13325,13647
2,8,1,10,11467,11655,11842,11668,12205,11945,11888,12983,13323
2,8,1,11,11044,11363,11681,11346,11645,11762,11611,12546,12983
2,8,1,12,10773,11108,11443,11226,11263,11223,11401,12224,12546
2,8,1,13,10378,10681,10983,10986,11087,10857,10893,11931,12225
2,8,1,14,9985,10318,10651,10551,10813,10666,10478,11453,11935
2,8,1,15,9620,9942,10264,10229,10339,10417,10296,11004,11455
2,8,1,16,9307,9589,9870,9867,9969,9945,10049,10879,11012
2,8,1,17,8869,9191,9512,9468,9607,9591,9557,10750,10890
2,8,1,18,8523,8844,9166,9131,9157,9234,9236,10334,10759
2,8,1,19,8042,8406,8770,8790,8829,8815,8892,10144,10342
2,8,1,20,7714,8058,8402,8410,8476,8487,8499,9951,10145
2,8,1,21,7305,7650,7995,8077,8112,8174,8171,9934,9955
2,8,1,22,6877,7288,7700,7691,7774,7786,7862,9848,9929
2,8,1,23,6466,6916,7366,7391,7408,7479,7508,9797,9847
2,8,1,24,5932,6447,6962,7117,7101,7094,7204,9715,9796
2,8,1,25,4185,4675,5164,5375,5527,5660,5899,9186,9259
2,9,1,1,12107,10009,7911,7938,6821,7380,7438,12116,8607
2,9,1,2,9911,9666,9421,7768,8661,7074,7830,13716,12185
2,9,1,3,11097,11178,11259,9902,10394,9395,9734,14026,13942
2,9,1,4,11416,11387,11358,10665,11106,9970,9906,13822,14265
2,9,1,5,11854,12042,12230,11059,11772,11008,10456,13888,13925
2,9,1,6,12040,12280,12519,11867,12152,11649,11308,13729,13945
2,9,1,7,11630,11973,12316,11984,12335,11752,11515,13605,13764
2,9,1,8,11441,11818,12195,11794,12238,11883,11538,13368,13630
2,9,1,9,11416,11580,11744,11688,11945,11711,11550,13095,13390
2,9,1,10,11279,11414,11550,11275,11764,11518,11432,12771,13113
2,9,1,11,10902,11130,11358,11019,11238,11311,11185,12370,12788
2,9,1,12,10643,10893,11143,10903,10975,10867,11002,12094,12389
2,9,1,13,10281,10508,10736,10694,10795,10545,10518,11793,12114
2,9,1,14,9976,10205,10434,10316,10567,10390,10215,11282,11810
2,9,1,15,9654,9855,10056,10013,10116,10140,10002,10921,11296
2,9,1,16,9364,9557,9749,9678,9840,9747,9782,10852,10936
2,9,1,17,8940,9174,9408,9341,9454,9429,9378,10780,10872
2,9,1,18,8558,8852,9147,9054,9142,9101,9057,10456,10798
2,9,1,19,8125,8436,8748,8764,8814,8771,8737,10247,10477
2,9,1,20,7768,8081,8393,8392,8537,8475,8412,10063,10265
2,9,1,21,7270,7638,8007,8044,8163,8176,8126,10061,10077
2,9,1,22,6866,7285,7704,7692,7841,7838,7836,10007,10070
2,9,1,23,6440,6863,7286,7388,7467,7529,7498,9967,10018
2,9,1,24,5904,6450,6996,7053,7202,7177,7206,9980,9977
2,9,1,25,4672,5148,5623,5798,6002,6124,6240,9462,9561
2,1,2,1,11731,9441,7152,8255,7263,8236,7328,14299,10924
2,1,2,2,11360,9266,7172,7024,8424,8795,12098,16623,14304
2,1,2,3,12191,12398,12606,8846,11302,10474,12426,17321,16709
2,1,2,4,11615,12147,12679,11577,11661,11184,11889,16817,17431
2,1,2,5,11950,12840,13731,12116,12857,11311,11607,15217,16925
2,1,2,6,12389,12647,12904,12787,13804,13390,12350,14811,15210
2,1,2,7,11684,12388,13092,11933,13552,12756,13406,13934,14892
2,1,2,8,11037,12091,13146,11676,12830,12962,12882,14139,14026
2,1,2,9,11376,11546,11717,12273,11632,12053,12873,12832,14182
2,1,2,10,11124,11360,11596,11221,11805,11180,11680,12391,12833
2,1,2,11,9850,11091,12332,10813,11261,11251,11113,11651,12396
2,1,2,12,8581,10257,11933,11412,10669,10450,11155,11617,11596
2,1,2,13,7151,8520,9890,11740,11854,10253,10405,11360,11581
2,1,2,14,6725,8500,10275,10107,10292,10944,9486,10827,11350
2,1,2,15,6382,8376,10369,9544,9103,9995,10014,10674,10766
2,1,2,16,7667,8775,9884,9698,9716,8982,9894,10167,10647
2,1,2,17,9444,9452,9461,9243,8450,8663,8558,9937,10172
2,1,2,18,8301,7587,6873,8839,8051,8920,8887,9870,9931
2,1,2,19,6582,6721,6859,6180,7679,8480,7700,9951,9822
2,1,2,20,7733,8243,8754,5963,8189,8115,7327,9053,9959
2,1,2,21,6414,7184,7953,8325,5850,3184,7003,9037,9174
2,1,2,22,5814,6977,8140,7559,8013,10103,6587,8991,9157
2,1,2,23,5645,6608,7570,7878,7576,7830,7572,15291,9113
2,1,2,24,6894,6956,7019,7239,7377,6767,7065,16381,15291
2,1,2,25,3717,4015,4312,4645,4961,4740,4927,9464,9447
2,2,2,1,10894,9169,7445,8018,7173,8393,7575,14097,10379
2,2,2,2,10964,8117,5270,6064,7265,7665,10710,16155,14191
2,2,2,3,12093,11719,11345,7863,10116,9348,11839,16669,16242
2,2,2,4,11493,11847,12200,10994,11706,10658,11327,16160,16762
2,2,2,5,11732,12390,13049,11536,12275,11554,11668,14834,16244
2,2,2,6,12772,12881,12990,12540,13192,12570,11554,14531,14965
2,2,2,7,11843,12089,12334,12144,12962,12509,12720,13637,14577
2,2,2,8,10535,11525,12515,11531,12547,12563,12586,13672,13696
2,2,2,9,11464,11721,11978,12026,11260,11803,12331,12570,13726
2,2,2,10,11579,11415,11251,11297,11450,11052,11680,12039,12575
2,2,2,11,9821,11080,12340,10586,10917,10929,10957,11194,12075
2,2,2,12,9599,10683,11766,11593,10399,10189,11114,11096,11209
2,2,2,13,8954,9799,10644,10984,10885,9715,9970,10843,11115
2,2,2,14,8509,9389,10269,9978,10755,10596,9662,10341,10863
2,2,2,15,3758,6834,9911,9525,9189,10381,10350,10115,10369
2,2,2,16,2090,5780,9470,7695,9362,8338,10022,9808,10128
2,2,2,17,6653,7847,9041,7331,8357,8295,8669,9674,9837
2,2,2,18,7646,8114,8582,3931,7950,8190,8356,9624,9664
2,2,2,19,7714,7732,7750,9727,5225,7802,7726,9661,9631
2,2,2,20,7612,7808,8004,6171,10934,4248,7368,8827,9659
2,2,2,21,6940,7519,8097,7848,6355,1977,7050,8814,8803
2,2,2,22,6524,7309,8093,7773,7342,4848,6716,14029,8787
2,2,2,23,6668,7271,7875,7769,7411,7008,6131,14419,14029
2,2,2,24,5980,6471,6963,7503,7013,6485,6942,15367,14419
2,2,2,25,4017,4281,4545,4680,4989,4970,5057,9475,9497
2,3,2,1,12696,10534,8373,9039,7775,9096,8460,15144,11129
2,3,2,2,11895,9839,7783,7269,9807,9188,11882,17113,15210
2,3,2,3,12356,12785,13215,9718,11865,11159,12947,17662,17213
2,3,2,4,12129,12993,13857,12647,12722,12154,12933,17366,17765
2,3,2,5,12072,13267,14461,13271,14385,12843,13319,16390,17439
2,3,2,6,12650,12869,13088,13811,14525,14663,13671,15804,16450
2,3,2,7,12024,12294,12564,12311,14459,14087,14859,15140,15867
2,3,2,8,11187,11945,12703,11365,13089,13925,13905,15302,15197
2,3,2,9,11709,12271,12833,11755,10982,12551,13712,13799,15348
2,3,2,10,10886,11396,11905,11578,11427,11127,12410,13071,13786
2,3,2,11,11016,11521,12025,10683,11230,11313,11215,11777,13069
2,3,2,12,10057,11002,11947,11770,10809,10887,10993,11955,11744
2,3,2,13,8200,9860,11520,11496,11749,10466,10538,11657,11921
2,3,2,14,7793,9100,10408,10941,11440,11273,10242,11143,11656
2,3,2,15,9033,9549,10064,10138,10756,10894,11154,10796,11115
2,3,2,16,3484,6530,9575,9192,9847,10091,9966,10261,10784
2,3,2,17,8172,8662,9153,8738,8488,9485,9425,10163,10260
2,3,2,18,8999,7900,6802,2220,8052,8097,8960,10303,10158
2,3,2,19,7411,8798,10185,7787,8004,7671,7144,10298,10308
2,3,2,20,7908,8317,8725,9281,8580,4211,6768,9162,10262
2,3,2,21,7413,7644,7875,8021,8634,1343,6447,9167,9202
2,3,2,22,6225,6857,7490,7491,7756,10495,6107,9085,9204
2,3,2,23,6199,6906,7613,7528,7300,7754,6295,14674,9128
2,3,2,24,5387,6195,7002,7280,6612,7151,7472,14834,12046
2,3,2,25,3231,3682,4132,4408,4420,4442,4691,9784,9752
2,4,2,1,13074,10557,8040,8523,8449,9563,8775,15158,11304
2,4,2,2,11835,9087,6339,7460,9192,11199,13501,17430,15242
2,4,2,3,11264,12794,14324,9590,11618,11812,14778,18153,17533
2,4,2,4,9474,12018,14562,13566,12573,12410,13631,17609,18264
2,4,2,5,11033,12697,14361,14512,14791,12916,13451,16752,17685
2,4,2,6,11562,11976,12390,14003,15234,15269,13872,16100,16820
2,4,2,7,11215,11610,12005,12330,14351,14710,15308,15531,16115
2,4,2,8,10336,11260,12185,11190,13007,13984,14319,15500,15601
2,4,2,9,10700,11770,12840,11476,11127,12271,13755,14171,15548
2,4,2,10,10838,11277,11717,11163,10913,11235,11690,13280,14174
2,4,2,11,10198,11167,12135,10918,10705,11021,11277,11960,13267
2,4,2,12,10342,10896,11451,12242,10783,10427,10868,12145,11942
2,4,2,13,9070,9943,10815,11591,11930,10840,10455,11859,12087
2,4,2,14,8705,9376,10046,10098,10897,11614,10494,11357,11812
2,4,2,15,8268,9067,9866,9611,10563,10778,11039,10981,11374
2,4,2,16,3353,6381,9410,9132,10050,9848,10189,10371,10984
2,4,2,17,9672,9311,8949,8701,8375,9628,9437,10241,10379
2,4,2,18,8643,9062,9480,8301,8004,8510,9183,10465,10235
2,4,2,19,7786,9112,10438,10568,7610,8090,7800,10430,10473
2,4,2,20,7908,8053,8199,8081,11051,7726,7417,9029,10416
2,4,2,21,6855,7294,7732,7979,8897,7314,7067,9008,9240
2,4,2,22,6410,6807,7204,7583,7606,4792,6722,8911,9213
2,4,2,23,6439,6716,6993,7384,7946,7342,7507,8835,9118
2,4,2,24,6117,6400,6683,7232,6936,6883,7391,8707,9036
2,4,2,25,3244,3545,3846,4089,4033,4106,4369,9510,9492
2,5,2,1,12180,9636,7092,7579,7861,8951,8303,15114,11394
2,5,2,2,9179,8238,7297,7359,7085,9557,11571,17142,15230
2,5,2,3,11095,11974,12852,9280,10785,9515,13103,17527,17240
2,5,2,4,10941,11856,12771,12212,11508,11249,11767,17334,17653
2,5,2,5,11664,12733,13801,12702,13117,11492,12268,16237,17376
2,5,2,6,12319,12556,12794,13235,13728,14215,12193,15496,16334
2,5,2,7,11822,12288,12753,12175,13427,13280,14360,14503,15572
2,5,2,8,10785,11891,12997,11829,12349,12851,13177,15041,14588
2,5,2,9,11177,11714,12251,12106,11558,11689,12804,13582,15085
2,5,2,10,10687,11334,11982,11640,11764,11347,11771,12783,13602
2,5,2,11,9778,10964,12149,11166,11193,11289,11203,11507,12770
2,5,2,12,9265,10514,11763,11585,10941,10927,11133,11511,11512
2,5,2,13,7753,9228,10704,11220,11267,10508,10432,11259,11497
2,5,2,14,7377,8790,10203,10314,10516,10703,10042,10867,11274
2,5,2,15,7048,8572,10096,9696,9926,10243,10405,10638,10860
2,5,2,16,3412,6523,9634,9425,8871,9764,9795,10149,10627
2,5,2,17,6839,8021,9203,8989,8764,8910,8852,10038,10145
2,5,2,18,8571,7914,7257,8603,8342,8996,8214,10144,10046
2,5,2,19,7140,6094,5048,8969,7968,8564,8092,10052,10155
2,5,2,20,7624,8139,8655,5370,8450,8206,7707,8606,10018
2,5,2,21,7265,7526,7787,8249,4775,2429,7384,8594,8606
2,5,2,22,6286,6948,7610,7282,7724,5571,7062,8531,8591
2,5,2,23,6330,7027,7724,7539,7180,7422,7528,16149,8531
2,5,2,24,5868,6400,6933,7682,6580,6621,7263,16024,16013
2,5,2,25,3590,3886,4182,4428,4100,4244,4422,9925,9904
2,6,2,1,12544,10241,7937,7867,7734,9313,8637,16544,12414
2,6,2,2,10074,8271,6468,8459,9141,10445,13120,18485,16567
2,6,2,3,12583,13568,14554,10113,12132,11279,14252,18848,18475
2,6,2,4,12057,13211,14365,14325,12457,13011,12954,18458,18857
2,6,2,5,11926,13581,15235,14315,15298,12830,14082,17608,18428
2,6,2,6,12678,13042,13407,14803,15137,16209,13385,16754,17609
2,6,2,7,12990,13394,13797,12884,14911,14720,16203,15655,16727
2,6,2,8,10632,12066,13499,12575,12942,14318,14653,16514,15613
2,6,2,9,12105,12724,13343,12693,12781,12068,14126,14920,16502
2,6,2,10,11656,12013,12369,12135,11994,11973,12026,13895,14836
2,6,2,11,10761,11579,12397,12052,11776,11785,11695,12333,13811
2,6,2,12,9913,11138,12363,12165,11516,11655,11572,12288,12264
2,6,2,13,6537,8811,11086,11662,12479,10937,11317,12075,12192
2,6,2,14,6214,8295,10376,11083,11413,11413,11126,11838,12032
2,6,2,15,5926,7922,9917,9915,10566,11078,10921,11613,11747
2,6,2,16,5638,7526,9414,9421,9607,9412,10130,10921,11582
2,6,2,17,4461,6720,8979,8936,8497,8802,9154,10841,10903
2,6,2,18,7777,8166,8554,8525,8049,8516,9093,10811,10857
2,6,2,19,7339,8891,10444,8123,7687,8081,8000,10770,10768
2,6,2,20,7475,8124,8774,8116,7306,7715,7583,9186,10743
2,6,2,21,7429,7723,8018,8385,8933,7351,7245,9154,8884
2,6,2,22,6124,7019,7914,7941,7561,10052,6899,9091,8852
2,6,2,23,6303,7045,7787,7888,7474,7296,7513,8987,8796
2,6,2,24,5484,6131,6777,7779,6831,7135,7232,8876,8691
2,6,2,25,3563,3870,4178,4271,3917,4123,4206,10321,10328
2,7,2,1,12543,10015,7487,8531,8155,9976,9179,16834,12167
2,7,2,2,11608,9426,7244,6827,8945,10691,13813,18692,16841
2,7,2,3,11779,13477,15174,9868,12149,11790,14646,18858,18734
2,7,2,4,10671,12914,15157,14080,12705,12457,13381,18399,18923
2,7,2,5,11009,12910,14811,14787,15458,12563,13821,17277,18390
2,7,2,6,11399,11940,12482,14088,15591,15983,13171,16575,17324
2,7,2,7,10841,11614,12386,11586,14417,14870,15799,15529,16590
2,7,2,8,10530,11472,12414,11510,12161,13576,14620,16322,15553
2,7,2,9,10868,11506,12144,11881,11549,11550,13391,14558,16332
2,7,2,10,10966,11233,11500,11310,11602,11249,11455,13382,14533
2,7,2,11,9786,10909,12033,11007,10970,11143,10945,11548,13380
2,7,2,12,9274,10725,12176,11582,10635,10160,11132,11459,11539
2,7,2,13,8902,9711,10521,11477,11537,9765,9967,11383,11470
2,7,2,14,8493,9485,10478,10173,10616,10800,9676,10911,11361
2,7,2,15,8141,9108,10075,9706,9426,10463,10329,10766,10887
2,7,2,16,4796,7210,9624,9752,9252,9395,9813,10268,10739
2,7,2,17,9705,9461,9218,9310,7668,8770,8921,10294,10267
2,7,2,18,7563,8538,9513,10505,7306,8836,8205,10274,10275
2,7,2,19,8023,9246,10469,10567,6988,8425,7703,10319,10280
2,7,2,20,7448,8134,8820,8081,11066,8064,7357,8902,10337
2,7,2,21,7416,7796,8177,7836,10489,6692,7037,8867,9376
2,7,2,22,6472,6963,7454,7692,7095,6353,6738,8832,9340
2,7,2,23,6332,7218,8104,7298,7250,7312,6415,8776,9308
2,7,2,24,6332,6499,6667,7798,6309,6625,7457,15203,9245
2,7,2,25,3312,3675,4038,4169,3908,4074,4193,9992,9955
2,8,2,1,12782,10200,7618,8990,8264,8867,8327,14446,10963
2,8,2,2,9788,8341,6894,7110,9591,9535,10215,16404,14591
2,8,2,3,10848,12229,13610,8665,10636,11126,12282,16793,16540
2,8,2,4,10822,11979,13135,12321,11411,11393,12206,16545,16940
2,8,2,5,11301,12329,13356,12558,13479,11701,12263,15834,16629
2,8,2,6,11610,11943,12275,12496,13395,13656,12279,15137,15912
2,8,2,7,11678,11806,11935,11414,12879,13031,13671,14583,15190
2,8,2,8,10792,11543,12293,10803,11953,12491,12826,14582,14612
2,8,2,9,11438,11846,12254,11393,10687,11391,12210,13181,14632
2,8,2,10,10635,11050,11466,11296,10916,10550,11165,12370,13180
2,8,2,11,9889,10838,11788,10520,10736,10716,10562,11361,12375
2,8,2,12,9725,10602,11479,11193,10813,10437,10493,11391,11358
2,8,2,13,8010,9220,10431,10883,10835,10278,10260,11150,11377
2,8,2,14,7707,8980,10252,9918,10673,10794,10036,10695,11178
2,8,2,15,7425,8625,9825,9553,9727,10103,10401,10483,10689
2,8,2,16,7183,8316,9448,9234,9135,9319,9452,9852,10492
2,8,2,17,5483,7294,9105,8861,8457,8788,8933,9781,9869
2,8,2,18,8823,8799,8774,8545,8061,7798,8693,9849,9785
2,8,2,19,7652,9057,10461,8226,7772,7444,7727,9844,9856
2,8,2,20,7717,8019,8322,7871,7462,7168,7385,8604,9858
2,8,2,21,7412,7804,8196,7886,7141,6903,7100,8588,8689
2,8,2,22,6672,7256,7840,7885,7826,6576,6832,8514,8666
2,8,2,23,6761,7236,7711,7799,7528,7566,6524,8470,8595
2,8,2,24,5755,6463,7171,7555,7112,6491,7364,8399,8550
2,8,2,25,3499,3793,4088,4254,4255,4246,4401,9490,9497
2,9,2,1,12383,9735,7087,7496,7486,8631,7890,14683,11191
2,9,2,2,8927,8109,7291,7054,6353,8309,10394,16854,14721
2,9,2,3,9988,11392,12797,8887,10471,8965,11566,16986,16910
2,9,2,4,9793,10881,11969,12035,11246,10624,10677,16582,17074
2,9,2,5,10192,11137,12081,11401,13059,11212,11475,15911,16632
2,9,2,6,11707,11662,11617,11696,12706,12962,11876,14861,15965
2,9,2,7,11260,11565,11869,10983,12241,12131,12960,14454,14908
2,9,2,8,10822,11378,11934,11094,11404,11677,12105,13960,14493
2,9,2,9,10635,11049,11463,11162,10859,10986,11630,12511,13995
2,9,2,10,10398,10859,11320,10901,10960,10657,10929,11775,12531
2,9,2,11,9440,10414,11388,10406,10211,10455,10526,10897,11782
2,9,2,12,9086,10337,11588,10968,9908,10178,10622,10790,10900
2,9,2,13,8355,9430,10506,10871,10870,9737,9983,10673,10810
2,9,2,14,8107,8910,9713,9915,10700,10360,9362,10241,10682
2,9,2,15,12722,11266,9811,9472,9601,10235,10000,9987,10250
2,9,2,16,7623,8567,9512,9396,9054,8980,9585,9563,9989
2,9,2,17,2636,5907,9179,9068,8792,8871,8867,9496,9564
2,9,2,18,7817,8677,9536,8789,8502,8816,8351,9432,9508
2,9,2,19,7931,5583,3235,10625,10832,8495,8040,9578,9453
2,9,2,20,8026,8070,8114,4455,11102,6580,7741,8397,9566
2,9,2,21,7683,7776,7870,7901,4776,6348,7477,8395,8407
2,9,2,22,6301,7101,7900,7853,7769,4837,7211,13594,8402
2,9,2,23,6965,7452,7939,7848,7468,7597,5402,13539,13594
2,9,2,24,2853,4994,7135,7847,6844,7060,7390,14377,13539
2,9,2,25,3723,4118,4512,4645,4761,4777,4832,9698,9729
2,1,4,1,12666,12666,12666,12666,2497,12666,12666,12666,12666
2,1,4,2,10645,12740,14834,11980,3098,11757,13954,14658,18581
2,1,4,3,11813,14940,18068,15905,3961,16227,16051,15049,21508
2,1,4,4,11852,14869,17886,16611,4023,16892,16080,14877,21961
2,1,4,5,2882,11212,19543,17284,4304,18527,17399,14987,21700
2,1,4,6,1916,11126,20336,19071,4624,20400,19161,14957,21851
2,1,4,7,1878,1899,1921,19394,4691,20804,19662,14718,21789
2,1,4,8,1834,2192,2549,2576,4663,21040,19852,14440,21429
2,1,4,9,1813,2152,2490,2567,3538,20794,19895,14082,21027
2,1,4,10,1751,2088,2426,2496,1616,2723,19605,13718,20481
2,1,4,11,1699,2040,2381,2429,1561,1816,1869,13297,19967
2,1,4,12,1638,1968,2299,2390,1508,1749,2397,12907,19357
2,1,4,13,1571,1893,2216,2306,1473,1691,2303,14859,18791
2,1,4,14,1477,1802,2126,2215,1417,1649,2218,14377,14859
2,1,4,15,1402,1719,2037,2125,1353,1584,2156,13861,14377
2,1,4,16,1310,1626,1941,2035,1295,1511,2072,13704,13866
2,1,4,17,1229,1544,1858,1939,1234,1442,1965,13458,13716
2,1,4,18,1368,1560,1752,1854,1175,1376,1874,12989,13477
2,1,4,19,1091,1378,1666,1753,1121,1308,1789,12686,12990
2,1,4,20,1033,1311,1588,1889,1061,1252,1702,12374,12684
2,1,4,21,962,1237,1512,1805,1002,1178,3588,12351,12369
2,1,4,22,888,1168,1448,1188,958,1125,3375,11882,12346
2,1,4,23,836,1112,1388,1132,1271,1068,3222,11723,12286
2,1,4,24,803,1051,1299,1086,1219,1020,3073,11599,12114
2,1,4,25,630,821,1013,855,981,841,2599,9349,9324
2,2,4,1,12970,12970,12970,12970,2495,12970,12970,12970,12970
2,2,4,2,10927,12869,14812,11999,2887,11737,12576,15041,19430
2,2,4,3,11983,14939,17895,15647,3725,16670,15446,15395,22620
2,2,4,4,11979,14987,17996,16639,3851,17315,15552,15267,23171
2,2,4,5,4322,12095,19868,17405,4191,19175,16935,15494,22877
2,2,4,6,1584,11155,20726,19426,4508,21356,19154,15582,23134
2,2,4,7,1545,1733,1921,19602,4584,21716,19693,15396,23248
2,2,4,8,1513,1715,1916,2576,4530,22010,19819,15055,22971
2,2,4,9,1506,1686,1866,2308,3539,21650,19957,14640,22456
2,2,4,10,1464,1642,1821,2247,1616,2723,19533,14231,21842
2,2,4,11,1424,1608,1792,2184,1554,2683,1869,13721,21233
2,2,4,12,1374,1554,1734,2150,1501,2568,2397,12913,20472
2,2,4,13,1322,1499,1677,2084,1467,2475,2280,14404,12913
2,2,4,14,1256,1430,1605,2006,1416,2417,2187,13905,15158
2,2,4,15,5355,3451,1547,1920,1355,2330,2135,13435,14627
2,2,4,16,5044,3261,1478,1852,1293,2226,2059,13260,14135
2,2,4,17,1036,3467,5898,1764,1245,2126,1959,13063,13951
2,2,4,18,1368,1356,1344,5115,1185,2045,1867,12645,13748
2,2,4,19,1091,1186,1281,4854,6683,1948,1797,12325,13298
2,2,4,20,1039,1136,1233,1970,6337,3905,1714,11998,12951
2,2,4,21,978,1105,1233,1895,2562,3691,3588,10362,12608
2,2,4,22,923,1054,1184,1188,2464,1433,3418,10338,12662
2,2,4,23,878,1002,1125,1142,1271,1386,3252,10224,10338
2,2,4,24,822,939,1057,1088,1227,1319,3138,8596,10216
2,2,4,25,656,760,864,897,1013,1118,2721,8869,8206
2,3,4,1,12826,12826,12826,12826,2563,12826,12826,12826,12826
2,3,4,2,11166,13813,16459,13079,3305,12644,14008,14787,18911
2,3,4,3,12342,15832,19321,17102,4095,17453,16293,15396,21954
2,3,4,4,12747,16102,19457,17989,4318,18508,16876,15323,22715
2,3,4,5,13215,17212,21209,18838,4627,20508,18379,15434,22471
2,3,4,6,1916,11925,21934,20526,4858,21895,19832,15360,22613
2,3,4,7,1873,11692,21511,20761,4956,22186,20223,15125,22486
2,3,4,8,1824,11517,21209,2251,4926,22490,20317,14799,22126
2,3,4,9,1807,11177,20547,2308,3530,22246,20435,14435,21637
2,3,4,10,1746,10870,19993,2237,1608,2723,20116,14147,21093
2,3,4,11,1678,10593,19508,2163,1538,2058,1869,13616,20659
2,3,4,12,1630,10253,18877,2122,1485,1959,2559,14133,19887
2,3,4,13,1556,9808,18059,2052,1449,1888,2421,14128,14133
2,3,4,14,1479,9419,17358,1959,1395,1838,2323,13557,14115
2,3,4,15,1411,9016,16622,1881,1324,1770,2259,13041,13540
2,3,4,16,1323,8569,15815,1800,1268,1678,2174,12812,13027
2,3,4,17,1254,8186,15118,1711,1211,1604,2055,12589,12801
2,3,4,18,1198,7744,14290,5598,1149,1534,1961,12159,12587
2,3,4,19,1091,7339,13587,5291,6679,1453,1880,11900,12149
2,3,4,20,1045,7043,13041,1970,6315,3905,1781,11612,11884
2,3,4,21,979,1106,1233,1891,2558,3690,3588,11621,11595
2,3,4,22,919,1051,1184,1188,2462,1075,3399,11518,11597
2,3,4,23,851,991,1130,1141,1268,1031,3235,10185,11501
2,3,4,24,767,916,1066,1091,1218,982,3099,8851,10185
2,3,4,25,583,712,842,877,1002,827,2663,9060,9036
2,4,4,1,12547,12547,12547,12547,2505,12547,12547,12547,12547
2,4,4,2,10106,12692,15278,12712,3232,12735,14553,14572,18759
2,4,4,3,11124,14385,17645,16118,3904,16913,16662,15135,21797
2,4,4,4,11755,14807,17860,16936,4050,17706,17112,15045,22489
2,4,4,5,12369,15651,18933,17652,4269,19020,17934,14926,22053
2,4,4,6,12497,15922,19347,18737,4452,19993,18838,14737,21939
2,4,4,7,12203,7062,1921,18918,4508,20232,19043,14450,21661
2,4,4,8,11914,7232,2549,18598,4475,20390,19171,14109,21224
2,4,4,9,11789,7136,2482,2308,4374,20166,19183,13803,20714
2,4,4,10,11556,6993,2429,2234,1615,2723,18885,13429,20254
2,4,4,11,11159,6757,2356,2162,1548,1816,1869,12956,19701
2,4,4,12,10980,6634,2288,2119,1496,1744,3862,14679,19012
2,4,4,13,10411,6290,2169,2059,1458,1675,3682,14260,14679
2,4,4,14,9992,6046,2100,1947,1413,1637,3539,13708,14260
2,4,4,15,5355,3682,2009,1883,1330,1583,3438,13178,13710
2,4,4,16,5098,3507,1916,1800,1280,1493,3333,12950,13185
2,4,4,17,711,3305,5898,1715,1215,1430,3126,12725,12957
2,4,4,18,688,3128,5567,5598,1161,1365,2996,12272,12738
2,4,4,19,640,2950,5260,5292,1104,1298,2857,12029,12277
2,4,4,20,630,2842,5053,1889,1046,1239,2716,11770,12025
2,4,4,21,580,2674,4768,1815,2561,1173,2588,11743,11770
2,4,4,22,557,2557,4557,1715,2484,1108,2462,11616,11736
2,4,4,23,507,2413,4319,1641,2343,1069,2325,11517,11614
2,4,4,24,467,2288,4108,1552,2251,1016,2249,9902,11510
2,4,4,25,326,1688,3051,1182,1719,799,1815,7949,8926
2,5,4,1,12379,12379,12379,12379,2498,12379,12379,12379,12379
2,5,4,2,10215,12830,15444,12135,3214,13106,13732,14082,18634
2,5,4,3,11436,14834,18232,15491,3803,16809,16883,14524,21440
2,5,4,4,11762,15038,18314,16550,4021,17563,16980,14451,21874
2,5,4,5,4322,11982,19642,17291,4244,19019,17840,14481,21609
2,5,4,6,4405,12286,20167,18539,4423,20075,18857,14314,21655
2,5,4,7,4271,3096,1921,18727,4497,20305,19239,14135,21404
2,5,4,8,4134,3701,3268,2576,4452,20549,19324,13905,21121
2,5,4,9,4175,3657,3139,858,3538,20238,19409,13602,20771
2,5,4,10,4122,3585,3048,825,3477,2723,19018,13337,20308
2,5,4,11,3958,3483,3009,797,3306,2675,1869,12861,19911
2,5,4,12,3836,3389,2942,789,3178,2539,1829,13817,19205
2,5,4,13,3703,3257,2811,772,3129,2431,1729,14212,13817
2,5,4,14,3523,3114,2704,736,3046,2392,1652,13571,13931
2,5,4,15,4590,3597,2603,708,2884,2324,1619,13129,13306
2,5,4,16,2518,2501,2484,681,2767,2201,1572,12974,12872
2,5,4,17,1506,3702,5898,649,2658,2110,1484,12835,12725
2,5,4,18,1368,1356,1344,5598,2530,2027,1423,12368,12592
2,5,4,19,1329,1304,1279,2674,6683,1929,1368,12085,12136
2,5,4,20,630,929,1228,2051,6401,3905,1303,11852,11852
2,5,4,21,588,910,1233,1971,3837,3733,3588,11836,11617
2,5,4,22,558,868,1178,1188,3690,1720,3432,12416,11598
2,5,4,23,527,819,1112,1135,1270,1655,3272,10210,11084
2,5,4,24,480,768,1055,1076,1221,1574,3148,9216,10957
2,5,4,25,358,584,810,844,963,1270,2596,9220,9188
2,6,4,1,12730,12730,12730,12730,2500,12730,12730,12730,12730
2,6,4,2,10930,13864,16798,13823,3545,14545,15533,14300,18615
2,6,4,3,12094,15785,19475,17010,4130,18309,18457,14771,21101
2,6,4,4,12592,16193,19794,17882,4256,19061,18605,14584,21459
2,6,4,5,12958,17000,21042,18894,4486,20246,19372,14504,21138
2,6,4,6,13114,17267,21421,19949,4673,21143,19944,14293,21066
2,6,4,7,12679,7300,1921,19977,4692,21510,20215,14037,20758
2,6,4,8,12244,7068,1891,2576,4643,21514,20420,13776,20372
2,6,4,9,12167,6990,1812,2541,3538,21140,20288,13532,19980
2,6,4,10,11875,6813,1751,2428,3464,2723,19832,13209,19600
2,6,4,11,11329,6522,1715,2338,3284,2661,1869,12741,19143
2,6,4,12,10992,6330,1668,2299,3149,2516,1822,14672,18467
2,6,4,13,10519,6049,1578,2230,3076,2405,1712,14310,14672
2,6,4,14,10000,5759,1519,2106,2967,2343,1636,13655,14318
2,6,4,15,5355,3403,1450,2025,2798,2262,1590,13201,13666
2,6,4,16,5096,3236,1376,1939,2680,2128,1536,13010,13214
2,6,4,17,4821,3067,1313,1839,2562,2040,1441,12859,13031
2,6,4,18,1368,1309,1251,1755,2427,1951,1382,12354,12882
2,6,4,19,1091,1137,1183,1672,2317,1851,1322,12131,12375
2,6,4,20,630,881,1131,1585,2203,3905,1253,11885,12151
2,6,4,21,592,912,1233,1516,2099,3721,3588,11844,11897
2,6,4,22,561,872,1183,1188,2002,3535,3417,13005,11854
2,6,4,23,525,824,1123,1132,1270,3395,3262,12857,11776
2,6,4,24,480,770,1061,1079,1203,3213,3135,12697,11634
2,6,4,25,348,574,801,833,949,2574,2536,11449,11449
2,7,4,1,13098,13098,13098,13098,2494,13098,13098,13098,13098
2,7,4,2,11959,14455,16951,14272,3364,14515,16242,14874,19093
2,7,4,3,13552,16996,20439,18153,4052,18435,18776,15347,21813
2,7,4,4,14234,17709,21184,19368,4251,19194,18805,15106,22400
2,7,4,5,2161,12390,22618,20437,4449,20766,19767,15002,21823
2,7,4,6,1916,12400,22884,21463,4558,21354,20572,14723,21712
2,7,4,7,1836,1878,1921,21460,4610,21560,20726,14412,21304
2,7,4,8,1770,2159,2549,21012,4545,21728,20761,14144,20847
2,7,4,9,1770,2092,2414,20723,4407,21336,20797,13886,20448
2,7,4,10,1721,2027,2332,19645,4314,2723,20275,13588,20064
2,7,4,11,1622,1949,2276,18777,4042,2664,1869,13049,19645
2,7,4,12,1577,1898,2219,18492,3865,2493,2397,14417,18871
2,7,4,13,1518,1804,2091,17996,3777,2379,2233,14039,13241
2,7,4,14,1448,1733,2018,16956,3663,2320,2127,13293,12891
2,7,4,15,5355,3646,1936,16345,3441,2250,2069,12893,12215
2,7,4,16,5110,3480,1849,15703,3311,2110,2005,12682,11850
2,7,4,17,1360,3629,5898,14992,3178,2032,1878,12537,11656
2,7,4,18,1296,3467,5638,5598,3028,1952,1811,12032,11524
2,7,4,19,545,2938,5330,5351,6683,1862,1736,11810,11065
2,7,4,20,630,2861,5091,1970,6391,3905,1658,11597,10852
2,7,4,21,591,912,1233,1881,3200,3739,3588,11551,10648
2,7,4,22,565,870,1175,1188,3063,1433,3436,13495,10607
2,7,4,23,532,829,1126,1132,1271,1371,3271,13410,13495
2,7,4,24,482,777,1071,1088,1217,1297,3130,13329,13403
2,7,4,25,334,564,795,834,958,1043,2562,9456,9451
2,8,4,1,12556,12556,12556,12556,2493,12556,12556,12556,12556
2,8,4,2,10520,12889,15259,12773,3234,12743,13727,14416,18316
2,8,4,3,11824,14882,17940,15530,3802,16543,16807,14838,20974
2,8,4,4,12314,15255,18195,16638,4018,17435,17353,14683,21403
2,8,4,5,4322,11877,19432,17367,4213,18827,18176,14630,20953
2,8,4,6,1938,10916,19894,18473,4304,19491,18988,14412,20879
2,8,4,7,1870,1895,1921,18618,4369,19597,19245,14138,20549
2,8,4,8,1811,2201,2591,2999,4332,19811,19239,13857,20138
2,8,4,9,1819,2150,2481,2308,3539,19560,19347,13538,19729
2,8,4,10,1789,2101,2412,2215,1616,4109,19070,13191,19260
2,8,4,11,1723,2051,2379,2154,1542,1816,1869,12747,18770
2,8,4,12,1681,2006,2331,2131,1491,1733,2397,13803,18138
2,8,4,13,1619,1928,2237,2085,1468,1676,2291,13047,13803
2,8,4,14,1558,1864,2169,2003,1432,1647,2203,12524,12498
2,8,4,15,4284,3187,2090,1942,1369,1608,2165,12033,11995
2,8,4,16,4145,3078,2010,1873,1320,1535,2113,11897,11531
2,8,4,17,1144,3521,5898,1797,1272,1481,2010,11755,11403
2,8,4,18,1099,1222,1344,5598,1213,1426,1942,11301,11266
2,8,4,19,773,1030,1286,2674,6683,1361,1870,11093,10830
2,8,4,20,630,931,1232,1970,6417,3905,1787,10882,10623
2,8,4,21,597,915,1233,1892,2562,3761,3588,11284,10424
2,8,4,22,562,874,1187,1188,2455,1075,3453,11516,11284
2,8,4,23,528,832,1136,1141,1271,1032,3297,11044,12156
2,8,4,24,484,779,1073,1099,1218,979,3164,8093,11044
2,8,4,25,342,569,796,830,948,781,2591,10634,9870
2,9,4,1,12990,12990,12990,12990,2494,12990,12990,12990,12990
2,9,4,2,10634,13052,15470,12712,3167,12452,13673,14705,18391
2,9,4,3,11906,15197,18487,16204,3800,16538,17000,15038,21042
2,9,4,4,12248,15449,18651,17452,4061,17550,17300,14819,21530
2,9,4,5,4026,12054,20083,18097,4304,19376,18259,14890,21016
2,9,4,6,3421,11989,20556,19420,4443,20505,19747,14719,21047
2,9,4,7,3304,2559,1813,19611,4510,20686,20109,14586,20774
2,9,4,8,3251,3160,3069,3805,4475,20917,20149,14332,20571
2,9,4,9,3244,3099,2955,2787,3522,20614,20170,14040,20210
2,9,4,10,3205,3056,2906,2689,1547,1755,19964,13692,19791
2,9,4,11,3098,2978,2858,2628,1478,1843,1499,13262,19301
2,9,4,12,3024,2914,2804,2600,1443,1771,2397,13710,18699
2,9,4,13,2921,2811,2701,2550,1419,1718,2292,13530,13685
2,9,4,14,2834,2730,2626,2460,1389,1693,2226,12943,13416
2,9,4,15,5926,4228,2530,2388,1330,1653,2179,12530,12832
2,9,4,16,839,1646,2453,2308,1294,1588,2132,12451,12423
2,9,4,17,1422,4281,7139,2228,1243,1537,2044,12368,12351
2,9,4,18,1270,1307,1344,6301,1202,1483,1974,11996,12267
2,9,4,19,892,1089,1286,2674,5890,1429,1904,11756,11901
2,9,4,20,630,932,1233,1971,5705,4787,1833,11545,11661
2,9,4,21,590,911,1233,1890,3172,4619,4603,12894,11447
2,9,4,22,557,871,1186,1188,3047,1842,4439,12850,13002
2,9,4,23,522,822,1121,1141,1271,1770,4248,10994,13080
2,9,4,24,479,778,1077,1089,1226,1687,4083,9362,10874
2,9,4,25,379,622,866,895,1021,1440,3535,9819,9686
2,1,5,1,7710,7085,6461,5764,4496,6259,6904,9220,4710
2,1,5,2,2855,5069,7283,6690,6193,3652,6517,12450,9274
2,1,5,3,3168,6285,9402,9340,10197,6321,7097,12666,12602
2,1,5,4,3178,5388,7598,9353,10325,9159,7585,12675,12926
2,1,5,5,3363,5832,8301,8871,9457,9183,9258,12553,12455
2,1,5,6,3490,6064,8638,9789,12174,9449,10720,13418,12214
2,1,5,7,3421,5970,8518,9955,12350,11160,10109,12498,13379
2,1,5,8,3342,5912,8482,9782,12277,11286,12404,12404,12482
2,1,5,9,3303,5795,8287,9746,11963,11155,12431,10585,12374
2,1,5,10,3189,5632,8074,9478,11797,10876,12250,10312,10576
2,1,5,11,3096,5510,7925,9225,11398,10711,11903,9995,10310
2,1,5,12,2984,5317,7649,9075,11015,10314,11678,9702,9996
2,1,5,13,2862,5118,7375,8754,10755,9974,11217,9452,9703
2,1,5,14,2691,4884,7077,8412,10345,9725,10805,9145,9452
2,1,5,15,2554,4666,6778,8070,9881,9345,10502,8817,9146
2,1,5,16,2387,4424,6460,7725,9455,8911,10095,8718,8821
2,1,5,17,2240,4212,6184,7363,9009,8507,9572,8561,8725
2,1,5,18,2104,3968,5831,7042,8584,8113,9129,8262,8574
2,1,5,19,1979,3761,5544,6655,8187,7714,8713,8070,8263
2,1,5,20,1874,3580,5285,6300,7748,7382,8290,7871,8069
2,1,5,21,1745,3389,5033,6022,7318,6949,7923,7857,7869
2,1,5,22,1611,3214,4817,5754,6996,6635,7453,7818,7854
2,1,5,23,1517,3069,4621,5485,6676,6302,7116,7713,7816
2,1,5,24,1457,2891,4324,5264,6407,6015,6786,7632,7707
2,1,5,25,1143,2256,3370,4143,5154,4959,5739,7114,7194
2,2,5,1,7886,7349,6813,5706,4758,5870,6558,8378,4566
2,2,5,2,7999,7024,6048,6186,5266,4467,6193,11922,8446
2,2,5,3,8772,8684,8595,8819,9651,6600,6611,12324,12122
2,2,5,4,8769,8499,8229,9311,9917,9154,7664,12461,12882
2,2,5,5,9428,9256,9085,7308,9309,9535,9543,12017,12304
2,2,5,6,9847,9662,9477,8157,10237,9485,10127,13228,11562
2,2,5,7,9606,9467,9328,8231,10408,7598,9759,12011,13250
2,2,5,8,9406,9356,9307,8124,10286,7701,7332,11886,12031
2,2,5,9,9362,9212,9062,8096,10059,7575,7383,10516,11904
2,2,5,10,9097,8971,8845,7882,9928,7419,7226,10222,10538
2,2,5,11,8849,8775,8702,7658,9549,7311,7054,9856,10244
2,2,5,12,8540,8481,8422,7540,9221,6997,6941,9608,9877
2,2,5,13,8216,8180,8144,7309,9011,6743,6601,9354,9629
2,2,5,14,7808,7800,7793,7034,8703,6585,6333,9030,9375
2,2,5,15,7443,7477,7511,6733,8325,6347,6182,8725,9046
2,2,5,16,7011,7094,7177,6495,7947,6064,5960,8612,8742
2,2,5,17,6663,6757,6852,6188,7652,5793,5673,8484,8628
2,2,5,18,6379,6442,6505,5917,7278,5572,5407,8212,8503
2,2,5,19,6080,6139,6198,5615,6954,5308,5203,8004,8224
2,2,5,20,5793,5879,5965,5360,6594,5083,4962,7792,8010
2,2,5,21,5451,5578,5705,5158,6312,4805,4748,7781,7797
2,2,5,22,5145,5313,5480,4935,6070,4608,4523,7718,7783
2,2,5,23,4897,5052,5208,4744,5796,4456,4303,7633,7724
2,2,5,24,4581,4736,4891,4521,5596,4242,4152,7579,7633
2,2,5,25,3658,3828,3998,3728,4623,3596,3600,7128,7208
2,3,5,1,7909,7593,7278,6718,4820,5972,6779,9937,5002
2,3,5,2,9389,8064,6739,6098,7078,4378,6762,12402,10119
2,3,5,3,10377,9280,8183,8339,9536,7074,7523,13198,13085
2,3,5,4,10717,9620,8523,8695,10441,9444,8487,13795,14393
2,3,5,5,11111,10201,9290,8493,9715,9561,10109,12859,13590
2,3,5,6,11271,10440,9608,9253,10232,10562,10634,13820,12406
2,3,5,7,11022,10222,9423,9360,10439,10648,10651,12840,13823
2,3,5,8,10734,10012,9290,9195,10376,10794,11151,11998,12823
2,3,5,9,10633,9817,9000,9055,10116,10677,11216,10488,11992
2,3,5,10,10274,9516,8758,8774,9882,10404,11041,10279,10466
2,3,5,11,9875,9210,8545,8485,9452,10163,10721,9893,10250
2,3,5,12,9589,8929,8269,8323,9128,9676,10454,9634,9867
2,3,5,13,9157,8534,7911,8047,8902,9324,9892,9362,9607
2,3,5,14,8703,8153,7604,7685,8574,9076,9488,8984,9338
2,3,5,15,8301,7791,7281,7379,8135,8743,9228,8642,8957
2,3,5,16,7784,7356,6928,7059,7793,8286,8882,8490,8618
2,3,5,17,7377,7000,6622,6711,7441,7922,8395,8343,8469
2,3,5,18,7049,6654,6259,6412,7058,7577,8012,8058,8327
2,3,5,19,6607,6279,5952,6060,6732,7178,7680,7886,8037
2,3,5,20,6328,6020,5713,5766,6365,6847,7275,7695,7862
2,3,5,21,5931,5676,5421,5536,6044,6470,6930,7699,7671
2,3,5,22,5566,5386,5206,5258,5817,6167,6565,7631,7672
2,3,5,23,5157,5065,4972,5054,5525,5919,6248,7543,7609
2,3,5,24,4647,4667,4687,4832,5310,5635,5985,7474,7520
2,3,5,25,3532,3617,3703,3884,4367,4746,5144,7097,7138
2,4,5,1,9577,8314,7051,6237,4548,6330,7012,9843,5308
2,4,5,2,1797,3856,5915,6385,6263,4554,6906,12563,10081
2,4,5,3,1978,4948,7917,9274,10255,6314,7619,13658,13462
2,4,5,4,2090,5503,8916,8699,10810,9729,7975,14156,14938
2,4,5,5,2199,5825,9452,8130,9517,10237,10410,13569,13901
2,4,5,6,2222,5940,9658,8629,9686,9947,11490,13986,12760
2,4,5,7,2170,5843,9516,8712,9809,8579,9653,13063,13997
2,4,5,8,2118,5767,9415,8565,9738,8646,9268,12570,13082
2,4,5,9,2096,5633,9170,8480,9517,8551,9274,10651,12429
2,4,5,10,2054,5514,8974,8206,9329,8375,9130,10363,10603
2,4,5,11,1984,5344,8704,7943,8944,8184,8921,9998,10313
2,4,5,12,1952,5202,8451,7782,8646,7861,8689,9759,9953
2,4,5,13,1851,4932,8013,7563,8424,7551,8284,9473,9713
2,4,5,14,1776,4768,7759,7152,8164,7378,7963,9106,9428
2,4,5,15,1687,4555,7422,6915,7686,7135,7736,8754,9065
2,4,5,16,1606,4343,7079,6611,7396,6729,7500,8603,8718
2,4,5,17,1508,4120,6733,6299,7020,6444,7034,8453,8567
2,4,5,18,1459,3907,6355,6009,6710,6152,6742,8152,8422
2,4,5,19,1356,3680,6004,5681,6379,5849,6427,7991,8118
2,4,5,20,1311,3540,5769,5366,6045,5585,6111,7819,7951
2,4,5,21,1206,3324,5443,5157,5699,5287,5823,7801,7782
2,4,5,22,1158,3180,5202,4872,5526,4994,5539,7716,7760
2,4,5,23,1055,2993,4931,4663,5213,4818,5231,7651,7679
2,4,5,24,972,2831,4690,4410,5008,4578,5061,7540,7610
2,4,5,25,677,2080,3483,3358,3825,3600,4084,7103,7131
2,5,5,1,7736,7557,7378,6574,5135,6053,6449,9918,4996
2,5,5,2,4473,5616,6759,6133,6810,4693,6939,12270,10133
2,5,5,3,5008,6627,8246,8877,9292,7395,7675,12846,12759
2,5,5,4,5150,6228,7305,8898,10346,9311,8230,12974,13636
2,5,5,5,5333,6584,7835,6626,9526,10114,9871,12021,12864
2,5,5,6,5435,6739,8044,7105,8101,9510,10727,13428,11802
2,5,5,7,5269,6602,7934,7177,8237,8765,9904,12422,13399
2,5,5,8,5101,6479,7858,7073,8154,8870,8504,12042,12463
2,5,5,9,5151,6349,7547,7001,7965,8735,8541,10234,12082
2,5,5,10,5086,6207,7329,6726,7828,8515,8369,10035,10241
2,5,5,11,4883,6059,7234,6504,7443,8366,8152,9677,10041
2,5,5,12,4733,5903,7074,6434,7154,7939,7982,9427,9684
2,5,5,13,4569,5663,6758,6293,7044,7601,7544,9169,9434
2,5,5,14,4347,5424,6501,5999,6857,7478,7208,8755,9177
2,5,5,15,4153,5206,6258,5776,6491,7267,7065,8470,8765
2,5,5,16,3961,4966,5972,5552,6228,6881,6857,8370,8479
2,5,5,17,3771,4738,5705,5296,5983,6598,6476,8280,8383
2,5,5,18,3602,4527,5452,5068,5695,6337,6207,7979,8295
2,5,5,19,3374,4280,5187,4847,5440,6033,5969,7797,7994
2,5,5,20,3215,4097,4979,4612,5210,5780,5685,7646,7807
2,5,5,21,3002,3866,4730,4434,4957,5526,5446,7636,7653
2,5,5,22,2849,3685,4522,4206,4767,5262,5209,7579,7640
2,5,5,23,2690,3478,4266,4018,4510,5064,4967,7497,7587
2,5,5,24,2451,3250,4049,3810,4332,4816,4778,7439,7500
2,5,5,25,1827,2467,3107,2988,3418,3888,3941,6942,7022
2,6,5,1,8146,7839,7532,6812,4539,6737,7311,11000,5991
2,6,5,2,1267,4202,7138,6389,9975,4145,7962,13196,11227
2,6,5,3,1402,5152,8902,10652,11121,7861,8251,14056,13913
2,6,5,4,1459,4768,8077,9894,11362,9607,9877,14544,15297
2,6,5,5,1502,5044,8586,8491,9811,10649,10765,13255,14251
2,6,5,6,1520,5130,8740,8966,12245,10270,11614,14546,12951
2,6,5,7,1470,5026,8582,8978,12295,12394,10635,13501,14467
2,6,5,8,1419,4935,8451,8812,12166,12396,11903,12955,13452
2,6,5,9,1410,4754,8098,8691,11801,12181,11826,10993,12868
2,6,5,10,1376,4599,7823,8307,11555,11833,11560,10730,11130
2,6,5,11,1313,4488,7663,7999,10954,11563,11187,10350,10870
2,6,5,12,1274,4363,7452,7863,10503,10934,10911,10050,10486
2,6,5,13,1219,4135,7051,7630,10261,10452,10250,9802,10181
2,6,5,14,1159,3972,6786,7204,9896,10180,9792,9354,9935
2,6,5,15,1105,3792,6479,6927,9332,9830,9522,9042,9483
2,6,5,16,1051,3601,6150,6633,8941,9248,9194,8912,9169
2,6,5,17,995,3430,5866,6291,8544,8863,8629,8808,9042
2,6,5,18,945,3267,5588,6002,8094,8477,8272,8462,8939
2,6,5,19,889,3088,5287,5719,7730,8044,7913,8309,8587
2,6,5,20,845,2950,5054,5422,7347,7680,7501,8141,8432
2,6,5,21,795,2779,4764,5186,7001,7318,7167,8113,8256
2,6,5,22,753,2662,4571,4886,6679,6953,6824,8056,8226
2,6,5,23,704,2521,4339,4655,6346,6678,6515,7965,8174
2,6,5,24,644,2372,4099,4439,6009,6319,6262,7866,8076
2,6,5,25,467,1781,3095,3428,4742,5063,5065,7341,7530
2,7,5,1,7006,6687,6368,5907,5052,5836,6509,10398,5669
2,7,5,2,3924,5446,6969,6500,6487,3717,7490,12623,10576
2,7,5,3,4447,6394,8340,8112,9697,7102,7777,13466,12979
2,7,5,4,4670,6678,8685,8501,9376,9224,8345,13438,15563
2,7,5,5,4721,6998,9274,8855,8908,9092,9863,12358,13187
2,7,5,6,4737,7060,9382,9299,9164,9452,9702,13570,12113
2,7,5,7,4539,6863,9186,9298,9268,9307,9590,12190,13538
2,7,5,8,4376,6721,9066,9104,9136,9379,8847,12028,12232
2,7,5,9,4377,6483,8588,8979,8859,9210,8862,10354,12054
2,7,5,10,4256,6276,8295,8512,8672,8922,8640,10132,10303
2,7,5,11,4010,6053,8097,8136,8126,8728,8358,9730,10088
2,7,5,12,3899,5897,7895,8012,7771,8169,8164,9457,9690
2,7,5,13,3754,5596,7438,7797,7593,7794,7604,9209,9423
2,7,5,14,3581,5380,7178,7347,7364,7600,7242,8720,9174
2,7,5,15,3433,5159,6886,7082,6917,7370,7047,8458,8693
2,7,5,16,3275,4927,6578,6804,6657,6912,6829,8319,8433
2,7,5,17,3068,4684,6300,6496,6389,6659,6397,8224,8295
2,7,5,18,2925,4473,6022,6228,6088,6396,6165,7892,8201
2,7,5,19,2727,4210,5693,5953,5823,6099,5913,7747,7875
2,7,5,20,2596,4017,5438,5642,5568,5837,5647,7607,7723
2,7,5,21,2436,3787,5138,5389,5278,5589,5401,7577,7578
2,7,5,22,2329,3613,4898,5094,5051,5306,5172,7548,7549
2,7,5,23,2192,3443,4694,4854,4772,5078,4924,7500,7523
2,7,5,24,1986,3225,4465,4666,4570,4804,4711,7455,7472
2,7,5,25,1374,2344,3314,3577,3598,3863,3857,6963,7023
2,8,5,1,8769,7793,6816,6154,4844,6100,6577,9557,4874
2,8,5,2,3091,5118,7146,7245,6783,4392,6570,11980,9726
2,8,5,3,3474,6052,8629,9366,9751,7169,7259,12145,12226
2,8,5,4,3618,6953,10287,8983,9962,8912,8216,12347,12639
2,8,5,5,3660,7323,10987,9514,9267,9514,9831,12227,12191
2,8,5,6,3691,7470,11248,10120,9493,9402,10595,13013,11613
2,8,5,7,3562,7288,11014,10199,9637,9457,9657,12053,13061
2,8,5,8,3450,7190,10929,10007,9555,9560,10046,11685,12041
2,8,5,9,3465,6966,10468,9923,9328,9439,10102,10200,11695
2,8,5,10,3409,6791,10174,9520,9185,9233,9958,9938,10177
2,8,5,11,3283,6659,10035,9257,8764,9092,9726,9604,9918
2,8,5,12,3202,6517,9831,9160,8477,8675,9550,9357,9584
2,8,5,13,3085,6261,9436,8963,8344,8392,9124,9133,9339
2,8,5,14,2968,6060,9151,8609,8138,8245,8777,8766,9117
2,8,5,15,2860,5839,8818,8346,7781,8052,8625,8423,8750
2,8,5,16,2767,5623,8480,8050,7503,7687,8417,8328,8412
2,8,5,17,2637,5404,8172,7725,7230,7413,8006,8228,8319
2,8,5,18,2534,5204,7874,7450,6892,7138,7737,7910,8219
2,8,5,19,2391,4963,7535,7172,6644,6813,7448,7765,7900
2,8,5,20,2293,4756,7218,6862,6379,6560,7119,7617,7750
2,8,5,21,2172,4520,6869,6590,6105,6318,6844,7604,7604
2,8,5,22,2044,4330,6615,6275,5851,6019,6586,7538,7585
2,8,5,23,1922,4125,6329,6030,5576,5781,6289,7499,7522
2,8,5,24,1763,3872,5981,5807,5344,5484,6034,7436,7483
2,8,5,25,1244,2840,4437,4386,4159,4375,4942,7031,7073
2,9,5,1,7292,7128,6964,6237,4700,5556,6763,10049,5173
2,9,5,2,6252,5958,5664,6397,6796,4198,5415,12092,10153
2,9,5,3,7000,7351,7703,8283,9583,7327,6470,11877,12314
2,9,5,4,7201,7625,8049,8286,9410,9034,7629,11846,12264
2,9,5,5,7478,8072,8667,8059,8639,8785,9029,11532,11812
2,9,5,6,7595,8233,8872,8648,9961,9566,9608,12645,11201
2,9,5,7,7336,8032,8728,8734,10111,9653,9200,11560,12654
2,9,5,8,7217,7929,8642,8595,10032,9761,8716,11318,11575
2,9,5,9,7201,7762,8323,8517,9791,9620,8725,9850,11327
2,9,5,10,7115,7650,8185,8216,9643,9461,8636,9606,9892
2,9,5,11,6877,7463,8049,8030,9212,9291,8449,9304,9647
2,9,5,12,6713,7305,7897,7946,8997,8927,8311,9097,9346
2,9,5,13,6485,7047,7608,7793,8849,8662,7946,8871,9138
2,9,5,14,6293,6844,7394,7518,8662,8534,7717,8486,8909
2,9,5,15,6090,6608,7126,7297,8292,8330,7556,8215,8521
2,9,5,16,5907,6408,6909,7053,8066,8007,7389,8163,8250
2,9,5,17,5639,6153,6667,6807,7750,7745,7085,8109,8202
2,9,5,18,5398,5940,6482,6598,7494,7476,6842,7865,8146
2,9,5,19,5125,5662,6199,6387,7225,7204,6600,7707,7903
2,9,5,20,4900,5424,5948,6115,6998,6962,6354,7569,7744
2,9,5,21,4586,5130,5675,5862,6691,6716,6138,7568,7602
2,9,5,22,4331,4895,5460,5605,6428,6439,5920,7527,7597
2,9,5,23,4062,4613,5163,5384,6121,6184,5664,7497,7557
2,9,5,24,3724,4341,4958,5140,5904,5896,5444,7507,7527
2,9,5,25,2947,3466,3985,4225,4920,5031,4714,7117,7213
2,1,6,1,9704,9704,9704,9704,9704,6714,6446,12363,7046
2,1,6,2,8156,9761,11366,9179,12041,6232,8370,14665,12336
2,1,6,3,9050,11447,13843,12186,15393,8602,9628,14564,14660
2,1,6,4,9080,11392,13704,12726,15637,8954,9645,14397,14619
2,1,6,5,9609,12291,14973,13242,16728,9821,10436,14504,14445
2,1,6,6,9971,12776,15581,14612,17971,10814,11493,14475,14546
2,1,6,7,9774,12569,15364,14859,18231,11028,11794,14244,14504
2,1,6,8,9548,12423,15298,14601,18123,11153,11908,13974,14265
2,1,6,9,9436,12192,14948,14548,17659,11023,11933,13628,13997
2,1,6,10,9112,11837,14563,14148,17415,10747,11760,13276,13634
2,1,6,11,8844,11569,14293,13769,16825,10584,11427,12869,13291
2,1,6,12,8526,11161,13797,13545,16260,10192,11211,12491,12886
2,1,6,13,8175,10739,13303,13067,15876,9857,10769,12169,12509
2,1,6,14,7689,10226,12764,12556,15271,9611,10373,11774,12185
2,1,6,15,7297,9761,12225,12046,14586,9235,10082,11351,11790
2,1,6,16,6821,9236,11652,11532,13957,8806,9691,11223,11371
2,1,6,17,6398,8776,11153,10990,13299,8407,9189,11022,11248
2,1,6,18,6012,8265,10518,10511,12671,8017,8764,10637,11053
2,1,6,19,5652,7826,10000,9933,12086,7623,8364,10389,10653
2,1,6,20,5353,7443,9533,9405,11437,7295,7959,10134,10402
2,1,6,21,4986,7032,9077,8989,10802,6867,7606,10116,10144
2,1,6,22,4602,6646,8689,8589,10327,6557,7155,10065,10125
2,1,6,23,4334,6334,8334,8188,9854,6228,6831,9930,10076
2,1,6,24,4162,5981,7800,7857,9458,5944,6514,9825,9935
2,1,6,25,3265,4672,6079,6184,7607,4901,5509,9159,9274
2,2,6,1,9582,9582,9582,9582,9582,6699,6989,12213,6950
2,2,6,2,8072,9507,10943,8865,11087,6062,7872,14607,12239
2,2,6,3,8853,11037,13221,11560,14305,8610,9669,14322,14630
2,2,6,4,8850,11072,13295,12292,14790,8943,9735,14204,14300
2,2,6,5,9514,12096,14678,12858,16095,9904,10601,14415,14118
2,2,6,6,9938,12625,15312,14351,17316,11031,11990,14496,14277
2,2,6,7,9694,12382,15071,14482,17605,11217,12327,14323,14348
2,2,6,8,9492,12264,15036,14293,17399,11369,12407,14006,14176
2,2,6,9,9447,12044,14641,14244,17016,11183,12492,13620,13858
2,2,6,10,9180,11735,14290,13868,16794,10952,12227,13240,13480
2,2,6,11,8930,11494,14059,13474,16151,10792,11936,12765,13104
2,2,6,12,8618,11113,13607,13267,15597,10329,11745,12444,12634
2,2,6,13,8291,10724,13157,12860,15243,9954,11170,12115,12317
2,2,6,14,7879,10235,12591,12376,14721,9721,10716,11696,11992
2,2,6,15,7511,9824,12136,11847,14082,9370,10461,11301,11571
2,2,6,16,7075,9335,11596,11428,13443,8952,10085,11153,11182
2,2,6,17,6724,8897,11071,10887,12943,8552,9600,10988,11037
2,2,6,18,6437,8473,10509,10411,12311,8226,9149,10636,10876
2,2,6,19,6136,8075,10014,9879,11762,7836,8804,10367,10520
2,2,6,20,5846,7742,9638,9431,11153,7503,8396,10092,10246
2,2,6,21,5501,7359,9217,9075,10676,7093,8033,10077,9974
2,2,6,22,5192,7023,8854,8682,10268,6803,7653,9996,9956
2,2,6,23,4942,6678,8415,8347,9804,6579,7281,9886,9880
2,2,6,24,4623,6262,7901,7955,9466,6262,7026,9816,9763
2,2,6,25,3691,5076,6460,6558,7819,5309,6092,9232,9220
2,3,6,1,9148,9148,9148,9148,9148,5908,7420,10871,7426
2,3,6,2,7965,9852,11739,9329,11797,5824,5918,14037,10968
2,3,6,3,8803,11292,13781,12198,14617,8039,6884,14248,14135
2,3,6,4,9092,11485,13878,12831,15413,8526,7130,14180,14180
2,3,6,5,9426,12276,15127,13436,16516,9447,7765,14283,14028
2,3,6,6,9561,12603,15645,14640,17341,10086,8379,14214,14117
2,3,6,7,9350,12346,15343,14808,17691,10220,8544,13997,14037
2,3,6,8,9106,12117,15128,14549,17584,10360,8584,13695,13813
2,3,6,9,9020,11838,14655,14326,17143,10247,8634,13358,13507
2,3,6,10,8715,11488,14260,13881,16748,9985,8499,13092,13168
2,3,6,11,8377,11146,13914,13424,16019,9754,8253,12600,12897
2,3,6,12,8135,10799,13464,13167,15468,9286,8048,12270,12415
2,3,6,13,7768,10324,12881,12732,15086,8949,7614,11925,12088
2,3,6,14,7382,9882,12381,12159,14530,8711,7304,11443,11748
2,3,6,15,7042,9449,11855,11675,13787,8391,7103,11007,11270
2,3,6,16,6604,8942,11280,11169,13207,7952,6837,10814,10843
2,3,6,17,6258,8520,10783,10617,12610,7603,6462,10626,10655
2,3,6,18,5980,8086,10192,10144,11962,7272,6167,10263,10477
2,3,6,19,5605,7648,9691,9587,11409,6889,5912,10044,10112
2,3,6,20,5368,7335,9302,9123,10787,6571,5600,9801,9891
2,3,6,21,5032,6930,8828,8759,10243,6210,5334,9806,9651
2,3,6,22,4722,6599,8477,8319,9858,5918,5053,9719,9653
2,3,6,23,4375,6235,8095,7996,9363,5680,4810,9608,9573
2,3,6,24,3942,5787,7631,7645,8998,5408,4607,9519,9461
2,3,6,25,2996,4513,6029,6145,7401,4555,3960,9039,8981
2,4,6,1,9199,9199,9199,9199,9199,6372,6673,11147,7250
2,4,6,2,7409,9304,11200,9320,11869,6467,7010,14105,11221
2,4,6,3,8155,10546,12936,11817,14335,8589,8026,14123,14221
2,4,6,4,8618,10855,13093,12416,14871,8991,8243,14039,14372
2,4,6,5,9068,11474,13880,12941,15675,9659,8639,13928,14093
2,4,6,6,9162,11672,14183,13736,16346,10153,9075,13752,14020
2,4,6,7,8947,11461,13975,13869,16553,10274,9173,13484,13843
2,4,6,8,8735,11280,13826,13634,16433,10354,9235,13166,13563
2,4,6,9,8642,11054,13466,13498,16060,10240,9240,12880,13238
2,4,6,10,8472,10825,13178,13062,15743,10030,9097,12531,12944
2,4,6,11,8181,10482,12783,12644,15094,9801,8889,12090,12590
2,4,6,12,8050,10230,12411,12388,14590,9414,8658,11801,12150
2,4,6,13,7632,9700,11767,12038,14216,9043,8255,11454,11858
2,4,6,14,7326,9360,11394,11384,13777,8835,7935,11011,11510
2,4,6,15,6958,8929,10900,11008,12970,8544,7708,10586,11066
2,4,6,16,6623,8510,10396,10523,12481,8058,7473,10402,10643
2,4,6,17,6217,8053,9888,10026,11847,7717,7009,10222,10458
2,4,6,18,6015,7674,9333,9565,11323,7368,6717,9858,10282
2,4,6,19,5591,7204,8817,9043,10765,7004,6404,9663,9910
2,4,6,20,5405,6938,8471,8542,10201,6689,6090,9455,9706
2,4,6,21,4974,6483,7993,8209,9617,6332,5802,9433,9500
2,4,6,22,4777,6208,7639,7756,9325,5981,5519,9331,9473
2,4,6,23,4351,5796,7241,7422,8797,5769,5212,9252,9375
2,4,6,24,4009,5448,6887,7020,8451,5482,5043,9118,9291
2,4,6,25,2793,3954,5115,5345,6455,4311,4069,8589,8705
2,5,6,1,9178,9178,9178,9178,9178,6499,7073,11260,7097
2,5,6,2,7574,9513,11451,8998,11812,6881,6598,14228,11302
2,5,6,3,8480,10999,13518,11486,13975,8825,8112,14490,14238
2,5,6,4,8721,11150,13579,12271,14776,9221,8159,14417,14459
2,5,6,5,9031,11797,14564,12820,15597,9986,8572,14447,14284
2,5,6,6,9203,12078,14953,13746,16255,10540,9061,14281,14314
2,5,6,7,8923,11836,14749,13885,16528,10661,9245,14102,14148
2,5,6,8,8637,11622,14606,13684,16361,10789,9285,13872,13961
2,5,6,9,8722,11375,14028,13546,15982,10625,9326,13570,13729
2,5,6,10,8612,11118,13624,13013,15708,10358,9138,13306,13423
2,5,6,11,8269,10858,13448,12583,14934,10176,8901,12831,13161
2,5,6,12,8015,10582,13149,12448,14356,9657,8715,12499,12694
2,5,6,13,7736,10149,12562,12176,14133,9246,8238,12157,12366
2,5,6,14,7361,9723,12085,11607,13759,9096,7870,11609,12028
2,5,6,15,7033,9333,11633,11175,13025,8839,7714,11231,11489
2,5,6,16,6707,8904,11101,10743,12497,8370,7487,11098,11114
2,5,6,17,6385,8495,10605,10246,12006,8026,7071,10979,10988
2,5,6,18,6100,8118,10135,9806,11428,7708,6778,10580,10872
2,5,6,19,5713,7677,9642,9379,10916,7338,6518,10338,10478
2,5,6,20,5444,7350,9256,8923,10454,7031,6208,10138,10234
2,5,6,21,5084,6938,8792,8578,9947,6721,5947,10125,10031
2,5,6,22,4824,6615,8405,8137,9565,6400,5688,10050,10015
2,5,6,23,4555,6242,7929,7774,9049,6160,5423,9941,9945
2,5,6,24,4151,5839,7527,7372,8693,5858,5217,9864,9831
2,5,6,25,3094,4434,5775,5781,6859,4729,4303,9204,9204
2,6,6,1,9878,9878,9878,9878,9878,5890,7542,12093,7663
2,6,6,2,8482,10758,13035,10727,14007,6730,5198,14877,12180
2,6,6,3,9385,12249,15113,13200,16322,8472,6176,15267,15052
2,6,6,4,9772,12566,15360,13877,16817,8820,6226,15074,15286
2,6,6,5,10056,13192,16329,14662,17727,9368,6482,14990,15058
2,6,6,6,10176,13400,16623,15481,18467,9783,6674,14773,15007
2,6,6,7,9839,13081,16322,15502,18543,9953,6765,14508,14787
2,6,6,8,9502,12787,16073,15215,18348,9955,6833,14239,14512
2,6,6,9,9442,12421,15401,15006,17797,9782,6789,13987,14233
2,6,6,10,9215,12046,14877,14343,17426,9502,6636,13652,13963
2,6,6,11,8792,11683,14575,13812,16520,9285,6422,13169,13637
2,6,6,12,8530,11351,14172,13577,15840,8780,6264,12787,13155
2,6,6,13,8163,10786,13409,13174,15475,8394,5884,12472,12772
2,6,6,14,7760,10332,12905,12439,14925,8175,5621,11901,12464
2,6,6,15,7399,9860,12322,11960,14073,7894,5466,11504,11896
2,6,6,16,7040,9368,11696,11453,13484,7426,5278,11339,11503
2,6,6,17,6661,8908,11156,10863,12886,7117,4953,11207,11343
2,6,6,18,6326,8477,10628,10363,12207,6807,4749,10766,11214
2,6,6,19,5954,8004,10054,9875,11658,6459,4542,10572,10772
2,6,6,20,5658,7635,9612,9361,11080,6167,4306,10358,10578
2,6,6,21,5320,7190,9059,8955,10558,5876,4114,10322,10357
2,6,6,22,5043,6868,8693,8436,10072,5584,3918,10250,10319
2,6,6,23,4714,6483,8251,8038,9571,5362,3740,10134,10254
2,6,6,24,4311,6054,7796,7665,9062,5074,3595,10008,10131
2,6,6,25,3126,4506,5886,5920,7152,4066,2908,9340,9447
2,7,6,1,9607,9607,9607,9607,9607,6076,6146,11781,7432
2,7,6,2,8771,10602,12433,10468,12955,6733,6691,14564,11837
2,7,6,3,9939,12465,14991,13314,15609,8551,7735,14568,14428
2,7,6,4,10439,12988,15537,14205,16373,8903,7747,14339,14635
2,7,6,5,10553,13571,16589,14989,17137,9632,8143,14240,14258
2,7,6,6,10589,13686,16783,15741,17558,9905,8475,13976,14186
2,7,6,7,10146,13289,16432,15740,17756,10001,8538,13681,13919
2,7,6,8,9782,13000,16217,15411,17504,10079,8553,13426,13621
2,7,6,9,9784,12573,15363,15199,16973,9897,8567,13181,13360
2,7,6,10,9514,12176,14838,14408,16616,9587,8352,12899,13109
2,7,6,11,8964,11724,14484,13772,15569,9379,8080,12387,12836
2,7,6,12,8716,11419,14123,13562,14888,8778,7892,12039,12329
2,7,6,13,8390,10848,13305,13199,14548,8375,7351,11723,11990
2,7,6,14,8004,10423,12841,12436,14109,8166,7001,11101,11673
2,7,6,15,7673,9996,12318,11988,13253,7920,6813,10767,11061
2,7,6,16,7321,9544,11767,11517,12754,7427,6602,10590,10730
2,7,6,17,6857,9063,11269,10996,12240,7155,6184,10469,10554
2,7,6,18,6537,8655,10772,10542,11664,6873,5960,10047,10435
2,7,6,19,6096,8140,10184,10077,11156,6554,5716,9863,10020
2,7,6,20,5803,7766,9728,9550,10668,6273,5459,9684,9827
2,7,6,21,5446,7318,9190,9122,10112,6006,5221,9646,9642
2,7,6,22,5206,6983,8761,8623,9678,5702,4999,9609,9605
2,7,6,23,4900,6648,8396,8217,9143,5457,4760,9548,9572
2,7,6,24,4440,6213,7986,7899,8755,5162,4554,9491,9507
2,7,6,25,3072,4500,5929,6055,6895,4151,3728,8864,8936
2,8,6,1,9185,9185,9185,9185,9185,6734,6483,11440,6930
2,8,6,2,7695,9429,11162,9343,11917,6835,6830,13875,11489
2,8,6,3,8649,10886,13123,11360,14009,8873,8363,14099,14053
2,8,6,4,9008,11159,13309,12171,14804,9351,8635,13951,14202
2,8,6,5,9111,11663,14215,12704,15525,10097,9044,13901,13904
2,8,6,6,9190,11871,14552,13513,15859,10454,9448,13694,13854
2,8,6,7,8867,11558,14249,13619,16099,10511,9576,13433,13635
2,8,6,8,8588,11364,14140,13362,15963,10625,9573,13167,13362
2,8,6,9,8625,11084,13543,13250,15584,10491,9627,12864,13091
2,8,6,10,8486,10825,13163,12712,15345,10262,9489,12534,12780
2,8,6,11,8173,10578,12984,12362,14642,10105,9268,12112,12455
2,8,6,12,7972,10346,12719,12231,14161,9642,9100,11801,12035
2,8,6,13,7680,9944,12208,11969,13940,9328,8695,11518,11727
2,8,6,14,7390,9614,11839,11495,13596,9163,8364,11056,11449
2,8,6,15,7119,9264,11408,11144,12999,8950,8219,10623,10988
2,8,6,16,6888,8929,10971,10750,12534,8544,8021,10503,10563
2,8,6,17,6564,8568,10573,10315,12079,8240,7629,10378,10446
2,8,6,18,6307,8248,10188,9948,11513,7933,7373,9977,10320
2,8,6,19,5952,7850,9748,9576,11100,7573,7098,9793,9921
2,8,6,20,5708,7524,9339,9163,10657,7292,6784,9607,9731
2,8,6,21,5406,7147,8887,8800,10200,7023,6522,9590,9549
2,8,6,22,5089,6824,8558,8379,9774,6690,6276,9507,9524
2,8,6,23,4785,6487,8188,8052,9315,6426,5993,9458,9446
2,8,6,24,4390,6064,7738,7754,8929,6095,5750,9378,9397
2,8,6,25,3097,4419,5740,5856,6949,4862,4709,8868,8881
2,9,6,1,9976,9976,9976,9976,9976,6916,5959,12481,7471
2,9,6,2,8166,10024,11881,9762,12667,6630,8388,13854,12489
2,9,6,3,9143,11670,14197,12444,15201,8805,10429,14186,13871
2,9,6,4,9406,11864,14323,13403,16243,9344,10613,13979,14154
2,9,6,5,9767,12595,15423,13898,17217,10316,11201,14047,13816
2,9,6,6,9921,12854,15786,14913,17773,10917,12114,13886,13836
2,9,6,7,9582,12557,15531,15061,18041,11013,12336,13760,13657
2,9,6,8,9427,12402,15378,14821,17899,11137,12361,13520,13524
2,9,6,9,9406,12108,14810,14688,17470,10975,12374,13244,13286
2,9,6,10,9293,11929,14565,14169,17206,10794,12247,12917,13011
2,9,6,11,8983,11653,14323,13847,16435,10600,11983,12511,12688
2,9,6,12,8769,11410,14051,13702,16052,10184,11787,12232,12292
2,9,6,13,8471,11004,13538,13439,15788,9882,11269,11928,12019
2,9,6,14,8220,10689,13158,12963,15455,9737,10944,11411,11718
2,9,6,15,7954,10317,12680,12583,14795,9503,10715,11046,11208
2,9,6,16,7715,10005,12294,12163,14391,9135,10480,10976,10851
2,9,6,17,7366,9615,11864,11738,13827,8836,10047,10903,10788
2,9,6,18,7051,9293,11534,11378,13371,8529,9703,10575,10714
2,9,6,19,6695,8863,11031,11014,12892,8220,9360,10363,10395
2,9,6,20,6400,8492,10584,10546,12486,7943,9012,10178,10185
2,9,6,21,5990,8044,10098,10109,11939,7663,8705,10175,9998
2,9,6,22,5657,7686,9715,9666,11468,7346,8395,10121,9992
2,9,6,23,5306,7247,9187,9284,10922,7056,8033,10081,9940
2,9,6,24,4865,6844,8823,8863,10534,6726,7720,10094,9900
2,9,6,25,3849,5470,7091,7286,8778,5740,6685,9570,9487
2,1,7,1,12666,7900,3133,3409,12666,4108,4704,13073,12259
2,1,7,2,10645,8213,5781,5219,3317,2054,6931,15534,14015
2,1,7,3,11813,9427,7041,8510,6459,3844,4400,15392,16203
2,1,7,4,11852,9411,6971,8887,8505,8504,5117,18070,16091
2,1,7,5,12541,10079,7616,9247,9098,8723,9377,16666,15401
2,1,7,6,13013,10469,7925,10203,9774,9605,9390,14922,15894
2,1,7,7,12757,10286,7815,10376,9915,9795,9636,13806,14953
2,1,7,8,12462,10122,7781,10196,9856,9906,9729,13545,13898
2,1,7,9,12316,9960,7603,10159,9604,9790,9750,13209,13637
2,1,7,10,11893,9650,7407,9879,9471,9545,9608,12868,13283
2,1,7,11,11544,9407,7270,9615,9150,9400,9336,12473,12949
2,1,7,12,11128,9073,7018,9459,8843,9052,9160,12107,12554
2,1,7,13,10670,8718,6767,9125,8634,8754,8798,11795,12186
2,1,7,14,10035,8264,6493,8768,8305,8536,8475,11412,11871
2,1,7,15,9524,7871,6218,8412,7933,8202,8237,11003,11486
2,1,7,16,8902,7415,5927,8053,7591,7821,7918,10878,11078
2,1,7,17,8351,7012,5673,7675,7233,7466,7508,10683,10958
2,1,7,18,7846,6598,5350,7340,6891,7121,7161,10310,10768
2,1,7,19,7377,6232,5087,6936,6573,6770,6834,10070,10378
2,1,7,20,6987,5918,4849,6567,6220,6479,6503,9822,10134
2,1,7,21,6508,5563,4617,6277,5875,6099,6215,9805,9882
2,1,7,22,6006,5213,4420,5998,5616,5824,5846,9755,9864
2,1,7,23,5657,4948,4239,5718,5359,5531,5581,9625,9816
2,1,7,24,5432,4700,3967,5487,5144,5279,5322,9523,9679
2,1,7,25,4262,3677,3092,4318,4137,4353,4501,8877,9035
2,2,7,1,12970,8164,3358,3674,12970,4632,4803,12980,12959
2,2,7,2,10927,6752,2577,6091,2877,2786,6311,16100,13687
2,2,7,3,11983,7548,3114,6432,6615,3221,5538,15253,16739
2,2,7,4,11979,7555,3131,6840,8083,8148,5511,17287,16248
2,2,7,5,12879,8168,3457,7155,8796,8070,8591,16334,14762
2,2,7,6,13452,8529,3607,7986,9463,8988,9236,14502,15407
2,2,7,7,13121,8336,3550,8058,9621,9139,9496,13776,14678
2,2,7,8,12849,8195,3542,7954,9508,9263,9557,13471,14029
2,2,7,9,12788,8118,3449,7926,9299,9112,9623,13099,13715
2,2,7,10,12426,7896,3366,7717,9178,8924,9419,12733,13340
2,2,7,11,12087,7699,3311,7498,8827,8793,9195,12277,12968
2,2,7,12,11666,7435,3205,7382,8524,8416,9048,11968,12503
2,2,7,13,11223,7161,3099,7156,8330,8110,8604,11652,12190
2,2,7,14,10665,6815,2966,6887,8045,7920,8255,11249,11867
2,2,7,15,10167,6513,2858,6592,7696,7634,8058,10869,11451
2,2,7,16,9577,6154,2731,6359,7346,7294,7769,10727,11067
2,2,7,17,9101,5854,2608,6058,7073,6968,7395,10568,10923
2,2,7,18,8714,5594,2475,5793,6728,6702,7048,10229,10764
2,2,7,19,8306,5332,2359,5497,6428,6385,6782,9970,10411
2,2,7,20,7913,5092,2270,5248,6095,6114,6468,9706,10140
2,2,7,21,7446,4809,2171,5050,5834,5779,6188,9692,9871
2,2,7,22,7028,4557,2086,4831,5612,5543,5895,9614,9853
2,2,7,23,6689,4335,1982,4645,5358,5360,5609,9508,9778
2,2,7,24,6257,4059,1861,4426,5173,5102,5412,9441,9662
2,2,7,25,4997,3259,1522,3649,4273,4326,4693,8879,9125
2,3,7,1,12826,7970,3115,3166,12826,4270,4615,13913,11739
2,3,7,2,11166,7371,3576,4747,2583,4209,6845,16179,14696
2,3,7,3,12342,8270,4198,7457,6880,2938,3476,15462,16776
2,3,7,4,12747,8487,4228,7843,7893,9272,5200,17815,16269
2,3,7,5,13215,8912,4608,8213,8458,8736,9148,16790,15153
2,3,7,6,13405,9086,4766,8949,8880,9327,9460,14916,16065
2,3,7,7,13108,8891,4674,9052,9059,9451,9646,13948,15270
2,3,7,8,12766,8687,4608,8893,9004,9580,9692,13647,14117
2,3,7,9,12647,8556,4465,8757,8779,9476,9748,13311,13804
2,3,7,10,12219,8282,4344,8485,8576,9234,9596,13046,13457
2,3,7,11,11745,7992,4239,8206,8203,9020,9318,12556,13180
2,3,7,12,11405,7753,4102,8049,7921,8588,9086,12227,12688
2,3,7,13,10891,7408,3924,7783,7725,8276,8597,11883,12353
2,3,7,14,10350,7061,3772,7432,7441,8056,8246,11402,12007
2,3,7,15,9873,6742,3612,7137,7060,7760,8020,10968,11518
2,3,7,16,9258,6347,3436,6827,6763,7354,7719,10776,11081
2,3,7,17,8774,6029,3285,6490,6457,7031,7296,10588,10889
2,3,7,18,8383,5744,3105,6201,6126,6725,6963,10227,10707
2,3,7,19,7858,5405,2952,5861,5842,6370,6674,10009,10335
2,3,7,20,7526,5180,2834,5577,5524,6077,6323,9767,10109
2,3,7,21,7054,4872,2689,5354,5246,5743,6023,9771,9863
2,3,7,22,6620,4601,2582,5085,5048,5473,5705,9685,9865
2,3,7,23,6134,4300,2466,4888,4795,5253,5430,9574,9784
2,3,7,24,5527,3926,2325,4673,4608,5001,5202,9485,9669
2,3,7,25,4200,3019,1837,3756,3790,4212,4471,9007,9178
2,4,7,1,12547,7864,3181,2988,12547,3926,4184,13351,11743
2,4,7,2,10106,6252,2398,8200,2830,1294,5329,15863,14221
2,4,7,3,11124,6947,2770,8071,7629,3280,3137,14950,16487
2,4,7,4,11755,7279,2804,8480,9230,8456,4690,17545,15848
2,4,7,5,12369,7671,2972,8839,9728,8988,9496,16259,15063
2,4,7,6,12497,7767,3037,9382,10145,9448,10198,15013,15769
2,4,7,7,12203,7598,2993,9473,10273,9561,10308,14128,15252
2,4,7,8,11914,7438,2961,9313,10199,9636,10378,13795,14182
2,4,7,9,11789,7336,2884,9220,9968,9530,10384,13495,13842
2,4,7,10,11556,7189,2822,8922,9771,9334,10223,13130,13534
2,4,7,11,11159,6948,2737,8637,9368,9121,9989,12668,13164
2,4,7,12,10980,6819,2658,8462,9055,8761,9730,12365,12704
2,4,7,13,10411,6465,2520,8223,8823,8415,9276,12002,12398
2,4,7,14,9992,6216,2440,7776,8551,8222,8917,11538,12035
2,4,7,15,9491,5912,2334,7519,8050,7951,8662,11092,11571
2,4,7,16,9034,5630,2226,7188,7746,7499,8398,10900,11128
2,4,7,17,8481,5299,2117,6848,7353,7182,7876,10711,10935
2,4,7,18,8205,5102,1999,6534,7027,6856,7549,10329,10751
2,4,7,19,7627,4758,1888,6177,6681,6518,7197,10125,10362
2,4,7,20,7372,4593,1814,5834,6331,6225,6843,9906,10149
2,4,7,21,6784,4248,1712,5607,5969,5893,6520,9884,9934
2,4,7,22,6516,4076,1636,5298,5788,5566,6202,9777,9905
2,4,7,23,5935,3743,1551,5069,5460,5369,5858,9694,9802
2,4,7,24,5468,3472,1475,4795,5245,5102,5667,9553,9714
2,4,7,25,3810,2453,1095,3651,4006,4012,4573,8999,9102
2,5,7,1,12379,7652,2925,3603,12379,4539,5000,13603,11155
2,5,7,2,10215,7089,3962,5253,2585,3017,5112,16336,14417
2,5,7,3,11436,8057,4677,6271,6214,3113,5416,15842,17062
2,5,7,4,11762,8230,4698,6700,7903,8288,5201,17660,16539
2,5,7,5,12180,8610,5039,7000,8343,8656,8826,16470,14349
2,5,7,6,12413,8793,5174,7505,8695,9136,8998,14570,15810
2,5,7,7,12035,8569,5103,7581,8840,9241,9180,13813,14807
2,5,7,8,11649,8352,5054,7471,8751,9352,9221,13588,14068
2,5,7,9,11764,8309,4854,7396,8549,9210,9262,13292,13834
2,5,7,10,11615,8165,4714,7105,8402,8978,9075,13034,13526
2,5,7,11,11152,7903,4653,6870,7988,8821,8840,12569,13261
2,5,7,12,10809,7679,4550,6796,7679,8370,8655,12244,12791
2,5,7,13,10434,7390,4347,6648,7560,8014,8181,11909,12461
2,5,7,14,9928,7055,4181,6337,7360,7885,7816,11372,12120
2,5,7,15,9485,6755,4025,6101,6967,7662,7660,11001,11577
2,5,7,16,9045,6443,3841,5865,6684,7255,7435,10871,11199
2,5,7,17,8612,6141,3669,5594,6422,6957,7022,10755,11072
2,5,7,18,8227,5867,3507,5354,6113,6681,6731,10364,10956
2,5,7,19,7705,5520,3336,5121,5839,6361,6472,10127,10559
2,5,7,20,7342,5272,3203,4872,5592,6094,6165,9931,10312
2,5,7,21,6857,4949,3042,4683,5320,5826,5906,9918,10108
2,5,7,22,6506,4707,2908,4443,5116,5548,5648,9844,10091
2,5,7,23,6144,4444,2744,4244,4840,5340,5385,9737,10021
2,5,7,24,5599,4101,2604,4025,4650,5078,5181,9662,9906
2,5,7,25,4172,3085,1998,3157,3669,4099,4273,9016,9274
2,6,7,1,12730,8129,3528,3255,12730,5047,5512,14475,10984
2,6,7,2,10930,6546,2162,4259,2892,1604,5193,17748,15157
2,6,7,3,12094,7300,2506,9141,7393,3110,3479,16723,18210
2,6,7,4,12592,7570,2547,9610,8832,8699,4524,18709,17317
2,6,7,5,12958,7833,2708,10153,9309,9681,9337,17230,14760
2,6,7,6,13114,7935,2757,10721,9698,10110,10592,15655,15945
2,6,7,7,12679,7693,2707,10735,9738,10286,10736,14880,15684
2,6,7,8,12244,7455,2665,10536,9635,10288,10845,14604,15002
2,6,7,9,12167,7361,2554,10392,9346,10109,10775,14345,14713
2,6,7,10,11875,7171,2467,9933,9151,9820,10532,14003,14433
2,6,7,11,11329,6873,2417,9565,8676,9596,10192,13507,14096
2,6,7,12,10992,6671,2350,9402,8319,9074,9941,13115,13598
2,6,7,13,10519,6371,2224,9123,8127,8674,9338,12792,13203
2,6,7,14,10000,6070,2140,8614,7838,8448,8921,12206,12884
2,6,7,15,9535,5789,2043,8282,7391,8158,8676,11800,12297
2,6,7,16,9072,5506,1939,7931,7081,7675,8377,11629,11891
2,6,7,17,8584,5217,1850,7522,6767,7355,7862,11494,11726
2,6,7,18,8152,4957,1762,7176,6410,7035,7536,11043,11592
2,6,7,19,7673,4670,1667,6839,6122,6675,7209,10844,11136
2,6,7,20,7292,4443,1594,6483,5818,6374,6834,10623,10934
2,6,7,21,6856,4179,1502,6202,5544,6073,6529,10587,10706
2,6,7,22,6499,3970,1442,5842,5289,5770,6218,10513,10667
2,6,7,23,6075,3722,1368,5566,5026,5542,5936,10394,10600
2,6,7,24,5555,3424,1293,5308,4759,5244,5705,10264,10472
2,6,7,25,4028,2502,976,4099,3756,4202,4615,9580,9765
2,7,7,1,13098,8036,2974,3027,13098,4835,4733,14935,11262
2,7,7,2,11959,8097,4234,6581,2908,2182,6209,17832,15522
2,7,7,3,13552,9329,5105,7392,6117,3563,5092,16848,18445
2,7,7,4,14234,9763,5291,7887,8093,7675,5285,17885,17564
2,7,7,5,14389,10020,5650,8322,8471,8595,8479,17013,15812
2,7,7,6,14438,10077,5716,8739,8679,8838,9440,14790,16368
2,7,7,7,13834,9715,5596,8738,8777,8924,9511,13987,14929
2,7,7,8,13338,9430,5523,8556,8652,8993,9527,13726,14078
2,7,7,9,13340,9286,5232,8438,8390,8831,9543,13476,13808
2,7,7,10,12972,9013,5054,7999,8213,8555,9304,13188,13549
2,7,7,11,12222,8577,4933,7646,7696,8369,9000,12665,13267
2,7,7,12,11884,8347,4810,7530,7359,7833,8792,12309,12744
2,7,7,13,11440,7986,4531,7328,7191,7473,8189,11986,12392
2,7,7,14,10914,7644,4373,6904,6974,7287,7798,11349,12065
2,7,7,15,10461,7328,4195,6656,6551,7067,7589,11008,11432
2,7,7,16,9982,6995,4008,6394,6304,6627,7354,10828,11090
2,7,7,17,9349,6594,3838,6105,6050,6384,6889,10704,10908
2,7,7,18,8913,6291,3669,5853,5765,6133,6639,10272,10785
2,7,7,19,8312,5890,3469,5595,5514,5848,6367,10084,10356
2,7,7,20,7912,5613,3313,5302,5273,5597,6081,9901,10156
2,7,7,21,7425,5278,3130,5064,4998,5359,5816,9863,9965
2,7,7,22,7098,5041,2984,4787,4784,5088,5569,9824,9927
2,7,7,23,6682,4771,2859,4562,4519,4869,5302,9762,9894
2,7,7,24,6054,4387,2720,4385,4328,4606,5073,9703,9826
2,7,7,25,4189,3104,2019,3362,3408,3704,4153,9063,9236
2,8,7,1,12556,8754,4952,3181,12556,4074,4753,13253,11859
2,8,7,2,10520,6269,2019,8588,2858,2164,6288,15497,14275
2,8,7,3,11824,7099,2373,6981,7493,3443,4468,15540,16252
2,8,7,4,12314,7361,2407,7479,8268,8978,5327,17593,16017
2,8,7,5,12456,7513,2571,7807,8671,9061,8849,16539,14576
2,8,7,6,12563,7597,2632,8304,8858,9381,9162,14343,16060
2,8,7,7,12122,7350,2577,8369,8992,9432,9286,13611,14587
2,8,7,8,11741,7149,2557,8212,8916,9535,9283,13341,13745
2,8,7,9,11791,7120,2449,8143,8704,9414,9335,13034,13466
2,8,7,10,11601,6991,2380,7812,8571,9209,9202,12700,13146
2,8,7,11,11173,6761,2348,7597,8178,9068,8987,12272,12811
2,8,7,12,10899,6599,2300,7516,7909,8653,8825,11957,12380
2,8,7,13,10500,6354,2208,7355,7786,8370,8432,11670,12063
2,8,7,14,10102,6122,2141,7064,7594,8223,8110,11202,11777
2,8,7,15,9733,5898,2063,6848,7260,8031,7970,10764,11303
2,8,7,16,9416,5700,1984,6606,7000,7667,7778,10642,10865
2,8,7,17,8973,5443,1912,6339,6746,7394,7398,10515,10745
2,8,7,18,8623,5232,1842,6113,6430,7119,7149,10109,10616
2,8,7,19,8136,4950,1763,5885,6200,6796,6883,9923,10205
2,8,7,20,7804,4746,1689,5631,5952,6543,6579,9734,10010
2,8,7,21,7391,4499,1607,5408,5697,6302,6324,9717,9823
2,8,7,22,6958,4253,1548,5149,5459,6003,6086,9633,9797
2,8,7,23,6542,4011,1481,4948,5202,5766,5811,9583,9717
2,8,7,24,6002,3700,1399,4765,4987,5469,5576,9502,9666
2,8,7,25,4234,2636,1038,3599,3881,4363,4566,8985,9136
2,9,7,1,12990,8233,3476,2770,12990,4426,4429,13586,12394
2,9,7,2,10634,6682,2730,6626,2480,1797,6033,16096,14408
2,9,7,3,11906,7584,3263,7331,6912,3460,4798,15185,16804
2,9,7,4,12248,7770,3291,7896,7990,8677,5510,17309,16001
2,9,7,5,12719,8131,3544,8188,8469,8259,8546,15859,14625
2,9,7,6,12918,8273,3628,8786,8742,8740,9391,14104,15329
2,9,7,7,12478,8023,3569,8873,8874,8817,9564,13426,14240
2,9,7,8,12275,7905,3534,8732,8804,8915,9582,13192,13503
2,9,7,9,12248,7826,3403,8653,8593,8786,9593,12923,13266
2,9,7,10,12101,7724,3347,8347,8463,8641,9495,12603,12991
2,9,7,11,11697,7494,3291,8158,8084,8486,9290,12207,12669
2,9,7,12,11419,7324,3229,8072,7896,8153,9138,11935,12274
2,9,7,13,11031,7071,3111,7917,7766,7911,8736,11638,12001
2,9,7,14,10703,6863,3024,7637,7602,7795,8484,11133,11701
2,9,7,15,10358,6636,2914,7413,7277,7608,8307,10777,11191
2,9,7,16,10047,6436,2825,7166,7079,7313,8124,10709,10834
2,9,7,17,9592,6159,2726,6916,6801,7074,7789,10638,10771
2,9,7,18,9182,5916,2651,6703,6577,6828,7522,10318,10698
2,9,7,19,8717,5626,2535,6489,6341,6580,7256,10112,10379
2,9,7,20,8334,5383,2432,6213,6142,6358,6986,9930,10170
2,9,7,21,7800,5060,2320,5956,5872,6134,6749,9928,9983
2,9,7,22,7367,4800,2232,5695,5641,5881,6508,9875,9977
2,9,7,23,6910,4510,2111,5470,5372,5648,6228,9836,9925
2,9,7,24,6335,4181,2027,5222,5181,5385,5985,9849,9885
2,9,7,25,5012,3321,1630,4292,4318,4595,5182,9338,9473
2,1,15,1,10526,6830,3133,3450,5984,7668,4244,11209,9843
2,1,15,2,8846,7314,5781,5178,5923,6920,14258,14035,10782
2,1,15,3,9817,8429,7041,8489,6697,5757,10245,13148,14123
2,1,15,4,9849,8410,6971,8866,9345,7317,9415,16541,13329
2,1,15,5,10422,9019,7616,9225,9996,7833,9492,15899,16699
2,1,15,6,10815,9370,7925,10179,10740,8625,9482,14922,15891
2,1,15,7,10602,9208,7815,10351,10895,8795,9730,13806,14953
2,1,15,8,10356,9069,7781,10171,10830,8895,9824,13545,13898
2,1,15,9,10235,8919,7603,10134,10553,8791,9846,13209,13637
2,1,15,10,9883,8645,7407,9856,10407,8571,9702,12868,13283
2,1,15,11,9593,8432,7270,9592,10054,8441,9428,12473,12949
2,1,15,12,9248,8133,7018,9436,9717,8129,9250,12107,12554
2,1,15,13,8867,7817,6767,9103,9487,7861,8884,11795,12186
2,1,15,14,8340,7416,6493,8746,9126,7665,8558,11412,11871
2,1,15,15,7915,7066,6218,8392,8717,7365,8318,11003,11486
2,1,15,16,7398,6663,5927,8033,8341,7023,7995,10878,11078
2,1,15,17,6940,6307,5673,7656,7947,6704,7582,10683,10958
2,1,15,18,6521,5935,5350,7322,7572,6394,7231,10310,10768
2,1,15,19,6131,5609,5087,6920,7222,6079,6901,10070,10378
2,1,15,20,5806,5328,4849,6551,6835,5818,6566,9822,10134
2,1,15,21,5408,5013,4617,6262,6455,5476,6276,9805,9882
2,1,15,22,4991,4706,4420,5983,6171,5229,5903,9755,9864
2,1,15,23,4701,4470,4239,5704,5889,4967,5636,9625,9816
2,1,15,24,4514,4241,3967,5474,5652,4741,5375,9523,9679
2,1,15,25,3542,3317,3092,4308,4546,3908,4545,8877,9035
2,2,15,1,10509,6933,3358,3237,3697,7685,4962,11029,9989
2,2,15,2,8854,5715,2577,6528,4820,5138,10655,13752,10460
2,2,15,3,9709,6412,3114,6651,8073,5788,10049,12861,13883
2,2,15,4,9706,6419,3131,7072,9544,7130,8785,15745,13069
2,2,15,5,10435,6946,3457,7398,10387,7307,8551,14941,16041
2,2,15,6,10899,7253,3607,8257,11175,8138,9204,14502,15120
2,2,15,7,10632,7091,3550,8332,11361,8275,9463,13776,14678
2,2,15,8,10411,6976,3542,8224,11228,8387,9524,13471,14029
2,2,15,9,10362,6905,3449,8195,10981,8250,9590,13099,13715
2,2,15,10,10068,6717,3366,7979,10838,8080,9386,12733,13340
2,2,15,11,9794,6553,3311,7752,10423,7962,9163,12277,12968
2,2,15,12,9452,6329,3205,7633,10065,7620,9016,11968,12503
2,2,15,13,9094,6096,3099,7399,9837,7343,8575,11652,12190
2,2,15,14,8641,5804,2966,7121,9500,7171,8226,11249,11867
2,2,15,15,8238,5548,2858,6816,9087,6912,8030,10869,11451
2,2,15,16,7759,5245,2731,6575,8675,6604,7742,10727,11067
2,2,15,17,7375,4991,2608,6264,8352,6309,7369,10568,10923
2,2,15,18,7060,4768,2475,5990,7945,6068,7023,10229,10764
2,2,15,19,6730,4544,2359,5684,7590,5781,6758,9970,10411
2,2,15,20,6412,4341,2270,5426,7197,5535,6445,9706,10140
2,2,15,21,6034,4102,2171,5221,6890,5233,6167,9692,9871
2,2,15,22,5695,3890,2086,4995,6626,5019,5875,9614,9853
2,2,15,23,5420,3701,1982,4802,6327,4853,5590,9508,9778
2,2,15,24,5070,3466,1861,4577,6109,4620,5393,9441,9662
2,2,15,25,4049,2785,1522,3773,5046,3917,4677,8879,9125
2,3,15,1,11277,7196,3115,2801,3786,8067,4325,11615,10938
2,3,15,2,9817,6697,3576,5112,3521,4063,14098,14399,11362
2,3,15,3,10851,7525,4198,7639,8427,6657,9963,13665,14408
2,3,15,4,11207,7717,4228,8035,9262,8007,9477,16808,13808
2,3,15,5,11618,8113,4608,8415,9924,7787,9221,15904,17178
2,3,15,6,11786,8276,4766,9168,10420,8314,9518,14916,16186
2,3,15,7,11525,8099,4674,9274,10631,8424,9706,13948,15270
2,3,15,8,11224,7916,4608,9111,10566,8539,9751,13647,14117
2,3,15,9,11119,7792,4465,8971,10301,8447,9807,13311,13804
2,3,15,10,10743,7544,4344,8693,10064,8231,9654,13046,13457
2,3,15,11,10326,7282,4239,8407,9626,8040,9375,12556,13180
2,3,15,12,10027,7064,4102,8246,9295,7655,9142,12227,12688
2,3,15,13,9575,6750,3924,7973,9065,7377,8649,11883,12353
2,3,15,14,9100,6436,3772,7614,8731,7181,8297,11402,12007
2,3,15,15,8680,6146,3612,7312,8285,6917,8069,10968,11518
2,3,15,16,8140,5788,3436,6994,7936,6555,7766,10776,11081
2,3,15,17,7714,5499,3285,6649,7577,6267,7340,10588,10889
2,3,15,18,7371,5238,3105,6353,7188,5994,7006,10227,10707
2,3,15,19,6909,4931,2952,6004,6856,5678,6715,10009,10335
2,3,15,20,6617,4725,2834,5713,6482,5416,6361,9767,10109
2,3,15,21,6202,4446,2689,5485,6155,5119,6060,9771,9863
2,3,15,22,5820,4201,2582,5210,5924,4879,5740,9685,9865
2,3,15,23,5393,3930,2466,5007,5627,4682,5464,9574,9784
2,3,15,24,4859,3592,2325,4788,5407,4458,5233,9485,9669
2,3,15,25,3693,2765,1837,3848,4447,3755,4498,9007,9178
2,4,15,1,10981,7081,3181,2686,5815,7764,4395,11448,10514
2,4,15,2,8844,5621,2398,8502,3316,6223,15743,14376,11248
2,4,15,3,9736,6253,2770,8222,8536,6099,10688,13568,14560
2,4,15,4,10287,6546,2804,8639,10368,7176,10289,16358,13693
2,4,15,5,10825,6899,2972,9005,10928,8029,9444,15673,16596
2,4,15,6,10937,6987,3037,9558,11396,8439,10156,15013,15988
2,4,15,7,10680,6836,2993,9650,11540,8540,10266,14128,15252
2,4,15,8,10427,6694,2961,9487,11457,8607,10335,13795,14182
2,4,15,9,10317,6600,2884,9392,11197,8512,10341,13495,13842
2,4,15,10,10113,6468,2822,9089,10976,8337,10181,13130,13534
2,4,15,11,9766,6251,2737,8798,10523,8147,9948,12668,13164
2,4,15,12,9609,6133,2658,8620,10172,7826,9690,12365,12704
2,4,15,13,9111,5815,2520,8376,9911,7517,9238,12002,12398
2,4,15,14,8745,5592,2440,7921,9605,7344,8880,11538,12035
2,4,15,15,8306,5320,2334,7659,9042,7103,8626,11092,11571
2,4,15,16,7906,5066,2226,7322,8702,6698,8363,10900,11128
2,4,15,17,7422,4770,2117,6976,8259,6415,7844,10711,10935
2,4,15,18,7180,4589,1999,6656,7894,6124,7518,10329,10751
2,4,15,19,6675,4281,1888,6292,7505,5822,7167,10125,10362
2,4,15,20,6452,4133,1814,5944,7112,5560,6815,9906,10149
2,4,15,21,5937,3824,1712,5712,6705,5264,6493,9884,9934
2,4,15,22,5703,3669,1636,5397,6501,4972,6177,9777,9905
2,4,15,23,5194,3372,1551,5164,6133,4796,5833,9694,9802
2,4,15,24,4786,3130,1475,4885,5892,4557,5643,9553,9714
2,4,15,25,3334,2215,1095,3719,4500,3584,4554,8999,9102
2,5,15,1,10902,6913,2925,2905,4643,7858,5260,11246,10558
2,5,15,2,8996,6479,3962,5950,5518,5116,10770,14025,11022
2,5,15,3,10072,7375,4677,6620,6999,6418,9842,13543,14215
2,5,15,4,10359,7529,4698,7073,8990,7181,8519,16181,13630
2,5,15,5,10727,7883,5039,7389,9490,7826,8761,15469,16400
2,5,15,6,10932,8053,5174,7922,9890,8260,8946,14570,15684
2,5,15,7,10599,7851,5103,8003,10056,8355,9127,13813,14807
2,5,15,8,10260,7657,5054,7887,9955,8455,9168,13588,14068
2,5,15,9,10360,7607,4854,7807,9724,8327,9208,13292,13834
2,5,15,10,10229,7472,4714,7500,9557,8117,9022,13034,13526
2,5,15,11,9822,7237,4653,7252,9087,7975,8788,12569,13261
2,5,15,12,9520,7035,4550,7174,8735,7568,8605,12244,12791
2,5,15,13,9189,6768,4347,7018,8599,7246,8133,11909,12461
2,5,15,14,8744,6463,4181,6690,8372,7129,7771,11372,12120
2,5,15,15,8354,6189,4025,6441,7925,6927,7616,11001,11577
2,5,15,16,7966,5904,3841,6192,7604,6559,7392,10871,11199
2,5,15,17,7585,5627,3669,5905,7305,6290,6982,10755,11072
2,5,15,18,7245,5376,3507,5652,6953,6041,6692,10364,10956
2,5,15,19,6785,5061,3336,5405,6642,5751,6435,10127,10559
2,5,15,20,6466,4834,3203,5143,6361,5510,6129,9931,10312
2,5,15,21,6039,4540,3042,4944,6052,5267,5872,9918,10108
2,5,15,22,5730,4319,2908,4690,5820,5016,5616,9844,10091
2,5,15,23,5411,4077,2744,4480,5506,4828,5354,9737,10021
2,5,15,24,4931,3768,2604,4249,5289,4591,5151,9662,9906
2,5,15,25,3675,2836,1998,3332,4173,3706,4249,9016,9274
2,6,15,1,11849,7689,3528,2601,5700,7764,4751,12124,11575
2,6,15,2,10174,6168,2162,4912,1447,5900,12279,15305,11938
2,6,15,3,11258,6882,2506,9468,8239,8031,10858,14326,15429
2,6,15,4,11721,7134,2547,9953,9875,7793,9928,17077,14277
2,6,15,5,12062,7385,2708,10516,10409,9002,9527,16218,17080
2,6,15,6,12207,7482,2757,11104,10844,9401,10744,15655,16336
2,6,15,7,11802,7254,2707,11119,10889,9564,10890,14880,15684
2,6,15,8,11397,7031,2665,10913,10774,9566,11001,14604,15002
2,6,15,9,11326,6940,2554,10763,10451,9399,10930,14345,14713
2,6,15,10,11054,6760,2467,10288,10233,9131,10684,14003,14433
2,6,15,11,10546,6481,2417,9907,9701,8923,10339,13507,14096
2,6,15,12,10232,6291,2350,9738,9302,8438,10084,13115,13598
2,6,15,13,9792,6008,2224,9449,9087,8066,9473,12792,13203
2,6,15,14,9308,5724,2140,8922,8764,7855,9050,12206,12884
2,6,15,15,8875,5459,2043,8579,8264,7585,8800,11800,12297
2,6,15,16,8445,5192,1939,8215,7918,7136,8497,11629,11891
2,6,15,17,7990,4920,1850,7791,7567,6839,7975,11494,11726
2,6,15,18,7588,4675,1762,7433,7168,6541,7645,11043,11592
2,6,15,19,7142,4405,1667,7083,6846,6207,7313,10844,11136
2,6,15,20,6787,4191,1594,6715,6506,5926,6932,10623,10934
2,6,15,21,6382,3942,1502,6423,6200,5647,6623,10587,10706
2,6,15,22,6049,3745,1442,6051,5915,5365,6307,10513,10667
2,6,15,23,5655,3512,1368,5765,5620,5153,6022,10394,10600
2,6,15,24,5171,3232,1293,5498,5321,4876,5787,10264,10472
2,6,15,25,3750,2363,976,4246,4200,3907,4681,9580,9765
2,7,15,1,12169,7572,2974,2499,4531,7181,4922,12284,12054
2,7,15,2,11110,7672,4234,7109,3622,4412,12074,15177,12000
2,7,15,3,12590,8848,5105,7656,6910,5583,9284,14336,15279
2,7,15,4,13224,9258,5291,8168,9280,6893,8421,16700,14358
2,7,15,5,13368,9509,5650,8619,9714,8008,8432,15724,16829
2,7,15,6,13413,9565,5716,9052,9952,8235,9402,14790,15820
2,7,15,7,12853,9224,5596,9051,10065,8315,9473,13987,14929
2,7,15,8,12391,8957,5523,8861,9922,8380,9489,13726,14078
2,7,15,9,12393,8813,5232,8740,9621,8228,9505,13476,13808
2,7,15,10,12051,8552,5054,8285,9418,7971,9267,13188,13549
2,7,15,11,11355,8144,4933,7919,8825,7798,8964,12665,13267
2,7,15,12,11041,7925,4810,7799,8439,7298,8756,12309,12744
2,7,15,13,10628,7580,4531,7590,8246,6963,8156,11986,12392
2,7,15,14,10139,7256,4373,7151,7997,6790,7767,11349,12065
2,7,15,15,9719,6957,4195,6893,7512,6585,7558,11008,11432
2,7,15,16,9274,6641,4008,6623,7229,6175,7325,10828,11090
2,7,15,17,8686,6262,3838,6323,6938,5949,6861,10704,10908
2,7,15,18,8280,5975,3669,6062,6611,5714,6613,10272,10785
2,7,15,19,7722,5595,3469,5794,6323,5449,6342,10084,10356
2,7,15,20,7351,5332,3313,5491,6047,5215,6056,9901,10156
2,7,15,21,6898,5014,3130,5245,5731,4994,5793,9863,9965
2,7,15,22,6594,4789,2984,4958,5486,4741,5547,9824,9927
2,7,15,23,6207,4533,2859,4725,5182,4537,5281,9762,9894
2,7,15,24,5624,4172,2720,4542,4963,4292,5053,9703,9826
2,7,15,25,3892,2955,2019,3482,3908,3451,4136,9063,9236
2,8,15,1,10752,7852,4952,3754,4834,8303,5565,11105,10399
2,8,15,2,9009,5514,2019,8015,6244,5997,11841,13778,10885
2,8,15,3,10125,6249,2373,6695,8822,6305,9570,13283,13975
2,8,15,4,10545,6476,2407,7172,9413,7568,8681,15973,13437
2,8,15,5,10666,6619,2571,7487,9872,8004,8646,15248,16297
2,8,15,6,10758,6695,2632,7963,10084,8286,9000,14343,15459
2,8,15,7,10381,6479,2577,8026,10237,8331,9121,13611,14587
2,8,15,8,10054,6306,2557,7875,10150,8422,9118,13341,13745
2,8,15,9,10097,6273,2449,7808,9909,8316,9170,13034,13466
2,8,15,10,9935,6158,2380,7491,9757,8135,9038,12700,13146
2,8,15,11,9568,5958,2348,7285,9310,8010,8828,12272,12811
2,8,15,12,9333,5817,2300,7208,9005,7643,8668,11957,12380
2,8,15,13,8991,5599,2208,7054,8864,7394,8282,11670,12063
2,8,15,14,8651,5396,2141,6774,8645,7264,7966,11202,11777
2,8,15,15,8334,5199,2063,6567,8266,7094,7828,10764,11303
2,8,15,16,8063,5024,1984,6335,7970,6773,7640,10642,10865
2,8,15,17,7684,4798,1912,6079,7681,6531,7267,10515,10745
2,8,15,18,7384,4613,1842,5862,7321,6288,7023,10109,10616
2,8,15,19,6967,4365,1763,5643,7058,6003,6761,9923,10205
2,8,15,20,6683,4186,1689,5400,6777,5780,6462,9734,10010
2,8,15,21,6329,3968,1607,5186,6485,5567,6212,9717,9823
2,8,15,22,5958,3753,1548,4938,6215,5303,5978,9633,9797
2,8,15,23,5602,3541,1481,4745,5923,5093,5708,9583,9717
2,8,15,24,5139,3269,1399,4570,5677,4831,5477,9502,9666
2,8,15,25,3625,2332,1038,3451,4418,3854,4485,8985,9136
2,9,15,1,11177,7326,3476,2624,5277,8662,5422,11584,10769
2,9,15,2,9150,5940,2730,6773,2912,4481,12122,14087,11264
2,9,15,3,10244,6753,3263,7404,7729,6339,9407,13566,14158
2,9,15,4,10539,6915,3291,7975,8894,7265,8387,16190,13613
2,9,15,5,10943,7244,3544,8270,9427,7200,8297,15126,16319
2,9,15,6,11115,7371,3628,8874,9732,7619,9193,14104,15272
2,9,15,7,10736,7153,3569,8962,9878,7686,9361,13426,14240
2,9,15,8,10562,7048,3534,8819,9801,7772,9380,13192,13503
2,9,15,9,10538,6971,3403,8740,9566,7660,9390,12923,13266
2,9,15,10,10412,6880,3347,8431,9421,7533,9294,12603,12991
2,9,15,11,10064,6678,3291,8240,8999,7398,9093,12207,12669
2,9,15,12,9825,6527,3229,8153,8789,7107,8944,11935,12274
2,9,15,13,9491,6301,3111,7996,8645,6897,8551,11638,12001
2,9,15,14,9209,6116,3024,7714,8462,6795,8305,11133,11701
2,9,15,15,8912,5913,2914,7487,8101,6632,8131,10777,11191
2,9,15,16,8644,5735,2825,7237,7880,6375,7952,10709,10834
2,9,15,17,8253,5490,2726,6985,7571,6167,7624,10638,10771
2,9,15,18,7900,5275,2651,6770,7321,5953,7363,10318,10698
2,9,15,19,7501,5018,2535,6554,7059,5736,7103,10112,10379
2,9,15,20,7171,4802,2432,6275,6837,5543,6838,9930,10170
2,9,15,21,6711,4516,2320,6015,6537,5348,6606,9928,9983
2,9,15,22,6338,4285,2232,5752,6279,5126,6371,9875,9977
2,9,15,23,5945,4028,2111,5524,5980,4924,6096,9836,9925
2,9,15,24,5451,3739,2027,5274,5768,4694,5858,9849,9885
2,9,15,25,4313,2971,1630,4335,4806,4006,5073,9338,9473
2,1,16,1,10839,9033,7227,6529,5954,7488,8026,14993,10209
2,1,16,2,9478,9541,9604,9176,7538,7161,9500,15998,15063
2,1,16,3,9436,10645,11855,11226,11215,8796,9897,15945,16082
2,1,16,4,12252,11547,10843,11216,11236,9622,9562,14770,15815
2,1,16,5,13217,12645,12074,10957,11822,10958,10197,14802,14831
2,1,16,6,12867,13194,13521,12402,12277,11752,11591,14036,14778
2,1,16,7,12778,13027,13277,13055,12526,11371,11837,13934,14038
2,1,16,8,12574,13006,13437,12921,13266,11829,11263,13491,13899
2,1,16,9,12692,12804,12916,12562,12779,12214,11796,13005,13478
2,1,16,10,12151,12651,13150,12546,12420,12278,11998,12187,12968
2,1,16,11,12281,12471,12661,12681,12295,11709,11915,12917,12164
2,1,16,12,10286,11348,12410,12323,12528,11722,11644,12840,12882
2,1,16,13,9863,11072,12281,11874,11935,11495,11222,12368,12811
2,1,16,14,9276,10249,11222,11817,11574,11399,11102,12294,12371
2,1,16,15,8803,9776,10748,10520,11372,10923,10930,12058,12275
2,1,16,16,8229,9237,10245,10071,9809,10658,10458,11732,12080
2,1,16,17,7719,8763,9806,9598,9346,9056,10249,11481,11749
2,1,16,18,7253,8250,9247,9179,8905,8637,8542,11253,11470
2,1,16,19,6819,7806,8792,8675,8494,8212,8153,10626,11269
2,1,16,20,6458,7420,8382,8213,8038,7858,7757,10364,10646
2,1,16,21,6015,6998,7981,7850,7592,7397,7414,10346,10382
2,1,16,22,5552,6596,7639,7501,7258,7064,6974,10294,10363
2,1,16,23,5229,6278,7327,7151,6926,6709,6658,10156,10313
2,1,16,24,5021,5939,6858,6862,6647,6404,6349,10049,10169
2,1,16,25,3939,4642,5344,5400,5346,5279,5370,9367,9492
2,2,16,1,10729,9213,7697,6777,6100,7543,8497,15386,10497
2,2,16,2,9143,9217,9291,9004,6973,5911,9052,16433,15463
2,2,16,3,9102,9786,10470,10960,10471,8410,8797,16155,16542
2,2,16,4,11143,11002,10862,10600,11383,9335,9030,14528,16057
2,2,16,5,12662,12137,11613,10880,11661,11209,10233,14608,14588
2,2,16,6,12130,12447,12764,11521,11566,11767,11624,13948,14604
2,2,16,7,12857,12938,13020,12282,12268,11278,11639,13870,13986
2,2,16,8,13145,12818,12491,12546,12324,11554,10864,13280,13877
2,2,16,9,12367,12566,12765,12000,11975,11721,11297,12735,13292
2,2,16,10,11865,12407,12949,12177,12085,11848,11452,12057,12728
2,2,16,11,11583,11840,12098,12265,11830,11496,11741,12585,12037
2,2,16,12,9945,10939,11933,11697,11566,11115,11099,12375,12584
2,2,16,13,9568,10521,11475,11530,11151,10919,10610,12051,12443
2,2,16,14,9092,9594,10097,11067,11202,10765,10257,11898,12086
2,2,16,15,8667,9200,9732,9720,10589,10736,10244,11560,11927
2,2,16,16,8164,8731,9299,9376,9208,10085,10322,11299,11571
2,2,16,17,7759,8318,8878,8933,8865,8994,9704,11194,11332
2,2,16,18,7428,7928,8428,8542,8433,8651,8351,10944,11200
2,2,16,19,7080,7555,8031,8106,8057,8241,8036,9988,10972
2,2,16,20,6746,7237,7729,7738,7639,7891,7664,9723,9966
2,2,16,21,6348,6870,7391,7446,7313,7460,7333,9709,9702
2,2,16,22,5991,6546,7101,7123,7033,7155,6985,9631,9684
2,2,16,23,5702,6225,6748,6849,6716,6919,6646,9524,9610
2,2,16,24,5334,5835,6336,6527,6484,6586,6413,9457,9497
2,2,16,25,4259,4720,5180,5381,5356,5583,5561,8895,8968
2,3,16,1,10916,9319,7722,6815,6423,8047,8708,14747,10919
2,3,16,2,10308,9959,9610,9449,7128,6130,9340,16036,14845
2,3,16,3,10117,10775,11432,11070,10494,8876,9187,16216,16158
2,3,16,4,12114,12020,11926,11231,11143,9828,9737,14729,16154
2,3,16,5,12780,12360,11940,11577,11595,10869,10490,14821,14834
2,3,16,6,12480,12648,12815,12092,12275,11476,11205,14122,14830
2,3,16,7,12333,12801,13269,12486,12381,11294,11383,14055,14135
2,3,16,8,12966,12877,12788,13025,12622,11651,11296,13444,14047
2,3,16,9,12448,12554,12660,12389,12796,12011,11380,12979,13448
2,3,16,10,11981,12639,13296,12218,12446,12069,11694,12495,12987
2,3,16,11,11986,12267,12547,12732,11996,11801,11965,13051,12469
2,3,16,12,10306,11230,12154,12188,12203,11559,11601,12901,13047
2,3,16,13,9842,10862,11883,11788,11828,11635,11179,12582,12920
2,3,16,14,9353,10235,11116,11500,11299,11082,11172,12396,12599
2,3,16,15,8922,9783,10644,10323,11158,10750,10694,12134,12386
2,3,16,16,8366,9247,10128,9875,10186,10616,10448,11771,12139
2,3,16,17,7929,8805,9681,9388,9725,9685,10205,11453,11781
2,3,16,18,7576,8363,9151,8969,9226,9263,8844,11263,11481
2,3,16,19,7101,7901,8701,8477,8799,8774,8478,10970,11248
2,3,16,20,6801,7576,8351,8067,8319,8370,8031,10705,10966
2,3,16,21,6375,7150,7926,7745,7900,7910,7650,10710,10699
2,3,16,22,5982,6797,7611,7356,7603,7539,7247,10616,10701
2,3,16,23,5543,6406,7268,7070,7222,7235,6898,10494,10613
2,3,16,24,4994,5923,6852,6760,6940,6889,6607,10397,10489
2,3,16,25,3796,4604,5413,5433,5708,5802,5679,9873,9956
2,4,16,1,10334,8966,7598,6816,6560,8317,8798,14873,10523
2,4,16,2,8972,8903,8833,8594,7300,6776,9976,16146,14960
2,4,16,3,8730,10008,11286,10611,11092,9099,10050,16413,16283
2,4,16,4,11173,10831,10488,10772,11100,10127,9993,15077,16324
2,4,16,5,12673,11974,11276,10761,11450,10584,10679,14974,15154
2,4,16,6,11881,12042,12203,11863,11818,11226,11219,14128,15004
2,4,16,7,11849,12294,12740,12548,12400,11312,11537,14047,14118
2,4,16,8,12836,12661,12486,12704,12804,11518,11512,13549,14033
2,4,16,9,12169,12194,12218,12225,13083,12597,11475,13254,13512
2,4,16,10,11785,12441,13097,12222,12425,12406,12145,12448,13221
2,4,16,11,12082,12231,12379,12894,12381,11940,12223,13088,12435
2,4,16,12,9894,10891,11888,12294,12740,11685,11782,13120,13077
2,4,16,13,9382,10584,11786,11774,12041,11942,11222,12806,13109
2,4,16,14,9004,9756,10508,11517,11655,11574,11530,12582,12816
2,4,16,15,8552,9302,10053,10381,11519,11092,11118,12349,12547
2,4,16,16,8141,8865,9588,9924,10090,10894,10541,11934,12313
2,4,16,17,7642,8381,9119,9455,9577,9790,10578,11645,11897
2,4,16,18,7394,8001,8607,9021,9153,9346,9682,11466,11639
2,4,16,19,6873,7502,8132,8528,8702,8885,9230,11412,11443
2,4,16,20,6643,7228,7813,8055,8246,8485,8777,11166,11422
2,4,16,21,6114,6742,7371,7741,7774,8033,8362,11140,11180
2,4,16,22,5872,6459,7046,7314,7538,7587,7955,11020,11148
2,4,16,23,5348,6013,6678,6999,7111,7319,7513,10926,11032
2,4,16,24,4928,5640,6352,6621,6832,6955,7268,10768,10933
2,4,16,25,3433,4075,4718,5041,5218,5469,5865,10143,10244
2,5,16,1,10766,9096,7425,6713,6184,7966,8436,15528,10761
2,5,16,2,9707,9355,9003,8575,7136,5945,9334,16436,15598
2,5,16,3,9807,10390,10974,10507,10326,8253,9062,16501,16501
2,5,16,4,11315,11129,10943,10956,11104,9569,9282,14844,16310
2,5,16,5,12061,12189,12316,11116,11496,10604,10157,14545,14894
2,5,16,6,12403,12516,12628,12022,11526,11068,10867,13952,14537
2,5,16,7,11895,12482,13069,12158,12441,10845,10990,13854,13943
2,5,16,8,12323,12649,12975,12520,12257,11953,11000,13435,13826
2,5,16,9,12307,12344,12382,12436,12269,11455,11656,13040,13433
2,5,16,10,11958,12602,13245,12093,12273,11807,11095,12728,13035
2,5,16,11,12027,12282,12537,12724,11838,11786,11459,12955,12709
2,5,16,12,10604,11405,12206,12130,12349,11395,11266,12757,12946
2,5,16,13,10236,11114,11993,11779,11822,11674,11044,12534,12773
2,5,16,14,9740,10515,11291,11589,11452,11171,11133,12398,12552
2,5,16,15,9305,10087,10868,10770,11205,10891,10791,12427,12400
2,5,16,16,8873,9622,10371,10353,10303,10664,10349,11914,12407
2,5,16,17,8448,9178,9908,9874,9899,9751,10204,11585,11892
2,5,16,18,8070,8770,9469,9450,9422,9365,9040,11405,11601
2,5,16,19,7558,8283,9008,9038,9000,8915,8693,10922,11398
2,5,16,20,7202,7925,8648,8599,8619,8542,8279,10711,10899
2,5,16,21,6727,7470,8214,8267,8201,8166,7932,10697,10683
2,5,16,22,6383,7118,7853,7841,7886,7776,7586,10618,10666
2,5,16,23,6027,6718,7408,7492,7461,7484,7233,10502,10591
2,5,16,24,5492,6262,7032,7105,7167,7118,6959,10421,10470
2,5,16,25,4093,4744,5395,5572,5655,5745,5739,9724,9802
2,6,16,1,11606,9490,7373,6773,6322,8519,8766,16047,11606
2,6,16,2,11723,11249,10774,9431,8708,7368,11444,17117,16115
2,6,16,3,10107,11322,12537,11944,12127,10252,10910,17330,17157
2,6,16,4,12468,12193,11917,12298,12182,10670,11174,15722,17171
2,6,16,5,13989,13381,12773,11911,12587,11789,11257,15446,15756
2,6,16,6,12657,13159,13661,13198,12699,12385,12189,14706,15403
2,6,16,7,12340,13400,14461,13804,14014,11889,12547,14672,14695
2,6,16,8,13471,13415,13359,13671,13704,13101,11344,14286,14672
2,6,16,9,13040,13156,13273,13371,14010,13166,12833,13840,14182
2,6,16,10,12447,13352,14258,12850,13147,13242,12341,13563,13785
2,6,16,11,12658,13177,13696,13497,12909,12495,13010,13888,13516
2,6,16,12,11437,12107,12776,13220,12794,12130,11819,13807,13798
2,6,16,13,10945,11778,12610,12348,12824,12135,11943,13493,13782
2,6,16,14,10405,10832,11260,12145,12137,12069,11740,13372,13448
2,6,16,15,9921,10336,10751,10724,11816,11506,11638,13233,13267
2,6,16,16,9440,9822,10205,10269,10300,11212,10970,12688,13171
2,6,16,17,8931,9333,9734,9740,9843,8989,10649,12327,12625
2,6,16,18,8482,8878,9274,9292,9324,8598,9351,12231,12297
2,6,16,19,7984,8378,8773,8855,8905,8159,8945,12123,12171
2,6,16,20,7587,7987,8387,8394,8464,7790,8479,11877,12101
2,6,16,21,7133,7519,7905,8030,8065,7422,8102,11836,11848
2,6,16,22,6762,7174,7585,7564,7694,7053,7715,11754,11805
2,6,16,23,6321,6760,7200,7207,7311,6773,7366,11620,11730
2,6,16,24,5780,6291,6803,6873,6922,6409,7079,11475,11589
2,6,16,25,4191,4664,5136,5308,5463,5135,5726,10710,10807
2,7,16,1,9766,8283,6799,6786,6079,8228,8381,15922,11767
2,7,16,2,9600,9579,9558,8011,7787,6149,10407,16951,15985
2,7,16,3,10038,10218,10397,9816,10080,8488,9388,17077,17028
2,7,16,4,11286,10996,10707,10568,10750,9188,9508,15188,16879
2,7,16,5,12324,12143,11961,10723,11497,10349,10037,14459,15210
2,7,16,6,11957,12152,12347,12001,11580,10995,10973,13961,14471
2,7,16,7,11841,12411,12982,12161,12197,11107,11287,13902,13945
2,7,16,8,12516,12625,12734,12394,12286,11634,10781,13474,13889
2,7,16,9,12153,12121,12089,12353,12523,11449,11718,13173,13483
2,7,16,10,11472,12509,13547,11681,11897,11935,11234,12851,13190
2,7,16,11,11600,12029,12458,12772,11743,11814,11521,13076,12816
2,7,16,12,10902,11391,11881,11961,12294,11262,11300,12899,13121
2,7,16,13,10494,11159,11824,11636,11726,11732,11107,12982,12831
2,7,16,14,10012,10504,10996,11400,11353,11307,11135,12482,12927
2,7,16,15,9597,10072,10548,11183,11176,10746,10681,12677,12462
2,7,16,16,9157,9617,10076,10744,10781,10555,10304,11988,12677
2,7,16,17,8577,9113,9650,10258,10346,10175,10096,11720,11957
2,7,16,18,8176,8700,9224,9835,9859,9774,9719,11553,11703
2,7,16,19,7625,8173,8721,9401,9430,9320,9321,11079,11528
2,7,16,20,7258,7794,8330,8909,9017,8920,8901,10878,11109
2,7,16,21,6812,7341,7870,8509,8547,8541,8514,10836,10900
2,7,16,22,6511,7007,7502,8044,8181,8108,8152,10793,10858
2,7,16,23,6129,6659,7189,7665,7728,7759,7762,10725,10821
2,7,16,24,5554,6196,6839,7369,7400,7341,7426,10661,10748
2,7,16,25,3843,4460,5077,5648,5828,5903,6079,9957,10102
2,8,16,1,10096,8651,7205,6710,6101,7625,8007,14651,10261
2,8,16,2,9462,9222,8981,8916,7464,6322,8126,15574,14786
2,8,16,3,9640,9797,9953,9586,10102,8343,8539,15605,15717
2,8,16,4,10925,10664,10403,10038,10537,9333,8980,14245,15518
2,8,16,5,11807,11536,11264,10230,10792,10152,9747,14054,14349
2,8,16,6,11646,11772,11897,11265,10769,10370,10145,13495,14077
2,8,16,7,11363,11844,12326,11535,11668,10489,10471,13351,13524
2,8,16,8,12045,11920,11795,11791,11613,11059,10306,12959,13354
2,8,16,9,12090,11888,11685,11247,11831,10957,10808,12589,12970
2,8,16,10,11447,11852,12257,11384,11408,11521,11020,11969,12613
2,8,16,11,11628,11797,11965,11895,11380,10767,11257,12539,11984
2,8,16,12,10137,10911,11684,11567,11711,10811,10420,12476,12554
2,8,16,13,9766,10690,11613,11308,11380,11111,10722,12061,12473
2,8,16,14,9396,10185,10974,11177,11004,10873,10693,12007,12079
2,8,16,15,9052,9814,10575,10398,10844,10553,10508,11773,12035
2,8,16,16,8758,9464,10169,10030,10074,10429,10286,11387,11773
2,8,16,17,8346,9073,9801,9624,9709,9511,10121,11099,11393
2,8,16,18,8020,8732,9444,9281,9254,9157,9033,10916,11115
2,8,16,19,7568,8302,9036,8935,8922,8741,8696,10428,10930
2,8,16,20,7258,7958,8657,8549,8566,8416,8312,10230,10469
2,8,16,21,6874,7556,8238,8210,8198,8106,7991,10212,10273
2,8,16,22,6471,7202,7933,7818,7856,7721,7689,10124,10247
2,8,16,23,6085,6837,7590,7513,7487,7417,7342,10071,10163
2,8,16,24,5582,6377,7173,7235,7177,7035,7045,9986,10110
2,8,16,25,3938,4629,5321,5464,5585,5612,5769,9443,9555
2,9,16,1,9793,8568,7343,6572,6002,7547,7796,15471,10971
2,9,16,2,9129,8569,8009,8247,7164,6016,8427,15856,15542
2,9,16,3,9680,9779,9878,9432,10013,7980,8733,15546,15966
2,9,16,4,10750,10384,10019,9845,10267,8705,8537,14302,15463
2,9,16,5,11739,11321,10903,9811,10442,9600,9229,13901,14327
2,9,16,6,11582,11573,11564,10885,10769,10266,10262,13360,13871
2,9,16,7,11689,11815,11941,11396,11319,10167,10253,13267,13361
2,9,16,8,12353,12002,11652,11542,11595,10732,10109,12813,13272
2,9,16,9,12166,11822,11479,11346,11172,10919,10684,12535,12818
2,9,16,10,11805,11960,12115,11119,11343,10770,10736,11873,12543
2,9,16,11,11764,11798,11832,11661,11067,10845,10665,12293,11876
2,9,16,12,10765,11097,11430,11422,11447,10663,10592,12143,12311
2,9,16,13,10399,10897,11395,11134,11252,10852,10326,11942,12172
2,9,16,14,10090,10477,10864,11097,10908,10712,10517,11829,11939
2,9,16,15,9765,10117,10470,10458,10807,10395,10375,11667,11835
2,9,16,16,9471,9811,10151,10109,10085,10252,10048,11346,11678
2,9,16,17,9043,9419,9796,9756,9690,9625,9930,11157,11362
2,9,16,18,8656,9090,9523,9456,9370,9291,9071,10974,11158
2,9,16,19,8218,8663,9108,9154,9034,8953,8750,10424,10990
2,9,16,20,7857,8298,8739,8765,8750,8651,8425,10237,10418
2,9,16,21,7353,7845,8337,8402,8366,8347,8138,10235,10227
2,9,16,22,6945,7483,8021,8034,8036,8001,7848,10180,10220
2,9,16,23,6514,7050,7586,7716,7653,7685,7510,10139,10167
2,9,16,24,5972,6628,7285,7367,7382,7327,7217,10153,10126
2,9,16,25,4725,5290,5855,6055,6151,6252,6249,9626,9703
