YEAR,ICD_19,ICL_19,IGP_19,ILDV_19,IOWN_19,SALES_19 (millions)
2019,1,1,2,1,1,0.000195403
2019,1,1,3,1,2,1.24E-05
2019,1,1,3,1,1,0.000585172
2019,1,1,5,1,1,0.000329537
2019,1,1,8,2,1,7.10E-05
2019,1,1,8,2,4,1.21E-05
2019,1,1,8,1,2,2.03E-06
2019,1,1,8,1,3,1.53E-05
2019,1,1,8,1,1,0.005609907
2019,1,1,9,3,2,3.42E-06
2019,1,1,9,3,3,4.36E-07
2019,1,1,9,3,1,0.000481964
2019,1,1,9,1,2,2.42E-05
2019,1,1,9,1,3,4.67E-06
2019,1,1,9,1,1,0.017403666
2019,1,1,11,2,1,4.40E-05
2019,1,1,11,2,4,7.02E-06
2019,1,1,11,1,1,0.000339123
2019,1,2,1,1,2,0.000380597
2019,1,2,1,1,3,4.22E-06
2019,1,2,1,1,1,0.002441127
2019,1,2,2,1,1,1.06E-06
2019,1,2,3,1,2,8.04E-06
2019,1,2,3,1,1,0.002155123
2019,1,2,4,7,1,1.62E-05
2019,1,2,4,7,4,1.01E-06
2019,1,2,4,14,1,1.02E-06
2019,1,2,4,6,1,0.000106188
2019,1,2,4,6,4,4.05E-06
2019,1,2,4,1,2,5.38E-05
2019,1,2,4,1,1,0.003547728
2019,1,2,5,5,1,3.73E-05
2019,1,2,5,5,4,7.25E-06
2019,1,2,5,1,1,0.000448418
2019,1,2,6,3,2,1.13E-06
2019,1,2,6,3,3,3.40E-05
2019,1,2,6,3,1,0.003810796
2019,1,2,6,2,1,1.42E-05
2019,1,2,6,2,4,4.05E-06
2019,1,2,6,1,2,2.12E-05
2019,1,2,6,1,3,2.12E-05
2019,1,2,6,1,1,0.015207727
2019,1,2,7,3,2,1.39E-05
2019,1,2,7,3,3,0.000122814
2019,1,2,7,3,1,0.00469089
2019,1,2,7,2,1,0.000111575
2019,1,2,7,2,4,3.59E-05
2019,1,2,7,1,2,6.89E-05
2019,1,2,7,1,3,0.00011614
2019,1,2,7,1,1,0.013810632
2019,1,2,8,3,3,1.26E-07
2019,1,2,8,3,1,3.02E-05
2019,1,2,8,1,2,2.97E-06
2019,1,2,8,1,3,9.07E-05
2019,1,2,8,1,1,0.01900867
2019,1,2,9,3,3,4.77E-07
2019,1,2,9,3,1,0.001086248
2019,1,2,9,1,2,1.76E-06
2019,1,2,9,1,3,3.06E-06
2019,1,2,9,1,1,0.010061227
2019,1,2,11,3,1,1.40E-06
2019,1,2,11,1,1,0.003878026
2019,1,3,6,1,2,4.72E-06
2019,1,3,6,1,3,1.89E-06
2019,1,3,6,1,1,8.59E-05
2019,1,3,7,3,2,9.12E-09
2019,1,3,7,3,3,1.23E-06
2019,1,3,7,3,1,1.18E-05
2019,1,3,7,1,2,2.67E-07
2019,1,3,7,1,3,4.73E-05
2019,1,3,7,1,1,0.000465152
2019,1,3,9,1,2,2.06E-06
2019,1,3,9,1,3,5.15E-06
2019,1,3,9,1,1,0.000205823
2019,1,3,1,6,3,9.16E-06
2019,1,3,1,6,1,0.00017193
2019,1,3,1,6,4,6.10E-06
2019,1,3,1,2,1,3.15E-06
2019,1,3,1,1,2,0.000270893
2019,1,3,1,1,3,8.63E-06
2019,1,3,1,1,1,0.005189869
2019,1,3,2,16,3,3.29E-06
2019,1,3,2,16,1,0.00070395
2019,1,3,2,1,2,1.91E-05
2019,1,3,2,1,1,0.012416089
2019,1,3,3,4,1,0.000254726
2019,1,3,3,4,4,3.06E-06
2019,1,3,3,3,2,1.04E-06
2019,1,3,3,3,1,0.000393743
2019,1,3,3,1,2,0.000140361
2019,1,3,3,1,3,1.03E-06
2019,1,3,3,1,1,0.011940961
2019,1,3,4,5,1,0.000235274
2019,1,3,4,5,4,1.64E-05
2019,1,3,4,1,2,1.84E-05
2019,1,3,4,1,3,1.01E-06
2019,1,3,4,1,1,0.009069249
2019,1,3,5,1,1,0.000315161
2019,1,4,1,4,2,1.03E-06
2019,1,4,1,4,3,3.21E-05
2019,1,4,1,4,1,0.000838317
2019,1,4,1,4,4,4.55E-05
2019,1,4,1,7,3,1.24E-05
2019,1,4,1,7,1,0.001489348
2019,1,4,1,7,4,4.06E-05
2019,1,4,1,16,2,0.000166937
2019,1,4,1,16,3,5.64E-05
2019,1,4,1,16,1,0.001573379
2019,1,4,1,5,3,8.26E-06
2019,1,4,1,5,1,0.001237873
2019,1,4,1,5,4,2.90E-05
2019,1,4,1,2,1,6.16E-06
2019,1,4,1,1,2,0.001012099
2019,1,4,1,1,3,0.000177107
2019,1,4,1,1,1,0.029804036
2019,1,4,2,16,2,5.10E-05
2019,1,4,2,16,3,3.17E-05
2019,1,4,2,16,1,0.004849567
2019,1,4,2,5,1,0.000348825
2019,1,4,2,5,4,9.13E-06
2019,1,4,2,6,1,0.000130126
2019,1,4,2,6,4,2.03E-06
2019,1,4,2,1,2,0.000446653
2019,1,4,2,1,3,2.26E-05
2019,1,4,2,1,1,0.043534191
2019,1,4,3,5,1,0.00012028
2019,1,4,3,5,4,6.62E-06
2019,1,4,3,1,1,0.002933682
2019,1,4,4,15,2,1.03E-06
2019,1,4,4,15,1,0.00240164
2019,1,4,4,15,4,6.69E-05
2019,1,4,4,16,1,0.00030736
2019,1,4,4,5,1,7.94E-06
2019,1,4,4,5,4,1.59E-06
2019,1,4,4,1,2,1.46E-05
2019,1,4,4,1,1,0.008003698
2019,1,4,5,16,1,1.13E-06
2019,1,4,5,1,1,0.001339466
2019,1,4,6,3,2,0.000225809
2019,1,4,6,3,3,0.00010245
2019,1,4,6,3,1,0.002848744
2019,1,4,6,5,3,1.06E-06
2019,1,4,6,5,1,0.000140331
2019,1,4,6,5,4,9.50E-06
2019,1,4,6,1,2,7.25E-05
2019,1,4,6,1,3,8.19E-06
2019,1,4,6,1,1,0.00151096
2019,1,4,7,3,3,1.67E-06
2019,1,4,7,3,1,1.38E-06
2019,1,4,7,1,2,9.95E-07
2019,1,4,7,1,3,4.60E-05
2019,1,4,7,1,1,3.76E-05
2019,1,4,9,1,2,3.79E-05
2019,1,4,9,1,3,2.24E-05
2019,1,4,9,1,1,0.006995314
2019,1,4,10,1,2,4.37E-06
2019,1,4,10,1,1,9.89E-05
2019,1,5,6,1,2,0.000135725
2019,1,5,6,1,1,0.007260649
2019,1,5,9,1,2,1.02E-05
2019,1,5,9,1,3,2.04E-06
2019,1,5,9,1,1,0.00445341
2019,1,5,11,1,1,0.000638302
2019,1,5,1,3,2,0.000226482
2019,1,5,1,3,3,2.69E-05
2019,1,5,1,3,1,0.000718341
2019,1,5,1,16,1,0.000314525
2019,1,5,1,1,2,0.000463892
2019,1,5,1,1,3,7.53E-05
2019,1,5,1,1,1,0.008732944
2019,1,5,2,16,1,0.000872897
2019,1,5,2,1,2,4.06E-05
2019,1,5,2,1,1,0.010469043
2019,1,5,3,1,1,0.001118584
2019,1,5,4,1,2,2.77E-05
2019,1,5,4,1,1,0.000803304
2019,1,5,5,15,1,0.000317998
2019,1,5,5,15,4,2.75E-05
2019,1,5,5,5,1,3.68E-05
2019,1,5,5,5,4,6.47E-06
2019,1,5,5,1,1,0.001048688
2019,1,6,1,1,1,2.18E-05
2019,1,6,2,1,1,0.000427261
2019,1,6,3,4,1,2.32E-05
2019,1,6,3,1,1,6.40E-05
2019,1,6,4,1,1,0.001045303
2019,1,6,5,16,1,4.25E-06
2019,1,6,5,1,1,0.000607976
2019,1,6,7,1,2,5.97E-06
2019,1,6,7,1,3,1.67E-05
2019,1,6,7,1,1,0.000730503
2019,1,6,8,3,2,3.29E-05
2019,1,6,8,3,3,3.91E-05
2019,1,6,8,3,1,0.001990632
2019,1,6,8,1,2,3.53E-05
2019,1,6,8,1,3,5.75E-05
2019,1,6,8,1,1,0.002330981
2019,1,6,9,1,2,1.54E-05
2019,1,6,9,1,1,0.001593833
2019,1,6,11,1,2,2.83E-05
2019,1,6,11,1,1,0.003656973
2019,1,7,6,1,2,0.000192864
2019,1,7,6,1,3,1.86E-05
2019,1,7,6,1,1,0.02648005
2019,1,7,7,1,2,0.000134817
2019,1,7,7,1,3,0.000104356
2019,1,7,7,1,1,0.010255578
2019,1,7,8,2,1,4.68E-05
2019,1,7,8,2,4,1.22E-05
2019,1,7,8,1,2,0.000191813
2019,1,7,8,1,3,9.03E-05
2019,1,7,8,1,1,0.022029382
2019,1,7,9,16,3,1.62E-05
2019,1,7,9,16,1,0.007134719
2019,1,7,9,5,1,0.000355091
2019,1,7,9,5,4,7.04E-06
2019,1,7,9,2,1,2.17E-05
2019,1,7,9,2,4,5.42E-06
2019,1,7,9,1,2,0.000756788
2019,1,7,9,1,3,0.000108687
2019,1,7,9,1,1,0.138302886
2019,1,7,10,3,1,0.000343145
2019,1,7,10,1,2,4.19E-06
2019,1,7,10,1,1,0.003519114
2019,1,7,11,1,2,2.92E-06
2019,1,7,11,1,1,0.001200122
2019,1,7,1,7,3,1.94E-05
2019,1,7,1,7,1,0.000819855
2019,1,7,1,7,4,6.32E-05
2019,1,7,1,15,3,1.04E-06
2019,1,7,1,15,1,0.000150378
2019,1,7,1,15,4,5.22E-06
2019,1,7,1,3,1,0.000155706
2019,1,7,1,16,2,2.88E-05
2019,1,7,1,16,1,0.000783592
2019,1,7,1,5,3,1.03E-06
2019,1,7,1,5,1,0.00029418
2019,1,7,1,5,4,1.13E-05
2019,1,7,1,2,1,2.13E-06
2019,1,7,1,1,2,0.000388545
2019,1,7,1,1,3,7.25E-06
2019,1,7,1,1,1,0.024718491
2019,1,7,2,1,2,6.76E-05
2019,1,7,2,1,3,1.23E-05
2019,1,7,2,1,1,0.022722179
2019,1,7,3,1,2,3.07E-06
2019,1,7,3,1,1,0.002889336
2019,1,7,4,7,1,0.000583251
2019,1,7,4,7,4,2.24E-05
2019,1,7,4,15,1,0.000481419
2019,1,7,4,15,4,1.46E-05
2019,1,7,4,1,2,2.38E-07
2019,1,7,4,1,1,0.00059665
2019,1,8,6,3,2,1.05E-06
2019,1,8,6,3,1,3.35E-05
2019,1,8,6,1,2,0.000635528
2019,1,8,6,1,3,1.11E-05
2019,1,8,6,1,1,0.015031281
2019,1,8,7,3,2,6.48E-06
2019,1,8,7,3,3,3.37E-05
2019,1,8,7,3,1,0.001125248
2019,1,8,7,1,2,8.17E-05
2019,1,8,7,1,3,0.000566515
2019,1,8,7,1,1,0.005974071
2019,1,8,8,1,2,2.44E-05
2019,1,8,8,1,3,8.34E-06
2019,1,8,8,1,1,0.010793761
2019,1,8,9,16,2,1.02E-06
2019,1,8,9,16,3,1.34E-05
2019,1,8,9,16,1,0.002023058
2019,1,8,9,1,2,9.23E-05
2019,1,8,9,1,3,4.43E-06
2019,1,8,9,1,1,0.05206005
2019,1,8,10,1,2,3.37E-05
2019,1,8,10,1,1,0.019029385
2019,1,8,11,7,1,0.000478297
2019,1,8,11,7,4,4.04E-05
2019,1,8,11,15,1,8.45E-05
2019,1,8,11,15,4,9.66E-06
2019,1,8,11,16,3,1.01E-06
2019,1,8,11,16,1,0.000188096
2019,1,8,11,5,1,0.000380555
2019,1,8,11,5,4,2.15E-05
2019,1,8,11,2,1,0.000113339
2019,1,8,11,2,4,1.85E-05
2019,1,8,11,1,2,0.000153525
2019,1,8,11,1,3,2.73E-05
2019,1,8,11,1,1,0.042582416
2019,1,8,1,1,2,0.000374832
2019,1,8,1,1,3,7.26E-06
2019,1,8,1,1,1,0.007465233
2019,1,8,2,1,2,4.19E-06
2019,1,8,2,1,1,4.81E-05
2019,1,8,3,1,2,9.43E-06
2019,1,8,3,1,1,5.82E-05
2019,1,8,4,16,1,0.000113736
2019,1,8,4,1,2,1.01E-06
2019,1,8,4,1,1,0.00111438
2019,1,8,5,7,1,3.36E-05
2019,1,8,5,7,4,2.89E-06
2019,1,8,5,15,1,0.000213503
2019,1,8,5,15,4,2.44E-05
2019,1,8,5,1,1,3.72E-05
2019,2,1,2,1,1,0.000366409
2019,2,1,3,1,1,0.001306874
2019,2,1,5,1,1,0.00106294
2019,2,1,8,2,3,3.06E-06
2019,2,1,8,2,1,0.000138707
2019,2,1,8,2,4,8.94E-05
2019,2,1,8,1,2,3.75E-05
2019,2,1,8,1,3,0.000103825
2019,2,1,8,1,1,0.014395521
2019,2,1,9,3,2,1.73E-05
2019,2,1,9,3,3,3.19E-06
2019,2,1,9,3,1,0.000980593
2019,2,1,9,1,2,0.000297566
2019,2,1,9,1,3,2.02E-05
2019,2,1,9,1,1,0.024935404
2019,2,1,11,2,1,0.000128117
2019,2,1,11,2,4,7.00E-06
2019,2,1,11,1,1,0.000794978
2019,2,2,1,1,2,0.001386648
2019,2,2,1,1,3,3.27E-05
2019,2,2,1,1,1,0.008505306
2019,2,2,2,1,1,9.53E-06
2019,2,2,3,1,2,2.61E-05
2019,2,2,3,1,1,0.007210631
2019,2,2,4,7,1,4.56E-05
2019,2,2,4,7,4,1.12E-05
2019,2,2,4,6,1,0.000232581
2019,2,2,4,6,4,3.85E-05
2019,2,2,4,1,2,2.35E-05
2019,2,2,4,1,1,0.012304504
2019,2,2,5,16,1,1.09E-06
2019,2,2,5,5,2,1.04E-06
2019,2,2,5,5,1,0.000281897
2019,2,2,5,5,4,4.35E-05
2019,2,2,5,1,2,2.03E-06
2019,2,2,5,1,1,0.002121502
2019,2,2,6,3,2,7.89E-06
2019,2,2,6,3,3,0.000142594
2019,2,2,6,3,1,0.010972364
2019,2,2,6,2,1,4.55E-05
2019,2,2,6,2,4,8.09E-06
2019,2,2,6,1,2,0.000152961
2019,2,2,6,1,3,8.89E-05
2019,2,2,6,1,1,0.047391422
2019,2,2,7,3,2,6.24E-05
2019,2,2,7,3,3,0.000434206
2019,2,2,7,3,1,0.011817655
2019,2,2,7,2,1,0.000301574
2019,2,2,7,2,4,5.60E-05
2019,2,2,7,1,2,0.000756238
2019,2,2,7,1,3,0.000105784
2019,2,2,7,1,1,0.035371375
2019,2,2,8,3,2,5.02E-08
2019,2,2,8,3,3,3.93E-07
2019,2,2,8,3,1,7.01E-05
2019,2,2,8,1,2,9.25E-05
2019,2,2,8,1,3,0.000160626
2019,2,2,8,1,1,0.041068098
2019,2,2,9,3,2,3.10E-06
2019,2,2,9,3,1,0.001773316
2019,2,2,9,1,2,5.70E-05
2019,2,2,9,1,1,0.015424087
2019,2,2,11,3,1,2.34E-06
2019,2,2,11,1,2,9.17E-06
2019,2,2,11,1,1,0.009278146
2019,2,3,6,1,3,3.77E-06
2019,2,3,6,1,1,0.000235873
2019,2,3,7,3,2,1.23E-07
2019,2,3,7,3,3,3.62E-06
2019,2,3,7,3,1,2.25E-05
2019,2,3,7,1,2,4.64E-06
2019,2,3,7,1,3,0.00015035
2019,2,3,7,1,1,0.000875949
2019,2,3,9,1,3,1.44E-05
2019,2,3,9,1,1,0.000380772
2019,2,3,1,6,3,1.02E-05
2019,2,3,1,6,1,0.000413039
2019,2,3,1,6,4,2.14E-05
2019,2,3,1,2,1,7.34E-06
2019,2,3,1,2,4,1.05E-06
2019,2,3,1,1,2,0.002615971
2019,2,3,1,1,3,2.77E-05
2019,2,3,1,1,1,0.017571454
2019,2,3,2,16,3,2.19E-06
2019,2,3,2,16,1,0.002070532
2019,2,3,2,1,2,6.88E-05
2019,2,3,2,1,3,1.35E-06
2019,2,3,2,1,1,0.039548733
2019,2,3,3,4,1,0.00024148
2019,2,3,3,4,4,3.06E-06
2019,2,3,3,3,1,0.002458824
2019,2,3,3,1,2,0.000459845
2019,2,3,3,1,1,0.031878238
2019,2,3,4,5,1,0.000806831
2019,2,3,4,5,4,6.18E-05
2019,2,3,4,2,1,0.000003
2019,2,3,4,1,2,3.51E-05
2019,2,3,4,1,1,0.032716991
2019,2,3,5,1,2,1.00E-06
2019,2,3,5,1,1,0.001595082
2019,2,4,1,4,2,2.07E-06
2019,2,4,1,4,3,2.79E-05
2019,2,4,1,4,1,0.001193341
2019,2,4,1,4,4,4.83E-05
2019,2,4,1,7,1,0.003326132
2019,2,4,1,7,4,9.55E-05
2019,2,4,1,16,2,0.001456516
2019,2,4,1,16,3,0.000139433
2019,2,4,1,16,1,0.007025499
2019,2,4,1,5,2,3.10E-06
2019,2,4,1,5,3,4.54E-05
2019,2,4,1,5,1,0.003757488
2019,2,4,1,5,4,0.000129392
2019,2,4,1,2,1,1.13E-05
2019,2,4,1,1,2,0.003963657
2019,2,4,1,1,3,0.00072981
2019,2,4,1,1,1,0.103239104
2019,2,4,2,16,2,8.57E-05
2019,2,4,2,16,3,0.000130308
2019,2,4,2,16,1,0.009791389
2019,2,4,2,5,3,4.46E-05
2019,2,4,2,5,1,0.000110529
2019,2,4,2,5,4,0.000183539
2019,2,4,2,6,1,0.000271436
2019,2,4,2,6,4,6.10E-06
2019,2,4,2,1,2,0.00241664
2019,2,4,2,1,3,3.98E-05
2019,2,4,2,1,1,0.113598353
2019,2,4,3,5,1,0.000211869
2019,2,4,3,5,4,1.88E-05
2019,2,4,3,1,2,4.46E-05
2019,2,4,3,1,1,0.006887386
2019,2,4,4,15,2,1.03E-06
2019,2,4,4,15,3,1.03E-06
2019,2,4,4,15,1,0.005631069
2019,2,4,4,15,4,0.000200262
2019,2,4,4,16,1,0.001131845
2019,2,4,4,5,1,1.27E-05
2019,2,4,4,1,2,0.000395595
2019,2,4,4,1,3,2.05E-06
2019,2,4,4,1,1,0.033058831
2019,2,4,5,16,3,1.13E-06
2019,2,4,5,16,1,7.91E-06
2019,2,4,5,1,2,1.02E-06
2019,2,4,5,1,1,0.004404899
2019,2,4,6,3,2,0.001446848
2019,2,4,6,3,3,0.001481347
2019,2,4,6,3,1,0.010434243
2019,2,4,6,5,3,8.65E-05
2019,2,4,6,5,1,0.000235291
2019,2,4,6,5,4,5.59E-05
2019,2,4,6,1,2,0.000508518
2019,2,4,6,1,3,9.49E-06
2019,2,4,6,1,1,0.009798154
2019,2,4,7,3,2,4.18E-08
2019,2,4,7,3,3,5.18E-06
2019,2,4,7,3,1,3.93E-06
2019,2,4,7,1,2,3.04E-06
2019,2,4,7,1,3,0.000134132
2019,2,4,7,1,1,0.000121553
2019,2,4,9,1,2,0.00014304
2019,2,4,9,1,3,5.24E-05
2019,2,4,9,1,1,0.027237065
2019,2,4,10,1,2,4.33E-06
2019,2,4,10,1,3,5.40E-06
2019,2,4,10,1,1,0.000288648
2019,2,5,6,1,2,0.00033423
2019,2,5,6,1,3,6.95E-06
2019,2,5,6,1,1,0.017007133
2019,2,5,9,1,2,0.00039284
2019,2,5,9,1,1,0.010123848
2019,2,5,11,1,2,1.88E-05
2019,2,5,11,1,1,0.00140209
2019,2,5,1,3,2,0.000366055
2019,2,5,1,3,3,0.000377619
2019,2,5,1,3,1,0.002878987
2019,2,5,1,16,2,0.000429759
2019,2,5,1,16,3,2.35E-06
2019,2,5,1,16,1,0.000965373
2019,2,5,1,1,2,0.001352272
2019,2,5,1,1,3,0.000728094
2019,2,5,1,1,1,0.034719017
2019,2,5,2,16,1,0.002430281
2019,2,5,2,1,2,8.59E-05
2019,2,5,2,1,3,1.02E-06
2019,2,5,2,1,1,0.037663175
2019,2,5,3,1,3,1.04E-06
2019,2,5,3,1,1,0.003370509
2019,2,5,4,1,2,6.17E-05
2019,2,5,4,1,3,5.15E-06
2019,2,5,4,1,1,0.003741147
2019,2,5,5,15,1,0.000881495
2019,2,5,5,15,4,8.57E-05
2019,2,5,5,5,1,7.76E-05
2019,2,5,5,5,4,2.05E-05
2019,2,5,5,1,2,7.10E-06
2019,2,5,5,1,3,1.12E-05
2019,2,5,5,1,1,0.005601558
2019,2,6,1,1,1,0.000105885
2019,2,6,2,1,1,0.000880076
2019,2,6,3,4,3,3.02E-06
2019,2,6,3,4,1,6.25E-05
2019,2,6,3,4,4,9.07E-06
2019,2,6,3,1,1,0.000255916
2019,2,6,4,1,2,4.09E-06
2019,2,6,4,1,1,0.003300878
2019,2,6,5,16,1,2.55E-05
2019,2,6,5,1,2,2.16E-06
2019,2,6,5,1,1,0.002251586
2019,2,6,7,1,2,4.57E-05
2019,2,6,7,1,3,5.81E-05
2019,2,6,7,1,1,0.002905492
2019,2,6,8,3,2,0.00014093
2019,2,6,8,3,3,0.000235681
2019,2,6,8,3,1,0.005524081
2019,2,6,8,1,2,0.000136927
2019,2,6,8,1,3,0.000318262
2019,2,6,8,1,1,0.006443905
2019,2,6,9,1,2,8.20E-06
2019,2,6,9,1,3,1.02E-06
2019,2,6,9,1,1,0.006872944
2019,2,6,11,1,2,8.28E-05
2019,2,6,11,1,3,5.04E-06
2019,2,6,11,1,1,0.013579502
2019,2,7,6,1,2,0.000932307
2019,2,7,6,1,3,0.000114494
2019,2,7,6,1,1,0.092317705
2019,2,7,7,1,2,0.000286008
2019,2,7,7,1,3,0.000265306
2019,2,7,7,1,1,0.040342843
2019,2,7,8,2,1,0.000110646
2019,2,7,8,2,4,6.10E-05
2019,2,7,8,1,2,0.00063681
2019,2,7,8,1,3,0.000229153
2019,2,7,8,1,1,0.081976428
2019,2,7,9,16,2,1.01E-06
2019,2,7,9,16,3,7.39E-05
2019,2,7,9,16,1,0.011325242
2019,2,7,9,5,3,7.04E-06
2019,2,7,9,5,1,0.000470773
2019,2,7,9,5,4,3.92E-05
2019,2,7,9,2,1,6.17E-05
2019,2,7,9,2,4,6.50E-06
2019,2,7,9,1,2,0.002031244
2019,2,7,9,1,3,7.62E-05
2019,2,7,9,1,1,0.326072553
2019,2,7,10,3,1,0.001608166
2019,2,7,10,1,3,1.02E-06
2019,2,7,10,1,1,0.008726547
2019,2,7,11,1,2,6.87E-06
2019,2,7,11,1,1,0.004987838
2019,2,7,1,7,2,2.05E-06
2019,2,7,1,7,3,9.88E-05
2019,2,7,1,7,1,0.00067017
2019,2,7,1,7,4,8.97E-05
2019,2,7,1,15,3,5.22E-06
2019,2,7,1,15,1,0.000137847
2019,2,7,1,15,4,7.31E-06
2019,2,7,1,3,2,7.94E-07
2019,2,7,1,3,3,9.53E-06
2019,2,7,1,3,1,0.000844467
2019,2,7,1,16,2,1.34E-05
2019,2,7,1,16,1,0.002280394
2019,2,7,1,5,3,1.03E-05
2019,2,7,1,5,1,0.00048456
2019,2,7,1,5,4,7.72E-05
2019,2,7,1,2,1,1.49E-05
2019,2,7,1,2,4,6.31E-06
2019,2,7,1,1,2,0.001446695
2019,2,7,1,1,3,6.91E-05
2019,2,7,1,1,1,0.103183776
2019,2,7,2,1,2,0.000301596
2019,2,7,2,1,3,3.09E-06
2019,2,7,2,1,1,0.049956989
2019,2,7,3,1,2,2.07E-06
2019,2,7,3,1,1,0.002872851
2019,2,7,4,7,1,0.000616765
2019,2,7,4,7,4,7.44E-05
2019,2,7,4,15,1,0.000570184
2019,2,7,4,15,4,2.30E-05
2019,2,7,4,1,1,0.002432677
2019,2,8,6,3,2,4.18E-06
2019,2,8,6,3,3,2.09E-06
2019,2,8,6,3,1,0.000225895
2019,2,8,6,1,2,0.001283632
2019,2,8,6,1,3,0.000371747
2019,2,8,6,1,1,0.053362652
2019,2,8,7,3,2,0.000171775
2019,2,8,7,3,3,8.06E-05
2019,2,8,7,3,1,0.004891612
2019,2,8,7,1,2,0.000292486
2019,2,8,7,1,3,0.000863298
2019,2,8,7,1,1,0.0230228
2019,2,8,8,1,2,0.000178151
2019,2,8,8,1,3,5.51E-05
2019,2,8,8,1,1,0.041969876
2019,2,8,9,16,2,2.03E-06
2019,2,8,9,16,3,1.34E-05
2019,2,8,9,16,1,0.003572451
2019,2,8,9,1,2,0.00067832
2019,2,8,9,1,3,4.79E-05
2019,2,8,9,1,1,0.142663004
2019,2,8,10,1,2,0.000256569
2019,2,8,10,1,1,0.052161986
2019,2,8,11,7,1,0.000947363
2019,2,8,11,7,4,0.000108156
2019,2,8,11,15,1,0.000258165
2019,2,8,11,15,4,2.99E-05
2019,2,8,11,16,1,0.00042611
2019,2,8,11,5,3,9.72E-07
2019,2,8,11,5,1,0.001071134
2019,2,8,11,5,4,6.74E-05
2019,2,8,11,2,1,0.000245825
2019,2,8,11,2,4,3.39E-05
2019,2,8,11,1,2,0.00032744
2019,2,8,11,1,3,0.000131115
2019,2,8,11,1,1,0.144668164
2019,2,8,1,1,2,0.000816147
2019,2,8,1,1,3,1.47E-05
2019,2,8,1,1,1,0.024384896
2019,2,8,2,1,2,2.93E-05
2019,2,8,2,1,1,0.000500261
2019,2,8,3,1,2,2.93E-05
2019,2,8,3,1,1,0.000222027
2019,2,8,4,14,1,1.04E-06
2019,2,8,4,14,4,1.04E-06
2019,2,8,4,16,1,0.000261193
2019,2,8,4,1,2,1.01E-06
2019,2,8,4,1,3,5.53E-06
2019,2,8,4,1,1,0.003094568
2019,2,8,5,7,1,0.000103043
2019,2,8,5,7,4,1.68E-05
2019,2,8,5,15,1,0.000651948
2019,2,8,5,15,4,7.55E-05
2019,2,8,5,1,1,7.00E-05
2019,3,1,2,1,1,0.000337421
2019,3,1,3,4,1,1.02E-06
2019,3,1,3,4,4,2.04E-06
2019,3,1,3,1,2,1.03E-06
2019,3,1,3,1,3,6.28E-06
2019,3,1,3,1,1,0.00066953
2019,3,1,5,1,1,0.000575303
2019,3,1,8,2,1,0.000254834
2019,3,1,8,2,4,4.20E-05
2019,3,1,8,1,2,0.000124755
2019,3,1,8,1,3,0.000127422
2019,3,1,8,1,1,0.022293059
2019,3,1,9,3,2,0.000113196
2019,3,1,9,3,3,7.14E-07
2019,3,1,9,3,1,0.000706028
2019,3,1,9,1,2,0.000707275
2019,3,1,9,1,3,6.54E-06
2019,3,1,9,1,1,0.018802078
2019,3,1,11,2,1,0.000219128
2019,3,1,11,2,4,2.81E-05
2019,3,1,11,1,2,1.01E-06
2019,3,1,11,1,1,0.002588206
2019,3,2,1,1,2,0.000918649
2019,3,2,1,1,3,5.27E-06
2019,3,2,1,1,1,0.01625931
2019,3,2,2,1,1,6.35E-06
2019,3,2,3,1,2,4.02E-06
2019,3,2,3,1,1,0.003048845
2019,3,2,4,7,1,2.33E-05
2019,3,2,4,7,4,4.06E-06
2019,3,2,4,6,1,7.08E-05
2019,3,2,4,6,4,1.11E-05
2019,3,2,4,1,2,5.21E-05
2019,3,2,4,1,1,0.010090329
2019,3,2,5,16,1,2.17E-06
2019,3,2,5,5,1,8.19E-05
2019,3,2,5,5,4,2.18E-05
2019,3,2,5,1,1,0.000882394
2019,3,2,6,3,2,9.57E-05
2019,3,2,6,3,3,0.000427788
2019,3,2,6,3,1,0.002998653
2019,3,2,6,2,1,0.000216458
2019,3,2,6,2,4,3.24E-05
2019,3,2,6,1,2,0.000784155
2019,3,2,6,1,3,0.000283936
2019,3,2,6,1,1,0.078927486
2019,3,2,7,3,2,0.00044444
2019,3,2,7,3,3,0.000875695
2019,3,2,7,3,1,0.018344558
2019,3,2,7,2,2,2.99E-06
2019,3,2,7,2,1,0.000536787
2019,3,2,7,2,4,0.000124826
2019,3,2,7,1,2,0.000369566
2019,3,2,7,1,3,0.000216845
2019,3,2,7,1,1,0.06735055
2019,3,2,8,3,2,1.28E-06
2019,3,2,8,3,3,3.21E-07
2019,3,2,8,3,1,0.000138821
2019,3,2,8,1,2,0.000457292
2019,3,2,8,1,3,0.000238692
2019,3,2,8,1,1,0.079814755
2019,3,2,9,3,2,5.48E-06
2019,3,2,9,3,3,4.77E-07
2019,3,2,9,3,1,0.001534284
2019,3,2,9,1,2,3.35E-05
2019,3,2,9,1,3,2.58E-06
2019,3,2,9,1,1,0.013685876
2019,3,2,11,3,2,1.29E-09
2019,3,2,11,3,1,4.91E-06
2019,3,2,11,1,2,1.50E-05
2019,3,2,11,1,3,4.01E-06
2019,3,2,11,1,1,0.01507357
2019,3,3,6,1,2,4.91E-05
2019,3,3,6,1,3,6.51E-05
2019,3,3,6,1,1,0.00024059
2019,3,3,7,3,2,5.47E-06
2019,3,3,7,3,3,4.01E-06
2019,3,3,7,3,1,3.38E-05
2019,3,3,7,1,2,0.000235404
2019,3,3,7,1,3,0.000168947
2019,3,3,7,1,1,0.001343647
2019,3,3,9,1,2,0.000154367
2019,3,3,9,1,3,5.15E-06
2019,3,3,9,1,1,0.00029021
2019,3,3,1,6,1,0.000510703
2019,3,3,1,6,4,8.55E-05
2019,3,3,1,2,1,4.61E-05
2019,3,3,1,2,4,4.20E-06
2019,3,3,1,1,2,0.002941427
2019,3,3,1,1,3,0.000176473
2019,3,3,1,1,1,0.023541419
2019,3,3,2,16,2,1.02E-06
2019,3,3,2,16,3,1.10E-06
2019,3,3,2,16,1,0.001144722
2019,3,3,2,1,2,6.77E-05
2019,3,3,2,1,1,0.023476917
2019,3,3,3,4,1,2.95E-05
2019,3,3,3,4,4,2.34E-05
2019,3,3,3,3,2,1.04E-06
2019,3,3,3,3,1,0.000711847
2019,3,3,3,1,2,0.000830373
2019,3,3,3,1,1,0.023109896
2019,3,3,4,5,1,0.000273365
2019,3,3,4,5,4,4.20E-05
2019,3,3,4,2,1,0.000002
2019,3,3,4,1,2,3.81E-05
2019,3,3,4,1,1,0.011522269
2019,3,3,5,1,2,1.01E-06
2019,3,3,5,1,1,0.000653388
2019,3,4,1,4,3,2.48E-05
2019,3,4,1,4,1,0.000247995
2019,3,4,1,4,4,6.10E-05
2019,3,4,1,7,3,1.75E-06
2019,3,4,1,7,1,0.002317471
2019,3,4,1,7,4,0.000184288
2019,3,4,1,16,2,0.000710266
2019,3,4,1,16,3,0.000206962
2019,3,4,1,16,1,0.014236507
2019,3,4,1,5,3,6.07E-06
2019,3,4,1,5,1,0.000827795
2019,3,4,1,5,4,0.000159182
2019,3,4,1,2,1,3.49E-05
2019,3,4,1,2,4,2.05E-06
2019,3,4,1,1,2,0.009729469
2019,3,4,1,1,3,0.000758446
2019,3,4,1,1,1,0.108516586
2019,3,4,2,4,4,9.92E-07
2019,3,4,2,16,2,3.17E-05
2019,3,4,2,16,3,7.19E-06
2019,3,4,2,16,1,0.011799085
2019,3,4,2,5,3,1.01E-06
2019,3,4,2,5,1,0.000340713
2019,3,4,2,5,4,1.22E-05
2019,3,4,2,6,1,4.57E-05
2019,3,4,2,6,4,5.08E-06
2019,3,4,2,1,2,0.002766117
2019,3,4,2,1,3,1.36E-05
2019,3,4,2,1,1,0.082638059
2019,3,4,3,5,1,0.000136832
2019,3,4,3,5,4,1.77E-05
2019,3,4,3,1,2,7.64E-05
2019,3,4,3,1,1,0.004171258
2019,3,4,4,15,2,3.08E-06
2019,3,4,4,15,3,3.46E-07
2019,3,4,4,15,1,0.004096987
2019,3,4,4,15,4,0.000352614
2019,3,4,4,16,1,0.001052009
2019,3,4,4,5,1,3.18E-06
2019,3,4,4,5,4,1.59E-06
2019,3,4,4,1,2,0.000258175
2019,3,4,4,1,3,0.00000172
2019,3,4,4,1,1,0.015725278
2019,3,4,5,16,1,1.92E-05
2019,3,4,5,1,2,6.19E-06
2019,3,4,5,1,1,0.002688077
2019,3,4,6,3,2,0.00373107
2019,3,4,6,3,3,0.000772558
2019,3,4,6,3,1,0.01956695
2019,3,4,6,5,3,2.11E-06
2019,3,4,6,5,1,0.000312315
2019,3,4,6,5,4,6.33E-05
2019,3,4,6,1,2,0.000344682
2019,3,4,6,1,3,1.65E-05
2019,3,4,6,1,1,0.020870677
2019,3,4,7,3,2,1.30E-06
2019,3,4,7,3,3,5.52E-06
2019,3,4,7,3,1,3.93E-06
2019,3,4,7,1,2,3.25E-05
2019,3,4,7,1,3,0.000144519
2019,3,4,7,1,1,0.000164348
2019,3,4,9,1,2,0.000139396
2019,3,4,9,1,3,1.03E-05
2019,3,4,9,1,1,0.029121619
2019,3,4,10,1,2,4.20E-06
2019,3,4,10,1,3,2.19E-06
2019,3,4,10,1,1,0.000119814
2019,3,5,6,1,2,0.000385344
2019,3,5,6,1,3,8.21E-06
2019,3,5,6,1,1,0.017148003
2019,3,5,9,1,2,0.000193655
2019,3,5,9,1,3,1.02E-06
2019,3,5,9,1,1,0.009274574
2019,3,5,11,1,2,9.88E-07
2019,3,5,11,1,1,0.002050273
2019,3,5,1,3,2,0.000368072
2019,3,5,1,3,3,0.000603578
2019,3,5,1,3,1,0.007425284
2019,3,5,1,16,2,3.89E-05
2019,3,5,1,16,1,0.001512529
2019,3,5,1,1,2,0.002936608
2019,3,5,1,1,3,0.00103784
2019,3,5,1,1,1,0.037941906
2019,3,5,2,16,2,2.00E-06
2019,3,5,2,16,1,0.002327056
2019,3,5,2,1,2,3.35E-05
2019,3,5,2,1,3,2.04E-06
2019,3,5,2,1,1,0.024616573
2019,3,5,3,1,2,1.03E-06
2019,3,5,3,1,1,0.00167363
2019,3,5,4,1,2,0.000183913
2019,3,5,4,1,3,8.92E-07
2019,3,5,4,1,1,0.005075992
2019,3,5,5,15,1,0.000555501
2019,3,5,5,15,4,0.000127439
2019,3,5,5,5,1,4.97E-05
2019,3,5,5,5,4,1.49E-05
2019,3,5,5,1,2,6.16E-06
2019,3,5,5,1,1,0.002184741
2019,3,6,1,1,1,0.000112113
2019,3,6,2,1,1,0.000938338
2019,3,6,3,4,1,3.02E-06
2019,3,6,3,4,4,3.02E-06
2019,3,6,3,1,1,0.000299257
2019,3,6,4,1,2,1.02E-06
2019,3,6,4,1,1,0.003638265
2019,3,6,5,16,1,1.81E-05
2019,3,6,5,1,2,2.07E-06
2019,3,6,5,1,1,0.001869056
2019,3,6,7,1,2,0.000194286
2019,3,6,7,1,3,8.80E-05
2019,3,6,7,1,1,0.004788696
2019,3,6,8,3,2,0.000447079
2019,3,6,8,3,3,0.000215549
2019,3,6,8,3,1,0.007657303
2019,3,6,8,1,2,0.000464713
2019,3,6,8,1,3,0.000319927
2019,3,6,8,1,1,0.009146356
2019,3,6,9,1,2,0.000383568
2019,3,6,9,1,3,1.02E-06
2019,3,6,9,1,1,0.004500018
2019,3,6,11,1,2,0.000353741
2019,3,6,11,1,3,1.21E-05
2019,3,6,11,1,1,0.017440056
2019,3,7,6,1,2,0.000572653
2019,3,7,6,1,3,0.000300838
2019,3,7,6,1,1,0.076266514
2019,3,7,7,1,2,0.000367206
2019,3,7,7,1,3,0.00017915
2019,3,7,7,1,1,0.043110965
2019,3,7,8,2,2,1.02E-06
2019,3,7,8,2,1,0.000215302
2019,3,7,8,2,4,0.000263407
2019,3,7,8,1,2,0.000905653
2019,3,7,8,1,3,0.000119525
2019,3,7,8,1,1,0.080048694
2019,3,7,9,16,2,3.03E-06
2019,3,7,9,16,3,2.53E-05
2019,3,7,9,16,1,0.009080248
2019,3,7,9,5,1,3.22E-05
2019,3,7,9,5,4,2.01E-06
2019,3,7,9,2,1,4.87E-05
2019,3,7,9,2,4,6.50E-06
2019,3,7,9,1,2,0.002973149
2019,3,7,9,1,3,4.81E-05
2019,3,7,9,1,1,0.199085066
2019,3,7,10,3,2,7.44E-07
2019,3,7,10,3,1,0.000587664
2019,3,7,10,1,2,3.59E-05
2019,3,7,10,1,1,0.00369363
2019,3,7,11,1,2,3.92E-06
2019,3,7,11,1,1,0.004137775
2019,3,7,1,4,4,9.93E-07
2019,3,7,1,7,3,2.34E-05
2019,3,7,1,7,1,0.000644873
2019,3,7,1,7,4,8.25E-05
2019,3,7,1,15,1,1.04E-05
2019,3,7,1,15,4,3.13E-06
2019,3,7,1,3,2,3.50E-05
2019,3,7,1,3,3,5.72E-05
2019,3,7,1,3,1,0.002913929
2019,3,7,1,16,2,5.87E-05
2019,3,7,1,16,3,1.03E-06
2019,3,7,1,16,1,0.0035876
2019,3,7,1,5,1,0.000445321
2019,3,7,1,5,4,4.83E-05
2019,3,7,1,2,3,2.13E-06
2019,3,7,1,2,1,0.000138782
2019,3,7,1,2,4,3.07E-05
2019,3,7,1,1,2,0.003646524
2019,3,7,1,1,3,8.96E-05
2019,3,7,1,1,1,0.236800831
2019,3,7,2,1,2,0.000166423
2019,3,7,2,1,3,2.08E-06
2019,3,7,2,1,1,0.035946018
2019,3,7,3,1,2,9.56E-05
2019,3,7,3,1,1,0.001912968
2019,3,7,4,7,3,3.06E-06
2019,3,7,4,7,1,0.000681592
2019,3,7,4,7,4,5.10E-05
2019,3,7,4,15,1,2.92E-05
2019,3,7,4,15,4,8.35E-06
2019,3,7,4,1,1,0.001939426
2019,3,8,6,3,2,4.39E-05
2019,3,8,6,3,1,0.001314585
2019,3,8,6,1,2,0.001310752
2019,3,8,6,1,3,0.000102321
2019,3,8,6,1,1,0.060636172
2019,3,8,7,3,2,8.51E-05
2019,3,8,7,3,3,8.56E-05
2019,3,8,7,3,1,0.00659352
2019,3,8,7,1,2,0.000388872
2019,3,8,7,1,3,0.000973086
2019,3,8,7,1,1,0.044327403
2019,3,8,8,1,2,0.000367971
2019,3,8,8,1,3,6.98E-05
2019,3,8,8,1,1,0.074489169
2019,3,8,9,16,2,4.07E-06
2019,3,8,9,16,3,2.03E-06
2019,3,8,9,16,1,0.003583331
2019,3,8,9,1,2,0.000814281
2019,3,8,9,1,3,7.92E-06
2019,3,8,9,1,1,0.099404265
2019,3,8,10,1,2,0.000327187
2019,3,8,10,1,3,3.05E-06
2019,3,8,10,1,1,0.032901376
2019,3,8,11,7,2,1.03E-06
2019,3,8,11,7,1,0.000901016
2019,3,8,11,7,4,0.000350142
2019,3,8,11,15,1,0.000153087
2019,3,8,11,15,4,4.20E-05
2019,3,8,11,16,1,0.000310412
2019,3,8,11,5,1,0.000449757
2019,3,8,11,5,4,8.12E-05
2019,3,8,11,2,1,9.68E-05
2019,3,8,11,2,4,1.74E-05
2019,3,8,11,1,2,0.000608919
2019,3,8,11,1,3,0.000210358
2019,3,8,11,1,1,0.094563592
2019,3,8,1,1,2,0.000924784
2019,3,8,1,1,3,4.97E-05
2019,3,8,1,1,1,0.028792066
2019,3,8,2,1,2,2.41E-05
2019,3,8,2,1,3,1.05E-06
2019,3,8,2,1,1,0.000968097
2019,3,8,3,1,2,4.92E-05
2019,3,8,3,1,1,0.000217596
2019,3,8,4,14,4,3.18E-06
2019,3,8,4,16,1,0.000188362
2019,3,8,4,1,2,3.46E-06
2019,3,8,4,1,1,0.002907118
2019,3,8,5,7,1,7.00E-05
2019,3,8,5,7,4,2.14E-05
2019,3,8,5,15,1,0.000386594
2019,3,8,5,15,4,0.000105989
2019,3,8,5,1,1,3.82E-05
2019,4,1,2,1,1,0.000139762
2019,4,1,3,1,2,1.05E-06
2019,4,1,3,1,1,0.00027578
2019,4,1,5,1,2,1.03E-06
2019,4,1,5,1,1,0.000145114
2019,4,1,8,2,2,3.21E-06
2019,4,1,8,2,3,4.07E-06
2019,4,1,8,2,1,0.000138098
2019,4,1,8,2,4,2.33E-05
2019,4,1,8,1,2,0.000465962
2019,4,1,8,1,3,0.000106897
2019,4,1,8,1,1,0.007973003
2019,4,1,9,3,2,0.000498251
2019,4,1,9,3,3,4.23E-07
2019,4,1,9,3,1,0.000525496
2019,4,1,9,1,2,0.00234024
2019,4,1,9,1,3,4.73E-06
2019,4,1,9,1,1,0.010453824
2019,4,1,11,2,1,0.000109399
2019,4,1,11,2,4,1.00E-05
2019,4,1,11,1,2,1.01E-06
2019,4,1,11,1,1,0.000474974
2019,4,2,1,1,2,0.001302111
2019,4,2,1,1,3,2.03E-06
2019,4,2,1,1,1,0.00702309
2019,4,2,2,1,2,1.06E-06
2019,4,2,2,1,1,6.35E-06
2019,4,2,3,1,1,0.001082474
2019,4,2,4,7,1,4.05E-06
2019,4,2,4,7,4,2.02E-06
2019,4,2,4,6,1,2.43E-05
2019,4,2,4,6,4,1.01E-06
2019,4,2,4,1,2,5.59E-05
2019,4,2,4,1,1,0.003724203
2019,4,2,5,5,1,1.87E-05
2019,4,2,5,5,4,5.18E-06
2019,4,2,5,1,2,1.36E-06
2019,4,2,5,1,1,0.000240084
2019,4,2,6,3,2,0.001863249
2019,4,2,6,3,3,0.000258398
2019,4,2,6,3,1,0.003724068
2019,4,2,6,2,2,1.02E-06
2019,4,2,6,2,1,0.000103155
2019,4,2,6,2,4,1.42E-05
2019,4,2,6,1,2,0.001777252
2019,4,2,6,1,3,0.000354458
2019,4,2,6,1,1,0.031702625
2019,4,2,7,3,2,0.001986814
2019,4,2,7,3,3,0.000604983
2019,4,2,7,3,1,0.010474238
2019,4,2,7,2,2,7.97E-06
2019,4,2,7,2,3,4.98E-06
2019,4,2,7,2,1,0.00037719
2019,4,2,7,2,4,0.000133792
2019,4,2,7,1,2,0.00103783
2019,4,2,7,1,3,0.000234874
2019,4,2,7,1,1,0.031758978
2019,4,2,8,3,2,2.98E-06
2019,4,2,8,3,3,7.28E-07
2019,4,2,8,3,1,7.74E-05
2019,4,2,8,1,2,0.001518288
2019,4,2,8,1,3,0.000318344
2019,4,2,8,1,1,0.033396224
2019,4,2,9,3,2,2.10E-05
2019,4,2,9,3,3,2.38E-07
2019,4,2,9,3,1,0.000992828
2019,4,2,9,1,2,0.000190634
2019,4,2,9,1,3,7.76E-07
2019,4,2,9,1,1,0.00846466
2019,4,2,11,3,2,1.16E-09
2019,4,2,11,3,3,1.29E-09
2019,4,2,11,3,1,3.82E-06
2019,4,2,11,1,2,5.54E-05
2019,4,2,11,1,3,9.74E-07
2019,4,2,11,1,1,0.011274331
2019,4,3,6,1,2,0.000570812
2019,4,3,6,1,3,1.98E-05
2019,4,3,6,1,1,8.87E-05
2019,4,3,7,3,2,1.10E-05
2019,4,3,7,3,3,1.77E-06
2019,4,3,7,3,1,1.00E-05
2019,4,3,7,1,2,0.000461682
2019,4,3,7,1,3,7.85E-05
2019,4,3,7,1,1,0.000395287
2019,4,3,9,1,2,0.000972512
2019,4,3,9,1,3,8.23E-06
2019,4,3,9,1,1,0.000140989
2019,4,3,1,6,2,3.05E-06
2019,4,3,1,6,1,0.00012615
2019,4,3,1,6,4,1.22E-05
2019,4,3,1,2,1,2.20E-05
2019,4,3,1,2,4,1.05E-06
2019,4,3,1,1,2,0.003321998
2019,4,3,1,1,3,8.48E-05
2019,4,3,1,1,1,0.008450034
2019,4,3,2,16,2,1.10E-05
2019,4,3,2,16,1,0.000389886
2019,4,3,2,1,2,5.33E-05
2019,4,3,2,1,3,1.10E-06
2019,4,3,2,1,1,0.008508092
2019,4,3,3,4,1,1.02E-05
2019,4,3,3,3,1,0.000210342
2019,4,3,3,1,2,0.000358377
2019,4,3,3,1,1,0.008883291
2019,4,3,4,5,2,6.67E-06
2019,4,3,4,5,1,7.85E-05
2019,4,3,4,5,4,1.59E-05
2019,4,3,4,1,2,0.000247243
2019,4,3,4,1,1,0.003737797
2019,4,3,5,1,1,0.000178875
2019,4,4,1,4,2,1.76E-05
2019,4,4,1,4,3,1.97E-05
2019,4,4,1,4,1,0.000217223
2019,4,4,1,4,4,1.55E-05
2019,4,4,1,7,2,1.04E-06
2019,4,4,1,7,1,0.000860878
2019,4,4,1,7,4,6.56E-05
2019,4,4,1,16,2,0.000773013
2019,4,4,1,16,3,0.000149338
2019,4,4,1,16,1,0.003076666
2019,4,4,1,5,2,2.06E-06
2019,4,4,1,5,3,1.13E-05
2019,4,4,1,5,1,0.000188274
2019,4,4,1,5,4,7.95E-05
2019,4,4,1,2,1,9.23E-06
2019,4,4,1,1,2,0.018929118
2019,4,4,1,1,3,0.000563127
2019,4,4,1,1,1,0.035314997
2019,4,4,2,16,2,6.24E-05
2019,4,4,2,16,3,8.85E-05
2019,4,4,2,16,1,0.005263502
2019,4,4,2,5,2,2.03E-06
2019,4,4,2,5,3,2.03E-06
2019,4,4,2,5,1,0.000153118
2019,4,4,2,5,4,4.97E-05
2019,4,4,2,6,1,1.73E-05
2019,4,4,2,1,2,0.001945151
2019,4,4,2,1,3,8.24E-06
2019,4,4,2,1,1,0.027426478
2019,4,4,3,5,1,6.40E-05
2019,4,4,3,5,4,8.83E-06
2019,4,4,3,1,2,2.66E-05
2019,4,4,3,1,1,0.001522631
2019,4,4,4,15,2,9.23E-06
2019,4,4,4,15,1,0.001642973
2019,4,4,4,15,4,0.000137097
2019,4,4,4,16,2,1.03E-06
2019,4,4,4,16,1,0.000319513
2019,4,4,4,5,2,1.59E-06
2019,4,4,4,5,1,6.36E-06
2019,4,4,4,1,2,0.000177381
2019,4,4,4,1,1,0.004350782
2019,4,4,5,16,1,4.52E-06
2019,4,4,5,1,2,8.25E-06
2019,4,4,5,1,1,0.000916884
2019,4,4,6,3,2,0.004875795
2019,4,4,6,3,3,0.000747469
2019,4,4,6,3,1,0.008460508
2019,4,4,6,5,2,3.17E-06
2019,4,4,6,5,3,7.39E-06
2019,4,4,6,5,1,0.000134
2019,4,4,6,5,4,2.22E-05
2019,4,4,6,1,2,0.000270418
2019,4,4,6,1,3,8.32E-06
2019,4,4,6,1,1,0.006655555
2019,4,4,7,3,2,1.07E-05
2019,4,4,7,3,3,4.05E-06
2019,4,4,7,3,1,1.30E-06
2019,4,4,7,1,2,0.00027666
2019,4,4,7,1,3,0.000107783
2019,4,4,7,1,1,4.85E-05
2019,4,4,9,1,2,0.000680784
2019,4,4,9,1,3,1.03E-05
2019,4,4,9,1,1,0.010545482
2019,4,4,10,1,2,2.72E-05
2019,4,4,10,1,1,2.55E-05
2019,4,5,6,1,2,0.000184691
2019,4,5,6,1,3,9.88E-07
2019,4,5,6,1,1,0.006269301
2019,4,5,9,1,2,9.61E-05
2019,4,5,9,1,3,3.06E-06
2019,4,5,9,1,1,0.005398497
2019,4,5,11,1,2,7.90E-06
2019,4,5,11,1,1,0.001069106
2019,4,5,1,3,2,0.000134936
2019,4,5,1,3,3,0.000233803
2019,4,5,1,3,1,0.002932996
2019,4,5,1,16,2,3.30E-05
2019,4,5,1,16,1,0.000535244
2019,4,5,1,1,2,0.002469945
2019,4,5,1,1,3,0.000572594
2019,4,5,1,1,1,0.013101969
2019,4,5,2,16,3,1.00E-06
2019,4,5,2,16,1,0.000770675
2019,4,5,2,1,2,1.11E-05
2019,4,5,2,1,1,0.00671355
2019,4,5,3,1,2,2.05E-06
2019,4,5,3,1,1,0.000553709
2019,4,5,4,1,2,8.50E-05
2019,4,5,4,1,1,0.001200716
2019,4,5,5,15,1,0.000165169
2019,4,5,5,15,4,5.41E-05
2019,4,5,5,5,1,1.04E-05
2019,4,5,5,5,4,3.16E-06
2019,4,5,5,1,2,1.03E-05
2019,4,5,5,1,3,1.08E-06
2019,4,5,5,1,1,0.000560536
2019,4,6,1,1,1,6.12E-05
2019,4,6,2,1,2,1.02E-06
2019,4,6,2,1,1,0.000380242
2019,4,6,3,4,1,2.02E-06
2019,4,6,3,4,4,1.01E-06
2019,4,6,3,1,1,9.60E-05
2019,4,6,4,1,1,0.00111185
2019,4,6,5,16,1,4.25E-06
2019,4,6,5,1,1,0.000573038
2019,4,6,7,1,2,0.000846989
2019,4,6,7,1,3,1.58E-05
2019,4,6,7,1,1,0.003183902
2019,4,6,8,3,2,0.000232968
2019,4,6,8,3,3,0.000166743
2019,4,6,8,3,1,0.004651994
2019,4,6,8,1,2,0.000279204
2019,4,6,8,1,3,0.000230916
2019,4,6,8,1,1,0.004834442
2019,4,6,9,1,2,0.000599998
2019,4,6,9,1,1,0.002750157
2019,4,6,11,1,2,0.000478957
2019,4,6,11,1,3,2.02E-06
2019,4,6,11,1,1,0.009996177
2019,4,7,6,1,2,0.000698148
2019,4,7,6,1,3,0.000134921
2019,4,7,6,1,1,0.028880778
2019,4,7,7,1,2,0.00093476
2019,4,7,7,1,3,0.000150914
2019,4,7,7,1,1,0.013538157
2019,4,7,8,2,2,4.06E-06
2019,4,7,8,2,1,8.22E-05
2019,4,7,8,2,4,5.80E-05
2019,4,7,8,1,2,0.000712905
2019,4,7,8,1,3,0.000111483
2019,4,7,8,1,1,0.03027915
2019,4,7,9,16,2,1.82E-05
2019,4,7,9,16,3,0.000156792
2019,4,7,9,16,1,0.004672046
2019,4,7,9,5,2,2.01E-06
2019,4,7,9,5,1,9.05E-06
2019,4,7,9,5,4,1.01E-06
2019,4,7,9,2,1,1.73E-05
2019,4,7,9,2,4,1.08E-06
2019,4,7,9,1,2,0.002061537
2019,4,7,9,1,3,1.54E-05
2019,4,7,9,1,1,0.08443655
2019,4,7,10,3,1,0.000156313
2019,4,7,10,1,2,2.74E-05
2019,4,7,10,1,3,1.02E-06
2019,4,7,10,1,1,0.001248039
2019,4,7,11,1,2,3.99E-06
2019,4,7,11,1,1,0.000742848
2019,4,7,1,4,1,9.93E-07
2019,4,7,1,7,2,3.06E-06
2019,4,7,1,7,3,2.04E-05
2019,4,7,1,7,1,0.000232268
2019,4,7,1,7,4,4.48E-05
2019,4,7,1,15,2,1.04E-06
2019,4,7,1,15,1,7.31E-06
2019,4,7,1,3,2,3.57E-05
2019,4,7,1,3,3,7.47E-05
2019,4,7,1,3,1,0.001441076
2019,4,7,1,16,2,3.23E-05
2019,4,7,1,16,1,0.00140514
2019,4,7,1,5,2,1.03E-06
2019,4,7,1,5,3,5.15E-05
2019,4,7,1,5,1,0.000357032
2019,4,7,1,5,4,1.65E-05
2019,4,7,1,2,1,3.18E-05
2019,4,7,1,2,4,8.49E-06
2019,4,7,1,1,2,0.003359093
2019,4,7,1,1,3,7.00E-05
2019,4,7,1,1,1,0.050457747
2019,4,7,2,1,2,0.000401337
2019,4,7,2,1,3,3.14E-06
2019,4,7,2,1,1,0.011860388
2019,4,7,3,1,2,5.09E-05
2019,4,7,3,1,1,0.000818097
2019,4,7,4,7,2,1.02E-06
2019,4,7,4,7,3,1.02E-06
2019,4,7,4,7,1,0.000360646
2019,4,7,4,7,4,2.85E-05
2019,4,7,4,15,1,2.09E-05
2019,4,7,4,15,4,2.09E-06
2019,4,7,4,1,2,1.23E-06
2019,4,7,4,1,1,0.000728751
2019,4,8,6,3,2,0.00014223
2019,4,8,6,3,1,0.000629579
2019,4,8,6,1,2,0.001140185
2019,4,8,6,1,3,0.000112949
2019,4,8,6,1,1,0.022416753
2019,4,8,7,3,2,0.000278418
2019,4,8,7,3,3,3.79E-05
2019,4,8,7,3,1,0.002440826
2019,4,8,7,1,2,0.001383337
2019,4,8,7,1,3,0.000381901
2019,4,8,7,1,1,0.013574915
2019,4,8,8,1,2,0.000312798
2019,4,8,8,1,3,3.81E-05
2019,4,8,8,1,1,0.02614063
2019,4,8,9,16,2,9.01E-06
2019,4,8,9,16,3,1.65E-05
2019,4,8,9,16,1,0.001960945
2019,4,8,9,1,2,0.001395213
2019,4,8,9,1,3,1.11E-05
2019,4,8,9,1,1,0.048153079
2019,4,8,10,1,2,0.000169437
2019,4,8,10,1,3,1.01E-06
2019,4,8,10,1,1,0.013135558
2019,4,8,11,7,1,0.000367316
2019,4,8,11,7,4,3.07E-05
2019,4,8,11,15,1,4.80E-05
2019,4,8,11,15,4,1.03E-05
2019,4,8,11,16,1,0.000117067
2019,4,8,11,5,2,1.04E-06
2019,4,8,11,5,1,0.000191226
2019,4,8,11,5,4,3.30E-05
2019,4,8,11,2,1,4.22E-05
2019,4,8,11,2,4,9.16E-06
2019,4,8,11,1,2,0.000820258
2019,4,8,11,1,3,0.000218045
2019,4,8,11,1,1,0.035125046
2019,4,8,1,1,2,0.000849323
2019,4,8,1,1,3,6.05E-06
2019,4,8,1,1,1,0.012385709
2019,4,8,2,1,2,5.23E-06
2019,4,8,2,1,1,0.000372481
2019,4,8,3,1,2,1.73E-05
2019,4,8,3,1,1,6.97E-05
2019,4,8,4,16,2,2.00E-07
2019,4,8,4,16,1,8.48E-05
2019,4,8,4,1,2,1.47E-05
2019,4,8,4,1,3,1.92E-07
2019,4,8,4,1,1,0.000879359
2019,4,8,5,7,1,2.37E-05
2019,4,8,5,7,4,6.95E-06
2019,4,8,5,15,1,0.000121239
2019,4,8,5,15,4,2.59E-05
2019,4,8,5,1,1,6.08E-06
2019,5,1,2,1,1,0.001088838
2019,5,1,3,4,1,1.02E-06
2019,5,1,3,1,2,9.28E-06
2019,5,1,3,1,3,2.09E-06
2019,5,1,3,1,1,0.002306376
2019,5,1,5,1,2,1.07E-06
2019,5,1,5,1,1,0.002195008
2019,5,1,8,2,2,1.02E-06
2019,5,1,8,2,1,0.000354121
2019,5,1,8,2,4,4.65E-05
2019,5,1,8,1,2,4.26E-05
2019,5,1,8,1,3,0.000255335
2019,5,1,8,1,1,0.024952719
2019,5,1,9,3,2,0.0001662
2019,5,1,9,3,3,3.04E-05
2019,5,1,9,3,1,0.004450298
2019,5,1,9,1,2,0.001251521
2019,5,1,9,1,3,0.0003148
2019,5,1,9,1,1,0.074107768
2019,5,1,11,2,1,0.00030587
2019,5,1,11,2,4,2.01E-05
2019,5,1,11,1,1,0.000628938
2019,5,2,1,1,2,0.001202515
2019,5,2,1,1,3,1.16E-05
2019,5,2,1,1,1,0.036961056
2019,5,2,2,1,2,1.06E-06
2019,5,2,2,1,1,0.000599482
2019,5,2,3,1,2,7.28E-05
2019,5,2,3,1,1,0.0104403
2019,5,2,4,7,1,9.01E-05
2019,5,2,4,7,4,1.02E-06
2019,5,2,4,6,1,0.000227696
2019,5,2,4,6,4,9.09E-06
2019,5,2,4,1,2,0.000125863
2019,5,2,4,1,3,6.46E-06
2019,5,2,4,1,1,0.027500145
2019,5,2,5,16,1,5.43E-06
2019,5,2,5,5,2,1.04E-06
2019,5,2,5,5,1,0.000300552
2019,5,2,5,5,4,5.29E-05
2019,5,2,5,1,1,0.002946786
2019,5,2,6,3,2,2.21E-05
2019,5,2,6,3,3,0.000837007
2019,5,2,6,3,1,0.006754433
2019,5,2,6,2,3,2.02E-06
2019,5,2,6,2,1,0.000706484
2019,5,2,6,2,4,7.81E-05
2019,5,2,6,1,2,0.000980119
2019,5,2,6,1,3,0.000613245
2019,5,2,6,1,1,0.071729097
2019,5,2,7,3,2,0.000163969
2019,5,2,7,3,3,0.002950678
2019,5,2,7,3,1,0.031352756
2019,5,2,7,2,3,9.96E-07
2019,5,2,7,2,1,0.00071758
2019,5,2,7,2,4,0.000162466
2019,5,2,7,1,2,0.00056906
2019,5,2,7,1,3,0.000601992
2019,5,2,7,1,1,0.063695807
2019,5,2,8,3,2,1.65E-07
2019,5,2,8,3,3,1.08E-06
2019,5,2,8,3,1,0.000145072
2019,5,2,8,1,2,0.000107219
2019,5,2,8,1,3,0.000833712
2019,5,2,8,1,1,0.068617691
2019,5,2,9,3,2,9.29E-06
2019,5,2,9,3,1,0.003295207
2019,5,2,9,1,2,0.000130926
2019,5,2,9,1,3,1.63E-05
2019,5,2,9,1,1,0.031332559
2019,5,2,11,3,1,5.25E-06
2019,5,2,11,1,2,2.23E-05
2019,5,2,11,1,3,3.04E-06
2019,5,2,11,1,1,0.023887509
2019,5,3,6,1,2,1.04E-05
2019,5,3,6,1,3,2.36E-05
2019,5,3,6,1,1,0.000408531
2019,5,3,7,3,2,1.24E-06
2019,5,3,7,3,3,9.14E-06
2019,5,3,7,3,1,4.37E-05
2019,5,3,7,1,2,5.18E-05
2019,5,3,7,1,3,0.000378396
2019,5,3,7,1,1,0.001704204
2019,5,3,9,1,2,7.51E-05
2019,5,3,9,1,3,0.000123494
2019,5,3,9,1,1,0.000979716
2019,5,3,1,6,3,6.10E-06
2019,5,3,1,6,1,0.000413039
2019,5,3,1,6,4,2.03E-05
2019,5,3,1,2,1,2.83E-05
2019,5,3,1,2,4,2.10E-06
2019,5,3,1,1,2,0.003057937
2019,5,3,1,1,3,0.00020051
2019,5,3,1,1,1,0.048066806
2019,5,3,2,16,3,1.10E-06
2019,5,3,2,16,1,0.001330926
2019,5,3,2,1,2,0.000103068
2019,5,3,2,1,3,4.04E-06
2019,5,3,2,1,1,0.063286648
2019,5,3,3,4,1,0.000230272
2019,5,3,3,4,4,5.09E-06
2019,5,3,3,3,2,1.04E-06
2019,5,3,3,3,3,1.04E-06
2019,5,3,3,3,1,0.000520156
2019,5,3,3,1,2,0.001491452
2019,5,3,3,1,3,1.03E-06
2019,5,3,3,1,1,0.057150731
2019,5,3,4,5,1,0.000901587
2019,5,3,4,5,4,4.86E-05
2019,5,3,4,2,1,1.33E-05
2019,5,3,4,2,4,1.04E-06
2019,5,3,4,1,2,6.77E-05
2019,5,3,4,1,3,1.02E-06
2019,5,3,4,1,1,0.033819136
2019,5,3,5,1,1,0.0025042
2019,5,4,1,4,2,2.07E-06
2019,5,4,1,4,3,3.93E-05
2019,5,4,1,4,1,0.000949153
2019,5,4,1,4,4,6.92E-05
2019,5,4,1,7,1,0.007662458
2019,5,4,1,7,4,0.000253024
2019,5,4,1,16,2,0.001974264
2019,5,4,1,16,3,0.000142971
2019,5,4,1,16,1,0.008376238
2019,5,4,1,5,3,7.24E-06
2019,5,4,1,5,1,0.001141799
2019,5,4,1,5,4,7.47E-05
2019,5,4,1,2,1,1.33E-05
2019,5,4,1,2,4,3.08E-06
2019,5,4,1,1,2,0.013992132
2019,5,4,1,1,3,0.001939621
2019,5,4,1,1,1,0.200989288
2019,5,4,2,16,2,0.000113275
2019,5,4,2,16,3,5.19E-05
2019,5,4,2,16,1,0.020020744
2019,5,4,2,5,3,1.01E-05
2019,5,4,2,5,1,0.000637822
2019,5,4,2,5,4,1.83E-05
2019,5,4,2,6,1,0.000111827
2019,5,4,2,6,4,2.03E-06
2019,5,4,2,1,2,0.005001062
2019,5,4,2,1,3,0.000124639
2019,5,4,2,1,1,0.230550826
2019,5,4,3,5,1,0.000293527
2019,5,4,3,5,4,8.83E-06
2019,5,4,3,1,2,0.000323233
2019,5,4,3,1,1,0.010313658
2019,5,4,4,15,3,1.03E-06
2019,5,4,4,15,1,0.008332443
2019,5,4,4,15,4,0.00033604
2019,5,4,4,16,1,0.002172075
2019,5,4,4,5,2,1.59E-06
2019,5,4,4,5,3,1.59E-06
2019,5,4,4,5,1,3.18E-05
2019,5,4,4,5,4,3.18E-06
2019,5,4,4,1,2,0.000155777
2019,5,4,4,1,3,6.53E-06
2019,5,4,4,1,1,0.036843259
2019,5,4,5,16,1,2.61E-05
2019,5,4,5,1,2,3.10E-06
2019,5,4,5,1,3,1.03E-06
2019,5,4,5,1,1,0.007102997
2019,5,4,6,3,2,0.00392238
2019,5,4,6,3,3,0.001517936
2019,5,4,6,3,1,0.017727027
2019,5,4,6,5,3,1.06E-06
2019,5,4,6,5,1,0.000553937
2019,5,4,6,5,4,2.95E-05
2019,5,4,6,1,2,0.000282469
2019,5,4,6,1,3,1.87E-05
2019,5,4,6,1,1,0.013359239
2019,5,4,7,3,2,9.19E-07
2019,5,4,7,3,3,5.72E-06
2019,5,4,7,3,1,4.43E-06
2019,5,4,7,1,2,2.31E-05
2019,5,4,7,1,3,0.000147776
2019,5,4,7,1,1,0.000152062
2019,5,4,9,1,2,0.000294772
2019,5,4,9,1,3,6.79E-05
2019,5,4,9,1,1,0.044217277
2019,5,4,10,1,3,4.37E-06
2019,5,4,10,1,1,0.000310084
2019,5,5,6,1,2,0.000588889
2019,5,5,6,1,3,2.02E-06
2019,5,5,6,1,1,0.026361818
2019,5,5,9,1,2,0.000449949
2019,5,5,9,1,3,1.03E-05
2019,5,5,9,1,1,0.029749503
2019,5,5,11,1,2,9.88E-07
2019,5,5,11,1,3,9.88E-07
2019,5,5,11,1,1,0.003118391
2019,5,5,1,3,2,0.000251915
2019,5,5,1,3,3,0.000738476
2019,5,5,1,3,1,0.006897028
2019,5,5,1,16,2,0.002733977
2019,5,5,1,16,3,1.40E-05
2019,5,5,1,16,1,0.002468819
2019,5,5,1,1,2,0.004177249
2019,5,5,1,1,3,0.003096425
2019,5,5,1,1,1,0.075780042
2019,5,5,2,16,2,4.01E-06
2019,5,5,2,16,1,0.004609015
2019,5,5,2,1,2,0.000155154
2019,5,5,2,1,3,1.83E-05
2019,5,5,2,1,1,0.055765236
2019,5,5,3,1,1,0.00362946
2019,5,5,4,1,2,0.000140233
2019,5,5,4,1,3,6.19E-06
2019,5,5,4,1,1,0.007660205
2019,5,5,5,15,1,0.001443336
2019,5,5,5,15,4,0.000134581
2019,5,5,5,5,3,3.31E-06
2019,5,5,5,5,1,0.000135553
2019,5,5,5,5,4,2.24E-05
2019,5,5,5,1,2,1.43E-05
2019,5,5,5,1,3,2.27E-05
2019,5,5,5,1,1,0.007600905
2019,5,6,1,1,2,6.23E-06
2019,5,6,1,1,1,0.000606242
2019,5,6,2,1,1,0.002825237
2019,5,6,3,4,1,2.22E-05
2019,5,6,3,4,4,1.61E-05
2019,5,6,3,1,1,0.000628439
2019,5,6,4,1,2,5.12E-05
2019,5,6,4,1,3,1.02E-06
2019,5,6,4,1,1,0.008725689
2019,5,6,5,16,1,0.0000468
2019,5,6,5,1,2,1.02E-06
2019,5,6,5,1,1,0.004656429
2019,5,6,7,1,2,0.000165582
2019,5,6,7,1,3,0.000125909
2019,5,6,7,1,1,0.009922291
2019,5,6,8,3,2,0.000373101
2019,5,6,8,3,3,0.000482389
2019,5,6,8,3,1,0.012478334
2019,5,6,8,1,2,0.000462673
2019,5,6,8,1,3,0.000736058
2019,5,6,8,1,1,0.019371342
2019,5,6,9,1,2,0.000261244
2019,5,6,9,1,3,6.15E-06
2019,5,6,9,1,1,0.014374485
2019,5,6,11,1,2,0.000223939
2019,5,6,11,1,3,1.33E-05
2019,5,6,11,1,1,0.022853459
2019,5,7,6,1,2,0.000620242
2019,5,7,6,1,3,0.000128398
2019,5,7,6,1,1,0.02782074
2019,5,7,7,1,2,0.000591413
2019,5,7,7,1,3,0.000493064
2019,5,7,7,1,1,0.011199453
2019,5,7,8,2,3,1.01E-06
2019,5,7,8,2,1,9.03E-05
2019,5,7,8,2,4,8.44E-05
2019,5,7,8,1,2,0.000463479
2019,5,7,8,1,3,0.000274902
2019,5,7,8,1,1,0.016846729
2019,5,7,9,16,2,5.06E-06
2019,5,7,9,16,3,4.05E-05
2019,5,7,9,16,1,0.012081523
2019,5,7,9,5,1,0.000136806
2019,5,7,9,5,4,3.02E-06
2019,5,7,9,2,1,0.000118048
2019,5,7,9,2,4,4.33E-06
2019,5,7,9,1,2,0.00195033
2019,5,7,9,1,3,7.01E-05
2019,5,7,9,1,1,0.168752319
2019,5,7,10,3,2,7.44E-06
2019,5,7,10,3,1,0.000510623
2019,5,7,10,1,2,4.04E-05
2019,5,7,10,1,1,0.006512206
2019,5,7,11,1,2,6.80E-06
2019,5,7,11,1,1,0.002282465
2019,5,7,1,4,1,1.99E-06
2019,5,7,1,7,2,1.02E-06
2019,5,7,1,7,3,5.30E-05
2019,5,7,1,7,1,0.000964442
2019,5,7,1,7,4,8.96E-05
2019,5,7,1,15,1,8.15E-05
2019,5,7,1,15,4,4.18E-06
2019,5,7,1,3,2,1.59E-05
2019,5,7,1,3,3,0.00043693
2019,5,7,1,3,1,0.004507533
2019,5,7,1,16,2,6.83E-05
2019,5,7,1,16,3,6.18E-05
2019,5,7,1,16,1,0.004755825
2019,5,7,1,5,3,3.08E-06
2019,5,7,1,5,1,0.000811256
2019,5,7,1,5,4,1.13E-05
2019,5,7,1,2,1,0.000165254
2019,5,7,1,2,4,5.73E-05
2019,5,7,1,1,2,0.007665102
2019,5,7,1,1,3,0.000473059
2019,5,7,1,1,1,0.282697317
2019,5,7,2,1,2,0.000466932
2019,5,7,2,1,3,2.86E-05
2019,5,7,2,1,1,0.15585469
2019,5,7,3,1,2,7.58E-05
2019,5,7,3,1,3,1.02E-06
2019,5,7,3,1,1,0.006213111
2019,5,7,4,7,2,1.02E-06
2019,5,7,4,7,3,1.02E-06
2019,5,7,4,7,1,0.001200022
2019,5,7,4,7,4,4.28E-05
2019,5,7,4,15,3,2.09E-06
2019,5,7,4,15,1,0.00039161
2019,5,7,4,15,4,1.88E-05
2019,5,7,4,1,1,0.023002939
2019,5,8,6,3,2,0.000896261
2019,5,8,6,3,3,4.18E-05
2019,5,8,6,3,1,0.002233854
2019,5,8,6,1,2,0.002093982
2019,5,8,6,1,3,0.000700316
2019,5,8,6,1,1,0.046281479
2019,5,8,7,3,2,0.000225124
2019,5,8,7,3,3,0.000324722
2019,5,8,7,3,1,0.009123838
2019,5,8,7,1,2,0.000643794
2019,5,8,7,1,3,0.001761981
2019,5,8,7,1,1,0.016570845
2019,5,8,8,1,2,0.00022381
2019,5,8,8,1,3,0.00012535
2019,5,8,8,1,1,0.056173585
2019,5,8,9,16,3,1.04E-06
2019,5,8,9,16,1,0.00487319
2019,5,8,9,1,2,0.001977451
2019,5,8,9,1,3,0.000233398
2019,5,8,9,1,1,0.185930531
2019,5,8,10,1,2,0.000363542
2019,5,8,10,1,3,5.08E-06
2019,5,8,10,1,1,0.055581165
2019,5,8,11,7,1,0.002041612
2019,5,8,11,7,4,0.000198054
2019,5,8,11,15,1,0.000370489
2019,5,8,11,15,4,6.49E-05
2019,5,8,11,16,1,0.000653544
2019,5,8,11,5,1,0.001135772
2019,5,8,11,5,4,0.000153211
2019,5,8,11,2,1,0.000500904
2019,5,8,11,2,4,6.75E-05
2019,5,8,11,1,2,0.000620968
2019,5,8,11,1,3,0.000388603
2019,5,8,11,1,1,0.136122586
2019,5,8,1,1,2,0.001210385
2019,5,8,1,1,3,4.85E-05
2019,5,8,1,1,1,0.061524565
2019,5,8,2,1,2,8.30E-06
2019,5,8,2,1,3,4.07E-06
2019,5,8,2,1,1,0.019257964
2019,5,8,3,1,2,0.000113747
2019,5,8,3,1,1,0.02054805
2019,5,8,4,16,1,0.000342205
2019,5,8,4,1,2,5.24E-06
2019,5,8,4,1,1,0.021511878
2019,5,8,5,7,1,0.000175984
2019,5,8,5,7,4,3.36E-05
2019,5,8,5,15,1,0.000935603
2019,5,8,5,15,4,0.00016394
2019,5,8,5,1,1,0.000215736
2019,6,1,2,1,3,1.09E-06
2019,6,1,2,1,1,0.000217391
2019,6,1,3,1,1,0.000234991
2019,6,1,5,1,2,1.03E-06
2019,6,1,5,1,1,0.000176722
2019,6,1,8,2,1,7.85E-05
2019,6,1,8,2,4,3.00E-06
2019,6,1,8,1,2,2.13E-05
2019,6,1,8,1,3,1.53E-05
2019,6,1,8,1,1,0.006313759
2019,6,1,9,3,2,4.14E-05
2019,6,1,9,3,3,7.69E-06
2019,6,1,9,3,1,0.00155893
2019,6,1,9,1,2,0.000173616
2019,6,1,9,1,3,7.27E-05
2019,6,1,9,1,1,0.020819953
2019,6,1,11,2,1,8.92E-05
2019,6,1,11,2,4,7.00E-06
2019,6,1,11,1,1,0.000260632
2019,6,2,1,1,2,0.000464928
2019,6,2,1,1,3,3.15E-06
2019,6,2,1,1,1,0.009813484
2019,6,2,2,1,1,0.000102738
2019,6,2,3,1,2,1.73E-05
2019,6,2,3,1,1,0.000931562
2019,6,2,4,7,1,4.05E-06
2019,6,2,4,6,1,1.22E-05
2019,6,2,4,1,2,3.07E-05
2019,6,2,4,1,1,0.005353113
2019,6,2,5,5,1,2.07E-05
2019,6,2,5,5,4,4.15E-06
2019,6,2,5,1,1,0.000260617
2019,6,2,6,3,2,1.86E-05
2019,6,2,6,3,3,0.000203411
2019,6,2,6,3,1,0.00226377
2019,6,2,6,2,1,0.000133725
2019,6,2,6,2,4,1.11E-05
2019,6,2,6,1,2,0.000527931
2019,6,2,6,1,3,0.000384928
2019,6,2,6,1,1,0.01891663
2019,6,2,7,3,2,7.13E-05
2019,6,2,7,3,3,0.000990344
2019,6,2,7,3,1,0.011443536
2019,6,2,7,2,3,1.99E-06
2019,6,2,7,2,1,0.000216585
2019,6,2,7,2,4,4.83E-05
2019,6,2,7,1,2,6.90E-05
2019,6,2,7,1,3,0.000145614
2019,6,2,7,1,1,0.019282646
2019,6,2,8,3,2,6.09E-08
2019,6,2,8,3,3,9.20E-07
2019,6,2,8,3,1,5.49E-05
2019,6,2,8,1,2,4.90E-05
2019,6,2,8,1,3,0.000279401
2019,6,2,8,1,1,0.025510062
2019,6,2,9,3,2,7.15E-07
2019,6,2,9,3,3,4.77E-07
2019,6,2,9,3,1,0.001090776
2019,6,2,9,1,2,1.45E-05
2019,6,2,9,1,3,1.55E-06
2019,6,2,9,1,1,0.009120137
2019,6,2,11,3,1,2.21E-06
2019,6,2,11,1,2,3.65E-05
2019,6,2,11,1,3,2.03E-06
2019,6,2,11,1,1,0.008048041
2019,6,3,6,1,2,3.77E-06
2019,6,3,6,1,3,2.83E-06
2019,6,3,6,1,1,7.83E-05
2019,6,3,7,3,2,1.82E-08
2019,6,3,7,3,3,8.00E-07
2019,6,3,7,3,1,7.58E-06
2019,6,3,7,1,2,5.34E-07
2019,6,3,7,1,3,3.47E-05
2019,6,3,7,1,1,0.000292164
2019,6,3,9,1,2,1.34E-05
2019,6,3,9,1,3,1.03E-05
2019,6,3,9,1,1,0.000170833
2019,6,3,1,6,1,4.37E-05
2019,6,3,1,6,4,3.05E-06
2019,6,3,1,2,1,2.10E-06
2019,6,3,1,1,2,0.001175429
2019,6,3,1,1,3,7.02E-06
2019,6,3,1,1,1,0.012563296
2019,6,3,2,16,1,0.00018132
2019,6,3,2,1,2,0.000108165
2019,6,3,2,1,3,1.10E-06
2019,6,3,2,1,1,0.008768143
2019,6,3,3,4,1,4.08E-06
2019,6,3,3,3,1,7.56E-05
2019,6,3,3,1,2,0.000145336
2019,6,3,3,1,1,0.006767329
2019,6,3,4,5,1,7.63E-05
2019,6,3,4,5,4,6.15E-06
2019,6,3,4,2,1,3.11E-06
2019,6,3,4,1,2,7.21E-06
2019,6,3,4,1,1,0.003702533
2019,6,3,5,1,1,0.000246602
2019,6,4,1,4,3,5.17E-06
2019,6,4,1,4,1,9.41E-05
2019,6,4,1,4,4,2.38E-05
2019,6,4,1,7,3,2.07E-06
2019,6,4,1,7,1,0.000632812
2019,6,4,1,7,4,2.81E-05
2019,6,4,1,16,2,7.82E-05
2019,6,4,1,16,3,2.58E-05
2019,6,4,1,16,1,0.002088624
2019,6,4,1,5,3,2.07E-06
2019,6,4,1,5,1,0.000104373
2019,6,4,1,5,4,1.76E-05
2019,6,4,1,2,1,4.10E-06
2019,6,4,1,1,2,0.002773072
2019,6,4,1,1,3,0.000398413
2019,6,4,1,1,1,0.056982604
2019,6,4,2,16,2,4.08E-06
2019,6,4,2,16,3,4.12E-06
2019,6,4,2,16,1,0.003266964
2019,6,4,2,5,1,9.53E-05
2019,6,4,2,5,4,1.01E-06
2019,6,4,2,6,1,7.12E-06
2019,6,4,2,1,2,0.001319446
2019,6,4,2,1,3,9.26E-05
2019,6,4,2,1,1,0.041192446
2019,6,4,3,5,1,2.87E-05
2019,6,4,3,5,4,1.10E-06
2019,6,4,3,1,2,2.16E-06
2019,6,4,3,1,3,1.06E-06
2019,6,4,3,1,1,0.001361968
2019,6,4,4,15,2,1.03E-06
2019,6,4,4,15,1,0.000893086
2019,6,4,4,15,4,3.00E-05
2019,6,4,4,16,1,0.000345327
2019,6,4,4,5,1,4.77E-06
2019,6,4,4,1,2,0.000134538
2019,6,4,4,1,1,0.005331596
2019,6,4,5,16,1,5.45E-06
2019,6,4,5,1,1,0.000875488
2019,6,4,6,3,2,0.001216858
2019,6,4,6,3,3,0.000286442
2019,6,4,6,3,1,0.005510359
2019,6,4,6,5,1,5.49E-05
2019,6,4,6,5,4,4.22E-06
2019,6,4,6,1,2,0.000240073
2019,6,4,6,1,3,5.16E-06
2019,6,4,6,1,1,0.00311475
2019,6,4,7,3,2,3.34E-07
2019,6,4,7,3,3,8.36E-07
2019,6,4,7,3,1,8.77E-07
2019,6,4,7,1,2,8.40E-06
2019,6,4,7,1,3,2.60E-05
2019,6,4,7,1,1,3.20E-05
2019,6,4,9,1,2,3.91E-05
2019,6,4,9,1,3,7.16E-06
2019,6,4,9,1,1,0.010012733
2019,6,4,10,1,1,4.43E-05
2019,6,5,6,1,2,6.28E-05
2019,6,5,6,1,1,0.005586513
2019,6,5,9,1,2,3.08E-05
2019,6,5,9,1,3,1.05E-06
2019,6,5,9,1,1,0.009790787
2019,6,5,11,1,1,0.000646207
2019,6,5,1,3,2,0.000243183
2019,6,5,1,3,3,0.000160898
2019,6,5,1,3,1,0.002155232
2019,6,5,1,16,2,1.41E-05
2019,6,5,1,16,1,0.000429442
2019,6,5,1,1,2,0.001223803
2019,6,5,1,1,3,0.000801292
2019,6,5,1,1,1,0.018263034
2019,6,5,2,16,1,0.000636383
2019,6,5,2,1,2,2.53E-05
2019,6,5,2,1,3,3.06E-06
2019,6,5,2,1,1,0.010061026
2019,6,5,3,1,1,0.000490409
2019,6,5,4,1,2,5.97E-05
2019,6,5,4,1,1,0.001583845
2019,6,5,5,15,1,0.000133527
2019,6,5,5,15,4,1.63E-05
2019,6,5,5,5,1,8.59E-06
2019,6,5,5,5,4,1.05E-06
2019,6,5,5,1,2,1.02E-06
2019,6,5,5,1,1,0.0009695
2019,6,6,1,1,1,0.000126646
2019,6,6,2,1,1,0.000428283
2019,6,6,3,4,1,4.03E-06
2019,6,6,3,1,1,0.000144469
2019,6,6,4,1,2,2.06E-06
2019,6,6,4,1,1,0.001467022
2019,6,6,5,16,1,5.32E-06
2019,6,6,5,1,2,1.04E-06
2019,6,6,5,1,1,0.000649609
2019,6,6,7,1,2,6.35E-05
2019,6,6,7,1,3,3.84E-05
2019,6,6,7,1,1,0.003208392
2019,6,6,8,3,2,9.20E-05
2019,6,6,8,3,3,0.000253682
2019,6,6,8,3,1,0.003867375
2019,6,6,8,1,2,0.000112449
2019,6,6,8,1,3,0.000391115
2019,6,6,8,1,1,0.006510401
2019,6,6,9,1,2,5.57E-05
2019,6,6,9,1,1,0.006377677
2019,6,6,11,1,2,5.96E-05
2019,6,6,11,1,3,3.06E-06
2019,6,6,11,1,1,0.006863258
2019,6,7,6,1,2,0.000215066
2019,6,7,6,1,3,4.53E-05
2019,6,7,6,1,1,0.006567507
2019,6,7,7,1,2,3.77E-05
2019,6,7,7,1,3,4.43E-05
2019,6,7,7,1,1,0.002535238
2019,6,7,8,2,1,1.93E-05
2019,6,7,8,2,4,3.97E-05
2019,6,7,8,1,2,0.000218683
2019,6,7,8,1,3,2.64E-05
2019,6,7,8,1,1,0.003908779
2019,6,7,9,16,2,1.01E-06
2019,6,7,9,16,3,1.01E-06
2019,6,7,9,16,1,0.001983349
2019,6,7,9,5,1,1.01E-06
2019,6,7,9,2,1,1.52E-05
2019,6,7,9,1,2,0.000375019
2019,6,7,9,1,3,1.22E-05
2019,6,7,9,1,1,0.031518457
2019,6,7,10,3,2,3.72E-07
2019,6,7,10,3,1,8.23E-05
2019,6,7,10,1,2,1.49E-05
2019,6,7,10,1,1,0.000829011
2019,6,7,11,1,2,9.72E-07
2019,6,7,11,1,1,0.000448843
2019,6,7,1,4,1,9.93E-07
2019,6,7,1,7,1,9.17E-05
2019,6,7,1,7,4,1.32E-05
2019,6,7,1,15,1,5.22E-06
2019,6,7,1,3,2,1.59E-06
2019,6,7,1,3,3,2.14E-05
2019,6,7,1,3,1,0.001638886
2019,6,7,1,16,2,2.68E-05
2019,6,7,1,16,3,1.03E-06
2019,6,7,1,16,1,0.000700215
2019,6,7,1,5,1,3.60E-05
2019,6,7,1,5,4,1.03E-06
2019,6,7,1,2,1,4.87E-05
2019,6,7,1,2,4,3.16E-06
2019,6,7,1,1,2,0.001942105
2019,6,7,1,1,3,0.000123291
2019,6,7,1,1,1,0.071456305
2019,6,7,2,1,2,7.27E-05
2019,6,7,2,1,3,7.45E-06
2019,6,7,2,1,1,0.024739309
2019,6,7,3,1,2,1.36E-05
2019,6,7,3,1,1,0.000900518
2019,6,7,4,7,1,0.000136568
2019,6,7,4,7,4,3.06E-06
2019,6,7,4,15,1,8.35E-06
2019,6,7,4,1,2,9.92E-07
2019,6,7,4,1,1,0.004943923
2019,6,8,6,3,2,8.99E-05
2019,6,8,6,3,1,0.000658861
2019,6,8,6,1,2,0.000147662
2019,6,8,6,1,3,5.33E-05
2019,6,8,6,1,1,0.010638013
2019,6,8,7,3,2,3.37E-05
2019,6,8,7,3,3,0.000147878
2019,6,8,7,3,1,0.002983868
2019,6,8,7,1,2,0.000143588
2019,6,8,7,1,3,0.000440955
2019,6,8,7,1,1,0.004722688
2019,6,8,8,1,2,8.37E-05
2019,6,8,8,1,3,2.35E-05
2019,6,8,8,1,1,0.016970246
2019,6,8,9,16,1,0.00084056
2019,6,8,9,1,2,0.000275435
2019,6,8,9,1,3,8.95E-05
2019,6,8,9,1,1,0.044872368
2019,6,8,10,1,2,4.98E-05
2019,6,8,10,1,3,3.07E-06
2019,6,8,10,1,1,0.007980414
2019,6,8,11,7,1,0.000200294
2019,6,8,11,7,4,1.88E-05
2019,6,8,11,15,1,3.29E-05
2019,6,8,11,15,4,4.53E-06
2019,6,8,11,16,1,0.000105904
2019,6,8,11,5,1,0.000112181
2019,6,8,11,5,4,1.14E-05
2019,6,8,11,2,1,6.86E-05
2019,6,8,11,2,4,7.17E-06
2019,6,8,11,1,2,8.22E-05
2019,6,8,11,1,3,0.000305205
2019,6,8,11,1,1,0.02336118
2019,6,8,1,1,2,0.000148141
2019,6,8,1,1,3,1.04E-05
2019,6,8,1,1,1,0.016664049
2019,6,8,2,1,2,9.42E-06
2019,6,8,2,1,1,0.003138698
2019,6,8,3,1,2,1.26E-05
2019,6,8,3,1,1,0.003009845
2019,6,8,4,14,4,2.15E-06
2019,6,8,4,16,1,5.65E-05
2019,6,8,4,1,2,6.09E-06
2019,6,8,4,1,1,0.003623576
2019,6,8,5,7,1,1.79E-05
2019,6,8,5,7,4,5.79E-06
2019,6,8,5,15,1,8.31E-05
2019,6,8,5,15,4,1.14E-05
2019,6,8,5,1,1,1.86E-05
2019,7,1,2,1,1,0.00070305
2019,7,1,3,1,2,0.000104173
2019,7,1,3,1,1,0.00055999
2019,7,1,5,1,2,4.74E-05
2019,7,1,5,1,1,0.000755291
2019,7,1,8,2,3,3.28E-06
2019,7,1,8,2,1,0.000193909
2019,7,1,8,2,4,3.79E-05
2019,7,1,8,1,2,0.000356248
2019,7,1,8,1,3,8.10E-05
2019,7,1,8,1,1,0.016212583
2019,7,1,9,3,2,0.001251996
2019,7,1,9,3,3,1.96E-06
2019,7,1,9,3,1,0.003446816
2019,7,1,9,1,2,0.005277058
2019,7,1,9,1,3,4.75E-05
2019,7,1,9,1,1,0.044471488
2019,7,1,11,2,1,0.000249474
2019,7,1,11,2,4,2.31E-05
2019,7,1,11,1,2,1.01E-06
2019,7,1,11,1,1,0.000295853
2019,7,2,1,1,2,0.0079606
2019,7,2,1,1,3,1.05E-06
2019,7,2,1,1,1,0.025222033
2019,7,2,2,1,2,3.18E-06
2019,7,2,2,1,1,0.00046391
2019,7,2,3,1,2,0.000186898
2019,7,2,3,1,1,0.004022591
2019,7,2,4,7,1,2.94E-05
2019,7,2,4,7,4,1.01E-06
2019,7,2,4,14,4,1.22E-05
2019,7,2,4,6,1,7.59E-05
2019,7,2,4,6,4,1.01E-06
2019,7,2,4,1,2,0.000645203
2019,7,2,4,1,3,1.07E-06
2019,7,2,4,1,1,0.015393501
2019,7,2,5,16,1,4.35E-06
2019,7,2,5,5,1,9.85E-05
2019,7,2,5,5,4,1.24E-05
2019,7,2,5,1,2,1.53E-05
2019,7,2,5,1,1,0.001039174
2019,7,2,6,3,2,0.000225106
2019,7,2,6,3,3,0.000516092
2019,7,2,6,3,1,0.013450138
2019,7,2,6,2,1,0.00018937
2019,7,2,6,2,4,2.84E-05
2019,7,2,6,1,2,0.009777321
2019,7,2,6,1,3,0.000796728
2019,7,2,6,1,1,0.065146223
2019,7,2,7,3,2,0.002398394
2019,7,2,7,3,3,0.001343372
2019,7,2,7,3,1,0.029441166
2019,7,2,7,2,2,9.15E-06
2019,7,2,7,2,3,2.99E-06
2019,7,2,7,2,1,0.000932569
2019,7,2,7,2,4,0.000177529
2019,7,2,7,1,2,0.000881563
2019,7,2,7,1,3,0.000291402
2019,7,2,7,1,1,0.063140111
2019,7,2,8,3,2,2.65E-06
2019,7,2,8,3,3,1.49E-06
2019,7,2,8,3,1,0.000189919
2019,7,2,8,1,2,0.001636797
2019,7,2,8,1,3,0.000754586
2019,7,2,8,1,1,0.075254545
2019,7,2,9,3,2,1.88E-05
2019,7,2,9,3,3,7.15E-07
2019,7,2,9,3,1,0.003614314
2019,7,2,9,1,2,0.000134144
2019,7,2,9,1,3,3.35E-06
2019,7,2,9,1,1,0.029311917
2019,7,2,11,3,2,9.52E-09
2019,7,2,11,3,1,5.67E-06
2019,7,2,11,1,2,6.58E-05
2019,7,2,11,1,3,9.87E-07
2019,7,2,11,1,1,0.029219172
2019,7,3,6,1,2,2.64E-05
2019,7,3,6,1,3,2.08E-05
2019,7,3,6,1,1,0.000191529
2019,7,3,7,3,2,2.29E-06
2019,7,3,7,3,3,4.13E-06
2019,7,3,7,3,1,1.89E-05
2019,7,3,7,1,2,0.000101091
2019,7,3,7,1,3,0.000176577
2019,7,3,7,1,1,0.000758891
2019,7,3,9,1,2,0.000451781
2019,7,3,9,1,3,2.26E-05
2019,7,3,9,1,1,0.000367393
2019,7,3,1,6,2,4.07E-06
2019,7,3,1,6,1,0.000181086
2019,7,3,1,6,4,2.14E-05
2019,7,3,1,2,1,1.47E-05
2019,7,3,1,1,2,0.017034775
2019,7,3,1,1,3,7.07E-05
2019,7,3,1,1,1,0.027567348
2019,7,3,2,16,2,4.31E-06
2019,7,3,2,16,3,1.10E-06
2019,7,3,2,16,1,0.000387423
2019,7,3,2,1,2,0.000598117
2019,7,3,2,1,3,2.21E-06
2019,7,3,2,1,1,0.026503586
2019,7,3,3,4,1,5.09E-06
2019,7,3,3,3,2,2.49E-05
2019,7,3,3,3,1,9.22E-05
2019,7,3,3,1,2,0.004543783
2019,7,3,3,1,3,4.16E-06
2019,7,3,3,1,1,0.02544227
2019,7,3,4,5,1,0.000326473
2019,7,3,4,5,4,1.56E-05
2019,7,3,4,2,1,5.14E-06
2019,7,3,4,1,2,0.000341056
2019,7,3,4,1,1,0.013436727
2019,7,3,5,1,1,0.001296742
2019,7,4,1,4,3,6.21E-06
2019,7,4,1,4,1,0.000267763
2019,7,4,1,4,4,1.86E-05
2019,7,4,1,7,1,0.003043956
2019,7,4,1,7,4,8.69E-05
2019,7,4,1,16,2,0.002176361
2019,7,4,1,16,3,9.03E-05
2019,7,4,1,16,1,0.004554318
2019,7,4,1,5,3,1.03E-05
2019,7,4,1,5,1,0.000206865
2019,7,4,1,5,4,1.24E-05
2019,7,4,1,2,1,9.23E-06
2019,7,4,1,1,2,0.062255472
2019,7,4,1,1,3,0.000493708
2019,7,4,1,1,1,0.118886074
2019,7,4,2,16,2,8.26E-05
2019,7,4,2,16,3,3.27E-05
2019,7,4,2,16,1,0.007751973
2019,7,4,2,5,3,7.10E-06
2019,7,4,2,5,1,0.000236268
2019,7,4,2,5,4,1.01E-05
2019,7,4,2,6,1,2.95E-05
2019,7,4,2,6,4,1.02E-06
2019,7,4,2,1,2,0.017396848
2019,7,4,2,1,3,2.72E-05
2019,7,4,2,1,1,0.104256022
2019,7,4,3,5,1,0.000100417
2019,7,4,3,5,4,4.41E-06
2019,7,4,3,1,2,0.000163277
2019,7,4,3,1,1,0.003961987
2019,7,4,4,15,2,6.16E-06
2019,7,4,4,15,1,0.00343526
2019,7,4,4,15,4,0.000110117
2019,7,4,4,16,1,0.000945189
2019,7,4,4,5,1,7.94E-06
2019,7,4,4,1,2,0.001070525
2019,7,4,4,1,3,2.10E-06
2019,7,4,4,1,1,0.018670914
2019,7,4,5,16,1,2.16E-05
2019,7,4,5,1,2,9.05E-05
2019,7,4,5,1,1,0.004026681
2019,7,4,6,3,2,0.03009737
2019,7,4,6,3,3,0.000262398
2019,7,4,6,3,1,0.008989486
2019,7,4,6,5,1,0.000183591
2019,7,4,6,5,4,1.48E-05
2019,7,4,6,1,2,0.003959683
2019,7,4,6,1,3,5.38E-08
2019,7,4,6,1,1,0.005203457
2019,7,4,7,3,2,1.15E-05
2019,7,4,7,3,3,2.63E-06
2019,7,4,7,3,1,2.05E-06
2019,7,4,7,1,2,0.000289636
2019,7,4,7,1,3,6.81E-05
2019,7,4,7,1,1,8.13E-05
2019,7,4,9,1,2,0.00107708
2019,7,4,9,1,3,1.03E-06
2019,7,4,9,1,1,0.020572964
2019,7,4,10,1,2,7.61E-06
2019,7,4,10,1,1,0.000131087
2019,7,5,6,1,2,0.001579878
2019,7,5,6,1,3,9.88E-07
2019,7,5,6,1,1,0.013409361
2019,7,5,9,1,2,0.00086529
2019,7,5,9,1,3,4.08E-06
2019,7,5,9,1,1,0.020592269
2019,7,5,11,1,2,3.95E-06
2019,7,5,11,1,1,0.002337805
2019,7,5,1,3,2,0.002030201
2019,7,5,1,3,3,0.000311111
2019,7,5,1,3,1,0.004061666
2019,7,5,1,16,2,0.000127162
2019,7,5,1,16,1,0.000829592
2019,7,5,1,1,2,0.022557066
2019,7,5,1,1,3,0.001043679
2019,7,5,1,1,1,0.046519221
2019,7,5,2,16,2,6.01E-06
2019,7,5,2,16,1,0.001792896
2019,7,5,2,1,2,0.000267699
2019,7,5,2,1,1,0.027462776
2019,7,5,3,1,1,0.001440027
2019,7,5,4,1,2,0.001394617
2019,7,5,4,1,1,0.004548465
2019,7,5,5,15,2,2.14E-05
2019,7,5,5,15,1,0.000512778
2019,7,5,5,15,4,4.08E-05
2019,7,5,5,5,1,5.92E-05
2019,7,5,5,5,4,7.28E-06
2019,7,5,5,1,2,0.000102808
2019,7,5,5,1,3,1.02E-06
2019,7,5,5,1,1,0.003400977
2019,7,6,1,1,1,0.000321807
2019,7,6,2,1,1,0.001099839
2019,7,6,3,4,1,5.04E-06
2019,7,6,3,4,4,8.06E-06
2019,7,6,3,1,1,0.00032815
2019,7,6,4,1,2,0.000147641
2019,7,6,4,1,1,0.003835834
2019,7,6,5,16,1,1.81E-05
2019,7,6,5,1,2,1.85E-05
2019,7,6,5,1,1,0.002271354
2019,7,6,7,1,2,0.001888808
2019,7,6,7,1,3,0.000106274
2019,7,6,7,1,1,0.014957904
2019,7,6,8,3,2,0.003049785
2019,7,6,8,3,3,0.00099214
2019,7,6,8,3,1,0.010651726
2019,7,6,8,1,2,0.003575925
2019,7,6,8,1,3,0.001511588
2019,7,6,8,1,1,0.019827672
2019,7,6,9,1,2,0.003056217
2019,7,6,9,1,3,1.02E-06
2019,7,6,9,1,1,0.017208647
2019,7,6,11,1,2,0.001689289
2019,7,6,11,1,3,7.06E-06
2019,7,6,11,1,1,0.024926193
2019,7,7,6,1,2,0.003351499
2019,7,7,6,1,3,3.87E-05
2019,7,7,6,1,1,0.006986368
2019,7,7,7,1,2,0.000859232
2019,7,7,7,1,3,1.22E-05
2019,7,7,7,1,1,0.001790125
2019,7,7,8,2,1,2.64E-05
2019,7,7,8,2,4,5.19E-05
2019,7,7,8,1,2,0.00149561
2019,7,7,8,1,3,2.84E-05
2019,7,7,8,1,1,0.002749955
2019,7,7,9,16,3,1.92E-05
2019,7,7,9,16,1,0.003773701
2019,7,7,9,5,1,9.05E-06
2019,7,7,9,5,4,5.03E-06
2019,7,7,9,2,1,3.90E-05
2019,7,7,9,2,4,9.75E-06
2019,7,7,9,1,2,0.007099503
2019,7,7,9,1,3,1.12E-05
2019,7,7,9,1,1,0.048764869
2019,7,7,10,3,2,5.06E-05
2019,7,7,10,3,1,0.000110908
2019,7,7,10,1,2,0.000337515
2019,7,7,10,1,1,0.002556362
2019,7,7,11,1,2,4.86E-05
2019,7,7,11,1,1,0.000848534
2019,7,7,1,4,4,9.93E-07
2019,7,7,1,7,3,7.13E-06
2019,7,7,1,7,1,0.00033136
2019,7,7,1,7,4,5.09E-05
2019,7,7,1,15,1,5.22E-06
2019,7,7,1,3,2,3.34E-05
2019,7,7,1,3,3,0.000181922
2019,7,7,1,3,1,0.004627491
2019,7,7,1,16,2,0.000202901
2019,7,7,1,16,1,0.001794957
2019,7,7,1,5,3,2.06E-05
2019,7,7,1,5,1,0.000169679
2019,7,7,1,5,4,3.91E-05
2019,7,7,1,2,1,0.00019171
2019,7,7,1,2,4,9.53E-06
2019,7,7,1,1,2,0.025854755
2019,7,7,1,1,3,0.000271676
2019,7,7,1,1,1,0.189541789
2019,7,7,2,1,2,0.001407009
2019,7,7,2,1,3,9.38E-06
2019,7,7,2,1,1,0.082687796
2019,7,7,3,1,2,0.000830129
2019,7,7,3,1,1,0.003095103
2019,7,7,4,7,1,0.000496519
2019,7,7,4,7,4,1.53E-05
2019,7,7,4,15,1,2.09E-05
2019,7,7,4,1,2,2.14E-06
2019,7,7,4,1,3,1.02E-06
2019,7,7,4,1,1,0.012015195
2019,7,8,6,3,2,0.001573947
2019,7,8,6,3,3,2.61E-05
2019,7,8,6,3,1,0.001434854
2019,7,8,6,1,2,0.003811216
2019,7,8,6,1,3,0.000190493
2019,7,8,6,1,1,0.030353799
2019,7,8,7,3,2,0.000703462
2019,7,8,7,3,3,0.000145572
2019,7,8,7,3,1,0.008525053
2019,7,8,7,1,2,0.002305158
2019,7,8,7,1,3,0.001048072
2019,7,8,7,1,1,0.009058423
2019,7,8,8,1,2,0.001375419
2019,7,8,8,1,3,2.24E-05
2019,7,8,8,1,1,0.051071492
2019,7,8,9,16,2,1.86E-06
2019,7,8,9,16,3,9.32E-06
2019,7,8,9,16,1,0.001625763
2019,7,8,9,1,2,0.004404802
2019,7,8,9,1,3,1.34E-05
2019,7,8,9,1,1,0.093074226
2019,7,8,10,1,2,0.00325202
2019,7,8,10,1,1,0.027953939
2019,7,8,11,7,1,0.000917762
2019,7,8,11,7,4,6.00E-05
2019,7,8,11,15,1,0.000151879
2019,7,8,11,15,4,1.84E-05
2019,7,8,11,16,1,0.00030964
2019,7,8,11,5,1,0.000402569
2019,7,8,11,5,4,5.31E-05
2019,7,8,11,2,1,0.000224455
2019,7,8,11,2,4,2.34E-05
2019,7,8,11,1,2,0.003227885
2019,7,8,11,1,3,0.000136645
2019,7,8,11,1,1,0.07196536
2019,7,8,1,1,2,0.003334003
2019,7,8,1,1,3,9.23E-06
2019,7,8,1,1,1,0.039745128
2019,7,8,2,1,2,0.000184232
2019,7,8,2,1,3,1.05E-06
2019,7,8,2,1,1,0.012863207
2019,7,8,3,1,2,0.000783473
2019,7,8,3,1,1,0.014125204
2019,7,8,4,16,2,2.00E-07
2019,7,8,4,16,1,0.000180581
2019,7,8,4,1,2,6.57E-05
2019,7,8,4,1,1,0.014977872
2019,7,8,5,7,1,7.24E-05
2019,7,8,5,7,4,1.33E-05
2019,7,8,5,15,1,0.000383544
2019,7,8,5,15,4,4.65E-05
2019,7,8,5,1,1,6.66E-05
2019,8,1,2,1,1,0.000472944
2019,8,1,3,1,2,5.16E-06
2019,8,1,3,1,1,0.000593773
2019,8,1,5,1,2,6.21E-06
2019,8,1,5,1,1,0.000523817
2019,8,1,8,2,2,1.02E-06
2019,8,1,8,2,3,9.55E-06
2019,8,1,8,2,1,0.000563483
2019,8,1,8,2,4,9.05E-05
2019,8,1,8,1,2,2.86E-05
2019,8,1,8,1,3,0.000187843
2019,8,1,8,1,1,0.00990569
2019,8,1,9,3,2,0.00017122
2019,8,1,9,3,3,5.65E-06
2019,8,1,9,3,1,0.00122039
2019,8,1,9,1,2,0.000884754
2019,8,1,9,1,3,0.000119117
2019,8,1,9,1,1,0.032013976
2019,8,1,11,2,1,0.000656749
2019,8,1,11,2,4,5.62E-05
2019,8,1,11,1,1,0.000335098
2019,8,2,1,1,2,0.000965832
2019,8,2,1,1,3,1.36E-05
2019,8,2,1,1,1,0.009604569
2019,8,2,2,1,1,9.85E-05
2019,8,2,3,1,2,4.54E-05
2019,8,2,3,1,1,0.002291932
2019,8,2,4,7,1,0.000126462
2019,8,2,4,7,4,6.07E-06
2019,8,2,4,6,1,8.61E-05
2019,8,2,4,6,4,3.04E-06
2019,8,2,4,1,2,0.000138451
2019,8,2,4,1,3,2.13E-06
2019,8,2,4,1,1,0.006528225
2019,8,2,5,16,1,2.17E-06
2019,8,2,5,5,1,7.88E-05
2019,8,2,5,5,4,1.45E-05
2019,8,2,5,1,1,0.000609558
2019,8,2,6,3,2,1.91E-05
2019,8,2,6,3,3,0.000403109
2019,8,2,6,3,1,0.003214407
2019,8,2,6,2,1,0.00031786
2019,8,2,6,2,4,2.13E-05
2019,8,2,6,1,2,0.001630516
2019,8,2,6,1,3,0.000386963
2019,8,2,6,1,1,0.031747848
2019,8,2,7,3,2,0.004598729
2019,8,2,7,3,3,0.000795624
2019,8,2,7,3,1,0.006073034
2019,8,2,7,2,2,9.96E-07
2019,8,2,7,2,3,5.98E-06
2019,8,2,7,2,1,0.000427996
2019,8,2,7,2,4,0.000137656
2019,8,2,7,1,2,0.000326154
2019,8,2,7,1,3,0.0006628
2019,8,2,7,1,1,0.030841494
2019,8,2,8,3,2,6.09E-06
2019,8,2,8,3,3,1.56E-06
2019,8,2,8,3,1,4.54E-05
2019,8,2,8,1,2,0.00130585
2019,8,2,8,1,3,0.000686676
2019,8,2,8,1,1,0.022061474
2019,8,2,9,3,2,9.77E-06
2019,8,2,9,3,3,2.86E-06
2019,8,2,9,3,1,0.002283076
2019,8,2,9,1,2,3.28E-05
2019,8,2,9,1,3,1.52E-05
2019,8,2,9,1,1,0.012951743
2019,8,2,11,3,2,1.25E-08
2019,8,2,11,3,1,1.30E-06
2019,8,2,11,1,2,2.41E-05
2019,8,2,11,1,3,1.01E-06
2019,8,2,11,1,1,0.011436171
2019,8,3,6,1,2,1.89E-06
2019,8,3,6,1,3,2.26E-05
2019,8,3,6,1,1,0.00011888
2019,8,3,7,3,2,1.82E-08
2019,8,3,7,3,3,2.58E-06
2019,8,3,7,3,1,1.32E-05
2019,8,3,7,1,2,5.34E-07
2019,8,3,7,1,3,0.000112691
2019,8,3,7,1,1,0.000533106
2019,8,3,9,1,2,2.26E-05
2019,8,3,9,1,3,2.57E-05
2019,8,3,9,1,1,0.000297414
2019,8,3,1,6,3,2.44E-05
2019,8,3,1,6,1,0.000220762
2019,8,3,1,6,4,6.31E-05
2019,8,3,1,2,1,3.36E-05
2019,8,3,1,2,4,2.10E-06
2019,8,3,1,1,2,0.001769949
2019,8,3,1,1,3,6.14E-05
2019,8,3,1,1,1,0.012833244
2019,8,3,2,16,2,2.11E-06
2019,8,3,2,16,3,1.10E-06
2019,8,3,2,16,1,0.000520248
2019,8,3,2,1,2,8.41E-05
2019,8,3,2,1,3,1.02E-06
2019,8,3,2,1,1,0.017427601
2019,8,3,3,4,1,2.34E-05
2019,8,3,3,4,4,1.02E-05
2019,8,3,3,3,2,2.07E-06
2019,8,3,3,3,1,0.000222776
2019,8,3,3,1,2,0.000699322
2019,8,3,3,1,3,1.04E-06
2019,8,3,3,1,1,0.018118555
2019,8,3,4,5,1,0.000309395
2019,8,3,4,5,4,2.20E-05
2019,8,3,4,2,4,1.04E-06
2019,8,3,4,1,2,1.46E-05
2019,8,3,4,1,1,0.007436813
2019,8,3,5,1,1,0.000622766
2019,8,4,1,4,3,2.59E-05
2019,8,4,1,4,1,0.001347537
2019,8,4,1,4,4,4.54E-05
2019,8,4,1,7,3,4.15E-06
2019,8,4,1,7,1,0.003879407
2019,8,4,1,7,4,0.000202957
2019,8,4,1,16,2,0.000542103
2019,8,4,1,16,3,6.78E-05
2019,8,4,1,16,1,0.002485748
2019,8,4,1,5,3,8.24E-06
2019,8,4,1,5,1,0.000370266
2019,8,4,1,5,4,2.58E-05
2019,8,4,1,2,1,1.95E-05
2019,8,4,1,2,4,1.03E-06
2019,8,4,1,1,2,0.00775277
2019,8,4,1,1,3,0.0003652
2019,8,4,1,1,1,0.048695809
2019,8,4,2,16,2,9.18E-05
2019,8,4,2,16,3,0.000249368
2019,8,4,2,16,1,0.006830913
2019,8,4,2,5,3,8.11E-06
2019,8,4,2,5,1,0.000504985
2019,8,4,2,5,4,6.29E-05
2019,8,4,2,6,1,8.54E-05
2019,8,4,2,6,4,8.13E-06
2019,8,4,2,1,2,0.002582017
2019,8,4,2,1,3,0.000132305
2019,8,4,2,1,1,0.045836269
2019,8,4,3,5,1,0.000354219
2019,8,4,3,5,4,8.83E-06
2019,8,4,3,1,2,0.000103127
2019,8,4,3,1,1,0.002984861
2019,8,4,4,15,1,0.004827502
2019,8,4,4,15,4,0.000224377
2019,8,4,4,16,1,0.000696203
2019,8,4,4,5,1,1.91E-05
2019,8,4,4,1,2,0.000125735
2019,8,4,4,1,3,1.05E-06
2019,8,4,4,1,1,0.007525816
2019,8,4,5,16,1,5.55E-06
2019,8,4,5,1,2,4.28E-06
2019,8,4,5,1,3,2.10E-06
2019,8,4,5,1,1,0.001937805
2019,8,4,6,3,2,0.00406142
2019,8,4,6,3,3,0.000313623
2019,8,4,6,3,1,0.005128784
2019,8,4,6,5,3,1.06E-06
2019,8,4,6,5,1,0.000189921
2019,8,4,6,5,4,1.58E-05
2019,8,4,6,1,2,0.000514157
2019,8,4,6,1,3,1.33E-05
2019,8,4,6,1,1,0.002737078
2019,8,4,7,3,2,4.60E-07
2019,8,4,7,3,3,4.39E-06
2019,8,4,7,3,1,1.25E-06
2019,8,4,7,1,2,1.15E-05
2019,8,4,7,1,3,0.000124141
2019,8,4,7,1,1,5.84E-05
2019,8,4,9,1,2,0.000212064
2019,8,4,9,1,3,7.31E-05
2019,8,4,9,1,1,0.00960805
2019,8,4,10,1,2,3.17E-05
2019,8,4,10,1,1,7.19E-05
2019,8,5,6,1,2,0.000402585
2019,8,5,6,1,3,4.98E-06
2019,8,5,6,1,1,0.008646626
2019,8,5,9,1,2,0.000259012
2019,8,5,9,1,3,2.67E-05
2019,8,5,9,1,1,0.018452907
2019,8,5,11,1,3,5.93E-06
2019,8,5,11,1,1,0.002090784
2019,8,5,1,3,2,0.000424799
2019,8,5,1,3,3,0.000175876
2019,8,5,1,3,1,0.001384236
2019,8,5,1,16,2,0.000108323
2019,8,5,1,16,3,3.06E-05
2019,8,5,1,16,1,0.001096003
2019,8,5,1,1,2,0.002747951
2019,8,5,1,1,3,0.000548243
2019,8,5,1,1,1,0.019388524
2019,8,5,2,16,3,6.01E-06
2019,8,5,2,16,1,0.001175554
2019,8,5,2,1,2,1.02E-05
2019,8,5,2,1,3,5.09E-06
2019,8,5,2,1,1,0.011504271
2019,8,5,3,1,1,0.000935092
2019,8,5,4,1,2,0.000272739
2019,8,5,4,1,1,0.001533751
2019,8,5,5,15,2,1.02E-06
2019,8,5,5,15,1,0.000620873
2019,8,5,5,15,4,6.83E-05
2019,8,5,5,5,1,3.52E-05
2019,8,5,5,5,4,2.20E-06
2019,8,5,5,1,2,1.25E-05
2019,8,5,5,1,1,0.001218807
2019,8,6,1,1,2,6.23E-06
2019,8,6,1,1,1,0.000132875
2019,8,6,2,1,1,0.0006828
2019,8,6,3,4,1,1.11E-05
2019,8,6,3,4,4,3.02E-06
2019,8,6,3,1,1,0.000173362
2019,8,6,4,1,2,1.13E-05
2019,8,6,4,1,1,0.001867165
2019,8,6,5,16,1,2.13E-05
2019,8,6,5,1,2,5.48E-06
2019,8,6,5,1,1,0.001317678
2019,8,6,7,1,2,0.00038399
2019,8,6,7,1,3,9.17E-05
2019,8,6,7,1,1,0.003133971
2019,8,6,8,3,2,0.000753291
2019,8,6,8,3,3,0.00053491
2019,8,6,8,3,1,0.004097958
2019,8,6,8,1,2,0.000771869
2019,8,6,8,1,3,0.000799394
2019,8,6,8,1,1,0.00484462
2019,8,6,9,1,2,0.000402308
2019,8,6,9,1,3,3.07E-06
2019,8,6,9,1,1,0.003498066
2019,8,6,11,1,2,0.000403358
2019,8,6,11,1,3,3.64E-05
2019,8,6,11,1,1,0.009930642
2019,8,7,6,1,2,0.000330501
2019,8,7,6,1,3,9.67E-05
2019,8,7,6,1,1,0.018397648
2019,8,7,7,1,2,0.000268208
2019,8,7,7,1,3,0.000134516
2019,8,7,7,1,1,0.008210088
2019,8,7,8,2,1,0.000216331
2019,8,7,8,2,4,4.98E-05
2019,8,7,8,1,2,0.000469703
2019,8,7,8,1,3,0.00025253
2019,8,7,8,1,1,0.012853353
2019,8,7,9,16,2,3.03E-06
2019,8,7,9,16,3,9.00E-05
2019,8,7,9,16,1,0.006292881
2019,8,7,9,5,1,6.04E-05
2019,8,7,9,5,4,3.02E-06
2019,8,7,9,2,1,4.33E-05
2019,8,7,9,2,4,4.33E-06
2019,8,7,9,1,2,0.00327726
2019,8,7,9,1,3,9.69E-05
2019,8,7,9,1,1,0.097156916
2019,8,7,10,3,2,2.23E-06
2019,8,7,10,3,1,0.000298856
2019,8,7,10,1,2,2.73E-05
2019,8,7,10,1,1,0.001982016
2019,8,7,11,1,2,8.78E-06
2019,8,7,11,1,1,0.000858951
2019,8,7,1,4,1,9.93E-07
2019,8,7,1,7,2,0.000203852
2019,8,7,1,7,3,5.70E-05
2019,8,7,1,7,1,0.000497276
2019,8,7,1,7,4,6.32E-05
2019,8,7,1,15,1,2.61E-05
2019,8,7,1,3,2,7.94E-07
2019,8,7,1,3,3,8.82E-05
2019,8,7,1,3,1,0.001280603
2019,8,7,1,16,2,1.24E-05
2019,8,7,1,16,1,0.001473113
2019,8,7,1,5,3,5.15E-06
2019,8,7,1,5,1,0.00058727
2019,8,7,1,5,4,3.81E-05
2019,8,7,1,2,1,3.49E-05
2019,8,7,1,2,4,2.11E-06
2019,8,7,1,1,2,0.003464333
2019,8,7,1,1,3,0.000127518
2019,8,7,1,1,1,0.058356004
2019,8,7,2,1,2,0.000194646
2019,8,7,2,1,3,1.04E-05
2019,8,7,2,1,1,0.030333088
2019,8,7,3,1,2,5.76E-05
2019,8,7,3,1,1,0.002364127
2019,8,7,4,7,3,4.07E-06
2019,8,7,4,7,1,0.000694994
2019,8,7,4,7,4,2.86E-05
2019,8,7,4,15,1,9.50E-05
2019,8,7,4,15,4,5.22E-06
2019,8,7,4,1,1,0.002817379
2019,8,8,6,3,2,0.000113993
2019,8,8,6,3,3,3.66E-05
2019,8,8,6,3,1,0.001380472
2019,8,8,6,1,2,0.001083148
2019,8,8,6,1,3,0.000183834
2019,8,8,6,1,1,0.021170556
2019,8,8,7,3,2,0.000172611
2019,8,8,7,3,3,8.77E-05
2019,8,8,7,3,1,0.001981469
2019,8,8,7,1,2,0.0005037
2019,8,8,7,1,3,0.000450165
2019,8,8,7,1,1,0.00745601
2019,8,8,8,1,2,0.000287367
2019,8,8,8,1,3,0.000100479
2019,8,8,8,1,1,0.017530309
2019,8,8,9,16,2,2.66E-06
2019,8,8,9,16,3,4.34E-05
2019,8,8,9,16,1,0.003458649
2019,8,8,9,1,2,0.000726464
2019,8,8,9,1,3,2.42E-05
2019,8,8,9,1,1,0.056192419
2019,8,8,10,1,2,0.000329905
2019,8,8,10,1,3,2.02E-06
2019,8,8,10,1,1,0.017274446
2019,8,8,11,7,1,0.001221059
2019,8,8,11,7,4,0.00012849
2019,8,8,11,15,1,0.000178451
2019,8,8,11,15,4,2.48E-05
2019,8,8,11,16,1,0.000317579
2019,8,8,11,5,2,1.04E-06
2019,8,8,11,5,1,0.000521297
2019,8,8,11,5,4,6.09E-05
2019,8,8,11,2,1,0.000106178
2019,8,8,11,2,4,1.74E-05
2019,8,8,11,1,2,0.000997096
2019,8,8,11,1,3,9.82E-05
2019,8,8,11,1,1,0.042457665
2019,8,8,1,1,2,0.000464739
2019,8,8,1,1,3,2.07E-05
2019,8,8,1,1,1,0.013475641
2019,8,8,2,1,2,3.56E-05
2019,8,8,2,1,1,0.002570375
2019,8,8,3,1,2,4.49E-05
2019,8,8,3,1,1,0.002874811
2019,8,8,4,16,2,3.99E-07
2019,8,8,4,16,1,0.00023685
2019,8,8,4,1,2,2.58E-06
2019,8,8,4,1,1,0.002995238
2019,8,8,5,7,1,8.51E-05
2019,8,8,5,7,4,1.51E-05
2019,8,8,5,15,1,0.000450645
2019,8,8,5,15,4,6.25E-05
2019,8,8,5,1,1,4.40E-05
2019,9,1,2,1,1,0.001886214
2019,9,1,3,4,1,0.000424831
2019,9,1,3,4,4,5.09E-06
2019,9,1,3,1,2,7.22E-06
2019,9,1,3,1,1,0.001850415
2019,9,1,5,1,2,7.20E-06
2019,9,1,5,1,1,0.002318603
2019,9,1,8,2,3,1.12E-05
2019,9,1,8,2,1,0.000671824
2019,9,1,8,2,4,0.00010269
2019,9,1,8,1,2,3.65E-05
2019,9,1,8,1,3,0.000486128
2019,9,1,8,1,1,0.013869591
2019,9,1,9,3,2,0.000116843
2019,9,1,9,3,3,2.52E-05
2019,9,1,9,3,1,0.002277298
2019,9,1,9,1,2,0.001089502
2019,9,1,9,1,3,0.000313217
2019,9,1,9,1,1,0.074127821
2019,9,1,11,2,1,0.000606231
2019,9,1,11,2,4,5.21E-05
2019,9,1,11,1,1,0.00040252
2019,9,2,1,1,2,0.003561653
2019,9,2,1,1,3,1.26E-05
2019,9,2,1,1,1,0.015842083
2019,9,2,2,1,1,0.000514749
2019,9,2,3,1,2,0.00019035
2019,9,2,3,1,1,0.013894336
2019,9,2,4,7,1,0.001051131
2019,9,2,4,7,4,0.000140455
2019,9,2,4,14,3,2.04E-06
2019,9,2,4,14,1,0.001627338
2019,9,2,4,14,4,6.84E-05
2019,9,2,4,6,1,0.002218245
2019,9,2,4,6,4,0.000104218
2019,9,2,4,1,2,0.000657891
2019,9,2,4,1,3,1.07E-06
2019,9,2,4,1,1,0.020519638
2019,9,2,5,16,1,8.70E-06
2019,9,2,5,5,1,0.000537884
2019,9,2,5,5,4,8.91E-05
2019,9,2,5,1,2,1.02E-06
2019,9,2,5,1,1,0.002487283
2019,9,2,6,3,2,1.13E-06
2019,9,2,6,3,3,0.000309065
2019,9,2,6,3,1,0.002699859
2019,9,2,6,2,1,0.002374369
2019,9,2,6,2,4,0.000254365
2019,9,2,6,1,2,0.000434843
2019,9,2,6,1,3,0.000131331
2019,9,2,6,1,1,0.034899143
2019,9,2,7,3,2,0.00029518
2019,9,2,7,3,3,0.000802332
2019,9,2,7,3,1,0.008309836
2019,9,2,7,2,3,7.97E-06
2019,9,2,7,2,1,0.000575099
2019,9,2,7,2,4,0.000226583
2019,9,2,7,1,2,0.000380645
2019,9,2,7,1,3,0.000646184
2019,9,2,7,1,1,0.038994795
2019,9,2,8,3,2,4.73E-07
2019,9,2,8,3,3,8.25E-07
2019,9,2,8,3,1,8.31E-05
2019,9,2,8,1,2,0.000339009
2019,9,2,8,1,3,0.000516679
2019,9,2,8,1,1,0.036175834
2019,9,2,9,3,2,7.63E-06
2019,9,2,9,3,3,4.29E-06
2019,9,2,9,3,1,0.002772579
2019,9,2,9,1,2,6.32E-05
2019,9,2,9,1,3,6.90E-05
2019,9,2,9,1,1,0.018581018
2019,9,2,11,3,2,4.18E-09
2019,9,2,11,3,1,1.83E-06
2019,9,2,11,1,2,8.08E-06
2019,9,2,11,1,3,2.07E-06
2019,9,2,11,1,1,0.012922334
2019,9,3,6,1,3,0.000101897
2019,9,3,6,1,1,0.000405701
2019,9,3,7,3,2,1.74E-07
2019,9,3,7,3,3,8.31E-06
2019,9,3,7,3,1,6.28E-05
2019,9,3,7,1,2,7.15E-06
2019,9,3,7,1,3,0.000343864
2019,9,3,7,1,1,0.002554855
2019,9,3,9,1,2,1.13E-05
2019,9,3,9,1,3,6.69E-05
2019,9,3,9,1,1,0.001622912
2019,9,3,1,6,2,5.09E-06
2019,9,3,1,6,3,0.000195329
2019,9,3,1,6,1,0.002786485
2019,9,3,1,6,4,0.000158705
2019,9,3,1,2,1,4.51E-05
2019,9,3,1,2,4,2.10E-06
2019,9,3,1,1,2,0.004240634
2019,9,3,1,1,3,2.03E-05
2019,9,3,1,1,1,0.020833204
2019,9,3,2,16,2,3.29E-06
2019,9,3,2,16,3,1.32E-05
2019,9,3,2,16,1,0.003280347
2019,9,3,2,1,2,0.000335944
2019,9,3,2,1,3,7.23E-06
2019,9,3,2,1,1,0.06106498
2019,9,3,3,4,3,1.02E-06
2019,9,3,3,4,1,0.004662498
2019,9,3,3,4,4,4.48E-05
2019,9,3,3,3,2,6.22E-06
2019,9,3,3,3,1,0.000450733
2019,9,3,3,1,2,0.001278159
2019,9,3,3,1,3,9.34E-06
2019,9,3,3,1,1,0.042038261
2019,9,3,4,5,1,0.005342577
2019,9,3,4,5,4,0.000357774
2019,9,3,4,2,1,1.23E-05
2019,9,3,4,2,4,1.04E-06
2019,9,3,4,1,2,0.000120661
2019,9,3,4,1,1,0.041121382
2019,9,3,5,1,1,0.00326876
2019,9,4,1,4,3,7.04E-05
2019,9,4,1,4,1,0.005757989
2019,9,4,1,4,4,0.000197167
2019,9,4,1,7,2,1.05E-05
2019,9,4,1,7,3,1.12E-05
2019,9,4,1,7,1,0.028830312
2019,9,4,1,7,4,0.000836088
2019,9,4,1,16,2,0.001934856
2019,9,4,1,16,3,0.000389466
2019,9,4,1,16,1,0.011211478
2019,9,4,1,5,2,1.03E-06
2019,9,4,1,5,3,0.000177698
2019,9,4,1,5,1,0.006434361
2019,9,4,1,5,4,0.000642509
2019,9,4,1,2,3,5.13E-06
2019,9,4,1,2,1,3.69E-05
2019,9,4,1,2,4,2.05E-06
2019,9,4,1,1,2,0.013804327
2019,9,4,1,1,3,0.000396656
2019,9,4,1,1,1,0.108651567
2019,9,4,2,4,1,0.000516046
2019,9,4,2,4,4,4.96E-06
2019,9,4,2,16,2,0.000170238
2019,9,4,2,16,3,0.000216234
2019,9,4,2,16,1,0.031676958
2019,9,4,2,5,2,3.04E-06
2019,9,4,2,5,3,5.88E-05
2019,9,4,2,5,1,0.007353712
2019,9,4,2,5,4,0.000363021
2019,9,4,2,6,3,7.42E-05
2019,9,4,2,6,1,0.006217603
2019,9,4,2,6,4,0.000206372
2019,9,4,2,1,2,0.005949942
2019,9,4,2,1,3,5.50E-05
2019,9,4,2,1,1,0.189382818
2019,9,4,3,5,1,0.000583744
2019,9,4,3,5,4,2.54E-05
2019,9,4,3,1,2,0.000249889
2019,9,4,3,1,1,0.009141395
2019,9,4,4,15,2,2.08E-06
2019,9,4,4,15,3,1.73E-07
2019,9,4,4,15,1,0.023876454
2019,9,4,4,15,4,0.000883
2019,9,4,4,14,1,0.000332988
2019,9,4,4,14,4,4.01E-06
2019,9,4,4,16,2,2.07E-06
2019,9,4,4,16,1,0.00520379
2019,9,4,4,5,1,5.40E-05
2019,9,4,4,5,4,1.11E-05
2019,9,4,4,1,2,0.000344805
2019,9,4,4,1,3,3.06E-06
2019,9,4,4,1,1,0.032172883
2019,9,4,5,16,1,5.33E-05
2019,9,4,5,1,2,3.12E-06
2019,9,4,5,1,1,0.006482621
2019,9,4,6,3,2,0.006542179
2019,9,4,6,3,3,0.000277034
2019,9,4,6,3,1,0.007006342
2019,9,4,6,5,2,1.06E-06
2019,9,4,6,5,3,3.48E-05
2019,9,4,6,5,1,0.001245039
2019,9,4,6,5,4,8.12E-05
2019,9,4,6,1,2,0.000515686
2019,9,4,6,1,3,6.18E-06
2019,9,4,6,1,1,0.003852896
2019,9,4,7,3,2,2.30E-06
2019,9,4,7,3,3,9.61E-06
2019,9,4,7,3,1,5.64E-06
2019,9,4,7,1,2,5.87E-05
2019,9,4,7,1,3,0.000265294
2019,9,4,7,1,1,0.000200415
2019,9,4,9,1,2,0.000381686
2019,9,4,9,1,3,7.42E-05
2019,9,4,9,1,1,0.032119303
2019,9,4,10,1,2,8.74E-06
2019,9,4,10,1,1,0.00068683
2019,9,5,6,1,2,0.001096872
2019,9,5,6,1,3,8.07E-06
2019,9,5,6,1,1,0.014153819
2019,9,5,9,1,2,0.000675049
2019,9,5,9,1,3,1.64E-05
2019,9,5,9,1,1,0.023452775
2019,9,5,11,1,3,9.88E-07
2019,9,5,11,1,1,0.003026499
2019,9,5,1,3,2,0.001606697
2019,9,5,1,3,3,0.000158828
2019,9,5,1,3,1,0.002012474
2019,9,5,1,16,2,0.00093121
2019,9,5,1,16,3,2.83E-05
2019,9,5,1,16,1,0.003773787
2019,9,5,1,1,2,0.006390817
2019,9,5,1,1,3,0.000631256
2019,9,5,1,1,1,0.041383436
2019,9,5,2,16,2,5.01E-06
2019,9,5,2,16,3,5.01E-06
2019,9,5,2,16,1,0.006628402
2019,9,5,2,1,2,8.20E-05
2019,9,5,2,1,3,2.04E-06
2019,9,5,2,1,1,0.059161621
2019,9,5,3,1,1,0.004106817
2019,9,5,4,1,2,0.000315549
2019,9,5,4,1,3,1.03E-06
2019,9,5,4,1,1,0.003034597
2019,9,5,5,15,1,0.003393591
2019,9,5,5,15,4,0.000355667
2019,9,5,5,5,1,0.000232578
2019,9,5,5,5,4,2.81E-05
2019,9,5,5,1,2,2.97E-05
2019,9,5,5,1,3,1.02E-06
2019,9,5,5,1,1,0.007094322
2019,9,6,1,1,2,1.45E-05
2019,9,6,1,1,1,0.000557452
2019,9,6,2,1,1,0.002293716
2019,9,6,3,4,1,0.000204558
2019,9,6,3,4,4,1.31E-05
2019,9,6,3,1,1,0.000320927
2019,9,6,4,1,2,0.000112465
2019,9,6,4,1,1,0.004977695
2019,9,6,5,16,1,0.0000585
2019,9,6,5,1,2,5.22E-06
2019,9,6,5,1,1,0.003708896
2019,9,6,7,1,2,0.000436797
2019,9,6,7,1,3,0.000128251
2019,9,6,7,1,1,0.003447958
2019,9,6,8,3,2,0.000704038
2019,9,6,8,3,3,0.0003569
2019,9,6,8,3,1,0.006296679
2019,9,6,8,1,2,0.000822727
2019,9,6,8,1,3,0.000565021
2019,9,6,8,1,1,0.008630257
2019,9,6,9,1,2,0.00019546
2019,9,6,9,1,1,0.005977465
2019,9,6,11,1,2,0.000556848
2019,9,6,11,1,3,4.03E-06
2019,9,6,11,1,1,0.0141175
2019,9,7,6,1,2,0.000754999
2019,9,7,6,1,3,6.44E-05
2019,9,7,6,1,1,0.016982204
2019,9,7,7,1,2,0.000365949
2019,9,7,7,1,3,0.000377306
2019,9,7,7,1,1,0.007315789
2019,9,7,8,2,3,3.04E-06
2019,9,7,8,2,1,0.000348261
2019,9,7,8,2,4,0.000109975
2019,9,7,8,1,2,0.000842859
2019,9,7,8,1,3,6.08E-05
2019,9,7,8,1,1,0.009664716
2019,9,7,9,16,2,2.02E-06
2019,9,7,9,16,3,0.000163211
2019,9,7,9,16,1,0.023451727
2019,9,7,9,5,3,7.04E-06
2019,9,7,9,5,1,0.001363027
2019,9,7,9,5,4,3.32E-05
2019,9,7,9,2,1,0.000131044
2019,9,7,9,2,4,2.71E-05
2019,9,7,9,1,2,0.003229244
2019,9,7,9,1,3,9.52E-05
2019,9,7,9,1,1,0.168906591
2019,9,7,10,3,2,5.21E-06
2019,9,7,10,3,1,0.001077445
2019,9,7,10,1,2,2.03E-05
2019,9,7,10,1,1,0.006495285
2019,9,7,11,1,2,3.21E-05
2019,9,7,11,1,1,0.001492005
2019,9,7,1,4,3,9.93E-07
2019,9,7,1,4,1,0.000140066
2019,9,7,1,4,4,1.99E-06
2019,9,7,1,7,2,9.98E-05
2019,9,7,1,7,3,0.000464547
2019,9,7,1,7,1,0.007672736
2019,9,7,1,7,4,0.000716523
2019,9,7,1,15,3,4.18E-06
2019,9,7,1,15,1,0.000311199
2019,9,7,1,15,4,1.88E-05
2019,9,7,1,3,2,7.94E-07
2019,9,7,1,3,3,0.000113602
2019,9,7,1,3,1,0.001217844
2019,9,7,1,16,2,1.03E-05
2019,9,7,1,16,3,2.08E-06
2019,9,7,1,16,1,0.008261986
2019,9,7,1,5,2,2.06E-06
2019,9,7,1,5,3,8.75E-05
2019,9,7,1,5,1,0.003892167
2019,9,7,1,5,4,0.000160464
2019,9,7,1,2,1,0.000138705
2019,9,7,1,2,4,2.65E-05
2019,9,7,1,1,2,0.008174231
2019,9,7,1,1,3,0.000174939
2019,9,7,1,1,1,0.11247712
2019,9,7,2,1,2,0.000466837
2019,9,7,2,1,3,2.59E-05
2019,9,7,2,1,1,0.126553788
2019,9,7,3,1,2,4.77E-05
2019,9,7,3,1,1,0.006885779
2019,9,7,4,7,3,4.07E-06
2019,9,7,4,7,1,0.005779944
2019,9,7,4,7,4,0.000454503
2019,9,7,4,15,3,3.13E-06
2019,9,7,4,15,1,0.001294924
2019,9,7,4,15,4,6.79E-05
2019,9,7,4,1,1,0.009940597
2019,9,8,6,3,2,7.22E-05
2019,9,8,6,3,1,0.000744618
2019,9,8,6,1,2,0.002368495
2019,9,8,6,1,3,0.000139023
2019,9,8,6,1,1,0.026158015
2019,9,8,7,3,2,0.000890903
2019,9,8,7,3,3,0.000142046
2019,9,8,7,3,1,0.004705761
2019,9,8,7,1,2,0.001132863
2019,9,8,7,1,3,0.00115047
2019,9,8,7,1,1,0.011830854
2019,9,8,8,1,2,0.000583275
2019,9,8,8,1,3,5.22E-05
2019,9,8,8,1,1,0.029300522
2019,9,8,9,16,2,1.02E-06
2019,9,8,9,16,3,5.66E-05
2019,9,8,9,16,1,0.011039404
2019,9,8,9,1,2,0.001993637
2019,9,8,9,1,3,7.09E-05
2019,9,8,9,1,1,0.115301735
2019,9,8,10,1,2,0.000463187
2019,9,8,10,1,3,3.06E-06
2019,9,8,10,1,1,0.040905048
2019,9,8,11,7,2,1.03E-06
2019,9,8,11,7,3,2.05E-06
2019,9,8,11,7,1,0.005389738
2019,9,8,11,7,4,0.000483759
2019,9,8,11,15,2,6.04E-07
2019,9,8,11,15,3,3.02E-07
2019,9,8,11,15,1,0.001124753
2019,9,8,11,15,4,0.000137386
2019,9,8,11,16,1,0.001129265
2019,9,8,11,5,1,0.005825312
2019,9,8,11,5,4,0.000399505
2019,9,8,11,2,1,0.00067299
2019,9,8,11,2,4,5.83E-05
2019,9,8,11,1,2,0.000818435
2019,9,8,11,1,3,6.50E-05
2019,9,8,11,1,1,0.114384916
2019,9,8,1,1,2,0.000564569
2019,9,8,1,1,3,6.22E-05
2019,9,8,1,1,1,0.021116341
2019,9,8,2,1,2,6.28E-05
2019,9,8,2,1,1,0.012672227
2019,9,8,3,1,2,0.000155475
2019,9,8,3,1,1,0.020374745
2019,9,8,4,14,1,0.000194511
2019,9,8,4,14,4,2.21E-05
2019,9,8,4,16,3,2.00E-07
2019,9,8,4,16,1,0.00093004
2019,9,8,4,1,2,8.33E-06
2019,9,8,4,1,1,0.012859929
2019,9,8,5,7,1,0.000389596
2019,9,8,5,7,4,7.58E-05
2019,9,8,5,15,2,1.53E-06
2019,9,8,5,15,3,7.63E-07
2019,9,8,5,15,1,0.002840359
2019,9,8,5,15,4,0.000346943
2019,9,8,5,1,1,0.000227489
2019,1,1,2,1,4,1.92E-06
2019,1,1,3,1,4,9.81E-06
2019,1,1,5,1,4,2.99E-05
2019,1,1,8,1,4,0.000967645
2019,1,1,9,3,4,4.05E-05
2019,1,1,9,1,4,0.001197862
2019,1,1,11,1,4,2.49E-05
2019,1,2,1,1,4,7.79E-05
2019,1,2,3,1,4,4.80E-05
2019,1,2,4,1,4,0.000169534
2019,1,2,5,1,4,6.73E-05
2019,1,2,6,3,4,0.00059873
2019,1,2,6,1,4,0.001259145
2019,1,2,7,3,4,0.001590952
2019,1,2,7,1,4,0.001920828
2019,1,2,8,3,4,5.03E-06
2019,1,2,8,1,4,0.003043589
2019,1,2,9,3,4,9.64E-05
2019,1,2,9,1,4,0.000735657
2019,1,2,11,3,4,3.44E-07
2019,1,2,11,1,4,0.000916604
2019,1,3,6,1,4,0.000406927
2019,1,3,7,3,4,2.22E-05
2019,1,3,7,1,4,0.000959909
2019,1,3,9,1,4,0.000654053
2019,1,3,1,1,4,0.000305026
2019,1,3,2,16,4,2.48E-05
2019,1,3,2,1,4,0.000225405
2019,1,3,3,3,4,1.18E-05
2019,1,3,3,1,4,0.000130804
2019,1,3,4,1,4,0.000368494
2019,1,3,5,1,4,6.17E-05
2019,1,4,1,16,4,0.000137933
2019,1,4,1,1,4,0.001663221
2019,1,4,2,16,4,0.000291977
2019,1,4,2,1,4,0.001307491
2019,1,4,3,1,4,6.02E-05
2019,1,4,4,16,4,2.06E-05
2019,1,4,4,1,4,0.000594791
2019,1,4,5,1,4,0.000199508
2019,1,4,6,3,4,0.001774741
2019,1,4,6,1,4,0.000170026
2019,1,4,7,3,4,2.88E-05
2019,1,4,7,1,4,0.000728638
2019,1,4,9,1,4,0.000955715
2019,1,4,10,1,4,0.000107753
2019,1,5,6,1,4,0.000211985
2019,1,5,9,1,4,0.00018996
2019,1,5,11,1,4,4.60E-05
2019,1,5,1,3,4,8.34E-05
2019,1,5,1,16,4,1.48E-05
2019,1,5,1,1,4,0.000443549
2019,1,5,2,16,4,2.19E-05
2019,1,5,2,1,4,0.000220721
2019,1,5,3,1,4,3.22E-05
2019,1,5,4,1,4,0.000172983
2019,1,5,5,1,4,0.000326517
2019,1,6,1,1,4,1.97E-06
2019,1,6,2,1,4,2.91E-06
2019,1,6,3,1,4,1.96E-06
2019,1,6,4,1,4,3.30E-05
2019,1,6,5,16,4,1.01E-06
2019,1,6,5,1,4,6.55E-05
2019,1,6,7,1,4,0.000127457
2019,1,6,8,3,4,0.000335417
2019,1,6,8,1,4,0.000413989
2019,1,6,9,1,4,0.000115521
2019,1,6,11,1,4,0.000983477
2019,1,7,6,1,4,0.000780602
2019,1,7,7,1,4,0.000864196
2019,1,7,8,1,4,0.001305981
2019,1,7,9,16,4,0.000264566
2019,1,7,9,1,4,0.003035721
2019,1,7,10,3,4,1.03E-05
2019,1,7,10,1,4,8.15E-05
2019,1,7,11,1,4,6.76E-05
2019,1,7,1,3,4,5.51E-05
2019,1,7,1,16,4,3.83E-05
2019,1,7,1,1,4,0.000855824
2019,1,7,2,1,4,0.00037918
2019,1,7,3,1,4,7.68E-05
2019,1,7,4,1,4,1.58E-05
2019,1,8,6,3,4,6.95E-06
2019,1,8,6,1,4,0.000610894
2019,1,8,7,3,4,0.000150155
2019,1,8,7,1,4,0.000835738
2019,1,8,8,1,4,0.000751762
2019,1,8,9,16,4,0.000117129
2019,1,8,9,1,4,0.001462707
2019,1,8,10,1,4,0.000660988
2019,1,8,11,16,4,1.07E-05
2019,1,8,11,1,4,0.003644574
2019,1,8,1,1,4,0.000379697
2019,1,8,2,1,4,9.49E-07
2019,1,8,3,1,4,2.98E-06
2019,1,8,4,16,4,5.88E-06
2019,1,8,4,1,4,0.00020244
2019,1,8,5,1,4,1.95E-06
2019,2,1,2,1,4,7.01E-06
2019,2,1,3,1,4,4.81E-05
2019,2,1,5,1,4,9.64E-05
2019,2,1,8,1,4,0.001652564
2019,2,1,9,3,4,6.66E-05
2019,2,1,9,1,4,0.001870148
2019,2,1,11,1,4,5.35E-05
2019,2,2,1,1,4,0.000399089
2019,2,2,2,1,4,1.01E-06
2019,2,2,3,1,4,0.0002401
2019,2,2,4,1,4,0.00048416
2019,2,2,5,1,4,0.000280005
2019,2,2,6,3,4,0.001167865
2019,2,2,6,1,4,0.003635448
2019,2,2,7,3,4,0.003967091
2019,2,2,7,1,4,0.004724275
2019,2,2,8,3,4,7.24E-06
2019,2,2,8,1,4,0.00434276
2019,2,2,9,3,4,0.000127011
2019,2,2,9,1,4,0.000969807
2019,2,2,11,3,4,3.06E-07
2019,2,2,11,1,4,0.001500265
2019,2,3,6,1,4,0.001032556
2019,2,3,7,3,4,6.67E-05
2019,2,3,7,1,4,0.002719436
2019,2,3,9,1,4,0.00105587
2019,2,3,1,1,4,0.001158918
2019,2,3,2,16,4,0.000129276
2019,2,3,2,1,4,0.000779847
2019,2,3,3,3,4,5.32E-05
2019,2,3,3,1,4,0.000623303
2019,2,3,4,1,4,0.001516035
2019,2,3,5,1,4,0.000238698
2019,2,4,1,16,4,0.001080289
2019,2,4,1,1,4,0.006503677
2019,2,4,2,16,4,0.000831519
2019,2,4,2,1,4,0.004435754
2019,2,4,3,1,4,0.000387643
2019,2,4,4,16,4,4.99E-05
2019,2,4,4,1,4,0.001734065
2019,2,4,5,16,4,2.15E-06
2019,2,4,5,1,4,0.000521519
2019,2,4,6,3,4,0.004834606
2019,2,4,6,1,4,0.000780468
2019,2,4,7,3,4,4.28E-05
2019,2,4,7,1,4,0.001127844
2019,2,4,9,1,4,0.002291615
2019,2,4,10,1,4,0.000564523
2019,2,5,6,1,4,0.000560439
2019,2,5,9,1,4,0.000316985
2019,2,5,11,1,4,6.48E-05
2019,2,5,1,3,4,0.000394325
2019,2,5,1,16,4,4.27E-05
2019,2,5,1,1,4,0.002079129
2019,2,5,2,16,4,8.95E-05
2019,2,5,2,1,4,0.000796629
2019,2,5,3,1,4,0.000187791
2019,2,5,4,1,4,0.000433607
2019,2,5,5,1,4,0.001093709
2019,2,6,1,1,4,2.96E-06
2019,2,6,2,1,4,1.65E-05
2019,2,6,3,1,4,2.94E-06
2019,2,6,4,1,4,0.000119076
2019,2,6,5,16,4,5.05E-06
2019,2,6,5,1,4,0.00019374
2019,2,6,7,1,4,0.000490793
2019,2,6,8,3,4,0.000830443
2019,2,6,8,1,4,0.000999502
2019,2,6,9,1,4,0.000389559
2019,2,6,11,1,4,0.002629394
2019,2,7,6,1,4,0.002851715
2019,2,7,7,1,4,0.003069294
2019,2,7,8,1,4,0.004103092
2019,2,7,9,16,4,0.000740903
2019,2,7,9,1,4,0.007350544
2019,2,7,10,3,4,5.02E-05
2019,2,7,10,1,4,0.000310744
2019,2,7,11,1,4,0.000233305
2019,2,7,1,3,4,0.00013811
2019,2,7,1,16,4,6.19E-05
2019,2,7,1,1,4,0.00442854
2019,2,7,2,1,4,0.00123484
2019,2,7,3,1,4,0.000105657
2019,2,7,4,1,4,8.54E-05
2019,2,8,6,3,4,3.68E-05
2019,2,8,6,1,4,0.002303591
2019,2,8,7,3,4,0.000475154
2019,2,8,7,1,4,0.002727645
2019,2,8,8,1,4,0.002360558
2019,2,8,9,16,4,0.00019859
2019,2,8,9,1,4,0.003817676
2019,2,8,10,1,4,0.001427966
2019,2,8,11,16,4,2.03E-05
2019,2,8,11,1,4,0.009558023
2019,2,8,1,1,4,0.00157962
2019,2,8,2,1,4,2.03E-05
2019,2,8,3,1,4,2.57E-05
2019,2,8,4,16,4,1.36E-05
2019,2,8,4,1,4,0.000524335
2019,2,8,5,1,4,2.39E-05
2019,3,1,2,1,4,4.13E-06
2019,3,1,3,1,4,3.04E-05
2019,3,1,5,1,4,0.000103092
2019,3,1,8,1,4,0.005680227
2019,3,1,9,3,4,6.15E-05
2019,3,1,9,1,4,0.002548984
2019,3,1,11,1,4,7.36E-05
2019,3,2,1,1,4,0.000764123
2019,3,2,2,1,4,1.01E-06
2019,3,2,3,1,4,0.000363124
2019,3,2,4,1,4,0.000817723
2019,3,2,5,1,4,0.000179611
2019,3,2,6,3,4,0.001843023
2019,3,2,6,1,4,0.006742078
2019,3,2,7,3,4,0.007239696
2019,3,2,7,1,4,0.008219073
2019,3,2,8,3,4,1.88E-05
2019,3,2,8,1,4,0.010382506
2019,3,2,9,3,4,0.000168216
2019,3,2,9,1,4,0.001833108
2019,3,2,11,3,4,7.51E-07
2019,3,2,11,1,4,0.002857056
2019,3,3,6,1,4,0.001544352
2019,3,3,7,3,4,9.48E-05
2019,3,3,7,1,4,0.004015496
2019,3,3,9,1,4,0.001339391
2019,3,3,1,1,4,0.001578782
2019,3,3,2,16,4,0.000106707
2019,3,3,2,1,4,0.000910816
2019,3,3,3,3,4,4.13E-05
2019,3,3,3,1,4,0.001550212
2019,3,3,4,1,4,0.001365022
2019,3,3,5,1,4,0.000174547
2019,3,4,1,16,4,0.002404204
2019,3,4,1,1,4,0.011009978
2019,3,4,2,16,4,0.001440426
2019,3,4,2,1,4,0.00541861
2019,3,4,3,1,4,0.000443902
2019,3,4,4,16,4,0.000103689
2019,3,4,4,1,4,0.001746748
2019,3,4,5,16,4,1.49E-05
2019,3,4,5,1,4,0.000567431
2019,3,4,6,3,4,0.007198279
2019,3,4,6,1,4,0.001565277
2019,3,4,7,3,4,2.73E-05
2019,3,4,7,1,4,0.000733293
2019,3,4,9,1,4,0.002618037
2019,3,4,10,1,4,0.000248664
2019,3,5,6,1,4,0.000744121
2019,3,5,9,1,4,0.000427503
2019,3,5,11,1,4,0.000148311
2019,3,5,1,3,4,0.000987888
2019,3,5,1,16,4,0.000131098
2019,3,5,1,1,4,0.002787882
2019,3,5,2,16,4,0.000238969
2019,3,5,2,1,4,0.001369734
2019,3,5,3,1,4,0.000275192
2019,3,5,4,1,4,0.000540387
2019,3,5,5,1,4,0.000810041
2019,3,6,1,1,4,1.08E-05
2019,3,6,2,1,4,1.75E-05
2019,3,6,3,1,4,1.18E-05
2019,3,6,4,1,4,0.000167639
2019,3,6,5,16,4,3.03E-06
2019,3,6,5,1,4,0.000284653
2019,3,6,7,1,4,0.000713088
2019,3,6,8,3,4,0.001017047
2019,3,6,8,1,4,0.001200482
2019,3,6,9,1,4,0.000479983
2019,3,6,11,1,4,0.003638266
2019,3,7,6,1,4,0.003181093
2019,3,7,7,1,4,0.003439399
2019,3,7,8,1,4,0.006389458
2019,3,7,9,16,4,0.001366672
2019,3,7,9,1,4,0.009232782
2019,3,7,10,3,4,5.30E-05
2019,3,7,10,1,4,0.000279528
2019,3,7,11,1,4,0.000227891
2019,3,7,1,3,4,0.000445272
2019,3,7,1,16,4,0.000115512
2019,3,7,1,1,4,0.010262413
2019,3,7,2,1,4,0.001587484
2019,3,7,3,1,4,0.000311613
2019,3,7,4,1,4,0.000117567
2019,3,8,6,3,4,0.00017486
2019,3,8,6,1,4,0.003015812
2019,3,8,7,3,4,0.000758137
2019,3,8,7,1,4,0.005066413
2019,3,8,8,1,4,0.003535135
2019,3,8,9,16,4,0.000430875
2019,3,8,9,1,4,0.005384238
2019,3,8,10,1,4,0.002480633
2019,3,8,11,16,4,4.45E-05
2019,3,8,11,1,4,0.010266498
2019,3,8,1,1,4,0.00215933
2019,3,8,2,1,4,0.000123543
2019,3,8,3,1,4,3.25E-05
2019,3,8,4,16,4,2.31E-05
2019,3,8,4,1,4,0.000801564
2019,3,8,5,1,4,3.09E-05
2019,4,1,2,1,4,6.05E-06
2019,4,1,3,1,4,8.86E-06
2019,4,1,5,1,4,3.41E-05
2019,4,1,8,1,4,0.001637412
2019,4,1,9,3,4,5.44E-05
2019,4,1,9,1,4,0.00164206
2019,4,1,11,1,4,2.96E-05
2019,4,2,1,1,4,0.000306608
2019,4,2,3,1,4,8.03E-05
2019,4,2,4,1,4,0.000196149
2019,4,2,5,1,4,4.45E-05
2019,4,2,6,3,4,0.001395768
2019,4,2,6,1,4,0.005262275
2019,4,2,7,3,4,0.005277561
2019,4,2,7,1,4,0.005951217
2019,4,2,8,3,4,1.75E-05
2019,4,2,8,1,4,0.008244916
2019,4,2,9,3,4,0.000103239
2019,4,2,9,1,4,0.000674354
2019,4,2,11,3,4,6.78E-07
2019,4,2,11,1,4,0.002308253
2019,4,3,6,1,4,0.000638177
2019,4,3,7,3,4,4.83E-05
2019,4,3,7,1,4,0.002042989
2019,4,3,9,1,4,0.000741065
2019,4,3,1,1,4,0.001169781
2019,4,3,2,16,4,3.35E-05
2019,4,3,2,1,4,0.000220559
2019,4,3,3,3,4,2.95E-05
2019,4,3,3,1,4,0.000295172
2019,4,3,4,1,4,0.000352824
2019,4,3,5,1,4,5.30E-05
2019,4,4,1,16,4,0.000617329
2019,4,4,1,1,4,0.004489036
2019,4,4,2,16,4,0.000369614
2019,4,4,2,1,4,0.001637944
2019,4,4,3,1,4,9.39E-05
2019,4,4,4,16,4,3.53E-05
2019,4,4,4,1,4,0.00045709
2019,4,4,5,16,4,1.07E-06
2019,4,4,5,1,4,0.00013894
2019,4,4,6,3,4,0.004256598
2019,4,4,6,1,4,0.000606809
2019,4,4,7,3,4,2.28E-05
2019,4,4,7,1,4,0.00060733
2019,4,4,9,1,4,0.000742679
2019,4,4,10,1,4,0.000101204
2019,4,5,6,1,4,0.000340367
2019,4,5,9,1,4,0.000217128
2019,4,5,11,1,4,6.38E-05
2019,4,5,1,3,4,0.000553338
2019,4,5,1,16,4,2.99E-05
2019,4,5,1,1,4,0.00136035
2019,4,5,2,16,4,1.33E-05
2019,4,5,2,1,4,0.000235128
2019,4,5,3,1,4,2.63E-05
2019,4,5,4,1,4,0.00012453
2019,4,5,5,1,4,0.000146553
2019,4,6,1,1,4,2.96E-06
2019,4,6,2,1,4,3.88E-06
2019,4,6,3,1,4,3.92E-06
2019,4,6,4,1,4,6.05E-05
2019,4,6,5,16,4,1.01E-06
2019,4,6,5,1,4,7.39E-05
2019,4,6,7,1,4,0.000482862
2019,4,6,8,3,4,0.000841466
2019,4,6,8,1,4,0.000918209
2019,4,6,9,1,4,0.000237213
2019,4,6,11,1,4,0.002284519
2019,4,7,6,1,4,0.001125705
2019,4,7,7,1,4,0.001878217
2019,4,7,8,1,4,0.002782725
2019,4,7,9,16,4,0.000360658
2019,4,7,9,1,4,0.003194922
2019,4,7,10,3,4,1.91E-05
2019,4,7,10,1,4,0.000139292
2019,4,7,11,1,4,4.98E-05
2019,4,7,1,3,4,0.000342633
2019,4,7,1,16,4,6.82E-05
2019,4,7,1,1,4,0.004470033
2019,4,7,2,1,4,0.000495404
2019,4,7,3,1,4,4.72E-05
2019,4,7,4,1,4,2.14E-05
2019,4,8,6,3,4,4.77E-05
2019,4,8,6,1,4,0.001294796
2019,4,8,7,3,4,0.000361676
2019,4,8,7,1,4,0.001629
2019,4,8,8,1,4,0.002157731
2019,4,8,9,16,4,0.000167361
2019,4,8,9,1,4,0.001935358
2019,4,8,10,1,4,0.000577688
2019,4,8,11,16,4,6.78E-06
2019,4,8,11,1,4,0.003709835
2019,4,8,1,1,4,0.001002784
2019,4,8,2,1,4,1.56E-05
2019,4,8,3,1,4,2.33E-05
2019,4,8,4,16,4,6.07E-06
2019,4,8,4,1,4,0.000206155
2019,4,8,5,1,4,4.90E-06
2019,5,1,2,1,4,1.00E-05
2019,5,1,3,1,4,3.63E-05
2019,5,1,5,1,4,0.000230605
2019,5,1,8,1,4,0.004284467
2019,5,1,9,3,4,0.000251078
2019,5,1,9,1,4,0.006309259
2019,5,1,11,1,4,3.63E-05
2019,5,2,1,1,4,0.000834656
2019,5,2,2,1,4,1.51E-05
2019,5,2,3,1,4,0.00042453
2019,5,2,4,1,4,0.000846352
2019,5,2,5,1,4,0.000302535
2019,5,2,6,3,4,0.00361874
2019,5,2,6,1,4,0.005832545
2019,5,2,7,3,4,0.012884248
2019,5,2,7,1,4,0.009592275
2019,5,2,8,3,4,2.10E-05
2019,5,2,8,1,4,0.012928508
2019,5,2,9,3,4,0.000287982
2019,5,2,9,1,4,0.002983402
2019,5,2,11,3,4,5.62E-07
2019,5,2,11,1,4,0.003177687
2019,5,3,6,1,4,0.001745127
2019,5,3,7,3,4,0.00016191
2019,5,3,7,1,4,0.006787136
2019,5,3,9,1,4,0.004253789
2019,5,3,1,1,4,0.0027502
2019,5,3,2,16,4,9.91E-05
2019,5,3,2,1,4,0.001466565
2019,5,3,3,3,4,0.000123045
2019,5,3,3,1,4,0.000810859
2019,5,3,4,1,4,0.001443021
2019,5,3,5,1,4,0.000361416
2019,5,4,1,16,4,0.001505716
2019,5,4,1,1,4,0.010090473
2019,5,4,2,16,4,0.001001269
2019,5,4,2,1,4,0.006579071
2019,5,4,3,1,4,0.000291953
2019,5,4,4,16,4,0.000184243
2019,5,4,4,1,4,0.001839565
2019,5,4,5,16,4,6.30E-06
2019,5,4,5,1,4,0.000669868
2019,5,4,6,3,4,0.004481048
2019,5,4,6,1,4,0.000823053
2019,5,4,7,3,4,1.61E-05
2019,5,4,7,1,4,0.000428468
2019,5,4,9,1,4,0.002234337
2019,5,4,10,1,4,0.000385415
2019,5,5,6,1,4,0.000736069
2019,5,5,9,1,4,0.001012413
2019,5,5,11,1,4,0.000132354
2019,5,5,1,3,4,0.000798739
2019,5,5,1,16,4,0.000600152
2019,5,5,1,1,4,0.002844195
2019,5,5,2,16,4,8.28E-05
2019,5,5,2,1,4,0.0010888
2019,5,5,3,1,4,0.000100444
2019,5,5,4,1,4,0.000399348
2019,5,5,5,1,4,0.001069298
2019,5,6,1,1,4,3.94E-06
2019,5,6,2,1,4,2.91E-05
2019,5,6,3,1,4,6.86E-06
2019,5,6,4,1,4,0.000232782
2019,5,6,5,16,4,5.05E-06
2019,5,6,5,1,4,0.000420035
2019,5,6,7,1,4,0.000966719
2019,5,6,8,3,4,0.001345745
2019,5,6,8,1,4,0.002017515
2019,5,6,9,1,4,0.000910071
2019,5,6,11,1,4,0.004292774
2019,5,7,6,1,4,0.001122807
2019,5,7,7,1,4,0.002060377
2019,5,7,8,1,4,0.003545887
2019,5,7,9,16,4,0.000663834
2019,5,7,9,1,4,0.005592691
2019,5,7,10,3,4,7.28E-05
2019,5,7,10,1,4,0.000271876
2019,5,7,11,1,4,0.000124389
2019,5,7,1,3,4,0.000695832
2019,5,7,1,16,4,9.05E-05
2019,5,7,1,1,4,0.011031811
2019,5,7,2,1,4,0.002908954
2019,5,7,3,1,4,0.000207484
2019,5,7,4,1,4,0.000422322
2019,5,8,6,3,4,9.84E-05
2019,5,8,6,1,4,0.001947146
2019,5,8,7,3,4,0.000936955
2019,5,8,7,1,4,0.002167844
2019,5,8,8,1,4,0.002295875
2019,5,8,9,16,4,0.000439522
2019,5,8,9,1,4,0.005166865
2019,5,8,10,1,4,0.001647768
2019,5,8,11,16,4,4.84E-05
2019,5,8,11,1,4,0.011439684
2019,5,8,1,1,4,0.002317575
2019,5,8,2,1,4,0.000422506
2019,5,8,3,1,4,0.00071957
2019,5,8,4,16,4,3.00E-05
2019,5,8,4,1,4,0.001459659
2019,5,8,5,1,4,5.11E-05
2019,6,1,2,1,4,5.09E-06
2019,6,1,3,1,4,2.95E-06
2019,6,1,5,1,4,1.61E-05
2019,6,1,8,1,4,0.00129974
2019,6,1,9,3,4,6.56E-05
2019,6,1,9,1,4,0.001679726
2019,6,1,11,1,4,1.05E-05
2019,6,2,1,1,4,0.000210486
2019,6,2,2,1,4,8.05E-06
2019,6,2,3,1,4,3.39E-05
2019,6,2,4,1,4,0.000138223
2019,6,2,5,1,4,2.52E-05
2019,6,2,6,3,4,0.000802021
2019,6,2,6,1,4,0.002220262
2019,6,2,7,3,4,0.004314237
2019,6,2,7,1,4,0.002678304
2019,6,2,8,3,4,1.02E-05
2019,6,2,8,1,4,0.005135792
2019,6,2,9,3,4,0.000100522
2019,6,2,9,1,4,0.000864084
2019,6,2,11,3,4,1.71E-07
2019,6,2,11,1,4,0.000936438
2019,6,3,6,1,4,0.000345082
2019,6,3,7,3,4,2.83E-05
2019,6,3,7,1,4,0.001238725
2019,6,3,9,1,4,0.000696092
2019,6,3,1,1,4,0.001153181
2019,6,3,2,16,4,1.21E-05
2019,6,3,2,1,4,0.000210874
2019,6,3,3,3,4,9.84E-07
2019,6,3,3,1,4,0.000444562
2019,6,3,4,1,4,0.000218088
2019,6,3,5,1,4,3.40E-05
2019,6,4,1,16,4,0.000305663
2019,6,4,1,1,4,0.004287593
2019,6,4,2,16,4,0.00031149
2019,6,4,2,1,4,0.001599708
2019,6,4,3,1,4,4.02E-05
2019,6,4,4,16,4,2.94E-05
2019,6,4,4,1,4,0.000297576
2019,6,4,5,1,4,9.11E-05
2019,6,4,6,3,4,0.001741968
2019,6,4,6,1,4,0.000266969
2019,6,4,7,3,4,5.00E-06
2019,6,4,7,1,4,0.000136983
2019,6,4,9,1,4,0.000533004
2019,6,4,10,1,4,5.70E-05
2019,6,5,6,1,4,0.000141475
2019,6,5,9,1,4,0.000258365
2019,6,5,11,1,4,2.82E-05
2019,6,5,1,3,4,0.00026024
2019,6,5,1,16,4,1.69E-05
2019,6,5,1,1,4,0.001000144
2019,6,5,2,16,4,1.90E-05
2019,6,5,2,1,4,0.000246227
2019,6,5,3,1,4,8.80E-06
2019,6,5,4,1,4,8.62E-05
2019,6,5,5,1,4,0.000140666
2019,6,6,1,1,4,4.93E-06
2019,6,6,2,1,4,5.83E-06
2019,6,6,3,1,4,1.96E-06
2019,6,6,4,1,4,4.59E-05
2019,6,6,5,16,4,1.01E-06
2019,6,6,5,1,4,2.13E-05
2019,6,6,7,1,4,0.00028627
2019,6,6,8,3,4,0.000408238
2019,6,6,8,1,4,0.000690509
2019,6,6,9,1,4,0.000381614
2019,6,6,11,1,4,0.001076526
2019,6,7,6,1,4,0.000263475
2019,6,7,7,1,4,0.000386385
2019,6,7,8,1,4,0.000769413
2019,6,7,9,16,4,0.000209639
2019,6,7,9,1,4,0.001480584
2019,6,7,10,3,4,3.89E-06
2019,6,7,10,1,4,9.22E-05
2019,6,7,11,1,4,1.73E-05
2019,6,7,1,3,4,0.000184146
2019,6,7,1,16,4,1.99E-05
2019,6,7,1,1,4,0.003299111
2019,6,7,2,1,4,0.000604138
2019,6,7,3,1,4,6.68E-05
2019,6,7,4,1,4,7.04E-05
2019,6,8,6,3,4,4.87E-05
2019,6,8,6,1,4,0.000428755
2019,6,8,7,3,4,0.000299442
2019,6,8,7,1,4,0.000638937
2019,6,8,8,1,4,0.000603345
2019,6,8,9,16,4,6.64E-05
2019,6,8,9,1,4,0.001493296
2019,6,8,10,1,4,0.000605069
2019,6,8,11,16,4,5.80E-06
2019,6,8,11,1,4,0.002058041
2019,6,8,1,1,4,0.000975664
2019,6,8,2,1,4,6.46E-05
2019,6,8,3,1,4,9.26E-05
2019,6,8,4,16,4,2.46E-06
2019,6,8,4,1,4,0.000463276
2019,6,8,5,1,4,2.02E-06
2019,7,1,2,1,4,1.73E-05
2019,7,1,3,1,4,1.38E-05
2019,7,1,5,1,4,7.38E-05
2019,7,1,8,1,4,0.001963462
2019,7,1,9,3,4,0.000152975
2019,7,1,9,1,4,0.003507774
2019,7,1,11,1,4,2.29E-05
2019,7,2,1,1,4,0.000718317
2019,7,2,2,1,4,1.41E-05
2019,7,2,3,1,4,0.000172527
2019,7,2,4,1,4,0.00044373
2019,7,2,5,1,4,0.000100345
2019,7,2,6,3,4,0.0024018
2019,7,2,6,1,4,0.006004996
2019,7,2,7,3,4,0.011053593
2019,7,2,7,1,4,0.007614135
2019,7,2,8,3,4,2.62E-05
2019,7,2,8,1,4,0.011667313
2019,7,2,9,3,4,0.000276436
2019,7,2,9,1,4,0.002055801
2019,7,2,11,3,4,4.58E-07
2019,7,2,11,1,4,0.00283023
2019,7,3,6,1,4,0.00067403
2019,7,3,7,3,4,4.63E-05
2019,7,3,7,1,4,0.002019741
2019,7,3,9,1,4,0.001116485
2019,7,3,1,1,4,0.001352307
2019,7,3,2,16,4,3.19E-05
2019,7,3,2,1,4,0.000478798
2019,7,3,3,3,4,4.63E-05
2019,7,3,3,1,4,0.000529729
2019,7,3,4,1,4,0.000509231
2019,7,3,5,1,4,0.000175371
2019,7,4,1,16,4,0.000743316
2019,7,4,1,1,4,0.006770103
2019,7,4,2,16,4,0.000613085
2019,7,4,2,1,4,0.0034512
2019,7,4,3,1,4,0.000106233
2019,7,4,4,16,4,5.39E-05
2019,7,4,4,1,4,0.000869248
2019,7,4,5,16,4,3.17E-06
2019,7,4,5,1,4,0.000331275
2019,7,4,6,3,4,0.002551377
2019,7,4,6,1,4,0.000425163
2019,7,4,7,3,4,1.10E-05
2019,7,4,7,1,4,0.00030357
2019,7,4,9,1,4,0.000862172
2019,7,4,10,1,4,0.000179617
2019,7,5,6,1,4,0.000393888
2019,7,5,9,1,4,0.000539031
2019,7,5,11,1,4,8.92E-05
2019,7,5,1,3,4,0.000516054
2019,7,5,1,16,4,2.09E-05
2019,7,5,1,1,4,0.00213838
2019,7,5,2,16,4,4.38E-05
2019,7,5,2,1,4,0.000452978
2019,7,5,3,1,4,4.04E-05
2019,7,5,4,1,4,0.000232487
2019,7,5,5,1,4,0.00048646
2019,7,6,1,1,4,7.89E-06
2019,7,6,2,1,4,2.23E-05
2019,7,6,3,1,4,4.90E-06
2019,7,6,4,1,4,0.000118483
2019,7,6,5,16,4,2.02E-06
2019,7,6,5,1,4,0.000199692
2019,7,6,7,1,4,0.00096951
2019,7,6,8,3,4,0.001178219
2019,7,6,8,1,4,0.001833056
2019,7,6,9,1,4,0.000849048
2019,7,6,11,1,4,0.002969061
2019,7,7,6,1,4,0.000828326
2019,7,7,7,1,4,0.00045156
2019,7,7,8,1,4,0.00113106
2019,7,7,9,16,4,0.000439862
2019,7,7,9,1,4,0.002475656
2019,7,7,10,3,4,2.86E-05
2019,7,7,10,1,4,0.000221455
2019,7,7,11,1,4,4.26E-05
2019,7,7,1,3,4,0.000429423
2019,7,7,1,16,4,3.98E-05
2019,7,7,1,1,4,0.007527691
2019,7,7,2,1,4,0.001646548
2019,7,7,3,1,4,8.36E-05
2019,7,7,4,1,4,0.000194803
2019,7,8,6,3,4,0.000108294
2019,7,8,6,1,4,0.001399823
2019,7,8,7,3,4,0.000523687
2019,7,8,7,1,4,0.001013935
2019,7,8,8,1,4,0.001618479
2019,7,8,9,16,4,0.000145771
2019,7,8,9,1,4,0.002362084
2019,7,8,10,1,4,0.000873545
2019,7,8,11,16,4,2.13E-05
2019,7,8,11,1,4,0.004913756
2019,7,8,1,1,4,0.00170061
2019,7,8,2,1,4,0.000254254
2019,7,8,3,1,4,0.000375384
2019,7,8,4,16,4,1.00E-05
2019,7,8,4,1,4,0.001112734
2019,7,8,5,1,4,2.09E-05
2019,8,1,2,1,4,1.20E-05
2019,8,1,3,1,4,2.75E-05
2019,8,1,5,1,4,0.000149843
2019,8,1,8,1,4,0.00186555
2019,8,1,9,3,4,9.60E-05
2019,8,1,9,1,4,0.00282551
2019,8,1,11,1,4,2.68E-05
2019,8,2,1,1,4,0.000394091
2019,8,2,2,1,4,1.21E-05
2019,8,2,3,1,4,0.000116576
2019,8,2,4,1,4,0.000373831
2019,8,2,5,1,4,9.88E-05
2019,8,2,6,3,4,0.001302267
2019,8,2,6,1,4,0.0037991
2019,8,2,7,3,4,0.004177976
2019,8,2,7,1,4,0.006036555
2019,8,2,8,3,4,9.73E-06
2019,8,2,8,1,4,0.005238071
2019,8,2,9,3,4,0.000181574
2019,8,2,9,1,4,0.001073548
2019,8,2,11,3,4,1.61E-07
2019,8,2,11,1,4,0.001780777
2019,8,3,6,1,4,0.000504626
2019,8,3,7,3,4,3.35E-05
2019,8,3,7,1,4,0.001502477
2019,8,3,9,1,4,0.001004054
2019,8,3,1,1,4,0.000872722
2019,8,3,2,16,4,1.57E-05
2019,8,3,2,1,4,0.000458054
2019,8,3,3,3,4,1.18E-05
2019,8,3,3,1,4,0.000410513
2019,8,3,4,1,4,0.000345549
2019,8,3,5,1,4,0.000114157
2019,8,4,1,16,4,0.000432333
2019,8,4,1,1,4,0.002989093
2019,8,4,2,16,4,0.000435434
2019,8,4,2,1,4,0.001674731
2019,8,4,3,1,4,0.000134081
2019,8,4,4,16,4,5.49E-05
2019,8,4,4,1,4,0.000515002
2019,8,4,5,1,4,0.0002999
2019,8,4,6,3,4,0.002209737
2019,8,4,6,1,4,0.000340747
2019,8,4,7,3,4,6.83E-06
2019,8,4,7,1,4,0.000177178
2019,8,4,9,1,4,0.000739234
2019,8,4,10,1,4,9.71E-05
2019,8,5,6,1,4,0.000503076
2019,8,5,9,1,4,0.000608383
2019,8,5,11,1,4,0.000176472
2019,8,5,1,3,4,0.000204796
2019,8,5,1,16,4,2.93E-05
2019,8,5,1,1,4,0.001112347
2019,8,5,2,16,4,4.47E-05
2019,8,5,2,1,4,0.000254315
2019,8,5,3,1,4,4.97E-05
2019,8,5,4,1,4,0.000132628
2019,8,5,5,1,4,0.00028089
2019,8,6,1,1,4,5.92E-06
2019,8,6,2,1,4,4.37E-05
2019,8,6,3,1,4,6.86E-06
2019,8,6,4,1,4,0.000116525
2019,8,6,5,16,4,5.05E-06
2019,8,6,5,1,4,0.000644931
2019,8,6,7,1,4,0.000445925
2019,8,6,8,3,4,0.000611553
2019,8,6,8,1,4,0.000722674
2019,8,6,9,1,4,0.000231306
2019,8,6,11,1,4,0.002043567
2019,8,7,6,1,4,0.000857699
2019,8,7,7,1,4,0.001055504
2019,8,7,8,1,4,0.001797515
2019,8,7,9,16,4,0.000572392
2019,8,7,9,1,4,0.003477006
2019,8,7,10,3,4,1.63E-05
2019,8,7,10,1,4,8.50E-05
2019,8,7,11,1,4,5.05E-05
2019,8,7,1,3,4,0.000216598
2019,8,7,1,16,4,4.65E-05
2019,8,7,1,1,4,0.002741364
2019,8,7,2,1,4,0.000889813
2019,8,7,3,1,4,9.37E-05
2019,8,7,4,1,4,0.000109084
2019,8,8,6,3,4,7.45E-05
2019,8,8,6,1,4,0.001197636
2019,8,8,7,3,4,0.000262482
2019,8,8,7,1,4,0.001042585
2019,8,8,8,1,4,0.00118028
2019,8,8,9,16,4,0.000293824
2019,8,8,9,1,4,0.00189793
2019,8,8,10,1,4,0.000570786
2019,8,8,11,16,4,2.61E-05
2019,8,8,11,1,4,0.004150641
2019,8,8,1,1,4,0.000637937
2019,8,8,2,1,4,0.000111879
2019,8,8,3,1,4,0.000160638
2019,8,8,4,16,4,1.90E-05
2019,8,8,4,1,4,0.000340467
2019,8,8,5,1,4,3.37E-05
2019,9,1,2,1,4,3.76E-05
2019,9,1,3,1,4,3.83E-05
2019,9,1,5,1,4,0.000185489
2019,9,1,8,1,4,0.002899183
2019,9,1,9,3,4,0.000140099
2019,9,1,9,1,4,0.005222655
2019,9,1,11,1,4,1.82E-05
2019,9,2,1,1,4,0.000471149
2019,9,2,2,1,4,1.71E-05
2019,9,2,3,1,4,0.000576083
2019,9,2,4,1,4,0.000914039
2019,9,2,5,16,4,1.03E-06
2019,9,2,5,1,4,0.000350064
2019,9,2,6,3,4,0.001196773
2019,9,2,6,1,4,0.002884397
2019,9,2,7,3,4,0.005605617
2019,9,2,7,1,4,0.007712575
2019,9,2,8,3,4,1.18E-05
2019,9,2,8,1,4,0.006160081
2019,9,2,9,3,4,0.000222326
2019,9,2,9,1,4,0.001779575
2019,9,2,11,3,4,3.10E-07
2019,9,2,11,1,4,0.001934786
2019,9,3,6,1,4,0.000695541
2019,9,3,7,3,4,0.000107526
2019,9,3,7,1,4,0.004516377
2019,9,3,9,1,4,0.00229554
2019,9,3,1,1,4,0.001344105
2019,9,3,2,16,4,0.000178668
2019,9,3,2,1,4,0.001574028
2019,9,3,3,3,4,0.000128951
2019,9,3,3,1,4,0.00089736
2019,9,3,4,1,4,0.001918175
2019,9,3,5,1,4,0.000435799
2019,9,4,1,16,4,0.00099971
2019,9,4,1,1,4,0.00540021
2019,9,4,2,16,4,0.0015302
2019,9,4,2,1,4,0.005568224
2019,9,4,3,1,4,0.000314939
2019,9,4,4,16,4,0.000394933
2019,9,4,4,1,4,0.002077152
2019,9,4,5,16,4,1.14E-05
2019,9,4,5,1,4,0.000692273
2019,9,4,6,3,4,0.002216689
2019,9,4,6,1,4,0.00033784
2019,9,4,7,3,4,3.14E-05
2019,9,4,7,1,4,0.000835945
2019,9,4,9,1,4,0.002253548
2019,9,4,10,1,4,0.000565254
2019,9,5,6,1,4,0.000416386
2019,9,5,9,1,4,0.00072789
2019,9,5,11,1,4,0.000137986
2019,9,5,1,3,4,0.000262751
2019,9,5,1,16,4,0.000206763
2019,9,5,1,1,4,0.001666854
2019,9,5,2,16,4,0.000223736
2019,9,5,2,1,4,0.000891658
2019,9,5,3,1,4,0.000132875
2019,9,5,4,1,4,0.000268881
2019,9,5,5,1,4,0.001263368
2019,9,6,1,1,4,8.88E-06
2019,9,6,2,1,4,4.18E-05
2019,9,6,3,1,4,5.88E-06
2019,9,6,4,1,4,0.000181221
2019,9,6,5,16,4,7.07E-06
2019,9,6,5,1,4,0.000431153
2019,9,6,7,1,4,0.000390291
2019,9,6,8,3,4,0.000752358
2019,9,6,8,1,4,0.000960046
2019,9,6,9,1,4,0.000443604
2019,9,6,11,1,4,0.002514818
2019,9,7,6,1,4,0.000614537
2019,9,7,7,1,4,0.001173259
2019,9,7,8,1,4,0.001506776
2019,9,7,9,16,4,0.000944735
2019,9,7,9,1,4,0.004413272
2019,9,7,10,3,4,8.87E-05
2019,9,7,10,1,4,0.000289802
2019,9,7,11,1,4,8.66E-05
2019,9,7,1,3,4,0.000326784
2019,9,7,1,16,4,0.00024924
2019,9,7,1,1,4,0.005374081
2019,9,7,2,1,4,0.003214848
2019,9,7,3,1,4,0.000255006
2019,9,7,4,1,4,0.000238755
2019,9,8,6,3,4,4.27E-05
2019,9,8,6,1,4,0.001003416
2019,9,8,7,3,4,0.000433608
2019,9,8,7,1,4,0.00125069
2019,9,8,8,1,4,0.001154769
2019,9,8,9,16,4,0.000653604
2019,9,8,9,1,4,0.003669533
2019,9,8,10,1,4,0.001772159
2019,9,8,11,16,4,9.01E-05
2019,9,8,11,1,4,0.00922001
2019,9,8,1,1,4,0.001237017
2019,9,8,2,1,4,0.000466709
2019,9,8,3,1,4,0.001005641
2019,9,8,4,16,4,6.82E-05
2019,9,8,4,1,4,0.000926991
2019,9,8,5,1,4,7.21E-05
2019,1,1,2,1,5,1.01E-07
2019,1,1,3,1,5,5.16E-07
2019,1,1,5,1,5,1.57E-06
2019,1,1,8,1,5,5.09E-05
2019,1,1,9,3,5,2.13E-06
2019,1,1,9,1,5,6.30E-05
2019,1,1,11,1,5,1.31E-06
2019,1,2,1,1,5,4.10E-06
2019,1,2,3,1,5,2.53E-06
2019,1,2,4,1,5,8.92E-06
2019,1,2,5,1,5,3.54E-06
2019,1,2,6,3,5,3.15E-05
2019,1,2,6,1,5,6.63E-05
2019,1,2,7,3,5,8.37E-05
2019,1,2,7,1,5,0.000101096
2019,1,2,8,3,5,2.65E-07
2019,1,2,8,1,5,0.000160189
2019,1,2,9,3,5,5.08E-06
2019,1,2,9,1,5,3.87E-05
2019,1,2,11,3,5,1.81E-08
2019,1,2,11,1,5,4.82E-05
2019,1,3,6,1,5,2.14E-05
2019,1,3,7,3,5,1.17E-06
2019,1,3,7,1,5,5.05E-05
2019,1,3,9,1,5,3.44E-05
2019,1,3,1,1,5,1.61E-05
2019,1,3,2,16,5,1.31E-06
2019,1,3,2,1,5,1.19E-05
2019,1,3,3,3,5,6.22E-07
2019,1,3,3,1,5,6.88E-06
2019,1,3,4,1,5,1.94E-05
2019,1,3,5,1,5,3.25E-06
2019,1,4,1,16,5,7.26E-06
2019,1,4,1,1,5,8.75E-05
2019,1,4,2,16,5,1.54E-05
2019,1,4,2,1,5,6.88E-05
2019,1,4,3,1,5,3.17E-06
2019,1,4,4,16,5,1.08E-06
2019,1,4,4,1,5,3.13E-05
2019,1,4,5,1,5,1.05E-05
2019,1,4,6,3,5,9.34E-05
2019,1,4,6,1,5,8.95E-06
2019,1,4,7,3,5,1.52E-06
2019,1,4,7,1,5,3.83E-05
2019,1,4,9,1,5,5.03E-05
2019,1,4,10,1,5,5.67E-06
2019,1,5,6,1,5,1.12E-05
2019,1,5,9,1,5,1.00E-05
2019,1,5,11,1,5,2.42E-06
2019,1,5,1,3,5,4.39E-06
2019,1,5,1,16,5,7.78E-07
2019,1,5,1,1,5,2.33E-05
2019,1,5,2,16,5,1.15E-06
2019,1,5,2,1,5,1.16E-05
2019,1,5,3,1,5,1.69E-06
2019,1,5,4,1,5,9.10E-06
2019,1,5,5,1,5,1.72E-05
2019,1,6,1,1,5,1.04E-07
2019,1,6,2,1,5,1.53E-07
2019,1,6,3,1,5,1.03E-07
2019,1,6,4,1,5,1.74E-06
2019,1,6,5,16,5,5.32E-08
2019,1,6,5,1,5,3.45E-06
2019,1,6,7,1,5,6.71E-06
2019,1,6,8,3,5,1.77E-05
2019,1,6,8,1,5,2.18E-05
2019,1,6,9,1,5,6.08E-06
2019,1,6,11,1,5,5.18E-05
2019,1,7,6,1,5,4.11E-05
2019,1,7,7,1,5,4.55E-05
2019,1,7,8,1,5,6.87E-05
2019,1,7,9,16,5,1.39E-05
2019,1,7,9,1,5,0.000159775
2019,1,7,10,3,5,5.40E-07
2019,1,7,10,1,5,4.29E-06
2019,1,7,11,1,5,3.56E-06
2019,1,7,1,3,5,2.90E-06
2019,1,7,1,16,5,2.01E-06
2019,1,7,1,1,5,4.50E-05
2019,1,7,2,1,5,2.00E-05
2019,1,7,3,1,5,4.04E-06
2019,1,7,4,1,5,8.29E-07
2019,1,8,6,3,5,3.66E-07
2019,1,8,6,1,5,3.22E-05
2019,1,8,7,3,5,7.90E-06
2019,1,8,7,1,5,4.40E-05
2019,1,8,8,1,5,3.96E-05
2019,1,8,9,16,5,6.16E-06
2019,1,8,9,1,5,7.70E-05
2019,1,8,10,1,5,3.48E-05
2019,1,8,11,16,5,5.61E-07
2019,1,8,11,1,5,0.00019182
2019,1,8,1,1,5,2.00E-05
2019,1,8,2,1,5,5.00E-08
2019,1,8,3,1,5,1.57E-07
2019,1,8,4,16,5,3.09E-07
2019,1,8,4,1,5,1.07E-05
2019,1,8,5,1,5,1.03E-07
2019,2,1,2,1,5,3.69E-07
2019,2,1,3,1,5,2.53E-06
2019,2,1,5,1,5,5.07E-06
2019,2,1,8,1,5,8.70E-05
2019,2,1,9,3,5,3.51E-06
2019,2,1,9,1,5,9.84E-05
2019,2,1,11,1,5,2.82E-06
2019,2,2,1,1,5,2.10E-05
2019,2,2,2,1,5,5.30E-08
2019,2,2,3,1,5,1.26E-05
2019,2,2,4,1,5,2.55E-05
2019,2,2,5,1,5,1.47E-05
2019,2,2,6,3,5,6.15E-05
2019,2,2,6,1,5,0.000191339
2019,2,2,7,3,5,0.000208794
2019,2,2,7,1,5,0.000248646
2019,2,2,8,3,5,3.81E-07
2019,2,2,8,1,5,0.000228566
2019,2,2,9,3,5,6.68E-06
2019,2,2,9,1,5,5.10E-05
2019,2,2,11,3,5,1.61E-08
2019,2,2,11,1,5,7.90E-05
2019,2,3,6,1,5,5.43E-05
2019,2,3,7,3,5,3.51E-06
2019,2,3,7,1,5,0.000143128
2019,2,3,9,1,5,5.56E-05
2019,2,3,1,1,5,6.10E-05
2019,2,3,2,16,5,6.80E-06
2019,2,3,2,1,5,4.10E-05
2019,2,3,3,3,5,2.80E-06
2019,2,3,3,1,5,3.28E-05
2019,2,3,4,1,5,7.98E-05
2019,2,3,5,1,5,1.26E-05
2019,2,4,1,16,5,5.69E-05
2019,2,4,1,1,5,0.000342299
2019,2,4,2,16,5,4.38E-05
2019,2,4,2,1,5,0.000233461
2019,2,4,3,1,5,2.04E-05
2019,2,4,4,16,5,2.63E-06
2019,2,4,4,1,5,9.13E-05
2019,2,4,5,16,5,1.13E-07
2019,2,4,5,1,5,2.74E-05
2019,2,4,6,3,5,0.000254453
2019,2,4,6,1,5,4.11E-05
2019,2,4,7,3,5,2.25E-06
2019,2,4,7,1,5,5.94E-05
2019,2,4,9,1,5,0.000120611
2019,2,4,10,1,5,2.97E-05
2019,2,5,6,1,5,2.95E-05
2019,2,5,9,1,5,1.67E-05
2019,2,5,11,1,5,3.41E-06
2019,2,5,1,3,5,2.08E-05
2019,2,5,1,16,5,2.25E-06
2019,2,5,1,1,5,0.000109428
2019,2,5,2,16,5,4.71E-06
2019,2,5,2,1,5,4.19E-05
2019,2,5,3,1,5,9.88E-06
2019,2,5,4,1,5,2.28E-05
2019,2,5,5,1,5,5.76E-05
2019,2,6,1,1,5,1.56E-07
2019,2,6,2,1,5,8.69E-07
2019,2,6,3,1,5,1.55E-07
2019,2,6,4,1,5,6.27E-06
2019,2,6,5,16,5,2.66E-07
2019,2,6,5,1,5,1.02E-05
2019,2,6,7,1,5,2.58E-05
2019,2,6,8,3,5,4.37E-05
2019,2,6,8,1,5,5.26E-05
2019,2,6,9,1,5,2.05E-05
2019,2,6,11,1,5,0.000138389
2019,2,7,6,1,5,0.00015009
2019,2,7,7,1,5,0.000161542
2019,2,7,8,1,5,0.000215952
2019,2,7,9,16,5,3.90E-05
2019,2,7,9,1,5,0.000386871
2019,2,7,10,3,5,2.64E-06
2019,2,7,10,1,5,1.64E-05
2019,2,7,11,1,5,1.23E-05
2019,2,7,1,3,5,7.27E-06
2019,2,7,1,16,5,3.26E-06
2019,2,7,1,1,5,0.000233081
2019,2,7,2,1,5,6.50E-05
2019,2,7,3,1,5,5.56E-06
2019,2,7,4,1,5,4.50E-06
2019,2,8,6,3,5,1.93E-06
2019,2,8,6,1,5,0.000121242
2019,2,8,7,3,5,2.50E-05
2019,2,8,7,1,5,0.00014356
2019,2,8,8,1,5,0.00012424
2019,2,8,9,16,5,1.05E-05
2019,2,8,9,1,5,0.00020093
2019,2,8,10,1,5,7.52E-05
2019,2,8,11,16,5,1.07E-06
2019,2,8,11,1,5,0.000503054
2019,2,8,1,1,5,8.31E-05
2019,2,8,2,1,5,1.07E-06
2019,2,8,3,1,5,1.35E-06
2019,2,8,4,16,5,7.18E-07
2019,2,8,4,1,5,2.76E-05
2019,2,8,5,1,5,1.26E-06
2019,3,1,2,1,5,2.18E-07
2019,3,1,3,1,5,1.60E-06
2019,3,1,5,1,5,5.43E-06
2019,3,1,8,1,5,0.000298959
2019,3,1,9,3,5,3.24E-06
2019,3,1,9,1,5,0.000134157
2019,3,1,11,1,5,3.87E-06
2019,3,2,1,1,5,4.02E-05
2019,3,2,2,1,5,5.30E-08
2019,3,2,3,1,5,1.91E-05
2019,3,2,4,1,5,4.30E-05
2019,3,2,5,1,5,9.45E-06
2019,3,2,6,3,5,9.70E-05
2019,3,2,6,1,5,0.000354846
2019,3,2,7,3,5,0.000381037
2019,3,2,7,1,5,0.000432583
2019,3,2,8,3,5,9.89E-07
2019,3,2,8,1,5,0.000546448
2019,3,2,9,3,5,8.85E-06
2019,3,2,9,1,5,9.65E-05
2019,3,2,11,3,5,3.95E-08
2019,3,2,11,1,5,0.000150371
2019,3,3,6,1,5,8.13E-05
2019,3,3,7,3,5,4.99E-06
2019,3,3,7,1,5,0.000211342
2019,3,3,9,1,5,7.05E-05
2019,3,3,1,1,5,8.31E-05
2019,3,3,2,16,5,5.62E-06
2019,3,3,2,1,5,4.79E-05
2019,3,3,3,3,5,2.18E-06
2019,3,3,3,1,5,8.16E-05
2019,3,3,4,1,5,7.18E-05
2019,3,3,5,1,5,9.19E-06
2019,3,4,1,16,5,0.000126537
2019,3,4,1,1,5,0.000579473
2019,3,4,2,16,5,7.58E-05
2019,3,4,2,1,5,0.00028519
2019,3,4,3,1,5,2.34E-05
2019,3,4,4,16,5,5.46E-06
2019,3,4,4,1,5,9.19E-05
2019,3,4,5,16,5,7.86E-07
2019,3,4,5,1,5,2.99E-05
2019,3,4,6,3,5,0.000378857
2019,3,4,6,1,5,8.24E-05
2019,3,4,7,3,5,1.44E-06
2019,3,4,7,1,5,3.86E-05
2019,3,4,9,1,5,0.000137791
2019,3,4,10,1,5,1.31E-05
2019,3,5,6,1,5,3.92E-05
2019,3,5,9,1,5,2.25E-05
2019,3,5,11,1,5,7.81E-06
2019,3,5,1,3,5,5.20E-05
2019,3,5,1,16,5,6.90E-06
2019,3,5,1,1,5,0.000146731
2019,3,5,2,16,5,1.26E-05
2019,3,5,2,1,5,7.21E-05
2019,3,5,3,1,5,1.45E-05
2019,3,5,4,1,5,2.84E-05
2019,3,5,5,1,5,4.26E-05
2019,3,6,1,1,5,5.71E-07
2019,3,6,2,1,5,9.20E-07
2019,3,6,3,1,5,6.19E-07
2019,3,6,4,1,5,8.82E-06
2019,3,6,5,16,5,1.60E-07
2019,3,6,5,1,5,1.50E-05
2019,3,6,7,1,5,3.75E-05
2019,3,6,8,3,5,5.35E-05
2019,3,6,8,1,5,6.32E-05
2019,3,6,9,1,5,2.53E-05
2019,3,6,11,1,5,0.000191488
2019,3,7,6,1,5,0.000167426
2019,3,7,7,1,5,0.000181021
2019,3,7,8,1,5,0.000336287
2019,3,7,9,16,5,7.19E-05
2019,3,7,9,1,5,0.000485936
2019,3,7,10,3,5,2.79E-06
2019,3,7,10,1,5,1.47E-05
2019,3,7,11,1,5,1.20E-05
2019,3,7,1,3,5,2.34E-05
2019,3,7,1,16,5,6.08E-06
2019,3,7,1,1,5,0.000540127
2019,3,7,2,1,5,8.36E-05
2019,3,7,3,1,5,1.64E-05
2019,3,7,4,1,5,6.19E-06
2019,3,8,6,3,5,9.20E-06
2019,3,8,6,1,5,0.000158727
2019,3,8,7,3,5,3.99E-05
2019,3,8,7,1,5,0.000266653
2019,3,8,8,1,5,0.00018606
2019,3,8,9,16,5,2.27E-05
2019,3,8,9,1,5,0.000283381
2019,3,8,10,1,5,0.00013056
2019,3,8,11,16,5,2.34E-06
2019,3,8,11,1,5,0.000540342
2019,3,8,1,1,5,0.000113649
2019,3,8,2,1,5,6.50E-06
2019,3,8,3,1,5,1.71E-06
2019,3,8,4,16,5,1.22E-06
2019,3,8,4,1,5,4.22E-05
2019,3,8,5,1,5,1.62E-06
2019,4,1,2,1,5,3.18E-07
2019,4,1,3,1,5,4.66E-07
2019,4,1,5,1,5,1.79E-06
2019,4,1,8,1,5,8.62E-05
2019,4,1,9,3,5,2.86E-06
2019,4,1,9,1,5,8.64E-05
2019,4,1,11,1,5,1.56E-06
2019,4,2,1,1,5,1.61E-05
2019,4,2,3,1,5,4.23E-06
2019,4,2,4,1,5,1.03E-05
2019,4,2,5,1,5,2.34E-06
2019,4,2,6,3,5,7.35E-05
2019,4,2,6,1,5,0.000276962
2019,4,2,7,3,5,0.000277766
2019,4,2,7,1,5,0.000313222
2019,4,2,8,3,5,9.19E-07
2019,4,2,8,1,5,0.000433943
2019,4,2,9,3,5,5.43E-06
2019,4,2,9,1,5,3.55E-05
2019,4,2,11,3,5,3.57E-08
2019,4,2,11,1,5,0.000121487
2019,4,3,6,1,5,3.36E-05
2019,4,3,7,3,5,2.54E-06
2019,4,3,7,1,5,0.000107526
2019,4,3,9,1,5,3.90E-05
2019,4,3,1,1,5,6.16E-05
2019,4,3,2,16,5,1.76E-06
2019,4,3,2,1,5,1.16E-05
2019,4,3,3,3,5,1.55E-06
2019,4,3,3,1,5,1.55E-05
2019,4,3,4,1,5,1.86E-05
2019,4,3,5,1,5,2.79E-06
2019,4,4,1,16,5,3.25E-05
2019,4,4,1,1,5,0.000236265
2019,4,4,2,16,5,1.95E-05
2019,4,4,2,1,5,8.62E-05
2019,4,4,3,1,5,4.94E-06
2019,4,4,4,16,5,1.86E-06
2019,4,4,4,1,5,2.41E-05
2019,4,4,5,16,5,5.65E-08
2019,4,4,5,1,5,7.31E-06
2019,4,4,6,3,5,0.000224031
2019,4,4,6,1,5,3.19E-05
2019,4,4,7,3,5,1.20E-06
2019,4,4,7,1,5,3.20E-05
2019,4,4,9,1,5,3.91E-05
2019,4,4,10,1,5,5.33E-06
2019,4,5,6,1,5,1.79E-05
2019,4,5,9,1,5,1.14E-05
2019,4,5,11,1,5,3.36E-06
2019,4,5,1,3,5,2.91E-05
2019,4,5,1,16,5,1.58E-06
2019,4,5,1,1,5,7.16E-05
2019,4,5,2,16,5,7.02E-07
2019,4,5,2,1,5,1.24E-05
2019,4,5,3,1,5,1.39E-06
2019,4,5,4,1,5,6.55E-06
2019,4,5,5,1,5,7.71E-06
2019,4,6,1,1,5,1.56E-07
2019,4,6,2,1,5,2.04E-07
2019,4,6,3,1,5,2.06E-07
2019,4,6,4,1,5,3.18E-06
2019,4,6,5,16,5,5.32E-08
2019,4,6,5,1,5,3.89E-06
2019,4,6,7,1,5,2.54E-05
2019,4,6,8,3,5,4.43E-05
2019,4,6,8,1,5,4.83E-05
2019,4,6,9,1,5,1.25E-05
2019,4,6,11,1,5,0.000120238
2019,4,7,6,1,5,5.92E-05
2019,4,7,7,1,5,9.89E-05
2019,4,7,8,1,5,0.000146459
2019,4,7,9,16,5,1.90E-05
2019,4,7,9,1,5,0.000168154
2019,4,7,10,3,5,1.00E-06
2019,4,7,10,1,5,7.33E-06
2019,4,7,11,1,5,2.62E-06
2019,4,7,1,3,5,1.80E-05
2019,4,7,1,16,5,3.59E-06
2019,4,7,1,1,5,0.000235265
2019,4,7,2,1,5,2.61E-05
2019,4,7,3,1,5,2.49E-06
2019,4,7,4,1,5,1.13E-06
2019,4,8,6,3,5,2.51E-06
2019,4,8,6,1,5,6.81E-05
2019,4,8,7,3,5,1.90E-05
2019,4,8,7,1,5,8.57E-05
2019,4,8,8,1,5,0.000113565
2019,4,8,9,16,5,8.81E-06
2019,4,8,9,1,5,0.000101861
2019,4,8,10,1,5,3.04E-05
2019,4,8,11,16,5,3.57E-07
2019,4,8,11,1,5,0.000195254
2019,4,8,1,1,5,5.28E-05
2019,4,8,2,1,5,8.20E-07
2019,4,8,3,1,5,1.23E-06
2019,4,8,4,16,5,3.19E-07
2019,4,8,4,1,5,1.09E-05
2019,4,8,5,1,5,2.58E-07
2019,5,1,2,1,5,5.28E-07
2019,5,1,3,1,5,1.91E-06
2019,5,1,5,1,5,1.21E-05
2019,5,1,8,1,5,0.000225498
2019,5,1,9,3,5,1.32E-05
2019,5,1,9,1,5,0.000332066
2019,5,1,11,1,5,1.91E-06
2019,5,2,1,1,5,4.39E-05
2019,5,2,2,1,5,7.94E-07
2019,5,2,3,1,5,2.23E-05
2019,5,2,4,1,5,4.45E-05
2019,5,2,5,1,5,1.59E-05
2019,5,2,6,3,5,0.00019046
2019,5,2,6,1,5,0.000306976
2019,5,2,7,3,5,0.000678118
2019,5,2,7,1,5,0.000504857
2019,5,2,8,3,5,1.11E-06
2019,5,2,8,1,5,0.000680448
2019,5,2,9,3,5,1.52E-05
2019,5,2,9,1,5,0.000157021
2019,5,2,11,3,5,2.96E-08
2019,5,2,11,1,5,0.000167247
2019,5,3,6,1,5,9.18E-05
2019,5,3,7,3,5,8.52E-06
2019,5,3,7,1,5,0.000357218
2019,5,3,9,1,5,0.000223884
2019,5,3,1,1,5,0.000144747
2019,5,3,2,16,5,5.21E-06
2019,5,3,2,1,5,7.72E-05
2019,5,3,3,3,5,6.48E-06
2019,5,3,3,1,5,4.27E-05
2019,5,3,4,1,5,7.59E-05
2019,5,3,5,1,5,1.90E-05
2019,5,4,1,16,5,7.92E-05
2019,5,4,1,1,5,0.000531078
2019,5,4,2,16,5,5.27E-05
2019,5,4,2,1,5,0.000346267
2019,5,4,3,1,5,1.54E-05
2019,5,4,4,16,5,9.70E-06
2019,5,4,4,1,5,9.68E-05
2019,5,4,5,16,5,3.31E-07
2019,5,4,5,1,5,3.53E-05
2019,5,4,6,3,5,0.000235845
2019,5,4,6,1,5,4.33E-05
2019,5,4,7,3,5,8.48E-07
2019,5,4,7,1,5,2.26E-05
2019,5,4,9,1,5,0.000117597
2019,5,4,10,1,5,2.03E-05
2019,5,5,6,1,5,3.87E-05
2019,5,5,9,1,5,5.33E-05
2019,5,5,11,1,5,6.97E-06
2019,5,5,1,3,5,4.20E-05
2019,5,5,1,16,5,3.16E-05
2019,5,5,1,1,5,0.000149694
2019,5,5,2,16,5,4.36E-06
2019,5,5,2,1,5,5.73E-05
2019,5,5,3,1,5,5.29E-06
2019,5,5,4,1,5,2.10E-05
2019,5,5,5,1,5,5.63E-05
2019,5,6,1,1,5,2.08E-07
2019,5,6,2,1,5,1.53E-06
2019,5,6,3,1,5,3.61E-07
2019,5,6,4,1,5,1.23E-05
2019,5,6,5,16,5,2.66E-07
2019,5,6,5,1,5,2.21E-05
2019,5,6,7,1,5,5.09E-05
2019,5,6,8,3,5,7.08E-05
2019,5,6,8,1,5,0.000106185
2019,5,6,9,1,5,4.79E-05
2019,5,6,11,1,5,0.000225935
2019,5,7,6,1,5,5.91E-05
2019,5,7,7,1,5,0.000108441
2019,5,7,8,1,5,0.000186626
2019,5,7,9,16,5,3.49E-05
2019,5,7,9,1,5,0.000294352
2019,5,7,10,3,5,3.83E-06
2019,5,7,10,1,5,1.43E-05
2019,5,7,11,1,5,6.55E-06
2019,5,7,1,3,5,3.66E-05
2019,5,7,1,16,5,4.77E-06
2019,5,7,1,1,5,0.000580622
2019,5,7,2,1,5,0.000153103
2019,5,7,3,1,5,1.09E-05
2019,5,7,4,1,5,2.22E-05
2019,5,8,6,3,5,5.18E-06
2019,5,8,6,1,5,0.000102481
2019,5,8,7,3,5,4.93E-05
2019,5,8,7,1,5,0.000114097
2019,5,8,8,1,5,0.000120836
2019,5,8,9,16,5,2.31E-05
2019,5,8,9,1,5,0.00027194
2019,5,8,10,1,5,8.67E-05
2019,5,8,11,16,5,2.55E-06
2019,5,8,11,1,5,0.000602089
2019,5,8,1,1,5,0.000121978
2019,5,8,2,1,5,2.22E-05
2019,5,8,3,1,5,3.79E-05
2019,5,8,4,16,5,1.58E-06
2019,5,8,4,1,5,7.68E-05
2019,5,8,5,1,5,2.69E-06
2019,6,1,2,1,5,2.68E-07
2019,6,1,3,1,5,1.55E-07
2019,6,1,5,1,5,8.45E-07
2019,6,1,8,1,5,6.84E-05
2019,6,1,9,3,5,3.45E-06
2019,6,1,9,1,5,8.84E-05
2019,6,1,11,1,5,5.53E-07
2019,6,2,1,1,5,1.11E-05
2019,6,2,2,1,5,4.24E-07
2019,6,2,3,1,5,1.78E-06
2019,6,2,4,1,5,7.27E-06
2019,6,2,5,1,5,1.33E-06
2019,6,2,6,3,5,4.22E-05
2019,6,2,6,1,5,0.000116856
2019,6,2,7,3,5,0.000227065
2019,6,2,7,1,5,0.000140963
2019,6,2,8,3,5,5.38E-07
2019,6,2,8,1,5,0.000270305
2019,6,2,9,3,5,5.29E-06
2019,6,2,9,1,5,4.55E-05
2019,6,2,11,3,5,8.98E-09
2019,6,2,11,1,5,4.93E-05
2019,6,3,6,1,5,1.82E-05
2019,6,3,7,3,5,1.49E-06
2019,6,3,7,1,5,6.52E-05
2019,6,3,9,1,5,3.66E-05
2019,6,3,1,1,5,6.07E-05
2019,6,3,2,16,5,6.38E-07
2019,6,3,2,1,5,1.11E-05
2019,6,3,3,3,5,5.18E-08
2019,6,3,3,1,5,2.34E-05
2019,6,3,4,1,5,1.15E-05
2019,6,3,5,1,5,1.79E-06
2019,6,4,1,16,5,1.61E-05
2019,6,4,1,1,5,0.000225663
2019,6,4,2,16,5,1.64E-05
2019,6,4,2,1,5,8.42E-05
2019,6,4,3,1,5,2.11E-06
2019,6,4,4,16,5,1.55E-06
2019,6,4,4,1,5,1.57E-05
2019,6,4,5,1,5,4.80E-06
2019,6,4,6,3,5,9.17E-05
2019,6,4,6,1,5,1.41E-05
2019,6,4,7,3,5,2.63E-07
2019,6,4,7,1,5,7.21E-06
2019,6,4,9,1,5,2.81E-05
2019,6,4,10,1,5,3.00E-06
2019,6,5,6,1,5,7.45E-06
2019,6,5,9,1,5,1.36E-05
2019,6,5,11,1,5,1.48E-06
2019,6,5,1,3,5,1.37E-05
2019,6,5,1,16,5,8.89E-07
2019,6,5,1,1,5,5.26E-05
2019,6,5,2,16,5,1.00E-06
2019,6,5,2,1,5,1.30E-05
2019,6,5,3,1,5,4.63E-07
2019,6,5,4,1,5,4.54E-06
2019,6,5,5,1,5,7.40E-06
2019,6,6,1,1,5,2.60E-07
2019,6,6,2,1,5,3.07E-07
2019,6,6,3,1,5,1.03E-07
2019,6,6,4,1,5,2.41E-06
2019,6,6,5,16,5,5.32E-08
2019,6,6,5,1,5,1.12E-06
2019,6,6,7,1,5,1.51E-05
2019,6,6,8,3,5,2.15E-05
2019,6,6,8,1,5,3.63E-05
2019,6,6,9,1,5,2.01E-05
2019,6,6,11,1,5,5.67E-05
2019,6,7,6,1,5,1.39E-05
2019,6,7,7,1,5,2.03E-05
2019,6,7,8,1,5,4.05E-05
2019,6,7,9,16,5,1.10E-05
2019,6,7,9,1,5,7.79E-05
2019,6,7,10,3,5,2.05E-07
2019,6,7,10,1,5,4.85E-06
2019,6,7,11,1,5,9.08E-07
2019,6,7,1,3,5,9.69E-06
2019,6,7,1,16,5,1.05E-06
2019,6,7,1,1,5,0.000173637
2019,6,7,2,1,5,3.18E-05
2019,6,7,3,1,5,3.51E-06
2019,6,7,4,1,5,3.71E-06
2019,6,8,6,3,5,2.56E-06
2019,6,8,6,1,5,2.26E-05
2019,6,8,7,3,5,1.58E-05
2019,6,8,7,1,5,3.36E-05
2019,6,8,8,1,5,3.18E-05
2019,6,8,9,16,5,3.49E-06
2019,6,8,9,1,5,7.86E-05
2019,6,8,10,1,5,3.18E-05
2019,6,8,11,16,5,3.06E-07
2019,6,8,11,1,5,0.000108318
2019,6,8,1,1,5,5.14E-05
2019,6,8,2,1,5,3.40E-06
2019,6,8,3,1,5,4.87E-06
2019,6,8,4,16,5,1.30E-07
2019,6,8,4,1,5,2.44E-05
2019,6,8,5,1,5,1.06E-07
2019,7,1,2,1,5,9.13E-07
2019,7,1,3,1,5,7.24E-07
2019,7,1,5,1,5,3.89E-06
2019,7,1,8,1,5,0.00010334
2019,7,1,9,3,5,8.05E-06
2019,7,1,9,1,5,0.00018462
2019,7,1,11,1,5,1.21E-06
2019,7,2,1,1,5,3.78E-05
2019,7,2,2,1,5,7.41E-07
2019,7,2,3,1,5,9.08E-06
2019,7,2,4,1,5,2.34E-05
2019,7,2,5,1,5,5.28E-06
2019,7,2,6,3,5,0.000126411
2019,7,2,6,1,5,0.000316052
2019,7,2,7,3,5,0.000581768
2019,7,2,7,1,5,0.000400744
2019,7,2,8,3,5,1.38E-06
2019,7,2,8,1,5,0.000614069
2019,7,2,9,3,5,1.45E-05
2019,7,2,9,1,5,0.0001082
2019,7,2,11,3,5,2.41E-08
2019,7,2,11,1,5,0.000148959
2019,7,3,6,1,5,3.55E-05
2019,7,3,7,3,5,2.44E-06
2019,7,3,7,1,5,0.000106302
2019,7,3,9,1,5,5.88E-05
2019,7,3,1,1,5,7.12E-05
2019,7,3,2,16,5,1.68E-06
2019,7,3,2,1,5,2.52E-05
2019,7,3,3,3,5,2.43E-06
2019,7,3,3,1,5,2.79E-05
2019,7,3,4,1,5,2.68E-05
2019,7,3,5,1,5,9.23E-06
2019,7,4,1,16,5,3.91E-05
2019,7,4,1,1,5,0.000356321
2019,7,4,2,16,5,3.23E-05
2019,7,4,2,1,5,0.000181642
2019,7,4,3,1,5,5.59E-06
2019,7,4,4,16,5,2.84E-06
2019,7,4,4,1,5,4.57E-05
2019,7,4,5,16,5,1.67E-07
2019,7,4,5,1,5,1.74E-05
2019,7,4,6,3,5,0.000134283
2019,7,4,6,1,5,2.24E-05
2019,7,4,7,3,5,5.77E-07
2019,7,4,7,1,5,1.60E-05
2019,7,4,9,1,5,4.54E-05
2019,7,4,10,1,5,9.45E-06
2019,7,5,6,1,5,2.07E-05
2019,7,5,9,1,5,2.84E-05
2019,7,5,11,1,5,4.69E-06
2019,7,5,1,3,5,2.72E-05
2019,7,5,1,16,5,1.10E-06
2019,7,5,1,1,5,0.000112546
2019,7,5,2,16,5,2.31E-06
2019,7,5,2,1,5,2.38E-05
2019,7,5,3,1,5,2.13E-06
2019,7,5,4,1,5,1.22E-05
2019,7,5,5,1,5,2.56E-05
2019,7,6,1,1,5,4.15E-07
2019,7,6,2,1,5,1.18E-06
2019,7,6,3,1,5,2.58E-07
2019,7,6,4,1,5,6.24E-06
2019,7,6,5,16,5,1.06E-07
2019,7,6,5,1,5,1.05E-05
2019,7,6,7,1,5,5.10E-05
2019,7,6,8,3,5,6.20E-05
2019,7,6,8,1,5,9.65E-05
2019,7,6,9,1,5,4.47E-05
2019,7,6,11,1,5,0.000156266
2019,7,7,6,1,5,4.36E-05
2019,7,7,7,1,5,2.38E-05
2019,7,7,8,1,5,5.95E-05
2019,7,7,9,16,5,2.32E-05
2019,7,7,9,1,5,0.000130298
2019,7,7,10,3,5,1.51E-06
2019,7,7,10,1,5,1.17E-05
2019,7,7,11,1,5,2.24E-06
2019,7,7,1,3,5,2.26E-05
2019,7,7,1,16,5,2.09E-06
2019,7,7,1,1,5,0.000396194
2019,7,7,2,1,5,8.67E-05
2019,7,7,3,1,5,4.40E-06
2019,7,7,4,1,5,1.03E-05
2019,7,8,6,3,5,5.70E-06
2019,7,8,6,1,5,7.37E-05
2019,7,8,7,3,5,2.76E-05
2019,7,8,7,1,5,5.34E-05
2019,7,8,8,1,5,8.52E-05
2019,7,8,9,16,5,7.67E-06
2019,7,8,9,1,5,0.00012432
2019,7,8,10,1,5,4.60E-05
2019,7,8,11,16,5,1.12E-06
2019,7,8,11,1,5,0.000258619
2019,7,8,1,1,5,8.95E-05
2019,7,8,2,1,5,1.34E-05
2019,7,8,3,1,5,1.98E-05
2019,7,8,4,16,5,5.29E-07
2019,7,8,4,1,5,5.86E-05
2019,7,8,5,1,5,1.10E-06
2019,8,1,2,1,5,6.33E-07
2019,8,1,3,1,5,1.45E-06
2019,8,1,5,1,5,7.89E-06
2019,8,1,8,1,5,9.82E-05
2019,8,1,9,3,5,5.06E-06
2019,8,1,9,1,5,0.000148711
2019,8,1,11,1,5,1.41E-06
2019,8,2,1,1,5,2.07E-05
2019,8,2,2,1,5,6.35E-07
2019,8,2,3,1,5,6.14E-06
2019,8,2,4,1,5,1.97E-05
2019,8,2,5,1,5,5.20E-06
2019,8,2,6,3,5,6.85E-05
2019,8,2,6,1,5,0.000199953
2019,8,2,7,3,5,0.000219893
2019,8,2,7,1,5,0.000317713
2019,8,2,8,3,5,5.12E-07
2019,8,2,8,1,5,0.000275688
2019,8,2,9,3,5,9.56E-06
2019,8,2,9,1,5,5.65E-05
2019,8,2,11,3,5,8.48E-09
2019,8,2,11,1,5,9.37E-05
2019,8,3,6,1,5,2.66E-05
2019,8,3,7,3,5,1.76E-06
2019,8,3,7,1,5,7.91E-05
2019,8,3,9,1,5,5.28E-05
2019,8,3,1,1,5,4.59E-05
2019,8,3,2,16,5,8.24E-07
2019,8,3,2,1,5,2.41E-05
2019,8,3,3,3,5,6.22E-07
2019,8,3,3,1,5,2.16E-05
2019,8,3,4,1,5,1.82E-05
2019,8,3,5,1,5,6.01E-06
2019,8,4,1,16,5,2.28E-05
2019,8,4,1,1,5,0.000157321
2019,8,4,2,16,5,2.29E-05
2019,8,4,2,1,5,8.81E-05
2019,8,4,3,1,5,7.06E-06
2019,8,4,4,16,5,2.89E-06
2019,8,4,4,1,5,2.71E-05
2019,8,4,5,1,5,1.58E-05
2019,8,4,6,3,5,0.000116302
2019,8,4,6,1,5,1.79E-05
2019,8,4,7,3,5,3.59E-07
2019,8,4,7,1,5,9.33E-06
2019,8,4,9,1,5,3.89E-05
2019,8,4,10,1,5,5.11E-06
2019,8,5,6,1,5,2.65E-05
2019,8,5,9,1,5,3.20E-05
2019,8,5,11,1,5,9.29E-06
2019,8,5,1,3,5,1.08E-05
2019,8,5,1,16,5,1.54E-06
2019,8,5,1,1,5,5.85E-05
2019,8,5,2,16,5,2.36E-06
2019,8,5,2,1,5,1.34E-05
2019,8,5,3,1,5,2.62E-06
2019,8,5,4,1,5,6.98E-06
2019,8,5,5,1,5,1.48E-05
2019,8,6,1,1,5,3.11E-07
2019,8,6,2,1,5,2.30E-06
2019,8,6,3,1,5,3.61E-07
2019,8,6,4,1,5,6.13E-06
2019,8,6,5,16,5,2.66E-07
2019,8,6,5,1,5,3.39E-05
2019,8,6,7,1,5,2.35E-05
2019,8,6,8,3,5,3.22E-05
2019,8,6,8,1,5,3.80E-05
2019,8,6,9,1,5,1.22E-05
2019,8,6,11,1,5,0.000107556
2019,8,7,6,1,5,4.51E-05
2019,8,7,7,1,5,5.56E-05
2019,8,7,8,1,5,9.46E-05
2019,8,7,9,16,5,3.01E-05
2019,8,7,9,1,5,0.000183
2019,8,7,10,3,5,8.56E-07
2019,8,7,10,1,5,4.47E-06
2019,8,7,11,1,5,2.66E-06
2019,8,7,1,3,5,1.14E-05
2019,8,7,1,16,5,2.45E-06
2019,8,7,1,1,5,0.000144282
2019,8,7,2,1,5,4.68E-05
2019,8,7,3,1,5,4.93E-06
2019,8,7,4,1,5,5.74E-06
2019,8,8,6,3,5,3.92E-06
2019,8,8,6,1,5,6.30E-05
2019,8,8,7,3,5,1.38E-05
2019,8,8,7,1,5,5.49E-05
2019,8,8,8,1,5,6.21E-05
2019,8,8,9,16,5,1.55E-05
2019,8,8,9,1,5,9.99E-05
2019,8,8,10,1,5,3.00E-05
2019,8,8,11,16,5,1.38E-06
2019,8,8,11,1,5,0.000218455
2019,8,8,1,1,5,3.36E-05
2019,8,8,2,1,5,5.89E-06
2019,8,8,3,1,5,8.45E-06
2019,8,8,4,16,5,9.98E-07
2019,8,8,4,1,5,1.79E-05
2019,8,8,5,1,5,1.77E-06
2019,9,1,2,1,5,1.98E-06
2019,9,1,3,1,5,2.02E-06
2019,9,1,5,1,5,9.76E-06
2019,9,1,8,1,5,0.000152589
2019,9,1,9,3,5,7.37E-06
2019,9,1,9,1,5,0.000274877
2019,9,1,11,1,5,9.56E-07
2019,9,2,1,1,5,2.48E-05
2019,9,2,2,1,5,9.00E-07
2019,9,2,3,1,5,3.03E-05
2019,9,2,4,1,5,4.81E-05
2019,9,2,5,16,5,5.43E-08
2019,9,2,5,1,5,1.84E-05
2019,9,2,6,3,5,6.30E-05
2019,9,2,6,1,5,0.00015181
2019,9,2,7,3,5,0.000295032
2019,9,2,7,1,5,0.000405925
2019,9,2,8,3,5,6.19E-07
2019,9,2,8,1,5,0.000324215
2019,9,2,9,3,5,1.17E-05
2019,9,2,9,1,5,9.37E-05
2019,9,2,11,3,5,1.63E-08
2019,9,2,11,1,5,0.000101831
2019,9,3,6,1,5,3.66E-05
2019,9,3,7,3,5,5.66E-06
2019,9,3,7,1,5,0.000237704
2019,9,3,9,1,5,0.000120818
2019,9,3,1,1,5,7.07E-05
2019,9,3,2,16,5,9.40E-06
2019,9,3,2,1,5,8.28E-05
2019,9,3,3,3,5,6.79E-06
2019,9,3,3,1,5,4.72E-05
2019,9,3,4,1,5,0.000100957
2019,9,3,5,1,5,2.29E-05
2019,9,4,1,16,5,5.26E-05
2019,9,4,1,1,5,0.000284222
2019,9,4,2,16,5,8.05E-05
2019,9,4,2,1,5,0.000293064
2019,9,4,3,1,5,1.66E-05
2019,9,4,4,16,5,2.08E-05
2019,9,4,4,1,5,0.000109324
2019,9,4,5,16,5,5.99E-07
2019,9,4,5,1,5,3.64E-05
2019,9,4,6,3,5,0.000116668
2019,9,4,6,1,5,1.78E-05
2019,9,4,7,3,5,1.65E-06
2019,9,4,7,1,5,4.40E-05
2019,9,4,9,1,5,0.000118608
2019,9,4,10,1,5,2.98E-05
2019,9,5,6,1,5,2.19E-05
2019,9,5,9,1,5,3.83E-05
2019,9,5,11,1,5,7.26E-06
2019,9,5,1,3,5,1.38E-05
2019,9,5,1,16,5,1.09E-05
2019,9,5,1,1,5,8.77E-05
2019,9,5,2,16,5,1.18E-05
2019,9,5,2,1,5,4.69E-05
2019,9,5,3,1,5,6.99E-06
2019,9,5,4,1,5,1.42E-05
2019,9,5,5,1,5,6.65E-05
2019,9,6,1,1,5,4.67E-07
2019,9,6,2,1,5,2.20E-06
2019,9,6,3,1,5,3.10E-07
2019,9,6,4,1,5,9.54E-06
2019,9,6,5,16,5,3.72E-07
2019,9,6,5,1,5,2.27E-05
2019,9,6,7,1,5,2.05E-05
2019,9,6,8,3,5,3.96E-05
2019,9,6,8,1,5,5.05E-05
2019,9,6,9,1,5,2.33E-05
2019,9,6,11,1,5,0.000132359
2019,9,7,6,1,5,3.23E-05
2019,9,7,7,1,5,6.18E-05
2019,9,7,8,1,5,7.93E-05
2019,9,7,9,16,5,4.97E-05
2019,9,7,9,1,5,0.000232277
2019,9,7,10,3,5,4.67E-06
2019,9,7,10,1,5,1.53E-05
2019,9,7,11,1,5,4.56E-06
2019,9,7,1,3,5,1.72E-05
2019,9,7,1,16,5,1.31E-05
2019,9,7,1,1,5,0.000282846
2019,9,7,2,1,5,0.000169203
2019,9,7,3,1,5,1.34E-05
2019,9,7,4,1,5,1.26E-05
2019,9,8,6,3,5,2.25E-06
2019,9,8,6,1,5,5.28E-05
2019,9,8,7,3,5,2.28E-05
2019,9,8,7,1,5,6.58E-05
2019,9,8,8,1,5,6.08E-05
2019,9,8,9,16,5,3.44E-05
2019,9,8,9,1,5,0.000193133
2019,9,8,10,1,5,9.33E-05
2019,9,8,11,16,5,4.74E-06
2019,9,8,11,1,5,0.000485264
2019,9,8,1,1,5,6.51E-05
2019,9,8,2,1,5,2.46E-05
2019,9,8,3,1,5,5.29E-05
2019,9,8,4,16,5,3.59E-06
2019,9,8,4,1,5,4.88E-05
2019,9,8,5,1,5,3.80E-06
2020,1,1,2,1,1,0.000191705
2020,1,1,3,1,1,0.000125645
2020,1,1,5,6,1,3.17E-06
2020,1,1,5,1,1,0.000385428
2020,1,1,8,2,1,1.72E-05
2020,1,1,8,2,4,7.08E-06
2020,1,1,8,1,2,4.05E-06
2020,1,1,8,1,3,2.93E-05
2020,1,1,8,1,1,0.002415133
2020,1,1,9,1,2,5.22E-06
2020,1,1,9,1,3,5.16E-06
2020,1,1,9,1,1,0.010235985
2020,1,1,11,2,1,4.46E-05
2020,1,1,11,2,4,3.03E-06
2020,1,1,11,1,1,0.000410601
2020,1,2,1,1,2,3.25E-05
2020,1,2,1,1,1,0.001410419
2020,1,2,3,4,1,1.27E-05
2020,1,2,3,1,2,1.04E-06
2020,1,2,3,1,1,0.001543182
2020,1,2,4,7,1,5.05E-06
2020,1,2,4,6,1,1.53E-05
2020,1,2,4,6,4,2.03E-06
2020,1,2,4,1,2,2.05E-05
2020,1,2,4,1,1,0.002479807
2020,1,2,5,5,1,1.04E-06
2020,1,2,5,1,1,0.000511172
2020,1,2,6,2,1,4.58E-05
2020,1,2,6,2,4,7.12E-06
2020,1,2,6,1,2,0.00019548
2020,1,2,6,1,3,4.77E-05
2020,1,2,6,1,1,0.014645219
2020,1,2,7,3,2,1.13E-05
2020,1,2,7,3,3,0.000117029
2020,1,2,7,3,1,0.00356191
2020,1,2,7,2,1,2.02E-06
2020,1,2,7,1,2,4.58E-05
2020,1,2,7,1,3,6.27E-05
2020,1,2,7,1,1,0.008354482
2020,1,2,8,3,2,9.44E-08
2020,1,2,8,3,3,5.36E-07
2020,1,2,8,3,1,8.12E-05
2020,1,2,8,2,3,1.01E-06
2020,1,2,8,2,1,0.000819496
2020,1,2,8,2,4,9.23E-05
2020,1,2,8,1,2,9.97E-06
2020,1,2,8,1,3,0.000157475
2020,1,2,8,1,1,0.01551341
2020,1,2,9,1,2,5.08E-06
2020,1,2,9,1,3,2.03E-06
2020,1,2,9,1,1,0.007738275
2020,1,2,11,3,1,2.18E-06
2020,1,2,11,2,2,1.02E-06
2020,1,2,11,2,1,0.000609989
2020,1,2,11,2,4,0.000145298
2020,1,2,11,1,2,3.88E-06
2020,1,2,11,1,3,6.40E-05
2020,1,2,11,1,1,0.005345696
2020,1,3,7,3,3,2.27E-06
2020,1,3,7,3,1,3.31E-05
2020,1,3,7,1,3,2.08E-05
2020,1,3,7,1,1,0.000685696
2020,1,3,9,1,3,9.21E-06
2020,1,3,9,1,1,0.000164691
2020,1,3,1,1,2,0.000155696
2020,1,3,1,1,3,6.94E-07
2020,1,3,1,1,1,0.003482499
2020,1,3,2,16,2,1.08E-06
2020,1,3,2,16,1,0.001963444
2020,1,3,2,1,2,0.000339533
2020,1,3,2,1,3,8.76E-06
2020,1,3,2,1,1,0.019834685
2020,1,3,3,1,2,6.18E-06
2020,1,3,3,1,1,0.004606042
2020,1,3,4,5,2,1.04E-06
2020,1,3,4,5,1,3.54E-05
2020,1,3,4,1,2,3.09E-06
2020,1,3,4,1,1,0.006469273
2020,1,3,5,1,1,0.000215641
2020,1,4,1,4,3,1.02E-05
2020,1,4,1,4,1,0.000246996
2020,1,4,1,4,4,1.63E-05
2020,1,4,1,7,3,5.14E-06
2020,1,4,1,7,1,0.001692704
2020,1,4,1,7,4,6.53E-05
2020,1,4,1,16,2,1.02E-06
2020,1,4,1,16,3,2.70E-05
2020,1,4,1,16,1,0.000434953
2020,1,4,1,5,3,7.51E-06
2020,1,4,1,5,1,0.000535994
2020,1,4,1,5,4,1.37E-05
2020,1,4,1,1,2,0.002740528
2020,1,4,1,1,3,0.000154446
2020,1,4,1,1,1,0.025391205
2020,1,4,2,16,2,2.07E-06
2020,1,4,2,16,3,1.33E-05
2020,1,4,2,16,1,0.003408049
2020,1,4,2,5,3,7.23E-06
2020,1,4,2,5,1,0.002001707
2020,1,4,2,5,4,4.55E-05
2020,1,4,2,6,1,1.42E-05
2020,1,4,2,1,2,0.000386097
2020,1,4,2,1,1,0.02199002
2020,1,4,3,5,1,8.20E-06
2020,1,4,3,1,2,1.15E-05
2020,1,4,3,1,1,0.002684653
2020,1,4,4,15,3,1.02E-06
2020,1,4,4,15,1,0.00256387
2020,1,4,4,15,4,9.39E-05
2020,1,4,4,16,1,0.000312005
2020,1,4,4,5,1,6.44E-06
2020,1,4,4,1,2,1.02E-06
2020,1,4,4,1,1,0.003976168
2020,1,4,5,1,1,0.000811559
2020,1,4,6,5,3,7.24E-06
2020,1,4,6,5,1,0.000221415
2020,1,4,6,5,4,1.55E-05
2020,1,4,6,1,2,0.000121965
2020,1,4,6,1,3,5.81E-05
2020,1,4,6,1,1,0.001719289
2020,1,4,7,3,2,1.17E-06
2020,1,4,7,3,3,6.12E-05
2020,1,4,7,3,1,3.08E-05
2020,1,4,9,1,2,3.59E-05
2020,1,4,9,1,3,6.18E-05
2020,1,4,9,1,1,0.004738236
2020,1,4,10,1,1,0.000397624
2020,1,5,6,2,1,7.66E-05
2020,1,5,6,2,4,4.09E-06
2020,1,5,6,1,2,0.000182247
2020,1,5,6,1,1,0.010074125
2020,1,5,9,1,2,2.08E-05
2020,1,5,9,1,3,1.02E-06
2020,1,5,9,1,1,0.003147284
2020,1,5,11,2,1,2.76E-05
2020,1,5,1,3,2,1.69E-06
2020,1,5,1,3,3,6.76E-06
2020,1,5,1,3,1,0.00019932
2020,1,5,1,16,2,4.04E-05
2020,1,5,1,16,1,0.000730987
2020,1,5,1,1,2,0.000219272
2020,1,5,1,1,3,1.99E-05
2020,1,5,1,1,1,0.004514921
2020,1,5,2,16,1,0.00062302
2020,1,5,2,1,2,0.000249193
2020,1,5,2,1,3,2.04E-06
2020,1,5,2,1,1,0.012263146
2020,1,5,3,1,2,2.59E-05
2020,1,5,3,1,1,0.000881895
2020,1,5,4,1,1,0.000319335
2020,1,5,5,7,1,0.000189097
2020,1,5,5,7,4,1.65E-05
2020,1,5,5,15,1,0.000581816
2020,1,5,5,15,4,6.39E-05
2020,1,5,5,5,1,3.53E-05
2020,1,5,5,5,4,7.23E-06
2020,1,5,5,1,2,4.13E-06
2020,1,5,5,1,1,0.000763268
2020,1,6,1,1,1,2.82E-05
2020,1,6,2,1,2,1.02E-06
2020,1,6,2,1,1,0.000382995
2020,1,6,3,1,1,7.03E-05
2020,1,6,4,1,1,0.000845433
2020,1,6,5,16,1,1.07E-06
2020,1,6,5,1,1,0.000397989
2020,1,6,7,1,2,9.82E-06
2020,1,6,7,1,3,1.67E-05
2020,1,6,7,1,1,0.000909423
2020,1,6,8,3,2,4.74E-05
2020,1,6,8,3,3,6.35E-05
2020,1,6,8,3,1,0.001117294
2020,1,6,8,1,2,5.58E-05
2020,1,6,8,1,3,6.95E-05
2020,1,6,8,1,1,0.001284326
2020,1,6,9,1,2,0.000163637
2020,1,6,9,1,1,0.001148247
2020,1,6,11,1,2,3.20E-05
2020,1,6,11,1,3,4.47E-06
2020,1,6,11,1,1,0.002503509
2020,1,7,6,1,2,7.05E-05
2020,1,7,6,1,3,1.01E-06
2020,1,7,6,1,1,0.012646606
2020,1,7,7,16,3,3.03E-05
2020,1,7,7,16,1,0.000910212
2020,1,7,7,1,2,0.000261157
2020,1,7,7,1,3,9.47E-05
2020,1,7,7,1,1,0.008609772
2020,1,7,8,1,2,0.000216647
2020,1,7,8,1,3,0.000149622
2020,1,7,8,1,1,0.01945778
2020,1,7,9,16,3,1.53E-05
2020,1,7,9,16,1,0.008786965
2020,1,7,9,5,2,5.03E-06
2020,1,7,9,5,3,2.82E-05
2020,1,7,9,5,1,0.000513945
2020,1,7,9,5,4,1.41E-05
2020,1,7,9,1,2,0.001020167
2020,1,7,9,1,3,4.76E-05
2020,1,7,9,1,1,0.10148669
2020,1,7,10,1,2,1.02E-06
2020,1,7,10,1,1,0.003599975
2020,1,7,11,1,1,0.001609128
2020,1,7,1,15,3,2.24E-05
2020,1,7,1,15,1,0.001087838
2020,1,7,1,15,4,5.81E-05
2020,1,7,1,16,3,2.07E-06
2020,1,7,1,16,1,0.000361118
2020,1,7,1,5,1,0.000129519
2020,1,7,1,5,4,2.04E-06
2020,1,7,1,1,2,0.000290112
2020,1,7,1,1,3,3.39E-05
2020,1,7,1,1,1,0.023956995
2020,1,7,2,1,2,5.78E-05
2020,1,7,2,1,1,0.012109504
2020,1,7,3,1,1,5.51E-05
2020,1,7,4,7,2,9.15E-06
2020,1,7,4,7,1,0.000312263
2020,1,7,4,7,4,1.22E-05
2020,1,7,4,15,3,1.43E-05
2020,1,7,4,15,1,0.000781126
2020,1,7,4,15,4,2.55E-05
2020,1,7,4,5,1,9.55E-05
2020,1,7,4,5,4,2.25E-06
2020,1,7,4,1,1,0.000424888
2020,1,8,6,1,2,9.22E-05
2020,1,8,6,1,3,3.39E-05
2020,1,8,6,1,1,0.016149357
2020,1,8,7,3,3,5.27E-05
2020,1,8,7,3,1,6.11E-07
2020,1,8,7,1,2,7.04E-06
2020,1,8,7,1,3,8.70E-05
2020,1,8,7,1,1,0.008024204
2020,1,8,8,1,2,4.69E-05
2020,1,8,8,1,3,3.23E-05
2020,1,8,8,1,1,0.007929149
2020,1,8,9,16,3,8.08E-06
2020,1,8,9,16,1,0.001532697
2020,1,8,9,1,2,0.000267184
2020,1,8,9,1,3,7.18E-06
2020,1,8,9,1,1,0.041806734
2020,1,8,10,1,2,5.96E-05
2020,1,8,10,1,1,0.018396831
2020,1,8,11,7,1,9.92E-05
2020,1,8,11,7,4,1.14E-05
2020,1,8,11,15,1,0.000165815
2020,1,8,11,15,4,2.19E-05
2020,1,8,11,16,3,3.65E-05
2020,1,8,11,16,1,0.000655113
2020,1,8,11,5,1,0.000647895
2020,1,8,11,5,4,4.30E-05
2020,1,8,11,2,1,7.02E-05
2020,1,8,11,2,4,1.63E-05
2020,1,8,11,1,2,0.000208636
2020,1,8,11,1,3,2.46E-05
2020,1,8,11,1,1,0.034699466
2020,1,8,1,1,2,0.000198421
2020,1,8,1,1,3,1.90E-06
2020,1,8,1,1,1,0.008446785
2020,1,8,2,1,1,2.79E-05
2020,1,8,3,1,2,3.58E-05
2020,1,8,3,1,1,7.21E-05
2020,1,8,4,15,1,0.0018088
2020,1,8,4,15,4,7.95E-05
2020,1,8,4,14,1,1.04E-06
2020,1,8,4,16,1,0.000108822
2020,1,8,4,5,1,1.31E-05
2020,1,8,4,5,4,2.02E-06
2020,1,8,4,1,1,0.000939856
2020,1,8,5,15,1,0.000430488
2020,1,8,5,15,4,5.82E-05
2020,1,8,5,1,1,6.20E-05
2020,2,1,2,1,1,0.000457473
2020,2,1,3,1,1,0.000321215
2020,2,1,5,6,1,3.17E-06
2020,2,1,5,1,2,1.03E-06
2020,2,1,5,1,1,0.00133861
2020,2,1,8,2,1,4.95E-05
2020,2,1,8,2,4,1.82E-05
2020,2,1,8,1,2,8.07E-06
2020,2,1,8,1,3,5.04E-05
2020,2,1,8,1,1,0.005991766
2020,2,1,9,1,2,0.000306718
2020,2,1,9,1,3,1.03E-06
2020,2,1,9,1,1,0.014882327
2020,2,1,11,2,1,7.61E-05
2020,2,1,11,2,4,1.01E-05
2020,2,1,11,1,3,1.00E-06
2020,2,1,11,1,1,0.000980012
2020,2,2,1,1,2,0.000322452
2020,2,2,1,1,3,3.14E-06
2020,2,2,1,1,1,0.004911247
2020,2,2,3,4,1,2.22E-05
2020,2,2,3,4,4,1.48E-05
2020,2,2,3,1,2,3.40E-05
2020,2,2,3,1,1,0.004899119
2020,2,2,4,7,1,1.72E-05
2020,2,2,4,7,4,1.01E-06
2020,2,2,4,6,1,8.06E-05
2020,2,2,4,6,4,3.06E-06
2020,2,2,4,1,2,9.12E-05
2020,2,2,4,1,1,0.007622905
2020,2,2,5,16,1,2.91E-06
2020,2,2,5,5,1,1.87E-05
2020,2,2,5,5,4,6.24E-06
2020,2,2,5,6,1,3.79E-06
2020,2,2,5,6,4,2.53E-06
2020,2,2,5,1,2,5.18E-07
2020,2,2,5,1,1,0.002103789
2020,2,2,6,2,1,0.000169925
2020,2,2,6,2,4,1.73E-05
2020,2,2,6,1,2,0.000806645
2020,2,2,6,1,3,9.33E-05
2020,2,2,6,1,1,0.04040277
2020,2,2,7,3,2,1.82E-05
2020,2,2,7,3,3,0.000365265
2020,2,2,7,3,1,0.007450981
2020,2,2,7,2,1,9.78E-07
2020,2,2,7,1,2,6.51E-05
2020,2,2,7,1,3,8.70E-05
2020,2,2,7,1,1,0.017767893
2020,2,2,8,3,2,2.90E-06
2020,2,2,8,3,3,2.18E-06
2020,2,2,8,3,1,0.000190231
2020,2,2,8,2,2,1.01E-06
2020,2,2,8,2,3,2.00E-06
2020,2,2,8,2,1,0.001812491
2020,2,2,8,2,4,0.000208699
2020,2,2,8,1,2,0.000463583
2020,2,2,8,1,3,0.000180004
2020,2,2,8,1,1,0.032570424
2020,2,2,9,1,2,1.42E-05
2020,2,2,9,1,1,0.014454252
2020,2,2,11,3,1,4.42E-06
2020,2,2,11,2,1,0.001220287
2020,2,2,11,2,4,0.000226196
2020,2,2,11,1,2,3.88E-05
2020,2,2,11,1,3,4.84E-05
2020,2,2,11,1,1,0.014467141
2020,2,3,7,3,2,1.82E-06
2020,2,3,7,3,3,8.44E-06
2020,2,3,7,3,1,6.18E-05
2020,2,3,7,1,2,0.000117099
2020,2,3,7,1,3,0.000255356
2020,2,3,7,1,1,0.000901205
2020,2,3,9,1,2,1.02E-06
2020,2,3,9,1,3,2.05E-06
2020,2,3,9,1,1,0.000280281
2020,2,3,1,1,2,0.000159169
2020,2,3,1,1,3,1.01E-05
2020,2,3,1,1,1,0.011165697
2020,2,3,2,16,2,2.10E-06
2020,2,3,2,16,3,2.15E-06
2020,2,3,2,16,1,0.00421423
2020,2,3,2,1,2,0.001637279
2020,2,3,2,1,3,8.06E-05
2020,2,3,2,1,1,0.05156572
2020,2,3,3,1,2,5.88E-05
2020,2,3,3,1,1,0.014806573
2020,2,3,4,5,1,0.000160794
2020,2,3,4,5,4,1.56E-05
2020,2,3,4,1,2,2.99E-05
2020,2,3,4,1,3,1.03E-06
2020,2,3,4,1,1,0.023135706
2020,2,3,5,1,2,1.00E-06
2020,2,3,5,1,1,0.001045725
2020,2,4,1,4,3,7.14E-06
2020,2,4,1,4,1,0.000241893
2020,2,4,1,4,4,1.53E-05
2020,2,4,1,7,3,8.22E-06
2020,2,4,1,7,1,0.004896494
2020,2,4,1,7,4,0.000127693
2020,2,4,1,16,2,3.07E-06
2020,2,4,1,16,3,0.000108808
2020,2,4,1,16,1,0.00230338
2020,2,4,1,5,2,2.05E-06
2020,2,4,1,5,3,2.89E-05
2020,2,4,1,5,1,0.002084417
2020,2,4,1,5,4,0.000102637
2020,2,4,1,1,2,0.003519299
2020,2,4,1,1,3,0.000576933
2020,2,4,1,1,1,0.100785757
2020,2,4,2,16,2,4.36E-05
2020,2,4,2,16,3,7.21E-05
2020,2,4,2,16,1,0.00648227
2020,2,4,2,5,3,0.000105407
2020,2,4,2,5,1,0.003393705
2020,2,4,2,5,4,0.000219082
2020,2,4,2,6,1,2.54E-05
2020,2,4,2,6,4,2.03E-06
2020,2,4,2,1,2,0.000981178
2020,2,4,2,1,3,5.84E-05
2020,2,4,2,1,1,0.068008642
2020,2,4,3,5,1,3.07E-06
2020,2,4,3,1,2,0.000138724
2020,2,4,3,1,1,0.00750954
2020,2,4,4,15,1,0.006687925
2020,2,4,4,15,4,0.000212405
2020,2,4,4,16,1,0.000708182
2020,2,4,4,5,1,1.29E-05
2020,2,4,4,5,4,2.15E-06
2020,2,4,4,1,2,1.94E-05
2020,2,4,4,1,3,4.01E-06
2020,2,4,4,1,1,0.016711132
2020,2,4,5,16,1,0.00000348
2020,2,4,5,1,3,1.02E-06
2020,2,4,5,1,1,0.002696913
2020,2,4,6,5,3,3.31E-05
2020,2,4,6,5,1,0.000531809
2020,2,4,6,5,4,6.83E-05
2020,2,4,6,1,2,0.000312078
2020,2,4,6,1,3,0.00018386
2020,2,4,6,1,1,0.008964262
2020,2,4,7,3,2,3.51E-06
2020,2,4,7,3,3,7.67E-05
2020,2,4,7,3,1,9.78E-05
2020,2,4,9,1,2,0.000172747
2020,2,4,9,1,3,0.000114002
2020,2,4,9,1,1,0.020572457
2020,2,4,10,1,2,0.000167944
2020,2,4,10,1,1,0.001333846
2020,2,5,6,2,1,0.000130789
2020,2,5,6,2,4,8.17E-06
2020,2,5,6,1,2,0.00071977
2020,2,5,6,1,3,1.65E-05
2020,2,5,6,1,1,0.021646023
2020,2,5,9,1,2,0.000339139
2020,2,5,9,1,3,1.06E-06
2020,2,5,9,1,1,0.006738532
2020,2,5,11,2,1,5.93E-05
2020,2,5,11,2,4,6.13E-06
2020,2,5,1,3,2,6.76E-05
2020,2,5,1,3,3,2.79E-05
2020,2,5,1,3,1,0.000727179
2020,2,5,1,16,2,0.000282382
2020,2,5,1,16,1,0.001608386
2020,2,5,1,1,2,0.000816574
2020,2,5,1,1,3,0.000166891
2020,2,5,1,1,1,0.017440845
2020,2,5,2,16,1,0.00171713
2020,2,5,2,1,2,0.000445139
2020,2,5,2,1,3,9.19E-06
2020,2,5,2,1,1,0.040273257
2020,2,5,3,1,2,0.000128606
2020,2,5,3,1,1,0.002914883
2020,2,5,4,1,2,1.02E-06
2020,2,5,4,1,1,0.002089095
2020,2,5,5,7,1,0.000474852
2020,2,5,5,7,4,4.55E-05
2020,2,5,5,15,1,0.001362573
2020,2,5,5,15,4,0.000112521
2020,2,5,5,5,1,0.000115296
2020,2,5,5,5,4,4.80E-05
2020,2,5,5,1,2,8.27E-06
2020,2,5,5,1,3,4.02E-06
2020,2,5,5,1,1,0.004580678
2020,2,6,1,1,1,0.000126191
2020,2,6,2,1,1,0.000683484
2020,2,6,3,1,2,1.02E-06
2020,2,6,3,1,1,0.000151815
2020,2,6,4,1,2,1.04E-06
2020,2,6,4,1,1,0.002743899
2020,2,6,5,16,1,1.49E-05
2020,2,6,5,1,1,0.00158357
2020,2,6,7,1,2,0.000152333
2020,2,6,7,1,3,7.94E-05
2020,2,6,7,1,1,0.003019382
2020,2,6,8,3,2,0.000247764
2020,2,6,8,3,3,0.000296995
2020,2,6,8,3,1,0.002997406
2020,2,6,8,1,2,0.000278644
2020,2,6,8,1,3,0.000328549
2020,2,6,8,1,1,0.003407799
2020,2,6,9,1,2,6.75E-05
2020,2,6,9,1,1,0.004635144
2020,2,6,11,1,2,0.000184431
2020,2,6,11,1,3,4.84E-06
2020,2,6,11,1,1,0.008948721
2020,2,7,6,1,2,0.000299665
2020,2,7,6,1,3,0.000121427
2020,2,7,6,1,1,0.046895132
2020,2,7,7,16,3,3.83E-05
2020,2,7,7,16,1,0.002131227
2020,2,7,7,1,2,0.00090506
2020,2,7,7,1,3,0.00038877
2020,2,7,7,1,1,0.033801137
2020,2,7,8,1,2,0.001391088
2020,2,7,8,1,3,0.000183215
2020,2,7,8,1,1,0.072181922
2020,2,7,9,16,3,7.76E-05
2020,2,7,9,16,1,0.015662305
2020,2,7,9,5,3,7.04E-06
2020,2,7,9,5,1,0.000522997
2020,2,7,9,5,4,2.41E-05
2020,2,7,9,1,2,0.002806122
2020,2,7,9,1,3,4.68E-05
2020,2,7,9,1,1,0.258386963
2020,2,7,10,1,2,1.14E-05
2020,2,7,10,1,1,0.009633544
2020,2,7,11,1,2,1.05E-05
2020,2,7,11,1,1,0.004766674
2020,2,7,1,15,2,1.02E-06
2020,2,7,1,15,3,6.83E-05
2020,2,7,1,15,1,0.001290663
2020,2,7,1,15,4,7.85E-05
2020,2,7,1,16,2,5.08E-05
2020,2,7,1,16,3,2.07E-05
2020,2,7,1,16,1,0.001096137
2020,2,7,1,5,1,0.000197848
2020,2,7,1,5,4,5.10E-06
2020,2,7,1,6,2,1.23E-05
2020,2,7,1,6,1,2.46E-06
2020,2,7,1,6,4,0.000039375
2020,2,7,1,1,2,0.001048973
2020,2,7,1,1,3,5.25E-05
2020,2,7,1,1,1,0.103334481
2020,2,7,2,1,2,0.000202729
2020,2,7,2,1,3,1.02E-06
2020,2,7,2,1,1,0.027315277
2020,2,7,3,1,1,0.000163132
2020,2,7,4,7,3,1.02E-06
2020,2,7,4,7,1,0.000414994
2020,2,7,4,7,4,1.02E-05
2020,2,7,4,15,3,2.65E-05
2020,2,7,4,15,1,0.001157843
2020,2,7,4,15,4,4.70E-05
2020,2,7,4,5,3,1.35E-05
2020,2,7,4,5,1,0.000222571
2020,2,7,4,5,4,2.47E-05
2020,2,7,4,1,1,0.002000524
2020,2,8,6,1,2,0.00039878
2020,2,8,6,1,3,0.000235128
2020,2,8,6,1,1,0.050594265
2020,2,8,7,3,3,0.000164252
2020,2,8,7,3,1,2.06E-06
2020,2,8,7,1,2,0.00026362
2020,2,8,7,1,3,0.000215798
2020,2,8,7,1,1,0.036573203
2020,2,8,8,1,2,0.000341721
2020,2,8,8,1,3,8.70E-05
2020,2,8,8,1,1,0.038471892
2020,2,8,9,16,2,3.04E-06
2020,2,8,9,16,1,0.002769539
2020,2,8,9,1,2,0.000953212
2020,2,8,9,1,3,1.23E-05
2020,2,8,9,1,1,0.130444336
2020,2,8,10,1,2,7.49E-05
2020,2,8,10,1,1,0.051515196
2020,2,8,11,7,1,0.000203682
2020,2,8,11,7,4,1.35E-05
2020,2,8,11,15,1,0.000529573
2020,2,8,11,15,4,6.87E-05
2020,2,8,11,16,3,4.34E-05
2020,2,8,11,16,1,0.001454148
2020,2,8,11,5,1,0.001173888
2020,2,8,11,5,4,0.000143401
2020,2,8,11,2,1,0.000116793
2020,2,8,11,2,4,2.55E-05
2020,2,8,11,1,2,0.001166178
2020,2,8,11,1,3,0.000218631
2020,2,8,11,1,1,0.12140834
2020,2,8,1,1,2,0.000793487
2020,2,8,1,1,3,9.13E-06
2020,2,8,1,1,1,0.029590942
2020,2,8,2,1,1,0.000328323
2020,2,8,3,1,2,3.37E-05
2020,2,8,3,1,1,0.000238203
2020,2,8,4,15,2,9.47E-07
2020,2,8,4,15,1,0.005182071
2020,2,8,4,15,4,0.000182774
2020,2,8,4,16,1,0.000231896
2020,2,8,4,5,1,1.61E-05
2020,2,8,4,5,4,2.02E-06
2020,2,8,4,1,1,0.003031337
2020,2,8,5,15,1,0.001395503
2020,2,8,5,15,4,0.000182516
2020,2,8,5,1,1,0.000121278
2020,3,1,2,1,1,0.000426638
2020,3,1,3,1,1,0.000168355
2020,3,1,5,1,1,0.000710491
2020,3,1,8,2,1,0.000110145
2020,3,1,8,2,4,1.72E-05
2020,3,1,8,1,2,0.000216493
2020,3,1,8,1,3,7.69E-05
2020,3,1,8,1,1,0.010156347
2020,3,1,9,1,2,0.000256211
2020,3,1,9,1,1,0.012944502
2020,3,1,11,2,1,0.000114634
2020,3,1,11,2,4,8.12E-06
2020,3,1,11,1,2,1.01E-06
2020,3,1,11,1,1,0.002067341
2020,3,2,1,1,2,0.000933135
2020,3,2,1,1,3,2.10E-06
2020,3,2,1,1,1,0.008511358
2020,3,2,3,4,1,1.16E-05
2020,3,2,3,1,2,4.19E-06
2020,3,2,3,1,1,0.001957152
2020,3,2,4,7,1,7.06E-06
2020,3,2,4,6,1,2.55E-05
2020,3,2,4,1,2,6.68E-05
2020,3,2,4,1,3,1.05E-06
2020,3,2,4,1,1,0.006742297
2020,3,2,5,5,1,1.04E-06
2020,3,2,5,5,4,3.12E-06
2020,3,2,5,6,1,8.85E-06
2020,3,2,5,6,4,1.14E-05
2020,3,2,5,1,1,0.001280783
2020,3,2,6,2,1,0.00044468
2020,3,2,6,2,4,6.51E-05
2020,3,2,6,1,2,0.001280394
2020,3,2,6,1,3,0.00029552
2020,3,2,6,1,1,0.065061799
2020,3,2,7,3,2,0.000799268
2020,3,2,7,3,3,0.000790557
2020,3,2,7,3,1,0.01253641
2020,3,2,7,2,1,5.06E-06
2020,3,2,7,2,4,6.04E-06
2020,3,2,7,1,2,0.000186713
2020,3,2,7,1,3,0.000181674
2020,3,2,7,1,1,0.038185214
2020,3,2,8,3,2,1.12E-05
2020,3,2,8,3,3,2.30E-06
2020,3,2,8,3,1,0.000369182
2020,3,2,8,2,1,0.003750947
2020,3,2,8,2,4,0.000572416
2020,3,2,8,1,2,0.000923214
2020,3,2,8,1,3,0.000429713
2020,3,2,8,1,1,0.062004078
2020,3,2,9,1,2,1.22E-05
2020,3,2,9,1,1,0.01291883
2020,3,2,11,3,2,1.98E-09
2020,3,2,11,3,1,8.45E-06
2020,3,2,11,2,2,1.02E-06
2020,3,2,11,2,1,0.002550317
2020,3,2,11,2,4,0.000443249
2020,3,2,11,1,2,0.000434059
2020,3,2,11,1,3,0.000151266
2020,3,2,11,1,1,0.026207811
2020,3,3,7,3,2,7.52E-06
2020,3,3,7,3,3,1.84E-05
2020,3,3,7,3,1,8.21E-05
2020,3,3,7,1,2,0.00013404
2020,3,3,7,1,3,0.000457838
2020,3,3,7,1,1,0.001360112
2020,3,3,9,1,2,0.000147301
2020,3,3,9,1,3,3.07E-06
2020,3,3,9,1,1,0.000249593
2020,3,3,1,1,2,0.001335092
2020,3,3,1,1,3,8.04E-06
2020,3,3,1,1,1,0.014215162
2020,3,3,2,16,2,8.61E-06
2020,3,3,2,16,3,8.61E-06
2020,3,3,2,16,1,0.003083636
2020,3,3,2,1,2,0.003261779
2020,3,3,2,1,3,4.26E-06
2020,3,3,2,1,1,0.033974718
2020,3,3,3,1,2,0.000330162
2020,3,3,3,1,1,0.009659078
2020,3,3,4,5,1,8.36E-05
2020,3,3,4,5,4,1.67E-05
2020,3,3,4,1,2,0.000281834
2020,3,3,4,1,1,0.007472802
2020,3,3,5,1,1,0.000476782
2020,3,4,1,4,3,3.57E-05
2020,3,4,1,4,1,0.000107168
2020,3,4,1,4,4,3.06E-05
2020,3,4,1,7,2,1.03E-06
2020,3,4,1,7,3,3.06E-06
2020,3,4,1,7,1,0.002216975
2020,3,4,1,7,4,0.000224729
2020,3,4,1,16,2,1.89E-05
2020,3,4,1,16,3,0.000259396
2020,3,4,1,16,1,0.003737755
2020,3,4,1,5,2,1.02E-06
2020,3,4,1,5,3,1.30E-05
2020,3,4,1,5,1,0.000177065
2020,3,4,1,5,4,3.41E-05
2020,3,4,1,1,2,0.009798774
2020,3,4,1,1,3,0.001635868
2020,3,4,1,1,1,0.115501931
2020,3,4,2,16,2,0.000138271
2020,3,4,2,16,3,6.13E-06
2020,3,4,2,16,1,0.008094552
2020,3,4,2,5,1,0.000739919
2020,3,4,2,5,4,6.51E-05
2020,3,4,2,6,1,3.96E-05
2020,3,4,2,6,4,5.08E-06
2020,3,4,2,1,2,0.002060278
2020,3,4,2,1,3,9.27E-06
2020,3,4,2,1,1,0.053447708
2020,3,4,3,5,1,7.17E-06
2020,3,4,3,1,2,0.000582926
2020,3,4,3,1,1,0.004869104
2020,3,4,4,15,2,2.04E-06
2020,3,4,4,15,3,2.04E-06
2020,3,4,4,15,1,0.004118128
2020,3,4,4,15,4,0.000490732
2020,3,4,4,16,2,2.05E-06
2020,3,4,4,16,1,0.000963669
2020,3,4,4,5,1,7.51E-06
2020,3,4,4,5,4,1.07E-06
2020,3,4,4,1,2,0.00010053
2020,3,4,4,1,1,0.009127045
2020,3,4,5,16,1,0.00000116
2020,3,4,5,1,2,9.34E-06
2020,3,4,5,1,1,0.001525693
2020,3,4,6,5,2,1.03E-06
2020,3,4,6,5,3,4.14E-06
2020,3,4,6,5,1,0.001032579
2020,3,4,6,5,4,0.000113811
2020,3,4,6,1,2,0.004322594
2020,3,4,6,1,3,0.000402844
2020,3,4,6,1,1,0.024208994
2020,3,4,7,3,2,2.93E-05
2020,3,4,7,3,3,0.000193675
2020,3,4,7,3,1,0.000130879
2020,3,4,9,1,2,0.000222654
2020,3,4,9,1,3,1.75E-05
2020,3,4,9,1,1,0.019303188
2020,3,4,10,1,2,3.39E-06
2020,3,4,10,1,1,0.000600541
2020,3,5,6,2,1,0.0002861
2020,3,5,6,2,4,2.15E-05
2020,3,5,6,1,2,0.000811137
2020,3,5,6,1,3,3.09E-06
2020,3,5,6,1,1,0.024832976
2020,3,5,9,1,2,0.000593492
2020,3,5,9,1,3,1.02E-06
2020,3,5,9,1,1,0.006643979
2020,3,5,11,2,1,0.000124658
2020,3,5,11,2,4,2.15E-05
2020,3,5,1,3,2,0.000195941
2020,3,5,1,3,3,4.05E-05
2020,3,5,1,3,1,0.00216549
2020,3,5,1,16,3,2.76E-06
2020,3,5,1,16,1,0.000837129
2020,3,5,1,1,2,0.002028303
2020,3,5,1,1,3,0.000701811
2020,3,5,1,1,1,0.019979088
2020,3,5,2,16,3,2.04E-06
2020,3,5,2,16,1,0.001827254
2020,3,5,2,1,2,7.70E-05
2020,3,5,2,1,3,5.11E-06
2020,3,5,2,1,1,0.023596761
2020,3,5,3,1,1,0.001238539
2020,3,5,4,1,3,1.04E-06
2020,3,5,4,1,1,0.003209437
2020,3,5,5,7,1,0.000348209
2020,3,5,5,7,4,0.000115935
2020,3,5,5,15,1,0.000912446
2020,3,5,5,15,4,0.00020894
2020,3,5,5,5,1,5.88E-05
2020,3,5,5,5,4,1.53E-05
2020,3,5,5,1,2,2.03E-06
2020,3,5,5,1,3,1.00E-06
2020,3,5,5,1,1,0.002412194
2020,3,6,1,1,1,0.000159564
2020,3,6,2,1,2,9.17E-06
2020,3,6,2,1,1,0.000577549
2020,3,6,3,1,1,0.000185438
2020,3,6,4,1,2,1.03E-06
2020,3,6,4,1,1,0.002952632
2020,3,6,5,16,1,8.53E-06
2020,3,6,5,1,1,0.001160239
2020,3,6,7,1,2,0.000199367
2020,3,6,7,1,3,7.31E-05
2020,3,6,7,1,1,0.006167118
2020,3,6,8,3,2,0.0003568
2020,3,6,8,3,3,0.000327948
2020,3,6,8,3,1,0.00473195
2020,3,6,8,1,2,0.000405482
2020,3,6,8,1,3,0.000378428
2020,3,6,8,1,1,0.005294977
2020,3,6,9,1,2,0.000931009
2020,3,6,9,1,1,0.002945334
2020,3,6,11,1,2,0.000633316
2020,3,6,11,1,3,1.64E-06
2020,3,6,11,1,1,0.011501334
2020,3,7,6,1,2,0.001771856
2020,3,7,6,1,3,0.000169497
2020,3,7,6,1,1,0.051144818
2020,3,7,7,16,2,1.01E-05
2020,3,7,7,16,3,5.25E-05
2020,3,7,7,16,1,0.004285664
2020,3,7,7,1,2,0.001001111
2020,3,7,7,1,3,0.00022062
2020,3,7,7,1,1,0.049318649
2020,3,7,8,1,2,0.001609575
2020,3,7,8,1,3,0.000242465
2020,3,7,8,1,1,0.07245571
2020,3,7,9,16,2,4.09E-06
2020,3,7,9,16,3,2.04E-05
2020,3,7,9,16,1,0.014518312
2020,3,7,9,5,1,2.51E-05
2020,3,7,9,5,4,1.01E-06
2020,3,7,9,1,2,0.00387733
2020,3,7,9,1,3,2.51E-05
2020,3,7,9,1,1,0.162489826
2020,3,7,10,1,2,0.000132688
2020,3,7,10,1,1,0.004152293
2020,3,7,11,1,2,5.07E-06
2020,3,7,11,1,1,0.004358428
2020,3,7,1,15,3,7.34E-05
2020,3,7,1,15,1,0.001686802
2020,3,7,1,15,4,0.000220157
2020,3,7,1,16,2,2.59E-05
2020,3,7,1,16,3,1.14E-05
2020,3,7,1,16,1,0.002887536
2020,3,7,1,5,1,0.000243741
2020,3,7,1,5,4,1.02E-05
2020,3,7,1,6,3,9.84E-06
2020,3,7,1,6,1,2.46E-06
2020,3,7,1,6,4,6.89E-05
2020,3,7,1,1,2,0.002339995
2020,3,7,1,1,3,0.000500043
2020,3,7,1,1,1,0.210599999
2020,3,7,2,1,2,0.000302453
2020,3,7,2,1,3,3.20E-06
2020,3,7,2,1,1,0.023053264
2020,3,7,3,1,2,1.05E-05
2020,3,7,3,1,1,0.000179874
2020,3,7,4,7,1,0.000122057
2020,3,7,4,7,4,4.07E-06
2020,3,7,4,15,2,1.02E-06
2020,3,7,4,15,1,0.001136518
2020,3,7,4,15,4,0.000147814
2020,3,7,4,5,3,2.25E-06
2020,3,7,4,5,1,0.000146133
2020,3,7,4,5,4,6.97E-05
2020,3,7,4,1,2,4.05E-06
2020,3,7,4,1,3,1.01E-06
2020,3,7,4,1,1,0.0011352
2020,3,8,6,1,2,0.001970914
2020,3,8,6,1,3,0.000305025
2020,3,8,6,1,1,0.052862122
2020,3,8,7,3,2,1.53E-07
2020,3,8,7,3,3,0.000204628
2020,3,8,7,3,1,4.05E-06
2020,3,8,7,1,2,0.000516396
2020,3,8,7,1,3,0.000213873
2020,3,8,7,1,1,0.057325676
2020,3,8,8,1,2,0.000464948
2020,3,8,8,1,3,0.00018099
2020,3,8,8,1,1,0.085784154
2020,3,8,9,16,2,7.07E-06
2020,3,8,9,16,1,0.003259036
2020,3,8,9,1,2,0.001825043
2020,3,8,9,1,3,5.11E-06
2020,3,8,9,1,1,0.093151174
2020,3,8,10,1,2,0.000449311
2020,3,8,10,1,1,0.028374966
2020,3,8,11,7,1,0.000194182
2020,3,8,11,7,4,5.43E-05
2020,3,8,11,15,1,0.000297022
2020,3,8,11,15,4,8.92E-05
2020,3,8,11,16,2,1.20E-06
2020,3,8,11,16,3,9.20E-05
2020,3,8,11,16,1,0.001175389
2020,3,8,11,5,2,2.09E-06
2020,3,8,11,5,1,0.000861537
2020,3,8,11,5,4,0.000242515
2020,3,8,11,2,1,3.72E-05
2020,3,8,11,2,4,9.23E-06
2020,3,8,11,1,2,0.000787701
2020,3,8,11,1,3,0.000406169
2020,3,8,11,1,1,0.091157942
2020,3,8,1,1,2,0.000539657
2020,3,8,1,1,3,3.31E-05
2020,3,8,1,1,1,0.032700519
2020,3,8,2,1,1,0.000616883
2020,3,8,3,1,2,4.20E-05
2020,3,8,3,1,1,0.000309382
2020,3,8,4,15,2,9.47E-07
2020,3,8,4,15,1,0.002850518
2020,3,8,4,15,4,0.000418581
2020,3,8,4,14,4,2.06E-06
2020,3,8,4,16,1,0.000183745
2020,3,8,4,5,1,1.21E-05
2020,3,8,4,1,2,2.26E-06
2020,3,8,4,1,1,0.001978661
2020,3,8,5,15,1,0.000786626
2020,3,8,5,15,4,0.000236909
2020,3,8,5,1,2,1.01E-06
2020,3,8,5,1,1,5.00E-05
2020,4,1,2,1,1,0.000205173
2020,4,1,3,1,1,5.21E-05
2020,4,1,5,1,2,1.02E-06
2020,4,1,5,1,1,0.000196938
2020,4,1,8,2,2,3.03E-06
2020,4,1,8,2,3,1.01E-06
2020,4,1,8,2,1,4.35E-05
2020,4,1,8,2,4,1.52E-05
2020,4,1,8,1,2,0.000723381
2020,4,1,8,1,3,8.45E-05
2020,4,1,8,1,1,0.00401902
2020,4,1,9,1,2,0.000462332
2020,4,1,9,1,3,1.03E-06
2020,4,1,9,1,1,0.006313024
2020,4,1,11,2,1,6.80E-05
2020,4,1,11,2,4,5.07E-06
2020,4,1,11,1,2,2.01E-06
2020,4,1,11,1,3,1.00E-06
2020,4,1,11,1,1,0.000640881
2020,4,2,1,1,2,0.00124191
2020,4,2,1,1,3,1.06E-06
2020,4,2,1,1,1,0.002812196
2020,4,2,3,4,1,8.44E-06
2020,4,2,3,1,2,4.18E-06
2020,4,2,3,1,1,0.000664872
2020,4,2,4,7,1,4.04E-06
2020,4,2,4,6,1,7.11E-06
2020,4,2,4,1,2,8.81E-05
2020,4,2,4,1,3,1.05E-06
2020,4,2,4,1,1,0.002283503
2020,4,2,5,16,1,1.45E-06
2020,4,2,5,5,1,3.12E-06
2020,4,2,5,6,1,1.26E-06
2020,4,2,5,1,2,2.50E-06
2020,4,2,5,1,1,0.000497892
2020,4,2,6,2,1,0.000288954
2020,4,2,6,2,4,4.48E-05
2020,4,2,6,1,2,0.002133577
2020,4,2,6,1,3,0.000464611
2020,4,2,6,1,1,0.025327396
2020,4,2,7,3,2,0.002852324
2020,4,2,7,3,3,0.000555515
2020,4,2,7,3,1,0.007671505
2020,4,2,7,2,3,1.01E-06
2020,4,2,7,2,1,3.00E-06
2020,4,2,7,2,4,4.05E-06
2020,4,2,7,1,2,0.000777339
2020,4,2,7,1,3,9.04E-05
2020,4,2,7,1,1,0.012834028
2020,4,2,8,3,2,2.09E-05
2020,4,2,8,3,3,4.19E-06
2020,4,2,8,3,1,0.000196757
2020,4,2,8,2,2,3.01E-06
2020,4,2,8,2,3,9.95E-07
2020,4,2,8,2,1,0.001815914
2020,4,2,8,2,4,0.000304034
2020,4,2,8,1,2,0.002244334
2020,4,2,8,1,3,0.000458538
2020,4,2,8,1,1,0.029886946
2020,4,2,9,1,2,0.00023491
2020,4,2,9,1,3,4.07E-06
2020,4,2,9,1,1,0.008413655
2020,4,2,11,3,2,3.78E-08
2020,4,2,11,3,1,5.57E-06
2020,4,2,11,2,2,2.01E-06
2020,4,2,11,2,1,0.001431595
2020,4,2,11,2,4,0.000268506
2020,4,2,11,1,2,0.001305768
2020,4,2,11,1,3,0.000142389
2020,4,2,11,1,1,0.019820851
2020,4,3,7,3,2,3.75E-05
2020,4,3,7,3,3,5.86E-06
2020,4,3,7,3,1,2.05E-05
2020,4,3,7,1,2,0.001308921
2020,4,3,7,1,3,0.000145065
2020,4,3,7,1,1,0.000274213
2020,4,3,9,1,2,0.000697633
2020,4,3,9,1,3,5.11E-06
2020,4,3,9,1,1,0.000183103
2020,4,3,1,1,2,0.001789617
2020,4,3,1,1,3,6.07E-06
2020,4,3,1,1,1,0.004442196
2020,4,3,2,16,2,2.69E-05
2020,4,3,2,16,3,1.18E-05
2020,4,3,2,16,1,0.001153644
2020,4,3,2,1,2,0.001858914
2020,4,3,2,1,3,2.19E-06
2020,4,3,2,1,1,0.011340501
2020,4,3,3,1,2,0.000132929
2020,4,3,3,1,1,0.003508849
2020,4,3,4,5,1,2.73E-05
2020,4,3,4,5,4,1.04E-06
2020,4,3,4,1,2,0.000241951
2020,4,3,4,1,1,0.002444297
2020,4,3,5,1,2,2.06E-06
2020,4,3,5,1,1,0.00011154
2020,4,4,1,4,2,3.06E-06
2020,4,4,1,4,3,1.53E-05
2020,4,4,1,4,1,8.27E-05
2020,4,4,1,4,4,5.10E-06
2020,4,4,1,7,2,5.10E-06
2020,4,4,1,7,1,0.000760225
2020,4,4,1,7,4,5.62E-05
2020,4,4,1,16,2,1.64E-05
2020,4,4,1,16,3,7.95E-05
2020,4,4,1,16,1,0.001004067
2020,4,4,1,5,2,1.02E-06
2020,4,4,1,5,3,1.81E-05
2020,4,4,1,5,1,6.16E-05
2020,4,4,1,5,4,3.08E-05
2020,4,4,1,1,2,0.014248762
2020,4,4,1,1,3,0.000644248
2020,4,4,1,1,1,0.030732638
2020,4,4,2,16,2,0.000166404
2020,4,4,2,16,3,3.40E-05
2020,4,4,2,16,1,0.003589871
2020,4,4,2,5,2,6.20E-06
2020,4,4,2,5,3,9.30E-06
2020,4,4,2,5,1,0.000324489
2020,4,4,2,5,4,5.27E-05
2020,4,4,2,6,1,1.73E-05
2020,4,4,2,6,4,1.02E-06
2020,4,4,2,1,2,0.001643586
2020,4,4,2,1,3,9.34E-06
2020,4,4,2,1,1,0.01548206
2020,4,4,3,5,1,7.17E-06
2020,4,4,3,1,2,0.000310206
2020,4,4,3,1,1,0.001759823
2020,4,4,4,15,2,1.63E-05
2020,4,4,4,15,1,0.001643461
2020,4,4,4,15,4,0.000154066
2020,4,4,4,16,2,1.03E-06
2020,4,4,4,16,1,0.000434098
2020,4,4,4,5,1,5.36E-06
2020,4,4,4,1,2,8.30E-05
2020,4,4,4,1,1,0.002146059
2020,4,4,5,1,2,6.05E-06
2020,4,4,5,1,1,0.000471681
2020,4,4,6,5,2,1.03E-06
2020,4,4,6,5,3,7.24E-06
2020,4,4,6,5,1,0.000453176
2020,4,4,6,5,4,6.83E-05
2020,4,4,6,1,2,0.002808908
2020,4,4,6,1,3,0.000272236
2020,4,4,6,1,1,0.008732918
2020,4,4,7,3,2,0.000187727
2020,4,4,7,3,3,6.13E-05
2020,4,4,7,3,1,6.42E-05
2020,4,4,9,1,2,0.001429191
2020,4,4,9,1,3,3.57E-05
2020,4,4,9,1,1,0.007545337
2020,4,4,10,1,2,0.000108461
2020,4,4,10,1,1,0.000116177
2020,4,5,6,2,1,9.50E-05
2020,4,5,6,2,4,4.09E-06
2020,4,5,6,1,2,0.000583872
2020,4,5,6,1,3,4.98E-06
2020,4,5,6,1,1,0.008401065
2020,4,5,9,1,2,0.000103246
2020,4,5,9,1,1,0.004007798
2020,4,5,11,2,1,6.23E-05
2020,4,5,11,2,4,8.17E-06
2020,4,5,1,3,2,0.00014949
2020,4,5,1,3,3,5.49E-05
2020,4,5,1,3,1,0.000782921
2020,4,5,1,16,2,1.20E-05
2020,4,5,1,16,1,0.000382076
2020,4,5,1,1,2,0.000936304
2020,4,5,1,1,3,0.000425952
2020,4,5,1,1,1,0.006724
2020,4,5,2,16,2,1.02E-06
2020,4,5,2,16,1,0.000605686
2020,4,5,2,1,2,0.000152183
2020,4,5,2,1,3,1.02E-06
2020,4,5,2,1,1,0.00652896
2020,4,5,3,1,2,9.97E-07
2020,4,5,3,1,1,0.000433476
2020,4,5,4,1,2,2.09E-06
2020,4,5,4,1,1,0.000661591
2020,4,5,5,7,1,0.000110396
2020,4,5,5,7,4,1.35E-05
2020,4,5,5,15,2,4.06E-06
2020,4,5,5,15,1,0.000318363
2020,4,5,5,15,4,8.21E-05
2020,4,5,5,5,1,1.45E-05
2020,4,5,5,5,4,4.15E-06
2020,4,5,5,1,2,7.20E-06
2020,4,5,5,1,1,0.000455175
2020,4,6,1,1,1,7.61E-05
2020,4,6,2,1,2,4.99E-05
2020,4,6,2,1,1,0.000261781
2020,4,6,3,1,1,5.71E-05
2020,4,6,4,1,1,0.001071884
2020,4,6,5,16,1,5.33E-06
2020,4,6,5,1,2,2.06E-06
2020,4,6,5,1,1,0.000327598
2020,4,6,7,1,2,0.000836087
2020,4,6,7,1,3,4.43E-05
2020,4,6,7,1,1,0.003590371
2020,4,6,8,3,2,0.000303748
2020,4,6,8,3,3,0.000207945
2020,4,6,8,3,1,0.002585136
2020,4,6,8,1,2,0.000392404
2020,4,6,8,1,3,0.000248764
2020,4,6,8,1,1,0.002957124
2020,4,6,9,1,2,0.000980401
2020,4,6,9,1,1,0.00168615
2020,4,6,11,1,2,0.000959258
2020,4,6,11,1,3,8.75E-06
2020,4,6,11,1,1,0.006748326
2020,4,7,6,1,2,0.001164966
2020,4,7,6,1,3,0.000101747
2020,4,7,6,1,1,0.015303082
2020,4,7,7,16,2,1.11E-05
2020,4,7,7,16,3,8.48E-05
2020,4,7,7,16,1,0.001476319
2020,4,7,7,1,2,0.001199464
2020,4,7,7,1,3,0.000111973
2020,4,7,7,1,1,0.013961866
2020,4,7,8,1,2,0.001377844
2020,4,7,8,1,3,0.000188504
2020,4,7,8,1,1,0.029842615
2020,4,7,9,16,2,2.76E-05
2020,4,7,9,16,3,9.81E-05
2020,4,7,9,16,1,0.007258941
2020,4,7,9,5,2,1.01E-06
2020,4,7,9,5,1,1.51E-05
2020,4,7,9,1,2,0.003353526
2020,4,7,9,1,3,2.05E-05
2020,4,7,9,1,1,0.071311022
2020,4,7,10,1,2,9.49E-05
2020,4,7,10,1,1,0.001271034
2020,4,7,11,1,2,9.10E-06
2020,4,7,11,1,1,0.00121329
2020,4,7,1,15,2,6.12E-06
2020,4,7,1,15,3,2.04E-05
2020,4,7,1,15,1,0.000439289
2020,4,7,1,15,4,7.34E-05
2020,4,7,1,16,2,1.14E-05
2020,4,7,1,16,3,3.11E-06
2020,4,7,1,16,1,0.00102408
2020,4,7,1,5,1,9.99E-05
2020,4,7,1,5,4,7.14E-06
2020,4,7,1,6,2,9.84E-06
2020,4,7,1,6,4,2.95E-05
2020,4,7,1,1,2,0.003051668
2020,4,7,1,1,3,0.00013618
2020,4,7,1,1,1,0.047303893
2020,4,7,2,1,2,0.000839764
2020,4,7,2,1,1,0.007338622
2020,4,7,3,1,2,3.14E-06
2020,4,7,3,1,1,5.94E-05
2020,4,7,4,7,1,3.76E-05
2020,4,7,4,7,4,3.05E-06
2020,4,7,4,15,2,1.02E-06
2020,4,7,4,15,3,1.02E-06
2020,4,7,4,15,1,0.000463822
2020,4,7,4,15,4,4.59E-05
2020,4,7,4,5,3,6.74E-06
2020,4,7,4,5,1,9.55E-05
2020,4,7,4,5,4,2.92E-05
2020,4,7,4,1,2,2.03E-06
2020,4,7,4,1,1,0.000324284
2020,4,8,6,1,2,0.001733335
2020,4,8,6,1,3,0.000201227
2020,4,8,6,1,1,0.019507828
2020,4,8,7,3,2,1.53E-05
2020,4,8,7,3,3,0.000110595
2020,4,8,7,3,1,7.63E-07
2020,4,8,7,1,2,0.000908563
2020,4,8,7,1,3,8.23E-05
2020,4,8,7,1,1,0.016009004
2020,4,8,8,1,2,0.000585504
2020,4,8,8,1,3,0.000105183
2020,4,8,8,1,1,0.024355251
2020,4,8,9,16,2,6.08E-06
2020,4,8,9,16,3,7.07E-06
2020,4,8,9,16,1,0.001877294
2020,4,8,9,1,2,0.002161362
2020,4,8,9,1,3,1.75E-05
2020,4,8,9,1,1,0.042344436
2020,4,8,10,1,2,0.000421844
2020,4,8,10,1,3,1.01E-06
2020,4,8,10,1,1,0.010604579
2020,4,8,11,7,1,7.23E-05
2020,4,8,11,7,4,8.21E-06
2020,4,8,11,15,2,2.88E-07
2020,4,8,11,15,1,0.00010262
2020,4,8,11,15,4,2.82E-05
2020,4,8,11,16,2,9.80E-06
2020,4,8,11,16,3,2.29E-05
2020,4,8,11,16,1,0.000498537
2020,4,8,11,5,2,1.02E-06
2020,4,8,11,5,1,0.000374703
2020,4,8,11,5,4,4.07E-05
2020,4,8,11,2,1,1.44E-05
2020,4,8,11,2,4,1.07E-06
2020,4,8,11,1,2,0.001343882
2020,4,8,11,1,3,0.000518508
2020,4,8,11,1,1,0.03342653
2020,4,8,1,1,2,0.001152881
2020,4,8,1,1,3,9.60E-06
2020,4,8,1,1,1,0.013532164
2020,4,8,2,1,2,1.04E-06
2020,4,8,2,1,1,0.000246299
2020,4,8,3,1,2,2.07E-05
2020,4,8,3,1,1,0.000107182
2020,4,8,4,15,1,0.00109475
2020,4,8,4,15,4,8.90E-05
2020,4,8,4,16,3,1.93E-07
2020,4,8,4,16,1,8.36E-05
2020,4,8,4,5,1,3.02E-06
2020,4,8,4,5,4,1.01E-06
2020,4,8,4,1,2,7.09E-05
2020,4,8,4,1,1,0.000738252
2020,4,8,5,15,2,7.24E-07
2020,4,8,5,15,1,0.000272108
2020,4,8,5,15,4,7.61E-05
2020,4,8,5,1,1,1.83E-05
2020,5,1,2,1,1,0.001429196
2020,5,1,3,1,2,3.03E-06
2020,5,1,3,1,1,0.000462011
2020,5,1,5,6,1,6.33E-06
2020,5,1,5,1,2,2.04E-06
2020,5,1,5,1,1,0.00311307
2020,5,1,8,2,3,1.01E-05
2020,5,1,8,2,1,0.000120804
2020,5,1,8,2,4,2.13E-05
2020,5,1,8,1,2,0.000126546
2020,5,1,8,1,3,0.000238941
2020,5,1,8,1,1,0.012605945
2020,5,1,9,1,2,0.000520152
2020,5,1,9,1,3,1.98E-05
2020,5,1,9,1,1,0.040883536
2020,5,1,11,2,1,0.000158344
2020,5,1,11,2,4,1.32E-05
2020,5,1,11,1,2,1.00E-06
2020,5,1,11,1,1,0.001001799
2020,5,2,1,1,2,0.001847767
2020,5,2,1,1,3,9.41E-06
2020,5,2,1,1,1,0.019342833
2020,5,2,2,1,1,1.04E-06
2020,5,2,3,4,1,5.28E-05
2020,5,2,3,4,4,1.06E-06
2020,5,2,3,1,2,7.66E-05
2020,5,2,3,1,1,0.007866632
2020,5,2,4,7,1,2.82E-05
2020,5,2,4,7,4,2.02E-06
2020,5,2,4,6,1,7.45E-05
2020,5,2,4,1,2,0.0001123
2020,5,2,4,1,3,1.16E-05
2020,5,2,4,1,1,0.018978612
2020,5,2,5,16,1,4.36E-06
2020,5,2,5,5,1,2.39E-05
2020,5,2,5,5,4,7.28E-06
2020,5,2,5,6,1,5.31E-05
2020,5,2,5,6,4,6.32E-06
2020,5,2,5,1,3,1.04E-06
2020,5,2,5,1,1,0.004194764
2020,5,2,6,2,1,0.00060949
2020,5,2,6,2,4,6.00E-05
2020,5,2,6,1,2,0.001716538
2020,5,2,6,1,3,0.000514847
2020,5,2,6,1,1,0.061086584
2020,5,2,7,3,2,0.000357563
2020,5,2,7,3,3,0.003001614
2020,5,2,7,3,1,0.021607787
2020,5,2,7,2,1,3.98E-06
2020,5,2,7,2,4,4.05E-06
2020,5,2,7,1,2,0.000606566
2020,5,2,7,1,3,0.000569433
2020,5,2,7,1,1,0.034744616
2020,5,2,8,3,2,6.66E-06
2020,5,2,8,3,3,5.72E-06
2020,5,2,8,3,1,0.000436537
2020,5,2,8,2,2,3.01E-06
2020,5,2,8,2,3,2.01E-06
2020,5,2,8,2,1,0.004531285
2020,5,2,8,2,4,0.000444875
2020,5,2,8,1,2,0.000574444
2020,5,2,8,1,3,0.000826869
2020,5,2,8,1,1,0.065523536
2020,5,2,9,1,2,0.000156224
2020,5,2,9,1,3,4.92E-05
2020,5,2,9,1,1,0.032769024
2020,5,2,11,3,3,4.89E-09
2020,5,2,11,3,1,9.16E-06
2020,5,2,11,2,3,1.01E-06
2020,5,2,11,2,1,0.003760012
2020,5,2,11,2,4,0.000516503
2020,5,2,11,1,2,0.000257743
2020,5,2,11,1,3,0.000429711
2020,5,2,11,1,1,0.037104117
2020,5,3,7,3,2,1.97E-06
2020,5,3,7,3,3,2.33E-05
2020,5,3,7,3,1,0.00011509
2020,5,3,7,1,2,7.85E-05
2020,5,3,7,1,3,0.00072578
2020,5,3,7,1,1,0.00200879
2020,5,3,9,1,2,5.32E-05
2020,5,3,9,1,3,7.67E-05
2020,5,3,9,1,1,0.000868461
2020,5,3,1,1,2,0.001733661
2020,5,3,1,1,3,1.21E-05
2020,5,3,1,1,1,0.037257555
2020,5,3,2,16,2,1.08E-06
2020,5,3,2,16,3,7.32E-05
2020,5,3,2,16,1,0.004674328
2020,5,3,2,1,2,0.003891024
2020,5,3,2,1,3,3.68E-05
2020,5,3,2,1,1,0.138001072
2020,5,3,3,1,2,0.00060489
2020,5,3,3,1,1,0.025291849
2020,5,3,4,5,2,2.07E-06
2020,5,3,4,5,1,0.000196538
2020,5,3,4,5,4,1.87E-05
2020,5,3,4,1,2,0.000428565
2020,5,3,4,1,1,0.025240813
2020,5,3,5,1,1,0.001850828
2020,5,4,1,4,3,3.98E-05
2020,5,4,1,4,1,0.000440918
2020,5,4,1,4,4,5.72E-05
2020,5,4,1,7,2,2.04E-06
2020,5,4,1,7,3,3.38E-05
2020,5,4,1,7,1,0.008595132
2020,5,4,1,7,4,0.000321549
2020,5,4,1,16,2,3.69E-05
2020,5,4,1,16,3,0.000221417
2020,5,4,1,16,1,0.002136406
2020,5,4,1,5,3,6.35E-05
2020,5,4,1,5,1,0.000413164
2020,5,4,1,5,4,3.26E-05
2020,5,4,1,1,2,0.018167151
2020,5,4,1,1,3,0.001835878
2020,5,4,1,1,1,0.169730208
2020,5,4,2,16,2,7.69E-05
2020,5,4,2,16,3,0.000125335
2020,5,4,2,16,1,0.013402461
2020,5,4,2,5,3,6.72E-05
2020,5,4,2,5,1,0.001809494
2020,5,4,2,5,4,6.61E-05
2020,5,4,2,6,1,4.17E-05
2020,5,4,2,6,4,2.03E-06
2020,5,4,2,1,2,0.00463057
2020,5,4,2,1,3,0.000137827
2020,5,4,2,1,1,0.144310488
2020,5,4,3,5,1,1.02E-05
2020,5,4,3,1,2,0.000608341
2020,5,4,3,1,3,1.06E-06
2020,5,4,3,1,1,0.010387123
2020,5,4,4,15,1,0.008760122
2020,5,4,4,15,4,0.00042864
2020,5,4,4,16,2,3.08E-06
2020,5,4,4,16,3,4.10E-06
2020,5,4,4,16,1,0.001759028
2020,5,4,4,5,1,7.51E-06
2020,5,4,4,5,4,1.07E-06
2020,5,4,4,1,2,0.00027162
2020,5,4,4,1,3,1.13E-05
2020,5,4,4,1,1,0.018706216
2020,5,4,5,16,1,0.00000616
2020,5,4,5,1,2,2.10E-06
2020,5,4,5,1,3,1.02E-06
2020,5,4,5,1,1,0.004382534
2020,5,4,6,5,2,1.03E-06
2020,5,4,6,5,3,1.86E-05
2020,5,4,6,5,1,0.001600601
2020,5,4,6,5,4,7.66E-05
2020,5,4,6,1,2,0.005551551
2020,5,4,6,1,3,0.000345901
2020,5,4,6,1,1,0.016487932
2020,5,4,7,3,2,4.69E-06
2020,5,4,7,3,3,0.000121037
2020,5,4,7,3,1,0.000101941
2020,5,4,9,1,2,0.000821062
2020,5,4,9,1,3,0.000137051
2020,5,4,9,1,1,0.031140369
2020,5,4,10,1,2,1.24E-05
2020,5,4,10,1,3,1.69E-06
2020,5,4,10,1,1,0.000908353
2020,5,5,6,2,1,0.000633508
2020,5,5,6,2,4,3.17E-05
2020,5,5,6,1,2,0.002351364
2020,5,5,6,1,3,4.06E-06
2020,5,5,6,1,1,0.036013993
2020,5,5,9,1,2,0.00110768
2020,5,5,9,1,3,1.02E-05
2020,5,5,9,1,1,0.022724853
2020,5,5,11,2,1,0.000215597
2020,5,5,11,2,4,1.33E-05
2020,5,5,1,3,2,0.000649478
2020,5,5,1,3,3,0.000153713
2020,5,5,1,3,1,0.002255015
2020,5,5,1,16,2,0.000285711
2020,5,5,1,16,3,1.06E-05
2020,5,5,1,16,1,0.002602208
2020,5,5,1,1,2,0.004332827
2020,5,5,1,1,3,0.001107968
2020,5,5,1,1,1,0.043830916
2020,5,5,2,16,2,1.02E-06
2020,5,5,2,16,1,0.004089909
2020,5,5,2,1,2,0.000649174
2020,5,5,2,1,3,1.43E-05
2020,5,5,2,1,1,0.054359193
2020,5,5,3,1,2,1.96E-05
2020,5,5,3,1,3,9.97E-07
2020,5,5,3,1,1,0.00307389
2020,5,5,4,1,2,1.66E-05
2020,5,5,4,1,3,7.21E-06
2020,5,5,4,1,1,0.006109772
2020,5,5,5,7,1,0.001004851
2020,5,5,5,7,4,0.000147574
2020,5,5,5,15,2,1.01E-06
2020,5,5,5,15,1,0.00251842
2020,5,5,5,15,4,0.000208929
2020,5,5,5,5,3,2.10E-06
2020,5,5,5,5,1,0.000166666
2020,5,5,5,5,4,3.07E-05
2020,5,5,5,1,2,1.03E-05
2020,5,5,5,1,3,1.22E-05
2020,5,5,5,1,1,0.006365839
2020,5,6,1,1,3,1.04E-06
2020,5,6,1,1,1,0.000800948
2020,5,6,2,1,2,8.15E-06
2020,5,6,2,1,1,0.002294916
2020,5,6,3,1,1,0.000427935
2020,5,6,4,1,2,3.16E-06
2020,5,6,4,1,1,0.007317767
2020,5,6,5,16,1,0.000032
2020,5,6,5,1,2,2.02E-06
2020,5,6,5,1,1,0.003649109
2020,5,6,7,1,2,0.000536228
2020,5,6,7,1,3,0.000221947
2020,5,6,7,1,1,0.011225994
2020,5,6,8,3,2,0.000593471
2020,5,6,8,3,3,0.000528294
2020,5,6,8,3,1,0.006482578
2020,5,6,8,1,2,0.000945683
2020,5,6,8,1,3,0.000833105
2020,5,6,8,1,1,0.01054911
2020,5,6,9,1,2,0.00051797
2020,5,6,9,1,3,4.09E-06
2020,5,6,9,1,1,0.009374613
2020,5,6,11,1,2,0.000849127
2020,5,6,11,1,3,6.21E-06
2020,5,6,11,1,1,0.017292552
2020,5,7,6,1,2,0.00180681
2020,5,7,6,1,3,0.000113176
2020,5,7,6,1,1,0.015605405
2020,5,7,7,16,2,4.04E-06
2020,5,7,7,16,3,0.000207875
2020,5,7,7,16,1,0.001652912
2020,5,7,7,1,2,0.002110882
2020,5,7,7,1,3,0.000318163
2020,5,7,7,1,1,0.012571128
2020,5,7,8,1,2,0.001381591
2020,5,7,8,1,3,0.000178247
2020,5,7,8,1,1,0.018480637
2020,5,7,9,16,2,5.00E-05
2020,5,7,9,16,3,5.62E-05
2020,5,7,9,16,1,0.023067883
2020,5,7,9,5,1,0.000148853
2020,5,7,9,5,4,2.01E-06
2020,5,7,9,1,2,0.007014442
2020,5,7,9,1,3,0.000138635
2020,5,7,9,1,1,0.137274811
2020,5,7,10,1,2,0.000134928
2020,5,7,10,1,1,0.008512267
2020,5,7,11,1,2,2.02E-06
2020,5,7,11,1,1,0.00397745
2020,5,7,1,15,3,0.000198743
2020,5,7,1,15,1,0.001634915
2020,5,7,1,15,4,0.000226262
2020,5,7,1,16,2,0.001491158
2020,5,7,1,16,3,0.000122222
2020,5,7,1,16,1,0.005577024
2020,5,7,1,5,3,2.04E-06
2020,5,7,1,5,1,0.000553772
2020,5,7,1,5,4,1.02E-05
2020,5,7,1,6,4,4.43E-05
2020,5,7,1,1,2,0.006872949
2020,5,7,1,1,3,0.001278224
2020,5,7,1,1,1,0.281917736
2020,5,7,2,1,2,0.002024095
2020,5,7,2,1,3,2.11E-05
2020,5,7,2,1,1,0.130736863
2020,5,7,3,1,2,1.04E-05
2020,5,7,3,1,1,0.002919039
2020,5,7,4,7,2,1.02E-06
2020,5,7,4,7,3,4.07E-06
2020,5,7,4,7,1,0.000478057
2020,5,7,4,7,4,0.00000712
2020,5,7,4,15,3,5.10E-06
2020,5,7,4,15,1,0.001488696
2020,5,7,4,15,4,4.89E-05
2020,5,7,4,5,1,0.000192221
2020,5,7,4,5,4,4.61E-05
2020,5,7,4,1,2,1.46E-05
2020,5,7,4,1,1,0.009183437
2020,5,8,6,1,2,0.002258792
2020,5,8,6,1,3,0.001030199
2020,5,8,6,1,1,0.040856741
2020,5,8,7,3,3,0.000279198
2020,5,8,7,3,1,2.75E-06
2020,5,8,7,1,2,0.000330131
2020,5,8,7,1,3,0.000625012
2020,5,8,7,1,1,0.02655172
2020,5,8,8,1,2,0.000855716
2020,5,8,8,1,3,0.000407852
2020,5,8,8,1,1,0.052953681
2020,5,8,9,16,2,1.01E-06
2020,5,8,9,16,3,3.03E-06
2020,5,8,9,16,1,0.004808393
2020,5,8,9,1,2,0.00498606
2020,5,8,9,1,3,0.000275365
2020,5,8,9,1,1,0.172237194
2020,5,8,10,1,2,0.000663137
2020,5,8,10,1,1,0.043892052
2020,5,8,11,7,1,0.000547443
2020,5,8,11,7,4,2.80E-05
2020,5,8,11,15,2,5.75E-07
2020,5,8,11,15,1,0.000790424
2020,5,8,11,15,4,0.000150131
2020,5,8,11,16,2,9.61E-08
2020,5,8,11,16,3,5.70E-05
2020,5,8,11,16,1,0.002221938
2020,5,8,11,5,2,4.16E-06
2020,5,8,11,5,1,0.002132759
2020,5,8,11,5,4,0.000240028
2020,5,8,11,2,1,0.000313087
2020,5,8,11,2,4,4.91E-05
2020,5,8,11,1,2,0.001323222
2020,5,8,11,1,3,0.001017979
2020,5,8,11,1,1,0.136760886
2020,5,8,1,1,2,0.002384719
2020,5,8,1,1,3,5.06E-05
2020,5,8,1,1,1,0.073795786
2020,5,8,2,1,2,1.36E-05
2020,5,8,2,1,1,0.010719807
2020,5,8,3,1,2,0.000229772
2020,5,8,3,1,3,8.93E-07
2020,5,8,3,1,1,0.019481862
2020,5,8,4,15,3,9.47E-07
2020,5,8,4,15,1,0.006608277
2020,5,8,4,15,4,0.000303045
2020,5,8,4,14,4,2.08E-06
2020,5,8,4,16,1,0.000343221
2020,5,8,4,5,1,2.02E-05
2020,5,8,4,1,2,4.83E-05
2020,5,8,4,1,1,0.021734908
2020,5,8,5,15,2,1.45E-06
2020,5,8,5,15,1,0.002087687
2020,5,8,5,15,4,0.000400888
2020,5,8,5,1,1,0.000259309
2020,6,1,2,1,1,0.000274258
2020,6,1,3,1,1,5.54E-05
2020,6,1,5,1,2,2.05E-06
2020,6,1,5,1,1,0.000227756
2020,6,1,8,2,1,2.53E-05
2020,6,1,8,2,4,2.02E-06
2020,6,1,8,1,2,0.000159621
2020,6,1,8,1,3,1.83E-05
2020,6,1,8,1,1,0.003215136
2020,6,1,9,1,2,8.75E-05
2020,6,1,9,1,3,8.26E-06
2020,6,1,9,1,1,0.010302636
2020,6,1,11,2,1,4.57E-05
2020,6,1,11,2,4,1.01E-06
2020,6,1,11,1,1,0.00026659
2020,6,2,1,1,2,0.000853341
2020,6,2,1,1,1,0.004613313
2020,6,2,3,4,1,5.28E-06
2020,6,2,3,1,2,1.03E-05
2020,6,2,3,1,1,0.000682648
2020,6,2,4,7,1,3.02E-06
2020,6,2,4,6,1,1.02E-06
2020,6,2,4,1,2,0.000232659
2020,6,2,4,1,3,2.11E-06
2020,6,2,4,1,1,0.003636218
2020,6,2,5,5,1,4.16E-06
2020,6,2,5,6,1,5.06E-06
2020,6,2,5,1,1,0.000450462
2020,6,2,6,2,1,0.00013013
2020,6,2,6,2,4,1.63E-05
2020,6,2,6,1,2,0.000722112
2020,6,2,6,1,3,0.000437032
2020,6,2,6,1,1,0.016359448
2020,6,2,7,3,2,0.000187976
2020,6,2,7,3,3,0.001072278
2020,6,2,7,3,1,0.008118511
2020,6,2,7,2,1,1.01E-06
2020,6,2,7,2,4,1.01E-06
2020,6,2,7,1,2,5.96E-05
2020,6,2,7,1,3,0.000125539
2020,6,2,7,1,1,0.009269166
2020,6,2,8,3,2,8.13E-06
2020,6,2,8,3,3,4.38E-06
2020,6,2,8,3,1,0.000142507
2020,6,2,8,2,3,2.01E-06
2020,6,2,8,2,1,0.001284718
2020,6,2,8,2,4,0.000112328
2020,6,2,8,1,2,0.000619159
2020,6,2,8,1,3,0.000372862
2020,6,2,8,1,1,0.022600828
2020,6,2,9,1,2,9.21E-06
2020,6,2,9,1,3,2.01E-05
2020,6,2,9,1,1,0.011126441
2020,6,2,11,3,1,3.80E-06
2020,6,2,11,2,1,0.001081222
2020,6,2,11,2,4,0.000133396
2020,6,2,11,1,2,0.000135959
2020,6,2,11,1,3,0.000106301
2020,6,2,11,1,1,0.011576047
2020,6,3,7,3,2,9.79E-08
2020,6,3,7,3,3,3.05E-06
2020,6,3,7,3,1,2.48E-05
2020,6,3,7,1,2,4.70E-07
2020,6,3,7,1,3,8.29E-05
2020,6,3,7,1,1,0.000626339
2020,6,3,9,1,2,9.21E-06
2020,6,3,9,1,3,1.23E-05
2020,6,3,9,1,1,0.000186172
2020,6,3,1,1,2,0.000548851
2020,6,3,1,1,3,2.12E-06
2020,6,3,1,1,1,0.012005806
2020,6,3,2,16,1,0.000689225
2020,6,3,2,1,2,0.000941768
2020,6,3,2,1,3,1.10E-05
2020,6,3,2,1,1,0.015587843
2020,6,3,3,1,2,0.000118684
2020,6,3,3,1,1,0.002931502
2020,6,3,4,5,1,1.45E-05
2020,6,3,4,5,4,1.04E-06
2020,6,3,4,1,2,0.000123666
2020,6,3,4,1,1,0.002512285
2020,6,3,5,1,1,0.000184702
2020,6,4,1,4,3,1.02E-06
2020,6,4,1,4,1,0.000122477
2020,6,4,1,4,4,4.08E-06
2020,6,4,1,7,3,3.09E-06
2020,6,4,1,7,1,0.00107089
2020,6,4,1,7,4,4.20E-05
2020,6,4,1,16,3,1.23E-05
2020,6,4,1,16,1,0.000359395
2020,6,4,1,5,3,1.02E-06
2020,6,4,1,5,1,2.36E-05
2020,6,4,1,5,4,4.09E-06
2020,6,4,1,1,2,0.005819311
2020,6,4,1,1,3,0.000359733
2020,6,4,1,1,1,0.051959589
2020,6,4,2,16,2,1.04E-05
2020,6,4,2,16,3,8.24E-06
2020,6,4,2,16,1,0.002473292
2020,6,4,2,5,1,0.000181879
2020,6,4,2,5,4,5.17E-06
2020,6,4,2,6,1,1.02E-05
2020,6,4,2,1,2,0.000647099
2020,6,4,2,1,3,7.05E-05
2020,6,4,2,1,1,0.03027928
2020,6,4,3,1,2,9.99E-05
2020,6,4,3,1,1,0.001331917
2020,6,4,4,15,1,0.001028863
2020,6,4,4,15,4,2.86E-05
2020,6,4,4,16,2,1.03E-06
2020,6,4,4,16,1,0.000425879
2020,6,4,4,5,1,2.15E-06
2020,6,4,4,1,2,1.34E-05
2020,6,4,4,1,1,0.003028565
2020,6,4,5,16,1,0.00000125
2020,6,4,5,1,3,1.14E-06
2020,6,4,5,1,1,0.000587643
2020,6,4,6,5,1,0.000215207
2020,6,4,6,5,4,6.21E-06
2020,6,4,6,1,2,0.001224371
2020,6,4,6,1,3,0.00014767
2020,6,4,6,1,1,0.003947511
2020,6,4,7,3,2,1.29E-05
2020,6,4,7,3,3,2.23E-05
2020,6,4,7,3,1,2.21E-05
2020,6,4,9,1,2,5.17E-05
2020,6,4,9,1,3,1.33E-05
2020,6,4,9,1,1,0.007313907
2020,6,4,10,1,1,0.000125862
2020,6,5,6,2,1,0.000120571
2020,6,5,6,2,4,8.17E-06
2020,6,5,6,1,2,0.000153153
2020,6,5,6,1,1,0.007633261
2020,6,5,9,1,2,2.16E-05
2020,6,5,9,1,3,2.04E-06
2020,6,5,9,1,1,0.007415586
2020,6,5,11,2,1,6.34E-05
2020,6,5,11,2,4,5.11E-06
2020,6,5,1,3,2,0.000406241
2020,6,5,1,3,3,1.69E-06
2020,6,5,1,3,1,0.000733936
2020,6,5,1,16,2,3.73E-05
2020,6,5,1,16,3,4.14E-06
2020,6,5,1,16,1,0.000357113
2020,6,5,1,1,2,0.000812789
2020,6,5,1,1,3,0.000362756
2020,6,5,1,1,1,0.011289538
2020,6,5,2,16,1,0.00056082
2020,6,5,2,1,2,1.20E-05
2020,6,5,2,1,3,2.04E-06
2020,6,5,2,1,1,0.009772077
2020,6,5,3,1,2,2.60E-05
2020,6,5,3,1,1,0.000376777
2020,6,5,4,1,2,1.04E-06
2020,6,5,4,1,3,1.04E-06
2020,6,5,4,1,1,0.001250628
2020,6,5,5,7,1,8.56E-05
2020,6,5,5,7,4,7.25E-06
2020,6,5,5,15,2,1.01E-06
2020,6,5,5,15,1,0.000278806
2020,6,5,5,15,4,2.94E-05
2020,6,5,5,5,1,1.55E-05
2020,6,5,5,1,2,8.27E-06
2020,6,5,5,1,1,0.000783441
2020,6,6,1,1,1,0.000238824
2020,6,6,2,1,2,3.06E-06
2020,6,6,2,1,1,0.000322898
2020,6,6,3,1,1,8.56E-05
2020,6,6,4,1,1,0.001234743
2020,6,6,5,16,1,0.0000064
2020,6,6,5,1,1,0.000350604
2020,6,6,7,1,2,0.000136157
2020,6,6,7,1,3,5.05E-05
2020,6,6,7,1,1,0.003508799
2020,6,6,8,3,2,0.000284778
2020,6,6,8,3,3,0.000339255
2020,6,6,8,3,1,0.002086164
2020,6,6,8,1,2,0.00034362
2020,6,6,8,1,3,0.000564984
2020,6,6,8,1,1,0.003573325
2020,6,6,9,1,2,0.000487199
2020,6,6,9,1,1,0.004447001
2020,6,6,11,1,2,9.19E-05
2020,6,6,11,1,1,0.004809751
2020,6,7,6,1,2,0.000129563
2020,6,7,6,1,3,3.60E-05
2020,6,7,6,1,1,0.003318225
2020,6,7,7,16,3,4.04E-06
2020,6,7,7,16,1,0.00024723
2020,6,7,7,1,2,0.000665043
2020,6,7,7,1,3,8.36E-05
2020,6,7,7,1,1,0.003221707
2020,6,7,8,1,2,0.000280361
2020,6,7,8,1,3,3.45E-05
2020,6,7,8,1,1,0.004609418
2020,6,7,9,16,2,1.02E-06
2020,6,7,9,16,3,1.02E-06
2020,6,7,9,16,1,0.003936064
2020,6,7,9,5,1,2.01E-06
2020,6,7,9,5,4,1.01E-06
2020,6,7,9,1,2,0.000801231
2020,6,7,9,1,3,5.07E-06
2020,6,7,9,1,1,0.026160668
2020,6,7,10,1,2,1.33E-05
2020,6,7,10,1,1,0.000960027
2020,6,7,11,1,1,0.000622622
2020,6,7,1,15,3,1.22E-05
2020,6,7,1,15,1,0.000198749
2020,6,7,1,15,4,2.14E-05
2020,6,7,1,16,3,2.07E-06
2020,6,7,1,16,1,0.000928733
2020,6,7,1,5,1,3.47E-05
2020,6,7,1,6,3,2.46E-06
2020,6,7,1,6,4,2.46E-05
2020,6,7,1,1,2,0.00399401
2020,6,7,1,1,3,0.000171951
2020,6,7,1,1,1,0.074781025
2020,6,7,2,1,2,0.000350954
2020,6,7,2,1,3,3.20E-05
2020,6,7,2,1,1,0.021799345
2020,6,7,3,1,2,7.33E-06
2020,6,7,3,1,1,0.000323288
2020,6,7,4,7,1,3.36E-05
2020,6,7,4,7,4,2.03E-06
2020,6,7,4,15,1,0.000218124
2020,6,7,4,15,4,5.10E-06
2020,6,7,4,5,1,4.05E-05
2020,6,7,4,5,4,4.50E-06
2020,6,7,4,1,1,0.000838882
2020,6,8,6,1,2,0.000917786
2020,6,8,6,1,3,0.00047347
2020,6,8,6,1,1,0.00926013
2020,6,8,7,3,3,6.28E-05
2020,6,8,7,3,1,7.63E-07
2020,6,8,7,1,2,0.000138088
2020,6,8,7,1,3,0.000160758
2020,6,8,7,1,1,0.007503135
2020,6,8,8,1,2,0.00041993
2020,6,8,8,1,3,2.53E-05
2020,6,8,8,1,1,0.015588401
2020,6,8,9,16,2,1.01E-06
2020,6,8,9,16,1,0.001079755
2020,6,8,9,1,2,0.001204386
2020,6,8,9,1,3,3.52E-05
2020,6,8,9,1,1,0.039922757
2020,6,8,10,1,2,8.48E-05
2020,6,8,10,1,1,0.005971092
2020,6,8,11,7,1,4.45E-05
2020,6,8,11,7,4,2.04E-06
2020,6,8,11,15,1,7.85E-05
2020,6,8,11,15,4,1.27E-05
2020,6,8,11,16,3,8.65E-06
2020,6,8,11,16,1,0.000314021
2020,6,8,11,5,1,0.000236526
2020,6,8,11,5,4,2.69E-05
2020,6,8,11,2,1,3.00E-05
2020,6,8,11,2,4,7.14E-06
2020,6,8,11,1,2,0.000398712
2020,6,8,11,1,3,0.000142162
2020,6,8,11,1,1,0.024981729
2020,6,8,1,1,2,0.000740954
2020,6,8,1,1,3,1.08E-05
2020,6,8,1,1,1,0.0209897
2020,6,8,2,1,2,1.05E-06
2020,6,8,2,1,1,0.001737302
2020,6,8,3,1,2,7.85E-05
2020,6,8,3,1,1,0.002710763
2020,6,8,4,15,3,9.47E-07
2020,6,8,4,15,1,0.000652494
2020,6,8,4,15,4,2.46E-05
2020,6,8,4,16,1,4.30E-05
2020,6,8,4,5,1,2.02E-06
2020,6,8,4,1,2,1.02E-05
2020,6,8,4,1,1,0.003729706
2020,6,8,5,15,1,0.000209171
2020,6,8,5,15,4,3.49E-05
2020,6,8,5,1,1,2.25E-05
2020,7,1,2,1,1,0.001097703
2020,7,1,3,1,1,0.000128013
2020,7,1,5,1,2,2.56E-05
2020,7,1,5,1,1,0.000976797
2020,7,1,8,2,3,2.02E-06
2020,7,1,8,2,1,5.27E-05
2020,7,1,8,2,4,1.73E-05
2020,7,1,8,1,2,0.001777791
2020,7,1,8,1,3,4.17E-05
2020,7,1,8,1,1,0.009198595
2020,7,1,9,1,2,0.001727985
2020,7,1,9,1,3,1.26E-05
2020,7,1,9,1,1,0.023002576
2020,7,1,11,2,1,0.000148134
2020,7,1,11,2,4,1.93E-05
2020,7,1,11,1,2,4.02E-06
2020,7,1,11,1,1,0.000591277
2020,7,2,1,1,2,0.008322327
2020,7,2,1,1,3,6.29E-06
2020,7,2,1,1,1,0.0143454
2020,7,2,2,1,1,1.04E-06
2020,7,2,3,4,1,1.27E-05
2020,7,2,3,4,4,1.06E-06
2020,7,2,3,1,2,6.47E-05
2020,7,2,3,1,1,0.003075395
2020,7,2,4,7,1,1.51E-05
2020,7,2,4,7,4,1.01E-06
2020,7,2,4,6,1,1.43E-05
2020,7,2,4,1,2,0.001581812
2020,7,2,4,1,3,1.68E-05
2020,7,2,4,1,1,0.010508368
2020,7,2,5,16,1,1.45E-06
2020,7,2,5,5,1,6.24E-06
2020,7,2,5,6,1,1.52E-05
2020,7,2,5,1,2,4.43E-06
2020,7,2,5,1,1,0.001791359
2020,7,2,6,2,2,1.01E-06
2020,7,2,6,2,3,1.02E-06
2020,7,2,6,2,1,0.000561991
2020,7,2,6,2,4,4.98E-05
2020,7,2,6,1,2,0.010184847
2020,7,2,6,1,3,0.00056424
2020,7,2,6,1,1,0.055756254
2020,7,2,7,3,2,0.004564614
2020,7,2,7,3,3,0.001609828
2020,7,2,7,3,1,0.022382164
2020,7,2,7,2,2,1.99E-06
2020,7,2,7,2,1,3.00E-06
2020,7,2,7,2,4,1.99E-06
2020,7,2,7,1,2,0.00167603
2020,7,2,7,1,3,0.00017399
2020,7,2,7,1,1,0.029667413
2020,7,2,8,3,2,6.59E-05
2020,7,2,8,3,3,1.03E-05
2020,7,2,8,3,1,0.000532298
2020,7,2,8,2,2,3.01E-06
2020,7,2,8,2,3,1.01E-06
2020,7,2,8,2,1,0.004387997
2020,7,2,8,2,4,0.00036257
2020,7,2,8,1,2,0.005363947
2020,7,2,8,1,3,0.001212751
2020,7,2,8,1,1,0.088114607
2020,7,2,9,1,2,0.000215421
2020,7,2,9,1,3,5.09E-06
2020,7,2,9,1,1,0.03000026
2020,7,2,11,3,2,3.96E-09
2020,7,2,11,3,1,8.35E-06
2020,7,2,11,2,2,4.05E-06
2020,7,2,11,2,1,0.003928497
2020,7,2,11,2,4,0.000352993
2020,7,2,11,1,2,0.002487621
2020,7,2,11,1,3,0.000263616
2020,7,2,11,1,1,0.037530412
2020,7,3,7,3,2,7.56E-06
2020,7,3,7,3,3,1.32E-05
2020,7,3,7,3,1,4.59E-05
2020,7,3,7,1,2,0.00022521
2020,7,3,7,1,3,0.000550682
2020,7,3,7,1,1,0.000854804
2020,7,3,9,1,2,0.00048998
2020,7,3,9,1,3,1.94E-05
2020,7,3,9,1,1,0.000405077
2020,7,3,1,1,2,0.007141464
2020,7,3,1,1,3,1.19E-05
2020,7,3,1,1,1,0.026259424
2020,7,3,2,16,2,7.54E-06
2020,7,3,2,16,3,9.69E-06
2020,7,3,2,16,1,0.001766563
2020,7,3,2,1,2,0.010914406
2020,7,3,2,1,3,1.31E-05
2020,7,3,2,1,1,0.055533638
2020,7,3,3,1,2,0.002180302
2020,7,3,3,1,1,0.011084403
2020,7,3,4,5,2,1.04E-06
2020,7,3,4,5,1,5.70E-05
2020,7,3,4,5,4,5.16E-06
2020,7,3,4,1,2,0.002806751
2020,7,3,4,1,1,0.009503027
2020,7,3,5,1,1,0.000912671
2020,7,4,1,4,1,0.000210253
2020,7,4,1,4,4,2.04E-06
2020,7,4,1,7,2,3.07E-06
2020,7,4,1,7,1,0.003483511
2020,7,4,1,7,4,0.000132995
2020,7,4,1,16,2,0.001155405
2020,7,4,1,16,3,0.000113142
2020,7,4,1,16,1,0.000534829
2020,7,4,1,5,1,8.94E-05
2020,7,4,1,5,4,3.28E-05
2020,7,4,1,1,2,0.083893787
2020,7,4,1,1,3,0.000592211
2020,7,4,1,1,1,0.108391228
2020,7,4,2,16,2,0.000242541
2020,7,4,2,16,1,0.006625203
2020,7,4,2,5,2,2.07E-06
2020,7,4,2,5,3,1.03E-06
2020,7,4,2,5,1,0.000478467
2020,7,4,2,5,4,2.07E-05
2020,7,4,2,6,2,1.02E-06
2020,7,4,2,6,1,2.64E-05
2020,7,4,2,1,2,0.012437546
2020,7,4,2,1,3,2.07E-05
2020,7,4,2,1,1,0.070974819
2020,7,4,3,5,1,5.12E-06
2020,7,4,3,1,2,0.002369432
2020,7,4,3,1,3,2.09E-06
2020,7,4,3,1,1,0.004699081
2020,7,4,4,15,2,5.09E-06
2020,7,4,4,15,1,0.003598655
2020,7,4,4,15,4,0.000144973
2020,7,4,4,16,2,4.10E-06
2020,7,4,4,16,1,0.000923608
2020,7,4,4,5,1,4.29E-06
2020,7,4,4,1,2,0.000964873
2020,7,4,4,1,1,0.008624027
2020,7,4,5,16,1,0.00000714
2020,7,4,5,1,2,0.000220926
2020,7,4,5,1,1,0.002254336
2020,7,4,6,5,2,3.10E-06
2020,7,4,6,5,1,0.000515255
2020,7,4,6,5,4,3.00E-05
2020,7,4,6,1,2,0.027040805
2020,7,4,6,1,3,0.000175836
2020,7,4,6,1,1,0.007366989
2020,7,4,7,3,2,7.73E-05
2020,7,4,7,3,3,4.57E-05
2020,7,4,7,3,1,6.61E-05
2020,7,4,9,1,2,0.001371585
2020,7,4,9,1,3,9.27E-06
2020,7,4,9,1,1,0.015159543
2020,7,4,10,1,2,7.63E-05
2020,7,4,10,1,1,0.000264796
2020,7,5,6,2,1,0.000456739
2020,7,5,6,2,4,1.23E-05
2020,7,5,6,1,2,0.002766373
2020,7,5,6,1,3,1.03E-06
2020,7,5,6,1,1,0.020315213
2020,7,5,9,1,2,0.000285818
2020,7,5,9,1,3,1.06E-06
2020,7,5,9,1,1,0.016078838
2020,7,5,11,2,1,0.00016553
2020,7,5,11,2,4,1.23E-05
2020,7,5,1,3,2,0.002314135
2020,7,5,1,3,3,4.05E-05
2020,7,5,1,3,1,0.001315003
2020,7,5,1,16,2,0.001652149
2020,7,5,1,16,1,0.000682375
2020,7,5,1,1,2,0.012620694
2020,7,5,1,1,3,0.000472516
2020,7,5,1,1,1,0.028375143
2020,7,5,2,16,2,6.12E-06
2020,7,5,2,16,1,0.001713051
2020,7,5,2,1,2,0.000470566
2020,7,5,2,1,3,4.09E-06
2020,7,5,2,1,1,0.024787435
2020,7,5,3,1,2,0.000334463
2020,7,5,3,1,1,0.001300538
2020,7,5,4,1,2,1.46E-05
2020,7,5,4,1,3,1.03E-06
2020,7,5,4,1,1,0.00352298
2020,7,5,5,7,1,0.000462685
2020,7,5,5,7,4,4.03E-05
2020,7,5,5,15,1,0.000929814
2020,7,5,5,15,4,6.59E-05
2020,7,5,5,5,1,6.18E-05
2020,7,5,5,5,4,7.06E-06
2020,7,5,5,1,2,0.000178054
2020,7,5,5,1,3,2.05E-06
2020,7,5,5,1,1,0.002683338
2020,7,6,1,1,2,3.13E-06
2020,7,6,1,1,1,0.000525622
2020,7,6,2,1,2,0.000121214
2020,7,6,2,1,1,0.000911651
2020,7,6,3,1,1,0.000259818
2020,7,6,4,1,2,2.06E-05
2020,7,6,4,1,1,0.003726497
2020,7,6,5,16,1,0.0000128
2020,7,6,5,1,2,2.88E-05
2020,7,6,5,1,1,0.001478528
2020,7,6,7,1,2,0.003421182
2020,7,6,7,1,3,0.000145051
2020,7,6,7,1,1,0.017419519
2020,7,6,8,3,2,0.002278549
2020,7,6,8,3,3,0.000960316
2020,7,6,8,3,1,0.005025873
2020,7,6,8,1,2,0.002818357
2020,7,6,8,1,3,0.002132689
2020,7,6,8,1,1,0.010236567
2020,7,6,9,1,2,0.007824776
2020,7,6,9,1,1,0.009991459
2020,7,6,11,1,2,0.003099244
2020,7,6,11,1,3,7.02E-06
2020,7,6,11,1,1,0.017869005
2020,7,7,6,1,2,0.006138906
2020,7,7,6,1,3,3.07E-06
2020,7,7,6,1,1,0.003333213
2020,7,7,7,16,2,0.000178611
2020,7,7,7,16,1,0.000211912
2020,7,7,7,1,2,0.003197672
2020,7,7,7,1,3,1.21E-05
2020,7,7,7,1,1,0.002318787
2020,7,7,8,1,2,0.004323834
2020,7,7,8,1,3,1.63E-05
2020,7,7,8,1,1,0.003587848
2020,7,7,9,16,2,2.24E-05
2020,7,7,9,16,3,1.43E-05
2020,7,7,9,16,1,0.008572161
2020,7,7,9,5,1,2.01E-05
2020,7,7,9,1,2,0.013116669
2020,7,7,9,1,3,2.12E-06
2020,7,7,9,1,1,0.040280097
2020,7,7,10,1,2,0.000754303
2020,7,7,10,1,1,0.00398024
2020,7,7,11,1,2,1.91E-05
2020,7,7,11,1,3,1.00E-06
2020,7,7,11,1,1,0.001665197
2020,7,7,1,15,2,1.02E-06
2020,7,7,1,15,3,5.20E-05
2020,7,7,1,15,1,0.000560569
2020,7,7,1,15,4,7.13E-05
2020,7,7,1,16,2,0.000273766
2020,7,7,1,16,3,1.04E-06
2020,7,7,1,16,1,0.002269606
2020,7,7,1,5,2,3.06E-06
2020,7,7,1,5,1,0.000139718
2020,7,7,1,5,4,2.04E-06
2020,7,7,1,6,3,7.38E-06
2020,7,7,1,6,4,1.48E-05
2020,7,7,1,1,2,0.035698859
2020,7,7,1,1,3,0.000497121
2020,7,7,1,1,1,0.187810419
2020,7,7,2,1,2,0.005232418
2020,7,7,2,1,3,8.31E-06
2020,7,7,2,1,1,0.07054054
2020,7,7,3,1,2,0.000232503
2020,7,7,3,1,1,0.001629372
2020,7,7,4,7,1,0.000211566
2020,7,7,4,7,4,8.14E-06
2020,7,7,4,15,2,1.02E-06
2020,7,7,4,15,1,0.000591186
2020,7,7,4,15,4,2.55E-05
2020,7,7,4,5,3,3.37E-06
2020,7,7,4,5,1,8.09E-05
2020,7,7,4,5,4,1.12E-05
2020,7,7,4,1,2,5.09E-05
2020,7,7,4,1,3,1.01E-06
2020,7,7,4,1,1,0.003418164
2020,7,8,6,1,2,0.012619112
2020,7,8,6,1,3,0.000249296
2020,7,8,6,1,1,0.027935541
2020,7,8,7,3,2,3.82E-06
2020,7,8,7,3,3,0.000119678
2020,7,8,7,3,1,2.06E-06
2020,7,8,7,1,2,0.002520807
2020,7,8,7,1,3,0.000215957
2020,7,8,7,1,1,0.019392586
2020,7,8,8,1,2,0.004947222
2020,7,8,8,1,3,0.000354085
2020,7,8,8,1,1,0.047997333
2020,7,8,9,16,2,3.06E-06
2020,7,8,9,16,3,4.04E-06
2020,7,8,9,16,1,0.002289908
2020,7,8,9,1,2,0.009901051
2020,7,8,9,1,3,2.28E-05
2020,7,8,9,1,1,0.088955624
2020,7,8,10,1,2,0.002671244
2020,7,8,10,1,1,0.018389982
2020,7,8,11,7,2,4.17E-06
2020,7,8,11,7,1,0.000146773
2020,7,8,11,7,4,8.29E-06
2020,7,8,11,15,1,0.000339628
2020,7,8,11,15,4,3.96E-05
2020,7,8,11,16,2,5.77E-06
2020,7,8,11,16,3,2.41E-05
2020,7,8,11,16,1,0.00113992
2020,7,8,11,5,2,1.03E-06
2020,7,8,11,5,1,0.000838293
2020,7,8,11,5,4,7.65E-05
2020,7,8,11,2,3,1.07E-06
2020,7,8,11,2,1,9.97E-05
2020,7,8,11,2,4,1.93E-05
2020,7,8,11,1,2,0.00640305
2020,7,8,11,1,3,0.000233771
2020,7,8,11,1,1,0.081095999
2020,7,8,1,1,2,0.008516494
2020,7,8,1,1,3,2.04E-05
2020,7,8,1,1,1,0.046395698
2020,7,8,2,1,2,1.56E-05
2020,7,8,2,1,1,0.007609423
2020,7,8,3,1,2,0.001394949
2020,7,8,3,1,3,2.08E-06
2020,7,8,3,1,1,0.013255847
2020,7,8,4,15,3,9.47E-07
2020,7,8,4,15,1,0.002609976
2020,7,8,4,15,4,0.000104172
2020,7,8,4,14,4,3.08E-06
2020,7,8,4,16,1,0.000176041
2020,7,8,4,5,1,4.03E-06
2020,7,8,4,1,2,0.000141352
2020,7,8,4,1,1,0.015477488
2020,7,8,5,15,1,0.000898959
2020,7,8,5,15,4,0.000104221
2020,7,8,5,1,1,8.70E-05
2020,8,1,2,1,1,0.000583593
2020,8,1,3,1,1,0.000129381
2020,8,1,5,6,1,3.17E-06
2020,8,1,5,1,2,4.10E-06
2020,8,1,5,1,1,0.000670403
2020,8,1,8,2,3,2.02E-06
2020,8,1,8,2,1,0.00025067
2020,8,1,8,2,4,4.65E-05
2020,8,1,8,1,2,0.000255795
2020,8,1,8,1,3,0.000137823
2020,8,1,8,1,1,0.00437242
2020,8,1,9,1,2,0.00028971
2020,8,1,9,1,3,7.08E-05
2020,8,1,9,1,1,0.022089876
2020,8,1,11,2,1,0.000446741
2020,8,1,11,2,4,4.36E-05
2020,8,1,11,1,3,2.01E-06
2020,8,1,11,1,1,0.001030493
2020,8,2,1,1,2,0.001406511
2020,8,2,1,1,3,5.24E-06
2020,8,2,1,1,1,0.004519395
2020,8,2,2,1,1,1.04E-06
2020,8,2,3,4,1,1.48E-05
2020,8,2,3,4,4,2.11E-06
2020,8,2,3,1,2,8.26E-06
2020,8,2,3,1,1,0.001619703
2020,8,2,4,7,1,4.64E-05
2020,8,2,4,7,4,2.02E-06
2020,8,2,4,6,1,3.77E-05
2020,8,2,4,6,4,2.03E-06
2020,8,2,4,1,2,7.85E-05
2020,8,2,4,1,3,2.11E-06
2020,8,2,4,1,1,0.004651989
2020,8,2,5,16,1,1.45E-06
2020,8,2,5,5,1,1.04E-05
2020,8,2,5,6,1,1.01E-05
2020,8,2,5,1,2,1.71E-06
2020,8,2,5,1,1,0.000957813
2020,8,2,6,2,1,0.000536539
2020,8,2,6,2,4,6.41E-05
2020,8,2,6,1,2,0.00242179
2020,8,2,6,1,3,0.000604036
2020,8,2,6,1,1,0.026959106
2020,8,2,7,3,2,0.000504708
2020,8,2,7,3,3,0.000780471
2020,8,2,7,3,1,0.003582727
2020,8,2,7,2,3,1.01E-06
2020,8,2,7,2,1,4.01E-06
2020,8,2,7,2,4,4.99E-06
2020,8,2,7,1,2,0.000259243
2020,8,2,7,1,3,0.000345701
2020,8,2,7,1,1,0.011984846
2020,8,2,8,3,2,4.02E-05
2020,8,2,8,3,3,4.90E-06
2020,8,2,8,3,1,0.000136848
2020,8,2,8,2,2,2.01E-06
2020,8,2,8,2,3,5.03E-06
2020,8,2,8,2,1,0.002608851
2020,8,2,8,2,4,0.000371193
2020,8,2,8,1,2,0.003092114
2020,8,2,8,1,3,0.000668498
2020,8,2,8,1,1,0.022749074
2020,8,2,9,1,2,5.50E-05
2020,8,2,9,1,3,2.24E-05
2020,8,2,9,1,1,0.014076854
2020,8,2,11,3,2,2.70E-08
2020,8,2,11,3,1,1.86E-06
2020,8,2,11,2,2,1.02E-06
2020,8,2,11,2,3,2.03E-06
2020,8,2,11,2,1,0.002609248
2020,8,2,11,2,4,0.00034895
2020,8,2,11,1,2,0.000319335
2020,8,2,11,1,3,0.000492406
2020,8,2,11,1,1,0.020474297
2020,8,3,7,3,2,2.19E-07
2020,8,3,7,3,3,8.83E-06
2020,8,3,7,3,1,2.39E-05
2020,8,3,7,1,2,1.75E-05
2020,8,3,7,1,3,0.00023758
2020,8,3,7,1,1,0.000348861
2020,8,3,9,1,2,1.74E-05
2020,8,3,9,1,3,2.05E-05
2020,8,3,9,1,1,0.000260845
2020,8,3,1,1,2,0.000977181
2020,8,3,1,1,3,2.67E-05
2020,8,3,1,1,1,0.009528992
2020,8,3,2,16,2,3.06E-06
2020,8,3,2,16,3,7.54E-06
2020,8,3,2,16,1,0.002038185
2020,8,3,2,1,2,0.002202363
2020,8,3,2,1,3,1.72E-05
2020,8,3,2,1,1,0.026299468
2020,8,3,3,1,2,0.000225062
2020,8,3,3,1,1,0.007795112
2020,8,3,4,5,1,7.32E-05
2020,8,3,4,5,4,5.27E-06
2020,8,3,4,1,2,0.00037864
2020,8,3,4,1,1,0.005194586
2020,8,3,5,1,2,1.03E-06
2020,8,3,5,1,1,0.0004345
2020,8,4,1,4,3,2.45E-05
2020,8,4,1,4,1,0.000589932
2020,8,4,1,4,4,1.84E-05
2020,8,4,1,7,3,2.55E-05
2020,8,4,1,7,1,0.003689781
2020,8,4,1,7,4,0.000220624
2020,8,4,1,16,2,1.97E-05
2020,8,4,1,16,3,0.000274967
2020,8,4,1,16,1,0.000654436
2020,8,4,1,5,3,6.14E-06
2020,8,4,1,5,1,0.000189471
2020,8,4,1,5,4,4.00E-05
2020,8,4,1,1,2,0.010586076
2020,8,4,1,1,3,0.000509462
2020,8,4,1,1,1,0.042146614
2020,8,4,2,16,2,0.000123924
2020,8,4,2,16,3,6.41E-05
2020,8,4,2,16,1,0.005387816
2020,8,4,2,5,3,1.24E-05
2020,8,4,2,5,1,0.000776088
2020,8,4,2,5,4,5.89E-05
2020,8,4,2,6,1,5.69E-05
2020,8,4,2,6,4,2.03E-06
2020,8,4,2,1,2,0.001704283
2020,8,4,2,1,3,1.63E-05
2020,8,4,2,1,1,0.029071452
2020,8,4,3,5,1,1.64E-05
2020,8,4,3,5,4,1.02E-06
2020,8,4,3,1,2,0.000290088
2020,8,4,3,1,1,0.003136596
2020,8,4,4,15,2,1.03E-06
2020,8,4,4,15,1,0.00488929
2020,8,4,4,15,4,0.000277506
2020,8,4,4,16,1,0.000548031
2020,8,4,4,5,1,1.50E-05
2020,8,4,4,5,4,1.07E-06
2020,8,4,4,1,2,0.0001139
2020,8,4,4,1,1,0.003653879
2020,8,4,5,16,1,0.00000598
2020,8,4,5,1,2,4.02E-06
2020,8,4,5,1,3,2.04E-06
2020,8,4,5,1,1,0.001084972
2020,8,4,6,5,3,1.03E-05
2020,8,4,6,5,1,0.000508012
2020,8,4,6,5,4,5.07E-05
2020,8,4,6,1,2,0.004530137
2020,8,4,6,1,3,0.000109495
2020,8,4,6,1,1,0.003695996
2020,8,4,7,3,3,0.000138066
2020,8,4,7,3,1,4.28E-05
2020,8,4,9,1,2,0.000202844
2020,8,4,9,1,3,0.000101697
2020,8,4,9,1,1,0.007377736
2020,8,4,10,1,1,0.000298496
2020,8,5,6,2,1,0.000426085
2020,8,5,6,2,4,1.43E-05
2020,8,5,6,1,2,0.001020471
2020,8,5,6,1,3,1.44E-05
2020,8,5,6,1,1,0.013066641
2020,8,5,9,1,2,0.001088197
2020,8,5,9,1,3,1.53E-05
2020,8,5,9,1,1,0.014295672
2020,8,5,11,2,1,0.000289166
2020,8,5,11,2,4,3.17E-05
2020,8,5,1,3,2,0.000241548
2020,8,5,1,3,3,3.12E-05
2020,8,5,1,3,1,0.000351343
2020,8,5,1,16,2,3.07E-06
2020,8,5,1,16,3,9.67E-06
2020,8,5,1,16,1,0.000855076
2020,8,5,1,1,2,0.002366062
2020,8,5,1,1,3,0.000176182
2020,8,5,1,1,1,0.010877
2020,8,5,2,16,3,4.08E-06
2020,8,5,2,16,1,0.000990103
2020,8,5,2,1,2,8.17E-06
2020,8,5,2,1,3,1.02E-05
2020,8,5,2,1,1,0.011987981
2020,8,5,3,1,2,9.97E-05
2020,8,5,3,1,1,0.000836058
2020,8,5,4,1,2,1.04E-06
2020,8,5,4,1,1,0.001049611
2020,8,5,5,7,1,0.000393774
2020,8,5,5,7,4,9.01E-05
2020,8,5,5,15,1,0.001076834
2020,8,5,5,15,4,0.000123715
2020,8,5,5,5,1,6.51E-05
2020,8,5,5,5,4,1.35E-05
2020,8,5,5,1,2,1.55E-05
2020,8,5,5,1,1,0.001117136
2020,8,6,1,1,1,0.000224224
2020,8,6,2,1,2,5.09E-06
2020,8,6,2,1,1,0.00057653
2020,8,6,3,1,3,1.02E-06
2020,8,6,3,1,1,0.000109021
2020,8,6,4,1,2,2.09E-06
2020,8,6,4,1,1,0.002045279
2020,8,6,5,16,1,7.47E-06
2020,8,6,5,1,2,5.98E-06
2020,8,6,5,1,1,0.000952779
2020,8,6,7,1,2,0.000260884
2020,8,6,7,1,3,0.00017633
2020,8,6,7,1,1,0.003493761
2020,8,6,8,3,2,0.001272772
2020,8,6,8,3,3,0.000439147
2020,8,6,8,3,1,0.002128412
2020,8,6,8,1,2,0.001476882
2020,8,6,8,1,3,0.000632791
2020,8,6,8,1,1,0.002745651
2020,8,6,9,1,2,0.000960099
2020,8,6,9,1,1,0.002169792
2020,8,6,11,1,2,0.001534884
2020,8,6,11,1,3,3.01E-06
2020,8,6,11,1,1,0.007224992
2020,8,7,6,1,2,0.001106648
2020,8,7,6,1,3,7.48E-05
2020,8,7,6,1,1,0.009026982
2020,8,7,7,16,2,5.05E-06
2020,8,7,7,16,3,5.25E-05
2020,8,7,7,16,1,0.001098914
2020,8,7,7,1,2,0.000687988
2020,8,7,7,1,3,0.000157094
2020,8,7,7,1,1,0.007678675
2020,8,7,8,1,2,0.001292515
2020,8,7,8,1,3,0.000175045
2020,8,7,8,1,1,0.013038139
2020,8,7,9,16,2,2.86E-05
2020,8,7,9,16,3,5.31E-05
2020,8,7,9,16,1,0.011036295
2020,8,7,9,5,1,8.35E-05
2020,8,7,9,5,4,1.01E-06
2020,8,7,9,1,2,0.004569566
2020,8,7,9,1,3,0.000117831
2020,8,7,9,1,1,0.077503626
2020,8,7,10,1,2,0.000122465
2020,8,7,10,1,3,1.02E-06
2020,8,7,10,1,1,0.002383321
2020,8,7,11,1,3,1.00E-06
2020,8,7,11,1,1,0.0014042
2020,8,7,1,15,3,0.000124342
2020,8,7,1,15,1,0.000766575
2020,8,7,1,15,4,8.16E-05
2020,8,7,1,16,2,0.000115153
2020,8,7,1,16,3,4.14E-06
2020,8,7,1,16,1,0.001343362
2020,8,7,1,5,3,8.16E-06
2020,8,7,1,5,1,0.000305951
2020,8,7,1,5,4,6.12E-06
2020,8,7,1,6,1,2.46E-06
2020,8,7,1,1,2,0.003574887
2020,8,7,1,1,3,0.000204437
2020,8,7,1,1,1,0.059985445
2020,8,7,2,1,2,0.000602441
2020,8,7,2,1,3,3.10E-06
2020,8,7,2,1,1,0.022533706
2020,8,7,3,1,2,1.57E-05
2020,8,7,3,1,1,0.000384376
2020,8,7,4,7,2,3.25E-05
2020,8,7,4,7,1,0.000332606
2020,8,7,4,7,4,9.15E-06
2020,8,7,4,15,3,1.02E-06
2020,8,7,4,15,1,0.000834079
2020,8,7,4,15,4,4.08E-05
2020,8,7,4,5,3,4.83E-05
2020,8,7,4,5,1,0.000119154
2020,8,7,4,5,4,6.63E-05
2020,8,7,4,1,2,2.03E-06
2020,8,7,4,1,1,0.001088471
2020,8,8,6,1,2,0.002691986
2020,8,8,6,1,3,0.000272657
2020,8,8,6,1,1,0.017956245
2020,8,8,7,3,3,7.46E-05
2020,8,8,7,3,1,7.63E-07
2020,8,8,7,1,2,0.000607824
2020,8,8,7,1,3,0.000253732
2020,8,8,7,1,1,0.009585027
2020,8,8,8,1,2,0.000493084
2020,8,8,8,1,3,0.000249911
2020,8,8,8,1,1,0.01591629
2020,8,8,9,16,2,1.02E-06
2020,8,8,9,16,3,1.92E-05
2020,8,8,9,16,1,0.002877344
2020,8,8,9,1,2,0.002833224
2020,8,8,9,1,3,1.85E-05
2020,8,8,9,1,1,0.049249945
2020,8,8,10,1,2,0.000423456
2020,8,8,10,1,3,4.06E-06
2020,8,8,10,1,1,0.014564929
2020,8,8,11,7,1,0.000257993
2020,8,8,11,7,4,1.97E-05
2020,8,8,11,15,1,0.000373158
2020,8,8,11,15,4,7.55E-05
2020,8,8,11,16,3,2.86E-05
2020,8,8,11,16,1,0.001428968
2020,8,8,11,5,1,0.001328693
2020,8,8,11,5,4,0.000126636
2020,8,8,11,2,1,9.66E-05
2020,8,8,11,2,4,1.85E-05
2020,8,8,11,1,2,0.001447662
2020,8,8,11,1,3,0.000592661
2020,8,8,11,1,1,0.041571773
2020,8,8,1,1,2,0.00043024
2020,8,8,1,1,3,1.42E-05
2020,8,8,1,1,1,0.015995278
2020,8,8,2,1,1,0.001615008
2020,8,8,3,1,2,0.000157817
2020,8,8,3,1,1,0.002744177
2020,8,8,4,15,1,0.004099632
2020,8,8,4,15,4,0.000219708
2020,8,8,4,16,1,0.000243067
2020,8,8,4,5,1,9.07E-06
2020,8,8,4,5,4,1.01E-06
2020,8,8,4,1,2,4.39E-06
2020,8,8,4,1,1,0.002546995
2020,8,8,5,15,1,0.000991091
2020,8,8,5,15,4,0.00020309
2020,8,8,5,1,1,8.55E-05
2020,9,1,2,1,1,0.002332016
2020,9,1,3,1,1,0.000540075
2020,9,1,5,6,1,3.17E-06
2020,9,1,5,1,2,1.13E-05
2020,9,1,5,1,1,0.002803988
2020,9,1,8,2,3,7.07E-06
2020,9,1,8,2,1,0.000323536
2020,9,1,8,2,4,7.84E-05
2020,9,1,8,1,2,0.000218153
2020,9,1,8,1,3,0.000270141
2020,9,1,8,1,1,0.006647462
2020,9,1,9,1,2,0.000738609
2020,9,1,9,1,3,0.000177664
2020,9,1,9,1,1,0.0464542
2020,9,1,11,2,1,0.000460947
2020,9,1,11,2,4,4.16E-05
2020,9,1,11,1,3,1.00E-06
2020,9,1,11,1,1,0.00081647
2020,9,2,1,1,2,0.004764106
2020,9,2,1,1,3,2.09E-06
2020,9,2,1,1,1,0.008608538
2020,9,2,3,4,1,0.000115033
2020,9,2,3,4,4,1.16E-05
2020,9,2,3,1,2,3.01E-05
2020,9,2,3,1,1,0.008612258
2020,9,2,4,7,1,0.000329754
2020,9,2,4,7,4,0.000115082
2020,9,2,4,14,3,2.03E-06
2020,9,2,4,14,1,0.000231874
2020,9,2,4,14,4,8.10E-06
2020,9,2,4,6,1,0.000689257
2020,9,2,4,6,4,3.37E-05
2020,9,2,4,1,2,0.000712278
2020,9,2,4,1,3,1.05E-06
2020,9,2,4,1,1,0.012968496
2020,9,2,5,16,1,1.45E-06
2020,9,2,5,5,1,3.85E-05
2020,9,2,5,5,4,8.31E-06
2020,9,2,5,6,1,3.03E-05
2020,9,2,5,6,4,5.06E-06
2020,9,2,5,1,2,1.04E-06
2020,9,2,5,1,1,0.003248132
2020,9,2,6,2,1,0.000751154
2020,9,2,6,2,4,8.03E-05
2020,9,2,6,1,2,0.001270434
2020,9,2,6,1,3,0.000108842
2020,9,2,6,1,1,0.02964696
2020,9,2,7,3,2,0.000112794
2020,9,2,7,3,3,0.000868791
2020,9,2,7,3,1,0.004571295
2020,9,2,7,2,3,2.02E-06
2020,9,2,7,2,1,1.21E-05
2020,9,2,7,2,4,1.79E-05
2020,9,2,7,1,2,0.000209437
2020,9,2,7,1,3,0.000635011
2020,9,2,7,1,1,0.019593198
2020,9,2,8,3,2,1.67E-05
2020,9,2,8,3,3,2.71E-06
2020,9,2,8,3,1,0.000222242
2020,9,2,8,2,2,1.01E-06
2020,9,2,8,2,3,2.00E-06
2020,9,2,8,2,1,0.004467919
2020,9,2,8,2,4,0.000451356
2020,9,2,8,1,2,0.001252762
2020,9,2,8,1,3,0.000384966
2020,9,2,8,1,1,0.03560413
2020,9,2,9,1,2,0.00010173
2020,9,2,9,1,3,4.60E-05
2020,9,2,9,1,1,0.020535536
2020,9,2,11,3,1,3.16E-06
2020,9,2,11,2,3,2.02E-06
2020,9,2,11,2,1,0.003869755
2020,9,2,11,2,4,0.000473649
2020,9,2,11,1,2,0.000176907
2020,9,2,11,1,3,0.000203906
2020,9,2,11,1,1,0.018597349
2020,9,3,7,3,2,5.10E-07
2020,9,3,7,3,3,1.89E-05
2020,9,3,7,3,1,0.000101279
2020,9,3,7,1,2,3.17E-05
2020,9,3,7,1,3,0.000448608
2020,9,3,7,1,1,0.002013589
2020,9,3,9,1,2,1.53E-05
2020,9,3,9,1,3,1.64E-05
2020,9,3,9,1,1,0.001491421
2020,9,3,1,1,2,0.001756655
2020,9,3,1,1,3,1.27E-05
2020,9,3,1,1,1,0.016735306
2020,9,3,2,16,2,1.08E-05
2020,9,3,2,16,3,4.63E-05
2020,9,3,2,16,1,0.013245167
2020,9,3,2,1,2,0.003176093
2020,9,3,2,1,3,1.42E-05
2020,9,3,2,1,1,0.092451922
2020,9,3,3,1,2,5.68E-05
2020,9,3,3,1,1,0.01761541
2020,9,3,4,5,2,4.11E-06
2020,9,3,4,5,1,0.001259987
2020,9,3,4,5,4,0.000102919
2020,9,3,4,1,2,0.000188028
2020,9,3,4,1,1,0.025631357
2020,9,3,5,1,1,0.002062855
2020,9,4,1,4,3,1.22E-05
2020,9,4,1,4,1,0.002176012
2020,9,4,1,4,4,8.17E-05
2020,9,4,1,7,2,1.02E-06
2020,9,4,1,7,3,1.33E-05
2020,9,4,1,7,1,0.026298598
2020,9,4,1,7,4,0.000627168
2020,9,4,1,16,2,2.25E-05
2020,9,4,1,16,3,0.000379369
2020,9,4,1,16,1,0.004996765
2020,9,4,1,5,2,2.06E-06
2020,9,4,1,5,3,0.0001386
2020,9,4,1,5,1,0.003086881
2020,9,4,1,5,4,0.000441925
2020,9,4,1,1,2,0.011236791
2020,9,4,1,1,3,0.000660167
2020,9,4,1,1,1,0.090041309
2020,9,4,2,16,2,0.000148569
2020,9,4,2,16,3,0.000193669
2020,9,4,2,16,1,0.029492607
2020,9,4,2,5,2,2.07E-06
2020,9,4,2,5,3,7.23E-05
2020,9,4,2,5,1,0.009878328
2020,9,4,2,5,4,0.000447465
2020,9,4,2,6,3,0.000250925
2020,9,4,2,6,1,0.00221972
2020,9,4,2,6,4,9.75E-05
2020,9,4,2,1,2,0.003751695
2020,9,4,2,1,3,3.87E-05
2020,9,4,2,1,1,0.122336771
2020,9,4,3,5,1,2.46E-05
2020,9,4,3,1,2,0.000235015
2020,9,4,3,1,1,0.00806543
2020,9,4,4,15,2,1.03E-06
2020,9,4,4,15,3,1.03E-06
2020,9,4,4,15,1,0.021285474
2020,9,4,4,15,4,0.000751848
2020,9,4,4,14,1,0.000264375
2020,9,4,4,14,4,0.000005625
2020,9,4,4,16,2,1.03E-06
2020,9,4,4,16,1,0.001865938
2020,9,4,4,5,1,4.61E-05
2020,9,4,4,5,4,5.36E-06
2020,9,4,4,1,2,3.99E-05
2020,9,4,4,1,3,1.03E-06
2020,9,4,4,1,1,0.014234859
2020,9,4,5,16,1,0.00001214
2020,9,4,5,1,2,1.02E-06
2020,9,4,5,1,3,1.02E-06
2020,9,4,5,1,1,0.003595737
2020,9,4,6,5,2,3.10E-06
2020,9,4,6,5,3,6.31E-05
2020,9,4,6,5,1,0.00253282
2020,9,4,6,5,4,0.000197618
2020,9,4,6,1,2,0.002200494
2020,9,4,6,1,3,9.48E-05
2020,9,4,6,1,1,0.004733976
2020,9,4,7,3,2,2.11E-05
2020,9,4,7,3,3,0.000165833
2020,9,4,7,3,1,0.000160079
2020,9,4,9,1,2,0.000585155
2020,9,4,9,1,3,7.12E-05
2020,9,4,9,1,1,0.02122346
2020,9,4,10,1,2,0.000159638
2020,9,4,10,1,3,1.97E-05
2020,9,4,10,1,1,0.002377494
2020,9,5,6,2,2,2.04E-06
2020,9,5,6,2,1,0.000734665
2020,9,5,6,2,4,1.94E-05
2020,9,5,6,1,2,0.004573567
2020,9,5,6,1,3,8.19E-06
2020,9,5,6,1,1,0.018680457
2020,9,5,9,1,2,0.000813496
2020,9,5,9,1,3,1.44E-05
2020,9,5,9,1,1,0.017951594
2020,9,5,11,2,1,0.000372952
2020,9,5,11,2,4,3.17E-05
2020,9,5,1,3,2,0.000412997
2020,9,5,1,3,3,2.20E-05
2020,9,5,1,3,1,0.000465361
2020,9,5,1,16,2,0.000900711
2020,9,5,1,16,3,2.26E-05
2020,9,5,1,16,1,0.004518288
2020,9,5,1,1,2,0.005301871
2020,9,5,1,1,3,0.000569011
2020,9,5,1,1,1,0.023148414
2020,9,5,2,16,1,0.005982423
2020,9,5,2,1,2,0.000598494
2020,9,5,2,1,3,1.34E-05
2020,9,5,2,1,1,0.054140263
2020,9,5,3,1,2,0.000273164
2020,9,5,3,1,1,0.003752687
2020,9,5,4,1,2,1.05E-06
2020,9,5,4,1,1,0.003344798
2020,9,5,5,7,1,0.001522571
2020,9,5,5,7,4,0.000166305
2020,9,5,5,15,1,0.004746239
2020,9,5,5,15,4,0.000291093
2020,9,5,5,5,1,0.000291042
2020,9,5,5,5,4,5.21E-05
2020,9,5,5,1,2,2.58E-05
2020,9,5,5,1,1,0.006051595
2020,9,6,1,1,1,0.000774875
2020,9,6,2,1,2,8.15E-06
2020,9,6,2,1,1,0.001939423
2020,9,6,3,1,1,0.000177287
2020,9,6,4,1,2,5.11E-06
2020,9,6,4,1,1,0.005035026
2020,9,6,5,16,1,2.35E-05
2020,9,6,5,1,1,0.003268244
2020,9,6,7,1,2,0.000308887
2020,9,6,7,1,3,0.000177692
2020,9,6,7,1,1,0.003483133
2020,9,6,8,3,2,0.001078827
2020,9,6,8,3,3,0.000299786
2020,9,6,8,3,1,0.003001162
2020,9,6,8,1,2,0.001234316
2020,9,6,8,1,3,0.000430212
2020,9,6,8,1,1,0.004347615
2020,9,6,9,1,2,0.000363625
2020,9,6,9,1,1,0.003579931
2020,9,6,11,1,2,0.00072734
2020,9,6,11,1,3,2.03E-06
2020,9,6,11,1,1,0.00992427
2020,9,7,6,1,2,0.00161686
2020,9,7,6,1,3,2.98E-05
2020,9,7,6,1,1,0.007532415
2020,9,7,7,16,2,4.04E-06
2020,9,7,7,16,3,0.000176593
2020,9,7,7,16,1,0.002187737
2020,9,7,7,1,2,0.001817912
2020,9,7,7,1,3,0.000209504
2020,9,7,7,1,1,0.006402833
2020,9,7,8,1,2,0.001475614
2020,9,7,8,1,3,5.80E-05
2020,9,7,8,1,1,0.009474588
2020,9,7,9,16,2,7.18E-06
2020,9,7,9,16,3,0.000142004
2020,9,7,9,16,1,0.038986602
2020,9,7,9,5,3,1.01E-06
2020,9,7,9,5,1,0.001845575
2020,9,7,9,5,4,5.33E-05
2020,9,7,9,1,2,0.005638632
2020,9,7,9,1,3,5.97E-05
2020,9,7,9,1,1,0.122884876
2020,9,7,10,1,2,6.54E-05
2020,9,7,10,1,1,0.008673869
2020,9,7,11,1,1,0.002901642
2020,9,7,1,15,2,6.12E-06
2020,9,7,1,15,3,0.000404683
2020,9,7,1,15,1,0.00863239
2020,9,7,1,15,4,0.000598505
2020,9,7,1,16,2,0.000136911
2020,9,7,1,16,3,8.80E-05
2020,9,7,1,16,1,0.006202368
2020,9,7,1,5,2,4.08E-05
2020,9,7,1,5,3,9.18E-06
2020,9,7,1,5,1,0.001283975
2020,9,7,1,5,4,4.08E-05
2020,9,7,1,6,3,0.000039375
2020,9,7,1,6,1,4.92E-06
2020,9,7,1,1,2,0.006383428
2020,9,7,1,1,3,0.000191868
2020,9,7,1,1,1,0.091761393
2020,9,7,2,1,2,0.000749226
2020,9,7,2,1,3,1.25E-05
2020,9,7,2,1,1,0.087633844
2020,9,7,3,1,2,7.33E-06
2020,9,7,3,1,1,0.002681796
2020,9,7,4,7,2,3.25E-05
2020,9,7,4,7,3,1.22E-05
2020,9,7,4,7,1,0.00264864
2020,9,7,4,7,4,6.61E-05
2020,9,7,4,15,2,4.08E-06
2020,9,7,4,15,3,4.09E-06
2020,9,7,4,15,1,0.005917099
2020,9,7,4,15,4,0.00019601
2020,9,7,4,5,3,7.53E-05
2020,9,7,4,5,1,0.000254046
2020,9,7,4,5,4,6.18E-05
2020,9,7,4,1,2,2.03E-06
2020,9,7,4,1,1,0.004727564
2020,9,8,6,1,2,0.000697199
2020,9,8,6,1,3,0.000113076
2020,9,8,6,1,1,0.016976162
2020,9,8,7,3,3,0.000138225
2020,9,8,7,3,1,4.88E-06
2020,9,8,7,1,2,0.000861043
2020,9,8,7,1,3,0.00034887
2020,9,8,7,1,1,0.015165384
2020,9,8,8,1,2,0.001311317
2020,9,8,8,1,3,0.000132748
2020,9,8,8,1,1,0.023067863
2020,9,8,9,16,2,1.01E-05
2020,9,8,9,16,3,1.01E-05
2020,9,8,9,16,1,0.007897276
2020,9,8,9,1,2,0.003591705
2020,9,8,9,1,3,5.68E-05
2020,9,8,9,1,1,0.095329822
2020,9,8,10,1,2,0.000316848
2020,9,8,10,1,1,0.035916382
2020,9,8,11,7,1,0.000921507
2020,9,8,11,7,4,5.89E-05
2020,9,8,11,15,2,2.88E-07
2020,9,8,11,15,1,0.002046312
2020,9,8,11,15,4,0.000166942
2020,9,8,11,16,2,2.49E-06
2020,9,8,11,16,3,0.000108608
2020,9,8,11,16,1,0.004731952
2020,9,8,11,5,1,0.005642628
2020,9,8,11,5,4,0.000429092
2020,9,8,11,2,1,0.000387389
2020,9,8,11,2,4,4.62E-05
2020,9,8,11,1,2,0.001555991
2020,9,8,11,1,3,0.000541413
2020,9,8,11,1,1,0.102454045
2020,9,8,1,1,2,0.001582252
2020,9,8,1,1,3,1.62E-05
2020,9,8,1,1,1,0.022559084
2020,9,8,2,1,2,3.16E-06
2020,9,8,2,1,1,0.005416791
2020,9,8,3,1,2,0.000210124
2020,9,8,3,1,1,0.01630143
2020,9,8,4,15,1,0.017852197
2020,9,8,4,15,4,0.000499077
2020,9,8,4,14,1,0.000219919
2020,9,8,4,14,4,2.58E-05
2020,9,8,4,16,2,5.78E-07
2020,9,8,4,16,1,0.000808747
2020,9,8,4,5,1,4.53E-05
2020,9,8,4,5,4,2.02E-06
2020,9,8,4,1,2,1.67E-05
2020,9,8,4,1,1,0.011277119
2020,9,8,5,15,2,7.24E-07
2020,9,8,5,15,1,0.005366788
2020,9,8,5,15,4,0.000445865
2020,9,8,5,1,3,1.02E-06
2020,9,8,5,1,1,0.00029945
2020,1,1,2,1,4,3.92E-06
2020,1,1,3,1,4,2.16E-06
2020,1,1,5,1,4,4.37E-05
2020,1,1,8,1,4,0.000441003
2020,1,1,9,1,4,0.000717028
2020,1,1,11,1,4,2.30E-05
2020,1,2,1,1,4,4.18E-05
2020,1,2,3,1,4,4.92E-05
2020,1,2,4,1,4,0.000108554
2020,1,2,5,1,4,5.60E-05
2020,1,2,6,1,4,0.001086286
2020,1,2,7,3,4,0.001194459
2020,1,2,7,1,4,0.001200155
2020,1,2,8,3,4,1.62E-05
2020,1,2,8,1,4,0.002468213
2020,1,2,9,1,4,0.000574609
2020,1,2,11,3,4,5.30E-07
2020,1,2,11,1,4,0.001175998
2020,1,3,7,3,4,7.67E-05
2020,1,3,7,1,4,0.001410391
2020,1,3,9,1,4,0.000577235
2020,1,3,1,1,4,0.00022483
2020,1,3,2,16,4,6.26E-05
2020,1,3,2,1,4,0.000525711
2020,1,3,3,1,4,8.61E-05
2020,1,3,4,1,4,0.000253899
2020,1,3,5,1,4,3.12E-05
2020,1,4,1,16,4,7.71E-05
2020,1,4,1,1,4,0.001511619
2020,1,4,2,16,4,0.000185709
2020,1,4,2,1,4,0.000553358
2020,1,4,3,1,4,5.86E-05
2020,1,4,4,16,4,2.05E-05
2020,1,4,4,1,4,0.000302286
2020,1,4,5,16,4,0.000002204
2020,1,4,5,1,4,0.00013472
2020,1,4,6,1,4,0.000720888
2020,1,4,7,3,4,0.000441793
2020,1,4,9,1,4,0.000880157
2020,1,4,10,1,4,0.000438863
2020,1,5,6,1,4,0.000250274
2020,1,5,9,1,4,0.000133919
2020,1,5,1,3,4,2.25E-05
2020,1,5,1,16,4,2.70E-05
2020,1,5,1,1,4,0.000210854
2020,1,5,2,16,4,1.26E-05
2020,1,5,2,1,4,0.000303309
2020,1,5,3,1,4,2.74E-05
2020,1,5,4,1,4,3.12E-05
2020,1,5,5,1,4,0.000217078
2020,1,6,1,1,4,9.91E-07
2020,1,6,2,1,4,9.68E-07
2020,1,6,4,1,4,4.75E-05
2020,1,6,5,1,4,7.04E-05
2020,1,6,7,1,4,0.000146589
2020,1,6,8,3,4,0.00022449
2020,1,6,8,1,4,0.000256611
2020,1,6,9,1,4,7.96E-05
2020,1,6,11,1,4,0.000663351
2020,1,7,6,1,4,0.000470501
2020,1,7,7,16,4,8.05E-05
2020,1,7,7,1,4,0.000768186
2020,1,7,8,1,4,0.001599671
2020,1,7,9,16,4,0.000345443
2020,1,7,9,1,4,0.002281645
2020,1,7,10,1,4,0.000104254
2020,1,7,11,1,4,7.75E-05
2020,1,7,1,16,4,2.86E-05
2020,1,7,1,1,4,0.000999937
2020,1,7,2,1,4,0.000213366
2020,1,7,3,1,4,2.92E-06
2020,1,7,4,1,4,1.26E-05
2020,1,8,6,1,4,0.000710586
2020,1,8,7,3,4,3.88E-05
2020,1,8,7,1,4,0.000796234
2020,1,8,8,1,4,0.00060109
2020,1,8,9,16,4,0.000118941
2020,1,8,9,1,4,0.001234431
2020,1,8,10,1,4,0.000797336
2020,1,8,11,16,4,4.39E-05
2020,1,8,11,1,4,0.003596883
2020,1,8,1,1,4,0.00032068
2020,1,8,2,1,4,9.88E-07
2020,1,8,3,1,4,9.72E-06
2020,1,8,4,16,4,4.76E-06
2020,1,8,4,1,4,4.88E-05
2020,1,8,5,1,4,9.68E-06
2020,2,1,2,1,4,1.08E-05
2020,2,1,3,1,4,8.63E-06
2020,2,1,5,1,4,0.000142888
2020,2,1,8,1,4,0.000944659
2020,2,1,9,1,4,0.00089967
2020,2,1,11,1,4,4.59E-05
2020,2,2,1,1,4,0.00017416
2020,2,2,3,1,4,0.00012628
2020,2,2,4,1,4,0.000377209
2020,2,2,5,1,4,0.000294725
2020,2,2,6,1,4,0.002963496
2020,2,2,7,3,4,0.002528248
2020,2,2,7,1,4,0.002503131
2020,2,2,8,3,4,2.28E-05
2020,2,2,8,1,4,0.003473392
2020,2,2,9,1,4,0.001002984
2020,2,2,11,3,4,5.50E-07
2020,2,2,11,1,4,0.002329977
2020,2,3,7,3,4,0.000207511
2020,2,3,7,1,4,0.00309742
2020,2,3,9,1,4,0.000796857
2020,2,3,1,1,4,0.000599613
2020,2,3,2,16,4,0.00011265
2020,2,3,2,1,4,0.001489618
2020,2,3,3,1,4,0.000347606
2020,2,3,4,1,4,0.00114277
2020,2,3,5,1,4,0.000131236
2020,2,4,1,16,4,0.001173284
2020,2,4,1,1,4,0.005779556
2020,2,4,2,16,4,0.000402302
2020,2,4,2,1,4,0.002302401
2020,2,4,3,1,4,0.00029423
2020,2,4,4,16,4,2.83E-05
2020,2,4,4,1,4,0.001072494
2020,2,4,5,16,4,0.000002204
2020,2,4,5,1,4,0.000393881
2020,2,4,6,1,4,0.002099671
2020,2,4,7,3,4,0.000607629
2020,2,4,9,1,4,0.002627045
2020,2,4,10,1,4,0.00311401
2020,2,5,6,1,4,0.000568921
2020,2,5,9,1,4,0.000215505
2020,2,5,1,3,4,7.70E-05
2020,2,5,1,16,4,6.95E-05
2020,2,5,1,1,4,0.000571282
2020,2,5,2,16,4,4.07E-05
2020,2,5,2,1,4,0.001163939
2020,2,5,3,1,4,0.000146883
2020,2,5,4,1,4,0.000150582
2020,2,5,5,1,4,0.000856137
2020,2,6,1,1,4,5.94E-06
2020,2,6,2,1,4,1.55E-05
2020,2,6,3,1,4,1.94E-06
2020,2,6,4,1,4,0.000188041
2020,2,6,5,16,4,2.03E-06
2020,2,6,5,1,4,0.000188239
2020,2,6,7,1,4,0.000491233
2020,2,6,8,3,4,0.000556973
2020,2,6,8,1,4,0.000633367
2020,2,6,9,1,4,0.000246828
2020,2,6,11,1,4,0.001666065
2020,2,7,6,1,4,0.001640819
2020,2,7,7,16,4,0.000370038
2020,2,7,7,1,4,0.002389598
2020,2,7,8,1,4,0.003885082
2020,2,7,9,16,4,0.000790681
2020,2,7,9,1,4,0.006058725
2020,2,7,10,1,4,0.00036944
2020,2,7,11,1,4,0.000368895
2020,2,7,1,16,4,0.000117127
2020,2,7,1,1,4,0.003942338
2020,2,7,2,1,4,0.000712508
2020,2,7,3,1,4,2.83E-05
2020,2,7,4,1,4,3.39E-05
2020,2,8,6,1,4,0.002156638
2020,2,8,7,3,4,9.80E-05
2020,2,8,7,1,4,0.003122457
2020,2,8,8,1,4,0.00192332
2020,2,8,9,16,4,0.000113184
2020,2,8,9,1,4,0.003783122
2020,2,8,10,1,4,0.001926701
2020,2,8,11,16,4,0.000104809
2020,2,8,11,1,4,0.009942685
2020,2,8,1,1,4,0.001262867
2020,2,8,2,1,4,4.92E-06
2020,2,8,3,1,4,6.35E-05
2020,2,8,4,16,4,9.70E-06
2020,2,8,4,1,4,0.00016084
2020,2,8,5,1,4,2.44E-05
2020,3,1,2,1,4,6.84E-06
2020,3,1,3,1,4,4.53E-06
2020,3,1,5,1,4,0.000147079
2020,3,1,8,1,4,0.004621513
2020,3,1,9,1,4,0.001481384
2020,3,1,11,1,4,6.21E-05
2020,3,2,1,1,4,0.000522284
2020,3,2,3,1,4,0.000277005
2020,3,2,4,1,4,0.000677644
2020,3,2,5,1,4,0.000257651
2020,3,2,6,1,4,0.005460522
2020,3,2,7,3,4,0.00531506
2020,3,2,7,1,4,0.007270616
2020,3,2,8,3,4,6.48E-05
2020,3,2,8,1,4,0.008987932
2020,3,2,9,1,4,0.001335943
2020,3,2,11,3,4,1.23E-06
2020,3,2,11,1,4,0.004473839
2020,3,3,7,3,4,0.000212222
2020,3,3,7,1,4,0.004719214
2020,3,3,9,1,4,0.00152083
2020,3,3,1,1,4,0.001142822
2020,3,3,2,16,4,0.000257096
2020,3,3,2,1,4,0.001696471
2020,3,3,3,1,4,0.000591419
2020,3,3,4,1,4,0.0007545
2020,3,3,5,1,4,0.000101375
2020,3,4,1,16,4,0.001217243
2020,3,4,1,1,4,0.010430119
2020,3,4,2,16,4,0.000964167
2020,3,4,2,1,4,0.002273772
2020,3,4,3,1,4,0.000443845
2020,3,4,4,16,4,0.000111141
2020,3,4,4,1,4,0.001078241
2020,3,4,5,1,4,0.000303434
2020,3,4,6,1,4,0.005278216
2020,3,4,7,3,4,0.000517568
2020,3,4,9,1,4,0.002190882
2020,3,4,10,1,4,0.001694375
2020,3,5,6,1,4,0.001075376
2020,3,5,9,1,4,0.00036017
2020,3,5,1,3,4,0.000135597
2020,3,5,1,16,4,0.000152051
2020,3,5,1,1,4,0.001018387
2020,3,5,2,16,4,0.000102681
2020,3,5,2,1,4,0.001563024
2020,3,5,3,1,4,0.00020495
2020,3,5,4,1,4,0.000372922
2020,3,5,5,1,4,0.000633033
2020,3,6,1,1,4,2.68E-05
2020,3,6,2,1,4,1.16E-05
2020,3,6,3,1,4,5.81E-06
2020,3,6,4,1,4,0.000315522
2020,3,6,5,16,4,2.03E-06
2020,3,6,5,1,4,0.000277583
2020,3,6,7,1,4,0.001021701
2020,3,6,8,3,4,0.000922907
2020,3,6,8,1,4,0.001070618
2020,3,6,9,1,4,0.000317907
2020,3,6,11,1,4,0.002802201
2020,3,7,6,1,4,0.00192511
2020,3,7,7,16,4,0.000952897
2020,3,7,7,1,4,0.003665785
2020,3,7,8,1,4,0.007535196
2020,3,7,9,16,4,0.002028249
2020,3,7,9,1,4,0.007476275
2020,3,7,10,1,4,0.000378817
2020,3,7,11,1,4,0.000447748
2020,3,7,1,16,4,0.000708381
2020,3,7,1,1,4,0.010075663
2020,3,7,2,1,4,0.000854974
2020,3,7,3,1,4,2.43E-05
2020,3,7,4,1,4,7.99E-05
2020,3,8,6,1,4,0.002955992
2020,3,8,7,3,4,0.000109851
2020,3,8,7,1,4,0.00682952
2020,3,8,8,1,4,0.004504878
2020,3,8,9,16,4,0.00029837
2020,3,8,9,1,4,0.004963955
2020,3,8,10,1,4,0.001921358
2020,3,8,11,16,4,0.00017201
2020,3,8,11,1,4,0.011377878
2020,3,8,1,1,4,0.002737335
2020,3,8,2,1,4,2.86E-05
2020,3,8,3,1,4,9.34E-05
2020,3,8,4,16,4,1.88E-05
2020,3,8,4,1,4,0.000213038
2020,3,8,5,1,4,2.43E-05
2020,4,1,2,1,4,4.91E-06
2020,4,1,3,1,4,2.76E-06
2020,4,1,5,1,4,3.01E-05
2020,4,1,8,1,4,0.001026339
2020,4,1,9,1,4,0.000615425
2020,4,1,11,1,4,6.69E-05
2020,4,2,1,1,4,0.000132313
2020,4,2,3,1,4,4.25E-05
2020,4,2,4,1,4,0.00010257
2020,4,2,5,1,4,7.86E-05
2020,4,2,6,1,4,0.004350941
2020,4,2,7,3,4,0.003516939
2020,4,2,7,1,4,0.00256172
2020,4,2,8,3,4,5.95E-05
2020,4,2,8,1,4,0.007274116
2020,4,2,9,1,4,0.000742519
2020,4,2,11,3,4,9.28E-07
2020,4,2,11,1,4,0.003979462
2020,4,3,7,3,4,8.13E-05
2020,4,3,7,1,4,0.001170672
2020,4,3,9,1,4,0.000795885
2020,4,3,1,1,4,0.000485215
2020,4,3,2,16,4,5.29E-05
2020,4,3,2,1,4,0.000500871
2020,4,3,3,1,4,0.000165355
2020,4,3,4,1,4,0.00019392
2020,4,3,5,1,4,2.82E-05
2020,4,4,1,16,4,0.000238084
2020,4,4,1,1,4,0.004252944
2020,4,4,2,16,4,0.000345745
2020,4,4,2,1,4,0.000722436
2020,4,4,3,1,4,7.37E-05
2020,4,4,4,16,4,4.00E-05
2020,4,4,4,1,4,0.000201372
2020,4,4,5,1,4,8.86E-05
2020,4,4,6,1,4,0.002410913
2020,4,4,7,3,4,0.000521884
2020,4,4,9,1,4,0.000864421
2020,4,4,10,1,4,0.000361364
2020,4,5,6,1,4,0.000457942
2020,4,5,9,1,4,0.000204937
2020,4,5,1,3,4,7.86E-05
2020,4,5,1,16,4,4.35E-05
2020,4,5,1,1,4,0.000429632
2020,4,5,2,16,4,2.62E-05
2020,4,5,2,1,4,0.000352684
2020,4,5,3,1,4,4.39E-05
2020,4,5,4,1,4,4.20E-05
2020,4,5,5,1,4,0.000110315
2020,4,6,1,1,4,1.98E-06
2020,4,6,2,1,4,4.84E-06
2020,4,6,3,1,4,2.90E-06
2020,4,6,4,1,4,0.000104187
2020,4,6,5,1,4,4.94E-05
2020,4,6,7,1,4,0.00054139
2020,4,6,8,3,4,0.000532752
2020,4,6,8,1,4,0.000624251
2020,4,6,9,1,4,0.000202287
2020,4,6,11,1,4,0.001519907
2020,4,7,6,1,4,0.000753984
2020,4,7,7,16,4,0.000202275
2020,4,7,7,1,4,0.001648676
2020,4,7,8,1,4,0.003103458
2020,4,7,9,16,4,0.000517385
2020,4,7,9,1,4,0.003037468
2020,4,7,10,1,4,0.000127502
2020,4,7,11,1,4,0.000119424
2020,4,7,1,16,4,9.54E-05
2020,4,7,1,1,4,0.003855335
2020,4,7,2,1,4,0.000357217
2020,4,7,3,1,4,1.16E-05
2020,4,7,4,1,4,1.56E-05
2020,4,8,6,1,4,0.001274094
2020,4,8,7,3,4,5.02E-05
2020,4,8,7,1,4,0.001941348
2020,4,8,8,1,4,0.002108992
2020,4,8,9,16,4,0.000123778
2020,4,8,9,1,4,0.001928639
2020,4,8,10,1,4,0.000551126
2020,4,8,11,16,4,5.25E-05
2020,4,8,11,1,4,0.00411379
2020,4,8,1,1,4,0.000860892
2020,4,8,2,1,4,5.90E-06
2020,4,8,3,1,4,2.06E-05
2020,4,8,4,16,4,6.59E-06
2020,4,8,4,1,4,7.10E-05
2020,4,8,5,1,4,5.83E-06
2020,5,1,2,1,4,8.81E-06
2020,5,1,3,1,4,5.46E-06
2020,5,1,5,1,4,0.000264798
2020,5,1,8,1,4,0.003265458
2020,5,1,9,1,4,0.00323313
2020,5,1,11,1,4,3.63E-05
2020,5,2,1,1,4,0.000524278
2020,5,2,3,1,4,0.000305572
2020,5,2,4,1,4,0.000521217
2020,5,2,5,1,4,0.000463638
2020,5,2,6,1,4,0.006659923
2020,5,2,7,3,4,0.009723764
2020,5,2,7,1,4,0.005837972
2020,5,2,8,3,4,7.30E-05
2020,5,2,8,1,4,0.010647069
2020,5,2,9,1,4,0.002919656
2020,5,2,11,3,4,1.07E-06
2020,5,2,11,1,4,0.005382383
2020,5,3,7,3,4,0.000346907
2020,5,3,7,1,4,0.006053561
2020,5,3,9,1,4,0.003793815
2020,5,3,1,1,4,0.00263596
2020,5,3,2,16,4,0.000229011
2020,5,3,2,1,4,0.00377116
2020,5,3,3,1,4,0.000511836
2020,5,3,4,1,4,0.000983207
2020,5,3,5,1,4,0.000214471
2020,5,4,1,16,4,0.000871343
2020,5,4,1,1,4,0.011501437
2020,5,4,2,16,4,0.000815357
2020,5,4,2,1,4,0.003283145
2020,5,4,3,1,4,0.000219871
2020,5,4,4,16,4,8.19E-05
2020,5,4,4,1,4,0.000830114
2020,5,4,5,1,4,0.000413887
2020,5,4,6,1,4,0.003328151
2020,5,4,7,3,4,0.000209845
2020,5,4,9,1,4,0.00206073
2020,5,4,10,1,4,0.002144524
2020,5,5,6,1,4,0.000953843
2020,5,5,9,1,4,0.000742176
2020,5,5,1,3,4,0.000130782
2020,5,5,1,16,4,6.90E-05
2020,5,5,1,1,4,0.00103841
2020,5,5,2,16,4,0.000106556
2020,5,5,2,1,4,0.001334445
2020,5,5,3,1,4,0.000127983
2020,5,5,4,1,4,0.000187536
2020,5,5,5,1,4,0.000844509
2020,5,6,1,1,4,1.49E-05
2020,5,6,2,1,4,1.45E-05
2020,5,6,3,1,4,5.81E-06
2020,5,6,4,1,4,0.000336467
2020,5,6,5,16,4,2.03E-06
2020,5,6,5,1,4,0.0004128
2020,5,6,7,1,4,0.000976033
2020,5,6,8,3,4,0.000826323
2020,5,6,8,1,4,0.001255724
2020,5,6,9,1,4,0.000632354
2020,5,6,11,1,4,0.003143168
2020,5,7,6,1,4,0.000655165
2020,5,7,7,16,4,0.000289512
2020,5,7,7,1,4,0.001761911
2020,5,7,8,1,4,0.004000755
2020,5,7,9,16,4,0.001002619
2020,5,7,9,1,4,0.004636094
2020,5,7,10,1,4,0.000266734
2020,5,7,11,1,4,0.000243314
2020,5,7,1,16,4,0.000462449
2020,5,7,1,1,4,0.013013735
2020,5,7,2,1,4,0.002281019
2020,5,7,3,1,4,0.000148718
2020,5,7,4,1,4,0.000201215
2020,5,8,6,1,4,0.002049208
2020,5,8,7,3,4,9.59E-05
2020,5,8,7,1,4,0.003017864
2020,5,8,8,1,4,0.00318403
2020,5,8,9,16,4,0.000204695
2020,5,8,9,1,4,0.006249369
2020,5,8,10,1,4,0.00164899
2020,5,8,11,16,4,0.00014124
2020,5,8,11,1,4,0.011427013
2020,5,8,1,1,4,0.002484111
2020,5,8,2,1,4,0.000145915
2020,5,8,3,1,4,0.000730942
2020,5,8,4,16,4,1.56E-05
2020,5,8,4,1,4,0.000680247
2020,5,8,5,1,4,5.48E-05
2020,6,1,2,1,4,2.94E-06
2020,6,1,3,1,4,3.93E-07
2020,6,1,5,1,4,2.02E-05
2020,6,1,8,1,4,0.000936507
2020,6,1,9,1,4,0.000924144
2020,6,1,11,1,4,1.34E-05
2020,6,2,1,1,4,0.000186944
2020,6,2,3,1,4,2.32E-05
2020,6,2,4,1,4,8.98E-05
2020,6,2,5,1,4,5.77E-05
2020,6,2,6,1,4,0.0021522
2020,6,2,7,3,4,0.003487212
2020,6,2,7,1,4,0.001393492
2020,6,2,8,3,4,3.18E-05
2020,6,2,8,1,4,0.004234146
2020,6,2,9,1,4,0.000839811
2020,6,2,11,3,4,3.76E-07
2020,6,2,11,1,4,0.001597106
2020,6,3,7,3,4,7.73E-05
2020,6,3,7,1,4,0.001490657
2020,6,3,9,1,4,0.000670526
2020,6,3,1,1,4,0.000858446
2020,6,3,2,16,4,4.56E-05
2020,6,3,2,1,4,0.000576755
2020,6,3,3,1,4,0.000100776
2020,6,3,4,1,4,0.000123311
2020,6,3,5,1,4,2.10E-05
2020,6,4,1,16,4,0.000234587
2020,6,4,1,1,4,0.004342269
2020,6,4,2,16,4,0.000205714
2020,6,4,2,1,4,0.000844592
2020,6,4,3,1,4,5.22E-05
2020,6,4,4,16,4,2.14E-05
2020,6,4,4,1,4,0.000154811
2020,6,4,5,1,4,5.85E-05
2020,6,4,6,1,4,0.001038962
2020,6,4,7,3,4,7.00E-05
2020,6,4,9,1,4,0.000564846
2020,6,4,10,1,4,0.000155924
2020,6,5,6,1,4,0.000190616
2020,6,5,9,1,4,0.000198234
2020,6,5,1,3,4,4.41E-05
2020,6,5,1,16,4,3.14E-05
2020,6,5,1,1,4,0.000586935
2020,6,5,2,16,4,1.16E-05
2020,6,5,2,1,4,0.000298214
2020,6,5,3,1,4,1.57E-05
2020,6,5,4,1,4,5.61E-05
2020,6,5,5,1,4,9.16E-05
2020,6,6,1,1,4,2.97E-06
2020,6,6,2,1,4,8.71E-06
2020,6,6,3,1,4,9.68E-07
2020,6,6,4,1,4,5.35E-05
2020,6,6,5,1,4,3.64E-05
2020,6,6,7,1,4,0.000268864
2020,6,6,8,3,4,0.000293095
2020,6,6,8,1,4,0.000473999
2020,6,6,9,1,4,0.000241026
2020,6,6,11,1,4,0.000779819
2020,6,7,6,1,4,0.000227841
2020,6,7,7,16,4,4.89E-05
2020,6,7,7,1,4,0.000370165
2020,6,7,8,1,4,0.000913211
2020,6,7,9,16,4,0.000293045
2020,6,7,9,1,4,0.001260677
2020,6,7,10,1,4,6.89E-05
2020,6,7,11,1,4,6.78E-05
2020,6,7,1,16,4,0.000124964
2020,6,7,1,1,4,0.003942149
2020,6,7,2,1,4,0.000534198
2020,6,7,3,1,4,2.43E-05
2020,6,7,4,1,4,3.10E-05
2020,6,8,6,1,4,0.000700027
2020,6,8,7,3,4,3.52E-05
2020,6,8,7,1,4,0.000949244
2020,6,8,8,1,4,0.001078156
2020,6,8,9,16,4,7.02E-05
2020,6,8,9,1,4,0.001385209
2020,6,8,10,1,4,0.000291131
2020,6,8,11,16,4,3.14E-05
2020,6,8,11,1,4,0.00222197
2020,6,8,1,1,4,0.000893826
2020,6,8,2,1,4,3.07E-05
2020,6,8,3,1,4,9.07E-05
2020,6,8,4,16,4,2.93E-06
2020,6,8,4,1,4,0.000164432
2020,6,8,5,1,4,4.86E-06
2020,7,1,2,1,4,2.35E-05
2020,7,1,3,1,4,3.35E-06
2020,7,1,5,1,4,7.86E-05
2020,7,1,8,1,4,0.001389513
2020,7,1,9,1,4,0.001819762
2020,7,1,11,1,4,2.39E-05
2020,7,2,1,1,4,0.000768686
2020,7,2,3,1,4,0.000148098
2020,7,2,4,1,4,0.000347497
2020,7,2,5,16,4,2.76E-06
2020,7,2,5,1,4,0.000167851
2020,7,2,6,1,4,0.004897035
2020,7,2,7,3,4,0.007948914
2020,7,2,7,1,4,0.00389917
2020,7,2,8,3,4,8.21E-05
2020,7,2,8,1,4,0.010445582
2020,7,2,9,1,4,0.001965718
2020,7,2,11,3,4,7.96E-07
2020,7,2,11,1,4,0.004308238
2020,7,3,7,3,4,0.000116193
2020,7,3,7,1,4,0.002263815
2020,7,3,9,1,4,0.001156414
2020,7,3,1,1,4,0.001022873
2020,7,3,2,16,4,8.09E-05
2020,7,3,2,1,4,0.001824419
2020,7,3,3,1,4,0.000306823
2020,7,3,4,1,4,0.000475738
2020,7,3,5,1,4,0.000104085
2020,7,4,1,16,4,0.00042488
2020,7,4,1,1,4,0.008145039
2020,7,4,2,16,4,0.000471896
2020,7,4,2,1,4,0.001900461
2020,7,4,3,1,4,0.000256403
2020,7,4,4,16,4,3.90E-05
2020,7,4,4,1,4,0.000526105
2020,7,4,5,16,4,0.000007885
2020,7,4,5,1,4,0.000210732
2020,7,4,6,1,4,0.001913245
2020,7,4,7,3,4,0.000173542
2020,7,4,9,1,4,0.000908528
2020,7,4,10,1,4,0.000788216
2020,7,5,6,1,4,0.00066921
2020,7,5,9,1,4,0.000372915
2020,7,5,1,3,4,0.000128375
2020,7,5,1,16,4,2.12E-05
2020,7,5,1,1,4,0.001257452
2020,7,5,2,16,4,3.20E-05
2020,7,5,2,1,4,0.000656133
2020,7,5,3,1,4,4.52E-05
2020,7,5,4,1,4,0.000148643
2020,7,5,5,1,4,0.000391082
2020,7,6,1,1,4,1.78E-05
2020,7,6,2,1,4,1.84E-05
2020,7,6,3,1,4,3.87E-06
2020,7,6,4,1,4,0.000226694
2020,7,6,5,16,4,1.01E-06
2020,7,6,5,1,4,0.000190139
2020,7,6,7,1,4,0.000839493
2020,7,6,8,3,4,0.00076096
2020,7,6,8,1,4,0.001427393
2020,7,6,9,1,4,0.000513082
2020,7,6,11,1,4,0.002139522
2020,7,7,6,1,4,0.000395685
2020,7,7,7,16,4,7.96E-05
2020,7,7,7,1,4,0.000521805
2020,7,7,8,1,4,0.0015771
2020,7,7,9,16,4,0.000551091
2020,7,7,9,1,4,0.001975643
2020,7,7,10,1,4,0.000256292
2020,7,7,11,1,4,0.000111988
2020,7,7,1,16,4,0.000216433
2020,7,7,1,1,4,0.008313225
2020,7,7,2,1,4,0.001368775
2020,7,7,3,1,4,6.00E-05
2020,7,7,4,1,4,8.87E-05
2020,7,8,6,1,4,0.001662487
2020,7,8,7,3,4,4.05E-05
2020,7,8,7,1,4,0.001652322
2020,7,8,8,1,4,0.002084754
2020,7,8,9,16,4,0.00014241
2020,7,8,9,1,4,0.002490426
2020,7,8,10,1,4,0.001124066
2020,7,8,11,16,4,8.72E-05
2020,7,8,11,1,4,0.006308587
2020,7,8,1,1,4,0.001615516
2020,7,8,2,1,4,9.75E-05
2020,7,8,3,1,4,0.000382612
2020,7,8,4,16,4,1.30E-05
2020,7,8,4,1,4,0.000554337
2020,7,8,5,1,4,1.56E-05
2020,8,1,2,1,4,2.26E-05
2020,8,1,3,1,4,6.05E-06
2020,8,1,5,1,4,0.000172214
2020,8,1,8,1,4,0.001059267
2020,8,1,9,1,4,0.001461263
2020,8,1,11,1,4,5.64E-05
2020,8,2,1,1,4,0.000246646
2020,8,2,3,1,4,0.00011276
2020,8,2,4,1,4,0.000263089
2020,8,2,5,1,4,0.000220181
2020,8,2,6,1,4,0.003146807
2020,8,2,7,3,4,0.002682992
2020,8,2,7,1,4,0.002649346
2020,8,2,8,3,4,3.52E-05
2020,8,2,8,1,4,0.004711826
2020,8,2,9,1,4,0.001377587
2020,8,2,11,3,4,2.23E-07
2020,8,2,11,1,4,0.003590372
2020,8,3,7,3,4,6.74E-05
2020,8,3,7,1,4,0.000929117
2020,8,3,9,1,4,0.001032998
2020,8,3,1,1,4,0.000809299
2020,8,3,2,16,4,0.00012328
2020,8,3,2,1,4,0.000878811
2020,8,3,3,1,4,0.000177313
2020,8,3,4,1,4,0.000288544
2020,8,3,5,1,4,9.21E-05
2020,8,4,1,16,4,0.000256002
2020,8,4,1,1,4,0.00288663
2020,8,4,2,16,4,0.000330372
2020,8,4,2,1,4,0.000985162
2020,8,4,3,1,4,0.000103693
2020,8,4,4,16,4,3.61E-05
2020,8,4,4,1,4,0.000260569
2020,8,4,5,1,4,0.000181573
2020,8,4,6,1,4,0.001170896
2020,8,4,7,3,4,0.000103777
2020,8,4,9,1,4,0.000992877
2020,8,4,10,1,4,0.000338851
2020,8,5,6,1,4,0.000675083
2020,8,5,9,1,4,0.00052075
2020,8,5,1,3,4,2.89E-05
2020,8,5,1,16,4,1.75E-05
2020,8,5,1,1,4,0.00046679
2020,8,5,2,16,4,3.58E-05
2020,8,5,2,1,4,0.000395472
2020,8,5,3,1,4,2.40E-05
2020,8,5,4,1,4,7.69E-05
2020,8,5,5,1,4,0.000232151
2020,8,6,1,1,4,1.68E-05
2020,8,6,2,1,4,2.23E-05
2020,8,6,3,1,4,1.36E-05
2020,8,6,4,1,4,0.00031002
2020,8,6,5,16,4,4.05E-06
2020,8,6,5,1,4,0.000483413
2020,8,6,7,1,4,0.000445955
2020,8,6,8,3,4,0.000498422
2020,8,6,8,1,4,0.000634581
2020,8,6,9,1,4,0.000168841
2020,8,6,11,1,4,0.001508535
2020,8,7,6,1,4,0.000510742
2020,8,7,7,16,4,0.000162012
2020,8,7,7,1,4,0.001083456
2020,8,7,8,1,4,0.002613841
2020,8,7,9,16,4,0.000713422
2020,8,7,9,1,4,0.003058388
2020,8,7,10,1,4,0.000115844
2020,8,7,11,1,4,0.000124044
2020,8,7,1,16,4,8.66E-05
2020,8,7,1,1,4,0.003178849
2020,8,7,2,1,4,0.000632899
2020,8,7,3,1,4,2.64E-05
2020,8,7,4,1,4,8.15E-05
2020,8,8,6,1,4,0.001200904
2020,8,8,7,3,4,3.19E-05
2020,8,8,7,1,4,0.001348933
2020,8,8,8,1,4,0.00129417
2020,8,8,9,16,4,0.000149935
2020,8,8,9,1,4,0.002009955
2020,8,8,10,1,4,0.000571911
2020,8,8,11,16,4,0.000104627
2020,8,8,11,1,4,0.00425869
2020,8,8,1,1,4,0.000673701
2020,8,8,2,1,4,4.45E-05
2020,8,8,3,1,4,0.000123776
2020,8,8,4,16,4,1.85E-05
2020,8,8,4,1,4,0.000188541
2020,8,8,5,1,4,3.91E-05
2020,9,1,2,1,4,1.67E-05
2020,9,1,3,1,4,1.02E-05
2020,9,1,5,1,4,0.000228429
2020,9,1,8,1,4,0.001694819
2020,9,1,9,1,4,0.002827931
2020,9,1,11,1,4,3.63E-05
2020,9,2,1,1,4,0.000238622
2020,9,2,3,1,4,0.000342053
2020,9,2,4,1,4,0.000477462
2020,9,2,5,1,4,0.000412172
2020,9,2,6,1,4,0.002308789
2020,9,2,7,3,4,0.004013188
2020,9,2,7,1,4,0.004819407
2020,9,2,8,3,4,3.82E-05
2020,9,2,8,1,4,0.005289172
2020,9,2,9,1,4,0.001551213
2020,9,2,11,3,4,2.87E-07
2020,9,2,11,1,4,0.003010146
2020,9,3,7,3,4,0.000166213
2020,9,3,7,1,4,0.002930887
2020,9,3,9,1,4,0.001890105
2020,9,3,1,1,4,0.001055479
2020,9,3,2,16,4,0.000522867
2020,9,3,2,1,4,0.002314732
2020,9,3,3,1,4,0.00055289
2020,9,3,4,1,4,0.001329359
2020,9,3,5,1,4,0.000218437
2020,9,4,1,16,4,0.000620652
2020,9,4,1,1,4,0.005215464
2020,9,4,2,16,4,0.001704378
2020,9,4,2,1,4,0.002444424
2020,9,4,3,1,4,0.00037971
2020,9,4,4,16,4,0.000113105
2020,9,4,4,1,4,0.000894809
2020,9,4,5,16,4,3.56E-06
2020,9,4,5,1,4,0.000412067
2020,9,4,6,1,4,0.001182909
2020,9,4,7,3,4,0.000613279
2020,9,4,9,1,4,0.001898366
2020,9,4,10,1,4,0.001751378
2020,9,5,6,1,4,0.000531968
2020,9,5,9,1,4,0.000501644
2020,9,5,1,3,4,2.97E-05
2020,9,5,1,16,4,0.000304937
2020,9,5,1,1,4,0.000744815
2020,9,5,2,16,4,0.00014046
2020,9,5,2,1,4,0.000925421
2020,9,5,3,1,4,0.000128674
2020,9,5,4,1,4,0.000125901
2020,9,5,5,1,4,0.000908692
2020,9,6,1,1,4,1.09E-05
2020,9,6,2,1,4,6.00E-05
2020,9,6,3,1,4,9.68E-07
2020,9,6,4,1,4,0.000288254
2020,9,6,5,16,4,4.05E-06
2020,9,6,5,1,4,0.00040794
2020,9,6,7,1,4,0.000364487
2020,9,6,8,3,4,0.000383702
2020,9,6,8,1,4,0.000548313
2020,9,6,9,1,4,0.000291321
2020,9,6,11,1,4,0.001758839
2020,9,7,6,1,4,0.000401556
2020,9,7,7,16,4,0.00024829
2020,9,7,7,1,4,0.001001689
2020,9,7,8,1,4,0.002021773
2020,9,7,9,16,4,0.001613981
2020,9,7,9,1,4,0.003722072
2020,9,7,10,1,4,0.000287828
2020,9,7,11,1,4,0.000176978
2020,9,7,1,16,4,0.000362248
2020,9,7,1,1,4,0.005809999
2020,9,7,2,1,4,0.001945942
2020,9,7,3,1,4,0.000251442
2020,9,7,4,1,4,0.000170902
2020,9,8,6,1,4,0.000638321
2020,9,8,7,3,4,4.34E-05
2020,9,8,7,1,4,0.00154742
2020,9,8,8,1,4,0.001330043
2020,9,8,9,16,4,0.000260419
2020,9,8,9,1,4,0.003123403
2020,9,8,10,1,4,0.00203473
2020,9,8,11,16,4,0.000354582
2020,9,8,11,1,4,0.009518797
2020,9,8,1,1,4,0.001265658
2020,9,8,2,1,4,0.00013211
2020,9,8,3,1,4,0.000922784
2020,9,8,4,16,4,5.00E-05
2020,9,8,4,1,4,0.000677388
2020,9,8,5,1,4,5.36E-05
2020,1,1,2,1,5,2.07E-07
2020,1,1,3,1,5,1.14E-07
2020,1,1,5,1,5,2.30E-06
2020,1,1,8,1,5,2.32E-05
2020,1,1,9,1,5,3.77E-05
2020,1,1,11,1,5,1.21E-06
2020,1,2,1,1,5,2.20E-06
2020,1,2,3,1,5,2.59E-06
2020,1,2,4,1,5,5.71E-06
2020,1,2,5,1,5,2.95E-06
2020,1,2,6,1,5,5.72E-05
2020,1,2,7,3,5,6.29E-05
2020,1,2,7,1,5,6.32E-05
2020,1,2,8,3,5,8.54E-07
2020,1,2,8,1,5,0.000129906
2020,1,2,9,1,5,3.02E-05
2020,1,2,11,3,5,2.79E-08
2020,1,2,11,1,5,6.19E-05
2020,1,3,7,3,5,4.04E-06
2020,1,3,7,1,5,7.42E-05
2020,1,3,9,1,5,3.04E-05
2020,1,3,1,1,5,1.18E-05
2020,1,3,2,16,5,3.29E-06
2020,1,3,2,1,5,2.77E-05
2020,1,3,3,1,5,4.53E-06
2020,1,3,4,1,5,1.34E-05
2020,1,3,5,1,5,1.64E-06
2020,1,4,1,16,5,4.06E-06
2020,1,4,1,1,5,7.96E-05
2020,1,4,2,16,5,9.77E-06
2020,1,4,2,1,5,2.91E-05
2020,1,4,3,1,5,3.08E-06
2020,1,4,4,16,5,1.08E-06
2020,1,4,4,1,5,1.59E-05
2020,1,4,5,16,5,0.000000116
2020,1,4,5,1,5,7.09E-06
2020,1,4,6,1,5,3.79E-05
2020,1,4,7,3,5,2.33E-05
2020,1,4,9,1,5,4.63E-05
2020,1,4,10,1,5,2.31E-05
2020,1,5,6,1,5,1.32E-05
2020,1,5,9,1,5,7.05E-06
2020,1,5,1,3,5,1.18E-06
2020,1,5,1,16,5,1.42E-06
2020,1,5,1,1,5,1.11E-05
2020,1,5,2,16,5,6.63E-07
2020,1,5,2,1,5,1.60E-05
2020,1,5,3,1,5,1.44E-06
2020,1,5,4,1,5,1.64E-06
2020,1,5,5,1,5,1.14E-05
2020,1,6,1,1,5,5.21E-08
2020,1,6,2,1,5,5.09E-08
2020,1,6,4,1,5,2.50E-06
2020,1,6,5,1,5,3.71E-06
2020,1,6,7,1,5,7.72E-06
2020,1,6,8,3,5,1.18E-05
2020,1,6,8,1,5,1.35E-05
2020,1,6,9,1,5,4.19E-06
2020,1,6,11,1,5,3.49E-05
2020,1,7,6,1,5,2.48E-05
2020,1,7,7,16,5,4.24E-06
2020,1,7,7,1,5,4.04E-05
2020,1,7,8,1,5,8.42E-05
2020,1,7,9,16,5,1.82E-05
2020,1,7,9,1,5,0.000120087
2020,1,7,10,1,5,5.49E-06
2020,1,7,11,1,5,4.08E-06
2020,1,7,1,16,5,1.50E-06
2020,1,7,1,1,5,5.26E-05
2020,1,7,2,1,5,1.12E-05
2020,1,7,3,1,5,1.54E-07
2020,1,7,4,1,5,6.63E-07
2020,1,8,6,1,5,3.74E-05
2020,1,8,7,3,5,2.04E-06
2020,1,8,7,1,5,4.19E-05
2020,1,8,8,1,5,3.16E-05
2020,1,8,9,16,5,6.26E-06
2020,1,8,9,1,5,6.50E-05
2020,1,8,10,1,5,4.20E-05
2020,1,8,11,16,5,2.31E-06
2020,1,8,11,1,5,0.00018931
2020,1,8,1,1,5,1.69E-05
2020,1,8,2,1,5,5.20E-08
2020,1,8,3,1,5,5.12E-07
2020,1,8,4,16,5,2.50E-07
2020,1,8,4,1,5,2.57E-06
2020,1,8,5,1,5,5.10E-07
2020,2,1,2,1,5,5.66E-07
2020,2,1,3,1,5,4.54E-07
2020,2,1,5,1,5,7.52E-06
2020,2,1,8,1,5,4.97E-05
2020,2,1,9,1,5,4.74E-05
2020,2,1,11,1,5,2.41E-06
2020,2,2,1,1,5,9.17E-06
2020,2,2,3,1,5,6.65E-06
2020,2,2,4,1,5,1.99E-05
2020,2,2,5,1,5,1.55E-05
2020,2,2,6,1,5,0.000155973
2020,2,2,7,3,5,0.000133066
2020,2,2,7,1,5,0.000131744
2020,2,2,8,3,5,1.20E-06
2020,2,2,8,1,5,0.00018281
2020,2,2,9,1,5,5.28E-05
2020,2,2,11,3,5,2.89E-08
2020,2,2,11,1,5,0.00012263
2020,2,3,7,3,5,1.09E-05
2020,2,3,7,1,5,0.000163022
2020,2,3,9,1,5,4.19E-05
2020,2,3,1,1,5,3.16E-05
2020,2,3,2,16,5,5.93E-06
2020,2,3,2,1,5,7.84E-05
2020,2,3,3,1,5,1.83E-05
2020,2,3,4,1,5,6.01E-05
2020,2,3,5,1,5,6.91E-06
2020,2,4,1,16,5,6.18E-05
2020,2,4,1,1,5,0.000304187
2020,2,4,2,16,5,2.12E-05
2020,2,4,2,1,5,0.000121179
2020,2,4,3,1,5,1.55E-05
2020,2,4,4,16,5,1.49E-06
2020,2,4,4,1,5,5.64E-05
2020,2,4,5,16,5,0.000000116
2020,2,4,5,1,5,2.07E-05
2020,2,4,6,1,5,0.000110509
2020,2,4,7,3,5,3.20E-05
2020,2,4,9,1,5,0.000138266
2020,2,4,10,1,5,0.000163895
2020,2,5,6,1,5,2.99E-05
2020,2,5,9,1,5,1.13E-05
2020,2,5,1,3,5,4.05E-06
2020,2,5,1,16,5,3.66E-06
2020,2,5,1,1,5,3.01E-05
2020,2,5,2,16,5,2.14E-06
2020,2,5,2,1,5,6.13E-05
2020,2,5,3,1,5,7.73E-06
2020,2,5,4,1,5,7.93E-06
2020,2,5,5,1,5,4.51E-05
2020,2,6,1,1,5,3.13E-07
2020,2,6,2,1,5,8.15E-07
2020,2,6,3,1,5,1.02E-07
2020,2,6,4,1,5,9.90E-06
2020,2,6,5,16,5,1.07E-07
2020,2,6,5,1,5,9.91E-06
2020,2,6,7,1,5,2.59E-05
2020,2,6,8,3,5,2.93E-05
2020,2,6,8,1,5,3.33E-05
2020,2,6,9,1,5,1.30E-05
2020,2,6,11,1,5,8.77E-05
2020,2,7,6,1,5,8.64E-05
2020,2,7,7,16,5,1.95E-05
2020,2,7,7,1,5,0.000125768
2020,2,7,8,1,5,0.000204478
2020,2,7,9,16,5,4.16E-05
2020,2,7,9,1,5,0.00031888
2020,2,7,10,1,5,1.94E-05
2020,2,7,11,1,5,1.94E-05
2020,2,7,1,16,5,6.16E-06
2020,2,7,1,1,5,0.000207491
2020,2,7,2,1,5,3.75E-05
2020,2,7,3,1,5,1.49E-06
2020,2,7,4,1,5,1.78E-06
2020,2,8,6,1,5,0.000113507
2020,2,8,7,3,5,5.16E-06
2020,2,8,7,1,5,0.00016434
2020,2,8,8,1,5,0.000101227
2020,2,8,9,16,5,5.96E-06
2020,2,8,9,1,5,0.000199112
2020,2,8,10,1,5,0.000101405
2020,2,8,11,16,5,5.52E-06
2020,2,8,11,1,5,0.000523299
2020,2,8,1,1,5,6.65E-05
2020,2,8,2,1,5,2.59E-07
2020,2,8,3,1,5,3.34E-06
2020,2,8,4,16,5,5.10E-07
2020,2,8,4,1,5,8.47E-06
2020,2,8,5,1,5,1.28E-06
2020,3,1,2,1,5,3.60E-07
2020,3,1,3,1,5,2.38E-07
2020,3,1,5,1,5,7.74E-06
2020,3,1,8,1,5,0.000243238
2020,3,1,9,1,5,7.80E-05
2020,3,1,11,1,5,3.27E-06
2020,3,2,1,1,5,2.75E-05
2020,3,2,3,1,5,1.46E-05
2020,3,2,4,1,5,3.57E-05
2020,3,2,5,1,5,1.36E-05
2020,3,2,6,1,5,0.000287396
2020,3,2,7,3,5,0.00027974
2020,3,2,7,1,5,0.000382664
2020,3,2,8,3,5,3.41E-06
2020,3,2,8,1,5,0.000473049
2020,3,2,9,1,5,7.03E-05
2020,3,2,11,3,5,6.47E-08
2020,3,2,11,1,5,0.000235465
2020,3,3,7,3,5,1.12E-05
2020,3,3,7,1,5,0.00024838
2020,3,3,9,1,5,8.00E-05
2020,3,3,1,1,5,6.01E-05
2020,3,3,2,16,5,1.35E-05
2020,3,3,2,1,5,8.93E-05
2020,3,3,3,1,5,3.11E-05
2020,3,3,4,1,5,3.97E-05
2020,3,3,5,1,5,5.34E-06
2020,3,4,1,16,5,6.41E-05
2020,3,4,1,1,5,0.000548954
2020,3,4,2,16,5,5.07E-05
2020,3,4,2,1,5,0.000119672
2020,3,4,3,1,5,2.34E-05
2020,3,4,4,16,5,5.85E-06
2020,3,4,4,1,5,5.67E-05
2020,3,4,5,1,5,1.60E-05
2020,3,4,6,1,5,0.000277801
2020,3,4,7,3,5,2.72E-05
2020,3,4,9,1,5,0.00011531
2020,3,4,10,1,5,8.92E-05
2020,3,5,6,1,5,5.66E-05
2020,3,5,9,1,5,1.90E-05
2020,3,5,1,3,5,7.14E-06
2020,3,5,1,16,5,8.00E-06
2020,3,5,1,1,5,5.36E-05
2020,3,5,2,16,5,5.40E-06
2020,3,5,2,1,5,8.23E-05
2020,3,5,3,1,5,1.08E-05
2020,3,5,4,1,5,1.96E-05
2020,3,5,5,1,5,3.33E-05
2020,3,6,1,1,5,1.41E-06
2020,3,6,2,1,5,6.11E-07
2020,3,6,3,1,5,3.06E-07
2020,3,6,4,1,5,1.66E-05
2020,3,6,5,16,5,1.07E-07
2020,3,6,5,1,5,1.46E-05
2020,3,6,7,1,5,5.38E-05
2020,3,6,8,3,5,4.86E-05
2020,3,6,8,1,5,5.63E-05
2020,3,6,9,1,5,1.67E-05
2020,3,6,11,1,5,0.000147484
2020,3,7,6,1,5,0.000101322
2020,3,7,7,16,5,5.02E-05
2020,3,7,7,1,5,0.000192936
2020,3,7,8,1,5,0.000396589
2020,3,7,9,16,5,0.00010675
2020,3,7,9,1,5,0.000393488
2020,3,7,10,1,5,1.99E-05
2020,3,7,11,1,5,2.36E-05
2020,3,7,1,16,5,3.73E-05
2020,3,7,1,1,5,0.000530298
2020,3,7,2,1,5,4.50E-05
2020,3,7,3,1,5,1.28E-06
2020,3,7,4,1,5,4.21E-06
2020,3,8,6,1,5,0.000155579
2020,3,8,7,3,5,5.78E-06
2020,3,8,7,1,5,0.000359448
2020,3,8,8,1,5,0.000237099
2020,3,8,9,16,5,1.57E-05
2020,3,8,9,1,5,0.000261261
2020,3,8,10,1,5,0.000101124
2020,3,8,11,16,5,9.05E-06
2020,3,8,11,1,5,0.000598836
2020,3,8,1,1,5,0.00014407
2020,3,8,2,1,5,1.50E-06
2020,3,8,3,1,5,4.92E-06
2020,3,8,4,16,5,9.92E-07
2020,3,8,4,1,5,1.12E-05
2020,3,8,5,1,5,1.28E-06
2020,4,1,2,1,5,2.59E-07
2020,4,1,3,1,5,1.45E-07
2020,4,1,5,1,5,1.58E-06
2020,4,1,8,1,5,5.40E-05
2020,4,1,9,1,5,3.24E-05
2020,4,1,11,1,5,3.52E-06
2020,4,2,1,1,5,6.96E-06
2020,4,2,3,1,5,2.24E-06
2020,4,2,4,1,5,5.40E-06
2020,4,2,5,1,5,4.14E-06
2020,4,2,6,1,5,0.000228997
2020,4,2,7,3,5,0.000185102
2020,4,2,7,1,5,0.000134827
2020,4,2,8,3,5,3.13E-06
2020,4,2,8,1,5,0.000382848
2020,4,2,9,1,5,3.91E-05
2020,4,2,11,3,5,4.89E-08
2020,4,2,11,1,5,0.000209445
2020,4,3,7,3,5,4.28E-06
2020,4,3,7,1,5,6.16E-05
2020,4,3,9,1,5,4.19E-05
2020,4,3,1,1,5,2.55E-05
2020,4,3,2,16,5,2.79E-06
2020,4,3,2,1,5,2.64E-05
2020,4,3,3,1,5,8.70E-06
2020,4,3,4,1,5,1.02E-05
2020,4,3,5,1,5,1.48E-06
2020,4,4,1,16,5,1.25E-05
2020,4,4,1,1,5,0.000223839
2020,4,4,2,16,5,1.82E-05
2020,4,4,2,1,5,3.80E-05
2020,4,4,3,1,5,3.88E-06
2020,4,4,4,16,5,2.10E-06
2020,4,4,4,1,5,1.06E-05
2020,4,4,5,1,5,4.66E-06
2020,4,4,6,1,5,0.00012689
2020,4,4,7,3,5,2.75E-05
2020,4,4,9,1,5,4.55E-05
2020,4,4,10,1,5,1.90E-05
2020,4,5,6,1,5,2.41E-05
2020,4,5,9,1,5,1.08E-05
2020,4,5,1,3,5,4.14E-06
2020,4,5,1,16,5,2.29E-06
2020,4,5,1,1,5,2.26E-05
2020,4,5,2,16,5,1.38E-06
2020,4,5,2,1,5,1.86E-05
2020,4,5,3,1,5,2.31E-06
2020,4,5,4,1,5,2.21E-06
2020,4,5,5,1,5,5.81E-06
2020,4,6,1,1,5,1.04E-07
2020,4,6,2,1,5,2.55E-07
2020,4,6,3,1,5,1.53E-07
2020,4,6,4,1,5,5.48E-06
2020,4,6,5,1,5,2.60E-06
2020,4,6,7,1,5,2.85E-05
2020,4,6,8,3,5,2.80E-05
2020,4,6,8,1,5,3.29E-05
2020,4,6,9,1,5,1.06E-05
2020,4,6,11,1,5,8.00E-05
2020,4,7,6,1,5,3.97E-05
2020,4,7,7,16,5,1.06E-05
2020,4,7,7,1,5,8.68E-05
2020,4,7,8,1,5,0.00016334
2020,4,7,9,16,5,2.72E-05
2020,4,7,9,1,5,0.000159867
2020,4,7,10,1,5,6.71E-06
2020,4,7,11,1,5,6.29E-06
2020,4,7,1,16,5,5.02E-06
2020,4,7,1,1,5,0.000202912
2020,4,7,2,1,5,1.88E-05
2020,4,7,3,1,5,6.11E-07
2020,4,7,4,1,5,8.21E-07
2020,4,8,6,1,5,6.71E-05
2020,4,8,7,3,5,2.64E-06
2020,4,8,7,1,5,0.000102176
2020,4,8,8,1,5,0.000111
2020,4,8,9,16,5,6.51E-06
2020,4,8,9,1,5,0.000101507
2020,4,8,10,1,5,2.90E-05
2020,4,8,11,16,5,2.76E-06
2020,4,8,11,1,5,0.000216515
2020,4,8,1,1,5,4.53E-05
2020,4,8,2,1,5,3.10E-07
2020,4,8,3,1,5,1.08E-06
2020,4,8,4,16,5,3.47E-07
2020,4,8,4,1,5,3.74E-06
2020,4,8,5,1,5,3.07E-07
2020,5,1,2,1,5,4.64E-07
2020,5,1,3,1,5,2.87E-07
2020,5,1,5,1,5,1.39E-05
2020,5,1,8,1,5,0.000171866
2020,5,1,9,1,5,0.000170165
2020,5,1,11,1,5,1.91E-06
2020,5,2,1,1,5,2.76E-05
2020,5,2,3,1,5,1.61E-05
2020,5,2,4,1,5,2.74E-05
2020,5,2,5,1,5,2.44E-05
2020,5,2,6,1,5,0.000350522
2020,5,2,7,3,5,0.000511777
2020,5,2,7,1,5,0.000307262
2020,5,2,8,3,5,3.84E-06
2020,5,2,8,1,5,0.000560372
2020,5,2,9,1,5,0.000153666
2020,5,2,11,3,5,5.61E-08
2020,5,2,11,1,5,0.000283283
2020,5,3,7,3,5,1.83E-05
2020,5,3,7,1,5,0.000318608
2020,5,3,9,1,5,0.000199674
2020,5,3,1,1,5,0.000138735
2020,5,3,2,16,5,1.21E-05
2020,5,3,2,1,5,0.000198482
2020,5,3,3,1,5,2.69E-05
2020,5,3,4,1,5,5.17E-05
2020,5,3,5,1,5,1.13E-05
2020,5,4,1,16,5,4.59E-05
2020,5,4,1,1,5,0.000605339
2020,5,4,2,16,5,4.29E-05
2020,5,4,2,1,5,0.000172797
2020,5,4,3,1,5,1.16E-05
2020,5,4,4,16,5,4.31E-06
2020,5,4,4,1,5,4.37E-05
2020,5,4,5,1,5,2.18E-05
2020,5,4,6,1,5,0.000175166
2020,5,4,7,3,5,1.10E-05
2020,5,4,9,1,5,0.000108459
2020,5,4,10,1,5,0.00011287
2020,5,5,6,1,5,5.02E-05
2020,5,5,9,1,5,3.91E-05
2020,5,5,1,3,5,6.88E-06
2020,5,5,1,16,5,3.63E-06
2020,5,5,1,1,5,5.47E-05
2020,5,5,2,16,5,5.61E-06
2020,5,5,2,1,5,7.02E-05
2020,5,5,3,1,5,6.74E-06
2020,5,5,4,1,5,9.87E-06
2020,5,5,5,1,5,4.44E-05
2020,5,6,1,1,5,7.82E-07
2020,5,6,2,1,5,7.64E-07
2020,5,6,3,1,5,3.06E-07
2020,5,6,4,1,5,1.77E-05
2020,5,6,5,16,5,1.07E-07
2020,5,6,5,1,5,2.17E-05
2020,5,6,7,1,5,5.14E-05
2020,5,6,8,3,5,4.35E-05
2020,5,6,8,1,5,6.61E-05
2020,5,6,9,1,5,3.33E-05
2020,5,6,11,1,5,0.00016543
2020,5,7,6,1,5,3.45E-05
2020,5,7,7,16,5,1.52E-05
2020,5,7,7,1,5,9.27E-05
2020,5,7,8,1,5,0.000210566
2020,5,7,9,16,5,5.28E-05
2020,5,7,9,1,5,0.000244005
2020,5,7,10,1,5,1.40E-05
2020,5,7,11,1,5,1.28E-05
2020,5,7,1,16,5,2.43E-05
2020,5,7,1,1,5,0.000684933
2020,5,7,2,1,5,0.000120054
2020,5,7,3,1,5,7.83E-06
2020,5,7,4,1,5,1.06E-05
2020,5,8,6,1,5,0.000107853
2020,5,8,7,3,5,5.05E-06
2020,5,8,7,1,5,0.000158835
2020,5,8,8,1,5,0.000167581
2020,5,8,9,16,5,1.08E-05
2020,5,8,9,1,5,0.000328914
2020,5,8,10,1,5,8.68E-05
2020,5,8,11,16,5,7.43E-06
2020,5,8,11,1,5,0.000601422
2020,5,8,1,1,5,0.000130743
2020,5,8,2,1,5,7.68E-06
2020,5,8,3,1,5,3.85E-05
2020,5,8,4,16,5,8.19E-07
2020,5,8,4,1,5,3.58E-05
2020,5,8,5,1,5,2.88E-06
2020,6,1,2,1,5,1.55E-07
2020,6,1,3,1,5,2.07E-08
2020,6,1,5,1,5,1.07E-06
2020,6,1,8,1,5,4.93E-05
2020,6,1,9,1,5,4.86E-05
2020,6,1,11,1,5,7.04E-07
2020,6,2,1,1,5,9.84E-06
2020,6,2,3,1,5,1.22E-06
2020,6,2,4,1,5,4.73E-06
2020,6,2,5,1,5,3.03E-06
2020,6,2,6,1,5,0.000113274
2020,6,2,7,3,5,0.000183537
2020,6,2,7,1,5,7.33E-05
2020,6,2,8,3,5,1.68E-06
2020,6,2,8,1,5,0.00022285
2020,6,2,9,1,5,4.42E-05
2020,6,2,11,3,5,1.98E-08
2020,6,2,11,1,5,8.41E-05
2020,6,3,7,3,5,4.07E-06
2020,6,3,7,1,5,7.85E-05
2020,6,3,9,1,5,3.53E-05
2020,6,3,1,1,5,4.52E-05
2020,6,3,2,16,5,2.40E-06
2020,6,3,2,1,5,3.04E-05
2020,6,3,3,1,5,5.30E-06
2020,6,3,4,1,5,6.49E-06
2020,6,3,5,1,5,1.10E-06
2020,6,4,1,16,5,1.23E-05
2020,6,4,1,1,5,0.00022854
2020,6,4,2,16,5,1.08E-05
2020,6,4,2,1,5,4.45E-05
2020,6,4,3,1,5,2.75E-06
2020,6,4,4,16,5,1.13E-06
2020,6,4,4,1,5,8.15E-06
2020,6,4,5,1,5,3.08E-06
2020,6,4,6,1,5,5.47E-05
2020,6,4,7,3,5,3.69E-06
2020,6,4,9,1,5,2.97E-05
2020,6,4,10,1,5,8.21E-06
2020,6,5,6,1,5,1.00E-05
2020,6,5,9,1,5,1.04E-05
2020,6,5,1,3,5,2.32E-06
2020,6,5,1,16,5,1.65E-06
2020,6,5,1,1,5,3.09E-05
2020,6,5,2,16,5,6.12E-07
2020,6,5,2,1,5,1.57E-05
2020,6,5,3,1,5,8.24E-07
2020,6,5,4,1,5,2.95E-06
2020,6,5,5,1,5,4.82E-06
2020,6,6,1,1,5,1.56E-07
2020,6,6,2,1,5,4.58E-07
2020,6,6,3,1,5,5.09E-08
2020,6,6,4,1,5,2.82E-06
2020,6,6,5,1,5,1.92E-06
2020,6,6,7,1,5,1.42E-05
2020,6,6,8,3,5,1.54E-05
2020,6,6,8,1,5,2.49E-05
2020,6,6,9,1,5,1.27E-05
2020,6,6,11,1,5,4.10E-05
2020,6,7,6,1,5,1.20E-05
2020,6,7,7,16,5,2.57E-06
2020,6,7,7,1,5,1.95E-05
2020,6,7,8,1,5,4.81E-05
2020,6,7,9,16,5,1.54E-05
2020,6,7,9,1,5,6.64E-05
2020,6,7,10,1,5,3.63E-06
2020,6,7,11,1,5,3.57E-06
2020,6,7,1,16,5,6.58E-06
2020,6,7,1,1,5,0.000207482
2020,6,7,2,1,5,2.81E-05
2020,6,7,3,1,5,1.28E-06
2020,6,7,4,1,5,1.63E-06
2020,6,8,6,1,5,3.68E-05
2020,6,8,7,3,5,1.85E-06
2020,6,8,7,1,5,5.00E-05
2020,6,8,8,1,5,5.67E-05
2020,6,8,9,16,5,3.69E-06
2020,6,8,9,1,5,7.29E-05
2020,6,8,10,1,5,1.53E-05
2020,6,8,11,16,5,1.65E-06
2020,6,8,11,1,5,0.000116946
2020,6,8,1,1,5,4.70E-05
2020,6,8,2,1,5,1.62E-06
2020,6,8,3,1,5,4.77E-06
2020,6,8,4,16,5,1.54E-07
2020,6,8,4,1,5,8.65E-06
2020,6,8,5,1,5,2.56E-07
2020,7,1,2,1,5,1.24E-06
2020,7,1,3,1,5,1.76E-07
2020,7,1,5,1,5,4.14E-06
2020,7,1,8,1,5,7.31E-05
2020,7,1,9,1,5,9.58E-05
2020,7,1,11,1,5,1.26E-06
2020,7,2,1,1,5,4.05E-05
2020,7,2,3,1,5,7.79E-06
2020,7,2,4,1,5,1.83E-05
2020,7,2,5,16,5,1.45E-07
2020,7,2,5,1,5,8.83E-06
2020,7,2,6,1,5,0.000257739
2020,7,2,7,3,5,0.000418364
2020,7,2,7,1,5,0.000205219
2020,7,2,8,3,5,4.32E-06
2020,7,2,8,1,5,0.000549767
2020,7,2,9,1,5,0.000103459
2020,7,2,11,3,5,4.19E-08
2020,7,2,11,1,5,0.000226749
2020,7,3,7,3,5,6.12E-06
2020,7,3,7,1,5,0.000119148
2020,7,3,9,1,5,6.09E-05
2020,7,3,1,1,5,5.38E-05
2020,7,3,2,16,5,4.26E-06
2020,7,3,2,1,5,9.60E-05
2020,7,3,3,1,5,1.61E-05
2020,7,3,4,1,5,2.50E-05
2020,7,3,5,1,5,5.48E-06
2020,7,4,1,16,5,2.24E-05
2020,7,4,1,1,5,0.000428686
2020,7,4,2,16,5,2.48E-05
2020,7,4,2,1,5,0.000100024
2020,7,4,3,1,5,1.35E-05
2020,7,4,4,16,5,2.05E-06
2020,7,4,4,1,5,2.77E-05
2020,7,4,5,16,5,0.000000415
2020,7,4,5,1,5,1.11E-05
2020,7,4,6,1,5,0.000100697
2020,7,4,7,3,5,9.13E-06
2020,7,4,9,1,5,4.78E-05
2020,7,4,10,1,5,4.15E-05
2020,7,5,6,1,5,3.52E-05
2020,7,5,9,1,5,1.96E-05
2020,7,5,1,3,5,6.76E-06
2020,7,5,1,16,5,1.11E-06
2020,7,5,1,1,5,6.62E-05
2020,7,5,2,16,5,1.68E-06
2020,7,5,2,1,5,3.45E-05
2020,7,5,3,1,5,2.38E-06
2020,7,5,4,1,5,7.82E-06
2020,7,5,5,1,5,2.06E-05
2020,7,6,1,1,5,9.39E-07
2020,7,6,2,1,5,9.68E-07
2020,7,6,3,1,5,2.04E-07
2020,7,6,4,1,5,1.19E-05
2020,7,6,5,16,5,5.33E-08
2020,7,6,5,1,5,1.00E-05
2020,7,6,7,1,5,4.42E-05
2020,7,6,8,3,5,4.01E-05
2020,7,6,8,1,5,7.51E-05
2020,7,6,9,1,5,2.70E-05
2020,7,6,11,1,5,0.000112606
2020,7,7,6,1,5,2.08E-05
2020,7,7,7,16,5,4.19E-06
2020,7,7,7,1,5,2.75E-05
2020,7,7,8,1,5,8.30E-05
2020,7,7,9,16,5,2.90E-05
2020,7,7,9,1,5,0.000103981
2020,7,7,10,1,5,1.35E-05
2020,7,7,11,1,5,5.89E-06
2020,7,7,1,16,5,1.14E-05
2020,7,7,1,1,5,0.000437538
2020,7,7,2,1,5,7.20E-05
2020,7,7,3,1,5,3.16E-06
2020,7,7,4,1,5,4.67E-06
2020,7,8,6,1,5,8.75E-05
2020,7,8,7,3,5,2.13E-06
2020,7,8,7,1,5,8.70E-05
2020,7,8,8,1,5,0.000109724
2020,7,8,9,16,5,7.50E-06
2020,7,8,9,1,5,0.000131075
2020,7,8,10,1,5,5.92E-05
2020,7,8,11,16,5,4.59E-06
2020,7,8,11,1,5,0.000332031
2020,7,8,1,1,5,8.50E-05
2020,7,8,2,1,5,5.13E-06
2020,7,8,3,1,5,2.01E-05
2020,7,8,4,16,5,6.84E-07
2020,7,8,4,1,5,2.92E-05
2020,7,8,5,1,5,8.24E-07
2020,8,1,2,1,5,1.19E-06
2020,8,1,3,1,5,3.18E-07
2020,8,1,5,1,5,9.06E-06
2020,8,1,8,1,5,5.58E-05
2020,8,1,9,1,5,7.69E-05
2020,8,1,11,1,5,2.97E-06
2020,8,2,1,1,5,1.30E-05
2020,8,2,3,1,5,5.93E-06
2020,8,2,4,1,5,1.38E-05
2020,8,2,5,1,5,1.16E-05
2020,8,2,6,1,5,0.000165621
2020,8,2,7,3,5,0.00014121
2020,8,2,7,1,5,0.000139439
2020,8,2,8,3,5,1.85E-06
2020,8,2,8,1,5,0.000247991
2020,8,2,9,1,5,7.25E-05
2020,8,2,11,3,5,1.17E-08
2020,8,2,11,1,5,0.000188967
2020,8,3,7,3,5,3.55E-06
2020,8,3,7,1,5,4.89E-05
2020,8,3,9,1,5,5.44E-05
2020,8,3,1,1,5,4.26E-05
2020,8,3,2,16,5,6.49E-06
2020,8,3,2,1,5,4.63E-05
2020,8,3,3,1,5,9.33E-06
2020,8,3,4,1,5,1.52E-05
2020,8,3,5,1,5,4.85E-06
2020,8,4,1,16,5,1.35E-05
2020,8,4,1,1,5,0.000151928
2020,8,4,2,16,5,1.74E-05
2020,8,4,2,1,5,5.19E-05
2020,8,4,3,1,5,5.46E-06
2020,8,4,4,16,5,1.90E-06
2020,8,4,4,1,5,1.37E-05
2020,8,4,5,1,5,9.56E-06
2020,8,4,6,1,5,6.16E-05
2020,8,4,7,3,5,5.46E-06
2020,8,4,9,1,5,5.23E-05
2020,8,4,10,1,5,1.78E-05
2020,8,5,6,1,5,3.55E-05
2020,8,5,9,1,5,2.74E-05
2020,8,5,1,3,5,1.52E-06
2020,8,5,1,16,5,9.22E-07
2020,8,5,1,1,5,2.46E-05
2020,8,5,2,16,5,1.89E-06
2020,8,5,2,1,5,2.08E-05
2020,8,5,3,1,5,1.26E-06
2020,8,5,4,1,5,4.05E-06
2020,8,5,5,1,5,1.22E-05
2020,8,6,1,1,5,8.86E-07
2020,8,6,2,1,5,1.17E-06
2020,8,6,3,1,5,7.13E-07
2020,8,6,4,1,5,1.63E-05
2020,8,6,5,16,5,2.13E-07
2020,8,6,5,1,5,2.54E-05
2020,8,6,7,1,5,2.35E-05
2020,8,6,8,3,5,2.62E-05
2020,8,6,8,1,5,3.34E-05
2020,8,6,9,1,5,8.89E-06
2020,8,6,11,1,5,7.94E-05
2020,8,7,6,1,5,2.69E-05
2020,8,7,7,16,5,8.53E-06
2020,8,7,7,1,5,5.70E-05
2020,8,7,8,1,5,0.000137571
2020,8,7,9,16,5,3.75E-05
2020,8,7,9,1,5,0.000160968
2020,8,7,10,1,5,6.10E-06
2020,8,7,11,1,5,6.53E-06
2020,8,7,1,16,5,4.56E-06
2020,8,7,1,1,5,0.000167308
2020,8,7,2,1,5,3.33E-05
2020,8,7,3,1,5,1.39E-06
2020,8,7,4,1,5,4.29E-06
2020,8,8,6,1,5,6.32E-05
2020,8,8,7,3,5,1.68E-06
2020,8,8,7,1,5,7.10E-05
2020,8,8,8,1,5,6.81E-05
2020,8,8,9,16,5,7.89E-06
2020,8,8,9,1,5,0.000105787
2020,8,8,10,1,5,3.01E-05
2020,8,8,11,16,5,5.51E-06
2020,8,8,11,1,5,0.000224142
2020,8,8,1,1,5,3.55E-05
2020,8,8,2,1,5,2.34E-06
2020,8,8,3,1,5,6.51E-06
2020,8,8,4,16,5,9.73E-07
2020,8,8,4,1,5,9.92E-06
2020,8,8,5,1,5,2.06E-06
2020,9,1,2,1,5,8.77E-07
2020,9,1,3,1,5,5.37E-07
2020,9,1,5,1,5,1.20E-05
2020,9,1,8,1,5,8.92E-05
2020,9,1,9,1,5,0.000148838
2020,9,1,11,1,5,1.91E-06
2020,9,2,1,1,5,1.26E-05
2020,9,2,3,1,5,1.80E-05
2020,9,2,4,1,5,2.51E-05
2020,9,2,5,1,5,2.17E-05
2020,9,2,6,1,5,0.000121515
2020,9,2,7,3,5,0.00021122
2020,9,2,7,1,5,0.000253653
2020,9,2,8,3,5,2.01E-06
2020,9,2,8,1,5,0.000278377
2020,9,2,9,1,5,8.16E-05
2020,9,2,11,3,5,1.51E-08
2020,9,2,11,1,5,0.000158429
2020,9,3,7,3,5,8.75E-06
2020,9,3,7,1,5,0.000154257
2020,9,3,9,1,5,9.95E-05
2020,9,3,1,1,5,5.56E-05
2020,9,3,2,16,5,2.75E-05
2020,9,3,2,1,5,0.000121828
2020,9,3,3,1,5,2.91E-05
2020,9,3,4,1,5,7.00E-05
2020,9,3,5,1,5,1.15E-05
2020,9,4,1,16,5,3.27E-05
2020,9,4,1,1,5,0.000274498
2020,9,4,2,16,5,8.97E-05
2020,9,4,2,1,5,0.000128654
2020,9,4,3,1,5,2.00E-05
2020,9,4,4,16,5,5.95E-06
2020,9,4,4,1,5,4.71E-05
2020,9,4,5,16,5,1.88E-07
2020,9,4,5,1,5,2.17E-05
2020,9,4,6,1,5,6.23E-05
2020,9,4,7,3,5,3.23E-05
2020,9,4,9,1,5,9.99E-05
2020,9,4,10,1,5,9.22E-05
2020,9,5,6,1,5,2.80E-05
2020,9,5,9,1,5,2.64E-05
2020,9,5,1,3,5,1.56E-06
2020,9,5,1,16,5,1.60E-05
2020,9,5,1,1,5,3.92E-05
2020,9,5,2,16,5,7.39E-06
2020,9,5,2,1,5,4.87E-05
2020,9,5,3,1,5,6.77E-06
2020,9,5,4,1,5,6.63E-06
2020,9,5,5,1,5,4.78E-05
2020,9,6,1,1,5,5.74E-07
2020,9,6,2,1,5,3.16E-06
2020,9,6,3,1,5,5.09E-08
2020,9,6,4,1,5,1.52E-05
2020,9,6,5,16,5,2.13E-07
2020,9,6,5,1,5,2.15E-05
2020,9,6,7,1,5,1.92E-05
2020,9,6,8,3,5,2.02E-05
2020,9,6,8,1,5,2.89E-05
2020,9,6,9,1,5,1.53E-05
2020,9,6,11,1,5,9.26E-05
2020,9,7,6,1,5,2.11E-05
2020,9,7,7,16,5,1.31E-05
2020,9,7,7,1,5,5.27E-05
2020,9,7,8,1,5,0.000106409
2020,9,7,9,16,5,8.49E-05
2020,9,7,9,1,5,0.000195899
2020,9,7,10,1,5,1.51E-05
2020,9,7,11,1,5,9.31E-06
2020,9,7,1,16,5,1.91E-05
2020,9,7,1,1,5,0.000305789
2020,9,7,2,1,5,0.000102418
2020,9,7,3,1,5,1.32E-05
2020,9,7,4,1,5,8.99E-06
2020,9,8,6,1,5,3.36E-05
2020,9,8,7,3,5,2.28E-06
2020,9,8,7,1,5,8.14E-05
2020,9,8,8,1,5,7.00E-05
2020,9,8,9,16,5,1.37E-05
2020,9,8,9,1,5,0.00016439
2020,9,8,10,1,5,0.000107091
2020,9,8,11,16,5,1.87E-05
2020,9,8,11,1,5,0.000500989
2020,9,8,1,1,5,6.66E-05
2020,9,8,2,1,5,6.95E-06
2020,9,8,3,1,5,4.86E-05
2020,9,8,4,16,5,2.63E-06
2020,9,8,4,1,5,3.57E-05
2020,9,8,5,1,5,2.82E-06
2023,1,1,2,1,1,0.000799654
2023,1,1,3,1,1,2.74E-04
2023,1,1,5,1,1,4.07E-04
2023,1,1,7,16,3,7.25E-06
2023,1,1,7,16,1,0.001580544
2023,1,1,7,1,3,1.04E-05
2023,1,1,7,1,1,0.001392914
2023,1,1,8,1,2,1.01E-06
2023,1,1,8,1,3,2.02E-06
2023,1,1,8,1,1,2.58E-03
2023,1,1,9,1,2,9.19E-06
2023,1,1,9,1,3,1.71E-05
2023,1,1,9,1,1,1.62E-02
2023,1,1,11,1,1,4.32E-04
2023,1,2,1,1,2,4.39E-05
2023,1,2,1,1,1,0.00033654
2023,1,2,2,1,1,2.44E-04
2023,1,2,3,4,1,0.000252204
2023,1,2,3,4,4,3.11E-06
2023,1,2,3,1,2,1.44E-05
2023,1,2,3,1,1,0.001232878
2023,1,2,4,7,1,8.54E-05
2023,1,2,4,7,4,3.92E-06
2023,1,2,4,15,1,5.89E-04
2023,1,2,4,15,4,2.80E-05
2023,1,2,4,1,1,0.002129157
2023,1,2,5,16,1,0.00000105
2023,1,2,5,1,1,6.65E-04
2023,1,2,6,2,1,0.00010532
2023,1,2,6,2,4,1.58E-05
2023,1,2,6,1,2,4.13E-05
2023,1,2,6,1,3,4.08E-05
2023,1,2,6,1,1,7.12E-03
2023,1,2,7,7,3,0.000130117
2023,1,2,7,7,1,0.000669342
2023,1,2,7,7,4,2.70E-04
2023,1,2,7,3,2,0.000434827
2023,1,2,7,3,3,1.01E-04
2023,1,2,7,3,1,0.00255203
2023,1,2,7,1,2,1.04E-05
2023,1,2,7,1,3,8.16E-05
2023,1,2,7,1,1,4.83E-03
2023,1,2,8,3,2,2.93E-08
2023,1,2,8,3,3,4.05E-07
2023,1,2,8,3,1,3.12E-05
2023,1,2,8,2,1,0.001115301
2023,1,2,8,2,4,2.48E-04
2023,1,2,8,1,2,1.02E-05
2023,1,2,8,1,3,1.02E-04
2023,1,2,8,1,1,9.48E-03
2023,1,2,9,16,1,1.33E-04
2023,1,2,9,1,2,5.03E-05
2023,1,2,9,1,3,2.07E-05
2023,1,2,9,1,1,1.09E-02
2023,1,2,11,15,2,7.58E-07
2023,1,2,11,15,3,0.000147396
2023,1,2,11,15,1,1.41E-03
2023,1,2,11,15,4,4.01E-04
2023,1,2,11,3,1,2.37E-06
2023,1,2,11,16,3,1.11E-04
2023,1,2,11,16,1,2.41E-03
2023,1,2,11,2,1,9.69E-04
2023,1,2,11,2,4,2.40E-04
2023,1,2,11,1,2,5.69E-05
2023,1,2,11,1,3,1.55E-04
2023,1,2,11,1,1,6.94E-03
2023,1,3,7,1,3,7.08E-05
2023,1,3,7,1,1,0.000262157
2023,1,3,10,1,1,4.52E-05
2023,1,3,1,1,2,1.77E-04
2023,1,3,1,1,1,1.42E-03
2023,1,3,2,16,2,1.05E-06
2023,1,3,2,16,3,1.05E-06
2023,1,3,2,16,1,2.19E-03
2023,1,3,2,1,2,4.96E-04
2023,1,3,2,1,3,1.13E-06
2023,1,3,2,1,1,0.006909871
2023,1,3,3,1,2,4.17E-06
2023,1,3,3,1,1,3.22E-03
2023,1,3,4,5,2,1.04E-06
2023,1,3,4,5,1,0.000381403
2023,1,3,4,5,4,2.60E-05
2023,1,3,4,6,1,0.000127119
2023,1,3,4,6,4,7.12E-06
2023,1,3,4,1,2,1.23E-05
2023,1,3,4,1,3,1.04E-06
2023,1,3,4,1,1,6.52E-03
2023,1,3,5,7,2,1.03E-06
2023,1,3,5,7,1,1.35E-04
2023,1,3,5,7,4,7.38E-06
2023,1,3,5,1,1,3.31E-04
2023,1,4,1,4,3,7.51E-06
2023,1,4,1,4,1,0.000283092
2023,1,4,1,4,4,1.72E-05
2023,1,4,1,7,2,8.43E-06
2023,1,4,1,7,3,5.27E-06
2023,1,4,1,7,1,3.58E-04
2023,1,4,1,7,4,1.05E-05
2023,1,4,1,15,2,9.69E-05
2023,1,4,1,15,1,4.18E-03
2023,1,4,1,15,4,8.76E-05
2023,1,4,1,16,2,1.05E-06
2023,1,4,1,16,3,3.23E-06
2023,1,4,1,16,1,1.48E-03
2023,1,4,1,1,2,2.87E-03
2023,1,4,1,1,3,1.44E-04
2023,1,4,1,1,1,0.024042085
2023,1,4,2,4,1,1.03E-06
2023,1,4,2,16,2,6.54E-05
2023,1,4,2,16,3,3.89E-05
2023,1,4,2,16,1,0.004884608
2023,1,4,2,6,3,1.03E-06
2023,1,4,2,6,1,0.000552267
2023,1,4,2,6,4,1.24E-05
2023,1,4,2,1,2,2.99E-04
2023,1,4,2,1,3,1.76E-05
2023,1,4,2,1,1,1.51E-02
2023,1,4,3,5,1,9.98E-05
2023,1,4,3,5,4,1.02E-06
2023,1,4,3,1,2,1.76E-05
2023,1,4,3,1,1,0.000989005
2023,1,4,4,7,2,1.35E-06
2023,1,4,4,7,1,3.17E-06
2023,1,4,4,7,4,2.50E-07
2023,1,4,4,15,2,2.37E-04
2023,1,4,4,15,1,3.22E-03
2023,1,4,4,15,4,0.000135367
2023,1,4,4,16,1,3.12E-04
2023,1,4,4,1,2,4.10E-06
2023,1,4,4,1,1,4.51E-03
2023,1,4,5,7,1,1.31E-04
2023,1,4,5,7,4,5.21E-06
2023,1,4,5,15,1,1.07E-04
2023,1,4,5,15,4,1.69E-05
2023,1,4,5,3,1,9.96E-05
2023,1,4,5,16,1,5.49E-06
2023,1,4,5,5,4,2.14E-06
2023,1,4,5,6,1,4.17E-06
2023,1,4,5,1,1,1.08E-03
2023,1,4,6,5,2,4.54E-04
2023,1,4,6,5,3,2.26E-05
2023,1,4,6,5,1,8.71E-04
2023,1,4,6,5,4,2.69E-04
2023,1,4,6,1,2,2.28E-04
2023,1,4,6,1,3,9.17E-05
2023,1,4,6,1,1,8.78E-04
2023,1,4,9,16,2,3.93E-05
2023,1,4,9,16,3,3.26E-05
2023,1,4,9,16,1,2.77E-03
2023,1,4,9,1,2,1.14E-05
2023,1,4,9,1,3,3.31E-05
2023,1,4,9,1,1,2.65E-03
2023,1,4,10,1,1,5.07E-05
2023,1,5,6,1,2,2.66E-05
2023,1,5,6,1,3,1.02E-06
2023,1,5,6,1,1,0.003017663
2023,1,5,7,1,2,4.07E-06
2023,1,5,7,1,3,2.03E-06
2023,1,5,7,1,1,0.004619443
2023,1,5,9,1,2,2.15E-05
2023,1,5,9,1,1,1.52E-03
2023,1,5,11,5,2,0.000249539
2023,1,5,11,5,3,2.09E-06
2023,1,5,11,5,1,3.83E-03
2023,1,5,11,5,4,1.41E-04
2023,1,5,11,2,1,8.76E-05
2023,1,5,11,2,4,1.46E-05
2023,1,5,11,1,2,1.65E-05
2023,1,5,11,1,1,5.13E-03
2023,1,5,1,16,2,1.04E-06
2023,1,5,1,16,3,1.04E-06
2023,1,5,1,16,1,7.66E-04
2023,1,5,1,1,2,2.16E-04
2023,1,5,1,1,3,5.01E-05
2023,1,5,1,1,1,3.91E-03
2023,1,5,2,16,3,1.03E-06
2023,1,5,2,16,1,6.31E-04
2023,1,5,2,1,2,4.08E-05
2023,1,5,2,1,1,7.60E-03
2023,1,5,3,1,1,1.79E-04
2023,1,5,4,7,1,2.44E-04
2023,1,5,4,7,4,4.24E-06
2023,1,5,4,1,1,3.79E-04
2023,1,5,5,15,2,1.02E-06
2023,1,5,5,15,3,1.02E-06
2023,1,5,5,15,1,0.001098465
2023,1,5,5,15,4,1.17E-04
2023,1,5,5,5,1,2.95E-05
2023,1,5,5,5,4,5.34E-06
2023,1,5,5,6,1,7.49E-06
2023,1,5,5,6,4,5.35E-06
2023,1,5,5,1,3,1.06E-06
2023,1,5,5,1,1,8.47E-04
2023,1,6,2,1,2,1.03E-06
2023,1,6,2,1,1,0.000363243
2023,1,6,4,1,1,7.37E-04
2023,1,6,5,5,1,2.55E-05
2023,1,6,5,5,4,4.30E-06
2023,1,6,5,1,1,1.27E-03
2023,1,6,7,1,2,1.02E-04
2023,1,6,7,1,3,1.44E-05
2023,1,6,7,1,1,2.47E-04
2023,1,6,8,2,1,1.15E-04
2023,1,6,8,2,4,3.81E-05
2023,1,6,8,1,2,1.58E-04
2023,1,6,8,1,3,0.000340036
2023,1,6,8,1,1,4.09E-03
2023,1,6,9,16,1,1.87E-05
2023,1,6,9,1,2,1.33E-04
2023,1,6,9,1,3,1.03E-06
2023,1,6,9,1,1,0.001866832
2023,1,6,11,16,1,4.47E-04
2023,1,6,11,2,1,1.86E-04
2023,1,6,11,2,4,7.08E-05
2023,1,6,11,1,2,1.88E-04
2023,1,6,11,1,3,9.71E-07
2023,1,6,11,1,1,0.00507835
2023,1,7,6,1,2,7.85E-05
2023,1,7,6,1,3,6.35E-06
2023,1,7,6,1,1,4.72E-03
2023,1,7,7,16,3,1.04E-06
2023,1,7,7,16,1,3.36E-04
2023,1,7,7,1,2,6.20E-05
2023,1,7,7,1,3,7.85E-05
2023,1,7,7,1,1,7.65E-03
2023,1,7,8,1,2,0.000213795
2023,1,7,8,1,3,1.43E-04
2023,1,7,8,1,1,1.01E-02
2023,1,7,9,16,2,5.55E-05
2023,1,7,9,16,3,4.12E-05
2023,1,7,9,16,1,1.59E-02
2023,1,7,9,5,3,7.09E-06
2023,1,7,9,5,1,2.77E-04
2023,1,7,9,5,4,1.42E-05
2023,1,7,9,6,2,2.05E-06
2023,1,7,9,6,3,2.76E-05
2023,1,7,9,6,1,2.15E-03
2023,1,7,9,6,4,5.94E-05
2023,1,7,9,1,2,1.64E-03
2023,1,7,9,1,3,7.78E-05
2023,1,7,9,1,1,9.40E-02
2023,1,7,10,1,2,2.18E-05
2023,1,7,10,1,3,2.80E-07
2023,1,7,10,1,1,4.90E-03
2023,1,7,11,7,1,3.09E-04
2023,1,7,11,7,4,8.28E-06
2023,1,7,11,15,3,1.07E-06
2023,1,7,11,15,1,2.27E-03
2023,1,7,11,15,4,4.75E-05
2023,1,7,11,6,2,4.06E-05
2023,1,7,11,6,3,6.32E-06
2023,1,7,11,6,1,2.17E-03
2023,1,7,11,6,4,4.38E-05
2023,1,7,11,1,1,5.78E-04
2023,1,7,1,7,2,2.86E-04
2023,1,7,1,7,3,6.19E-05
2023,1,7,1,7,1,2.60E-03
2023,1,7,1,7,4,1.04E-04
2023,1,7,1,15,2,5.53E-04
2023,1,7,1,15,3,4.91E-05
2023,1,7,1,15,1,1.61E-03
2023,1,7,1,15,4,1.55E-04
2023,1,7,1,16,2,7.49E-05
2023,1,7,1,16,3,1.04E-06
2023,1,7,1,16,1,1.30E-03
2023,1,7,1,5,1,3.03E-04
2023,1,7,1,5,4,4.12E-06
2023,1,7,1,6,3,1.44E-05
2023,1,7,1,6,1,1.91E-04
2023,1,7,1,6,4,2.77E-05
2023,1,7,1,1,2,5.80E-04
2023,1,7,1,1,3,9.50E-06
2023,1,7,1,1,1,8.36E-03
2023,1,7,2,16,1,4.50E-05
2023,1,7,2,1,2,8.86E-05
2023,1,7,2,1,1,9.36E-03
2023,1,7,3,7,1,5.41E-05
2023,1,7,3,7,4,1.04E-06
2023,1,7,3,1,2,2.18E-06
2023,1,7,3,1,3,7.38E-07
2023,1,7,3,1,1,1.99E-03
2023,1,7,4,7,1,1.20E-03
2023,1,7,4,7,4,3.70E-05
2023,1,7,4,15,3,1.05E-06
2023,1,7,4,15,1,8.21E-04
2023,1,7,4,15,4,1.70E-05
2023,1,7,4,5,1,4.06E-05
2023,1,7,4,5,4,3.13E-06
2023,1,7,4,6,1,1.47E-05
2023,1,7,4,6,4,6.59E-07
2023,1,7,4,1,1,1.42E-04
2023,1,8,6,1,2,3.34E-05
2023,1,8,6,1,3,9.43E-06
2023,1,8,6,1,1,4.73E-03
2023,1,8,7,3,3,2.74E-07
2023,1,8,7,1,2,7.58E-04
2023,1,8,7,1,3,8.82E-05
2023,1,8,7,1,1,4.13E-03
2023,1,8,8,1,2,1.74E-04
2023,1,8,8,1,3,5.17E-05
2023,1,8,8,1,1,9.76E-03
2023,1,8,9,7,2,3.10E-06
2023,1,8,9,7,3,1.74E-05
2023,1,8,9,7,1,1.59E-03
2023,1,8,9,7,4,0.00016182
2023,1,8,9,16,2,1.23E-05
2023,1,8,9,16,3,6.12E-06
2023,1,8,9,16,1,1.10E-02
2023,1,8,9,5,2,4.40E-05
2023,1,8,9,5,3,5.21E-06
2023,1,8,9,5,1,1.65E-03
2023,1,8,9,5,4,7.46E-05
2023,1,8,9,1,2,6.93E-04
2023,1,8,9,1,3,2.76E-05
2023,1,8,9,1,1,5.50E-02
2023,1,8,10,15,1,2.35E-03
2023,1,8,10,15,4,7.24E-05
2023,1,8,10,1,2,3.81E-05
2023,1,8,10,1,3,1.02E-06
2023,1,8,10,1,1,1.40E-02
2023,1,8,11,7,1,4.28E-04
2023,1,8,11,7,4,2.68E-05
2023,1,8,11,15,2,2.43E-07
2023,1,8,11,15,1,1.79E-03
2023,1,8,11,15,4,2.04E-04
2023,1,8,11,3,3,3.60E-05
2023,1,8,11,3,1,1.37E-07
2023,1,8,11,16,3,6.74E-05
2023,1,8,11,16,1,1.05E-03
2023,1,8,11,5,2,3.48E-04
2023,1,8,11,5,3,5.30E-06
2023,1,8,11,5,1,4.90E-03
2023,1,8,11,5,4,3.90E-04
2023,1,8,11,6,1,0.000569491
2023,1,8,11,6,4,3.30E-05
2023,1,8,11,1,2,1.06E-04
2023,1,8,11,1,3,6.55E-05
2023,1,8,11,1,1,4.87E-02
2023,1,8,1,7,3,2.24E-06
2023,1,8,1,7,1,2.11E-04
2023,1,8,1,7,4,1.23E-05
2023,1,8,1,16,1,5.13E-06
2023,1,8,1,1,2,4.05E-04
2023,1,8,1,1,3,1.02E-06
2023,1,8,1,1,1,2.27E-03
2023,1,8,2,7,1,1.02E-06
2023,1,8,2,15,1,1.03E-06
2023,1,8,2,1,1,8.36E-06
2023,1,8,3,1,1,1.86E-05
2023,1,8,4,7,2,1.44E-05
2023,1,8,4,7,3,1.46E-05
2023,1,8,4,7,1,7.95E-04
2023,1,8,4,7,4,6.69E-05
2023,1,8,4,15,3,2.69E-05
2023,1,8,4,15,1,1.87E-02
2023,1,8,4,15,4,6.36E-04
2023,1,8,4,6,1,3.93E-05
2023,1,8,4,6,4,9.82E-07
2023,1,8,4,1,2,7.16E-06
2023,1,8,4,1,1,2.02E-03
2023,1,8,5,15,2,7.76E-07
2023,1,8,5,15,1,8.91E-04
2023,1,8,5,15,4,0.000120548
2023,1,8,5,1,1,1.09E-04
2023,2,1,2,1,1,1.74E-03
2023,2,1,3,1,1,0.000552792
2023,2,1,5,1,2,9.88E-07
2023,2,1,5,1,1,1.38E-03
2023,2,1,7,16,2,1.04E-06
2023,2,1,7,16,3,6.22E-06
2023,2,1,7,16,1,3.59E-03
2023,2,1,7,1,3,3.91E-05
2023,2,1,7,1,1,3.48E-03
2023,2,1,8,1,2,1.47E-05
2023,2,1,8,1,3,1.03E-05
2023,2,1,8,1,1,6.34E-03
2023,2,1,9,1,2,1.78E-06
2023,2,1,9,1,3,1.03E-05
2023,2,1,9,1,1,2.08E-02
2023,2,1,11,1,1,8.90E-04
2023,2,2,1,1,2,1.85E-04
2023,2,2,1,1,1,1.22E-03
2023,2,2,2,1,1,5.03E-04
2023,2,2,3,4,1,2.71E-04
2023,2,2,3,4,4,3.11E-06
2023,2,2,3,1,2,1.03E-06
2023,2,2,3,1,1,3.30E-03
2023,2,2,4,7,1,2.56E-04
2023,2,2,4,7,4,1.07E-05
2023,2,2,4,15,1,1.50E-03
2023,2,2,4,15,4,6.87E-05
2023,2,2,4,1,2,1.02E-06
2023,2,2,4,1,1,6.52E-03
2023,2,2,5,1,1,2.43E-03
2023,2,2,6,2,1,3.51E-04
2023,2,2,6,2,4,3.28E-05
2023,2,2,6,1,2,1.06E-03
2023,2,2,6,1,3,5.80E-04
2023,2,2,6,1,1,1.72E-02
2023,2,2,7,7,2,9.38E-06
2023,2,2,7,7,3,8.56E-05
2023,2,2,7,7,1,1.24E-03
2023,2,2,7,7,4,4.71E-04
2023,2,2,7,3,2,2.64E-04
2023,2,2,7,3,3,1.94E-04
2023,2,2,7,3,1,0.005721783
2023,2,2,7,16,1,6.73E-06
2023,2,2,7,1,2,1.04E-04
2023,2,2,7,1,3,2.77E-04
2023,2,2,7,1,1,1.10E-02
2023,2,2,8,3,2,2.39E-07
2023,2,2,8,3,3,1.22E-06
2023,2,2,8,3,1,6.85E-05
2023,2,2,8,2,2,2.97E-06
2023,2,2,8,2,3,9.84E-07
2023,2,2,8,2,1,2.19E-03
2023,2,2,8,2,4,3.09E-04
2023,2,2,8,1,2,1.28E-04
2023,2,2,8,1,3,2.01E-04
2023,2,2,8,1,1,2.07E-02
2023,2,2,9,16,1,1.36E-04
2023,2,2,9,1,2,6.73E-05
2023,2,2,9,1,3,6.14E-05
2023,2,2,9,1,1,2.00E-02
2023,2,2,11,15,2,1.06E-05
2023,2,2,11,15,3,9.64E-05
2023,2,2,11,15,1,0.002249746
2023,2,2,11,15,4,6.98E-04
2023,2,2,11,3,1,3.63E-06
2023,2,2,11,16,3,0.000102328
2023,2,2,11,16,1,5.16E-03
2023,2,2,11,2,1,1.82E-03
2023,2,2,11,2,4,0.000323725
2023,2,2,11,1,2,1.40E-05
2023,2,2,11,1,3,9.16E-05
2023,2,2,11,1,1,0.016542281
2023,2,3,7,1,2,1.39E-06
2023,2,3,7,1,3,6.04E-04
2023,2,3,7,1,1,0.000681708
2023,2,3,10,1,2,3.09E-06
2023,2,3,10,1,3,1.02E-06
2023,2,3,10,1,1,1.01E-04
2023,2,3,1,1,2,1.55E-04
2023,2,3,1,1,1,5.22E-03
2023,2,3,2,16,2,1.12E-04
2023,2,3,2,16,3,1.57E-05
2023,2,3,2,16,1,4.46E-03
2023,2,3,2,1,2,5.51E-04
2023,2,3,2,1,3,2.27E-06
2023,2,3,2,1,1,1.42E-02
2023,2,3,3,1,2,7.34E-06
2023,2,3,3,1,1,8.76E-03
2023,2,3,4,14,1,1.06E-06
2023,2,3,4,14,4,3.19E-06
2023,2,3,4,5,2,1.04E-06
2023,2,3,4,5,1,9.99E-04
2023,2,3,4,5,4,8.96E-05
2023,2,3,4,6,1,2.04E-04
2023,2,3,4,6,4,1.18E-04
2023,2,3,4,1,2,2.49E-05
2023,2,3,4,1,1,2.03E-02
2023,2,3,5,7,1,0.000538177
2023,2,3,5,7,4,5.73E-05
2023,2,3,5,1,1,1.21E-03
2023,2,4,1,4,3,2.90E-05
2023,2,4,1,4,1,0.000403191
2023,2,4,1,4,4,3.54E-05
2023,2,4,1,7,3,4.22E-06
2023,2,4,1,7,1,4.46E-04
2023,2,4,1,7,4,2.45E-05
2023,2,4,1,15,2,2.28E-04
2023,2,4,1,15,3,1.03E-06
2023,2,4,1,15,1,0.019204667
2023,2,4,1,15,4,8.14E-04
2023,2,4,1,16,3,4.53E-06
2023,2,4,1,16,1,3.49E-03
2023,2,4,1,1,2,9.08E-03
2023,2,4,1,1,3,7.28E-04
2023,2,4,1,1,1,8.19E-02
2023,2,4,2,4,1,1.03E-06
2023,2,4,2,16,2,5.78E-04
2023,2,4,2,16,3,1.77E-05
2023,2,4,2,16,1,1.15E-02
2023,2,4,2,6,2,1.03E-06
2023,2,4,2,6,3,4.14E-05
2023,2,4,2,6,1,8.69E-04
2023,2,4,2,6,4,3.93E-05
2023,2,4,2,1,2,4.21E-04
2023,2,4,2,1,3,6.50E-05
2023,2,4,2,1,1,3.82E-02
2023,2,4,3,5,1,9.68E-05
2023,2,4,3,5,4,1.32E-05
2023,2,4,3,1,2,1.25E-05
2023,2,4,3,1,1,2.32E-03
2023,2,4,4,7,2,1.31E-06
2023,2,4,4,7,1,7.27E-06
2023,2,4,4,7,4,9.99E-07
2023,2,4,4,15,2,0.000317423
2023,2,4,4,15,3,1.07E-06
2023,2,4,4,15,1,0.007702938
2023,2,4,4,15,4,3.13E-04
2023,2,4,4,16,1,9.39E-04
2023,2,4,4,1,2,1.35E-05
2023,2,4,4,1,1,1.57E-02
2023,2,4,5,7,1,4.34E-04
2023,2,4,5,7,4,3.48E-05
2023,2,4,5,15,2,7.93E-05
2023,2,4,5,15,1,5.55E-04
2023,2,4,5,15,4,5.39E-05
2023,2,4,5,3,2,3.03E-07
2023,2,4,5,3,1,2.79E-04
2023,2,4,5,16,1,1.10E-05
2023,2,4,5,5,1,1.07E-05
2023,2,4,5,5,4,2.14E-06
2023,2,4,5,6,1,1.04E-05
2023,2,4,5,6,4,2.08E-06
2023,2,4,5,1,2,1.89E-06
2023,2,4,5,1,1,3.20E-03
2023,2,4,6,5,2,1.86E-03
2023,2,4,6,5,3,5.24E-05
2023,2,4,6,5,1,2.36E-03
2023,2,4,6,5,4,5.94E-04
2023,2,4,6,1,2,9.45E-04
2023,2,4,6,1,3,3.74E-04
2023,2,4,6,1,1,3.23E-03
2023,2,4,9,16,2,9.96E-05
2023,2,4,9,16,3,3.28E-05
2023,2,4,9,16,1,8.75E-03
2023,2,4,9,1,2,3.64E-05
2023,2,4,9,1,3,5.17E-06
2023,2,4,9,1,1,1.25E-02
2023,2,4,10,1,1,1.57E-04
2023,2,5,6,1,2,3.05E-06
2023,2,5,6,1,3,2.06E-06
2023,2,5,6,1,1,6.11E-03
2023,2,5,7,1,2,3.05E-06
2023,2,5,7,1,3,1.01E-06
2023,2,5,7,1,1,1.12E-02
2023,2,5,9,1,2,4.08E-05
2023,2,5,9,1,3,7.14E-06
2023,2,5,9,1,1,0.002841385
2023,2,5,11,5,2,0.001660112
2023,2,5,11,5,1,0.008663903
2023,2,5,11,5,4,0.000299655
2023,2,5,11,2,1,1.80E-04
2023,2,5,11,2,4,1.87E-05
2023,2,5,11,1,2,3.06E-06
2023,2,5,11,1,1,0.009817824
2023,2,5,1,16,2,1.04E-06
2023,2,5,1,16,3,6.14E-06
2023,2,5,1,16,1,1.73E-03
2023,2,5,1,1,2,4.15E-04
2023,2,5,1,1,3,5.17E-04
2023,2,5,1,1,1,1.47E-02
2023,2,5,2,16,3,1.03E-06
2023,2,5,2,16,1,1.66E-03
2023,2,5,2,1,2,1.13E-04
2023,2,5,2,1,3,4.19E-06
2023,2,5,2,1,1,2.24E-02
2023,2,5,3,1,2,1.04E-06
2023,2,5,3,1,1,0.000419386
2023,2,5,4,7,2,2.34E-05
2023,2,5,4,7,1,7.08E-04
2023,2,5,4,7,4,5.83E-05
2023,2,5,4,1,1,1.54E-03
2023,2,5,5,15,1,3.24E-03
2023,2,5,5,15,4,5.63E-04
2023,2,5,5,5,1,9.72E-05
2023,2,5,5,5,4,9.71E-06
2023,2,5,5,6,1,6.95E-05
2023,2,5,5,6,4,1.28E-05
2023,2,5,5,1,2,2.08E-06
2023,2,5,5,1,1,0.004494897
2023,2,6,2,1,1,6.94E-04
2023,2,6,4,1,1,0.002355628
2023,2,6,5,16,1,1.61E-05
2023,2,6,5,5,1,5.32E-05
2023,2,6,5,5,4,2.25E-05
2023,2,6,5,1,2,1.08E-06
2023,2,6,5,1,1,4.04E-03
2023,2,6,7,1,2,6.67E-05
2023,2,6,7,1,3,5.67E-05
2023,2,6,7,1,1,7.86E-04
2023,2,6,8,2,1,3.11E-04
2023,2,6,8,2,4,6.78E-05
2023,2,6,8,1,2,3.17E-04
2023,2,6,8,1,3,1.21E-03
2023,2,6,8,1,1,1.10E-02
2023,2,6,9,16,1,1.98E-05
2023,2,6,9,1,2,1.48E-04
2023,2,6,9,1,3,4.12E-06
2023,2,6,9,1,1,6.32E-03
2023,2,6,11,16,2,2.21E-06
2023,2,6,11,16,1,1.20E-03
2023,2,6,11,2,1,5.54E-04
2023,2,6,11,2,4,1.62E-04
2023,2,6,11,1,2,9.16E-04
2023,2,6,11,1,3,1.50E-05
2023,2,6,11,1,1,1.67E-02
2023,2,7,6,1,2,2.64E-05
2023,2,7,6,1,3,1.48E-05
2023,2,7,6,1,1,1.57E-02
2023,2,7,7,16,3,2.38E-05
2023,2,7,7,16,1,6.67E-04
2023,2,7,7,1,2,2.42E-04
2023,2,7,7,1,3,0.000265374
2023,2,7,7,1,1,2.47E-02
2023,2,7,8,1,2,0.000997963
2023,2,7,8,1,3,4.16E-04
2023,2,7,8,1,1,3.86E-02
2023,2,7,9,16,2,1.19E-04
2023,2,7,9,16,3,6.97E-05
2023,2,7,9,16,1,3.21E-02
2023,2,7,9,5,3,1.01E-06
2023,2,7,9,5,1,0.000344172
2023,2,7,9,5,4,8.10E-06
2023,2,7,9,6,3,1.40E-04
2023,2,7,9,6,1,2.95E-03
2023,2,7,9,6,4,1.43E-04
2023,2,7,9,1,2,2.96E-03
2023,2,7,9,1,3,1.82E-04
2023,2,7,9,1,1,2.34E-01
2023,2,7,10,1,2,7.96E-06
2023,2,7,10,1,1,1.17E-02
2023,2,7,11,7,1,0.000681029
2023,2,7,11,7,4,2.07E-05
2023,2,7,11,15,3,3.19E-06
2023,2,7,11,15,1,2.63E-03
2023,2,7,11,15,4,1.13E-04
2023,2,7,11,6,2,0.000248706
2023,2,7,11,6,3,5.34E-06
2023,2,7,11,6,1,3.58E-03
2023,2,7,11,6,4,2.18E-04
2023,2,7,11,1,1,2.05E-03
2023,2,7,1,7,2,5.84E-04
2023,2,7,1,7,3,1.74E-04
2023,2,7,1,7,1,3.98E-03
2023,2,7,1,7,4,2.89E-04
2023,2,7,1,15,2,2.38E-03
2023,2,7,1,15,3,2.88E-04
2023,2,7,1,15,1,2.78E-03
2023,2,7,1,15,4,5.51E-04
2023,2,7,1,16,2,9.78E-05
2023,2,7,1,16,3,4.15E-06
2023,2,7,1,16,1,2.55E-03
2023,2,7,1,5,1,4.77E-04
2023,2,7,1,5,4,1.96E-05
2023,2,7,1,6,3,1.43E-04
2023,2,7,1,6,1,4.26E-04
2023,2,7,1,6,4,2.79E-04
2023,2,7,1,1,2,1.58E-03
2023,2,7,1,1,3,2.48E-05
2023,2,7,1,1,1,3.36E-02
2023,2,7,2,16,1,1.27E-04
2023,2,7,2,1,2,1.60E-04
2023,2,7,2,1,3,3.15E-06
2023,2,7,2,1,1,2.21E-02
2023,2,7,3,7,1,1.30E-04
2023,2,7,3,1,2,2.51E-06
2023,2,7,3,1,1,5.16E-03
2023,2,7,4,7,1,2.16E-03
2023,2,7,4,7,4,1.83E-04
2023,2,7,4,15,1,1.82E-03
2023,2,7,4,15,4,6.39E-05
2023,2,7,4,5,2,1.04E-06
2023,2,7,4,5,1,1.84E-04
2023,2,7,4,5,4,1.25E-05
2023,2,7,4,6,1,3.56E-05
2023,2,7,4,6,4,6.59E-07
2023,2,7,4,1,1,0.000549736
2023,2,8,6,1,2,5.20E-05
2023,2,8,6,1,3,1.92E-04
2023,2,8,6,1,1,1.75E-02
2023,2,8,7,3,3,5.47E-07
2023,2,8,7,3,1,2.74E-07
2023,2,8,7,1,2,1.95E-03
2023,2,8,7,1,3,3.79E-04
2023,2,8,7,1,1,1.90E-02
2023,2,8,8,1,2,9.93E-04
2023,2,8,8,1,3,0.000263931
2023,2,8,8,1,1,4.78E-02
2023,2,8,9,7,3,1.74E-05
2023,2,8,9,7,1,3.50E-03
2023,2,8,9,7,4,3.54E-04
2023,2,8,9,16,2,4.29E-05
2023,2,8,9,16,3,9.15E-05
2023,2,8,9,16,1,2.91E-02
2023,2,8,9,5,2,3.87E-05
2023,2,8,9,5,3,3.50E-05
2023,2,8,9,5,1,3.26E-03
2023,2,8,9,5,4,0.000173173
2023,2,8,9,1,2,1.46E-03
2023,2,8,9,1,3,4.36E-05
2023,2,8,9,1,1,1.56E-01
2023,2,8,10,15,3,8.24E-07
2023,2,8,10,15,1,7.48E-03
2023,2,8,10,15,4,1.79E-04
2023,2,8,10,1,2,4.49E-05
2023,2,8,10,1,1,3.63E-02
2023,2,8,11,7,1,1.17E-03
2023,2,8,11,7,4,8.25E-05
2023,2,8,11,15,2,1.04E-05
2023,2,8,11,15,1,4.73E-03
2023,2,8,11,15,4,5.31E-04
2023,2,8,11,3,3,1.02E-04
2023,2,8,11,3,1,4.11E-07
2023,2,8,11,16,3,2.71E-05
2023,2,8,11,16,1,2.80E-03
2023,2,8,11,5,2,8.70E-04
2023,2,8,11,5,3,6.79E-05
2023,2,8,11,5,1,1.23E-02
2023,2,8,11,5,4,9.14E-04
2023,2,8,11,6,1,0.000972148
2023,2,8,11,6,4,1.52E-04
2023,2,8,11,1,2,4.13E-04
2023,2,8,11,1,3,0.000816643
2023,2,8,11,1,1,1.49E-01
2023,2,8,1,7,3,5.36E-06
2023,2,8,1,7,1,5.32E-04
2023,2,8,1,7,4,4.94E-05
2023,2,8,1,16,1,2.67E-05
2023,2,8,1,1,2,0.000935923
2023,2,8,1,1,3,2.28E-05
2023,2,8,1,1,1,9.23E-03
2023,2,8,2,7,1,1.07E-05
2023,2,8,2,7,4,5.10E-07
2023,2,8,2,15,1,1.08E-05
2023,2,8,2,15,4,5.14E-07
2023,2,8,2,1,1,8.14E-05
2023,2,8,3,1,1,1.37E-04
2023,2,8,4,7,2,1.61E-04
2023,2,8,4,7,3,1.79E-05
2023,2,8,4,7,1,0.002652038
2023,2,8,4,7,4,1.78E-04
2023,2,8,4,15,2,1.19E-04
2023,2,8,4,15,3,3.57E-05
2023,2,8,4,15,1,5.63E-02
2023,2,8,4,15,4,2.71E-03
2023,2,8,4,14,1,5.13E-06
2023,2,8,4,14,4,2.06E-06
2023,2,8,4,6,1,4.42E-05
2023,2,8,4,6,4,6.87E-06
2023,2,8,4,1,2,4.12E-06
2023,2,8,4,1,1,4.88E-03
2023,2,8,5,15,1,4.26E-03
2023,2,8,5,15,4,4.58E-04
2023,2,8,5,1,1,2.80E-04
2023,3,1,2,1,2,2.12E-06
2023,3,1,2,1,1,1.81E-03
2023,3,1,3,1,1,3.38E-04
2023,3,1,5,1,1,8.22E-04
2023,3,1,7,16,2,1.55E-05
2023,3,1,7,16,3,2.69E-05
2023,3,1,7,16,1,5.69E-03
2023,3,1,7,1,2,2.06E-04
2023,3,1,7,1,3,2.09E-05
2023,3,1,7,1,1,5.20E-03
2023,3,1,8,1,2,3.32E-05
2023,3,1,8,1,3,4.36E-05
2023,3,1,8,1,1,1.01E-02
2023,3,1,9,1,2,2.33E-04
2023,3,1,9,1,3,1.33E-05
2023,3,1,9,1,1,0.014460328
2023,3,1,11,1,2,2.06E-06
2023,3,1,11,1,1,1.36E-03
2023,3,2,1,1,2,2.74E-04
2023,3,2,1,1,1,1.93E-03
2023,3,2,2,1,2,1.09E-06
2023,3,2,2,1,1,4.26E-04
2023,3,2,3,4,1,3.14E-04
2023,3,2,3,4,4,4.15E-06
2023,3,2,3,1,2,1.67E-04
2023,3,2,3,1,1,1.71E-03
2023,3,2,4,7,1,1.22E-04
2023,3,2,4,7,4,8.43E-06
2023,3,2,4,15,1,8.48E-04
2023,3,2,4,15,4,5.66E-05
2023,3,2,4,1,2,8.02E-06
2023,3,2,4,1,1,6.36E-03
2023,3,2,5,1,1,1.24E-03
2023,3,2,6,2,3,1.05E-06
2023,3,2,6,2,1,7.38E-04
2023,3,2,6,2,4,1.18E-04
2023,3,2,6,1,2,3.04E-03
2023,3,2,6,1,3,3.95E-04
2023,3,2,6,1,1,2.60E-02
2023,3,2,7,7,2,7.03E-06
2023,3,2,7,7,3,1.15E-04
2023,3,2,7,7,1,0.001085483
2023,3,2,7,7,4,6.62E-04
2023,3,2,7,3,2,0.000978806
2023,3,2,7,3,3,1.15E-03
2023,3,2,7,3,1,1.11E-02
2023,3,2,7,16,3,1.12E-06
2023,3,2,7,16,1,1.57E-05
2023,3,2,7,1,2,1.43E-04
2023,3,2,7,1,3,3.30E-04
2023,3,2,7,1,1,2.83E-02
2023,3,2,8,3,2,6.34E-06
2023,3,2,8,3,3,4.63E-06
2023,3,2,8,3,1,1.23E-04
2023,3,2,8,2,2,1.97E-06
2023,3,2,8,2,3,3.95E-06
2023,3,2,8,2,1,3.78E-03
2023,3,2,8,2,4,6.13E-04
2023,3,2,8,1,2,8.85E-04
2023,3,2,8,1,3,1.22E-03
2023,3,2,8,1,1,3.58E-02
2023,3,2,9,16,2,4.10E-06
2023,3,2,9,16,1,7.87E-05
2023,3,2,9,1,2,0.000434004
2023,3,2,9,1,3,2.00E-05
2023,3,2,9,1,1,1.91E-02
2023,3,2,11,15,2,1.01E-05
2023,3,2,11,15,3,1.34E-04
2023,3,2,11,15,1,2.30E-03
2023,3,2,11,15,4,1.18E-03
2023,3,2,11,3,2,1.42E-07
2023,3,2,11,3,1,7.33E-06
2023,3,2,11,16,2,8.50E-06
2023,3,2,11,16,3,5.17E-05
2023,3,2,11,16,1,1.06E-02
2023,3,2,11,2,2,9.84E-07
2023,3,2,11,2,1,3.87E-03
2023,3,2,11,2,4,0.000765875
2023,3,2,11,1,2,5.46E-04
2023,3,2,11,1,3,3.78E-04
2023,3,2,11,1,1,3.07E-02
2023,3,3,7,1,2,2.79E-05
2023,3,3,7,1,3,2.78E-04
2023,3,3,7,1,1,7.45E-04
2023,3,3,10,1,2,2.97E-05
2023,3,3,10,1,1,6.67E-05
2023,3,3,1,1,2,4.55E-04
2023,3,3,1,1,3,2.36E-06
2023,3,3,1,1,1,9.92E-03
2023,3,3,2,16,2,1.60E-04
2023,3,3,2,16,1,3.43E-03
2023,3,3,2,1,2,1.58E-03
2023,3,3,2,1,3,1.02E-05
2023,3,3,2,1,1,1.10E-02
2023,3,3,3,1,2,3.96E-05
2023,3,3,3,1,1,6.27E-03
2023,3,3,4,14,1,2.13E-06
2023,3,3,4,5,2,4.50E-05
2023,3,3,4,5,1,6.58E-04
2023,3,3,4,5,4,1.01E-04
2023,3,3,4,6,1,1.12E-04
2023,3,3,4,6,4,1.20E-04
2023,3,3,4,1,2,0.000151218
2023,3,3,4,1,1,9.50E-03
2023,3,3,5,7,2,2.07E-06
2023,3,3,5,7,1,3.17E-04
2023,3,3,5,7,4,9.45E-05
2023,3,3,5,1,1,5.87E-04
2023,3,4,1,4,3,1.29E-05
2023,3,4,1,4,1,3.61E-04
2023,3,4,1,4,4,5.47E-05
2023,3,4,1,7,2,1.05E-06
2023,3,4,1,7,3,1.16E-05
2023,3,4,1,7,1,0.00043177
2023,3,4,1,7,4,3.40E-05
2023,3,4,1,15,2,2.64E-04
2023,3,4,1,15,3,2.06E-06
2023,3,4,1,15,1,8.14E-03
2023,3,4,1,15,4,5.53E-04
2023,3,4,1,16,2,7.92E-06
2023,3,4,1,16,3,4.44E-06
2023,3,4,1,16,1,3.34E-03
2023,3,4,1,1,2,7.97E-03
2023,3,4,1,1,3,8.10E-04
2023,3,4,1,1,1,7.22E-02
2023,3,4,2,4,1,1.03E-06
2023,3,4,2,4,4,2.06E-06
2023,3,4,2,16,2,1.70E-04
2023,3,4,2,16,3,7.79E-05
2023,3,4,2,16,1,1.31E-02
2023,3,4,2,6,3,1.03E-06
2023,3,4,2,6,1,1.64E-04
2023,3,4,2,6,4,2.38E-05
2023,3,4,2,1,2,1.57E-03
2023,3,4,2,1,3,3.93E-05
2023,3,4,2,1,1,3.48E-02
2023,3,4,3,5,1,7.84E-05
2023,3,4,3,5,4,1.02E-06
2023,3,4,3,1,2,8.11E-06
2023,3,4,3,1,1,1.17E-03
2023,3,4,4,7,2,1.19E-06
2023,3,4,4,7,1,2.61E-06
2023,3,4,4,7,4,5.19E-07
2023,3,4,4,15,2,1.11E-04
2023,3,4,4,15,3,1.77E-06
2023,3,4,4,15,1,5.34E-03
2023,3,4,4,15,4,5.00E-04
2023,3,4,4,16,2,1.06E-06
2023,3,4,4,16,1,1.15E-03
2023,3,4,4,1,2,5.78E-05
2023,3,4,4,1,3,1.03E-06
2023,3,4,4,1,1,1.09E-02
2023,3,4,5,7,1,2.56E-04
2023,3,4,5,7,4,6.76E-05
2023,3,4,5,15,2,6.52E-05
2023,3,4,5,15,1,2.16E-04
2023,3,4,5,15,4,4.62E-05
2023,3,4,5,3,2,3.03E-07
2023,3,4,5,3,3,3.03E-07
2023,3,4,5,3,1,4.51E-04
2023,3,4,5,16,1,7.68E-06
2023,3,4,5,5,1,3.21E-06
2023,3,4,5,6,1,6.25E-06
2023,3,4,5,6,4,2.08E-06
2023,3,4,5,1,2,2.91E-06
2023,3,4,5,1,3,8.42E-07
2023,3,4,5,1,1,2.78E-03
2023,3,4,6,5,2,4.05E-05
2023,3,4,6,5,3,8.34E-06
2023,3,4,6,5,1,1.50E-03
2023,3,4,6,5,4,0.000260907
2023,3,4,6,1,2,5.46E-03
2023,3,4,6,1,3,4.69E-04
2023,3,4,6,1,1,1.06E-02
2023,3,4,9,16,2,1.73E-04
2023,3,4,9,16,3,4.09E-06
2023,3,4,9,16,1,7.36E-03
2023,3,4,9,1,2,3.12E-05
2023,3,4,9,1,3,5.44E-05
2023,3,4,9,1,1,1.70E-02
2023,3,4,10,1,1,5.33E-05
2023,3,5,6,1,2,7.05E-05
2023,3,5,6,1,3,9.44E-06
2023,3,5,6,1,1,8.01E-03
2023,3,5,7,1,2,1.02E-05
2023,3,5,7,1,3,3.04E-06
2023,3,5,7,1,1,1.68E-02
2023,3,5,9,1,2,0.000257639
2023,3,5,9,1,1,2.78E-03
2023,3,5,11,5,2,1.15E-05
2023,3,5,11,5,3,2.09E-06
2023,3,5,11,5,1,4.56E-03
2023,3,5,11,5,4,3.57E-04
2023,3,5,11,2,1,3.70E-04
2023,3,5,11,2,4,3.23E-05
2023,3,5,11,1,2,1.24E-04
2023,3,5,11,1,3,1.02E-06
2023,3,5,11,1,1,1.29E-02
2023,3,5,1,16,2,1.04E-05
2023,3,5,1,16,1,1.72E-03
2023,3,5,1,1,2,3.25E-03
2023,3,5,1,1,3,6.80E-04
2023,3,5,1,1,1,1.95E-02
2023,3,5,2,16,2,2.06E-06
2023,3,5,2,16,1,1.54E-03
2023,3,5,2,1,2,0.00020113
2023,3,5,2,1,3,1.14E-05
2023,3,5,2,1,1,0.017241058
2023,3,5,3,1,2,2.09E-06
2023,3,5,3,1,1,0.000536278
2023,3,5,4,7,1,1.21E-04
2023,3,5,4,7,4,1.38E-05
2023,3,5,4,1,2,1.09E-06
2023,3,5,4,1,1,2.26E-03
2023,3,5,5,15,2,8.17E-06
2023,3,5,5,15,1,2.26E-03
2023,3,5,5,15,4,3.95E-04
2023,3,5,5,5,1,5.57E-05
2023,3,5,5,5,4,3.01E-05
2023,3,5,5,6,1,2.67E-05
2023,3,5,5,6,4,5.35E-06
2023,3,5,5,1,2,2.06E-06
2023,3,5,5,1,1,2.26E-03
2023,3,6,2,1,2,4.10E-06
2023,3,6,2,1,1,7.38E-04
2023,3,6,4,1,2,4.17E-06
2023,3,6,4,1,1,2.98E-03
2023,3,6,5,16,1,5.85E-06
2023,3,6,5,5,1,5.77E-05
2023,3,6,5,5,4,2.78E-05
2023,3,6,5,1,2,1.08E-06
2023,3,6,5,1,1,5.38E-03
2023,3,6,7,1,2,2.38E-04
2023,3,6,7,1,3,1.06E-04
2023,3,6,7,1,1,1.36E-03
2023,3,6,8,2,2,1.46E-05
2023,3,6,8,2,3,2.80E-06
2023,3,6,8,2,1,0.00085251
2023,3,6,8,2,4,1.31E-04
2023,3,6,8,1,2,9.15E-04
2023,3,6,8,1,3,1.09E-03
2023,3,6,8,1,1,1.73E-02
2023,3,6,9,16,2,1.04E-06
2023,3,6,9,16,1,1.46E-05
2023,3,6,9,1,2,2.81E-04
2023,3,6,9,1,3,1.02E-06
2023,3,6,9,1,1,4.08E-03
2023,3,6,11,16,2,1.11E-06
2023,3,6,11,16,1,1.41E-03
2023,3,6,11,2,2,1.97E-06
2023,3,6,11,2,1,1.31E-03
2023,3,6,11,2,4,3.80E-04
2023,3,6,11,1,2,1.28E-03
2023,3,6,11,1,3,1.21E-05
2023,3,6,11,1,1,2.33E-02
2023,3,7,6,1,2,0.001817136
2023,3,7,6,1,3,2.44E-05
2023,3,7,6,1,1,2.05E-02
2023,3,7,7,16,3,2.17E-05
2023,3,7,7,16,1,2.23E-03
2023,3,7,7,1,2,0.000496803
2023,3,7,7,1,3,3.20E-04
2023,3,7,7,1,1,4.45E-02
2023,3,7,8,1,2,9.28E-04
2023,3,7,8,1,3,2.11E-04
2023,3,7,8,1,1,4.58E-02
2023,3,7,9,16,2,6.96E-05
2023,3,7,9,16,3,5.11E-06
2023,3,7,9,16,1,3.09E-02
2023,3,7,9,5,1,3.24E-05
2023,3,7,9,5,4,6.07E-06
2023,3,7,9,6,2,2.05E-06
2023,3,7,9,6,1,2.61E-04
2023,3,7,9,6,4,1.95E-05
2023,3,7,9,1,2,4.92E-03
2023,3,7,9,1,3,1.00E-04
2023,3,7,9,1,1,1.56E-01
2023,3,7,10,1,2,3.57E-04
2023,3,7,10,1,1,5.69E-03
2023,3,7,11,7,2,1.03E-06
2023,3,7,11,7,1,4.31E-04
2023,3,7,11,7,4,5.59E-05
2023,3,7,11,15,2,5.37E-06
2023,3,7,11,15,1,2.50E-03
2023,3,7,11,15,4,4.42E-04
2023,3,7,11,6,3,1.07E-06
2023,3,7,11,6,1,1.19E-03
2023,3,7,11,6,4,2.85E-04
2023,3,7,11,1,1,3.02E-03
2023,3,7,1,7,2,4.16E-04
2023,3,7,1,7,3,8.67E-05
2023,3,7,1,7,1,5.78E-03
2023,3,7,1,7,4,3.75E-04
2023,3,7,1,15,2,6.41E-04
2023,3,7,1,15,3,3.65E-05
2023,3,7,1,15,1,2.44E-03
2023,3,7,1,15,4,2.60E-04
2023,3,7,1,16,2,4.68E-05
2023,3,7,1,16,3,7.27E-06
2023,3,7,1,16,1,3.59E-03
2023,3,7,1,5,2,1.03E-06
2023,3,7,1,5,3,1.03E-06
2023,3,7,1,5,1,0.000341204
2023,3,7,1,5,4,2.06E-05
2023,3,7,1,6,3,2.89E-05
2023,3,7,1,6,1,1.01E-03
2023,3,7,1,6,4,6.71E-04
2023,3,7,1,1,2,1.20E-03
2023,3,7,1,1,3,2.35E-04
2023,3,7,1,1,1,6.56E-02
2023,3,7,2,16,1,2.84E-04
2023,3,7,2,1,2,5.84E-04
2023,3,7,2,1,3,7.28E-06
2023,3,7,2,1,1,1.84E-02
2023,3,7,3,7,1,4.89E-05
2023,3,7,3,7,4,8.32E-06
2023,3,7,3,1,2,6.84E-05
2023,3,7,3,1,1,5.09E-03
2023,3,7,4,7,2,1.16E-04
2023,3,7,4,7,1,1.35E-03
2023,3,7,4,7,4,2.20E-04
2023,3,7,4,15,2,1.04E-06
2023,3,7,4,15,3,1.07E-06
2023,3,7,4,15,1,1.00E-03
2023,3,7,4,15,4,2.17E-04
2023,3,7,4,5,1,3.69E-04
2023,3,7,4,5,4,9.38E-05
2023,3,7,4,6,1,7.47E-06
2023,3,7,4,6,4,2.20E-07
2023,3,7,4,1,1,4.06E-04
2023,3,8,6,1,2,2.99E-03
2023,3,8,6,1,3,5.96E-05
2023,3,8,6,1,1,1.68E-02
2023,3,8,7,3,3,5.06E-06
2023,3,8,7,3,1,1.37E-07
2023,3,8,7,1,2,1.84E-03
2023,3,8,7,1,3,3.03E-04
2023,3,8,7,1,1,4.09E-02
2023,3,8,8,1,2,0.001203083
2023,3,8,8,1,3,3.30E-04
2023,3,8,8,1,1,0.106396506
2023,3,8,9,7,1,1.11E-03
2023,3,8,9,7,4,1.03E-04
2023,3,8,9,16,2,9.35E-05
2023,3,8,9,16,3,1.41E-05
2023,3,8,9,16,1,1.78E-02
2023,3,8,9,5,2,7.85E-05
2023,3,8,9,5,1,0.000673196
2023,3,8,9,5,4,3.99E-05
2023,3,8,9,1,2,2.72E-03
2023,3,8,9,1,3,3.90E-05
2023,3,8,9,1,1,1.36E-01
2023,3,8,10,15,2,3.18E-05
2023,3,8,10,15,3,9.89E-07
2023,3,8,10,15,1,4.02E-03
2023,3,8,10,15,4,2.55E-04
2023,3,8,10,1,2,3.19E-04
2023,3,8,10,1,3,3.06E-06
2023,3,8,10,1,1,2.44E-02
2023,3,8,11,7,2,1.02E-06
2023,3,8,11,7,1,6.08E-04
2023,3,8,11,7,4,1.08E-04
2023,3,8,11,15,2,1.52E-05
2023,3,8,11,15,3,1.88E-06
2023,3,8,11,15,1,3.24E-03
2023,3,8,11,15,4,7.58E-04
2023,3,8,11,3,2,1.03E-06
2023,3,8,11,3,3,1.77E-04
2023,3,8,11,3,1,1.85E-06
2023,3,8,11,16,3,8.32E-05
2023,3,8,11,16,1,0.002221748
2023,3,8,11,5,2,5.96E-05
2023,3,8,11,5,3,1.06E-06
2023,3,8,11,5,1,0.005029213
2023,3,8,11,5,4,8.99E-04
2023,3,8,11,6,1,6.79E-04
2023,3,8,11,6,4,0.000105041
2023,3,8,11,1,2,2.07E-03
2023,3,8,11,1,3,1.63E-03
2023,3,8,11,1,1,1.25E-01
2023,3,8,1,7,3,6.04E-05
2023,3,8,1,7,1,3.82E-04
2023,3,8,1,7,4,3.52E-04
2023,3,8,1,16,1,4.10E-05
2023,3,8,1,1,2,1.07E-03
2023,3,8,1,1,3,3.07E-06
2023,3,8,1,1,1,1.93E-02
2023,3,8,2,7,1,3.52E-05
2023,3,8,2,7,4,6.63E-06
2023,3,8,2,15,1,3.55E-05
2023,3,8,2,15,4,6.68E-06
2023,3,8,2,1,1,7.73E-05
2023,3,8,3,1,2,8.30E-06
2023,3,8,3,1,1,2.12E-04
2023,3,8,4,7,2,7.11E-05
2023,3,8,4,7,3,6.42E-06
2023,3,8,4,7,1,2.27E-03
2023,3,8,4,7,4,3.08E-04
2023,3,8,4,15,2,4.08E-04
2023,3,8,4,15,3,5.02E-05
2023,3,8,4,15,1,3.60E-02
2023,3,8,4,15,4,2.86E-03
2023,3,8,4,14,4,6.19E-06
2023,3,8,4,6,1,3.14E-05
2023,3,8,4,6,4,1.96E-06
2023,3,8,4,1,2,1.24E-05
2023,3,8,4,1,3,1.03E-06
2023,3,8,4,1,1,4.13E-03
2023,3,8,5,15,2,4.52E-05
2023,3,8,5,15,1,2.17E-03
2023,3,8,5,15,4,4.94E-04
2023,3,8,5,1,1,1.87E-04
2023,4,1,2,1,2,4.23E-06
2023,4,1,2,1,1,0.000750066
2023,4,1,3,1,1,1.17E-04
2023,4,1,5,1,2,1.94E-06
2023,4,1,5,1,1,2.11E-04
2023,4,1,7,16,2,4.56E-05
2023,4,1,7,16,3,1.35E-05
2023,4,1,7,16,1,2.40E-03
2023,4,1,7,1,2,1.45E-04
2023,4,1,7,1,3,2.87E-05
2023,4,1,7,1,1,2.27E-03
2023,4,1,8,1,2,1.37E-04
2023,4,1,8,1,3,5.16E-05
2023,4,1,8,1,1,4.20E-03
2023,4,1,9,1,2,6.52E-04
2023,4,1,9,1,3,1.07E-05
2023,4,1,9,1,1,9.15E-03
2023,4,1,11,1,1,7.25E-04
2023,4,2,1,1,2,2.25E-04
2023,4,2,1,1,1,5.85E-04
2023,4,2,2,1,1,2.08E-04
2023,4,2,3,4,1,9.65E-05
2023,4,2,3,4,4,2.08E-06
2023,4,2,3,1,2,6.38E-05
2023,4,2,3,1,1,0.000535903
2023,4,2,4,7,1,3.33E-05
2023,4,2,4,7,4,6.20E-06
2023,4,2,4,15,1,2.75E-04
2023,4,2,4,15,4,2.58E-05
2023,4,2,4,1,2,2.23E-05
2023,4,2,4,1,3,4.22E-06
2023,4,2,4,1,1,2.14E-03
2023,4,2,5,1,2,2.03E-06
2023,4,2,5,1,1,3.67E-04
2023,4,2,6,2,2,2.09E-06
2023,4,2,6,2,3,1.09E-06
2023,4,2,6,2,1,3.69E-04
2023,4,2,6,2,4,7.46E-05
2023,4,2,6,1,2,3.66E-03
2023,4,2,6,1,3,2.98E-04
2023,4,2,6,1,1,1.14E-02
2023,4,2,7,7,2,1.88E-05
2023,4,2,7,7,3,9.96E-05
2023,4,2,7,7,1,4.90E-04
2023,4,2,7,7,4,2.30E-04
2023,4,2,7,3,2,2.21E-03
2023,4,2,7,3,3,8.87E-04
2023,4,2,7,3,1,6.06E-03
2023,4,2,7,16,2,1.12E-06
2023,4,2,7,16,3,1.46E-05
2023,4,2,7,16,1,1.01E-05
2023,4,2,7,1,2,1.14E-03
2023,4,2,7,1,3,4.07E-04
2023,4,2,7,1,1,7.99E-03
2023,4,2,8,3,2,6.39E-06
2023,4,2,8,3,3,2.40E-06
2023,4,2,8,3,1,7.37E-05
2023,4,2,8,2,2,1.89E-05
2023,4,2,8,2,3,2.96E-06
2023,4,2,8,2,1,2.38E-03
2023,4,2,8,2,4,5.51E-04
2023,4,2,8,1,2,1.40E-03
2023,4,2,8,1,3,5.13E-04
2023,4,2,8,1,1,1.60E-02
2023,4,2,9,16,2,1.03E-06
2023,4,2,9,16,1,4.49E-05
2023,4,2,9,1,2,7.97E-04
2023,4,2,9,1,3,2.62E-05
2023,4,2,9,1,1,1.03E-02
2023,4,2,11,15,2,4.16E-05
2023,4,2,11,15,3,1.12E-04
2023,4,2,11,15,1,1.02E-03
2023,4,2,11,15,4,3.59E-04
2023,4,2,11,3,2,1.28E-08
2023,4,2,11,3,1,7.12E-06
2023,4,2,11,16,2,5.75E-05
2023,4,2,11,16,3,2.94E-05
2023,4,2,11,16,1,4.91E-03
2023,4,2,11,2,2,7.88E-06
2023,4,2,11,2,1,3.30E-03
2023,4,2,11,2,4,8.51E-04
2023,4,2,11,1,2,1.15E-03
2023,4,2,11,1,3,5.01E-04
2023,4,2,11,1,1,2.44E-02
2023,4,3,7,1,2,0.000341052
2023,4,3,7,1,3,1.17E-04
2023,4,3,7,1,1,0.000262329
2023,4,3,10,1,2,2.98E-05
2023,4,3,10,1,3,2.57E-05
2023,4,3,10,1,1,1.44E-05
2023,4,3,1,1,2,8.80E-04
2023,4,3,1,1,3,2.36E-06
2023,4,3,1,1,1,2.80E-03
2023,4,3,2,16,2,4.30E-05
2023,4,3,2,16,3,1.15E-05
2023,4,3,2,16,1,1.19E-03
2023,4,3,2,1,2,0.001182733
2023,4,3,2,1,3,2.95E-05
2023,4,3,2,1,1,3.95E-03
2023,4,3,3,1,2,1.38E-04
2023,4,3,3,1,1,2.23E-03
2023,4,3,4,5,2,1.67E-05
2023,4,3,4,5,1,1.79E-04
2023,4,3,4,5,4,1.56E-05
2023,4,3,4,6,2,5.08E-06
2023,4,3,4,6,1,4.58E-05
2023,4,3,4,6,4,2.24E-05
2023,4,3,4,1,2,8.12E-05
2023,4,3,4,1,1,3.04E-03
2023,4,3,5,7,1,6.92E-05
2023,4,3,5,7,4,1.15E-05
2023,4,3,5,1,1,1.48E-04
2023,4,4,1,4,2,1.50E-05
2023,4,4,1,4,3,6.65E-05
2023,4,4,1,4,1,1.57E-04
2023,4,4,1,4,4,2.57E-05
2023,4,4,1,7,2,3.58E-05
2023,4,4,1,7,3,7.38E-06
2023,4,4,1,7,1,2.17E-04
2023,4,4,1,7,4,1.98E-05
2023,4,4,1,15,2,1.14E-04
2023,4,4,1,15,3,2.27E-05
2023,4,4,1,15,1,2.21E-03
2023,4,4,1,15,4,0.000480374
2023,4,4,1,16,2,7.76E-06
2023,4,4,1,16,1,1.38E-03
2023,4,4,1,1,2,7.32E-03
2023,4,4,1,1,3,7.36E-04
2023,4,4,1,1,1,2.48E-02
2023,4,4,2,16,2,1.04E-04
2023,4,4,2,16,3,1.35E-05
2023,4,4,2,16,1,5.15E-03
2023,4,4,2,6,2,7.24E-06
2023,4,4,2,6,3,1.03E-06
2023,4,4,2,6,1,6.31E-05
2023,4,4,2,6,4,2.90E-05
2023,4,4,2,1,2,9.30E-04
2023,4,4,2,1,3,1.15E-05
2023,4,4,2,1,1,1.24E-02
2023,4,4,3,5,1,3.87E-05
2023,4,4,3,5,4,1.02E-06
2023,4,4,3,1,2,1.81E-05
2023,4,4,3,1,1,4.80E-04
2023,4,4,4,7,2,3.84E-07
2023,4,4,4,7,1,1.75E-06
2023,4,4,4,7,4,1.92E-07
2023,4,4,4,15,2,1.00E-04
2023,4,4,4,15,1,2.14E-03
2023,4,4,4,15,4,1.66E-04
2023,4,4,4,16,2,1.06E-06
2023,4,4,4,16,1,4.02E-04
2023,4,4,4,1,2,3.73E-05
2023,4,4,4,1,1,3.60E-03
2023,4,4,5,7,2,3.09E-06
2023,4,4,5,7,1,9.66E-05
2023,4,4,5,7,4,8.36E-06
2023,4,4,5,15,1,5.35E-05
2023,4,4,5,15,4,1.99E-05
2023,4,4,5,3,2,3.03E-07
2023,4,4,5,3,1,1.71E-04
2023,4,4,5,16,1,2.19E-06
2023,4,4,5,5,4,1.07E-06
2023,4,4,5,6,1,1.04E-06
2023,4,4,5,1,2,3.90E-06
2023,4,4,5,1,1,9.18E-04
2023,4,4,6,5,2,1.00E-04
2023,4,4,6,5,3,2.38E-06
2023,4,4,6,5,1,0.000735067
2023,4,4,6,5,4,9.53E-05
2023,4,4,6,1,2,4.25E-03
2023,4,4,6,1,3,0.000283865
2023,4,4,6,1,1,4.16E-03
2023,4,4,9,16,2,0.000288308
2023,4,4,9,16,3,5.19E-06
2023,4,4,9,16,1,3.28E-03
2023,4,4,9,1,2,3.59E-05
2023,4,4,9,1,3,1.35E-05
2023,4,4,9,1,1,6.00E-03
2023,4,4,10,1,2,2.60E-06
2023,4,4,10,1,1,1.43E-05
2023,4,5,6,1,2,1.01E-04
2023,4,5,6,1,1,2.65E-03
2023,4,5,7,1,2,1.73E-05
2023,4,5,7,1,1,0.006983952
2023,4,5,9,1,2,1.55E-04
2023,4,5,9,1,3,2.04E-06
2023,4,5,9,1,1,0.001597089
2023,4,5,11,5,2,1.04E-06
2023,4,5,11,5,1,1.82E-03
2023,4,5,11,5,4,1.69E-04
2023,4,5,11,2,1,1.75E-04
2023,4,5,11,2,4,1.46E-05
2023,4,5,11,1,2,7.96E-05
2023,4,5,11,1,3,1.02E-06
2023,4,5,11,1,1,6.37E-03
2023,4,5,1,16,2,7.74E-06
2023,4,5,1,16,1,7.11E-04
2023,4,5,1,1,2,1.59E-03
2023,4,5,1,1,3,5.04E-04
2023,4,5,1,1,1,7.18E-03
2023,4,5,2,16,2,1.03E-06
2023,4,5,2,16,3,1.03E-06
2023,4,5,2,16,1,4.62E-04
2023,4,5,2,1,2,1.03E-04
2023,4,5,2,1,3,1.04E-06
2023,4,5,2,1,1,0.005633984
2023,4,5,3,1,2,1.04E-06
2023,4,5,3,1,1,0.000249354
2023,4,5,4,7,1,4.34E-05
2023,4,5,4,7,4,4.23E-06
2023,4,5,4,1,1,7.37E-04
2023,4,5,5,15,2,1.42E-05
2023,4,5,5,15,1,6.40E-04
2023,4,5,5,15,4,1.57E-04
2023,4,5,5,5,1,1.94E-05
2023,4,5,5,5,4,4.31E-06
2023,4,5,5,6,1,6.42E-06
2023,4,5,5,6,4,2.14E-06
2023,4,5,5,1,2,2.06E-06
2023,4,5,5,1,1,5.12E-04
2023,4,6,2,1,2,7.18E-06
2023,4,6,2,1,1,2.89E-04
2023,4,6,4,1,2,2.05E-06
2023,4,6,4,1,1,9.93E-04
2023,4,6,5,16,1,7.32E-06
2023,4,6,5,5,1,1.19E-05
2023,4,6,5,5,4,6.53E-06
2023,4,6,5,1,2,3.17E-06
2023,4,6,5,1,1,1.84E-03
2023,4,6,7,1,2,1.71E-04
2023,4,6,7,1,3,9.27E-05
2023,4,6,7,1,1,1.03E-03
2023,4,6,8,2,1,5.59E-04
2023,4,6,8,2,4,8.31E-05
2023,4,6,8,1,2,1.14E-03
2023,4,6,8,1,3,6.99E-04
2023,4,6,8,1,1,9.23E-03
2023,4,6,9,16,1,9.37E-06
2023,4,6,9,1,2,1.55E-04
2023,4,6,9,1,1,2.12E-03
2023,4,6,11,16,2,3.32E-06
2023,4,6,11,16,1,8.81E-04
2023,4,6,11,2,1,8.68E-04
2023,4,6,11,2,4,2.17E-04
2023,4,6,11,1,2,1.12E-03
2023,4,6,11,1,3,5.95E-06
2023,4,6,11,1,1,1.33E-02
2023,4,7,6,1,2,1.22E-03
2023,4,7,6,1,3,1.49E-05
2023,4,7,6,1,1,7.63E-03
2023,4,7,7,16,2,1.55E-05
2023,4,7,7,16,1,0.000423548
2023,4,7,7,1,2,7.12E-04
2023,4,7,7,1,3,0.00018279
2023,4,7,7,1,1,1.36E-02
2023,4,7,8,1,2,9.75E-04
2023,4,7,8,1,3,1.32E-04
2023,4,7,8,1,1,1.92E-02
2023,4,7,9,16,2,8.70E-05
2023,4,7,9,16,3,1.39E-05
2023,4,7,9,16,1,1.29E-02
2023,4,7,9,5,2,2.02E-06
2023,4,7,9,5,1,1.21E-05
2023,4,7,9,5,4,1.01E-06
2023,4,7,9,6,2,5.11E-06
2023,4,7,9,6,3,1.06E-05
2023,4,7,9,6,1,1.96E-04
2023,4,7,9,6,4,2.05E-05
2023,4,7,9,1,2,4.85E-03
2023,4,7,9,1,3,9.26E-05
2023,4,7,9,1,1,7.12E-02
2023,4,7,10,1,2,1.83E-04
2023,4,7,10,1,1,1.78E-03
2023,4,7,11,7,2,5.09E-05
2023,4,7,11,7,1,1.89E-04
2023,4,7,11,7,4,1.55E-05
2023,4,7,11,15,2,1.05E-06
2023,4,7,11,15,3,4.30E-06
2023,4,7,11,15,1,1.22E-03
2023,4,7,11,15,4,6.63E-05
2023,4,7,11,6,2,1.02E-06
2023,4,7,11,6,3,1.21E-04
2023,4,7,11,6,1,7.89E-04
2023,4,7,11,6,4,5.50E-05
2023,4,7,11,1,1,9.07E-04
2023,4,7,1,7,2,4.85E-05
2023,4,7,1,7,3,2.27E-05
2023,4,7,1,7,1,2.12E-03
2023,4,7,1,7,4,1.26E-04
2023,4,7,1,15,2,6.19E-04
2023,4,7,1,15,3,5.82E-05
2023,4,7,1,15,1,1.04E-03
2023,4,7,1,15,4,0.000312587
2023,4,7,1,16,2,1.04E-05
2023,4,7,1,16,3,4.15E-06
2023,4,7,1,16,1,1.25E-03
2023,4,7,1,5,2,1.03E-06
2023,4,7,1,5,1,1.35E-04
2023,4,7,1,5,4,7.22E-06
2023,4,7,1,6,2,1.20E-05
2023,4,7,1,6,3,3.61E-06
2023,4,7,1,6,1,3.13E-04
2023,4,7,1,6,4,1.15E-04
2023,4,7,1,1,2,2.90E-03
2023,4,7,1,1,3,1.35E-04
2023,4,7,1,1,1,1.96E-02
2023,4,7,2,16,2,2.04E-06
2023,4,7,2,16,1,2.69E-04
2023,4,7,2,1,2,5.48E-04
2023,4,7,2,1,3,2.13E-06
2023,4,7,2,1,1,0.005671724
2023,4,7,3,7,1,3.64E-05
2023,4,7,3,7,4,1.04E-06
2023,4,7,3,1,2,2.10E-04
2023,4,7,3,1,1,2.19E-03
2023,4,7,4,7,2,7.12E-05
2023,4,7,4,7,1,6.97E-04
2023,4,7,4,7,4,7.41E-05
2023,4,7,4,15,3,2.13E-06
2023,4,7,4,15,1,5.73E-04
2023,4,7,4,15,4,3.93E-05
2023,4,7,4,5,1,7.29E-05
2023,4,7,4,5,4,1.04E-06
2023,4,7,4,6,1,5.71E-06
2023,4,7,4,6,4,6.59E-07
2023,4,7,4,1,2,1.51E-07
2023,4,7,4,1,1,1.23E-04
2023,4,8,6,1,2,1.81E-03
2023,4,8,6,1,3,5.22E-05
2023,4,8,6,1,1,5.93E-03
2023,4,8,7,3,2,6.16E-07
2023,4,8,7,3,3,8.07E-06
2023,4,8,7,3,1,1.37E-07
2023,4,8,7,1,2,1.99E-03
2023,4,8,7,1,3,1.71E-04
2023,4,8,7,1,1,1.11E-02
2023,4,8,8,1,2,1.36E-03
2023,4,8,8,1,3,1.90E-04
2023,4,8,8,1,1,3.15E-02
2023,4,8,9,7,2,2.05E-06
2023,4,8,9,7,1,5.58E-04
2023,4,8,9,7,4,6.29E-05
2023,4,8,9,16,2,1.26E-04
2023,4,8,9,16,3,2.39E-04
2023,4,8,9,16,1,8.70E-03
2023,4,8,9,5,2,4.19E-05
2023,4,8,9,5,1,2.17E-04
2023,4,8,9,5,4,9.28E-06
2023,4,8,9,1,2,1.89E-03
2023,4,8,9,1,3,5.40E-05
2023,4,8,9,1,1,6.06E-02
2023,4,8,10,15,2,6.60E-07
2023,4,8,10,15,3,1.81E-06
2023,4,8,10,15,1,1.33E-03
2023,4,8,10,15,4,7.55E-05
2023,4,8,10,1,2,2.44E-04
2023,4,8,10,1,3,7.17E-06
2023,4,8,10,1,1,0.010210775
2023,4,8,11,7,2,1.04E-06
2023,4,8,11,7,1,2.31E-04
2023,4,8,11,7,4,2.81E-05
2023,4,8,11,15,2,5.32E-06
2023,4,8,11,15,1,0.001270801
2023,4,8,11,15,4,2.32E-04
2023,4,8,11,3,2,1.97E-05
2023,4,8,11,3,3,5.74E-05
2023,4,8,11,3,1,8.21E-07
2023,4,8,11,16,2,8.92E-06
2023,4,8,11,16,3,1.42E-05
2023,4,8,11,16,1,7.80E-04
2023,4,8,11,5,2,2.76E-05
2023,4,8,11,5,3,1.27E-05
2023,4,8,11,5,1,0.002160674
2023,4,8,11,5,4,2.68E-04
2023,4,8,11,6,2,1.03E-06
2023,4,8,11,6,1,0.000321302
2023,4,8,11,6,4,4.12E-05
2023,4,8,11,1,2,2.09E-03
2023,4,8,11,1,3,8.96E-04
2023,4,8,11,1,1,5.02E-02
2023,4,8,1,7,2,1.04E-06
2023,4,8,1,7,1,1.64E-04
2023,4,8,1,7,4,1.90E-05
2023,4,8,1,16,1,2.97E-05
2023,4,8,1,1,2,1.51E-03
2023,4,8,1,1,3,8.62E-06
2023,4,8,1,1,1,8.99E-03
2023,4,8,2,7,2,1.02E-06
2023,4,8,2,7,3,5.10E-07
2023,4,8,2,7,1,2.55E-06
2023,4,8,2,7,4,1.02E-06
2023,4,8,2,15,2,1.03E-06
2023,4,8,2,15,3,5.14E-07
2023,4,8,2,15,1,2.57E-06
2023,4,8,2,15,4,1.03E-06
2023,4,8,2,1,2,3.15E-06
2023,4,8,2,1,1,1.88E-05
2023,4,8,3,1,2,4.16E-06
2023,4,8,3,1,1,1.33E-04
2023,4,8,4,7,2,1.61E-05
2023,4,8,4,7,3,2.80E-06
2023,4,8,4,7,1,7.01E-04
2023,4,8,4,7,4,1.15E-04
2023,4,8,4,15,2,2.06E-04
2023,4,8,4,15,3,3.98E-05
2023,4,8,4,15,1,0.012906149
2023,4,8,4,15,4,7.69E-04
2023,4,8,4,14,4,1.03E-05
2023,4,8,4,6,1,4.91E-06
2023,4,8,4,6,4,1.96E-06
2023,4,8,4,1,2,1.12E-05
2023,4,8,4,1,1,1.11E-03
2023,4,8,5,15,2,2.33E-06
2023,4,8,5,15,1,7.01E-04
2023,4,8,5,15,4,0.000217957
2023,4,8,5,1,1,4.32E-05
2023,5,1,2,1,2,1.06E-06
2023,5,1,2,1,1,4.44E-03
2023,5,1,3,1,2,3.10E-06
2023,5,1,3,1,1,1.25E-03
2023,5,1,5,1,2,5.15E-06
2023,5,1,5,1,1,3.29E-03
2023,5,1,7,16,3,2.74E-04
2023,5,1,7,16,1,9.21E-03
2023,5,1,7,1,2,3.13E-06
2023,5,1,7,1,3,3.62E-04
2023,5,1,7,1,1,5.21E-03
2023,5,1,8,1,2,6.22E-06
2023,5,1,8,1,3,1.23E-04
2023,5,1,8,1,1,1.14E-02
2023,5,1,9,1,2,0.000447867
2023,5,1,9,1,3,1.65E-04
2023,5,1,9,1,1,4.32E-02
2023,5,1,11,1,1,1.62E-03
2023,5,2,1,1,2,1.02E-03
2023,5,2,1,1,1,5.05E-03
2023,5,2,2,1,1,8.71E-04
2023,5,2,3,4,1,6.67E-04
2023,5,2,3,4,4,1.35E-05
2023,5,2,3,1,2,8.33E-05
2023,5,2,3,1,1,5.35E-03
2023,5,2,4,7,1,5.38E-04
2023,5,2,4,7,4,2.39E-05
2023,5,2,4,15,2,4.85E-05
2023,5,2,4,15,1,0.003579737
2023,5,2,4,15,4,0.000172132
2023,5,2,4,1,2,2.62E-05
2023,5,2,4,1,3,1.26E-05
2023,5,2,4,1,1,1.40E-02
2023,5,2,5,16,1,6.30E-06
2023,5,2,5,1,2,2.42E-05
2023,5,2,5,1,1,4.69E-03
2023,5,2,6,2,3,3.23E-06
2023,5,2,6,2,1,1.14E-03
2023,5,2,6,2,4,0.000215124
2023,5,2,6,1,2,3.96E-03
2023,5,2,6,1,3,8.01E-04
2023,5,2,6,1,1,3.47E-02
2023,5,2,7,7,2,1.17E-06
2023,5,2,7,7,3,3.89E-04
2023,5,2,7,7,1,2.30E-03
2023,5,2,7,7,4,7.96E-04
2023,5,2,7,3,2,2.19E-03
2023,5,2,7,3,3,2.90E-03
2023,5,2,7,3,1,1.54E-02
2023,5,2,7,16,3,7.74E-05
2023,5,2,7,16,1,2.74E-04
2023,5,2,7,1,2,2.37E-04
2023,5,2,7,1,3,1.60E-03
2023,5,2,7,1,1,2.00E-02
2023,5,2,8,3,2,5.13E-06
2023,5,2,8,3,3,6.25E-06
2023,5,2,8,3,1,1.36E-04
2023,5,2,8,2,3,1.97E-06
2023,5,2,8,2,1,6.34E-03
2023,5,2,8,2,4,0.000963792
2023,5,2,8,1,2,1.11E-03
2023,5,2,8,1,3,1.51E-03
2023,5,2,8,1,1,3.87E-02
2023,5,2,9,16,2,2.05E-06
2023,5,2,9,16,1,3.97E-04
2023,5,2,9,1,2,5.71E-04
2023,5,2,9,1,3,0.000174997
2023,5,2,9,1,1,3.80E-02
2023,5,2,11,15,2,1.28E-06
2023,5,2,11,15,3,4.53E-04
2023,5,2,11,15,1,0.004720086
2023,5,2,11,15,4,1.29E-03
2023,5,2,11,3,2,3.09E-09
2023,5,2,11,3,3,1.13E-08
2023,5,2,11,3,1,1.33E-05
2023,5,2,11,16,3,1.27E-04
2023,5,2,11,16,1,1.20E-02
2023,5,2,11,2,1,6.39E-03
2023,5,2,11,2,4,1.11E-03
2023,5,2,11,1,2,5.72E-04
2023,5,2,11,1,3,1.07E-03
2023,5,2,11,1,1,4.33E-02
2023,5,3,7,1,2,5.22E-06
2023,5,3,7,1,3,5.38E-04
2023,5,3,7,1,1,9.38E-04
2023,5,3,10,1,3,1.03E-06
2023,5,3,10,1,1,1.34E-04
2023,5,3,1,1,2,7.17E-04
2023,5,3,1,1,3,3.30E-05
2023,5,3,1,1,1,0.019533102
2023,5,3,2,16,2,3.38E-04
2023,5,3,2,16,3,6.08E-05
2023,5,3,2,16,1,1.02E-02
2023,5,3,2,1,2,0.003420831
2023,5,3,2,1,3,5.43E-05
2023,5,3,2,1,1,4.96E-02
2023,5,3,3,1,2,1.02E-04
2023,5,3,3,1,1,1.41E-02
2023,5,3,4,5,2,3.20E-05
2023,5,3,4,5,1,1.90E-03
2023,5,3,4,5,4,0.000102107
2023,5,3,4,6,1,3.23E-04
2023,5,3,4,6,4,6.51E-05
2023,5,3,4,1,2,4.34E-04
2023,5,3,4,1,3,1.03E-06
2023,5,3,4,1,1,0.028583959
2023,5,3,5,7,1,1.15E-03
2023,5,3,5,7,4,1.53E-04
2023,5,3,5,1,2,1.05E-06
2023,5,3,5,1,1,0.001800746
2023,5,4,1,4,3,1.64E-04
2023,5,4,1,4,1,0.000787081
2023,5,4,1,4,4,5.90E-05
2023,5,4,1,7,2,1.37E-05
2023,5,4,1,7,3,8.33E-05
2023,5,4,1,7,1,0.000777709
2023,5,4,1,7,4,5.43E-05
2023,5,4,1,15,2,1.55E-03
2023,5,4,1,15,3,1.65E-05
2023,5,4,1,15,1,3.75E-02
2023,5,4,1,15,4,1.89E-03
2023,5,4,1,16,2,3.23E-06
2023,5,4,1,16,3,2.18E-06
2023,5,4,1,16,1,7.05E-03
2023,5,4,1,1,2,2.05E-02
2023,5,4,1,1,3,9.70E-04
2023,5,4,1,1,1,1.46E-01
2023,5,4,2,4,1,7.22E-06
2023,5,4,2,16,2,3.78E-04
2023,5,4,2,16,3,6.58E-04
2023,5,4,2,16,1,2.47E-02
2023,5,4,2,6,1,5.33E-04
2023,5,4,2,6,4,3.10E-05
2023,5,4,2,1,2,3.06E-03
2023,5,4,2,1,3,1.83E-04
2023,5,4,2,1,1,9.72E-02
2023,5,4,3,5,1,1.27E-04
2023,5,4,3,5,4,7.13E-06
2023,5,4,3,1,2,1.55E-05
2023,5,4,3,1,1,3.55E-03
2023,5,4,4,7,2,3.40E-06
2023,5,4,4,7,1,6.59E-06
2023,5,4,4,7,4,9.61E-07
2023,5,4,4,15,2,4.31E-04
2023,5,4,4,15,3,1.77E-06
2023,5,4,4,15,1,1.27E-02
2023,5,4,4,15,4,7.06E-04
2023,5,4,4,16,1,2.34E-03
2023,5,4,4,1,2,9.03E-05
2023,5,4,4,1,3,8.60E-06
2023,5,4,4,1,1,2.58E-02
2023,5,4,5,7,1,7.64E-04
2023,5,4,5,7,4,7.62E-05
2023,5,4,5,15,2,1.40E-04
2023,5,4,5,15,1,9.89E-04
2023,5,4,5,15,4,7.37E-05
2023,5,4,5,3,1,6.10E-04
2023,5,4,5,16,1,2.30E-05
2023,5,4,5,5,1,2.57E-05
2023,5,4,5,5,4,3.21E-06
2023,5,4,5,6,1,1.77E-05
2023,5,4,5,1,2,1.37E-05
2023,5,4,5,1,1,5.76E-03
2023,5,4,6,5,2,0.000854202
2023,5,4,6,5,3,2.98E-05
2023,5,4,6,5,1,1.96E-03
2023,5,4,6,5,4,1.70E-04
2023,5,4,6,1,2,7.01E-03
2023,5,4,6,1,3,3.89E-04
2023,5,4,6,1,1,0.006263373
2023,5,4,9,16,2,2.60E-04
2023,5,4,9,16,3,0.000194991
2023,5,4,9,16,1,0.010860051
2023,5,4,9,1,2,0.000101994
2023,5,4,9,1,3,1.05E-04
2023,5,4,9,1,1,2.60E-02
2023,5,4,10,1,2,2.60E-06
2023,5,4,10,1,3,2.60E-06
2023,5,4,10,1,1,1.72E-04
2023,5,5,6,1,2,5.24E-05
2023,5,5,6,1,3,6.19E-06
2023,5,5,6,1,1,1.16E-02
2023,5,5,7,1,2,2.03E-06
2023,5,5,7,1,3,2.03E-06
2023,5,5,7,1,1,0.020914911
2023,5,5,9,1,2,3.58E-04
2023,5,5,9,1,3,4.86E-05
2023,5,5,9,1,1,0.01288926
2023,5,5,11,5,2,0.000343507
2023,5,5,11,5,1,6.20E-03
2023,5,5,11,5,4,3.28E-04
2023,5,5,11,2,1,6.80E-04
2023,5,5,11,2,4,5.92E-05
2023,5,5,11,1,2,2.23E-04
2023,5,5,11,1,3,7.14E-06
2023,5,5,11,1,1,2.56E-02
2023,5,5,1,16,2,1.37E-05
2023,5,5,1,16,3,1.02E-05
2023,5,5,1,16,1,3.44E-03
2023,5,5,1,1,2,0.003755456
2023,5,5,1,1,3,2.15E-03
2023,5,5,1,1,1,0.047021647
2023,5,5,2,16,2,4.12E-06
2023,5,5,2,16,1,2.87E-03
2023,5,5,2,1,2,0.000291331
2023,5,5,2,1,3,1.88E-04
2023,5,5,2,1,1,3.23E-02
2023,5,5,3,1,2,5.22E-06
2023,5,5,3,1,1,0.000822939
2023,5,5,4,7,2,4.25E-06
2023,5,5,4,7,1,5.70E-04
2023,5,5,4,7,4,2.01E-05
2023,5,5,4,1,2,8.59E-06
2023,5,5,4,1,3,4.36E-06
2023,5,5,4,1,1,6.07E-03
2023,5,5,5,15,2,1.84E-05
2023,5,5,5,15,1,6.71E-03
2023,5,5,5,15,4,7.09E-04
2023,5,5,5,5,1,2.29E-04
2023,5,5,5,5,4,3.01E-05
2023,5,5,5,6,1,0.000103733
2023,5,5,5,6,4,1.82E-05
2023,5,5,5,1,2,1.79E-05
2023,5,5,5,1,1,7.88E-03
2023,5,6,2,1,2,7.18E-06
2023,5,6,2,1,1,2.49E-03
2023,5,6,4,1,2,1.05E-06
2023,5,6,4,1,1,5.85E-03
2023,5,6,5,16,1,3.66E-05
2023,5,6,5,5,1,2.05E-04
2023,5,6,5,5,4,4.26E-05
2023,5,6,5,1,2,1.04E-06
2023,5,6,5,1,1,1.03E-02
2023,5,6,7,1,2,1.22E-03
2023,5,6,7,1,3,2.40E-04
2023,5,6,7,1,1,3.55E-03
2023,5,6,8,2,3,1.02E-06
2023,5,6,8,2,1,1.44E-03
2023,5,6,8,2,4,1.99E-04
2023,5,6,8,1,2,0.004218286
2023,5,6,8,1,3,2.36E-03
2023,5,6,8,1,1,2.96E-02
2023,5,6,9,16,1,3.87E-04
2023,5,6,9,1,2,5.57E-04
2023,5,6,9,1,3,1.03E-06
2023,5,6,9,1,1,0.014785838
2023,5,6,11,16,2,1.11E-06
2023,5,6,11,16,1,0.003008761
2023,5,6,11,2,1,1.95E-03
2023,5,6,11,2,4,5.78E-04
2023,5,6,11,1,2,4.04E-03
2023,5,6,11,1,3,3.02E-05
2023,5,6,11,1,1,3.72E-02
2023,5,7,6,1,2,1.55E-03
2023,5,7,6,1,3,2.75E-05
2023,5,7,6,1,1,1.46E-02
2023,5,7,7,16,3,1.27E-04
2023,5,7,7,16,1,7.05E-04
2023,5,7,7,1,2,3.47E-04
2023,5,7,7,1,3,0.000271608
2023,5,7,7,1,1,2.36E-02
2023,5,7,8,1,2,1.28E-03
2023,5,7,8,1,3,3.45E-04
2023,5,7,8,1,1,1.42E-02
2023,5,7,9,16,2,0.000142645
2023,5,7,9,16,3,2.16E-04
2023,5,7,9,16,1,4.84E-02
2023,5,7,9,5,1,1.46E-04
2023,5,7,9,5,4,2.02E-06
2023,5,7,9,6,2,2.05E-06
2023,5,7,9,6,3,2.09E-06
2023,5,7,9,6,1,1.11E-03
2023,5,7,9,6,4,1.05E-04
2023,5,7,9,1,2,5.94E-03
2023,5,7,9,1,3,4.96E-04
2023,5,7,9,1,1,1.78E-01
2023,5,7,10,1,2,6.62E-04
2023,5,7,10,1,1,1.18E-02
2023,5,7,11,7,1,1.01E-03
2023,5,7,11,7,4,4.04E-05
2023,5,7,11,15,3,1.07E-06
2023,5,7,11,15,1,2.88E-03
2023,5,7,11,15,4,1.73E-04
2023,5,7,11,6,2,3.17E-04
2023,5,7,11,6,3,1.81E-05
2023,5,7,11,6,1,2.37E-03
2023,5,7,11,6,4,0.000527383
2023,5,7,11,1,2,8.14E-06
2023,5,7,11,1,1,1.89E-03
2023,5,7,1,7,2,1.45E-03
2023,5,7,1,7,3,2.26E-04
2023,5,7,1,7,1,7.03E-03
2023,5,7,1,7,4,3.63E-04
2023,5,7,1,15,2,2.87E-03
2023,5,7,1,15,3,4.41E-04
2023,5,7,1,15,1,3.79E-03
2023,5,7,1,15,4,3.07E-04
2023,5,7,1,16,2,1.45E-04
2023,5,7,1,16,3,4.05E-05
2023,5,7,1,16,1,4.42E-03
2023,5,7,1,5,2,1.03E-06
2023,5,7,1,5,1,5.88E-04
2023,5,7,1,5,4,1.03E-05
2023,5,7,1,6,3,1.80E-05
2023,5,7,1,6,1,8.50E-04
2023,5,7,1,6,4,6.63E-04
2023,5,7,1,1,2,1.01E-02
2023,5,7,1,1,3,6.52E-04
2023,5,7,1,1,1,0.127864944
2023,5,7,2,16,2,1.02E-06
2023,5,7,2,16,1,1.16E-02
2023,5,7,2,1,2,1.34E-03
2023,5,7,2,1,3,4.57E-05
2023,5,7,2,1,1,9.05E-02
2023,5,7,3,7,1,3.03E-04
2023,5,7,3,7,4,5.20E-06
2023,5,7,3,1,2,1.74E-04
2023,5,7,3,1,1,1.40E-02
2023,5,7,4,7,2,1.19E-04
2023,5,7,4,7,3,1.04E-06
2023,5,7,4,7,1,3.22E-03
2023,5,7,4,7,4,1.32E-04
2023,5,7,4,15,3,6.36E-06
2023,5,7,4,15,1,0.00445492
2023,5,7,4,15,4,1.89E-04
2023,5,7,4,5,1,2.99E-04
2023,5,7,4,5,4,9.38E-06
2023,5,7,4,6,1,3.76E-05
2023,5,7,4,6,4,1.98E-06
2023,5,7,4,1,3,1.02E-06
2023,5,7,4,1,1,0.002623107
2023,5,8,6,1,2,0.00221735
2023,5,8,6,1,3,8.54E-05
2023,5,8,6,1,1,1.79E-02
2023,5,8,7,3,3,9.03E-06
2023,5,8,7,3,1,5.47E-07
2023,5,8,7,1,2,5.94E-03
2023,5,8,7,1,3,9.73E-04
2023,5,8,7,1,1,0.024086058
2023,5,8,8,1,2,2.91E-03
2023,5,8,8,1,3,6.30E-04
2023,5,8,8,1,1,5.55E-02
2023,5,8,9,7,2,3.08E-06
2023,5,8,9,7,3,3.09E-06
2023,5,8,9,7,1,1.75E-03
2023,5,8,9,7,4,1.63E-04
2023,5,8,9,16,2,1.28E-04
2023,5,8,9,16,3,6.48E-05
2023,5,8,9,16,1,0.029369376
2023,5,8,9,5,2,1.03E-04
2023,5,8,9,5,3,7.29E-06
2023,5,8,9,5,1,1.83E-03
2023,5,8,9,5,4,4.44E-05
2023,5,8,9,1,2,8.72E-03
2023,5,8,9,1,3,2.41E-04
2023,5,8,9,1,1,2.18E-01
2023,5,8,10,15,2,2.44E-05
2023,5,8,10,15,3,4.62E-06
2023,5,8,10,15,1,0.009886345
2023,5,8,10,15,4,5.34E-04
2023,5,8,10,1,2,5.93E-04
2023,5,8,10,1,3,9.16E-06
2023,5,8,10,1,1,4.61E-02
2023,5,8,11,7,3,1.02E-06
2023,5,8,11,7,1,1.66E-03
2023,5,8,11,7,4,1.65E-04
2023,5,8,11,15,2,1.91E-05
2023,5,8,11,15,3,1.77E-06
2023,5,8,11,15,1,8.47E-03
2023,5,8,11,15,4,1.29E-03
2023,5,8,11,3,3,2.73E-04
2023,5,8,11,3,1,5.47E-07
2023,5,8,11,16,3,6.95E-05
2023,5,8,11,16,1,4.42E-03
2023,5,8,11,5,2,4.52E-04
2023,5,8,11,5,3,1.06E-06
2023,5,8,11,5,1,9.15E-03
2023,5,8,11,5,4,9.13E-04
2023,5,8,11,6,2,3.09E-06
2023,5,8,11,6,1,1.41E-03
2023,5,8,11,6,4,1.07E-04
2023,5,8,11,1,2,4.30E-03
2023,5,8,11,1,3,2.57E-03
2023,5,8,11,1,1,1.88E-01
2023,5,8,1,7,3,9.65E-05
2023,5,8,1,7,1,1.63E-03
2023,5,8,1,7,4,1.23E-04
2023,5,8,1,16,3,4.10E-06
2023,5,8,1,16,1,8.41E-04
2023,5,8,1,1,2,3.68E-03
2023,5,8,1,1,3,5.04E-05
2023,5,8,1,1,1,9.16E-02
2023,5,8,2,7,2,1.53E-06
2023,5,8,2,7,1,2.25E-04
2023,5,8,2,7,4,2.50E-05
2023,5,8,2,15,2,1.54E-06
2023,5,8,2,15,1,2.27E-04
2023,5,8,2,15,4,2.52E-05
2023,5,8,2,1,1,4.51E-03
2023,5,8,3,1,2,2.69E-05
2023,5,8,3,1,3,1.04E-06
2023,5,8,3,1,1,7.17E-03
2023,5,8,4,7,2,7.48E-04
2023,5,8,4,7,3,2.47E-05
2023,5,8,4,7,1,5.47E-03
2023,5,8,4,7,4,0.000381532
2023,5,8,4,15,2,9.70E-04
2023,5,8,4,15,3,6.36E-05
2023,5,8,4,15,1,8.60E-02
2023,5,8,4,15,4,4.38E-03
2023,5,8,4,14,1,1.03E-06
2023,5,8,4,6,1,5.01E-05
2023,5,8,4,6,4,9.82E-07
2023,5,8,4,1,2,4.33E-04
2023,5,8,4,1,1,3.36E-02
2023,5,8,5,15,3,2.33E-06
2023,5,8,5,15,1,6.96E-03
2023,5,8,5,15,4,1.37E-03
2023,5,8,5,1,1,6.44E-04
2023,6,1,2,1,2,1.06E-06
2023,6,1,2,1,1,8.87E-04
2023,6,1,3,1,1,1.05E-04
2023,6,1,5,1,1,2.67E-04
2023,6,1,7,16,2,2.07E-06
2023,6,1,7,16,3,1.97E-05
2023,6,1,7,16,1,2.00E-03
2023,6,1,7,1,2,3.32E-06
2023,6,1,7,1,3,4.24E-05
2023,6,1,7,1,1,1.70E-03
2023,6,1,8,1,2,6.28E-06
2023,6,1,8,1,3,7.10E-06
2023,6,1,8,1,1,3.08E-03
2023,6,1,9,1,2,1.60E-04
2023,6,1,9,1,3,1.97E-05
2023,6,1,9,1,1,9.04E-03
2023,6,1,11,1,2,1.05E-06
2023,6,1,11,1,1,4.48E-04
2023,6,2,1,1,2,1.51E-04
2023,6,2,1,1,1,1.17E-03
2023,6,2,2,1,1,1.85E-04
2023,6,2,3,4,1,5.29E-05
2023,6,2,3,1,2,5.35E-05
2023,6,2,3,1,1,5.16E-04
2023,6,2,4,7,1,3.89E-05
2023,6,2,4,7,4,4.80E-07
2023,6,2,4,15,1,2.75E-04
2023,6,2,4,15,4,4.68E-06
2023,6,2,4,1,2,4.03E-06
2023,6,2,4,1,3,1.04E-06
2023,6,2,4,1,1,2.50E-03
2023,6,2,5,1,1,4.89E-04
2023,6,2,6,2,3,1.03E-06
2023,6,2,6,2,1,3.73E-04
2023,6,2,6,2,4,4.63E-05
2023,6,2,6,1,2,5.48E-04
2023,6,2,6,1,3,6.18E-04
2023,6,2,6,1,1,9.19E-03
2023,6,2,7,7,3,1.52E-05
2023,6,2,7,7,1,3.89E-04
2023,6,2,7,7,4,0.000159423
2023,6,2,7,3,2,3.73E-04
2023,6,2,7,3,3,1.28E-03
2023,6,2,7,3,1,6.91E-03
2023,6,2,7,16,1,2.92E-05
2023,6,2,7,1,2,0.00024436
2023,6,2,7,1,3,1.88E-04
2023,6,2,7,1,1,5.21E-03
2023,6,2,8,3,2,1.70E-06
2023,6,2,8,3,3,2.87E-06
2023,6,2,8,3,1,5.12E-05
2023,6,2,8,2,3,1.98E-06
2023,6,2,8,2,1,1.59E-03
2023,6,2,8,2,4,2.47E-04
2023,6,2,8,1,2,2.54E-04
2023,6,2,8,1,3,4.33E-04
2023,6,2,8,1,1,1.20E-02
2023,6,2,9,16,2,1.03E-06
2023,6,2,9,16,1,1.23E-04
2023,6,2,9,1,2,2.65E-04
2023,6,2,9,1,3,2.01E-05
2023,6,2,9,1,1,1.29E-02
2023,6,2,11,15,3,1.71E-05
2023,6,2,11,15,1,8.40E-04
2023,6,2,11,15,4,2.56E-04
2023,6,2,11,3,2,1.54E-09
2023,6,2,11,3,1,4.17E-06
2023,6,2,11,16,2,1.01E-06
2023,6,2,11,16,3,1.01E-05
2023,6,2,11,16,1,3.50E-03
2023,6,2,11,2,2,9.84E-07
2023,6,2,11,2,3,9.89E-07
2023,6,2,11,2,1,0.002009877
2023,6,2,11,2,4,3.38E-04
2023,6,2,11,1,2,4.93E-05
2023,6,2,11,1,3,4.00E-04
2023,6,2,11,1,1,1.49E-02
2023,6,3,7,1,2,1.74E-06
2023,6,3,7,1,3,1.91E-04
2023,6,3,7,1,1,0.000211167
2023,6,3,10,1,1,1.23E-05
2023,6,3,1,1,2,1.68E-04
2023,6,3,1,1,1,5.61E-03
2023,6,3,2,16,2,3.99E-05
2023,6,3,2,16,3,2.10E-06
2023,6,3,2,16,1,1.25E-03
2023,6,3,2,1,2,0.00111944
2023,6,3,2,1,3,2.38E-05
2023,6,3,2,1,1,6.49E-03
2023,6,3,3,1,2,7.25E-06
2023,6,3,3,1,1,0.001994424
2023,6,3,4,14,4,2.13E-06
2023,6,3,4,5,2,3.28E-05
2023,6,3,4,5,1,1.85E-04
2023,6,3,4,5,4,8.36E-06
2023,6,3,4,6,1,2.24E-05
2023,6,3,4,6,4,1.93E-05
2023,6,3,4,1,2,7.51E-05
2023,6,3,4,1,1,3.61E-03
2023,6,3,5,7,1,8.35E-05
2023,6,3,5,7,4,1.27E-05
2023,6,3,5,1,1,0.000188336
2023,6,4,1,4,2,1.07E-06
2023,6,4,1,4,1,1.10E-04
2023,6,4,1,4,4,6.43E-06
2023,6,4,1,7,1,1.08E-04
2023,6,4,1,7,4,1.82E-05
2023,6,4,1,15,2,2.61E-04
2023,6,4,1,15,3,3.09E-06
2023,6,4,1,15,1,0.002698756
2023,6,4,1,15,4,8.97E-05
2023,6,4,1,16,2,3.15E-06
2023,6,4,1,16,1,1.64E-03
2023,6,4,1,1,2,4.35E-03
2023,6,4,1,1,3,5.62E-04
2023,6,4,1,1,1,4.11E-02
2023,6,4,2,16,2,4.77E-05
2023,6,4,2,16,3,1.77E-05
2023,6,4,2,16,1,5.26E-03
2023,6,4,2,6,1,5.27E-05
2023,6,4,2,6,4,6.21E-06
2023,6,4,2,1,2,1.15E-03
2023,6,4,2,1,3,8.98E-05
2023,6,4,2,1,1,2.23E-02
2023,6,4,3,5,1,1.32E-05
2023,6,4,3,1,2,3.16E-06
2023,6,4,3,1,1,3.25E-04
2023,6,4,4,7,2,3.84E-08
2023,6,4,4,7,1,3.27E-07
2023,6,4,4,7,4,1.15E-07
2023,6,4,4,15,2,3.11E-06
2023,6,4,4,15,3,1.19E-06
2023,6,4,4,15,1,1.46E-03
2023,6,4,4,15,4,8.53E-05
2023,6,4,4,16,1,5.12E-04
2023,6,4,4,1,2,4.24E-05
2023,6,4,4,1,3,4.34E-06
2023,6,4,4,1,1,4.33E-03
2023,6,4,5,7,1,7.51E-05
2023,6,4,5,7,4,5.21E-06
2023,6,4,5,15,2,1.09E-06
2023,6,4,5,15,1,8.04E-05
2023,6,4,5,15,4,2.08E-06
2023,6,4,5,3,1,0.000140787
2023,6,4,5,16,1,5.49E-06
2023,6,4,5,1,1,9.64E-04
2023,6,4,6,5,2,1.19E-05
2023,6,4,6,5,1,2.30E-04
2023,6,4,6,5,4,2.03E-05
2023,6,4,6,1,2,1.56E-03
2023,6,4,6,1,3,9.14E-05
2023,6,4,6,1,1,1.52E-03
2023,6,4,9,16,2,7.98E-05
2023,6,4,9,16,3,5.07E-05
2023,6,4,9,16,1,2.53E-03
2023,6,4,9,1,2,2.49E-05
2023,6,4,9,1,3,7.24E-06
2023,6,4,9,1,1,6.10E-03
2023,6,4,10,1,1,2.08E-05
2023,6,5,6,1,2,1.93E-05
2023,6,5,6,1,1,2.53E-03
2023,6,5,7,1,2,1.01E-06
2023,6,5,7,1,1,6.54E-03
2023,6,5,9,1,2,7.87E-05
2023,6,5,9,1,3,2.04E-06
2023,6,5,9,1,1,4.22E-03
2023,6,5,11,5,2,1.04E-06
2023,6,5,11,5,1,9.97E-04
2023,6,5,11,5,4,4.59E-05
2023,6,5,11,2,2,1.03E-06
2023,6,5,11,2,3,2.12E-06
2023,6,5,11,2,1,2.31E-04
2023,6,5,11,2,4,9.34E-06
2023,6,5,11,1,2,3.27E-05
2023,6,5,11,1,1,7.65E-03
2023,6,5,1,16,3,2.55E-06
2023,6,5,1,16,1,7.20E-04
2023,6,5,1,1,2,5.66E-04
2023,6,5,1,1,3,4.67E-04
2023,6,5,1,1,1,1.15E-02
2023,6,5,2,16,1,5.78E-04
2023,6,5,2,1,2,9.40E-05
2023,6,5,2,1,3,5.22E-06
2023,6,5,2,1,1,5.66E-03
2023,6,5,3,1,2,1.04E-06
2023,6,5,3,1,1,1.80E-04
2023,6,5,4,7,1,1.59E-05
2023,6,5,4,7,4,1.06E-06
2023,6,5,4,1,3,1.09E-06
2023,6,5,4,1,1,1.29E-03
2023,6,5,5,15,1,6.15E-04
2023,6,5,5,15,4,7.20E-05
2023,6,5,5,5,1,1.28E-05
2023,6,5,5,6,1,8.56E-06
2023,6,5,5,1,1,1.00E-03
2023,6,6,2,1,1,4.43E-04
2023,6,6,4,1,1,1.18E-03
2023,6,6,5,16,1,1.46E-06
2023,6,6,5,5,1,1.29E-05
2023,6,6,5,5,4,1.04E-06
2023,6,6,5,1,1,0.001797144
2023,6,6,7,1,2,4.99E-05
2023,6,6,7,1,3,1.35E-04
2023,6,6,7,1,1,1.36E-03
2023,6,6,8,2,1,3.66E-04
2023,6,6,8,2,4,3.48E-05
2023,6,6,8,1,2,3.77E-04
2023,6,6,8,1,3,1.09E-03
2023,6,6,8,1,1,9.42E-03
2023,6,6,9,16,1,1.44E-04
2023,6,6,9,1,2,1.65E-04
2023,6,6,9,1,1,5.76E-03
2023,6,6,11,16,1,1.23E-03
2023,6,6,11,2,1,5.67E-04
2023,6,6,11,2,4,1.03E-04
2023,6,6,11,1,2,1.89E-04
2023,6,6,11,1,3,7.08E-06
2023,6,6,11,1,1,1.18E-02
2023,6,7,6,1,2,6.17E-04
2023,6,7,6,1,3,9.54E-06
2023,6,7,6,1,1,3.55E-03
2023,6,7,7,16,1,8.80E-05
2023,6,7,7,1,2,2.37E-05
2023,6,7,7,1,3,5.77E-05
2023,6,7,7,1,1,7.43E-03
2023,6,7,8,1,2,2.16E-04
2023,6,7,8,1,3,5.00E-05
2023,6,7,8,1,1,4.54E-03
2023,6,7,9,16,2,6.20E-05
2023,6,7,9,16,1,8.90E-03
2023,6,7,9,5,1,6.07E-06
2023,6,7,9,6,1,5.94E-05
2023,6,7,9,6,4,5.11E-06
2023,6,7,9,1,2,6.16E-04
2023,6,7,9,1,3,3.99E-05
2023,6,7,9,1,1,3.61E-02
2023,6,7,10,1,2,1.19E-04
2023,6,7,10,1,1,1.42E-03
2023,6,7,11,7,1,9.73E-05
2023,6,7,11,7,4,2.08E-06
2023,6,7,11,15,3,2.15E-06
2023,6,7,11,15,1,2.91E-04
2023,6,7,11,15,4,2.00E-05
2023,6,7,11,6,1,3.74E-04
2023,6,7,11,6,4,7.92E-05
2023,6,7,11,1,1,3.73E-04
2023,6,7,1,7,2,1.27E-04
2023,6,7,1,7,3,2.17E-05
2023,6,7,1,7,1,8.91E-04
2023,6,7,1,7,4,4.34E-05
2023,6,7,1,15,2,2.90E-04
2023,6,7,1,15,3,2.11E-06
2023,6,7,1,15,1,4.88E-04
2023,6,7,1,15,4,0.000267748
2023,6,7,1,16,2,3.12E-05
2023,6,7,1,16,3,1.56E-05
2023,6,7,1,16,1,6.72E-04
2023,6,7,1,5,1,5.88E-05
2023,6,7,1,6,3,2.41E-06
2023,6,7,1,6,1,1.53E-04
2023,6,7,1,6,4,2.29E-04
2023,6,7,1,1,2,2.14E-03
2023,6,7,1,1,3,2.22E-04
2023,6,7,1,1,1,3.68E-02
2023,6,7,2,16,2,5.11E-06
2023,6,7,2,16,1,0.002525994
2023,6,7,2,1,2,4.26E-04
2023,6,7,2,1,3,3.93E-05
2023,6,7,2,1,1,1.60E-02
2023,6,7,3,7,1,1.66E-05
2023,6,7,3,1,2,3.83E-06
2023,6,7,3,1,3,1.03E-06
2023,6,7,3,1,1,2.15E-03
2023,6,7,4,7,2,6.18E-06
2023,6,7,4,7,1,2.70E-04
2023,6,7,4,7,4,2.88E-05
2023,6,7,4,15,3,1.07E-06
2023,6,7,4,15,1,4.41E-04
2023,6,7,4,15,4,2.13E-05
2023,6,7,4,5,1,4.58E-05
2023,6,7,4,5,4,1.04E-06
2023,6,7,4,6,1,3.30E-06
2023,6,7,4,6,4,4.39E-07
2023,6,7,4,1,1,3.43E-04
2023,6,8,6,1,2,7.50E-04
2023,6,8,6,1,3,3.91E-05
2023,6,8,6,1,1,3.96E-03
2023,6,8,7,3,3,2.60E-06
2023,6,8,7,3,1,4.11E-07
2023,6,8,7,1,2,8.35E-04
2023,6,8,7,1,3,2.60E-04
2023,6,8,7,1,1,7.62E-03
2023,6,8,8,1,2,6.38E-04
2023,6,8,8,1,3,9.27E-05
2023,6,8,8,1,1,1.64E-02
2023,6,8,9,7,2,1.03E-06
2023,6,8,9,7,1,2.07E-04
2023,6,8,9,7,4,2.06E-05
2023,6,8,9,16,2,1.86E-05
2023,6,8,9,16,3,9.94E-06
2023,6,8,9,16,1,5.50E-03
2023,6,8,9,5,2,2.09E-06
2023,6,8,9,5,1,1.31E-04
2023,6,8,9,5,4,4.16E-06
2023,6,8,9,1,2,8.55E-04
2023,6,8,9,1,3,4.32E-05
2023,6,8,9,1,1,0.053543692
2023,6,8,10,15,1,8.79E-04
2023,6,8,10,15,4,3.69E-05
2023,6,8,10,1,2,2.42E-05
2023,6,8,10,1,3,1.02E-06
2023,6,8,10,1,1,7.18E-03
2023,6,8,11,7,1,1.54E-04
2023,6,8,11,7,4,2.98E-05
2023,6,8,11,15,1,9.34E-04
2023,6,8,11,15,4,1.08E-04
2023,6,8,11,3,2,6.84E-08
2023,6,8,11,3,3,4.08E-05
2023,6,8,11,3,1,1.37E-06
2023,6,8,11,16,3,2.94E-06
2023,6,8,11,16,1,7.80E-04
2023,6,8,11,5,2,2.66E-05
2023,6,8,11,5,3,3.18E-06
2023,6,8,11,5,1,1.05E-03
2023,6,8,11,5,4,9.89E-05
2023,6,8,11,6,1,1.46E-04
2023,6,8,11,6,4,1.54E-05
2023,6,8,11,1,2,7.11E-04
2023,6,8,11,1,3,0.000839958
2023,6,8,11,1,1,0.035987119
2023,6,8,1,7,1,2.55E-04
2023,6,8,1,7,4,4.78E-05
2023,6,8,1,16,1,1.57E-04
2023,6,8,1,1,2,1.53E-03
2023,6,8,1,1,3,8.32E-06
2023,6,8,1,1,1,2.38E-02
2023,6,8,2,7,2,5.10E-07
2023,6,8,2,7,1,2.40E-05
2023,6,8,2,7,4,3.06E-06
2023,6,8,2,15,2,5.14E-07
2023,6,8,2,15,1,2.42E-05
2023,6,8,2,15,4,3.08E-06
2023,6,8,2,1,1,6.58E-04
2023,6,8,3,1,2,4.14E-06
2023,6,8,3,1,1,1.38E-03
2023,6,8,4,7,2,3.41E-06
2023,6,8,4,7,3,2.66E-06
2023,6,8,4,7,1,0.000808208
2023,6,8,4,7,4,5.49E-05
2023,6,8,4,15,2,1.18E-04
2023,6,8,4,15,3,4.16E-06
2023,6,8,4,15,1,8.53E-03
2023,6,8,4,15,4,4.91E-04
2023,6,8,4,6,1,9.82E-06
2023,6,8,4,1,2,2.50E-05
2023,6,8,4,1,1,4.69E-03
2023,6,8,5,15,1,6.45E-04
2023,6,8,5,15,4,1.09E-04
2023,6,8,5,1,1,6.06E-05
2023,7,1,2,1,2,4.23E-06
2023,7,1,2,1,1,3.04E-03
2023,7,1,3,1,2,1.03E-06
2023,7,1,3,1,1,2.20E-04
2023,7,1,5,1,2,1.92E-05
2023,7,1,5,1,1,1.16E-03
2023,7,1,7,16,2,3.83E-05
2023,7,1,7,16,3,1.66E-05
2023,7,1,7,16,1,4.80E-03
2023,7,1,7,1,2,2.26E-04
2023,7,1,7,1,3,3.12E-05
2023,7,1,7,1,1,3.59E-03
2023,7,1,8,1,2,8.56E-05
2023,7,1,8,1,3,4.92E-05
2023,7,1,8,1,1,8.81E-03
2023,7,1,9,1,2,0.003548859
2023,7,1,9,1,3,1.21E-04
2023,7,1,9,1,1,2.48E-02
2023,7,1,11,1,3,1.02E-06
2023,7,1,11,1,1,1.10E-03
2023,7,2,1,1,2,2.66E-03
2023,7,2,1,1,1,3.73E-03
2023,7,2,2,1,1,5.34E-04
2023,7,2,3,4,1,2.30E-04
2023,7,2,3,4,4,6.23E-06
2023,7,2,3,1,2,1.07E-03
2023,7,2,3,1,1,2.47E-03
2023,7,2,4,7,1,2.14E-04
2023,7,2,4,7,4,6.70E-06
2023,7,2,4,15,1,1.48E-03
2023,7,2,4,15,4,6.66E-05
2023,7,2,4,1,2,0.000133755
2023,7,2,4,1,3,2.10E-06
2023,7,2,4,1,1,7.40E-03
2023,7,2,5,16,1,5.25E-06
2023,7,2,5,1,2,5.17E-06
2023,7,2,5,1,1,1.63E-03
2023,7,2,6,2,1,0.000990538
2023,7,2,6,2,4,9.80E-05
2023,7,2,6,1,2,6.37E-03
2023,7,2,6,1,3,1.25E-03
2023,7,2,6,1,1,3.08E-02
2023,7,2,7,7,2,7.03E-06
2023,7,2,7,7,3,1.65E-04
2023,7,2,7,7,1,1.39E-03
2023,7,2,7,7,4,3.21E-04
2023,7,2,7,3,2,0.003699665
2023,7,2,7,3,3,1.71E-03
2023,7,2,7,3,1,2.26E-02
2023,7,2,7,16,2,3.37E-06
2023,7,2,7,16,3,4.71E-05
2023,7,2,7,16,1,0.000204213
2023,7,2,7,1,2,2.94E-03
2023,7,2,7,1,3,8.14E-04
2023,7,2,7,1,1,2.01E-02
2023,7,2,8,3,2,1.16E-05
2023,7,2,8,3,3,9.29E-06
2023,7,2,8,3,1,1.79E-04
2023,7,2,8,2,2,1.60E-05
2023,7,2,8,2,3,5.92E-06
2023,7,2,8,2,1,5.93E-03
2023,7,2,8,2,4,7.22E-04
2023,7,2,8,1,2,2.12E-03
2023,7,2,8,1,3,1.66E-03
2023,7,2,8,1,1,4.60E-02
2023,7,2,9,16,2,2.44E-05
2023,7,2,9,16,1,0.000658533
2023,7,2,9,1,2,3.54E-03
2023,7,2,9,1,3,0.000123423
2023,7,2,9,1,1,0.032542466
2023,7,2,11,15,2,8.63E-06
2023,7,2,11,15,3,1.93E-04
2023,7,2,11,15,1,0.002671539
2023,7,2,11,15,4,5.49E-04
2023,7,2,11,3,2,1.64E-08
2023,7,2,11,3,1,1.41E-05
2023,7,2,11,16,2,6.11E-05
2023,7,2,11,16,3,7.60E-05
2023,7,2,11,16,1,1.35E-02
2023,7,2,11,2,2,9.84E-07
2023,7,2,11,2,1,6.36E-03
2023,7,2,11,2,4,8.08E-04
2023,7,2,11,1,2,2.83E-03
2023,7,2,11,1,3,5.81E-04
2023,7,2,11,1,1,4.86E-02
2023,7,3,7,1,2,2.70E-05
2023,7,3,7,1,3,1.86E-04
2023,7,3,7,1,1,4.33E-04
2023,7,3,10,1,2,7.29E-05
2023,7,3,10,1,1,4.41E-05
2023,7,3,1,1,2,3.13E-03
2023,7,3,1,1,3,4.71E-06
2023,7,3,1,1,1,1.57E-02
2023,7,3,2,16,2,2.21E-04
2023,7,3,2,16,3,1.57E-05
2023,7,3,2,16,1,3.76E-03
2023,7,3,2,1,2,1.26E-02
2023,7,3,2,1,3,2.38E-05
2023,7,3,2,1,1,1.97E-02
2023,7,3,3,1,2,3.88E-04
2023,7,3,3,1,1,6.20E-03
2023,7,3,4,14,4,7.44E-06
2023,7,3,4,5,2,3.22E-04
2023,7,3,4,5,1,8.59E-04
2023,7,3,4,5,4,5.90E-05
2023,7,3,4,6,2,2.03E-06
2023,7,3,4,6,1,9.15E-05
2023,7,3,4,6,4,3.86E-05
2023,7,3,4,1,2,1.37E-03
2023,7,3,4,1,1,1.44E-02
2023,7,3,5,7,2,1.03E-05
2023,7,3,5,7,1,5.20E-04
2023,7,3,5,7,4,5.65E-05
2023,7,3,5,1,1,8.11E-04
2023,7,4,1,4,3,2.14E-06
2023,7,4,1,4,1,3.20E-04
2023,7,4,1,4,4,3.32E-05
2023,7,4,1,7,2,1.33E-04
2023,7,4,1,7,1,2.50E-04
2023,7,4,1,7,4,2.34E-05
2023,7,4,1,15,2,1.72E-03
2023,7,4,1,15,1,1.62E-02
2023,7,4,1,15,4,7.31E-04
2023,7,4,1,16,2,4.34E-05
2023,7,4,1,16,1,2.67E-03
2023,7,4,1,1,2,5.05E-02
2023,7,4,1,1,3,4.15E-04
2023,7,4,1,1,1,9.81E-02
2023,7,4,2,4,1,1.03E-06
2023,7,4,2,16,2,0.000985878
2023,7,4,2,16,3,5.72E-05
2023,7,4,2,16,1,1.31E-02
2023,7,4,2,6,2,1.03E-06
2023,7,4,2,6,3,1.34E-05
2023,7,4,2,6,1,1.62E-04
2023,7,4,2,6,4,2.07E-05
2023,7,4,2,1,2,1.64E-02
2023,7,4,2,1,3,1.29E-04
2023,7,4,2,1,1,5.36E-02
2023,7,4,3,5,1,3.87E-05
2023,7,4,3,1,2,8.20E-05
2023,7,4,3,1,1,1.35E-03
2023,7,4,4,7,2,1.73E-05
2023,7,4,4,7,1,4.06E-06
2023,7,4,4,7,4,1.73E-07
2023,7,4,4,15,2,1.71E-03
2023,7,4,4,15,1,0.00523219
2023,7,4,4,15,4,2.86E-04
2023,7,4,4,16,2,1.06E-06
2023,7,4,4,16,1,1.29E-03
2023,7,4,4,1,2,5.23E-04
2023,7,4,4,1,1,1.47E-02
2023,7,4,5,7,1,4.31E-04
2023,7,4,5,7,4,3.91E-05
2023,7,4,5,15,2,0.000255086
2023,7,4,5,15,1,4.61E-04
2023,7,4,5,15,4,8.91E-05
2023,7,4,5,3,1,4.03E-04
2023,7,4,5,16,1,6.58E-06
2023,7,4,5,5,1,7.49E-06
2023,7,4,5,5,4,2.14E-06
2023,7,4,5,6,1,1.04E-05
2023,7,4,5,1,2,1.04E-05
2023,7,4,5,1,1,3.42E-03
2023,7,4,6,5,2,4.04E-03
2023,7,4,6,5,3,1.19E-06
2023,7,4,6,5,1,5.58E-04
2023,7,4,6,5,4,6.31E-05
2023,7,4,6,1,2,0.022817602
2023,7,4,6,1,3,6.95E-05
2023,7,4,6,1,1,0.002762224
2023,7,4,9,16,2,1.51E-03
2023,7,4,9,16,3,2.70E-05
2023,7,4,9,16,1,5.60E-03
2023,7,4,9,1,2,5.66E-04
2023,7,4,9,1,3,8.29E-06
2023,7,4,9,1,1,1.19E-02
2023,7,4,10,1,1,7.55E-05
2023,7,5,6,1,2,3.81E-04
2023,7,5,6,1,1,6.32E-03
2023,7,5,7,1,2,3.05E-06
2023,7,5,7,1,3,1.02E-06
2023,7,5,7,1,1,1.79E-02
2023,7,5,9,1,2,1.97E-03
2023,7,5,9,1,3,2.08E-06
2023,7,5,9,1,1,1.25E-02
2023,7,5,11,5,2,6.65E-04
2023,7,5,11,5,1,0.002706295
2023,7,5,11,5,4,0.000226569
2023,7,5,11,2,1,5.20E-04
2023,7,5,11,2,4,2.59E-05
2023,7,5,11,1,2,5.06E-04
2023,7,5,11,1,3,1.06E-06
2023,7,5,11,1,1,1.32E-02
2023,7,5,1,16,2,4.09E-05
2023,7,5,1,16,1,1.48E-03
2023,7,5,1,1,2,1.10E-02
2023,7,5,1,1,3,7.40E-04
2023,7,5,1,1,1,2.98E-02
2023,7,5,2,16,2,2.78E-05
2023,7,5,2,16,1,1.48E-03
2023,7,5,2,1,2,1.31E-03
2023,7,5,2,1,1,0.016549559
2023,7,5,3,1,2,1.67E-05
2023,7,5,3,1,1,4.91E-04
2023,7,5,4,7,1,2.16E-04
2023,7,5,4,7,4,1.91E-05
2023,7,5,4,1,3,1.09E-06
2023,7,5,4,1,1,4.12E-03
2023,7,5,5,15,2,5.52E-05
2023,7,5,5,15,1,2.74E-03
2023,7,5,5,15,4,0.000361457
2023,7,5,5,5,1,7.47E-05
2023,7,5,5,5,4,1.29E-05
2023,7,5,5,6,1,4.81E-05
2023,7,5,5,6,4,1.18E-05
2023,7,5,5,1,2,4.15E-05
2023,7,5,5,1,1,3.71E-03
2023,7,6,2,1,2,3.69E-05
2023,7,6,2,1,1,1.36E-03
2023,7,6,4,1,2,2.89E-05
2023,7,6,4,1,1,3.43E-03
2023,7,6,5,16,1,1.46E-05
2023,7,6,5,5,2,1.04E-06
2023,7,6,5,5,1,6.71E-05
2023,7,6,5,5,4,1.92E-05
2023,7,6,5,1,2,5.06E-06
2023,7,6,5,1,1,0.004995769
2023,7,6,7,1,2,1.37E-03
2023,7,6,7,1,3,7.87E-05
2023,7,6,7,1,1,5.86E-03
2023,7,6,8,2,3,1.94E-06
2023,7,6,8,2,1,1.38E-03
2023,7,6,8,2,4,1.38E-04
2023,7,6,8,1,2,8.04E-03
2023,7,6,8,1,3,4.18E-03
2023,7,6,8,1,1,2.90E-02
2023,7,6,9,16,2,3.12E-06
2023,7,6,9,16,3,1.04E-06
2023,7,6,9,16,1,5.10E-04
2023,7,6,9,1,2,1.93E-03
2023,7,6,9,1,3,6.18E-06
2023,7,6,9,1,1,1.31E-02
2023,7,6,11,16,1,2.78E-03
2023,7,6,11,2,3,2.86E-06
2023,7,6,11,2,1,0.002309736
2023,7,6,11,2,4,3.81E-04
2023,7,6,11,1,2,4.28E-03
2023,7,6,11,1,3,1.92E-05
2023,7,6,11,1,1,0.042224238
2023,7,7,6,1,2,8.08E-03
2023,7,7,6,1,3,1.06E-06
2023,7,7,6,1,1,1.04E-02
2023,7,7,7,16,2,1.04E-06
2023,7,7,7,16,3,1.04E-06
2023,7,7,7,16,1,1.10E-04
2023,7,7,7,1,2,1.05E-03
2023,7,7,7,1,3,4.23E-05
2023,7,7,7,1,1,1.85E-02
2023,7,7,8,1,2,3.06E-03
2023,7,7,8,1,3,2.95E-05
2023,7,7,8,1,1,0.006046075
2023,7,7,9,16,2,2.94E-04
2023,7,7,9,16,3,4.76E-05
2023,7,7,9,16,1,1.84E-02
2023,7,7,9,5,1,9.11E-06
2023,7,7,9,5,4,1.01E-06
2023,7,7,9,6,2,1.33E-05
2023,7,7,9,6,1,2.89E-04
2023,7,7,9,6,4,4.60E-05
2023,7,7,9,1,2,0.022597182
2023,7,7,9,1,3,2.04E-04
2023,7,7,9,1,1,6.94E-02
2023,7,7,10,1,2,2.44E-03
2023,7,7,10,1,1,0.005118385
2023,7,7,11,7,2,1.03E-06
2023,7,7,11,7,1,3.47E-04
2023,7,7,11,7,4,2.38E-05
2023,7,7,11,15,1,6.45E-04
2023,7,7,11,15,4,4.86E-05
2023,7,7,11,6,2,6.23E-06
2023,7,7,11,6,1,7.02E-04
2023,7,7,11,6,4,9.76E-05
2023,7,7,11,1,2,2.05E-06
2023,7,7,11,1,1,9.51E-04
2023,7,7,1,7,2,7.27E-04
2023,7,7,1,7,3,2.37E-05
2023,7,7,1,7,1,0.002672898
2023,7,7,1,7,4,1.47E-04
2023,7,7,1,15,2,1.74E-03
2023,7,7,1,15,3,1.43E-04
2023,7,7,1,15,1,0.001621082
2023,7,7,1,15,4,2.30E-04
2023,7,7,1,16,2,2.24E-04
2023,7,7,1,16,1,1.44E-03
2023,7,7,1,5,2,9.28E-06
2023,7,7,1,5,1,0.000210289
2023,7,7,1,5,4,1.03E-05
2023,7,7,1,6,2,1.20E-06
2023,7,7,1,6,3,1.92E-05
2023,7,7,1,6,1,3.56E-04
2023,7,7,1,6,4,3.85E-04
2023,7,7,1,1,2,2.24E-02
2023,7,7,1,1,3,3.23E-04
2023,7,7,1,1,1,1.01E-01
2023,7,7,2,16,2,3.27E-05
2023,7,7,2,16,1,6.62E-03
2023,7,7,2,1,2,5.44E-03
2023,7,7,2,1,3,1.32E-05
2023,7,7,2,1,1,4.82E-02
2023,7,7,3,7,1,8.52E-05
2023,7,7,3,7,4,1.04E-06
2023,7,7,3,1,2,8.02E-04
2023,7,7,3,1,1,7.28E-03
2023,7,7,4,7,2,1.78E-04
2023,7,7,4,7,1,1.16E-03
2023,7,7,4,7,4,7.53E-05
2023,7,7,4,15,3,1.07E-06
2023,7,7,4,15,1,2.28E-03
2023,7,7,4,15,4,1.11E-04
2023,7,7,4,5,3,1.04E-06
2023,7,7,4,5,1,8.33E-05
2023,7,7,4,5,4,7.29E-06
2023,7,7,4,6,1,1.32E-05
2023,7,7,4,6,4,1.10E-06
2023,7,7,4,1,1,1.20E-03
2023,7,8,6,1,2,9.31E-03
2023,7,8,6,1,3,4.91E-05
2023,7,8,6,1,1,1.46E-02
2023,7,8,7,3,3,2.67E-06
2023,7,8,7,3,1,4.17E-06
2023,7,8,7,1,2,7.12E-03
2023,7,8,7,1,3,2.13E-04
2023,7,8,7,1,1,2.05E-02
2023,7,8,8,1,2,0.006737976
2023,7,8,8,1,3,3.94E-04
2023,7,8,8,1,1,4.85E-02
2023,7,8,9,7,2,3.49E-05
2023,7,8,9,7,3,3.08E-06
2023,7,8,9,7,1,7.25E-04
2023,7,8,9,7,4,1.04E-04
2023,7,8,9,16,2,3.50E-04
2023,7,8,9,16,3,7.30E-06
2023,7,8,9,16,1,1.14E-02
2023,7,8,9,5,2,4.97E-04
2023,7,8,9,5,1,3.53E-04
2023,7,8,9,5,4,2.57E-05
2023,7,8,9,1,2,1.25E-02
2023,7,8,9,1,3,3.29E-05
2023,7,8,9,1,1,1.12E-01
2023,7,8,10,15,2,2.70E-05
2023,7,8,10,15,3,6.60E-07
2023,7,8,10,15,1,4.95E-03
2023,7,8,10,15,4,2.22E-04
2023,7,8,10,1,2,1.51E-03
2023,7,8,10,1,3,1.03E-06
2023,7,8,10,1,1,2.37E-02
2023,7,8,11,7,2,5.23E-06
2023,7,8,11,7,1,7.37E-04
2023,7,8,11,7,4,1.38E-04
2023,7,8,11,15,2,1.54E-04
2023,7,8,11,15,1,4.05E-03
2023,7,8,11,15,4,6.46E-04
2023,7,8,11,3,2,9.31E-06
2023,7,8,11,3,3,1.34E-04
2023,7,8,11,3,1,9.58E-07
2023,7,8,11,16,2,2.70E-06
2023,7,8,11,16,3,7.01E-06
2023,7,8,11,16,1,2.51E-03
2023,7,8,11,5,2,0.000400015
2023,7,8,11,5,1,0.00342871
2023,7,8,11,5,4,4.01E-04
2023,7,8,11,6,2,5.15E-06
2023,7,8,11,6,1,3.85E-04
2023,7,8,11,6,4,3.81E-05
2023,7,8,11,1,2,9.69E-03
2023,7,8,11,1,3,1.18E-03
2023,7,8,11,1,1,1.11E-01
2023,7,8,1,7,3,2.24E-06
2023,7,8,1,7,1,1.01E-03
2023,7,8,1,7,4,8.37E-05
2023,7,8,1,16,2,1.03E-06
2023,7,8,1,16,1,2.59E-04
2023,7,8,1,1,2,1.32E-02
2023,7,8,1,1,3,9.43E-06
2023,7,8,1,1,1,5.51E-02
2023,7,8,2,7,2,2.04E-06
2023,7,8,2,7,3,6.63E-06
2023,7,8,2,7,1,3.93E-05
2023,7,8,2,7,4,1.63E-05
2023,7,8,2,15,2,2.06E-06
2023,7,8,2,15,3,6.68E-06
2023,7,8,2,15,1,3.96E-05
2023,7,8,2,15,4,1.64E-05
2023,7,8,2,1,2,5.25E-06
2023,7,8,2,1,1,2.71E-03
2023,7,8,3,1,2,3.76E-04
2023,7,8,3,1,3,1.04E-06
2023,7,8,3,1,1,5.36E-03
2023,7,8,4,7,2,4.17E-04
2023,7,8,4,7,3,1.25E-06
2023,7,8,4,7,1,2.42E-03
2023,7,8,4,7,4,3.65E-04
2023,7,8,4,15,2,9.72E-04
2023,7,8,4,15,3,1.26E-05
2023,7,8,4,15,1,0.0389586
2023,7,8,4,15,4,1.89E-03
2023,7,8,4,14,1,3.10E-06
2023,7,8,4,6,1,2.06E-05
2023,7,8,4,1,2,3.36E-04
2023,7,8,4,1,1,2.14E-02
2023,7,8,5,15,2,6.99E-05
2023,7,8,5,15,1,3.02E-03
2023,7,8,5,15,4,6.97E-04
2023,7,8,5,1,1,2.58E-04
2023,8,1,2,1,2,3.18E-06
2023,8,1,2,1,1,2.01E-03
2023,8,1,3,1,1,1.49E-04
2023,8,1,5,1,2,6.60E-06
2023,8,1,5,1,1,7.73E-04
2023,8,1,7,16,3,8.19E-05
2023,8,1,7,16,1,3.16E-03
2023,8,1,7,1,2,2.09E-06
2023,8,1,7,1,3,1.05E-04
2023,8,1,7,1,1,2.59E-03
2023,8,1,8,1,2,4.12E-06
2023,8,1,8,1,3,1.94E-04
2023,8,1,8,1,1,4.98E-03
2023,8,1,9,1,2,0.000418334
2023,8,1,9,1,3,2.47E-04
2023,8,1,9,1,1,3.24E-02
2023,8,1,11,1,1,1.17E-03
2023,8,2,1,1,2,6.50E-04
2023,8,2,1,1,1,1.26E-03
2023,8,2,2,1,1,5.05E-04
2023,8,2,3,4,1,3.60E-04
2023,8,2,3,4,4,1.25E-05
2023,8,2,3,1,2,1.23E-04
2023,8,2,3,1,1,1.27E-03
2023,8,2,4,7,1,1.72E-04
2023,8,2,4,7,4,5.07E-06
2023,8,2,4,15,3,1.03E-06
2023,8,2,4,15,1,1.14E-03
2023,8,2,4,15,4,4.34E-05
2023,8,2,4,1,2,1.58E-05
2023,8,2,4,1,3,1.99E-05
2023,8,2,4,1,1,3.26E-03
2023,8,2,5,16,1,1.05E-06
2023,8,2,5,1,2,2.07E-06
2023,8,2,5,1,1,8.92E-04
2023,8,2,6,2,1,1.12E-03
2023,8,2,6,2,4,1.75E-04
2023,8,2,6,1,2,0.004459151
2023,8,2,6,1,3,3.35E-04
2023,8,2,6,1,1,1.31E-02
2023,8,2,7,7,3,1.96E-04
2023,8,2,7,7,1,1.32E-03
2023,8,2,7,7,4,4.07E-04
2023,8,2,7,3,2,0.001091147
2023,8,2,7,3,3,1.13E-03
2023,8,2,7,3,1,3.45E-03
2023,8,2,7,16,3,2.81E-05
2023,8,2,7,16,1,4.04E-05
2023,8,2,7,1,2,2.73E-04
2023,8,2,7,1,3,0.000901197
2023,8,2,7,1,1,6.22E-03
2023,8,2,8,3,2,1.17E-05
2023,8,2,8,3,3,3.21E-06
2023,8,2,8,3,1,5.12E-05
2023,8,2,8,2,2,5.93E-06
2023,8,2,8,2,3,6.91E-06
2023,8,2,8,2,1,3.12E-03
2023,8,2,8,2,4,7.27E-04
2023,8,2,8,1,2,2.54E-03
2023,8,2,8,1,3,8.37E-04
2023,8,2,8,1,1,1.39E-02
2023,8,2,9,16,1,1.91E-04
2023,8,2,9,1,2,8.80E-04
2023,8,2,9,1,3,6.64E-05
2023,8,2,9,1,1,1.65E-02
2023,8,2,11,15,3,2.56E-04
2023,8,2,11,15,1,3.47E-03
2023,8,2,11,15,4,8.01E-04
2023,8,2,11,3,1,2.82E-06
2023,8,2,11,16,2,3.05E-04
2023,8,2,11,16,3,2.52E-04
2023,8,2,11,16,1,6.89E-03
2023,8,2,11,2,3,9.89E-07
2023,8,2,11,2,1,0.00341687
2023,8,2,11,2,4,6.71E-04
2023,8,2,11,1,2,9.31E-04
2023,8,2,11,1,3,0.001375034
2023,8,2,11,1,1,2.26E-02
2023,8,3,7,1,2,3.48E-07
2023,8,3,7,1,3,2.44E-04
2023,8,3,7,1,1,0.00023703
2023,8,3,10,1,2,3.08E-06
2023,8,3,10,1,1,5.75E-05
2023,8,3,1,1,2,3.99E-04
2023,8,3,1,1,3,1.18E-06
2023,8,3,1,1,1,3.61E-03
2023,8,3,2,16,2,0.000126757
2023,8,3,2,16,3,3.56E-05
2023,8,3,2,16,1,2.58E-03
2023,8,3,2,1,2,1.85E-03
2023,8,3,2,1,3,5.67E-06
2023,8,3,2,1,1,7.53E-03
2023,8,3,3,1,2,2.51E-05
2023,8,3,3,1,1,4.39E-03
2023,8,3,4,14,1,2.13E-06
2023,8,3,4,5,2,4.49E-05
2023,8,3,4,5,1,0.000439471
2023,8,3,4,5,4,4.94E-05
2023,8,3,4,6,1,8.54E-05
2023,8,3,4,6,4,1.53E-05
2023,8,3,4,1,2,2.46E-04
2023,8,3,4,1,1,0.006205694
2023,8,3,5,7,1,0.000270527
2023,8,3,5,7,4,5.60E-05
2023,8,3,5,1,1,4.31E-04
2023,8,4,1,4,3,9.65E-06
2023,8,4,1,4,1,5.35E-04
2023,8,4,1,4,4,2.90E-05
2023,8,4,1,7,2,9.49E-06
2023,8,4,1,7,3,1.58E-05
2023,8,4,1,7,1,0.000567722
2023,8,4,1,7,4,3.40E-05
2023,8,4,1,15,2,5.59E-04
2023,8,4,1,15,3,1.03E-06
2023,8,4,1,15,1,1.14E-02
2023,8,4,1,15,4,8.27E-04
2023,8,4,1,16,2,6.63E-06
2023,8,4,1,16,3,3.40E-06
2023,8,4,1,16,1,2.76E-03
2023,8,4,1,1,2,1.07E-02
2023,8,4,1,1,3,3.04E-04
2023,8,4,1,1,1,3.88E-02
2023,8,4,2,4,1,1.03E-06
2023,8,4,2,4,4,1.03E-06
2023,8,4,2,16,2,3.43E-04
2023,8,4,2,16,3,7.80E-05
2023,8,4,2,16,1,7.50E-03
2023,8,4,2,6,1,2.59E-04
2023,8,4,2,6,4,2.38E-05
2023,8,4,2,1,2,2.18E-03
2023,8,4,2,1,3,1.61E-04
2023,8,4,2,1,1,2.40E-02
2023,8,4,3,5,1,1.02E-04
2023,8,4,3,5,4,4.07E-06
2023,8,4,3,1,2,1.47E-05
2023,8,4,3,1,1,0.00087201
2023,8,4,4,7,2,6.36E-06
2023,8,4,4,7,1,4.63E-06
2023,8,4,4,7,4,1.92E-07
2023,8,4,4,15,2,5.90E-04
2023,8,4,4,15,3,8.83E-07
2023,8,4,4,15,1,6.70E-03
2023,8,4,4,15,4,3.48E-04
2023,8,4,4,16,1,8.83E-04
2023,8,4,4,1,2,8.59E-05
2023,8,4,4,1,3,3.14E-06
2023,8,4,4,1,1,5.40E-03
2023,8,4,5,7,1,3.15E-04
2023,8,4,5,7,4,3.74E-05
2023,8,4,5,15,2,0.000550377
2023,8,4,5,15,1,2.70E-04
2023,8,4,5,15,4,3.04E-05
2023,8,4,5,3,2,3.03E-07
2023,8,4,5,3,1,2.38E-04
2023,8,4,5,16,1,7.68E-06
2023,8,4,5,5,1,6.42E-06
2023,8,4,5,5,4,1.07E-06
2023,8,4,5,6,1,4.17E-06
2023,8,4,5,1,2,6.14E-06
2023,8,4,5,1,1,0.001722789
2023,8,4,6,5,2,1.01E-03
2023,8,4,6,5,3,1.19E-05
2023,8,4,6,5,1,7.26E-04
2023,8,4,6,5,4,8.10E-05
2023,8,4,6,1,2,2.74E-03
2023,8,4,6,1,3,5.41E-05
2023,8,4,6,1,1,1.43E-03
2023,8,4,9,16,2,2.99E-04
2023,8,4,9,16,3,7.90E-05
2023,8,4,9,16,1,3.89E-03
2023,8,4,9,1,2,0.000139364
2023,8,4,9,1,3,6.17E-06
2023,8,4,9,1,1,5.03E-03
2023,8,4,10,1,2,1.43E-05
2023,8,4,10,1,1,4.81E-05
2023,8,5,6,1,2,6.83E-05
2023,8,5,6,1,3,2.09E-06
2023,8,5,6,1,1,2.91E-03
2023,8,5,7,1,2,1.01E-06
2023,8,5,7,1,3,3.05E-06
2023,8,5,7,1,1,0.010597603
2023,8,5,9,1,2,5.25E-04
2023,8,5,9,1,3,5.72E-05
2023,8,5,9,1,1,7.61E-03
2023,8,5,11,5,2,1.23E-03
2023,8,5,11,5,3,2.09E-06
2023,8,5,11,5,1,3.77E-03
2023,8,5,11,5,4,2.52E-04
2023,8,5,11,2,1,4.71E-04
2023,8,5,11,2,4,5.29E-05
2023,8,5,11,1,2,2.76E-04
2023,8,5,11,1,3,1.12E-05
2023,8,5,11,1,1,1.52E-02
2023,8,5,1,16,2,1.06E-05
2023,8,5,1,16,3,4.15E-06
2023,8,5,1,16,1,1.35E-03
2023,8,5,1,1,2,2.65E-03
2023,8,5,1,1,3,1.74E-04
2023,8,5,1,1,1,1.02E-02
2023,8,5,2,16,2,2.06E-06
2023,8,5,2,16,1,6.31E-04
2023,8,5,2,1,2,3.17E-04
2023,8,5,2,1,3,9.38E-06
2023,8,5,2,1,1,8.22E-03
2023,8,5,3,1,1,3.00E-04
2023,8,5,4,7,2,7.87E-05
2023,8,5,4,7,1,4.15E-04
2023,8,5,4,7,4,1.38E-05
2023,8,5,4,1,2,2.14E-06
2023,8,5,4,1,3,1.09E-06
2023,8,5,4,1,1,1.28E-03
2023,8,5,5,15,2,2.45E-05
2023,8,5,5,15,1,0.002267666
2023,8,5,5,15,4,4.02E-04
2023,8,5,5,5,1,4.65E-05
2023,8,5,5,5,4,1.39E-05
2023,8,5,5,6,1,1.60E-05
2023,8,5,5,6,4,6.42E-06
2023,8,5,5,1,2,7.26E-06
2023,8,5,5,1,1,1.41E-03
2023,8,6,2,1,2,2.26E-05
2023,8,6,2,1,1,0.000789162
2023,8,6,4,1,2,3.08E-06
2023,8,6,4,1,1,1.64E-03
2023,8,6,5,16,1,2.93E-06
2023,8,6,5,5,1,3.85E-05
2023,8,6,5,5,4,1.88E-04
2023,8,6,5,1,1,2.93E-03
2023,8,6,7,1,2,5.13E-04
2023,8,6,7,1,3,2.49E-04
2023,8,6,7,1,1,8.64E-04
2023,8,6,8,2,3,9.17E-07
2023,8,6,8,2,1,0.00098974
2023,8,6,8,2,4,1.48E-04
2023,8,6,8,1,2,1.55E-03
2023,8,6,8,1,3,1.59E-03
2023,8,6,8,1,1,8.21E-03
2023,8,6,9,16,1,2.71E-05
2023,8,6,9,1,2,4.74E-04
2023,8,6,9,1,1,2.95E-03
2023,8,6,11,16,3,1.11E-06
2023,8,6,11,16,1,2.14E-03
2023,8,6,11,2,1,1.63E-03
2023,8,6,11,2,4,5.07E-04
2023,8,6,11,1,2,3.54E-03
2023,8,6,11,1,3,2.42E-05
2023,8,6,11,1,1,0.01337092
2023,8,7,6,1,2,1.32E-03
2023,8,7,6,1,3,2.32E-05
2023,8,7,6,1,1,5.11E-03
2023,8,7,7,16,3,1.45E-05
2023,8,7,7,16,1,5.78E-04
2023,8,7,7,1,2,5.52E-04
2023,8,7,7,1,3,1.81E-04
2023,8,7,7,1,1,1.18E-02
2023,8,7,8,1,2,7.08E-04
2023,8,7,8,1,3,1.78E-04
2023,8,7,8,1,1,7.88E-03
2023,8,7,9,16,2,6.43E-05
2023,8,7,9,16,3,2.02E-04
2023,8,7,9,16,1,1.98E-02
2023,8,7,9,5,1,5.26E-05
2023,8,7,9,5,4,6.07E-06
2023,8,7,9,6,2,1.02E-06
2023,8,7,9,6,3,1.13E-05
2023,8,7,9,6,1,0.000864631
2023,8,7,9,6,4,4.20E-05
2023,8,7,9,1,2,4.93E-03
2023,8,7,9,1,3,2.05E-04
2023,8,7,9,1,1,7.97E-02
2023,8,7,10,1,2,4.41E-04
2023,8,7,10,1,1,2.95E-03
2023,8,7,11,7,1,7.01E-04
2023,8,7,11,7,4,2.38E-05
2023,8,7,11,15,3,1.07E-05
2023,8,7,11,15,1,3.71E-03
2023,8,7,11,15,4,1.26E-04
2023,8,7,11,6,2,1.02E-06
2023,8,7,11,6,3,2.88E-05
2023,8,7,11,6,1,1.75E-03
2023,8,7,11,6,4,1.12E-04
2023,8,7,11,1,1,8.58E-04
2023,8,7,1,7,2,2.34E-04
2023,8,7,1,7,3,4.13E-05
2023,8,7,1,7,1,0.003310925
2023,8,7,1,7,4,2.55E-04
2023,8,7,1,15,2,8.35E-04
2023,8,7,1,15,3,9.36E-05
2023,8,7,1,15,1,2.33E-03
2023,8,7,1,15,4,0.000361657
2023,8,7,1,16,2,1.13E-04
2023,8,7,1,16,3,3.53E-05
2023,8,7,1,16,1,2.27E-03
2023,8,7,1,5,1,4.21E-04
2023,8,7,1,5,4,1.65E-05
2023,8,7,1,6,3,2.04E-05
2023,8,7,1,6,1,3.39E-04
2023,8,7,1,6,4,1.13E-04
2023,8,7,1,1,2,3.71E-03
2023,8,7,1,1,3,2.35E-04
2023,8,7,1,1,1,3.09E-02
2023,8,7,2,16,2,2.04E-06
2023,8,7,2,16,1,1.60E-03
2023,8,7,2,1,2,0.000713301
2023,8,7,2,1,3,2.13E-06
2023,8,7,2,1,1,1.45E-02
2023,8,7,3,7,1,8.84E-05
2023,8,7,3,7,4,2.08E-06
2023,8,7,3,1,2,4.86E-06
2023,8,7,3,1,1,3.43E-03
2023,8,7,4,7,2,1.64E-05
2023,8,7,4,7,1,1.64E-03
2023,8,7,4,7,4,0.00014334
2023,8,7,4,15,3,7.39E-06
2023,8,7,4,15,1,1.47E-03
2023,8,7,4,15,4,7.97E-05
2023,8,7,4,5,1,8.13E-05
2023,8,7,4,5,4,3.13E-06
2023,8,7,4,6,1,1.69E-05
2023,8,7,4,6,4,8.79E-07
2023,8,7,4,1,1,2.76E-04
2023,8,8,6,1,2,1.87E-03
2023,8,8,6,1,3,5.30E-05
2023,8,8,6,1,1,5.74E-03
2023,8,8,7,3,3,1.20E-05
2023,8,8,7,3,1,1.71E-06
2023,8,8,7,1,2,0.004105036
2023,8,8,7,1,3,3.84E-04
2023,8,8,7,1,1,0.007697738
2023,8,8,8,1,2,1.97E-03
2023,8,8,8,1,3,3.72E-04
2023,8,8,8,1,1,1.83E-02
2023,8,8,9,7,2,3.09E-04
2023,8,8,9,7,3,1.03E-05
2023,8,8,9,7,1,1.74E-03
2023,8,8,9,7,4,9.40E-05
2023,8,8,9,16,2,8.39E-05
2023,8,8,9,16,3,5.22E-05
2023,8,8,9,16,1,1.78E-02
2023,8,8,9,5,2,1.18E-04
2023,8,8,9,5,1,1.93E-03
2023,8,8,9,5,4,5.55E-05
2023,8,8,9,1,2,4.20E-03
2023,8,8,9,1,3,6.55E-05
2023,8,8,9,1,1,7.07E-02
2023,8,8,10,15,2,1.81E-06
2023,8,8,10,15,3,4.95E-07
2023,8,8,10,15,1,0.004374601
2023,8,8,10,15,4,2.79E-04
2023,8,8,10,1,2,2.01E-04
2023,8,8,10,1,3,4.08E-06
2023,8,8,10,1,1,1.28E-02
2023,8,8,11,7,2,1.02E-06
2023,8,8,11,7,1,8.03E-04
2023,8,8,11,7,4,6.88E-05
2023,8,8,11,15,2,1.62E-05
2023,8,8,11,15,1,4.45E-03
2023,8,8,11,15,4,6.80E-04
2023,8,8,11,3,3,3.16E-05
2023,8,8,11,3,1,2.05E-07
2023,8,8,11,16,2,1.02E-05
2023,8,8,11,16,3,2.53E-05
2023,8,8,11,16,1,2.67E-03
2023,8,8,11,5,2,0.000889627
2023,8,8,11,5,3,1.06E-06
2023,8,8,11,5,1,4.92E-03
2023,8,8,11,5,4,3.85E-04
2023,8,8,11,6,1,6.76E-04
2023,8,8,11,6,4,6.49E-05
2023,8,8,11,1,2,2.60E-03
2023,8,8,11,1,3,9.21E-04
2023,8,8,11,1,1,5.43E-02
2023,8,8,1,7,3,1.02E-06
2023,8,8,1,7,1,7.06E-04
2023,8,8,1,7,4,8.51E-05
2023,8,8,1,16,1,0.000154867
2023,8,8,1,1,2,1.75E-03
2023,8,8,1,1,3,1.04E-06
2023,8,8,1,1,1,9.98E-03
2023,8,8,2,7,1,4.08E-05
2023,8,8,2,7,4,1.17E-05
2023,8,8,2,15,1,4.11E-05
2023,8,8,2,15,4,1.18E-05
2023,8,8,2,1,1,4.36E-04
2023,8,8,3,1,2,1.25E-05
2023,8,8,3,1,1,1.21E-03
2023,8,8,4,7,2,4.64E-04
2023,8,8,4,7,3,7.12E-06
2023,8,8,4,7,1,2.60E-03
2023,8,8,4,7,4,1.55E-04
2023,8,8,4,15,2,3.40E-04
2023,8,8,4,15,3,5.98E-05
2023,8,8,4,15,1,3.97E-02
2023,8,8,4,15,4,2.25E-03
2023,8,8,4,14,1,3.10E-06
2023,8,8,4,6,1,2.06E-05
2023,8,8,4,1,2,8.93E-05
2023,8,8,4,1,1,5.25E-03
2023,8,8,5,15,2,3.67E-05
2023,8,8,5,15,1,0.002468101
2023,8,8,5,15,4,5.20E-04
2023,8,8,5,1,1,0.000205047
2023,9,1,2,1,2,1.06E-06
2023,9,1,2,1,1,6.36E-03
2023,9,1,3,1,2,5.13E-06
2023,9,1,3,1,1,0.000528658
2023,9,1,5,1,2,4.39E-06
2023,9,1,5,1,1,2.36E-03
2023,9,1,7,16,2,1.04E-06
2023,9,1,7,16,3,1.27E-04
2023,9,1,7,16,1,0.008599198
2023,9,1,7,1,3,6.98E-05
2023,9,1,7,1,1,3.07E-03
2023,9,1,8,1,2,4.12E-06
2023,9,1,8,1,3,1.60E-04
2023,9,1,8,1,1,0.006538553
2023,9,1,9,1,2,1.20E-04
2023,9,1,9,1,3,3.25E-04
2023,9,1,9,1,1,9.19E-02
2023,9,1,11,1,1,0.001207399
2023,9,2,1,1,2,2.61E-03
2023,9,2,1,1,3,3.76E-06
2023,9,2,1,1,1,2.31E-03
2023,9,2,2,1,1,1.28E-03
2023,9,2,3,4,1,0.001481047
2023,9,2,3,4,4,3.84E-05
2023,9,2,3,1,2,5.97E-05
2023,9,2,3,1,1,5.41E-03
2023,9,2,4,7,1,1.20E-03
2023,9,2,4,7,4,4.91E-05
2023,9,2,4,15,2,1.14E-05
2023,9,2,4,15,1,8.27E-03
2023,9,2,4,15,4,3.73E-04
2023,9,2,4,1,2,4.87E-05
2023,9,2,4,1,1,0.008941636
2023,9,2,5,16,1,5.25E-06
2023,9,2,5,1,2,2.05E-06
2023,9,2,5,1,1,2.80E-03
2023,9,2,6,2,1,0.000925249
2023,9,2,6,2,4,9.04E-05
2023,9,2,6,1,2,1.08E-03
2023,9,2,6,1,3,4.66E-04
2023,9,2,6,1,1,1.52E-02
2023,9,2,7,7,2,4.69E-06
2023,9,2,7,7,3,0.000659964
2023,9,2,7,7,1,3.43E-03
2023,9,2,7,7,4,9.13E-04
2023,9,2,7,3,2,7.75E-04
2023,9,2,7,3,3,6.92E-04
2023,9,2,7,3,1,4.15E-03
2023,9,2,7,16,3,2.36E-05
2023,9,2,7,16,1,1.41E-04
2023,9,2,7,1,2,4.24E-04
2023,9,2,7,1,3,0.000982864
2023,9,2,7,1,1,9.24E-03
2023,9,2,8,3,2,4.25E-06
2023,9,2,8,3,3,1.89E-06
2023,9,2,8,3,1,6.46E-05
2023,9,2,8,2,2,9.89E-07
2023,9,2,8,2,3,1.78E-05
2023,9,2,8,2,1,5.52E-03
2023,9,2,8,2,4,8.57E-04
2023,9,2,8,1,2,0.00083577
2023,9,2,8,1,3,5.80E-04
2023,9,2,8,1,1,0.020963421
2023,9,2,9,16,3,3.85E-06
2023,9,2,9,16,1,6.46E-04
2023,9,2,9,1,2,3.81E-04
2023,9,2,9,1,3,2.49E-04
2023,9,2,9,1,1,0.024998399
2023,9,2,11,15,2,5.69E-06
2023,9,2,11,15,3,7.83E-04
2023,9,2,11,15,1,0.00934198
2023,9,2,11,15,4,1.60E-03
2023,9,2,11,3,1,3.54E-06
2023,9,2,11,16,2,3.97E-07
2023,9,2,11,16,3,3.39E-04
2023,9,2,11,16,1,8.56E-03
2023,9,2,11,2,3,3.93E-06
2023,9,2,11,2,1,4.16E-03
2023,9,2,11,2,4,0.000687295
2023,9,2,11,1,2,5.59E-04
2023,9,2,11,1,3,5.48E-04
2023,9,2,11,1,1,1.88E-02
2023,9,3,7,1,2,6.69E-06
2023,9,3,7,1,3,3.13E-04
2023,9,3,7,1,1,6.67E-04
2023,9,3,10,1,2,3.09E-06
2023,9,3,10,1,3,1.02E-06
2023,9,3,10,1,1,4.11E-04
2023,9,3,1,1,2,5.59E-04
2023,9,3,1,1,3,3.38E-06
2023,9,3,1,1,1,4.61E-03
2023,9,3,2,16,2,3.78E-05
2023,9,3,2,16,3,3.56E-05
2023,9,3,2,16,1,1.55E-02
2023,9,3,2,1,2,1.88E-03
2023,9,3,2,1,3,2.27E-06
2023,9,3,2,1,1,2.62E-02
2023,9,3,3,1,2,7.21E-05
2023,9,3,3,1,3,1.04E-06
2023,9,3,3,1,1,9.95E-03
2023,9,3,4,14,1,2.26E-03
2023,9,3,4,14,4,5.42E-05
2023,9,3,4,5,2,3.41E-05
2023,9,3,4,5,1,4.35E-03
2023,9,3,4,5,4,2.55E-04
2023,9,3,4,6,1,2.35E-04
2023,9,3,4,6,4,2.03E-05
2023,9,3,4,1,2,0.000158933
2023,9,3,4,1,3,1.11E-06
2023,9,3,4,1,1,2.54E-02
2023,9,3,5,7,1,0.001898376
2023,9,3,5,7,4,2.20E-04
2023,9,3,5,1,1,1.65E-03
2023,9,4,1,4,2,1.07E-06
2023,9,4,1,4,3,3.75E-05
2023,9,4,1,4,1,1.93E-03
2023,9,4,1,4,4,0.000107232
2023,9,4,1,7,2,1.26E-05
2023,9,4,1,7,3,7.38E-05
2023,9,4,1,7,1,1.91E-03
2023,9,4,1,7,4,7.69E-05
2023,9,4,1,15,2,1.40E-03
2023,9,4,1,15,3,5.05E-04
2023,9,4,1,15,1,9.05E-02
2023,9,4,1,15,4,2.05E-03
2023,9,4,1,16,2,1.51E-05
2023,9,4,1,16,3,9.05E-06
2023,9,4,1,16,1,8.39E-03
2023,9,4,1,1,2,1.71E-02
2023,9,4,1,1,3,0.000405238
2023,9,4,1,1,1,0.082514294
2023,9,4,2,4,1,7.01E-05
2023,9,4,2,4,4,1.44E-05
2023,9,4,2,16,2,4.13E-04
2023,9,4,2,16,3,0.000169404
2023,9,4,2,16,1,3.10E-02
2023,9,4,2,6,2,1.03E-06
2023,9,4,2,6,3,4.45E-05
2023,9,4,2,6,1,0.002483131
2023,9,4,2,6,4,1.26E-04
2023,9,4,2,1,2,0.001831971
2023,9,4,2,1,3,1.47E-04
2023,9,4,2,1,1,8.47E-02
2023,9,4,3,5,1,0.000250571
2023,9,4,3,5,4,4.07E-06
2023,9,4,3,1,2,2.64E-05
2023,9,4,3,1,1,0.002414321
2023,9,4,4,7,2,2.20E-05
2023,9,4,4,7,1,2.03E-05
2023,9,4,4,7,4,6.34E-07
2023,9,4,4,15,2,2.53E-03
2023,9,4,4,15,3,3.53E-06
2023,9,4,4,15,1,2.68E-02
2023,9,4,4,15,4,8.65E-04
2023,9,4,4,16,2,3.10E-06
2023,9,4,4,16,1,4.44E-03
2023,9,4,4,1,2,2.48E-05
2023,9,4,4,1,1,1.55E-02
2023,9,4,5,7,1,0.00154791
2023,9,4,5,7,4,1.36E-04
2023,9,4,5,15,2,1.40E-05
2023,9,4,5,15,1,2.21E-03
2023,9,4,5,15,4,1.35E-04
2023,9,4,5,3,1,2.54E-04
2023,9,4,5,16,1,2.52E-05
2023,9,4,5,5,1,1.93E-05
2023,9,4,5,5,4,6.42E-06
2023,9,4,5,6,1,1.46E-05
2023,9,4,5,6,4,1.04E-06
2023,9,4,5,1,2,6.31E-06
2023,9,4,5,1,1,3.58E-03
2023,9,4,6,5,2,2.30E-03
2023,9,4,6,5,3,1.01E-04
2023,9,4,6,5,1,0.004256715
2023,9,4,6,5,4,3.91E-04
2023,9,4,6,1,2,1.51E-03
2023,9,4,6,1,3,1.76E-04
2023,9,4,6,1,1,1.47E-03
2023,9,4,9,16,2,3.63E-04
2023,9,4,9,16,3,4.31E-05
2023,9,4,9,16,1,0.011723987
2023,9,4,9,1,2,3.22E-04
2023,9,4,9,1,3,3.28E-05
2023,9,4,9,1,1,1.05E-02
2023,9,4,10,1,2,2.99E-05
2023,9,4,10,1,1,3.55E-04
2023,9,5,6,1,2,1.31E-03
2023,9,5,6,1,3,6.13E-06
2023,9,5,6,1,1,0.003991415
2023,9,5,7,1,2,6.10E-06
2023,9,5,7,1,3,5.08E-06
2023,9,5,7,1,1,1.32E-02
2023,9,5,9,1,2,0.00022496
2023,9,5,9,1,3,5.56E-05
2023,9,5,9,1,1,9.19E-03
2023,9,5,11,5,2,3.33E-03
2023,9,5,11,5,3,2.09E-06
2023,9,5,11,5,1,0.008575155
2023,9,5,11,5,4,4.66E-04
2023,9,5,11,2,1,6.29E-04
2023,9,5,11,2,4,2.90E-05
2023,9,5,11,1,2,1.37E-03
2023,9,5,11,1,3,1.33E-05
2023,9,5,11,1,1,0.017802431
2023,9,5,1,16,2,2.55E-05
2023,9,5,1,16,3,1.48E-05
2023,9,5,1,16,1,0.004810223
2023,9,5,1,1,2,2.87E-03
2023,9,5,1,1,3,6.60E-04
2023,9,5,1,1,1,0.0155969
2023,9,5,2,16,3,6.19E-06
2023,9,5,2,16,1,2.80E-03
2023,9,5,2,1,2,1.15E-04
2023,9,5,2,1,3,5.17E-05
2023,9,5,2,1,1,3.12E-02
2023,9,5,3,1,3,1.04E-06
2023,9,5,3,1,1,3.26E-04
2023,9,5,4,7,1,1.90E-03
2023,9,5,4,7,4,1.16E-04
2023,9,5,4,1,1,2.81E-03
2023,9,5,5,15,2,5.10E-06
2023,9,5,5,15,3,2.07E-06
2023,9,5,5,15,1,1.31E-02
2023,9,5,5,15,4,0.001282835
2023,9,5,5,5,1,1.90E-04
2023,9,5,5,5,4,2.60E-05
2023,9,5,5,6,1,0.000131538
2023,9,5,5,6,4,1.28E-05
2023,9,5,5,1,2,4.28E-05
2023,9,5,5,1,1,6.48E-03
2023,9,6,2,1,2,3.80E-05
2023,9,6,2,1,1,2.22E-03
2023,9,6,4,1,2,1.03E-06
2023,9,6,4,1,1,0.003559119
2023,9,6,5,16,1,1.61E-05
2023,9,6,5,5,1,1.68E-04
2023,9,6,5,5,4,3.97E-05
2023,9,6,5,1,2,3.27E-06
2023,9,6,5,1,1,5.23E-03
2023,9,6,7,1,2,4.88E-04
2023,9,6,7,1,3,1.67E-04
2023,9,6,7,1,1,7.75E-04
2023,9,6,8,2,3,7.71E-06
2023,9,6,8,2,1,1.49E-03
2023,9,6,8,2,4,2.92E-04
2023,9,6,8,1,2,1.12E-03
2023,9,6,8,1,3,8.49E-04
2023,9,6,8,1,1,1.14E-02
2023,9,6,9,16,2,1.04E-06
2023,9,6,9,16,1,1.04E-04
2023,9,6,9,1,2,3.97E-04
2023,9,6,9,1,1,5.04E-03
2023,9,6,11,16,2,4.43E-06
2023,9,6,11,16,3,1.11E-06
2023,9,6,11,16,1,2.59E-03
2023,9,6,11,2,2,1.01E-06
2023,9,6,11,2,1,2.29E-03
2023,9,6,11,2,4,6.18E-04
2023,9,6,11,1,2,2.00E-03
2023,9,6,11,1,3,1.01E-05
2023,9,6,11,1,1,1.65E-02
2023,9,7,6,1,2,0.000822401
2023,9,7,6,1,3,2.87E-05
2023,9,7,6,1,1,5.62E-03
2023,9,7,7,16,2,1.04E-06
2023,9,7,7,16,3,8.28E-06
2023,9,7,7,16,1,8.78E-04
2023,9,7,7,1,2,7.45E-04
2023,9,7,7,1,3,0.000232004
2023,9,7,7,1,1,1.33E-02
2023,9,7,8,1,2,1.37E-03
2023,9,7,8,1,3,1.57E-04
2023,9,7,8,1,1,6.09E-03
2023,9,7,9,16,2,1.06E-04
2023,9,7,9,16,3,1.48E-04
2023,9,7,9,16,1,5.80E-02
2023,9,7,9,5,3,1.01E-06
2023,9,7,9,5,1,1.02E-03
2023,9,7,9,5,4,3.14E-05
2023,9,7,9,6,3,2.76E-05
2023,9,7,9,6,1,2.83E-03
2023,9,7,9,6,4,1.28E-04
2023,9,7,9,1,2,2.84E-03
2023,9,7,9,1,3,2.28E-04
2023,9,7,9,1,1,0.139321707
2023,9,7,10,1,2,2.28E-04
2023,9,7,10,1,1,8.51E-03
2023,9,7,11,7,2,1.04E-06
2023,9,7,11,7,1,2.91E-03
2023,9,7,11,7,4,0.000134591
2023,9,7,11,15,2,4.24E-06
2023,9,7,11,15,3,0.000173534
2023,9,7,11,15,1,7.89E-03
2023,9,7,11,15,4,0.000365644
2023,9,7,11,6,2,3.21E-04
2023,9,7,11,6,3,2.56E-05
2023,9,7,11,6,1,0.00772224
2023,9,7,11,6,4,2.58E-04
2023,9,7,11,1,2,2.03E-06
2023,9,7,11,1,1,1.44E-03
2023,9,7,1,7,2,9.09E-04
2023,9,7,1,7,3,2.44E-04
2023,9,7,1,7,1,1.84E-02
2023,9,7,1,7,4,6.72E-04
2023,9,7,1,15,2,5.45E-03
2023,9,7,1,15,3,5.37E-04
2023,9,7,1,15,1,1.34E-02
2023,9,7,1,15,4,9.95E-04
2023,9,7,1,16,2,5.31E-05
2023,9,7,1,16,3,3.12E-05
2023,9,7,1,16,1,8.76E-03
2023,9,7,1,5,2,1.03E-06
2023,9,7,1,5,3,1.03E-06
2023,9,7,1,5,1,1.72E-03
2023,9,7,1,5,4,5.88E-05
2023,9,7,1,6,2,1.20E-06
2023,9,7,1,6,3,5.17E-05
2023,9,7,1,6,1,1.11E-03
2023,9,7,1,6,4,1.92E-04
2023,9,7,1,1,2,0.004732937
2023,9,7,1,1,3,1.05E-04
2023,9,7,1,1,1,5.70E-02
2023,9,7,2,16,1,7.28E-03
2023,9,7,2,1,2,6.21E-04
2023,9,7,2,1,3,2.63E-05
2023,9,7,2,1,1,5.49E-02
2023,9,7,3,7,3,1.04E-06
2023,9,7,3,7,1,7.20E-04
2023,9,7,3,7,4,2.08E-05
2023,9,7,3,1,2,6.24E-05
2023,9,7,3,1,1,6.57E-03
2023,9,7,4,7,2,4.14E-06
2023,9,7,4,7,3,1.05E-06
2023,9,7,4,7,1,6.14E-03
2023,9,7,4,7,4,2.94E-04
2023,9,7,4,15,2,4.24E-06
2023,9,7,4,15,3,1.59E-04
2023,9,7,4,15,1,0.01137064
2023,9,7,4,15,4,3.79E-04
2023,9,7,4,5,2,1.04E-06
2023,9,7,4,5,1,1.73E-04
2023,9,7,4,5,4,1.25E-05
2023,9,7,4,6,1,1.97E-04
2023,9,7,4,6,4,7.69E-06
2023,9,7,4,1,1,5.92E-04
2023,9,8,6,1,2,1.44E-03
2023,9,8,6,1,3,4.35E-05
2023,9,8,6,1,1,6.98E-03
2023,9,8,7,3,3,7.53E-07
2023,9,8,7,3,1,1.37E-07
2023,9,8,7,1,2,0.004574433
2023,9,8,7,1,3,2.89E-04
2023,9,8,7,1,1,1.11E-02
2023,9,8,8,1,2,3.03E-03
2023,9,8,8,1,3,4.86E-04
2023,9,8,8,1,1,2.11E-02
2023,9,8,9,7,2,3.88E-04
2023,9,8,9,7,3,4.73E-05
2023,9,8,9,7,1,6.01E-03
2023,9,8,9,7,4,3.22E-04
2023,9,8,9,16,2,2.44E-05
2023,9,8,9,16,3,6.07E-05
2023,9,8,9,16,1,4.00E-02
2023,9,8,9,5,2,1.26E-05
2023,9,8,9,5,3,5.19E-06
2023,9,8,9,5,1,6.14E-03
2023,9,8,9,5,4,2.79E-04
2023,9,8,9,1,2,3.84E-03
2023,9,8,9,1,3,8.89E-05
2023,9,8,9,1,1,9.85E-02
2023,9,8,10,15,2,7.31E-05
2023,9,8,10,15,3,8.57E-06
2023,9,8,10,15,1,2.50E-02
2023,9,8,10,15,4,6.75E-04
2023,9,8,10,1,2,1.76E-04
2023,9,8,10,1,3,3.97E-05
2023,9,8,10,1,1,2.48E-02
2023,9,8,11,7,1,0.004657501
2023,9,8,11,7,4,3.41E-04
2023,9,8,11,15,2,7.44E-06
2023,9,8,11,15,3,8.39E-07
2023,9,8,11,15,1,2.05E-02
2023,9,8,11,15,4,1.84E-03
2023,9,8,11,3,3,8.92E-05
2023,9,8,11,3,1,3.01E-06
2023,9,8,11,16,2,4.08E-06
2023,9,8,11,16,3,9.91E-05
2023,9,8,11,16,1,7.75E-03
2023,9,8,11,5,2,7.11E-04
2023,9,8,11,5,3,5.26E-06
2023,9,8,11,5,1,1.43E-02
2023,9,8,11,5,4,1.22E-03
2023,9,8,11,6,1,0.001781557
2023,9,8,11,6,4,1.33E-04
2023,9,8,11,1,2,2.43E-03
2023,9,8,11,1,3,7.85E-04
2023,9,8,11,1,1,1.09E-01
2023,9,8,1,7,2,1.76E-04
2023,9,8,1,7,3,9.43E-05
2023,9,8,1,7,1,4.77E-03
2023,9,8,1,7,4,0.000352634
2023,9,8,1,16,1,0.000686131
2023,9,8,1,1,2,0.001994684
2023,9,8,1,1,3,2.33E-05
2023,9,8,1,1,1,1.38E-02
2023,9,8,2,7,3,1.73E-05
2023,9,8,2,7,1,1.75E-03
2023,9,8,2,7,4,6.73E-05
2023,9,8,2,15,3,1.75E-05
2023,9,8,2,15,1,1.77E-03
2023,9,8,2,15,4,6.78E-05
2023,9,8,2,1,1,0.001523184
2023,9,8,3,1,2,3.01E-05
2023,9,8,3,1,1,5.44E-03
2023,9,8,4,7,2,4.56E-04
2023,9,8,4,7,3,2.85E-05
2023,9,8,4,7,1,1.29E-02
2023,9,8,4,7,4,6.21E-04
2023,9,8,4,15,2,0.001623439
2023,9,8,4,15,3,3.05E-04
2023,9,8,4,15,1,0.198611331
2023,9,8,4,15,4,6.11E-03
2023,9,8,4,14,1,2.80E-04
2023,9,8,4,14,4,2.88E-05
2023,9,8,4,6,1,8.34E-05
2023,9,8,4,6,4,3.93E-06
2023,9,8,4,1,2,0.000103964
2023,9,8,4,1,1,0.018575607
2023,9,8,5,15,2,2.33E-06
2023,9,8,5,15,3,2.06E-06
2023,9,8,5,15,1,1.79E-02
2023,9,8,5,15,4,1.55E-03
2023,9,8,5,1,1,0.000554485
2023,1,1,2,1,4,7.97E-06
2023,1,1,3,1,4,2.95E-06
2023,1,1,5,1,4,4.16E-05
2023,1,1,7,16,4,1.75E-04
2023,1,1,7,1,4,2.58E-04
2023,1,1,8,1,4,0.000505562
2023,1,1,9,1,4,1.29E-03
2023,1,1,11,1,4,4.66E-05
2023,1,2,1,1,4,2.30E-06
2023,1,2,2,1,4,1.03E-06
2023,1,2,3,1,4,1.88E-05
2023,1,2,4,1,4,8.17E-05
2023,1,2,5,1,4,7.74E-05
2023,1,2,6,1,4,1.39E-03
2023,1,2,7,3,4,1.27E-03
2023,1,2,7,16,4,1.07E-06
2023,1,2,7,1,4,2.06E-03
2023,1,2,8,3,4,8.53E-06
2023,1,2,8,1,4,2.73E-03
2023,1,2,9,16,4,1.07E-05
2023,1,2,9,1,4,1.10E-03
2023,1,2,11,3,4,5.68E-07
2023,1,2,11,16,4,0.000660299
2023,1,2,11,1,4,0.001759521
2023,1,3,7,1,4,8.41E-04
2023,1,3,10,1,4,1.74E-04
2023,1,3,1,1,4,6.27E-05
2023,1,3,2,16,4,7.50E-05
2023,1,3,2,1,4,2.75E-04
2023,1,3,3,1,4,6.24E-05
2023,1,3,4,1,4,2.52E-04
2023,1,3,5,1,4,2.69E-05
2023,1,4,1,16,4,2.69E-05
2023,1,4,1,1,4,1.10E-03
2023,1,4,2,16,4,2.35E-04
2023,1,4,2,1,4,3.98E-04
2023,1,4,3,1,4,2.71E-05
2023,1,4,4,16,4,1.29E-05
2023,1,4,4,1,4,3.72E-04
2023,1,4,5,3,4,8.05E-06
2023,1,4,5,16,4,2.08E-06
2023,1,4,5,1,4,1.23E-04
2023,1,4,6,1,4,9.92E-04
2023,1,4,9,16,4,5.40E-04
2023,1,4,9,1,4,4.01E-04
2023,1,4,10,1,4,5.44E-05
2023,1,5,6,1,4,8.77E-05
2023,1,5,7,1,4,2.37E-04
2023,1,5,9,1,4,5.24E-05
2023,1,5,11,1,4,2.36E-04
2023,1,5,1,16,4,5.90E-05
2023,1,5,1,1,4,2.39E-04
2023,1,5,2,16,4,9.79E-06
2023,1,5,2,1,4,0.000176628
2023,1,5,3,1,4,4.96E-06
2023,1,5,4,1,4,1.61E-05
2023,1,5,5,1,4,0.000211944
2023,1,6,2,1,4,2.92E-06
2023,1,6,4,1,4,2.70E-05
2023,1,6,5,16,4,1.39E-06
2023,1,6,5,1,4,8.62E-05
2023,1,6,7,1,4,6.37E-05
2023,1,6,8,1,4,1.13E-03
2023,1,6,9,1,4,0.000133346
2023,1,6,11,16,4,8.00E-05
2023,1,6,11,1,4,1.56E-03
2023,1,7,6,1,4,0.00039843
2023,1,7,7,16,4,1.41E-04
2023,1,7,7,1,4,6.82E-04
2023,1,7,8,1,4,1.04E-03
2023,1,7,9,16,4,5.07E-04
2023,1,7,9,1,4,2.75E-03
2023,1,7,10,1,4,0.000167619
2023,1,7,11,1,4,3.68E-05
2023,1,7,1,16,4,5.83E-05
2023,1,7,1,1,4,5.41E-04
2023,1,7,2,16,4,1.94E-06
2023,1,7,2,1,4,2.17E-04
2023,1,7,3,1,4,4.67E-05
2023,1,7,4,1,4,6.16E-06
2023,1,8,6,1,4,0.000266546
2023,1,8,7,3,4,5.20E-07
2023,1,8,7,1,4,6.24E-04
2023,1,8,8,1,4,7.90E-04
2023,1,8,9,16,4,4.24E-04
2023,1,8,9,1,4,0.001462927
2023,1,8,10,1,4,5.79E-04
2023,1,8,11,3,4,2.74E-05
2023,1,8,11,16,4,6.73E-05
2023,1,8,11,1,4,0.004472171
2023,1,8,1,1,4,9.89E-05
2023,1,8,3,1,4,9.86E-07
2023,1,8,4,1,4,8.97E-05
2023,1,8,5,1,4,1.67E-05
2023,2,1,2,1,4,3.49E-05
2023,2,1,3,1,4,1.56E-05
2023,2,1,5,1,4,0.000129803
2023,2,1,7,16,4,0.000492301
2023,2,1,7,1,4,0.000705385
2023,2,1,8,1,4,0.000913955
2023,2,1,9,1,4,1.91E-03
2023,2,1,11,1,4,5.14E-05
2023,2,2,1,1,4,2.59E-05
2023,2,2,2,1,4,1.24E-05
2023,2,2,3,1,4,9.23E-05
2023,2,2,4,1,4,2.68E-04
2023,2,2,5,1,4,2.29E-04
2023,2,2,6,1,4,0.004770699
2023,2,2,7,3,4,2.56E-03
2023,2,2,7,16,4,1.60E-05
2023,2,2,7,1,4,2.99E-03
2023,2,2,8,3,4,2.14E-05
2023,2,2,8,1,4,0.004939334
2023,2,2,9,16,4,1.19E-05
2023,2,2,9,1,4,0.002177877
2023,2,2,11,3,4,5.40E-07
2023,2,2,11,16,4,0.001007353
2023,2,2,11,1,4,3.19E-03
2023,2,3,7,1,4,2.65E-03
2023,2,3,10,1,4,4.29E-04
2023,2,3,1,1,4,0.000344069
2023,2,3,2,16,4,1.95E-04
2023,2,3,2,1,4,0.000617088
2023,2,3,3,1,4,3.36E-04
2023,2,3,4,1,4,9.25E-04
2023,2,3,5,1,4,1.38E-04
2023,2,4,1,16,4,1.03E-04
2023,2,4,1,1,4,6.13E-03
2023,2,4,2,16,4,9.37E-04
2023,2,4,2,1,4,0.002324081
2023,2,4,3,1,4,4.86E-05
2023,2,4,4,16,4,2.88E-05
2023,2,4,4,1,4,0.000936492
2023,2,4,5,3,4,2.62E-05
2023,2,4,5,16,4,1.04E-06
2023,2,4,5,1,4,3.32E-04
2023,2,4,6,1,4,1.98E-03
2023,2,4,9,16,4,1.39E-03
2023,2,4,9,1,4,8.21E-04
2023,2,4,10,1,4,2.11E-04
2023,2,5,6,1,4,1.49E-04
2023,2,5,7,1,4,4.74E-04
2023,2,5,9,1,4,1.07E-04
2023,2,5,11,1,4,3.47E-04
2023,2,5,1,16,4,1.38E-04
2023,2,5,1,1,4,0.00079558
2023,2,5,2,16,4,3.72E-05
2023,2,5,2,1,4,0.000713094
2023,2,5,3,1,4,1.78E-05
2023,2,5,4,1,4,8.17E-05
2023,2,5,5,1,4,9.00E-04
2023,2,6,2,1,4,9.75E-06
2023,2,6,4,1,4,9.53E-05
2023,2,6,5,16,4,0.00000278
2023,2,6,5,1,4,3.42E-04
2023,2,6,7,1,4,0.000205664
2023,2,6,8,1,4,2.53E-03
2023,2,6,9,16,4,9.89E-07
2023,2,6,9,1,4,3.75E-04
2023,2,6,11,16,4,0.000154646
2023,2,6,11,1,4,3.79E-03
2023,2,7,6,1,4,1.34E-03
2023,2,7,7,16,4,4.28E-04
2023,2,7,7,1,4,2.08E-03
2023,2,7,8,1,4,3.36E-03
2023,2,7,9,16,4,0.001917422
2023,2,7,9,1,4,9.02E-03
2023,2,7,10,1,4,1.31E-03
2023,2,7,11,1,4,1.19E-04
2023,2,7,1,16,4,2.51E-04
2023,2,7,1,1,4,2.78E-03
2023,2,7,2,16,4,7.77E-06
2023,2,7,2,1,4,0.000681114
2023,2,7,3,1,4,0.000156457
2023,2,7,4,1,4,2.36E-05
2023,2,8,6,1,4,9.58E-04
2023,2,8,7,3,4,2.47E-06
2023,2,8,7,1,4,2.51E-03
2023,2,8,8,1,4,2.39E-03
2023,2,8,9,16,4,1.07E-03
2023,2,8,9,1,4,0.004524423
2023,2,8,10,1,4,0.001491911
2023,2,8,11,3,4,6.40E-05
2023,2,8,11,16,4,2.41E-04
2023,2,8,11,1,4,1.17E-02
2023,2,8,1,16,4,9.74E-07
2023,2,8,1,1,4,4.94E-04
2023,2,8,2,1,4,1.98E-06
2023,2,8,3,1,4,1.48E-05
2023,2,8,4,1,4,0.00027916
2023,2,8,5,1,4,6.51E-05
2023,3,1,2,1,4,4.68E-05
2023,3,1,3,1,4,9.78E-06
2023,3,1,5,1,4,1.94E-04
2023,3,1,7,16,4,7.89E-04
2023,3,1,7,1,4,1.43E-03
2023,3,1,8,1,4,2.14E-03
2023,3,1,9,1,4,3.52E-03
2023,3,1,11,1,4,1.56E-04
2023,3,2,1,1,4,7.83E-05
2023,3,2,2,1,4,1.86E-05
2023,3,2,3,1,4,8.42E-05
2023,3,2,4,1,4,3.89E-04
2023,3,2,5,1,4,0.000204421
2023,3,2,6,1,4,0.008735781
2023,3,2,7,3,4,6.12E-03
2023,3,2,7,16,4,8.31E-05
2023,3,2,7,1,4,0.005215979
2023,3,2,8,3,4,3.57E-05
2023,3,2,8,1,4,9.91E-03
2023,3,2,9,16,4,7.31E-06
2023,3,2,9,1,4,2.74E-03
2023,3,2,11,3,4,1.01E-06
2023,3,2,11,16,4,1.85E-03
2023,3,2,11,1,4,6.11E-03
2023,3,3,7,1,4,2.64E-03
2023,3,3,10,1,4,3.57E-04
2023,3,3,1,1,4,6.03E-04
2023,3,3,2,16,4,0.000386594
2023,3,3,2,1,4,7.90E-04
2023,3,3,3,1,4,4.41E-04
2023,3,3,4,1,4,8.04E-04
2023,3,3,5,1,4,9.90E-05
2023,3,4,1,16,4,1.43E-04
2023,3,4,1,1,4,7.72E-03
2023,3,4,2,16,4,1.24E-03
2023,3,4,2,1,4,1.70E-03
2023,3,4,3,1,4,6.75E-05
2023,3,4,4,16,4,7.34E-05
2023,3,4,4,1,4,9.97E-04
2023,3,4,5,3,4,6.47E-05
2023,3,4,5,16,4,7.30E-06
2023,3,4,5,1,4,4.76E-04
2023,3,4,6,1,4,4.12E-03
2023,3,4,9,16,4,9.58E-04
2023,3,4,9,1,4,0.001252187
2023,3,4,10,1,4,7.17E-05
2023,3,5,6,1,4,0.000315623
2023,3,5,7,1,4,9.38E-04
2023,3,5,9,1,4,0.000162615
2023,3,5,11,1,4,0.000961679
2023,3,5,1,16,4,1.06E-04
2023,3,5,1,1,4,1.50E-03
2023,3,5,2,16,4,5.88E-05
2023,3,5,2,1,4,9.20E-04
2023,3,5,3,1,4,6.84E-05
2023,3,5,4,1,4,0.000179449
2023,3,5,5,1,4,0.000703418
2023,3,6,2,1,4,2.05E-05
2023,3,6,4,1,4,1.76E-04
2023,3,6,5,16,4,0.00000417
2023,3,6,5,1,4,6.13E-04
2023,3,6,7,1,4,3.61E-04
2023,3,6,8,1,4,3.02E-03
2023,3,6,9,16,4,9.89E-07
2023,3,6,9,1,4,4.77E-04
2023,3,6,11,16,4,2.65E-04
2023,3,6,11,1,4,0.005764112
2023,3,7,6,1,4,3.32E-03
2023,3,7,7,16,4,7.25E-04
2023,3,7,7,1,4,4.52E-03
2023,3,7,8,1,4,6.33E-03
2023,3,7,9,16,4,0.002794232
2023,3,7,9,1,4,0.009545683
2023,3,7,10,1,4,0.000787361
2023,3,7,11,1,4,0.000333255
2023,3,7,1,16,4,0.000687739
2023,3,7,1,1,4,0.005376588
2023,3,7,2,16,4,1.46E-05
2023,3,7,2,1,4,7.68E-04
2023,3,7,3,1,4,0.000360165
2023,3,7,4,1,4,0.000116468
2023,3,8,6,1,4,0.001817473
2023,3,8,7,3,4,1.95E-06
2023,3,8,7,1,4,0.003864993
2023,3,8,8,1,4,5.28E-03
2023,3,8,9,16,4,1.47E-03
2023,3,8,9,1,4,0.006305953
2023,3,8,10,1,4,1.93E-03
2023,3,8,11,3,4,9.55E-05
2023,3,8,11,16,4,2.22E-04
2023,3,8,11,1,4,0.014970689
2023,3,8,1,16,4,3.90E-06
2023,3,8,1,1,4,8.46E-04
2023,3,8,2,1,4,6.96E-06
2023,3,8,3,1,4,2.65E-05
2023,3,8,4,1,4,3.27E-04
2023,3,8,5,1,4,5.00E-05
2023,4,1,2,1,4,1.30E-05
2023,4,1,3,1,4,4.88E-06
2023,4,1,5,1,4,4.11E-05
2023,4,1,7,16,4,6.05E-04
2023,4,1,7,1,4,1.01E-03
2023,4,1,8,1,4,0.00117709
2023,4,1,9,1,4,0.001210646
2023,4,1,11,1,4,6.49E-05
2023,4,2,1,1,4,2.31E-05
2023,4,2,2,1,4,7.24E-06
2023,4,2,3,1,4,3.73E-05
2023,4,2,4,1,4,1.02E-04
2023,4,2,5,1,4,5.59E-05
2023,4,2,6,1,4,7.33E-03
2023,4,2,7,3,4,4.82E-03
2023,4,2,7,16,4,2.66E-05
2023,4,2,7,1,4,0.004061259
2023,4,2,8,3,4,3.53E-05
2023,4,2,8,1,4,7.83E-03
2023,4,2,9,1,4,2.53E-03
2023,4,2,11,3,4,1.14E-06
2023,4,2,11,16,4,1.20E-03
2023,4,2,11,1,4,0.005985418
2023,4,3,7,1,4,1.41E-03
2023,4,3,10,1,4,2.08E-04
2023,4,3,1,1,4,0.000203437
2023,4,3,2,16,4,1.39E-04
2023,4,3,2,1,4,0.000360035
2023,4,3,3,1,4,1.69E-04
2023,4,3,4,1,4,0.000212331
2023,4,3,5,1,4,2.88E-05
2023,4,4,1,16,4,3.29E-05
2023,4,4,1,1,4,0.003855806
2023,4,4,2,16,4,0.000445413
2023,4,4,2,1,4,0.000699899
2023,4,4,3,1,4,2.15E-05
2023,4,4,4,16,4,1.78E-05
2023,4,4,4,1,4,2.84E-04
2023,4,4,5,3,4,1.96E-05
2023,4,4,5,1,4,1.37E-04
2023,4,4,6,1,4,2.17E-03
2023,4,4,9,16,4,0.000421492
2023,4,4,9,1,4,3.17E-04
2023,4,4,10,1,4,1.98E-05
2023,4,5,6,1,4,1.16E-04
2023,4,5,7,1,4,4.27E-04
2023,4,5,9,1,4,9.24E-05
2023,4,5,11,1,4,4.69E-04
2023,4,5,1,16,4,2.31E-05
2023,4,5,1,1,4,6.14E-04
2023,4,5,2,16,4,1.18E-05
2023,4,5,2,1,4,2.29E-04
2023,4,5,3,1,4,1.09E-05
2023,4,5,4,1,4,2.96E-05
2023,4,5,5,1,4,1.37E-04
2023,4,6,2,1,4,9.75E-06
2023,4,6,4,1,4,7.06E-05
2023,4,6,5,1,4,2.01E-04
2023,4,6,7,1,4,2.27E-04
2023,4,6,8,1,4,0.002338694
2023,4,6,9,16,4,9.89E-07
2023,4,6,9,1,4,0.000239934
2023,4,6,11,16,4,1.40E-04
2023,4,6,11,1,4,3.45E-03
2023,4,7,6,1,4,8.43E-04
2023,4,7,7,16,4,1.52E-04
2023,4,7,7,1,4,1.40E-03
2023,4,7,8,1,4,2.87E-03
2023,4,7,9,16,4,7.38E-04
2023,4,7,9,1,4,4.18E-03
2023,4,7,10,1,4,2.53E-04
2023,4,7,11,1,4,6.77E-05
2023,4,7,1,16,4,1.62E-04
2023,4,7,1,1,4,2.56E-03
2023,4,7,2,16,4,9.71E-06
2023,4,7,2,1,4,2.72E-04
2023,4,7,3,1,4,2.56E-04
2023,4,7,4,1,4,1.95E-05
2023,4,8,6,1,4,7.53E-04
2023,4,8,7,3,4,7.80E-07
2023,4,8,7,1,4,0.001816769
2023,4,8,8,1,4,2.96E-03
2023,4,8,9,16,4,5.04E-04
2023,4,8,9,1,4,2.31E-03
2023,4,8,10,1,4,7.13E-04
2023,4,8,11,3,4,2.96E-05
2023,4,8,11,16,4,9.40E-05
2023,4,8,11,1,4,5.89E-03
2023,4,8,1,16,4,1.17E-05
2023,4,8,1,1,4,4.83E-04
2023,4,8,2,1,4,9.91E-07
2023,4,8,3,1,4,3.93E-06
2023,4,8,4,1,4,1.20E-04
2023,4,8,5,1,4,2.41E-05
2023,5,1,2,1,4,4.50E-05
2023,5,1,3,1,4,2.65E-05
2023,5,1,5,1,4,0.000368103
2023,5,1,7,16,4,2.25E-03
2023,5,1,7,1,4,0.001943071
2023,5,1,8,1,4,2.95E-03
2023,5,1,9,1,4,6.01E-03
2023,5,1,11,1,4,7.39E-05
2023,5,2,1,1,4,1.06E-04
2023,5,2,2,1,4,2.07E-05
2023,5,2,3,1,4,1.44E-04
2023,5,2,4,1,4,0.000493565
2023,5,2,5,1,4,0.00043089
2023,5,2,6,1,4,0.009896667
2023,5,2,7,3,4,1.22E-02
2023,5,2,7,16,4,1.87E-04
2023,5,2,7,1,4,0.009881704
2023,5,2,8,3,4,4.57E-05
2023,5,2,8,1,4,1.42E-02
2023,5,2,9,16,4,4.97E-05
2023,5,2,9,1,4,5.70E-03
2023,5,2,11,3,4,1.73E-06
2023,5,2,11,16,4,2.52E-03
2023,5,2,11,1,4,8.57E-03
2023,5,3,7,1,4,3.79E-03
2023,5,3,10,1,4,6.03E-04
2023,5,3,1,1,4,1.11E-03
2023,5,3,2,16,4,5.50E-04
2023,5,3,2,1,4,2.26E-03
2023,5,3,3,1,4,0.000382805
2023,5,3,4,1,4,1.37E-03
2023,5,3,5,1,4,1.66E-04
2023,5,4,1,16,4,1.03E-04
2023,5,4,1,1,4,1.00E-02
2023,5,4,2,16,4,0.00152175
2023,5,4,2,1,4,2.99E-03
2023,5,4,3,1,4,1.05E-04
2023,5,4,4,16,4,9.39E-05
2023,5,4,4,1,4,1.21E-03
2023,5,4,5,3,4,5.70E-05
2023,5,4,5,16,4,7.30E-06
2023,5,4,5,1,4,5.84E-04
2023,5,4,6,1,4,2.11E-03
2023,5,4,9,16,4,0.00099213
2023,5,4,9,1,4,1.70E-03
2023,5,4,10,1,4,0.000203964
2023,5,5,6,1,4,2.57E-04
2023,5,5,7,1,4,1.01E-03
2023,5,5,9,1,4,5.34E-04
2023,5,5,11,1,4,1.07E-03
2023,5,5,1,16,4,1.06E-04
2023,5,5,1,1,4,2.31E-03
2023,5,5,2,16,4,8.23E-05
2023,5,5,2,1,4,1.31E-03
2023,5,5,3,1,4,4.26E-05
2023,5,5,4,1,4,0.00020049
2023,5,5,5,1,4,0.001255162
2023,5,6,2,1,4,2.05E-05
2023,5,6,4,1,4,2.29E-04
2023,5,6,5,16,4,1.11E-05
2023,5,6,5,1,4,8.22E-04
2023,5,6,7,1,4,0.000519692
2023,5,6,8,1,4,4.69E-03
2023,5,6,9,16,4,3.95E-05
2023,5,6,9,1,4,1.47E-03
2023,5,6,11,16,4,6.66E-04
2023,5,6,11,1,4,8.51E-03
2023,5,7,6,1,4,1.22E-03
2023,5,7,7,16,4,4.39E-04
2023,5,7,7,1,4,0.002089574
2023,5,7,8,1,4,0.004141661
2023,5,7,9,16,4,0.002036577
2023,5,7,9,1,4,6.68E-03
2023,5,7,10,1,4,6.66E-04
2023,5,7,11,1,4,6.69E-05
2023,5,7,1,16,4,0.000894772
2023,5,7,1,1,4,9.85E-03
2023,5,7,2,16,4,2.08E-04
2023,5,7,2,1,4,0.002245205
2023,5,7,3,1,4,3.11E-04
2023,5,7,4,1,4,0.000134743
2023,5,8,6,1,4,1.12E-03
2023,5,8,7,3,4,5.01E-06
2023,5,8,7,1,4,3.56E-03
2023,5,8,8,1,4,3.69E-03
2023,5,8,9,16,4,1.44E-03
2023,5,8,9,1,4,6.68E-03
2023,5,8,10,1,4,1.67E-03
2023,5,8,11,3,4,1.05E-04
2023,5,8,11,16,4,2.88E-04
2023,5,8,11,1,4,1.77E-02
2023,5,8,1,16,4,1.85E-05
2023,5,8,1,1,4,1.91E-03
2023,5,8,2,1,4,8.85E-05
2023,5,8,3,1,4,2.43E-04
2023,5,8,4,1,4,1.22E-03
2023,5,8,5,1,4,0.000201421
2023,6,1,2,1,4,9.00E-06
2023,6,1,3,1,4,2.93E-06
2023,6,1,5,1,4,2.38E-05
2023,6,1,7,16,4,0.000466701
2023,6,1,7,1,4,6.96E-04
2023,6,1,8,1,4,0.000896686
2023,6,1,9,1,4,0.001405935
2023,6,1,11,1,4,2.03E-05
2023,6,2,1,1,4,9.71E-06
2023,6,2,2,1,4,4.14E-06
2023,6,2,3,1,4,5.85E-06
2023,6,2,4,1,4,5.05E-05
2023,6,2,5,1,4,4.14E-05
2023,6,2,6,1,4,3.77E-03
2023,6,2,7,3,4,4.82E-03
2023,6,2,7,16,4,4.16E-05
2023,6,2,7,1,4,0.002598492
2023,6,2,8,3,4,1.91E-05
2023,6,2,8,1,4,5.77E-03
2023,6,2,9,16,4,1.07E-05
2023,6,2,9,1,4,1.41E-03
2023,6,2,11,3,4,4.10E-07
2023,6,2,11,16,4,5.95E-04
2023,6,2,11,1,4,2.70E-03
2023,6,3,7,1,4,8.34E-04
2023,6,3,10,1,4,0.000104396
2023,6,3,1,1,4,3.09E-04
2023,6,3,2,16,4,9.06E-05
2023,6,3,2,1,4,4.75E-04
2023,6,3,3,1,4,6.76E-05
2023,6,3,4,1,4,0.000121098
2023,6,3,5,1,4,1.59E-05
2023,6,4,1,16,4,4.04E-05
2023,6,4,1,1,4,3.78E-03
2023,6,4,2,16,4,3.67E-04
2023,6,4,2,1,4,6.90E-04
2023,6,4,3,1,4,7.84E-06
2023,6,4,4,16,4,2.07E-05
2023,6,4,4,1,4,1.54E-04
2023,6,4,5,3,4,8.05E-06
2023,6,4,5,16,4,2.08E-06
2023,6,4,5,1,4,8.74E-05
2023,6,4,6,1,4,0.000806529
2023,6,4,9,16,4,2.85E-04
2023,6,4,9,1,4,3.15E-04
2023,6,4,10,1,4,4.08E-05
2023,6,5,6,1,4,7.85E-05
2023,6,5,7,1,4,2.41E-04
2023,6,5,9,1,4,0.000138887
2023,6,5,11,1,4,3.43E-04
2023,6,5,1,16,4,4.10E-05
2023,6,5,1,1,4,0.000996792
2023,6,5,2,16,4,3.92E-06
2023,6,5,2,1,4,0.000202
2023,6,5,3,1,4,4.96E-06
2023,6,5,4,1,4,4.41E-05
2023,6,5,5,1,4,1.50E-04
2023,6,6,2,1,4,6.82E-06
2023,6,6,4,1,4,3.62E-05
2023,6,6,5,16,4,1.39E-06
2023,6,6,5,1,4,9.39E-05
2023,6,6,7,1,4,1.95E-04
2023,6,6,8,1,4,1.41E-03
2023,6,6,9,16,4,1.78E-05
2023,6,6,9,1,4,0.000364296
2023,6,6,11,16,4,0.00015149
2023,6,6,11,1,4,2.10E-03
2023,6,7,6,1,4,2.66E-04
2023,6,7,7,16,4,6.79E-05
2023,6,7,7,1,4,5.01E-04
2023,6,7,8,1,4,1.16E-03
2023,6,7,9,16,4,4.75E-04
2023,6,7,9,1,4,0.002265722
2023,6,7,10,1,4,1.40E-04
2023,6,7,11,1,4,1.84E-05
2023,6,7,1,16,4,2.67E-04
2023,6,7,1,1,4,0.003090787
2023,6,7,2,16,4,4.76E-05
2023,6,7,2,1,4,0.00053943
2023,6,7,3,1,4,5.40E-05
2023,6,7,4,1,4,3.25E-05
2023,6,8,6,1,4,3.69E-04
2023,6,8,7,3,4,1.56E-06
2023,6,8,7,1,4,1.21E-03
2023,6,8,8,1,4,1.31E-03
2023,6,8,9,16,4,4.23E-04
2023,6,8,9,1,4,1.51E-03
2023,6,8,10,1,4,0.000371304
2023,6,8,11,3,4,2.78E-05
2023,6,8,11,16,4,4.60E-05
2023,6,8,11,1,4,2.82E-03
2023,6,8,1,16,4,1.17E-05
2023,6,8,1,1,4,5.59E-04
2023,6,8,2,1,4,1.19E-05
2023,6,8,3,1,4,3.35E-05
2023,6,8,4,1,4,2.10E-04
2023,6,8,5,1,4,6.04E-06
2023,7,1,2,1,4,7.70E-05
2023,7,1,3,1,4,5.90E-06
2023,7,1,5,1,4,0.000144385
2023,7,1,7,16,4,7.16E-04
2023,7,1,7,1,4,9.53E-04
2023,7,1,8,1,4,0.003101399
2023,7,1,9,1,4,3.94E-03
2023,7,1,11,1,4,8.00E-05
2023,7,2,1,1,4,1.26E-04
2023,7,2,2,1,4,1.24E-05
2023,7,2,3,1,4,6.69E-05
2023,7,2,4,1,4,0.000342322
2023,7,2,5,1,4,1.75E-04
2023,7,2,6,1,4,0.008158158
2023,7,2,7,3,4,1.28E-02
2023,7,2,7,16,4,1.71E-04
2023,7,2,7,1,4,7.51E-03
2023,7,2,8,3,4,4.94E-05
2023,7,2,8,1,4,1.30E-02
2023,7,2,9,16,4,4.87E-05
2023,7,2,9,1,4,3.50E-03
2023,7,2,11,3,4,9.58E-07
2023,7,2,11,16,4,1.95E-03
2023,7,2,11,1,4,8.06E-03
2023,7,3,7,1,4,1.46E-03
2023,7,3,10,1,4,1.32E-04
2023,7,3,1,1,4,0.000722376
2023,7,3,2,16,4,3.29E-04
2023,7,3,2,1,4,1.32E-03
2023,7,3,3,1,4,2.34E-04
2023,7,3,4,1,4,0.000753002
2023,7,3,5,1,4,7.83E-05
2023,7,4,1,16,4,8.28E-05
2023,7,4,1,1,4,6.81E-03
2023,7,4,2,16,4,8.41E-04
2023,7,4,2,1,4,0.00189987
2023,7,4,3,1,4,4.27E-05
2023,7,4,4,16,4,6.25E-05
2023,7,4,4,1,4,0.000800013
2023,7,4,5,3,4,3.02E-05
2023,7,4,5,16,4,5.21E-06
2023,7,4,5,1,4,3.16E-04
2023,7,4,6,1,4,1.20E-03
2023,7,4,9,16,4,7.58E-04
2023,7,4,9,1,4,5.51E-04
2023,7,4,10,1,4,4.82E-05
2023,7,5,6,1,4,0.000193902
2023,7,5,7,1,4,0.000774488
2023,7,5,9,1,4,0.000476949
2023,7,5,11,1,4,6.82E-04
2023,7,5,1,16,4,6.95E-05
2023,7,5,1,1,4,0.001904795
2023,7,5,2,16,4,4.41E-05
2023,7,5,2,1,4,5.27E-04
2023,7,5,3,1,4,1.88E-05
2023,7,5,4,1,4,1.65E-04
2023,7,5,5,1,4,6.16E-04
2023,7,6,2,1,4,2.24E-05
2023,7,6,4,1,4,0.000141423
2023,7,6,5,1,4,3.66E-04
2023,7,6,7,1,4,5.43E-04
2023,7,6,8,1,4,4.13E-03
2023,7,6,9,16,4,3.56E-05
2023,7,6,9,1,4,9.21E-04
2023,7,6,11,16,4,0.000400817
2023,7,6,11,1,4,0.006024792
2023,7,7,6,1,4,0.00080759
2023,7,7,7,16,4,0.000112152
2023,7,7,7,1,4,1.20E-03
2023,7,7,8,1,4,1.75E-03
2023,7,7,9,16,4,0.001210597
2023,7,7,9,1,4,4.31E-03
2023,7,7,10,1,4,0.000379298
2023,7,7,11,1,4,7.94E-05
2023,7,7,1,16,4,0.000443025
2023,7,7,1,1,4,0.006487304
2023,7,7,2,16,4,1.13E-04
2023,7,7,2,1,4,1.53E-03
2023,7,7,3,1,4,2.19E-04
2023,7,7,4,1,4,7.18E-05
2023,7,8,6,1,4,8.54E-04
2023,7,8,7,3,4,2.15E-06
2023,7,8,7,1,4,2.31E-03
2023,7,8,8,1,4,2.67E-03
2023,7,8,9,16,4,8.28E-04
2023,7,8,9,1,4,4.06E-03
2023,7,8,10,1,4,9.76E-04
2023,7,8,11,3,4,6.34E-05
2023,7,8,11,16,4,2.23E-04
2023,7,8,11,1,4,9.16E-03
2023,7,8,1,16,4,8.77E-06
2023,7,8,1,1,4,1.61E-03
2023,7,8,2,1,4,3.77E-05
2023,7,8,3,1,4,1.88E-04
2023,7,8,4,1,4,0.00093561
2023,7,8,5,1,4,5.99E-05
2023,8,1,2,1,4,5.79E-05
2023,8,1,3,1,4,1.17E-05
2023,8,1,5,1,4,3.86E-04
2023,8,1,7,16,4,0.000627191
2023,8,1,7,1,4,8.14E-04
2023,8,1,8,1,4,1.31E-03
2023,8,1,9,1,4,3.20E-03
2023,8,1,11,1,4,1.30E-04
2023,8,2,1,1,4,8.24E-05
2023,8,2,2,1,4,2.69E-05
2023,8,2,3,1,4,5.91E-05
2023,8,2,4,1,4,2.20E-04
2023,8,2,5,16,4,9.98E-07
2023,8,2,5,1,4,1.67E-04
2023,8,2,6,1,4,4.51E-03
2023,8,2,7,3,4,4.24E-03
2023,8,2,7,16,4,3.84E-05
2023,8,2,7,1,4,4.75E-03
2023,8,2,8,3,4,2.40E-05
2023,8,2,8,1,4,6.99E-03
2023,8,2,9,16,4,2.53E-05
2023,8,2,9,1,4,2.33E-03
2023,8,2,11,3,4,2.89E-07
2023,8,2,11,16,4,1.49E-03
2023,8,2,11,1,4,6.24E-03
2023,8,3,7,1,4,8.89E-04
2023,8,3,10,1,4,1.68E-04
2023,8,3,1,1,4,2.34E-04
2023,8,3,2,16,4,1.50E-04
2023,8,3,2,1,4,3.70E-04
2023,8,3,3,1,4,1.89E-04
2023,8,3,4,1,4,3.08E-04
2023,8,3,5,1,4,7.06E-05
2023,8,4,1,16,4,9.55E-05
2023,8,4,1,1,4,3.74E-03
2023,8,4,2,16,4,4.68E-04
2023,8,4,2,1,4,9.70E-04
2023,8,4,3,1,4,3.84E-05
2023,8,4,4,16,4,3.95E-05
2023,8,4,4,1,4,3.78E-04
2023,8,4,5,3,4,1.06E-04
2023,8,4,5,1,4,4.59E-04
2023,8,4,6,1,4,7.68E-04
2023,8,4,9,16,4,5.49E-04
2023,8,4,9,1,4,3.42E-04
2023,8,4,10,1,4,8.53E-05
2023,8,5,6,1,4,3.25E-04
2023,8,5,7,1,4,8.12E-04
2023,8,5,9,1,4,3.42E-04
2023,8,5,11,1,4,9.13E-04
2023,8,5,1,16,4,6.70E-05
2023,8,5,1,1,4,7.56E-04
2023,8,5,2,16,4,1.37E-05
2023,8,5,2,1,4,3.05E-04
2023,8,5,3,1,4,1.19E-05
2023,8,5,4,1,4,7.66E-05
2023,8,5,5,1,4,3.96E-04
2023,8,6,2,1,4,2.83E-05
2023,8,6,4,1,4,1.70E-04
2023,8,6,5,16,4,1.25E-05
2023,8,6,5,1,4,1.15E-03
2023,8,6,7,1,4,3.86E-04
2023,8,6,8,1,4,1.66E-03
2023,8,6,9,16,4,3.95E-06
2023,8,6,9,1,4,2.94E-04
2023,8,6,11,16,4,4.76E-04
2023,8,6,11,1,4,3.78E-03
2023,8,7,6,1,4,5.37E-04
2023,8,7,7,16,4,1.84E-04
2023,8,7,7,1,4,1.29E-03
2023,8,7,8,1,4,2.39E-03
2023,8,7,9,16,4,1.26E-03
2023,8,7,9,1,4,4.08E-03
2023,8,7,10,1,4,1.81E-04
2023,8,7,11,1,4,4.26E-05
2023,8,7,1,16,4,3.39E-04
2023,8,7,1,1,4,2.68E-03
2023,8,7,2,16,4,4.17E-05
2023,8,7,2,1,4,6.27E-04
2023,8,7,3,1,4,1.78E-04
2023,8,7,4,1,4,3.31E-05
2023,8,8,6,1,4,8.63E-04
2023,8,8,7,3,4,2.21E-06
2023,8,8,7,1,4,1.63E-03
2023,8,8,8,1,4,1.86E-03
2023,8,8,9,16,4,7.82E-04
2023,8,8,9,1,4,2.42E-03
2023,8,8,10,1,4,6.17E-04
2023,8,8,11,3,4,1.54E-05
2023,8,8,11,16,4,1.73E-04
2023,8,8,11,1,4,6.36E-03
2023,8,8,1,16,4,3.90E-06
2023,8,8,1,1,4,4.42E-04
2023,8,8,2,1,4,1.98E-05
2023,8,8,3,1,4,5.61E-05
2023,8,8,4,1,4,3.00E-04
2023,8,8,5,1,4,2.06E-04
2023,9,1,2,1,4,5.31E-05
2023,9,1,3,1,4,1.37E-05
2023,9,1,5,1,4,2.90E-04
2023,9,1,7,16,4,1.38E-03
2023,9,1,7,1,4,5.89E-04
2023,9,1,8,1,4,1.44E-03
2023,9,1,9,1,4,6.03E-03
2023,9,1,11,1,4,1.03E-04
2023,9,2,1,1,4,5.49E-05
2023,9,2,2,1,4,2.69E-05
2023,9,2,3,1,4,1.63E-04
2023,9,2,4,1,4,3.61E-04
2023,9,2,5,16,4,9.98E-07
2023,9,2,5,1,4,2.70E-04
2023,9,2,6,1,4,3.02E-03
2023,9,2,7,3,4,3.58E-03
2023,9,2,7,16,4,1.45E-04
2023,9,2,7,1,4,5.91E-03
2023,9,2,8,3,4,1.88E-05
2023,9,2,8,1,4,5.86E-03
2023,9,2,9,16,4,8.38E-05
2023,9,2,9,1,4,2.37E-03
2023,9,2,11,3,4,4.20E-07
2023,9,2,11,16,4,1.68E-03
2023,9,2,11,1,4,4.18E-03
2023,9,3,7,1,4,1.71E-03
2023,9,3,10,1,4,6.66E-04
2023,9,3,1,1,4,2.75E-04
2023,9,3,2,16,4,6.61E-04
2023,9,3,2,1,4,1.12E-03
2023,9,3,3,1,4,3.24E-04
2023,9,3,4,1,4,1.03E-03
2023,9,3,5,1,4,1.44E-04
2023,9,4,1,16,4,1.64E-04
2023,9,4,1,1,4,3.56E-03
2023,9,4,2,16,4,1.06E-03
2023,9,4,2,1,4,1.61E-03
2023,9,4,3,1,4,6.84E-05
2023,9,4,4,16,4,1.51E-04
2023,9,4,4,1,4,9.73E-04
2023,9,4,5,3,4,2.27E-05
2023,9,4,5,16,4,3.13E-06
2023,9,4,5,1,4,4.45E-04
2023,9,4,6,1,4,7.61E-04
2023,9,4,9,16,4,1.22E-03
2023,9,4,9,1,4,8.11E-04
2023,9,4,10,1,4,3.67E-04
2023,9,5,6,1,4,3.05E-04
2023,9,5,7,1,4,6.22E-04
2023,9,5,9,1,4,3.16E-04
2023,9,5,11,1,4,6.59E-04
2023,9,5,1,16,4,3.19E-04
2023,9,5,1,1,4,9.31E-04
2023,9,5,2,16,4,5.48E-05
2023,9,5,2,1,4,6.71E-04
2023,9,5,3,1,4,6.94E-05
2023,9,5,4,1,4,8.86E-05
2023,9,5,5,1,4,1.24E-03
2023,9,6,2,1,4,5.07E-05
2023,9,6,4,1,4,1.41E-04
2023,9,6,5,16,4,2.78E-06
2023,9,6,5,1,4,4.75E-04
2023,9,6,7,1,4,1.98E-04
2023,9,6,8,1,4,2.08E-03
2023,9,6,9,16,4,7.91E-06
2023,9,6,9,1,4,7.93E-04
2023,9,6,11,16,4,4.05E-04
2023,9,6,11,1,4,4.23E-03
2023,9,7,6,1,4,6.75E-04
2023,9,7,7,16,4,1.56E-04
2023,9,7,7,1,4,1.12E-03
2023,9,7,8,1,4,1.37E-03
2023,9,7,9,16,4,2.34E-03
2023,9,7,9,1,4,4.43E-03
2023,9,7,10,1,4,6.69E-04
2023,9,7,11,1,4,6.87E-05
2023,9,7,1,16,4,4.63E-04
2023,9,7,1,1,4,3.93E-03
2023,9,7,2,16,4,1.16E-04
2023,9,7,2,1,4,1.08E-03
2023,9,7,3,1,4,2.75E-04
2023,9,7,4,1,4,2.10E-04
2023,9,8,6,1,4,4.72E-04
2023,9,8,7,3,4,3.90E-07
2023,9,8,7,1,4,1.66E-03
2023,9,8,8,1,4,1.44E-03
2023,9,8,9,16,4,1.06E-03
2023,9,8,9,1,4,3.02E-03
2023,9,8,10,1,4,1.51E-03
2023,9,8,11,3,4,2.85E-05
2023,9,8,11,16,4,4.63E-04
2023,9,8,11,1,4,1.12E-02
2023,9,8,1,16,4,1.36E-05
2023,9,8,1,1,4,4.53E-04
2023,9,8,2,1,4,6.86E-05
2023,9,8,3,1,4,1.91E-04
2023,9,8,4,1,4,1.06E-03
2023,9,8,5,1,4,1.55E-04
2023,1,1,2,1,5,4.20E-07
2023,1,1,3,1,5,1.55E-07
2023,1,1,5,1,5,2.19E-06
2023,1,1,7,16,5,9.22E-06
2023,1,1,7,1,5,1.36E-05
2023,1,1,8,1,5,2.66E-05
2023,1,1,9,1,5,6.80E-05
2023,1,1,11,1,5,2.45E-06
2023,1,2,1,1,5,1.21E-07
2023,1,2,2,1,5,5.44E-08
2023,1,2,3,1,5,9.87E-07
2023,1,2,4,1,5,4.30E-06
2023,1,2,5,1,5,4.07E-06
2023,1,2,6,1,5,7.34E-05
2023,1,2,7,3,5,6.69E-05
2023,1,2,7,16,5,5.61E-08
2023,1,2,7,1,5,1.08E-04
2023,1,2,8,3,5,4.49E-07
2023,1,2,8,1,5,1.44E-04
2023,1,2,9,16,5,5.64E-07
2023,1,2,9,1,5,5.77E-05
2023,1,2,11,3,5,2.99E-08
2023,1,2,11,16,5,3.48E-05
2023,1,2,11,1,5,9.26E-05
2023,1,3,7,1,5,4.43E-05
2023,1,3,10,1,5,9.14E-06
2023,1,3,1,1,5,3.30E-06
2023,1,3,2,16,5,3.95E-06
2023,1,3,2,1,5,1.45E-05
2023,1,3,3,1,5,3.29E-06
2023,1,3,4,1,5,1.33E-05
2023,1,3,5,1,5,1.42E-06
2023,1,4,1,16,5,1.42E-06
2023,1,4,1,1,5,5.77E-05
2023,1,4,2,16,5,1.24E-05
2023,1,4,2,1,5,2.10E-05
2023,1,4,3,1,5,1.43E-06
2023,1,4,4,16,5,6.81E-07
2023,1,4,4,1,5,1.96E-05
2023,1,4,5,3,5,4.24E-07
2023,1,4,5,16,5,1.10E-07
2023,1,4,5,1,5,6.46E-06
2023,1,4,6,1,5,5.22E-05
2023,1,4,9,16,5,2.84E-05
2023,1,4,9,1,5,2.11E-05
2023,1,4,10,1,5,2.86E-06
2023,1,5,6,1,5,4.61E-06
2023,1,5,7,1,5,1.25E-05
2023,1,5,9,1,5,2.76E-06
2023,1,5,11,1,5,1.24E-05
2023,1,5,1,16,5,3.11E-06
2023,1,5,1,1,5,1.26E-05
2023,1,5,2,16,5,5.15E-07
2023,1,5,2,1,5,9.30E-06
2023,1,5,3,1,5,2.61E-07
2023,1,5,4,1,5,8.46E-07
2023,1,5,5,1,5,1.12E-05
2023,1,6,2,1,5,1.54E-07
2023,1,6,4,1,5,1.42E-06
2023,1,6,5,16,5,7.32E-08
2023,1,6,5,1,5,4.54E-06
2023,1,6,7,1,5,3.35E-06
2023,1,6,8,1,5,5.95E-05
2023,1,6,9,1,5,7.02E-06
2023,1,6,11,16,5,4.21E-06
2023,1,6,11,1,5,8.21E-05
2023,1,7,6,1,5,2.10E-05
2023,1,7,7,16,5,7.40E-06
2023,1,7,7,1,5,3.59E-05
2023,1,7,8,1,5,5.49E-05
2023,1,7,9,16,5,2.67E-05
2023,1,7,9,1,5,1.45E-04
2023,1,7,10,1,5,8.82E-06
2023,1,7,11,1,5,1.93E-06
2023,1,7,1,16,5,3.07E-06
2023,1,7,1,1,5,2.85E-05
2023,1,7,2,16,5,1.02E-07
2023,1,7,2,1,5,1.14E-05
2023,1,7,3,1,5,2.46E-06
2023,1,7,4,1,5,3.24E-07
2023,1,8,6,1,5,1.40E-05
2023,1,8,7,3,5,2.74E-08
2023,1,8,7,1,5,3.28E-05
2023,1,8,8,1,5,4.16E-05
2023,1,8,9,16,5,2.23E-05
2023,1,8,9,1,5,7.70E-05
2023,1,8,10,1,5,3.05E-05
2023,1,8,11,3,5,1.44E-06
2023,1,8,11,16,5,3.54E-06
2023,1,8,11,1,5,2.35E-04
2023,1,8,1,1,5,5.21E-06
2023,1,8,3,1,5,5.19E-08
2023,1,8,4,1,5,4.72E-06
2023,1,8,5,1,5,8.76E-07
2023,2,1,2,1,5,1.84E-06
2023,2,1,3,1,5,8.24E-07
2023,2,1,5,1,5,6.83E-06
2023,2,1,7,16,5,2.59E-05
2023,2,1,7,1,5,3.71E-05
2023,2,1,8,1,5,4.81E-05
2023,2,1,9,1,5,1.00E-04
2023,2,1,11,1,5,2.71E-06
2023,2,2,1,1,5,1.36E-06
2023,2,2,2,1,5,6.53E-07
2023,2,2,3,1,5,4.86E-06
2023,2,2,4,1,5,1.41E-05
2023,2,2,5,1,5,1.21E-05
2023,2,2,6,1,5,2.51E-04
2023,2,2,7,3,5,1.35E-04
2023,2,2,7,16,5,8.42E-07
2023,2,2,7,1,5,1.57E-04
2023,2,2,8,3,5,1.12E-06
2023,2,2,8,1,5,2.60E-04
2023,2,2,9,16,5,6.28E-07
2023,2,2,9,1,5,1.15E-04
2023,2,2,11,3,5,2.84E-08
2023,2,2,11,16,5,5.30E-05
2023,2,2,11,1,5,1.68E-04
2023,2,3,7,1,5,1.39E-04
2023,2,3,10,1,5,2.26E-05
2023,2,3,1,1,5,1.81E-05
2023,2,3,2,16,5,1.03E-05
2023,2,3,2,1,5,3.25E-05
2023,2,3,3,1,5,1.77E-05
2023,2,3,4,1,5,4.87E-05
2023,2,3,5,1,5,7.28E-06
2023,2,4,1,16,5,5.40E-06
2023,2,4,1,1,5,3.23E-04
2023,2,4,2,16,5,4.93E-05
2023,2,4,2,1,5,1.22E-04
2023,2,4,3,1,5,2.56E-06
2023,2,4,4,16,5,1.51E-06
2023,2,4,4,1,5,4.93E-05
2023,2,4,5,3,5,1.38E-06
2023,2,4,5,16,5,5.49E-08
2023,2,4,5,1,5,1.75E-05
2023,2,4,6,1,5,1.04E-04
2023,2,4,9,16,5,7.31E-05
2023,2,4,9,1,5,4.32E-05
2023,2,4,10,1,5,1.11E-05
2023,2,5,6,1,5,7.82E-06
2023,2,5,7,1,5,2.49E-05
2023,2,5,9,1,5,5.62E-06
2023,2,5,11,1,5,1.83E-05
2023,2,5,1,16,5,7.26E-06
2023,2,5,1,1,5,4.19E-05
2023,2,5,2,16,5,1.96E-06
2023,2,5,2,1,5,3.75E-05
2023,2,5,3,1,5,9.39E-07
2023,2,5,4,1,5,4.30E-06
2023,2,5,5,1,5,4.74E-05
2023,2,6,2,1,5,5.13E-07
2023,2,6,4,1,5,5.02E-06
2023,2,6,5,16,5,1.46E-07
2023,2,6,5,1,5,1.80E-05
2023,2,6,7,1,5,1.08E-05
2023,2,6,8,1,5,1.33E-04
2023,2,6,9,16,5,5.20E-08
2023,2,6,9,1,5,1.97E-05
2023,2,6,11,16,5,8.14E-06
2023,2,6,11,1,5,2.00E-04
2023,2,7,6,1,5,7.08E-05
2023,2,7,7,16,5,2.25E-05
2023,2,7,7,1,5,1.09E-04
2023,2,7,8,1,5,1.77E-04
2023,2,7,9,16,5,1.01E-04
2023,2,7,9,1,5,4.75E-04
2023,2,7,10,1,5,6.91E-05
2023,2,7,11,1,5,6.26E-06
2023,2,7,1,16,5,1.32E-05
2023,2,7,1,1,5,1.46E-04
2023,2,7,2,16,5,4.09E-07
2023,2,7,2,1,5,3.58E-05
2023,2,7,3,1,5,8.23E-06
2023,2,7,4,1,5,1.24E-06
2023,2,8,6,1,5,5.04E-05
2023,2,8,7,3,5,1.30E-07
2023,2,8,7,1,5,1.32E-04
2023,2,8,8,1,5,1.26E-04
2023,2,8,9,16,5,5.64E-05
2023,2,8,9,1,5,2.38E-04
2023,2,8,10,1,5,7.85E-05
2023,2,8,11,3,5,3.37E-06
2023,2,8,11,16,5,1.27E-05
2023,2,8,11,1,5,6.15E-04
2023,2,8,1,16,5,5.13E-08
2023,2,8,1,1,5,2.60E-05
2023,2,8,2,1,5,1.04E-07
2023,2,8,3,1,5,7.77E-07
2023,2,8,4,1,5,1.47E-05
2023,2,8,5,1,5,3.43E-06
2023,3,1,2,1,5,2.47E-06
2023,3,1,3,1,5,5.15E-07
2023,3,1,5,1,5,1.02E-05
2023,3,1,7,16,5,4.15E-05
2023,3,1,7,1,5,7.55E-05
2023,3,1,8,1,5,1.12E-04
2023,3,1,9,1,5,1.85E-04
2023,3,1,11,1,5,8.23E-06
2023,3,2,1,1,5,4.12E-06
2023,3,2,2,1,5,9.79E-07
2023,3,2,3,1,5,4.43E-06
2023,3,2,4,1,5,2.05E-05
2023,3,2,5,1,5,1.08E-05
2023,3,2,6,1,5,4.60E-04
2023,3,2,7,3,5,3.22E-04
2023,3,2,7,16,5,4.38E-06
2023,3,2,7,1,5,2.75E-04
2023,3,2,8,3,5,1.88E-06
2023,3,2,8,1,5,5.22E-04
2023,3,2,9,16,5,3.85E-07
2023,3,2,9,1,5,1.44E-04
2023,3,2,11,3,5,5.30E-08
2023,3,2,11,16,5,9.75E-05
2023,3,2,11,1,5,3.22E-04
2023,3,3,7,1,5,1.39E-04
2023,3,3,10,1,5,1.88E-05
2023,3,3,1,1,5,3.17E-05
2023,3,3,2,16,5,2.03E-05
2023,3,3,2,1,5,4.16E-05
2023,3,3,3,1,5,2.32E-05
2023,3,3,4,1,5,4.23E-05
2023,3,3,5,1,5,5.21E-06
2023,3,4,1,16,5,7.53E-06
2023,3,4,1,1,5,4.07E-04
2023,3,4,2,16,5,6.53E-05
2023,3,4,2,1,5,8.92E-05
2023,3,4,3,1,5,3.55E-06
2023,3,4,4,16,5,3.86E-06
2023,3,4,4,1,5,5.25E-05
2023,3,4,5,3,5,3.41E-06
2023,3,4,5,16,5,3.84E-07
2023,3,4,5,1,5,2.50E-05
2023,3,4,6,1,5,2.17E-04
2023,3,4,9,16,5,5.04E-05
2023,3,4,9,1,5,6.59E-05
2023,3,4,10,1,5,3.77E-06
2023,3,5,6,1,5,1.66E-05
2023,3,5,7,1,5,4.94E-05
2023,3,5,9,1,5,8.56E-06
2023,3,5,11,1,5,5.06E-05
2023,3,5,1,16,5,5.56E-06
2023,3,5,1,1,5,7.91E-05
2023,3,5,2,16,5,3.09E-06
2023,3,5,2,1,5,4.84E-05
2023,3,5,3,1,5,3.60E-06
2023,3,5,4,1,5,9.44E-06
2023,3,5,5,1,5,3.70E-05
2023,3,6,2,1,5,1.08E-06
2023,3,6,4,1,5,9.26E-06
2023,3,6,5,16,5,2.19E-07
2023,3,6,5,1,5,3.22E-05
2023,3,6,7,1,5,1.90E-05
2023,3,6,8,1,5,0.000158725
2023,3,6,9,16,5,5.20E-08
2023,3,6,9,1,5,2.51E-05
2023,3,6,11,16,5,1.40E-05
2023,3,6,11,1,5,3.03E-04
2023,3,7,6,1,5,1.75E-04
2023,3,7,7,16,5,3.82E-05
2023,3,7,7,1,5,2.38E-04
2023,3,7,8,1,5,3.33E-04
2023,3,7,9,16,5,1.47E-04
2023,3,7,9,1,5,5.02E-04
2023,3,7,10,1,5,4.14E-05
2023,3,7,11,1,5,1.75E-05
2023,3,7,1,16,5,3.62E-05
2023,3,7,1,1,5,2.83E-04
2023,3,7,2,16,5,7.66E-07
2023,3,7,2,1,5,4.04E-05
2023,3,7,3,1,5,1.90E-05
2023,3,7,4,1,5,6.13E-06
2023,3,8,6,1,5,9.57E-05
2023,3,8,7,3,5,1.03E-07
2023,3,8,7,1,5,2.03E-04
2023,3,8,8,1,5,2.78E-04
2023,3,8,9,16,5,7.76E-05
2023,3,8,9,1,5,3.32E-04
2023,3,8,10,1,5,1.02E-04
2023,3,8,11,3,5,5.03E-06
2023,3,8,11,16,5,1.17E-05
2023,3,8,11,1,5,7.88E-04
2023,3,8,1,16,5,2.05E-07
2023,3,8,1,1,5,4.45E-05
2023,3,8,2,1,5,3.66E-07
2023,3,8,3,1,5,1.39E-06
2023,3,8,4,1,5,1.72E-05
2023,3,8,5,1,5,2.63E-06
2023,4,1,2,1,5,6.85E-07
2023,4,1,3,1,5,2.57E-07
2023,4,1,5,1,5,2.17E-06
2023,4,1,7,16,5,3.18E-05
2023,4,1,7,1,5,5.29E-05
2023,4,1,8,1,5,6.20E-05
2023,4,1,9,1,5,6.37E-05
2023,4,1,11,1,5,3.42E-06
2023,4,2,1,1,5,1.22E-06
2023,4,2,2,1,5,3.81E-07
2023,4,2,3,1,5,1.96E-06
2023,4,2,4,1,5,5.35E-06
2023,4,2,5,1,5,2.94E-06
2023,4,2,6,1,5,3.86E-04
2023,4,2,7,3,5,2.54E-04
2023,4,2,7,16,5,1.40E-06
2023,4,2,7,1,5,2.14E-04
2023,4,2,8,3,5,1.86E-06
2023,4,2,8,1,5,4.12E-04
2023,4,2,9,1,5,1.33E-04
2023,4,2,11,3,5,6.00E-08
2023,4,2,11,16,5,6.32E-05
2023,4,2,11,1,5,3.15E-04
2023,4,3,7,1,5,7.42E-05
2023,4,3,10,1,5,1.09E-05
2023,4,3,1,1,5,1.07E-05
2023,4,3,2,16,5,7.32E-06
2023,4,3,2,1,5,1.89E-05
2023,4,3,3,1,5,8.90E-06
2023,4,3,4,1,5,1.12E-05
2023,4,3,5,1,5,1.52E-06
2023,4,4,1,16,5,1.73E-06
2023,4,4,1,1,5,2.03E-04
2023,4,4,2,16,5,2.34E-05
2023,4,4,2,1,5,3.68E-05
2023,4,4,3,1,5,1.13E-06
2023,4,4,4,16,5,9.36E-07
2023,4,4,4,1,5,1.49E-05
2023,4,4,5,3,5,1.03E-06
2023,4,4,5,1,5,7.19E-06
2023,4,4,6,1,5,1.14E-04
2023,4,4,9,16,5,2.22E-05
2023,4,4,9,1,5,1.67E-05
2023,4,4,10,1,5,1.04E-06
2023,4,5,6,1,5,6.09E-06
2023,4,5,7,1,5,2.25E-05
2023,4,5,9,1,5,4.86E-06
2023,4,5,11,1,5,2.47E-05
2023,4,5,1,16,5,1.22E-06
2023,4,5,1,1,5,3.23E-05
2023,4,5,2,16,5,6.19E-07
2023,4,5,2,1,5,1.21E-05
2023,4,5,3,1,5,5.74E-07
2023,4,5,4,1,5,1.56E-06
2023,4,5,5,1,5,7.21E-06
2023,4,6,2,1,5,5.13E-07
2023,4,6,4,1,5,3.72E-06
2023,4,6,5,1,5,1.06E-05
2023,4,6,7,1,5,1.20E-05
2023,4,6,8,1,5,1.23E-04
2023,4,6,9,16,5,5.20E-08
2023,4,6,9,1,5,1.26E-05
2023,4,6,11,16,5,7.36E-06
2023,4,6,11,1,5,1.81E-04
2023,4,7,6,1,5,4.44E-05
2023,4,7,7,16,5,8.03E-06
2023,4,7,7,1,5,7.35E-05
2023,4,7,8,1,5,1.51E-04
2023,4,7,9,16,5,3.88E-05
2023,4,7,9,1,5,2.20E-04
2023,4,7,10,1,5,1.33E-05
2023,4,7,11,1,5,3.56E-06
2023,4,7,1,16,5,8.52E-06
2023,4,7,1,1,5,1.35E-04
2023,4,7,2,16,5,5.11E-07
2023,4,7,2,1,5,1.43E-05
2023,4,7,3,1,5,1.35E-05
2023,4,7,4,1,5,1.03E-06
2023,4,8,6,1,5,3.96E-05
2023,4,8,7,3,5,4.11E-08
2023,4,8,7,1,5,9.56E-05
2023,4,8,8,1,5,1.56E-04
2023,4,8,9,16,5,2.65E-05
2023,4,8,9,1,5,1.22E-04
2023,4,8,10,1,5,3.75E-05
2023,4,8,11,3,5,1.56E-06
2023,4,8,11,16,5,4.95E-06
2023,4,8,11,1,5,3.10E-04
2023,4,8,1,16,5,6.15E-07
2023,4,8,1,1,5,2.54E-05
2023,4,8,2,1,5,5.22E-08
2023,4,8,3,1,5,2.07E-07
2023,4,8,4,1,5,6.32E-06
2023,4,8,5,1,5,1.27E-06
2023,5,1,2,1,5,2.37E-06
2023,5,1,3,1,5,1.39E-06
2023,5,1,5,1,5,1.94E-05
2023,5,1,7,16,5,1.18E-04
2023,5,1,7,1,5,1.02E-04
2023,5,1,8,1,5,1.55E-04
2023,5,1,9,1,5,3.16E-04
2023,5,1,11,1,5,3.89E-06
2023,5,2,1,1,5,5.59E-06
2023,5,2,2,1,5,1.09E-06
2023,5,2,3,1,5,7.60E-06
2023,5,2,4,1,5,2.60E-05
2023,5,2,5,1,5,2.27E-05
2023,5,2,6,1,5,5.21E-04
2023,5,2,7,3,5,6.45E-04
2023,5,2,7,16,5,9.82E-06
2023,5,2,7,1,5,5.20E-04
2023,5,2,8,3,5,2.40E-06
2023,5,2,8,1,5,7.45E-04
2023,5,2,9,16,5,2.62E-06
2023,5,2,9,1,5,3.00E-04
2023,5,2,11,3,5,9.08E-08
2023,5,2,11,16,5,1.33E-04
2023,5,2,11,1,5,4.51E-04
2023,5,3,7,1,5,2.00E-04
2023,5,3,10,1,5,3.17E-05
2023,5,3,1,1,5,5.85E-05
2023,5,3,2,16,5,2.90E-05
2023,5,3,2,1,5,1.19E-04
2023,5,3,3,1,5,2.01E-05
2023,5,3,4,1,5,7.19E-05
2023,5,3,5,1,5,8.71E-06
2023,5,4,1,16,5,5.40E-06
2023,5,4,1,1,5,5.26E-04
2023,5,4,2,16,5,8.01E-05
2023,5,4,2,1,5,1.57E-04
2023,5,4,3,1,5,5.52E-06
2023,5,4,4,16,5,4.94E-06
2023,5,4,4,1,5,6.37E-05
2023,5,4,5,3,5,3.00E-06
2023,5,4,5,16,5,3.84E-07
2023,5,4,5,1,5,3.07E-05
2023,5,4,6,1,5,1.11E-04
2023,5,4,9,16,5,5.22E-05
2023,5,4,9,1,5,8.97E-05
2023,5,4,10,1,5,1.07E-05
2023,5,5,6,1,5,1.35E-05
2023,5,5,7,1,5,5.32E-05
2023,5,5,9,1,5,2.81E-05
2023,5,5,11,1,5,5.65E-05
2023,5,5,1,16,5,5.57E-06
2023,5,5,1,1,5,1.22E-04
2023,5,5,2,16,5,4.33E-06
2023,5,5,2,1,5,6.87E-05
2023,5,5,3,1,5,2.24E-06
2023,5,5,4,1,5,1.06E-05
2023,5,5,5,1,5,6.61E-05
2023,5,6,2,1,5,1.08E-06
2023,5,6,4,1,5,1.20E-05
2023,5,6,5,16,5,5.85E-07
2023,5,6,5,1,5,4.33E-05
2023,5,6,7,1,5,2.74E-05
2023,5,6,8,1,5,2.47E-04
2023,5,6,9,16,5,2.08E-06
2023,5,6,9,1,5,7.72E-05
2023,5,6,11,16,5,3.50E-05
2023,5,6,11,1,5,4.48E-04
2023,5,7,6,1,5,6.40E-05
2023,5,7,7,16,5,2.31E-05
2023,5,7,7,1,5,1.10E-04
2023,5,7,8,1,5,2.18E-04
2023,5,7,9,16,5,1.07E-04
2023,5,7,9,1,5,3.51E-04
2023,5,7,10,1,5,3.50E-05
2023,5,7,11,1,5,3.52E-06
2023,5,7,1,16,5,4.71E-05
2023,5,7,1,1,5,5.19E-04
2023,5,7,2,16,5,1.09E-05
2023,5,7,2,1,5,1.18E-04
2023,5,7,3,1,5,1.64E-05
2023,5,7,4,1,5,7.09E-06
2023,5,8,6,1,5,5.88E-05
2023,5,8,7,3,5,2.63E-07
2023,5,8,7,1,5,1.87E-04
2023,5,8,8,1,5,1.94E-04
2023,5,8,9,16,5,7.57E-05
2023,5,8,9,1,5,3.52E-04
2023,5,8,10,1,5,8.79E-05
2023,5,8,11,3,5,5.54E-06
2023,5,8,11,16,5,1.52E-05
2023,5,8,11,1,5,9.32E-04
2023,5,8,1,16,5,9.74E-07
2023,5,8,1,1,5,1.01E-04
2023,5,8,2,1,5,4.66E-06
2023,5,8,3,1,5,1.28E-05
2023,5,8,4,1,5,6.40E-05
2023,5,8,5,1,5,1.06E-05
2023,6,1,2,1,5,4.74E-07
2023,6,1,3,1,5,1.54E-07
2023,6,1,5,1,5,1.25E-06
2023,6,1,7,16,5,2.46E-05
2023,6,1,7,1,5,3.66E-05
2023,6,1,8,1,5,4.72E-05
2023,6,1,9,1,5,7.40E-05
2023,6,1,11,1,5,1.07E-06
2023,6,2,1,1,5,5.11E-07
2023,6,2,2,1,5,2.18E-07
2023,6,2,3,1,5,3.08E-07
2023,6,2,4,1,5,2.66E-06
2023,6,2,5,1,5,2.18E-06
2023,6,2,6,1,5,1.98E-04
2023,6,2,7,3,5,2.54E-04
2023,6,2,7,16,5,2.19E-06
2023,6,2,7,1,5,1.37E-04
2023,6,2,8,3,5,1.01E-06
2023,6,2,8,1,5,3.04E-04
2023,6,2,9,16,5,5.64E-07
2023,6,2,9,1,5,7.41E-05
2023,6,2,11,3,5,2.16E-08
2023,6,2,11,16,5,3.13E-05
2023,6,2,11,1,5,1.42E-04
2023,6,3,7,1,5,4.39E-05
2023,6,3,10,1,5,5.49E-06
2023,6,3,1,1,5,1.63E-05
2023,6,3,2,16,5,4.77E-06
2023,6,3,2,1,5,2.50E-05
2023,6,3,3,1,5,3.56E-06
2023,6,3,4,1,5,6.37E-06
2023,6,3,5,1,5,8.35E-07
2023,6,4,1,16,5,2.13E-06
2023,6,4,1,1,5,1.99E-04
2023,6,4,2,16,5,1.93E-05
2023,6,4,2,1,5,3.63E-05
2023,6,4,3,1,5,4.13E-07
2023,6,4,4,16,5,1.09E-06
2023,6,4,4,1,5,8.08E-06
2023,6,4,5,3,5,4.24E-07
2023,6,4,5,16,5,1.10E-07
2023,6,4,5,1,5,4.60E-06
2023,6,4,6,1,5,4.24E-05
2023,6,4,9,16,5,1.50E-05
2023,6,4,9,1,5,1.66E-05
2023,6,4,10,1,5,2.15E-06
2023,6,5,6,1,5,4.13E-06
2023,6,5,7,1,5,1.27E-05
2023,6,5,9,1,5,7.31E-06
2023,6,5,11,1,5,1.80E-05
2023,6,5,1,16,5,2.16E-06
2023,6,5,1,1,5,5.25E-05
2023,6,5,2,16,5,2.06E-07
2023,6,5,2,1,5,1.06E-05
2023,6,5,3,1,5,2.61E-07
2023,6,5,4,1,5,2.32E-06
2023,6,5,5,1,5,7.88E-06
2023,6,6,2,1,5,3.59E-07
2023,6,6,4,1,5,1.91E-06
2023,6,6,5,16,5,7.32E-08
2023,6,6,5,1,5,4.94E-06
2023,6,6,7,1,5,1.03E-05
2023,6,6,8,1,5,7.41E-05
2023,6,6,9,16,5,9.37E-07
2023,6,6,9,1,5,1.92E-05
2023,6,6,11,16,5,7.97E-06
2023,6,6,11,1,5,1.11E-04
2023,6,7,6,1,5,1.40E-05
2023,6,7,7,16,5,3.57E-06
2023,6,7,7,1,5,2.63E-05
2023,6,7,8,1,5,6.10E-05
2023,6,7,9,16,5,2.50E-05
2023,6,7,9,1,5,1.19E-04
2023,6,7,10,1,5,7.36E-06
2023,6,7,11,1,5,9.69E-07
2023,6,7,1,16,5,1.41E-05
2023,6,7,1,1,5,1.63E-04
2023,6,7,2,16,5,2.50E-06
2023,6,7,2,1,5,2.84E-05
2023,6,7,3,1,5,2.84E-06
2023,6,7,4,1,5,1.71E-06
2023,6,8,6,1,5,1.94E-05
2023,6,8,7,3,5,8.21E-08
2023,6,8,7,1,5,6.37E-05
2023,6,8,8,1,5,6.87E-05
2023,6,8,9,16,5,2.23E-05
2023,6,8,9,1,5,7.92E-05
2023,6,8,10,1,5,1.95E-05
2023,6,8,11,3,5,1.46E-06
2023,6,8,11,16,5,2.42E-06
2023,6,8,11,1,5,1.48E-04
2023,6,8,1,16,5,6.15E-07
2023,6,8,1,1,5,2.94E-05
2023,6,8,2,1,5,6.28E-07
2023,6,8,3,1,5,1.76E-06
2023,6,8,4,1,5,1.10E-05
2023,6,8,5,1,5,3.18E-07
2023,7,1,2,1,5,4.05E-06
2023,7,1,3,1,5,3.11E-07
2023,7,1,5,1,5,7.60E-06
2023,7,1,7,16,5,3.77E-05
2023,7,1,7,1,5,5.02E-05
2023,7,1,8,1,5,1.63E-04
2023,7,1,9,1,5,2.07E-04
2023,7,1,11,1,5,4.21E-06
2023,7,2,1,1,5,6.64E-06
2023,7,2,2,1,5,6.53E-07
2023,7,2,3,1,5,3.52E-06
2023,7,2,4,1,5,1.80E-05
2023,7,2,5,1,5,9.21E-06
2023,7,2,6,1,5,4.29E-04
2023,7,2,7,3,5,6.74E-04
2023,7,2,7,16,5,8.98E-06
2023,7,2,7,1,5,3.96E-04
2023,7,2,8,3,5,2.60E-06
2023,7,2,8,1,5,6.83E-04
2023,7,2,9,16,5,2.56E-06
2023,7,2,9,1,5,1.84E-04
2023,7,2,11,3,5,5.04E-08
2023,7,2,11,16,5,1.02E-04
2023,7,2,11,1,5,4.24E-04
2023,7,3,7,1,5,7.71E-05
2023,7,3,10,1,5,6.93E-06
2023,7,3,1,1,5,3.80E-05
2023,7,3,2,16,5,1.73E-05
2023,7,3,2,1,5,6.93E-05
2023,7,3,3,1,5,1.23E-05
2023,7,3,4,1,5,3.96E-05
2023,7,3,5,1,5,4.12E-06
2023,7,4,1,16,5,4.36E-06
2023,7,4,1,1,5,3.58E-04
2023,7,4,2,16,5,4.43E-05
2023,7,4,2,1,5,1.00E-04
2023,7,4,3,1,5,2.25E-06
2023,7,4,4,16,5,3.29E-06
2023,7,4,4,1,5,4.21E-05
2023,7,4,5,3,5,1.59E-06
2023,7,4,5,16,5,2.74E-07
2023,7,4,5,1,5,1.66E-05
2023,7,4,6,1,5,6.34E-05
2023,7,4,9,16,5,3.99E-05
2023,7,4,9,1,5,2.90E-05
2023,7,4,10,1,5,2.54E-06
2023,7,5,6,1,5,1.02E-05
2023,7,5,7,1,5,4.08E-05
2023,7,5,9,1,5,2.51E-05
2023,7,5,11,1,5,3.59E-05
2023,7,5,1,16,5,3.66E-06
2023,7,5,1,1,5,1.00E-04
2023,7,5,2,16,5,2.32E-06
2023,7,5,2,1,5,2.77E-05
2023,7,5,3,1,5,9.91E-07
2023,7,5,4,1,5,8.71E-06
2023,7,5,5,1,5,3.24E-05
2023,7,6,2,1,5,1.18E-06
2023,7,6,4,1,5,7.44E-06
2023,7,6,5,1,5,1.93E-05
2023,7,6,7,1,5,2.86E-05
2023,7,6,8,1,5,2.18E-04
2023,7,6,9,16,5,1.87E-06
2023,7,6,9,1,5,4.85E-05
2023,7,6,11,16,5,2.11E-05
2023,7,6,11,1,5,3.17E-04
2023,7,7,6,1,5,4.25E-05
2023,7,7,7,16,5,5.90E-06
2023,7,7,7,1,5,6.34E-05
2023,7,7,8,1,5,9.19E-05
2023,7,7,9,16,5,6.37E-05
2023,7,7,9,1,5,2.27E-04
2023,7,7,10,1,5,2.00E-05
2023,7,7,11,1,5,4.18E-06
2023,7,7,1,16,5,2.33E-05
2023,7,7,1,1,5,3.41E-04
2023,7,7,2,16,5,5.93E-06
2023,7,7,2,1,5,8.05E-05
2023,7,7,3,1,5,1.15E-05
2023,7,7,4,1,5,3.78E-06
2023,7,8,6,1,5,4.49E-05
2023,7,8,7,3,5,1.13E-07
2023,7,8,7,1,5,1.21E-04
2023,7,8,8,1,5,1.40E-04
2023,7,8,9,16,5,4.36E-05
2023,7,8,9,1,5,2.13E-04
2023,7,8,10,1,5,5.14E-05
2023,7,8,11,3,5,3.34E-06
2023,7,8,11,16,5,1.18E-05
2023,7,8,11,1,5,4.82E-04
2023,7,8,1,16,5,4.62E-07
2023,7,8,1,1,5,8.47E-05
2023,7,8,2,1,5,1.99E-06
2023,7,8,3,1,5,9.90E-06
2023,7,8,4,1,5,4.92E-05
2023,7,8,5,1,5,3.15E-06
2023,8,1,2,1,5,3.05E-06
2023,8,1,3,1,5,6.18E-07
2023,8,1,5,1,5,2.03E-05
2023,8,1,7,16,5,3.30E-05
2023,8,1,7,1,5,4.29E-05
2023,8,1,8,1,5,6.88E-05
2023,8,1,9,1,5,1.69E-04
2023,8,1,11,1,5,6.84E-06
2023,8,2,1,1,5,4.34E-06
2023,8,2,2,1,5,1.41E-06
2023,8,2,3,1,5,3.11E-06
2023,8,2,4,1,5,1.16E-05
2023,8,2,5,16,5,5.25E-08
2023,8,2,5,1,5,8.77E-06
2023,8,2,6,1,5,0.000237603
2023,8,2,7,3,5,2.23E-04
2023,8,2,7,16,5,2.02E-06
2023,8,2,7,1,5,0.000249781
2023,8,2,8,3,5,1.26E-06
2023,8,2,8,1,5,3.68E-04
2023,8,2,9,16,5,1.33E-06
2023,8,2,9,1,5,0.000122878
2023,8,2,11,3,5,1.52E-08
2023,8,2,11,16,5,7.83E-05
2023,8,2,11,1,5,0.00032816
2023,8,3,7,1,5,4.68E-05
2023,8,3,10,1,5,8.83E-06
2023,8,3,1,1,5,1.23E-05
2023,8,3,2,16,5,7.89E-06
2023,8,3,2,1,5,1.95E-05
2023,8,3,3,1,5,9.97E-06
2023,8,3,4,1,5,1.62E-05
2023,8,3,5,1,5,3.71E-06
2023,8,4,1,16,5,5.02E-06
2023,8,4,1,1,5,0.000197052
2023,8,4,2,16,5,2.46E-05
2023,8,4,2,1,5,5.11E-05
2023,8,4,3,1,5,2.02E-06
2023,8,4,4,16,5,2.08E-06
2023,8,4,4,1,5,1.99E-05
2023,8,4,5,3,5,5.56E-06
2023,8,4,5,1,5,2.42E-05
2023,8,4,6,1,5,4.04E-05
2023,8,4,9,16,5,2.89E-05
2023,8,4,9,1,5,1.80E-05
2023,8,4,10,1,5,4.49E-06
2023,8,5,6,1,5,1.71E-05
2023,8,5,7,1,5,4.27E-05
2023,8,5,9,1,5,1.80E-05
2023,8,5,11,1,5,4.81E-05
2023,8,5,1,16,5,3.53E-06
2023,8,5,1,1,5,3.98E-05
2023,8,5,2,16,5,7.22E-07
2023,8,5,2,1,5,1.61E-05
2023,8,5,3,1,5,6.26E-07
2023,8,5,4,1,5,4.03E-06
2023,8,5,5,1,5,2.08E-05
2023,8,6,2,1,5,1.49E-06
2023,8,6,4,1,5,8.96E-06
2023,8,6,5,16,5,6.58E-07
2023,8,6,5,1,5,6.03E-05
2023,8,6,7,1,5,2.03E-05
2023,8,6,8,1,5,8.75E-05
2023,8,6,9,16,5,2.08E-07
2023,8,6,9,1,5,1.55E-05
2023,8,6,11,16,5,2.50E-05
2023,8,6,11,1,5,0.000199031
2023,8,7,6,1,5,2.83E-05
2023,8,7,7,16,5,9.68E-06
2023,8,7,7,1,5,6.79E-05
2023,8,7,8,1,5,0.000125631
2023,8,7,9,16,5,6.64E-05
2023,8,7,9,1,5,2.15E-04
2023,8,7,10,1,5,9.54E-06
2023,8,7,11,1,5,2.24E-06
2023,8,7,1,16,5,1.79E-05
2023,8,7,1,1,5,1.41E-04
2023,8,7,2,16,5,2.20E-06
2023,8,7,2,1,5,3.30E-05
2023,8,7,3,1,5,9.39E-06
2023,8,7,4,1,5,1.74E-06
2023,8,8,6,1,5,4.54E-05
2023,8,8,7,3,5,1.16E-07
2023,8,8,7,1,5,8.58E-05
2023,8,8,8,1,5,9.77E-05
2023,8,8,9,16,5,4.12E-05
2023,8,8,9,1,5,1.27E-04
2023,8,8,10,1,5,3.25E-05
2023,8,8,11,3,5,8.11E-07
2023,8,8,11,16,5,9.09E-06
2023,8,8,11,1,5,3.35E-04
2023,8,8,1,16,5,2.05E-07
2023,8,8,1,1,5,2.33E-05
2023,8,8,2,1,5,1.04E-06
2023,8,8,3,1,5,2.95E-06
2023,8,8,4,1,5,1.58E-05
2023,8,8,5,1,5,1.08E-05
2023,9,1,2,1,5,2.79E-06
2023,9,1,3,1,5,7.21E-07
2023,9,1,5,1,5,1.53E-05
2023,9,1,7,16,5,7.28E-05
2023,9,1,7,1,5,3.10E-05
2023,9,1,8,1,5,7.56E-05
2023,9,1,9,1,5,3.18E-04
2023,9,1,11,1,5,5.44E-06
2023,9,2,1,1,5,2.89E-06
2023,9,2,2,1,5,1.41E-06
2023,9,2,3,1,5,8.58E-06
2023,9,2,4,1,5,1.90E-05
2023,9,2,5,16,5,5.25E-08
2023,9,2,5,1,5,1.42E-05
2023,9,2,6,1,5,0.000158728
2023,9,2,7,3,5,1.88E-04
2023,9,2,7,16,5,7.63E-06
2023,9,2,7,1,5,3.11E-04
2023,9,2,8,3,5,9.90E-07
2023,9,2,8,1,5,3.08E-04
2023,9,2,9,16,5,4.41E-06
2023,9,2,9,1,5,1.25E-04
2023,9,2,11,3,5,2.21E-08
2023,9,2,11,16,5,8.84E-05
2023,9,2,11,1,5,0.000219862
2023,9,3,7,1,5,9.00E-05
2023,9,3,10,1,5,3.50E-05
2023,9,3,1,1,5,1.45E-05
2023,9,3,2,16,5,3.48E-05
2023,9,3,2,1,5,5.89E-05
2023,9,3,3,1,5,1.70E-05
2023,9,3,4,1,5,5.41E-05
2023,9,3,5,1,5,7.57E-06
2023,9,4,1,16,5,8.65E-06
2023,9,4,1,1,5,0.000187384
2023,9,4,2,16,5,5.56E-05
2023,9,4,2,1,5,8.47E-05
2023,9,4,3,1,5,3.60E-06
2023,9,4,4,16,5,7.93E-06
2023,9,4,4,1,5,5.12E-05
2023,9,4,5,3,5,1.20E-06
2023,9,4,5,16,5,1.65E-07
2023,9,4,5,1,5,2.34E-05
2023,9,4,6,1,5,4.00E-05
2023,9,4,9,16,5,6.40E-05
2023,9,4,9,1,5,4.27E-05
2023,9,4,10,1,5,1.93E-05
2023,9,5,6,1,5,1.61E-05
2023,9,5,7,1,5,3.27E-05
2023,9,5,9,1,5,1.66E-05
2023,9,5,11,1,5,3.47E-05
2023,9,5,1,16,5,1.68E-05
2023,9,5,1,1,5,4.90E-05
2023,9,5,2,16,5,2.89E-06
2023,9,5,2,1,5,3.53E-05
2023,9,5,3,1,5,3.65E-06
2023,9,5,4,1,5,4.67E-06
2023,9,5,5,1,5,6.51E-05
2023,9,6,2,1,5,2.67E-06
2023,9,6,4,1,5,7.44E-06
2023,9,6,5,16,5,1.46E-07
2023,9,6,5,1,5,2.50E-05
2023,9,6,7,1,5,1.04E-05
2023,9,6,8,1,5,1.09E-04
2023,9,6,9,16,5,4.16E-07
2023,9,6,9,1,5,4.17E-05
2023,9,6,11,16,5,2.13E-05
2023,9,6,11,1,5,0.000222401
2023,9,7,6,1,5,3.55E-05
2023,9,7,7,16,5,8.23E-06
2023,9,7,7,1,5,5.91E-05
2023,9,7,8,1,5,7.22E-05
2023,9,7,9,16,5,0.000123224
2023,9,7,9,1,5,2.33E-04
2023,9,7,10,1,5,3.52E-05
2023,9,7,11,1,5,3.62E-06
2023,9,7,1,16,5,2.44E-05
2023,9,7,1,1,5,2.07E-04
2023,9,7,2,16,5,6.08E-06
2023,9,7,2,1,5,5.70E-05
2023,9,7,3,1,5,1.45E-05
2023,9,7,4,1,5,1.10E-05
2023,9,8,6,1,5,2.48E-05
2023,9,8,7,3,5,2.05E-08
2023,9,8,7,1,5,8.71E-05
2023,9,8,8,1,5,7.56E-05
2023,9,8,9,16,5,5.58E-05
2023,9,8,9,1,5,1.59E-04
2023,9,8,10,1,5,7.95E-05
2023,9,8,11,3,5,1.50E-06
2023,9,8,11,16,5,2.44E-05
2023,9,8,11,1,5,5.88E-04
2023,9,8,1,16,5,7.18E-07
2023,9,8,1,1,5,2.39E-05
2023,9,8,2,1,5,3.61E-06
2023,9,8,3,1,5,1.01E-05
2023,9,8,4,1,5,5.56E-05
2023,9,8,5,1,5,8.16E-06
2024,1,1,2,1,1,0.000530977
2024,1,1,3,4,1,8.52E-05
2024,1,1,3,4,4,1.00E-05
2024,1,1,3,1,2,7.35E-06
2024,1,1,3,1,1,0.000396516
2024,1,1,4,1,1,3.47E-05
2024,1,1,5,1,1,0.000602718
2024,1,1,7,16,3,4.21E-05
2024,1,1,7,16,1,0.002427608
2024,1,1,7,1,2,1.28E-06
2024,1,1,7,1,3,7.53E-05
2024,1,1,7,1,1,0.003054073
2024,1,1,8,1,2,1.43E-05
2024,1,1,8,1,3,1.03E-05
2024,1,1,8,1,1,0.004424998
2024,1,1,9,1,2,0.000280984
2024,1,1,9,1,3,6.46E-06
2024,1,1,9,1,1,0.009557669
2024,1,1,11,16,2,3.28E-06
2024,1,1,11,16,1,0.000574389
2024,1,1,11,1,1,0.001173401
2024,1,2,1,1,2,0.000190451
2024,1,2,1,1,1,0.000397907
2024,1,2,2,1,1,0.000356495
2024,1,2,3,4,1,0.000235574
2024,1,2,3,4,4,3.06E-06
2024,1,2,3,1,2,1.32E-05
2024,1,2,3,1,1,0.001114898
2024,1,2,4,15,1,0.000563774
2024,1,2,4,15,4,6.82E-05
2024,1,2,4,1,1,0.002867047
2024,1,2,5,7,1,1.80E-05
2024,1,2,5,7,4,2.65E-06
2024,1,2,5,15,1,0.000257552
2024,1,2,5,15,4,3.80E-05
2024,1,2,5,1,1,0.000716209
2024,1,2,6,1,2,0.000126981
2024,1,2,6,1,3,4.07E-05
2024,1,2,6,1,1,0.002674213
2024,1,2,7,7,3,1.96E-06
2024,1,2,7,7,1,0.000205436
2024,1,2,7,7,4,3.33E-05
2024,1,2,7,15,3,5.92E-06
2024,1,2,7,15,1,4.98E-06
2024,1,2,7,15,4,1.18E-05
2024,1,2,7,16,2,5.95E-05
2024,1,2,7,16,3,4.76E-05
2024,1,2,7,16,1,0.000884662
2024,1,2,7,1,2,1.79E-06
2024,1,2,7,1,3,0.000223874
2024,1,2,7,1,1,0.008291387
2024,1,2,8,3,2,1.07E-07
2024,1,2,8,3,3,3.52E-07
2024,1,2,8,3,1,2.45E-05
2024,1,2,8,2,1,0.000224768
2024,1,2,8,2,4,3.88E-05
2024,1,2,8,1,2,3.56E-05
2024,1,2,8,1,3,0.000203137
2024,1,2,8,1,1,0.013540207
2024,1,2,9,1,2,1.14E-05
2024,1,2,9,1,3,1.07E-05
2024,1,2,9,1,1,0.010139233
2024,1,2,11,7,1,9.07E-05
2024,1,2,11,7,4,1.57E-05
2024,1,2,11,15,2,1.55E-06
2024,1,2,11,15,3,9.79E-06
2024,1,2,11,15,1,0.001348879
2024,1,2,11,15,4,0.00034856
2024,1,2,11,3,2,7.66E-09
2024,1,2,11,3,1,5.47E-06
2024,1,2,11,16,1,0.002290558
2024,1,2,11,2,1,0.000351454
2024,1,2,11,2,4,0.000111924
2024,1,2,11,1,2,3.13E-05
2024,1,2,11,1,1,0.00872328
2024,1,3,1,1,2,0.000280296
2024,1,3,1,1,1,0.002448696
2024,1,3,2,16,2,3.06E-06
2024,1,3,2,16,3,1.64E-05
2024,1,3,2,16,1,0.002224041
2024,1,3,2,1,2,0.001073347
2024,1,3,2,1,3,6.20E-06
2024,1,3,2,1,1,0.008988947
2024,1,3,3,1,2,0.000276942
2024,1,3,3,1,3,1.00E-06
2024,1,3,3,1,1,0.004389654
2024,1,3,4,15,1,6.10E-05
2024,1,3,4,15,4,1.91E-05
2024,1,3,4,16,1,0.000580472
2024,1,3,4,5,2,6.16E-06
2024,1,3,4,5,1,8.42E-05
2024,1,3,4,5,4,8.21E-06
2024,1,3,4,6,1,0.000275263
2024,1,3,4,6,4,1.26E-05
2024,1,3,4,1,2,0.00029221
2024,1,3,4,1,1,0.005535316
2024,1,3,5,7,1,0.000202275
2024,1,3,5,7,4,2.36E-05
2024,1,3,5,15,1,2.87E-05
2024,1,3,5,15,4,2.34E-06
2024,1,3,5,1,1,0.000282931
2024,1,4,1,4,3,1.08E-05
2024,1,4,1,4,1,5.94E-05
2024,1,4,1,4,4,7.56E-06
2024,1,4,1,7,1,0.000350169
2024,1,4,1,7,4,2.34E-06
2024,1,4,1,15,1,0.001276941
2024,1,4,1,15,4,1.93E-05
2024,1,4,1,16,3,1.37E-06
2024,1,4,1,16,1,0.000573682
2024,1,4,1,1,2,0.003141633
2024,1,4,1,1,3,8.84E-05
2024,1,4,1,1,1,0.017119044
2024,1,4,2,16,2,0.000267139
2024,1,4,2,16,3,4.25E-05
2024,1,4,2,16,1,0.006332402
2024,1,4,2,6,2,4.27E-06
2024,1,4,2,6,3,1.42E-06
2024,1,4,2,6,1,0.001697738
2024,1,4,2,6,4,7.12E-05
2024,1,4,2,1,2,0.000174849
2024,1,4,2,1,3,3.09E-06
2024,1,4,2,1,1,0.01642305
2024,1,4,3,1,1,0.00091561
2024,1,4,4,7,1,4.51E-05
2024,1,4,4,7,4,8.93E-07
2024,1,4,4,15,1,0.003607464
2024,1,4,4,15,4,7.58E-05
2024,1,4,4,16,2,1.04E-06
2024,1,4,4,16,1,0.000525803
2024,1,4,4,1,2,1.90E-05
2024,1,4,4,1,1,0.003994707
2024,1,4,5,7,1,8.30E-05
2024,1,4,5,7,4,5.56E-06
2024,1,4,5,15,1,6.73E-05
2024,1,4,5,15,4,4.12E-05
2024,1,4,5,16,1,0.0000039
2024,1,4,5,6,1,3.92E-05
2024,1,4,5,6,4,3.18E-06
2024,1,4,5,1,1,0.000401722
2024,1,4,6,5,2,5.18E-05
2024,1,4,6,5,3,8.44E-06
2024,1,4,6,5,1,6.99E-05
2024,1,4,6,5,4,8.80E-05
2024,1,4,6,1,2,0.000263564
2024,1,4,6,1,3,9.99E-05
2024,1,4,6,1,1,0.000626404
2024,1,4,9,16,2,0.000124163
2024,1,4,9,16,3,5.96E-05
2024,1,4,9,16,1,0.002929659
2024,1,4,9,1,2,0.000130809
2024,1,4,9,1,3,3.07E-05
2024,1,4,9,1,1,0.00346389
2024,1,5,6,1,2,4.51E-05
2024,1,5,6,1,1,0.003637771
2024,1,5,7,1,1,0.003303411
2024,1,5,9,1,1,4.22E-06
2024,1,5,11,5,2,8.67E-05
2024,1,5,11,5,1,0.009181172
2024,1,5,11,5,4,0.00031571
2024,1,5,11,1,2,0.000382801
2024,1,5,11,1,1,0.007770059
2024,1,5,1,16,2,0.000161443
2024,1,5,1,16,3,1.33E-06
2024,1,5,1,16,1,0.000441635
2024,1,5,1,1,2,0.00010848
2024,1,5,1,1,3,1.18E-05
2024,1,5,1,1,1,0.002237765
2024,1,5,2,16,2,2.39E-05
2024,1,5,2,16,1,0.000833205
2024,1,5,2,1,2,5.09E-05
2024,1,5,2,1,1,0.009259537
2024,1,5,4,1,1,0.000396778
2024,1,5,5,15,1,0.000634384
2024,1,5,5,15,4,6.08E-05
2024,1,5,5,5,1,9.09E-06
2024,1,5,5,5,4,3.41E-06
2024,1,5,5,6,1,0.0000375
2024,1,5,5,6,4,1.16E-05
2024,1,5,5,1,1,0.000581911
2024,1,6,2,1,1,0.000445448
2024,1,6,4,1,1,0.000539781
2024,1,6,5,16,1,4.17E-05
2024,1,6,5,1,2,1.10E-06
2024,1,6,5,1,1,0.001565149
2024,1,6,6,1,1,0.000326874
2024,1,6,7,1,2,0.000160743
2024,1,6,7,1,3,5.18E-05
2024,1,6,7,1,1,0.000475219
2024,1,6,8,2,3,1.11E-06
2024,1,6,8,2,1,7.11E-05
2024,1,6,8,2,4,1.84E-05
2024,1,6,8,1,2,0.000162261
2024,1,6,8,1,3,0.000241897
2024,1,6,8,1,1,0.002640519
2024,1,6,9,1,2,5.62E-06
2024,1,6,9,1,3,1.41E-06
2024,1,6,9,1,1,0.001312759
2024,1,6,11,16,2,3.13E-06
2024,1,6,11,16,1,0.000715521
2024,1,6,11,2,1,0.000143552
2024,1,6,11,2,4,8.98E-05
2024,1,6,11,1,2,0.00052947
2024,1,6,11,1,3,4.11E-06
2024,1,6,11,1,1,0.005712208
2024,1,7,6,1,2,0.000182956
2024,1,7,6,1,3,1.12E-06
2024,1,7,6,1,1,0.004145508
2024,1,7,7,16,3,1.19E-05
2024,1,7,7,16,1,0.000267186
2024,1,7,7,1,2,0.000472234
2024,1,7,7,1,3,4.19E-05
2024,1,7,7,1,1,0.007512463
2024,1,7,8,1,2,0.001149171
2024,1,7,8,1,3,0.000186997
2024,1,7,8,1,1,0.011218495
2024,1,7,9,16,2,0.000118187
2024,1,7,9,16,3,7.78E-05
2024,1,7,9,16,1,0.028442719
2024,1,7,9,6,1,3.07E-06
2024,1,7,9,1,2,0.002863449
2024,1,7,9,1,3,9.16E-05
2024,1,7,9,1,1,0.113423529
2024,1,7,10,1,2,7.43E-05
2024,1,7,10,1,1,0.006891173
2024,1,7,11,15,1,0.00046736
2024,1,7,11,15,4,1.31E-05
2024,1,7,11,16,1,0.001049093
2024,1,7,11,6,3,2.42E-05
2024,1,7,11,6,1,0.004219194
2024,1,7,11,6,4,7.97E-05
2024,1,7,11,1,2,5.69E-05
2024,1,7,11,1,1,0.00663108
2024,1,7,1,7,1,1.82E-05
2024,1,7,1,15,2,0.00058571
2024,1,7,1,15,3,1.07E-06
2024,1,7,1,15,1,0.000658429
2024,1,7,1,15,4,1.06E-05
2024,1,7,1,16,1,0.001084363
2024,1,7,1,6,3,2.18E-05
2024,1,7,1,6,1,0.000159149
2024,1,7,1,6,4,1.09E-05
2024,1,7,1,1,2,0.001213378
2024,1,7,1,1,3,2.75E-05
2024,1,7,1,1,1,0.012283627
2024,1,7,2,16,1,3.88E-05
2024,1,7,2,1,2,0.000186577
2024,1,7,2,1,3,3.32E-06
2024,1,7,2,1,1,0.016843237
2024,1,7,3,7,1,0.000223677
2024,1,7,3,7,4,3.34E-06
2024,1,7,3,1,2,4.52E-06
2024,1,7,3,1,1,0.000452192
2024,1,7,4,7,1,0.000376504
2024,1,7,4,7,4,1.03E-05
2024,1,7,4,15,1,0.000923533
2024,1,7,4,15,4,6.04E-05
2024,1,7,4,5,1,0.000516741
2024,1,7,4,5,4,6.27E-05
2024,1,7,4,1,2,7.58E-06
2024,1,7,4,1,1,0.000256575
2024,1,8,6,1,2,0.00010916
2024,1,8,6,1,3,2.20E-05
2024,1,8,6,1,1,0.006999257
2024,1,8,7,3,3,5.02E-06
2024,1,8,7,1,2,0.000765699
2024,1,8,7,1,3,9.82E-05
2024,1,8,7,1,1,0.002718482
2024,1,8,8,1,2,0.000676535
2024,1,8,8,1,3,1.40E-05
2024,1,8,8,1,1,0.004361503
2024,1,8,9,7,3,1.37E-06
2024,1,8,9,7,1,0.002840966
2024,1,8,9,7,4,5.48E-05
2024,1,8,9,15,1,1.56E-06
2024,1,8,9,15,4,1.56E-06
2024,1,8,9,16,2,1.07E-05
2024,1,8,9,16,3,5.07E-05
2024,1,8,9,16,1,0.010164455
2024,1,8,9,5,2,5.30E-05
2024,1,8,9,5,3,1.50E-05
2024,1,8,9,5,1,0.002959915
2024,1,8,9,5,4,0.00020812
2024,1,8,9,1,2,0.001538275
2024,1,8,9,1,3,7.31E-05
2024,1,8,9,1,1,0.057351534
2024,1,8,10,15,3,1.67E-07
2024,1,8,10,15,1,0.00140149
2024,1,8,10,15,4,3.28E-05
2024,1,8,10,1,2,0.000131462
2024,1,8,10,1,3,1.08E-06
2024,1,8,10,1,1,0.024055563
2024,1,8,11,4,1,0.00019443
2024,1,8,11,4,4,4.57E-06
2024,1,8,11,7,1,0.000265833
2024,1,8,11,7,4,9.64E-06
2024,1,8,11,15,3,3.77E-05
2024,1,8,11,15,1,0.00836334
2024,1,8,11,15,4,0.000507061
2024,1,8,11,16,1,0.002112638
2024,1,8,11,5,2,2.71E-05
2024,1,8,11,5,3,2.36E-06
2024,1,8,11,5,1,0.004275089
2024,1,8,11,5,4,0.000245005
2024,1,8,11,6,1,0.002160012
2024,1,8,11,6,4,0.000222308
2024,1,8,11,1,2,0.000856424
2024,1,8,11,1,3,0.000149646
2024,1,8,11,1,1,0.045429999
2024,1,8,1,7,3,5.09E-06
2024,1,8,1,7,1,0.000195656
2024,1,8,1,7,4,3.69E-06
2024,1,8,1,15,3,5.66E-06
2024,1,8,1,15,1,0.000574647
2024,1,8,1,15,4,5.66E-06
2024,1,8,1,5,2,0.000271564
2024,1,8,1,5,3,2.69E-06
2024,1,8,1,5,1,0.000307863
2024,1,8,1,5,4,3.23E-05
2024,1,8,1,1,2,2.51E-05
2024,1,8,1,1,3,9.85E-06
2024,1,8,1,1,1,0.001513304
2024,1,8,2,7,1,1.52E-05
2024,1,8,2,7,4,1.38E-06
2024,1,8,3,1,2,1.05E-06
2024,1,8,3,1,1,1.57E-05
2024,1,8,4,7,2,1.09E-05
2024,1,8,4,7,3,1.98E-06
2024,1,8,4,7,1,0.000487666
2024,1,8,4,7,4,0.000122677
2024,1,8,4,15,2,0.000326559
2024,1,8,4,15,3,3.24E-05
2024,1,8,4,15,1,0.013942239
2024,1,8,4,15,4,0.000332168
2024,1,8,4,5,1,0.000302485
2024,1,8,4,5,4,7.39E-05
2024,1,8,4,1,2,1.07E-05
2024,1,8,4,1,1,0.001566208
2024,1,8,5,7,1,2.13E-05
2024,1,8,5,7,4,5.92E-06
2024,1,8,5,15,1,0.000478983
2024,1,8,5,15,4,7.84E-05
2024,1,8,5,6,1,8.54E-05
2024,1,8,5,6,4,6.79E-06
2024,1,8,5,1,1,0.000140127
2024,2,1,2,1,1,0.001083225
2024,2,1,3,4,1,0.000195564
2024,2,1,3,4,4,7.52E-06
2024,2,1,3,1,1,0.000851646
2024,2,1,4,1,1,6.22E-05
2024,2,1,5,1,1,0.001946799
2024,2,1,7,16,3,2.28E-05
2024,2,1,7,16,1,0.005123486
2024,2,1,7,1,2,1.66E-05
2024,2,1,7,1,3,0.000114639
2024,2,1,7,1,1,0.006935566
2024,2,1,8,1,2,7.92E-05
2024,2,1,8,1,3,5.58E-05
2024,2,1,8,1,1,0.010365289
2024,2,1,9,1,2,0.000356405
2024,2,1,9,1,3,5.16E-06
2024,2,1,9,1,1,0.013374631
2024,2,1,11,16,2,1.64E-06
2024,2,1,11,16,1,0.000789375
2024,2,1,11,1,1,0.002564028
2024,2,2,1,1,2,0.00023095
2024,2,2,1,1,1,0.00170893
2024,2,2,2,1,1,0.000708643
2024,2,2,3,4,1,0.000454831
2024,2,2,3,4,4,1.94E-05
2024,2,2,3,1,1,0.002874428
2024,2,2,4,15,2,1.07E-06
2024,2,2,4,15,1,0.002234254
2024,2,2,4,15,4,0.000228022
2024,2,2,4,1,1,0.008722738
2024,2,2,5,7,1,4.59E-05
2024,2,2,5,7,4,6.02E-06
2024,2,2,5,15,1,0.000656707
2024,2,2,5,15,4,8.62E-05
2024,2,2,5,1,2,1.02E-06
2024,2,2,5,1,1,0.002443814
2024,2,2,6,1,3,0.000203151
2024,2,2,6,1,1,0.006484046
2024,2,2,7,7,2,2.61E-06
2024,2,2,7,7,3,5.22E-06
2024,2,2,7,7,1,0.000375655
2024,2,2,7,7,4,3.65E-05
2024,2,2,7,15,3,9.35E-06
2024,2,2,7,15,1,6.23E-06
2024,2,2,7,15,4,3.71E-05
2024,2,2,7,16,2,0.000166618
2024,2,2,7,16,3,3.17E-05
2024,2,2,7,16,1,0.002806058
2024,2,2,7,1,2,1.22E-05
2024,2,2,7,1,3,0.000547507
2024,2,2,7,1,1,0.018219757
2024,2,2,8,3,2,1.33E-06
2024,2,2,8,3,3,1.10E-06
2024,2,2,8,3,1,5.37E-05
2024,2,2,8,2,2,9.19E-06
2024,2,2,8,2,1,0.00061693
2024,2,2,8,2,4,8.17E-05
2024,2,2,8,1,2,0.000313212
2024,2,2,8,1,3,0.000281655
2024,2,2,8,1,1,0.033067318
2024,2,2,9,16,1,2.04E-06
2024,2,2,9,1,2,1.59E-05
2024,2,2,9,1,3,8.50E-05
2024,2,2,9,1,1,0.0151193
2024,2,2,11,7,1,0.000123914
2024,2,2,11,7,4,8.48E-06
2024,2,2,11,15,2,2.69E-05
2024,2,2,11,15,3,0.000142017
2024,2,2,11,15,1,0.002169275
2024,2,2,11,15,4,0.000428819
2024,2,2,11,3,1,8.67E-06
2024,2,2,11,16,2,1.04E-05
2024,2,2,11,16,3,1.04E-06
2024,2,2,11,16,1,0.004342007
2024,2,2,11,2,1,0.000834336
2024,2,2,11,2,4,0.000138696
2024,2,2,11,1,2,7.63E-06
2024,2,2,11,1,3,1.07E-06
2024,2,2,11,1,1,0.020165179
2024,2,3,1,1,2,0.000259138
2024,2,3,1,1,3,3.71E-06
2024,2,3,1,1,1,0.007941236
2024,2,3,2,16,2,0.000513422
2024,2,3,2,16,3,4.72E-05
2024,2,3,2,16,1,0.004269746
2024,2,3,2,1,2,0.002145026
2024,2,3,2,1,3,0.0001637
2024,2,3,2,1,1,0.015757971
2024,2,3,3,1,2,0.000102222
2024,2,3,3,1,3,2.00E-06
2024,2,3,3,1,1,0.00971308
2024,2,3,4,15,1,0.00033408
2024,2,3,4,15,4,0.000149891
2024,2,3,4,16,1,0.001347966
2024,2,3,4,5,1,0.000133818
2024,2,3,4,5,4,2.58E-05
2024,2,3,4,6,1,0.000508502
2024,2,3,4,6,4,0.000171252
2024,2,3,4,1,2,0.000658603
2024,2,3,4,1,1,0.018803196
2024,2,3,5,7,2,9.63E-07
2024,2,3,5,7,1,0.00076252
2024,2,3,5,7,4,0.000182637
2024,2,3,5,15,2,2.13E-07
2024,2,3,5,15,1,8.82E-05
2024,2,3,5,15,4,3.17E-05
2024,2,3,5,1,1,0.000964406
2024,2,4,1,4,3,8.63E-06
2024,2,4,1,4,1,3.89E-05
2024,2,4,1,4,4,1.08E-06
2024,2,4,1,7,3,8.19E-06
2024,2,4,1,7,1,0.000250748
2024,2,4,1,7,4,7.38E-05
2024,2,4,1,15,1,0.0058371
2024,2,4,1,15,4,0.000229104
2024,2,4,1,16,3,1.64E-05
2024,2,4,1,16,1,0.0012765
2024,2,4,1,1,2,0.008378258
2024,2,4,1,1,3,0.000649824
2024,2,4,1,1,1,0.060087048
2024,2,4,2,16,2,0.000730156
2024,2,4,2,16,3,3.53E-05
2024,2,4,2,16,1,0.014600118
2024,2,4,2,6,2,5.70E-06
2024,2,4,2,6,3,0.000294825
2024,2,4,2,6,1,0.002701853
2024,2,4,2,6,4,0.000299098
2024,2,4,2,1,2,0.001091618
2024,2,4,2,1,3,9.90E-05
2024,2,4,2,1,1,0.038655296
2024,2,4,3,1,2,1.01E-06
2024,2,4,3,1,1,0.002034102
2024,2,4,4,7,1,0.000151838
2024,2,4,4,7,4,7.44E-06
2024,2,4,4,15,1,0.008429537
2024,2,4,4,15,4,0.000303366
2024,2,4,4,16,1,0.001545417
2024,2,4,4,1,2,0.000105212
2024,2,4,4,1,1,0.014146733
2024,2,4,5,7,1,0.000426981
2024,2,4,5,7,4,2.30E-05
2024,2,4,5,15,2,3.06E-06
2024,2,4,5,15,1,0.000414761
2024,2,4,5,15,4,0.00015908
2024,2,4,5,16,1,0.0000039
2024,2,4,5,6,1,7.20E-05
2024,2,4,5,6,4,1.06E-05
2024,2,4,5,1,2,2.67E-06
2024,2,4,5,1,1,0.001323517
2024,2,4,6,5,2,0.001108632
2024,2,4,6,5,3,0.000101223
2024,2,4,6,5,1,0.000243417
2024,2,4,6,5,4,0.000175935
2024,2,4,6,1,2,0.000393241
2024,2,4,6,1,3,0.000258036
2024,2,4,6,1,1,0.001898996
2024,2,4,9,16,2,0.000203877
2024,2,4,9,16,3,0.000173665
2024,2,4,9,16,1,0.008333273
2024,2,4,9,1,2,9.73E-05
2024,2,4,9,1,3,1.75E-05
2024,2,4,9,1,1,0.015217763
2024,2,5,6,1,2,1.00E-05
2024,2,5,6,1,3,6.98E-06
2024,2,5,6,1,1,0.006765189
2024,2,5,7,1,2,9.52E-06
2024,2,5,7,1,1,0.008573519
2024,2,5,9,1,2,2.64E-05
2024,2,5,9,1,1,4.01E-05
2024,2,5,11,5,2,1.11E-06
2024,2,5,11,5,1,0.021665076
2024,2,5,11,5,4,0.000514697
2024,2,5,11,1,2,0.001290786
2024,2,5,11,1,3,2.79E-06
2024,2,5,11,1,1,0.014263713
2024,2,5,1,16,1,0.001283542
2024,2,5,1,1,2,0.000194817
2024,2,5,1,1,3,2.40E-06
2024,2,5,1,1,1,0.009502914
2024,2,5,2,16,2,6.86E-05
2024,2,5,2,16,1,0.002167928
2024,2,5,2,1,2,0.000262822
2024,2,5,2,1,3,2.17E-06
2024,2,5,2,1,1,0.025019596
2024,2,5,4,1,2,2.46E-06
2024,2,5,4,1,1,0.001218297
2024,2,5,5,15,2,1.73E-06
2024,2,5,5,15,1,0.002324452
2024,2,5,5,15,4,0.000490693
2024,2,5,5,5,1,2.05E-05
2024,2,5,5,5,4,1.14E-05
2024,2,5,5,6,1,0.000164224
2024,2,5,5,6,4,3.49E-05
2024,2,5,5,1,2,1.14E-06
2024,2,5,5,1,1,0.00310768
2024,2,6,2,1,1,0.000842022
2024,2,6,4,1,1,0.001603786
2024,2,6,5,16,1,0.000108847
2024,2,6,5,1,1,0.004586474
2024,2,6,6,1,3,1.19E-06
2024,2,6,6,1,1,0.000849525
2024,2,6,7,1,2,0.000352749
2024,2,6,7,1,3,0.00011813
2024,2,6,7,1,1,0.001457683
2024,2,6,8,2,3,1.03E-06
2024,2,6,8,2,1,0.000217566
2024,2,6,8,2,4,4.85E-05
2024,2,6,8,1,2,0.000213838
2024,2,6,8,1,3,0.000600632
2024,2,6,8,1,1,0.006383212
2024,2,6,9,16,1,2.05E-06
2024,2,6,9,1,2,2.37E-05
2024,2,6,9,1,3,1.97E-05
2024,2,6,9,1,1,0.003850599
2024,2,6,11,16,1,0.001818573
2024,2,6,11,2,1,0.00039583
2024,2,6,11,2,4,0.000204367
2024,2,6,11,1,2,0.001077225
2024,2,6,11,1,3,2.33E-05
2024,2,6,11,1,1,0.019795684
2024,2,7,6,1,2,2.01E-05
2024,2,7,6,1,3,4.69E-05
2024,2,7,6,1,1,0.015912681
2024,2,7,7,16,3,1.19E-05
2024,2,7,7,16,1,0.000609519
2024,2,7,7,1,2,0.000754986
2024,2,7,7,1,3,0.000488826
2024,2,7,7,1,1,0.025149973
2024,2,7,8,1,2,0.001673535
2024,2,7,8,1,3,0.000481196
2024,2,7,8,1,1,0.043570075
2024,2,7,9,16,2,0.000357838
2024,2,7,9,16,3,4.16E-05
2024,2,7,9,16,1,0.056165582
2024,2,7,9,6,3,1.23E-06
2024,2,7,9,6,1,4.91E-06
2024,2,7,9,6,4,4.91E-06
2024,2,7,9,1,2,0.005706677
2024,2,7,9,1,3,0.000179783
2024,2,7,9,1,1,0.269473603
2024,2,7,10,1,2,0.000281258
2024,2,7,10,1,3,2.33E-06
2024,2,7,10,1,1,0.015612201
2024,2,7,11,15,1,0.000283207
2024,2,7,11,15,4,2.86E-05
2024,2,7,11,16,1,0.002886526
2024,2,7,11,6,2,2.73E-06
2024,2,7,11,6,3,0.000159627
2024,2,7,11,6,1,0.006278364
2024,2,7,11,6,4,0.000330013
2024,2,7,11,1,2,3.70E-05
2024,2,7,11,1,3,1.52E-05
2024,2,7,11,1,1,0.021372473
2024,2,7,1,7,1,0.0000343
2024,2,7,1,7,4,1.07E-06
2024,2,7,1,15,2,0.001197851
2024,2,7,1,15,3,2.11E-06
2024,2,7,1,15,1,0.00135123
2024,2,7,1,15,4,0.000110062
2024,2,7,1,16,3,2.68E-05
2024,2,7,1,16,1,0.00181238
2024,2,7,1,6,3,3.49E-05
2024,2,7,1,6,1,0.000422943
2024,2,7,1,6,4,0.000250714
2024,2,7,1,1,2,0.001501598
2024,2,7,1,1,3,5.97E-05
2024,2,7,1,1,1,0.059764666
2024,2,7,2,16,1,8.38E-05
2024,2,7,2,1,2,0.000202628
2024,2,7,2,1,3,3.34E-05
2024,2,7,2,1,1,0.035308707
2024,2,7,3,7,1,0.000315485
2024,2,7,3,7,4,6.68E-06
2024,2,7,3,1,2,1.13E-05
2024,2,7,3,1,1,0.001383709
2024,2,7,4,7,1,0.00062284
2024,2,7,4,7,4,1.02E-05
2024,2,7,4,15,1,0.001582544
2024,2,7,4,15,4,0.00024413
2024,2,7,4,5,2,1.25E-06
2024,2,7,4,5,1,0.002299541
2024,2,7,4,5,4,0.000254707
2024,2,7,4,1,2,4.55E-06
2024,2,7,4,1,1,0.000878718
2024,2,8,6,1,2,0.000586661
2024,2,8,6,1,3,0.000282485
2024,2,8,6,1,1,0.025580346
2024,2,8,7,3,3,2.21E-05
2024,2,8,7,3,1,4.56E-07
2024,2,8,7,1,2,0.002062785
2024,2,8,7,1,3,0.000458371
2024,2,8,7,1,1,0.014645251
2024,2,8,8,1,2,0.001893226
2024,2,8,8,1,3,8.22E-05
2024,2,8,8,1,1,0.022272078
2024,2,8,9,7,3,4.91E-05
2024,2,8,9,7,1,0.00494081
2024,2,8,9,7,4,0.00013576
2024,2,8,9,15,1,1.56E-06
2024,2,8,9,15,4,1.56E-06
2024,2,8,9,16,2,4.71E-05
2024,2,8,9,16,3,4.72E-05
2024,2,8,9,16,1,0.021383229
2024,2,8,9,5,2,9.62E-05
2024,2,8,9,5,3,4.85E-05
2024,2,8,9,5,1,0.007352644
2024,2,8,9,5,4,0.000330934
2024,2,8,9,1,2,0.0037098
2024,2,8,9,1,3,0.000152372
2024,2,8,9,1,1,0.172563272
2024,2,8,10,15,2,1.67E-07
2024,2,8,10,15,3,1.67E-07
2024,2,8,10,15,1,0.003881318
2024,2,8,10,15,4,7.94E-05
2024,2,8,10,1,2,0.000154288
2024,2,8,10,1,3,5.58E-06
2024,2,8,10,1,1,0.061483432
2024,2,8,11,4,1,0.000571853
2024,2,8,11,4,4,2.74E-05
2024,2,8,11,7,3,2.09E-07
2024,2,8,11,7,1,0.000950301
2024,2,8,11,7,4,3.19E-05
2024,2,8,11,15,2,2.64E-06
2024,2,8,11,15,3,0.000103638
2024,2,8,11,15,1,0.026989412
2024,2,8,11,15,4,0.001580535
2024,2,8,11,16,1,0.005708158
2024,2,8,11,5,2,0.001035843
2024,2,8,11,5,3,6.28E-05
2024,2,8,11,5,1,0.01246762
2024,2,8,11,5,4,0.000832719
2024,2,8,11,6,2,2.22E-06
2024,2,8,11,6,3,1.06E-06
2024,2,8,11,6,1,0.004243586
2024,2,8,11,6,4,0.000657141
2024,2,8,11,1,2,0.001654869
2024,2,8,11,1,3,0.000362542
2024,2,8,11,1,1,0.147421876
2024,2,8,1,7,3,1.16E-06
2024,2,8,1,7,1,0.000404806
2024,2,8,1,7,4,1.15E-05
2024,2,8,1,15,1,0.000833302
2024,2,8,1,15,4,1.23E-05
2024,2,8,1,16,1,2.12E-06
2024,2,8,1,5,2,0.003495384
2024,2,8,1,5,3,5.92E-05
2024,2,8,1,5,1,0.001753069
2024,2,8,1,5,4,0.00015057
2024,2,8,1,1,2,0.000262872
2024,2,8,1,1,3,2.54E-05
2024,2,8,1,1,1,0.007421186
2024,2,8,2,7,1,0.000278299
2024,2,8,2,7,4,0.000503984
2024,2,8,3,1,2,3.74E-05
2024,2,8,3,1,1,0.000144355
2024,2,8,4,4,4,0.000574
2024,2,8,4,7,2,2.67E-05
2024,2,8,4,7,3,5.20E-06
2024,2,8,4,7,1,0.001526758
2024,2,8,4,7,4,0.000613659
2024,2,8,4,15,2,0.000761714
2024,2,8,4,15,3,4.54E-05
2024,2,8,4,15,1,0.034906287
2024,2,8,4,15,4,0.001128359
2024,2,8,4,5,3,1.34E-05
2024,2,8,4,5,1,0.001669718
2024,2,8,4,5,4,0.000137127
2024,2,8,4,1,2,2.70E-05
2024,2,8,4,1,1,0.004070293
2024,2,8,5,7,1,0.000107808
2024,2,8,5,7,4,1.54E-05
2024,2,8,5,15,2,1.19E-06
2024,2,8,5,15,1,0.001953315
2024,2,8,5,15,4,0.000263817
2024,2,8,5,6,1,0.000132954
2024,2,8,5,6,4,5.82E-06
2024,2,8,5,1,1,0.000368836
2024,3,1,2,1,1,0.001068657
2024,3,1,3,4,1,0.000110318
2024,3,1,3,4,4,0.000243201
2024,3,1,3,1,1,0.000452245
2024,3,1,4,1,1,5.71E-05
2024,3,1,5,1,2,2.07E-06
2024,3,1,5,1,1,0.001230136
2024,3,1,7,16,2,8.41E-06
2024,3,1,7,16,3,0.000189827
2024,3,1,7,16,1,0.011163479
2024,3,1,7,1,2,0.000485848
2024,3,1,7,1,3,0.000188775
2024,3,1,7,1,1,0.01169603
2024,3,1,8,1,2,9.15E-05
2024,3,1,8,1,3,0.000148076
2024,3,1,8,1,1,0.01566447
2024,3,1,9,1,2,0.000586456
2024,3,1,9,1,3,3.87E-06
2024,3,1,9,1,1,0.011830363
2024,3,1,11,16,1,0.000758194
2024,3,1,11,1,2,1.25E-06
2024,3,1,11,1,3,1.25E-06
2024,3,1,11,1,1,0.003760741
2024,3,2,1,1,2,0.000310852
2024,3,2,1,1,1,0.002316539
2024,3,2,2,1,1,0.000545612
2024,3,2,3,4,1,0.00025393
2024,3,2,3,4,4,8.16E-06
2024,3,2,3,1,2,0.000133128
2024,3,2,3,1,1,0.001380292
2024,3,2,4,15,2,2.35E-05
2024,3,2,4,15,1,0.000899392
2024,3,2,4,15,4,9.83E-05
2024,3,2,4,1,2,2.08E-05
2024,3,2,4,1,1,0.008066266
2024,3,2,5,7,1,2.82E-05
2024,3,2,5,7,4,2.65E-06
2024,3,2,5,15,1,0.000403259
2024,3,2,5,15,4,3.80E-05
2024,3,2,5,16,1,0.000004
2024,3,2,5,1,2,2.92E-06
2024,3,2,5,1,1,0.001494048
2024,3,2,6,1,2,0.001198003
2024,3,2,6,1,3,0.000100895
2024,3,2,6,1,1,0.010291817
2024,3,2,7,7,2,2.74E-05
2024,3,2,7,7,3,4.57E-06
2024,3,2,7,7,1,0.000393264
2024,3,2,7,7,4,0.000105001
2024,3,2,7,15,3,1.50E-05
2024,3,2,7,15,1,2.49E-06
2024,3,2,7,15,4,4.58E-05
2024,3,2,7,16,2,0.000401999
2024,3,2,7,16,3,2.78E-05
2024,3,2,7,16,1,0.01258627
2024,3,2,7,1,2,9.87E-05
2024,3,2,7,1,3,0.001035012
2024,3,2,7,1,1,0.029983643
2024,3,2,8,3,2,2.87E-06
2024,3,2,8,3,3,2.60E-06
2024,3,2,8,3,1,0.000101463
2024,3,2,8,2,3,1.02E-06
2024,3,2,8,2,1,0.001688902
2024,3,2,8,2,4,0.000310953
2024,3,2,8,1,2,0.000817871
2024,3,2,8,1,3,0.000871301
2024,3,2,8,1,1,0.060472926
2024,3,2,9,1,2,0.000252327
2024,3,2,9,1,3,2.39E-05
2024,3,2,9,1,1,0.013919364
2024,3,2,11,7,3,1.30E-06
2024,3,2,11,7,1,0.000133697
2024,3,2,11,7,4,8.22E-05
2024,3,2,11,15,2,0.000167994
2024,3,2,11,15,3,5.10E-05
2024,3,2,11,15,1,0.001993589
2024,3,2,11,15,4,0.001449691
2024,3,2,11,3,2,1.12E-06
2024,3,2,11,3,3,5.15E-09
2024,3,2,11,3,1,2.21E-05
2024,3,2,11,16,2,0.000143651
2024,3,2,11,16,1,0.00827697
2024,3,2,11,2,1,0.002418291
2024,3,2,11,2,4,0.000781968
2024,3,2,11,1,2,0.000866193
2024,3,2,11,1,3,9.83E-06
2024,3,2,11,1,1,0.03521495
2024,3,3,1,1,2,0.002618392
2024,3,3,1,1,3,1.98E-05
2024,3,3,1,1,1,0.006733571
2024,3,3,2,16,2,0.000243404
2024,3,3,2,16,3,3.08E-06
2024,3,3,2,16,1,0.003896592
2024,3,3,2,1,2,0.002372265
2024,3,3,2,1,3,1.65E-05
2024,3,3,2,1,1,0.012843867
2024,3,3,3,1,2,0.000957751
2024,3,3,3,1,3,1.36E-06
2024,3,3,3,1,1,0.00830436
2024,3,3,4,15,2,2.54E-06
2024,3,3,4,15,1,0.000107973
2024,3,3,4,15,4,3.56E-05
2024,3,3,4,16,1,0.000702171
2024,3,3,4,5,2,2.46E-05
2024,3,3,4,5,1,0.000106204
2024,3,3,4,5,4,3.91E-05
2024,3,3,4,6,2,1.05E-06
2024,3,3,4,6,1,0.000307833
2024,3,3,4,6,4,2.21E-05
2024,3,3,4,1,2,0.0007465
2024,3,3,4,1,1,0.007273145
2024,3,3,5,7,1,0.000408135
2024,3,3,5,7,4,8.01E-05
2024,3,3,5,15,1,5.20E-05
2024,3,3,5,15,4,8.09E-06
2024,3,3,5,1,1,0.000438871
2024,3,4,1,4,3,1.08E-06
2024,3,4,1,4,1,2.27E-05
2024,3,4,1,4,4,2.16E-06
2024,3,4,1,7,3,4.68E-06
2024,3,4,1,7,1,0.000154476
2024,3,4,1,7,4,1.40E-05
2024,3,4,1,15,3,1.02E-06
2024,3,4,1,15,1,0.002350584
2024,3,4,1,15,4,0.000200619
2024,3,4,1,16,1,0.001248091
2024,3,4,1,1,2,0.011792861
2024,3,4,1,1,3,0.000665386
2024,3,4,1,1,1,0.057743198
2024,3,4,2,16,2,0.000486506
2024,3,4,2,16,3,2.76E-05
2024,3,4,2,16,1,0.016745748
2024,3,4,2,6,1,0.000724957
2024,3,4,2,6,4,4.84E-05
2024,3,4,2,1,2,0.001750198
2024,3,4,2,1,3,4.89E-05
2024,3,4,2,1,1,0.034985624
2024,3,4,3,1,2,7.09E-06
2024,3,4,3,1,1,0.001203076
2024,3,4,4,7,2,1.49E-07
2024,3,4,4,7,1,5.24E-05
2024,3,4,4,7,4,2.38E-06
2024,3,4,4,15,2,8.75E-07
2024,3,4,4,15,1,0.005570718
2024,3,4,4,15,4,0.001152837
2024,3,4,4,16,1,0.001649414
2024,3,4,4,1,2,0.000400424
2024,3,4,4,1,3,1.05E-06
2024,3,4,4,1,1,0.007702293
2024,3,4,5,7,1,0.000162217
2024,3,4,5,7,4,3.30E-05
2024,3,4,5,15,1,0.000121087
2024,3,4,5,15,4,4.74E-05
2024,3,4,5,16,1,0.0000026
2024,3,4,5,6,1,4.13E-05
2024,3,4,5,6,4,5.29E-06
2024,3,4,5,1,2,1.08E-06
2024,3,4,5,1,1,0.000842694
2024,3,4,6,5,2,7.35E-05
2024,3,4,6,5,3,3.98E-05
2024,3,4,6,5,1,0.000765197
2024,3,4,6,5,4,0.000653129
2024,3,4,6,1,2,0.003194802
2024,3,4,6,1,3,0.000488222
2024,3,4,6,1,1,0.006458657
2024,3,4,9,16,2,0.000214393
2024,3,4,9,16,3,1.85E-05
2024,3,4,9,16,1,0.006902901
2024,3,4,9,1,2,0.000190897
2024,3,4,9,1,3,7.65E-05
2024,3,4,9,1,1,0.020965728
2024,3,5,6,1,2,0.000275096
2024,3,5,6,1,3,1.11E-05
2024,3,5,6,1,1,0.012110577
2024,3,5,7,1,2,3.81E-06
2024,3,5,7,1,3,3.81E-06
2024,3,5,7,1,1,0.0123997
2024,3,5,9,1,1,7.07E-05
2024,3,5,11,5,2,0.00095936
2024,3,5,11,5,1,0.005839532
2024,3,5,11,5,4,0.000649207
2024,3,5,11,1,2,0.001392655
2024,3,5,11,1,1,0.02136142
2024,3,5,1,16,2,3.47E-05
2024,3,5,1,16,3,1.33E-06
2024,3,5,1,16,1,0.001298219
2024,3,5,1,1,2,0.000565445
2024,3,5,1,1,1,0.0098561
2024,3,5,2,16,2,6.94E-05
2024,3,5,2,16,3,5.82E-05
2024,3,5,2,16,1,0.001831457
2024,3,5,2,1,2,0.000360327
2024,3,5,2,1,3,4.78E-05
2024,3,5,2,1,1,0.02328372
2024,3,5,4,1,1,0.000913554
2024,3,5,5,15,2,4.33E-06
2024,3,5,5,15,1,0.001211856
2024,3,5,5,15,4,0.000309747
2024,3,5,5,5,1,1.48E-05
2024,3,5,5,5,4,7.96E-06
2024,3,5,5,6,1,4.27E-05
2024,3,5,5,6,4,2.07E-05
2024,3,5,5,1,2,2.60E-05
2024,3,5,5,1,1,0.001243761
2024,3,6,2,1,2,1.26E-05
2024,3,6,2,1,1,0.000761032
2024,3,6,4,1,2,2.20E-06
2024,3,6,4,1,1,0.001769786
2024,3,6,5,16,1,0.000144743
2024,3,6,5,1,2,1.10E-06
2024,3,6,5,1,1,0.005696981
2024,3,6,6,1,2,1.61E-05
2024,3,6,6,1,3,2.39E-06
2024,3,6,6,1,1,0.0009857
2024,3,6,7,1,2,0.000853796
2024,3,6,7,1,3,9.94E-05
2024,3,6,7,1,1,0.002543159
2024,3,6,8,2,1,0.000602938
2024,3,6,8,2,4,7.90E-05
2024,3,6,8,1,2,0.000412815
2024,3,6,8,1,3,0.000769373
2024,3,6,8,1,1,0.009015266
2024,3,6,9,16,1,4.11E-06
2024,3,6,9,1,2,0.000111009
2024,3,6,9,1,3,1.41E-06
2024,3,6,9,1,1,0.00262539
2024,3,6,11,16,2,1.04E-06
2024,3,6,11,16,1,0.002075534
2024,3,6,11,2,1,0.001044172
2024,3,6,11,2,4,0.000295499
2024,3,6,11,1,2,0.001991254
2024,3,6,11,1,3,1.50E-05
2024,3,6,11,1,1,0.026409133
2024,3,7,6,1,2,0.001659988
2024,3,7,6,1,3,7.14E-05
2024,3,7,6,1,1,0.020943961
2024,3,7,7,16,3,1.07E-05
2024,3,7,7,16,1,0.001568528
2024,3,7,7,1,2,0.001614177
2024,3,7,7,1,3,0.000383915
2024,3,7,7,1,1,0.050166007
2024,3,7,8,1,2,0.002972465
2024,3,7,8,1,3,0.000398043
2024,3,7,8,1,1,0.050302822
2024,3,7,9,16,2,0.000320835
2024,3,7,9,16,3,9.32E-05
2024,3,7,9,16,1,0.052630269
2024,3,7,9,6,1,4.91E-06
2024,3,7,9,6,4,2.46E-06
2024,3,7,9,1,2,0.010056933
2024,3,7,9,1,3,0.000135908
2024,3,7,9,1,1,0.186238588
2024,3,7,10,1,2,0.000418582
2024,3,7,10,1,1,0.009470624
2024,3,7,11,15,1,0.000330197
2024,3,7,11,15,4,0.000334151
2024,3,7,11,16,1,0.002261535
2024,3,7,11,6,3,4.22E-06
2024,3,7,11,6,1,0.001915933
2024,3,7,11,6,4,0.000292329
2024,3,7,11,1,2,0.000268185
2024,3,7,11,1,3,3.08E-06
2024,3,7,11,1,1,0.013097487
2024,3,7,1,7,3,1.07E-06
2024,3,7,1,7,1,2.36E-05
2024,3,7,1,7,4,2.14E-06
2024,3,7,1,15,2,0.00017233
2024,3,7,1,15,1,0.000449644
2024,3,7,1,15,4,2.86E-05
2024,3,7,1,16,3,8.41E-06
2024,3,7,1,16,1,0.002745114
2024,3,7,1,6,2,2.18E-06
2024,3,7,1,6,3,1.53E-05
2024,3,7,1,6,1,0.001506463
2024,3,7,1,6,4,0.000233273
2024,3,7,1,1,2,0.00188312
2024,3,7,1,1,3,0.000499836
2024,3,7,1,1,1,0.137072154
2024,3,7,2,16,1,0.000319919
2024,3,7,2,1,2,0.000450579
2024,3,7,2,1,3,1.62E-05
2024,3,7,2,1,1,0.03089007
2024,3,7,3,7,1,0.000168593
2024,3,7,3,7,4,4.84E-05
2024,3,7,3,1,2,0.000339144
2024,3,7,3,1,1,0.001465103
2024,3,7,4,7,1,0.000374639
2024,3,7,4,7,4,9.75E-05
2024,3,7,4,15,1,0.000786116
2024,3,7,4,15,4,0.0004276
2024,3,7,4,5,2,8.50E-06
2024,3,7,4,5,1,0.001787295
2024,3,7,4,5,4,0.00062376
2024,3,7,4,1,2,6.07E-06
2024,3,7,4,1,1,0.000727835
2024,3,8,6,1,2,0.001632739
2024,3,8,6,1,3,8.16E-05
2024,3,8,6,1,1,0.035021555
2024,3,8,7,3,3,4.85E-05
2024,3,8,7,3,1,5.39E-07
2024,3,8,7,1,2,0.001901521
2024,3,8,7,1,3,0.000295218
2024,3,8,7,1,1,0.04059159
2024,3,8,8,1,2,0.00170971
2024,3,8,8,1,3,0.000232964
2024,3,8,8,1,1,0.059806862
2024,3,8,9,7,3,1.44E-05
2024,3,8,9,7,1,0.00171508
2024,3,8,9,7,4,6.26E-05
2024,3,8,9,15,1,2.65E-05
2024,3,8,9,15,4,2.50E-05
2024,3,8,9,16,2,1.40E-05
2024,3,8,9,16,3,2.10E-05
2024,3,8,9,16,1,0.019170055
2024,3,8,9,5,2,0.000208529
2024,3,8,9,5,3,2.24E-06
2024,3,8,9,5,1,0.002449753
2024,3,8,9,5,4,0.000158637
2024,3,8,9,1,2,0.004679784
2024,3,8,9,1,3,7.74E-05
2024,3,8,9,1,1,0.132409298
2024,3,8,10,15,3,1.17E-06
2024,3,8,10,15,1,0.002334593
2024,3,8,10,15,4,0.000126726
2024,3,8,10,1,2,0.001090774
2024,3,8,10,1,3,3.25E-06
2024,3,8,10,1,1,0.038214474
2024,3,8,11,4,1,0.000290501
2024,3,8,11,4,4,6.86E-05
2024,3,8,11,7,1,0.000418199
2024,3,8,11,7,4,4.81E-05
2024,3,8,11,15,2,3.37E-06
2024,3,8,11,15,3,2.53E-05
2024,3,8,11,15,1,0.02129703
2024,3,8,11,15,4,0.006044994
2024,3,8,11,16,2,4.08E-06
2024,3,8,11,16,1,0.004422205
2024,3,8,11,5,2,0.001737459
2024,3,8,11,5,3,4.72E-06
2024,3,8,11,5,1,0.003754807
2024,3,8,11,5,4,0.000774967
2024,3,8,11,6,2,3.82E-05
2024,3,8,11,6,1,0.002276468
2024,3,8,11,6,4,0.000375305
2024,3,8,11,1,2,0.003318793
2024,3,8,11,1,3,0.001179674
2024,3,8,11,1,1,0.107976879
2024,3,8,1,7,1,6.96E-05
2024,3,8,1,7,4,9.44E-06
2024,3,8,1,15,3,2.27E-06
2024,3,8,1,15,1,0.000288082
2024,3,8,1,15,4,2.01E-05
2024,3,8,1,16,1,5.83E-05
2024,3,8,1,5,3,1.34E-06
2024,3,8,1,5,1,0.000954509
2024,3,8,1,5,4,0.000177458
2024,3,8,1,1,2,0.000439971
2024,3,8,1,1,3,2.33E-06
2024,3,8,1,1,1,0.009898764
2024,3,8,2,7,1,0.000224301
2024,3,8,2,1,1,2.36E-06
2024,3,8,3,1,2,0.000108388
2024,3,8,3,1,1,0.000141533
2024,3,8,4,7,2,3.64E-05
2024,3,8,4,7,3,3.22E-06
2024,3,8,4,7,1,0.001170798
2024,3,8,4,7,4,0.000258894
2024,3,8,4,15,2,0.000337751
2024,3,8,4,15,3,4.07E-05
2024,3,8,4,15,1,0.024421356
2024,3,8,4,15,4,0.007126745
2024,3,8,4,5,3,1.34E-06
2024,3,8,4,5,1,0.000436923
2024,3,8,4,5,4,0.000185524
2024,3,8,4,1,2,1.63E-05
2024,3,8,4,1,3,1.03E-06
2024,3,8,4,1,1,0.002804872
2024,3,8,5,7,1,5.33E-05
2024,3,8,5,7,4,2.25E-05
2024,3,8,5,15,1,0.000993407
2024,3,8,5,15,4,0.000213775
2024,3,8,5,6,1,7.86E-05
2024,3,8,5,6,4,5.82E-06
2024,3,8,5,1,1,0.000197556
2024,4,1,2,1,1,0.000485936
2024,4,1,3,4,1,5.27E-05
2024,4,1,3,4,4,2.51E-06
2024,4,1,3,1,1,0.000159718
2024,4,1,4,1,1,2.25E-05
2024,4,1,5,1,2,4.07E-06
2024,4,1,5,1,1,0.000327755
2024,4,1,7,16,2,5.41E-05
2024,4,1,7,16,3,0.00011654
2024,4,1,7,16,1,0.004782442
2024,4,1,7,1,2,0.000202245
2024,4,1,7,1,3,0.000161964
2024,4,1,7,1,1,0.005434667
2024,4,1,8,1,2,0.00015563
2024,4,1,8,1,3,0.000122983
2024,4,1,8,1,1,0.007058663
2024,4,1,9,1,2,0.001699607
2024,4,1,9,1,3,3.91E-06
2024,4,1,9,1,1,0.005693647
2024,4,1,11,16,2,6.56E-06
2024,4,1,11,16,1,0.00038402
2024,4,1,11,1,1,0.002128032
2024,4,2,1,1,2,0.001322213
2024,4,2,1,1,1,0.0007627
2024,4,2,2,1,1,0.000252155
2024,4,2,3,4,1,9.99E-05
2024,4,2,3,4,4,1.73E-05
2024,4,2,3,1,2,4.67E-05
2024,4,2,3,1,1,0.000467331
2024,4,2,4,15,2,2.04E-05
2024,4,2,4,15,1,0.000313128
2024,4,2,4,15,4,9.31E-05
2024,4,2,4,1,2,6.67E-05
2024,4,2,4,1,3,5.65E-06
2024,4,2,4,1,1,0.002773953
2024,4,2,5,7,1,8.60E-06
2024,4,2,5,7,4,1.93E-06
2024,4,2,5,15,1,0.000123133
2024,4,2,5,15,4,2.77E-05
2024,4,2,5,1,1,0.000474867
2024,4,2,6,1,2,0.002274764
2024,4,2,6,1,3,8.16E-05
2024,4,2,6,1,1,0.003663197
2024,4,2,7,7,2,1.96E-05
2024,4,2,7,7,3,1.30E-06
2024,4,2,7,7,1,0.000187175
2024,4,2,7,7,4,3.33E-05
2024,4,2,7,15,2,3.12E-07
2024,4,2,7,15,3,1.09E-05
2024,4,2,7,15,1,3.12E-06
2024,4,2,7,15,4,2.96E-05
2024,4,2,7,16,2,0.003583609
2024,4,2,7,16,3,3.70E-05
2024,4,2,7,16,1,0.001793127
2024,4,2,7,1,2,0.000732478
2024,4,2,7,1,3,0.001512557
2024,4,2,7,1,1,0.016204372
2024,4,2,8,3,2,3.40E-06
2024,4,2,8,3,3,2.40E-06
2024,4,2,8,3,1,5.80E-05
2024,4,2,8,2,2,1.74E-05
2024,4,2,8,2,3,1.02E-06
2024,4,2,8,2,1,0.001016349
2024,4,2,8,2,4,0.00033415
2024,4,2,8,1,2,0.001560004
2024,4,2,8,1,3,0.000804208
2024,4,2,8,1,1,0.021521789
2024,4,2,9,1,2,0.001151548
2024,4,2,9,1,3,1.46E-05
2024,4,2,9,1,1,0.007858793
2024,4,2,11,7,1,7.96E-05
2024,4,2,11,7,4,1.04E-05
2024,4,2,11,15,2,0.000156644
2024,4,2,11,15,3,1.58E-05
2024,4,2,11,15,1,0.000917315
2024,4,2,11,15,4,0.000471271
2024,4,2,11,3,2,1.00E-07
2024,4,2,11,3,1,2.37E-05
2024,4,2,11,16,2,2.03E-05
2024,4,2,11,16,3,2.36E-06
2024,4,2,11,16,1,0.003787572
2024,4,2,11,2,2,1.12E-05
2024,4,2,11,2,1,0.002272191
2024,4,2,11,2,4,0.000561501
2024,4,2,11,1,2,0.000415156
2024,4,2,11,1,3,1.04E-05
2024,4,2,11,1,1,0.02884285
2024,4,3,1,1,2,0.006469645
2024,4,3,1,1,3,1.24E-06
2024,4,3,1,1,1,0.002386252
2024,4,3,2,16,2,9.60E-05
2024,4,3,2,16,3,8.22E-06
2024,4,3,2,16,1,0.001396973
2024,4,3,2,1,2,0.00381143
2024,4,3,2,1,3,2.99E-05
2024,4,3,2,1,1,0.004769741
2024,4,3,3,1,2,0.000588179
2024,4,3,3,1,1,0.003083615
2024,4,3,4,15,2,1.27E-06
2024,4,3,4,15,1,3.18E-05
2024,4,3,4,15,4,2.67E-05
2024,4,3,4,16,1,0.000216698
2024,4,3,4,5,2,2.13E-05
2024,4,3,4,5,1,3.10E-05
2024,4,3,4,5,4,4.11E-06
2024,4,3,4,6,2,4.31E-05
2024,4,3,4,6,1,0.000104012
2024,4,3,4,6,4,3.26E-05
2024,4,3,4,1,2,0.000801829
2024,4,3,4,1,1,0.001986236
2024,4,3,5,7,1,0.000113355
2024,4,3,5,7,4,2.10E-05
2024,4,3,5,15,1,1.49E-05
2024,4,3,5,15,4,2.98E-06
2024,4,3,5,1,1,0.000112892
2024,4,4,1,4,2,3.24E-06
2024,4,4,1,4,3,3.24E-06
2024,4,4,1,4,1,1.62E-05
2024,4,4,1,4,4,8.63E-06
2024,4,4,1,7,3,2.34E-06
2024,4,4,1,7,1,7.37E-05
2024,4,4,1,7,4,7.02E-06
2024,4,4,1,15,3,4.07E-06
2024,4,4,1,15,1,0.000618191
2024,4,4,1,15,4,0.000152791
2024,4,4,1,16,2,1.37E-06
2024,4,4,1,16,1,0.000556674
2024,4,4,1,1,2,0.021816177
2024,4,4,1,1,3,0.000691027
2024,4,4,1,1,1,0.018925436
2024,4,4,2,16,2,0.000215033
2024,4,4,2,16,3,1.92E-05
2024,4,4,2,16,1,0.006359589
2024,4,4,2,6,2,8.55E-06
2024,4,4,2,6,1,0.000329008
2024,4,4,2,6,4,4.98E-05
2024,4,4,2,1,2,0.002438012
2024,4,4,2,1,3,1.43E-05
2024,4,4,2,1,1,0.012119196
2024,4,4,3,1,1,0.000479333
2024,4,4,4,7,1,1.86E-05
2024,4,4,4,7,4,2.38E-06
2024,4,4,4,15,2,1.20E-06
2024,4,4,4,15,1,0.002024671
2024,4,4,4,15,4,0.000220224
2024,4,4,4,16,1,0.000652251
2024,4,4,4,1,2,0.000142282
2024,4,4,4,1,1,0.002067763
2024,4,4,5,7,1,5.56E-05
2024,4,4,5,7,4,5.85E-06
2024,4,4,5,15,1,8.86E-05
2024,4,4,5,15,4,3.05E-05
2024,4,4,5,6,1,2.75E-05
2024,4,4,5,6,4,7.41E-06
2024,4,4,5,1,2,2.22E-06
2024,4,4,5,1,1,0.000270637
2024,4,4,6,5,2,0.000244622
2024,4,4,6,5,3,9.64E-06
2024,4,4,6,5,1,0.000274748
2024,4,4,6,5,4,0.000113273
2024,4,4,6,1,2,0.002842873
2024,4,4,6,1,3,0.000661918
2024,4,4,6,1,1,0.002740157
2024,4,4,9,16,2,0.00045593
2024,4,4,9,16,3,9.23E-06
2024,4,4,9,16,1,0.003097055
2024,4,4,9,1,2,6.96E-05
2024,4,4,9,1,3,2.35E-05
2024,4,4,9,1,1,0.007154572
2024,4,5,6,1,2,0.000171653
2024,4,5,6,1,3,2.25E-06
2024,4,5,6,1,1,0.003295484
2024,4,5,7,1,2,5.71E-06
2024,4,5,7,1,1,0.003267657
2024,4,5,9,1,2,2.11E-05
2024,4,5,9,1,3,1.06E-06
2024,4,5,9,1,1,3.59E-05
2024,4,5,11,5,2,0.000566945
2024,4,5,11,5,1,0.002084356
2024,4,5,11,5,4,0.00016786
2024,4,5,11,1,2,0.000655966
2024,4,5,11,1,3,1.02E-06
2024,4,5,11,1,1,0.009691852
2024,4,5,1,16,2,6.80E-05
2024,4,5,1,16,3,2.67E-06
2024,4,5,1,16,1,0.000508347
2024,4,5,1,1,2,0.00036076
2024,4,5,1,1,3,9.31E-06
2024,4,5,1,1,1,0.003141434
2024,4,5,2,16,2,1.83E-05
2024,4,5,2,16,3,5.58E-06
2024,4,5,2,16,1,0.000497531
2024,4,5,2,1,2,4.28E-05
2024,4,5,2,1,3,2.05E-06
2024,4,5,2,1,1,0.006431332
2024,4,5,4,1,1,0.000263054
2024,4,5,5,15,2,1.03E-06
2024,4,5,5,15,1,0.000336335
2024,4,5,5,15,4,8.77E-05
2024,4,5,5,5,1,4.55E-06
2024,4,5,5,5,4,2.27E-06
2024,4,5,5,6,1,7.76E-06
2024,4,5,5,6,4,3.88E-06
2024,4,5,5,1,2,9.70E-06
2024,4,5,5,1,1,0.000297423
2024,4,6,2,1,2,5.31E-05
2024,4,6,2,1,1,0.000255539
2024,4,6,4,1,2,1.10E-06
2024,4,6,4,1,1,0.000594616
2024,4,6,5,16,1,4.28E-05
2024,4,6,5,1,2,7.76E-06
2024,4,6,5,1,1,0.001916353
2024,4,6,6,1,2,0.000195195
2024,4,6,6,1,3,1.19E-06
2024,4,6,6,1,1,0.000376701
2024,4,6,7,1,2,0.002835759
2024,4,6,7,1,3,0.000150336
2024,4,6,7,1,1,0.002245007
2024,4,6,8,2,1,0.000424263
2024,4,6,8,2,4,6.29E-05
2024,4,6,8,1,2,0.000512763
2024,4,6,8,1,3,0.0006665
2024,4,6,8,1,1,0.004964264
2024,4,6,9,1,2,0.000564999
2024,4,6,9,1,3,1.41E-06
2024,4,6,9,1,1,0.00111339
2024,4,6,11,16,2,2.09E-06
2024,4,6,11,16,1,0.001305696
2024,4,6,11,2,2,1.06E-06
2024,4,6,11,2,1,0.000709181
2024,4,6,11,2,4,0.000188124
2024,4,6,11,1,2,0.004406035
2024,4,6,11,1,3,2.02E-05
2024,4,6,11,1,1,0.016281252
2024,4,7,6,1,2,0.001268418
2024,4,7,6,1,3,6.69E-06
2024,4,7,6,1,1,0.005946059
2024,4,7,7,16,2,1.19E-06
2024,4,7,7,16,3,4.77E-06
2024,4,7,7,16,1,0.000583278
2024,4,7,7,1,2,0.004139421
2024,4,7,7,1,3,0.000146559
2024,4,7,7,1,1,0.01530965
2024,4,7,8,1,2,0.003742443
2024,4,7,8,1,3,0.000514689
2024,4,7,8,1,1,0.019024011
2024,4,7,9,16,2,0.000494385
2024,4,7,9,16,3,3.64E-05
2024,4,7,9,16,1,0.022040139
2024,4,7,9,6,3,1.78E-05
2024,4,7,9,6,1,1.84E-06
2024,4,7,9,6,4,4.30E-06
2024,4,7,9,1,2,0.023662864
2024,4,7,9,1,3,4.73E-05
2024,4,7,9,1,1,0.079712725
2024,4,7,10,1,2,0.000159917
2024,4,7,10,1,3,2.33E-06
2024,4,7,10,1,1,0.003400976
2024,4,7,11,15,1,0.000217077
2024,4,7,11,15,4,2.17E-05
2024,4,7,11,16,2,1.01E-06
2024,4,7,11,16,1,0.000760947
2024,4,7,11,6,2,3.07E-06
2024,4,7,11,6,3,0.000108993
2024,4,7,11,6,1,0.00102728
2024,4,7,11,6,4,8.61E-05
2024,4,7,11,1,2,0.000169552
2024,4,7,11,1,3,1.03E-06
2024,4,7,11,1,1,0.005258586
2024,4,7,1,7,3,5.36E-06
2024,4,7,1,7,1,1.07E-06
2024,4,7,1,7,4,3.22E-06
2024,4,7,1,15,2,3.59E-05
2024,4,7,1,15,3,4.24E-06
2024,4,7,1,15,1,0.000175885
2024,4,7,1,15,4,2.34E-05
2024,4,7,1,16,2,1.40E-06
2024,4,7,1,16,3,1.40E-06
2024,4,7,1,16,1,0.00087185
2024,4,7,1,6,3,6.54E-06
2024,4,7,1,6,1,0.000579912
2024,4,7,1,6,4,6.54E-05
2024,4,7,1,1,2,0.007636997
2024,4,7,1,1,3,0.000109166
2024,4,7,1,1,1,0.029119576
2024,4,7,2,16,2,2.04E-06
2024,4,7,2,16,1,0.000246328
2024,4,7,2,1,2,0.000881002
2024,4,7,2,1,3,4.05E-06
2024,4,7,2,1,1,0.009780566
2024,4,7,3,7,1,7.18E-05
2024,4,7,3,7,4,5.01E-06
2024,4,7,3,1,2,0.000391146
2024,4,7,3,1,3,1.13E-06
2024,4,7,3,1,1,0.00065907
2024,4,7,4,7,1,0.000204531
2024,4,7,4,7,4,6.10E-06
2024,4,7,4,15,2,5.03E-05
2024,4,7,4,15,1,0.000386745
2024,4,7,4,15,4,7.25E-05
2024,4,7,4,5,1,0.000388041
2024,4,7,4,5,4,4.17E-05
2024,4,7,4,1,1,0.000181207
2024,4,8,6,1,2,0.001272002
2024,4,8,6,1,3,6.77E-05
2024,4,8,6,1,1,0.01019556
2024,4,8,7,3,2,1.41E-06
2024,4,8,7,3,3,2.48E-05
2024,4,8,7,3,1,7.05E-07
2024,4,8,7,1,2,0.004081553
2024,4,8,7,1,3,0.000113218
2024,4,8,7,1,1,0.008988897
2024,4,8,8,1,2,0.001390551
2024,4,8,8,1,3,0.000103723
2024,4,8,8,1,1,0.016568981
2024,4,8,9,7,2,1.37E-06
2024,4,8,9,7,3,2.88E-06
2024,4,8,9,7,1,0.000749673
2024,4,8,9,7,4,3.52E-05
2024,4,8,9,15,1,2.50E-05
2024,4,8,9,15,4,1.56E-06
2024,4,8,9,16,2,5.09E-05
2024,4,8,9,16,3,5.36E-06
2024,4,8,9,16,1,0.009403657
2024,4,8,9,5,2,0.000117853
2024,4,8,9,5,1,0.001490513
2024,4,8,9,5,4,6.80E-05
2024,4,8,9,1,2,0.007169189
2024,4,8,9,1,3,9.62E-05
2024,4,8,9,1,1,0.05965345
2024,4,8,10,15,1,0.000832557
2024,4,8,10,15,4,3.10E-05
2024,4,8,10,1,2,0.000557133
2024,4,8,10,1,1,0.016101206
2024,4,8,11,4,1,0.000130382
2024,4,8,11,4,4,6.86E-06
2024,4,8,11,7,2,2.51E-06
2024,4,8,11,7,1,0.00012079
2024,4,8,11,7,4,1.60E-05
2024,4,8,11,15,2,1.11E-05
2024,4,8,11,15,3,2.39E-05
2024,4,8,11,15,1,0.005571407
2024,4,8,11,15,4,0.000841225
2024,4,8,11,16,1,0.001689387
2024,4,8,11,5,2,0.000935904
2024,4,8,11,5,3,1.18E-06
2024,4,8,11,5,1,0.001705475
2024,4,8,11,5,4,0.000242448
2024,4,8,11,6,2,5.80E-05
2024,4,8,11,6,1,0.000872307
2024,4,8,11,6,4,0.000149921
2024,4,8,11,1,2,0.002846633
2024,4,8,11,1,3,0.000850618
2024,4,8,11,1,1,0.03800947
2024,4,8,1,7,2,4.48E-08
2024,4,8,1,7,3,3.60E-06
2024,4,8,1,7,1,2.28E-05
2024,4,8,1,7,4,1.92E-06
2024,4,8,1,15,1,0.000163353
2024,4,8,1,15,4,3.44E-06
2024,4,8,1,16,1,2.01E-05
2024,4,8,1,5,3,2.69E-06
2024,4,8,1,5,1,0.000130405
2024,4,8,1,5,4,4.84E-05
2024,4,8,1,1,2,0.000529305
2024,4,8,1,1,3,9.04E-06
2024,4,8,1,1,1,0.003809699
2024,4,8,2,7,1,4.15E-05
2024,4,8,2,7,4,4.15E-06
2024,4,8,3,1,2,5.40E-05
2024,4,8,3,1,1,0.000127905
2024,4,8,4,7,2,2.84E-05
2024,4,8,4,7,3,7.43E-06
2024,4,8,4,7,1,0.000303598
2024,4,8,4,7,4,5.59E-05
2024,4,8,4,15,2,5.29E-05
2024,4,8,4,15,3,6.15E-05
2024,4,8,4,15,1,0.008088192
2024,4,8,4,15,4,0.000556058
2024,4,8,4,5,1,9.41E-05
2024,4,8,4,5,4,1.61E-05
2024,4,8,4,1,2,1.09E-05
2024,4,8,4,1,1,0.000879128
2024,4,8,5,7,1,1.30E-05
2024,4,8,5,7,4,1.54E-05
2024,4,8,5,15,2,3.64E-06
2024,4,8,5,15,1,0.000319294
2024,4,8,5,15,4,7.71E-05
2024,4,8,5,6,1,3.59E-05
2024,4,8,5,6,4,2.91E-06
2024,4,8,5,1,1,5.94E-05
2024,5,1,2,1,1,0.00279827
2024,5,1,3,4,1,0.000300867
2024,5,1,3,1,2,0.000147669
2024,5,1,3,1,1,0.00160075
2024,5,1,4,1,1,0.000198993
2024,5,1,5,1,1,0.004637052
2024,5,1,7,16,2,1.20E-06
2024,5,1,7,16,3,0.00045895
2024,5,1,7,16,1,0.013492042
2024,5,1,7,1,2,1.27E-05
2024,5,1,7,1,3,0.000699764
2024,5,1,7,1,1,0.009615591
2024,5,1,8,1,2,9.10E-06
2024,5,1,8,1,3,0.000315809
2024,5,1,8,1,1,0.019234227
2024,5,1,9,1,2,0.001411543
2024,5,1,9,1,3,0.000168999
2024,5,1,9,1,1,0.035305946
2024,5,1,11,16,2,1.48E-05
2024,5,1,11,16,3,1.64E-06
2024,5,1,11,16,1,0.002343508
2024,5,1,11,1,1,0.004200469
2024,5,2,1,1,2,0.001479763
2024,5,2,1,1,3,2.19E-06
2024,5,2,1,1,1,0.007876266
2024,5,2,2,1,1,0.00114448
2024,5,2,3,4,1,0.000715899
2024,5,2,3,4,4,2.35E-05
2024,5,2,3,1,2,0.000254568
2024,5,2,3,1,1,0.004675817
2024,5,2,4,15,2,0.000268067
2024,5,2,4,15,1,0.003498766
2024,5,2,4,15,4,0.000288062
2024,5,2,4,1,2,0.000430609
2024,5,2,4,1,3,0.000105969
2024,5,2,4,1,1,0.021438182
2024,5,2,5,7,1,6.53E-05
2024,5,2,5,7,4,6.73E-06
2024,5,2,5,15,1,0.000934782
2024,5,2,5,15,4,9.65E-05
2024,5,2,5,16,1,0.000008
2024,5,2,5,1,2,9.96E-05
2024,5,2,5,1,1,0.004923556
2024,5,2,6,1,2,0.001571339
2024,5,2,6,1,3,0.000240746
2024,5,2,6,1,1,0.013635095
2024,5,2,7,7,2,7.63E-05
2024,5,2,7,7,3,5.22E-06
2024,5,2,7,7,1,0.000757832
2024,5,2,7,7,4,7.63E-05
2024,5,2,7,15,3,3.58E-05
2024,5,2,7,15,1,1.09E-05
2024,5,2,7,15,4,4.52E-05
2024,5,2,7,16,2,0.001227155
2024,5,2,7,16,3,0.000244638
2024,5,2,7,16,1,0.0043281
2024,5,2,7,1,2,0.000128715
2024,5,2,7,1,3,0.004053258
2024,5,2,7,1,1,0.037444298
2024,5,2,8,3,2,2.81E-06
2024,5,2,8,3,3,4.29E-06
2024,5,2,8,3,1,0.000107932
2024,5,2,8,2,3,1.02E-06
2024,5,2,8,2,1,0.002697481
2024,5,2,8,2,4,0.000399265
2024,5,2,8,1,2,0.001874315
2024,5,2,8,1,3,0.001541234
2024,5,2,8,1,1,0.051366628
2024,5,2,9,16,1,0.000182262
2024,5,2,9,1,2,0.000217527
2024,5,2,9,1,3,0.000527013
2024,5,2,9,1,1,0.037470201
2024,5,2,11,7,1,0.000346959
2024,5,2,11,7,4,3.52E-05
2024,5,2,11,15,2,0.000401974
2024,5,2,11,15,3,9.87E-05
2024,5,2,11,15,1,0.004264027
2024,5,2,11,15,4,0.001003466
2024,5,2,11,3,2,3.60E-08
2024,5,2,11,3,3,2.15E-08
2024,5,2,11,3,1,3.07E-05
2024,5,2,11,16,2,8.30E-06
2024,5,2,11,16,3,2.64E-06
2024,5,2,11,16,1,0.011705663
2024,5,2,11,2,1,0.003777316
2024,5,2,11,2,4,0.00061596
2024,5,2,11,1,2,0.000154329
2024,5,2,11,1,3,3.19E-05
2024,5,2,11,1,1,0.046143777
2024,5,3,1,1,2,0.004027868
2024,5,3,1,1,3,6.81E-05
2024,5,3,1,1,1,0.017969355
2024,5,3,2,16,2,0.00020208
2024,5,3,2,16,3,7.50E-05
2024,5,3,2,16,1,0.010574067
2024,5,3,2,1,2,0.008037847
2024,5,3,2,1,3,4.03E-05
2024,5,3,2,1,1,0.062272043
2024,5,3,3,1,2,0.004196319
2024,5,3,3,1,1,0.016649524
2024,5,3,4,15,2,0.000166405
2024,5,3,4,15,1,0.001186427
2024,5,3,4,15,4,0.000179107
2024,5,3,4,16,1,0.001967373
2024,5,3,4,5,2,0.000112051
2024,5,3,4,5,1,0.000387329
2024,5,3,4,5,4,3.78E-05
2024,5,3,4,6,2,1.05E-06
2024,5,3,4,6,1,0.000660842
2024,5,3,4,6,4,3.78E-05
2024,5,3,4,1,2,0.003823817
2024,5,3,4,1,3,1.11E-06
2024,5,3,4,1,1,0.025640628
2024,5,3,5,7,2,2.04E-06
2024,5,3,5,7,1,0.001352673
2024,5,3,5,7,4,0.000176857
2024,5,3,5,15,2,2.13E-07
2024,5,3,5,15,1,0.000121372
2024,5,3,5,15,4,1.64E-05
2024,5,3,5,1,2,1.98E-05
2024,5,3,5,1,1,0.001794325
2024,5,4,1,4,3,4.96E-05
2024,5,4,1,4,1,0.000102537
2024,5,4,1,4,4,2.05E-05
2024,5,4,1,7,3,0.000139262
2024,5,4,1,7,1,0.000301482
2024,5,4,1,7,4,3.05E-05
2024,5,4,1,15,3,5.09E-06
2024,5,4,1,15,1,0.014541777
2024,5,4,1,15,4,0.000507021
2024,5,4,1,16,2,3.49E-06
2024,5,4,1,16,1,0.002736718
2024,5,4,1,1,2,0.039206075
2024,5,4,1,1,3,0.001196865
2024,5,4,1,1,1,0.113945132
2024,5,4,2,16,2,0.00126814
2024,5,4,2,16,3,0.000522361
2024,5,4,2,16,1,0.030456769
2024,5,4,2,6,2,2.85E-06
2024,5,4,2,6,3,2.14E-05
2024,5,4,2,6,1,0.001817377
2024,5,4,2,6,4,9.12E-05
2024,5,4,2,1,2,0.005596727
2024,5,4,2,1,3,0.000257933
2024,5,4,2,1,1,0.08646795
2024,5,4,3,1,2,0.000255215
2024,5,4,3,1,1,0.003853019
2024,5,4,4,7,2,1.34E-06
2024,5,4,4,7,1,9.80E-05
2024,5,4,4,7,4,1.34E-06
2024,5,4,4,15,2,1.81E-05
2024,5,4,4,15,3,2.23E-06
2024,5,4,4,15,1,0.012538491
2024,5,4,4,15,4,0.000777817
2024,5,4,4,16,2,1.04E-06
2024,5,4,4,16,3,1.04E-06
2024,5,4,4,16,1,0.003789139
2024,5,4,4,1,2,0.00154867
2024,5,4,4,1,1,0.01969115
2024,5,4,5,7,1,0.000650858
2024,5,4,5,7,4,4.04E-05
2024,5,4,5,15,1,0.000904148
2024,5,4,5,15,4,0.000197076
2024,5,4,5,16,1,0.0000078
2024,5,4,5,6,2,1.06E-06
2024,5,4,5,6,1,9.42E-05
2024,5,4,5,6,4,8.47E-06
2024,5,4,5,1,1,0.00282011
2024,5,4,6,5,2,0.000632643
2024,5,4,6,5,3,2.89E-05
2024,5,4,6,5,1,0.000853165
2024,5,4,6,5,4,0.000559136
2024,5,4,6,1,2,0.005917283
2024,5,4,6,1,3,0.000327838
2024,5,4,6,1,1,0.003415404
2024,5,4,9,16,2,0.0012634
2024,5,4,9,16,3,0.00012211
2024,5,4,9,16,1,0.010387694
2024,5,4,9,1,2,0.000833875
2024,5,4,9,1,3,0.000162328
2024,5,4,9,1,1,0.030293458
2024,5,5,6,1,2,0.000529243
2024,5,5,6,1,3,5.10E-06
2024,5,5,6,1,1,0.018391568
2024,5,5,7,1,3,3.68E-06
2024,5,5,7,1,1,0.013880122
2024,5,5,9,1,2,0.000381145
2024,5,5,9,1,3,4.22E-06
2024,5,5,9,1,1,0.002861225
2024,5,5,11,5,2,0.000982704
2024,5,5,11,5,1,0.008038389
2024,5,5,11,5,4,0.000352395
2024,5,5,11,1,2,0.001966229
2024,5,5,11,1,3,4.25E-05
2024,5,5,11,1,1,0.039949885
2024,5,5,1,16,2,0.000536366
2024,5,5,1,16,3,3.74E-05
2024,5,5,1,16,1,0.002667153
2024,5,5,1,1,2,0.001215378
2024,5,5,1,1,3,9.48E-06
2024,5,5,1,1,1,0.01946793
2024,5,5,2,16,2,0.000293416
2024,5,5,2,16,3,1.12E-05
2024,5,5,2,16,1,0.005228063
2024,5,5,2,1,2,0.000593221
2024,5,5,2,1,3,9.66E-06
2024,5,5,2,1,1,0.04374492
2024,5,5,4,1,2,0.000123667
2024,5,5,4,1,3,4.80E-06
2024,5,5,4,1,1,0.002452359
2024,5,5,5,15,2,5.07E-06
2024,5,5,5,15,1,0.004186601
2024,5,5,5,15,4,0.000502516
2024,5,5,5,5,1,7.50E-05
2024,5,5,5,5,4,1.48E-05
2024,5,5,5,6,1,0.000331034
2024,5,5,5,6,4,5.43E-05
2024,5,5,5,1,2,0.000208393
2024,5,5,5,1,3,3.46E-06
2024,5,5,5,1,1,0.004604537
2024,5,6,2,1,2,1.54E-05
2024,5,6,2,1,1,0.002116925
2024,5,6,4,1,2,4.39E-06
2024,5,6,4,1,1,0.004295417
2024,5,6,5,16,1,0.000243169
2024,5,6,5,1,2,2.37E-06
2024,5,6,5,1,3,2.15E-06
2024,5,6,5,1,1,0.011216104
2024,5,6,6,1,2,0.000572873
2024,5,6,6,1,3,2.33E-06
2024,5,6,6,1,1,0.00145249
2024,5,6,7,1,2,0.003530384
2024,5,6,7,1,3,0.000480486
2024,5,6,7,1,1,0.006676029
2024,5,6,8,2,1,0.001338761
2024,5,6,8,2,4,0.000170994
2024,5,6,8,1,2,0.000996888
2024,5,6,8,1,3,0.001673135
2024,5,6,8,1,1,0.019737271
2024,5,6,9,16,2,1.03E-06
2024,5,6,9,16,1,0.00043125
2024,5,6,9,1,2,0.000197946
2024,5,6,9,1,3,1.29E-05
2024,5,6,9,1,1,0.008426128
2024,5,6,11,16,2,1.15E-05
2024,5,6,11,16,1,0.004566802
2024,5,6,11,2,1,0.001787959
2024,5,6,11,2,4,0.000515685
2024,5,6,11,1,2,0.003778369
2024,5,6,11,1,3,4.41E-05
2024,5,6,11,1,1,0.040130317
2024,5,7,6,1,2,0.003852109
2024,5,7,6,1,3,3.79E-05
2024,5,7,6,1,1,0.007930682
2024,5,7,7,16,3,4.77E-05
2024,5,7,7,16,1,0.000492625
2024,5,7,7,1,2,0.001691437
2024,5,7,7,1,3,0.000398936
2024,5,7,7,1,1,0.026871609
2024,5,7,8,1,2,0.006085881
2024,5,7,8,1,3,0.000465381
2024,5,7,8,1,1,0.012618955
2024,5,7,9,16,2,0.001009083
2024,5,7,9,16,3,0.000389749
2024,5,7,9,16,1,0.078243014
2024,5,7,9,6,3,1.11E-05
2024,5,7,9,6,1,4.30E-06
2024,5,7,9,6,4,8.60E-06
2024,5,7,9,1,2,0.021961091
2024,5,7,9,1,3,0.000312091
2024,5,7,9,1,1,0.2099565
2024,5,7,10,1,2,0.001381397
2024,5,7,10,1,1,0.011701065
2024,5,7,11,15,1,0.000291666
2024,5,7,11,15,4,0.000101981
2024,5,7,11,16,1,0.004472341
2024,5,7,11,6,2,8.81E-05
2024,5,7,11,6,3,2.56E-05
2024,5,7,11,6,1,0.003560939
2024,5,7,11,6,4,0.000178897
2024,5,7,11,1,2,0.000527674
2024,5,7,11,1,3,4.17E-06
2024,5,7,11,1,1,0.014486993
2024,5,7,1,7,1,3.86E-05
2024,5,7,1,15,2,0.000777349
2024,5,7,1,15,3,7.44E-06
2024,5,7,1,15,1,0.001056954
2024,5,7,1,15,4,6.46E-05
2024,5,7,1,16,3,0.000120501
2024,5,7,1,16,1,0.003990515
2024,5,7,1,6,3,1.74E-05
2024,5,7,1,6,1,0.001135843
2024,5,7,1,6,4,8.07E-05
2024,5,7,1,1,2,0.014838246
2024,5,7,1,1,3,0.000929581
2024,5,7,1,1,1,0.153346871
2024,5,7,2,16,2,2.04E-06
2024,5,7,2,16,3,6.13E-06
2024,5,7,2,16,1,0.016790141
2024,5,7,2,1,2,0.003783605
2024,5,7,2,1,3,5.87E-05
2024,5,7,2,1,1,0.120513386
2024,5,7,3,7,1,0.000789548
2024,5,7,3,7,4,1.67E-06
2024,5,7,3,1,2,0.002920032
2024,5,7,3,1,1,0.011347768
2024,5,7,4,7,1,0.001828218
2024,5,7,4,7,4,3.88E-05
2024,5,7,4,15,1,0.002275321
2024,5,7,4,15,4,0.000180522
2024,5,7,4,5,1,0.00210715
2024,5,7,4,5,4,7.66E-05
2024,5,7,4,1,2,1.37E-05
2024,5,7,4,1,1,0.00309348
2024,5,8,6,1,2,0.004443082
2024,5,8,6,1,3,0.000118818
2024,5,8,6,1,1,0.022955746
2024,5,8,7,3,3,7.89E-05
2024,5,8,7,3,1,1.66E-07
2024,5,8,7,1,2,0.006596165
2024,5,8,7,1,3,0.001003345
2024,5,8,7,1,1,0.015765632
2024,5,8,8,1,2,0.004561726
2024,5,8,8,1,3,0.000488785
2024,5,8,8,1,1,0.025948283
2024,5,8,9,7,2,6.85E-06
2024,5,8,9,7,3,4.25E-06
2024,5,8,9,7,1,0.002924113
2024,5,8,9,7,4,9.50E-05
2024,5,8,9,15,1,0.000468413
2024,5,8,9,15,4,4.68E-06
2024,5,8,9,16,2,6.00E-05
2024,5,8,9,16,3,5.85E-05
2024,5,8,9,16,1,0.030940216
2024,5,8,9,5,2,0.000264894
2024,5,8,9,5,1,0.005139329
2024,5,8,9,5,4,0.0002267
2024,5,8,9,1,2,0.01400642
2024,5,8,9,1,3,0.000399085
2024,5,8,9,1,1,0.226769173
2024,5,8,10,15,3,5.00E-06
2024,5,8,10,15,1,0.005249459
2024,5,8,10,15,4,0.000150571
2024,5,8,10,1,2,0.008085232
2024,5,8,10,1,3,6.25E-06
2024,5,8,10,1,1,0.062452606
2024,5,8,11,4,1,0.000491793
2024,5,8,11,4,4,8.23E-05
2024,5,8,11,7,3,2.09E-07
2024,5,8,11,7,1,0.000953946
2024,5,8,11,7,4,6.35E-05
2024,5,8,11,15,2,4.33E-05
2024,5,8,11,15,3,6.04E-05
2024,5,8,11,15,1,0.03723852
2024,5,8,11,15,4,0.004008456
2024,5,8,11,16,3,1.15E-06
2024,5,8,11,16,1,0.010813133
2024,5,8,11,5,2,0.002337459
2024,5,8,11,5,1,0.006644789
2024,5,8,11,5,4,0.000608704
2024,5,8,11,6,2,1.95E-05
2024,5,8,11,6,3,1.10E-06
2024,5,8,11,6,1,0.005669553
2024,5,8,11,6,4,0.000523634
2024,5,8,11,1,2,0.012345357
2024,5,8,11,1,3,0.001505983
2024,5,8,11,1,1,0.198045616
2024,5,8,1,7,3,2.68E-05
2024,5,8,1,7,1,0.000467962
2024,5,8,1,7,4,2.24E-05
2024,5,8,1,15,3,3.98E-05
2024,5,8,1,15,1,0.000432673
2024,5,8,1,15,4,1.36E-05
2024,5,8,1,16,1,0.000594667
2024,5,8,1,5,2,0.00086578
2024,5,8,1,5,1,0.000444989
2024,5,8,1,5,4,9.01E-05
2024,5,8,1,1,2,0.004124614
2024,5,8,1,1,3,3.66E-05
2024,5,8,1,1,1,0.057573662
2024,5,8,2,7,3,4.15E-06
2024,5,8,2,7,1,0.00090551
2024,5,8,2,7,4,7.48E-05
2024,5,8,2,1,1,9.56E-05
2024,5,8,3,1,2,0.000354927
2024,5,8,3,1,1,0.007102654
2024,5,8,4,7,2,2.26E-05
2024,5,8,4,7,3,8.75E-06
2024,5,8,4,7,1,0.002091546
2024,5,8,4,7,4,0.000403014
2024,5,8,4,15,2,0.000857288
2024,5,8,4,15,3,0.00021439
2024,5,8,4,15,1,0.066393309
2024,5,8,4,15,4,0.002257336
2024,5,8,4,5,1,0.000403313
2024,5,8,4,5,4,0.000133093
2024,5,8,4,1,2,0.001502669
2024,5,8,4,1,3,2.09E-06
2024,5,8,4,1,1,0.032912732
2024,5,8,5,7,1,0.000300915
2024,5,8,5,7,4,4.38E-05
2024,5,8,5,15,3,9.10E-07
2024,5,8,5,15,1,0.003581794
2024,5,8,5,15,4,0.000667118
2024,5,8,5,6,1,0.000194093
2024,5,8,5,6,4,4.85E-06
2024,5,8,5,1,1,0.000772034
2024,6,1,2,1,1,0.000531506
2024,6,1,3,4,1,2.26E-05
2024,6,1,3,1,2,1.02E-06
2024,6,1,3,1,1,0.000150699
2024,6,1,4,1,1,2.65E-05
2024,6,1,5,1,1,0.00041858
2024,6,1,7,16,3,1.56E-05
2024,6,1,7,16,1,0.003467541
2024,6,1,7,1,3,0.000168968
2024,6,1,7,1,1,0.00328799
2024,6,1,8,1,2,1.60E-05
2024,6,1,8,1,3,6.11E-05
2024,6,1,8,1,1,0.00533562
2024,6,1,9,1,2,0.000392387
2024,6,1,9,1,3,1.94E-05
2024,6,1,9,1,1,0.008963593
2024,6,1,11,16,1,0.000577672
2024,6,1,11,1,3,1.25E-06
2024,6,1,11,1,1,0.001282321
2024,6,2,1,1,2,0.00026707
2024,6,2,1,1,1,0.001499052
2024,6,2,2,1,1,0.000215201
2024,6,2,3,4,1,4.18E-05
2024,6,2,3,1,2,3.86E-05
2024,6,2,3,1,1,0.000539991
2024,6,2,4,15,2,7.50E-06
2024,6,2,4,15,1,0.000189198
2024,6,2,4,15,4,1.36E-05
2024,6,2,4,1,2,1.03E-05
2024,6,2,4,1,3,3.59E-06
2024,6,2,4,1,1,0.00399186
2024,6,2,5,7,1,5.45E-06
2024,6,2,5,7,4,1.43E-07
2024,6,2,5,15,1,7.80E-05
2024,6,2,5,15,4,2.05E-06
2024,6,2,5,1,1,0.000485255
2024,6,2,6,1,2,0.000346922
2024,6,2,6,1,3,0.000120684
2024,6,2,6,1,1,0.003541688
2024,6,2,7,7,1,0.000114783
2024,6,2,7,7,4,1.04E-05
2024,6,2,7,15,3,2.49E-06
2024,6,2,7,15,1,9.35E-07
2024,6,2,7,15,4,7.79E-06
2024,6,2,7,16,2,0.000153394
2024,6,2,7,16,3,1.19E-05
2024,6,2,7,16,1,0.00068763
2024,6,2,7,1,2,1.03E-05
2024,6,2,7,1,3,0.001583483
2024,6,2,7,1,1,0.010212745
2024,6,2,8,3,2,3.98E-07
2024,6,2,8,3,3,1.69E-06
2024,6,2,8,3,1,3.88E-05
2024,6,2,8,2,1,0.000607353
2024,6,2,8,2,4,0.000151597
2024,6,2,8,1,2,0.000179876
2024,6,2,8,1,3,0.000510319
2024,6,2,8,1,1,0.015596751
2024,6,2,9,16,1,2.65E-05
2024,6,2,9,1,2,0.000114637
2024,6,2,9,1,3,8.52E-05
2024,6,2,9,1,1,0.013751921
2024,6,2,11,7,1,4.70E-05
2024,6,2,11,7,4,3.26E-06
2024,6,2,11,15,2,0.000166904
2024,6,2,11,15,3,1.55E-06
2024,6,2,11,15,1,0.00063987
2024,6,2,11,15,4,0.000162434
2024,6,2,11,3,3,2.57E-08
2024,6,2,11,3,1,1.21E-05
2024,6,2,11,16,2,3.11E-06
2024,6,2,11,16,1,0.003463057
2024,6,2,11,2,1,0.001161439
2024,6,2,11,2,4,0.000161303
2024,6,2,11,1,2,3.46E-05
2024,6,2,11,1,3,7.12E-05
2024,6,2,11,1,1,0.017528199
2024,6,3,1,1,2,0.001165408
2024,6,3,1,1,3,1.86E-05
2024,6,3,1,1,1,0.005172666
2024,6,3,2,16,2,3.59E-05
2024,6,3,2,16,1,0.001248682
2024,6,3,2,1,2,0.001177625
2024,6,3,2,1,3,6.20E-06
2024,6,3,2,1,1,0.007748492
2024,6,3,3,1,2,0.000364871
2024,6,3,3,1,1,0.003314444
2024,6,3,4,15,1,8.64E-05
2024,6,3,4,15,4,1.02E-05
2024,6,3,4,16,1,0.000223914
2024,6,3,4,5,2,1.71E-05
2024,6,3,4,5,1,3.19E-05
2024,6,3,4,5,4,3.41E-06
2024,6,3,4,6,2,1.05E-06
2024,6,3,4,6,1,5.46E-05
2024,6,3,4,6,4,1.05E-05
2024,6,3,4,1,2,0.000212694
2024,6,3,4,1,3,3.29E-06
2024,6,3,4,1,1,0.002799296
2024,6,3,5,7,1,0.00010545
2024,6,3,5,7,4,1.68E-05
2024,6,3,5,15,1,1.00E-05
2024,6,3,5,15,4,1.28E-06
2024,6,3,5,1,1,0.000147258
2024,6,4,1,4,3,1.08E-06
2024,6,4,1,4,1,3.24E-06
2024,6,4,1,7,1,0.000120589
2024,6,4,1,7,4,4.68E-05
2024,6,4,1,15,1,0.000871097
2024,6,4,1,15,4,1.94E-05
2024,6,4,1,16,1,0.000582505
2024,6,4,1,1,2,0.005801535
2024,6,4,1,1,3,0.000479764
2024,6,4,1,1,1,0.036311351
2024,6,4,2,16,2,3.88E-05
2024,6,4,2,16,3,8.21E-06
2024,6,4,2,16,1,0.00559146
2024,6,4,2,6,1,0.000185156
2024,6,4,2,6,4,2.85E-06
2024,6,4,2,1,2,0.000855333
2024,6,4,2,1,3,1.53E-05
2024,6,4,2,1,1,0.018714962
2024,6,4,3,1,1,0.000385517
2024,6,4,4,7,1,5.06E-06
2024,6,4,4,7,4,2.53E-06
2024,6,4,4,15,1,0.001427114
2024,6,4,4,15,4,0.000173481
2024,6,4,4,16,2,2.08E-06
2024,6,4,4,16,1,0.000704957
2024,6,4,4,1,2,7.19E-05
2024,6,4,4,1,1,0.00303045
2024,6,4,5,7,1,7.25E-05
2024,6,4,5,7,4,6.70E-06
2024,6,4,5,15,1,3.31E-05
2024,6,4,5,15,4,1.82E-05
2024,6,4,5,16,1,0.0000039
2024,6,4,5,6,1,9.53E-06
2024,6,4,5,6,4,2.12E-06
2024,6,4,5,1,1,0.000339058
2024,6,4,6,5,2,5.06E-05
2024,6,4,6,5,1,0.000139784
2024,6,4,6,5,4,3.98E-05
2024,6,4,6,1,2,0.000706553
2024,6,4,6,1,3,0.000133037
2024,6,4,6,1,1,0.000922374
2024,6,4,9,16,2,0.000177164
2024,6,4,9,16,3,4.49E-05
2024,6,4,9,16,1,0.002281711
2024,6,4,9,1,2,7.07E-05
2024,6,4,9,1,3,2.05E-06
2024,6,4,9,1,1,0.006855704
2024,6,5,6,1,2,5.68E-05
2024,6,5,6,1,3,1.43E-06
2024,6,5,6,1,1,0.004040899
2024,6,5,7,1,1,0.004077295
2024,6,5,9,1,2,0.000231221
2024,6,5,9,1,3,1.06E-06
2024,6,5,9,1,1,0.000584915
2024,6,5,11,5,2,0.000195652
2024,6,5,11,5,1,0.000799281
2024,6,5,11,5,4,4.11E-05
2024,6,5,11,1,2,0.000277874
2024,6,5,11,1,3,5.80E-06
2024,6,5,11,1,1,0.011644181
2024,6,5,1,16,2,0.000253506
2024,6,5,1,16,1,0.00051235
2024,6,5,1,1,2,0.000328357
2024,6,5,1,1,3,1.20E-06
2024,6,5,1,1,1,0.004374341
2024,6,5,2,16,2,1.59E-05
2024,6,5,2,16,1,0.000973534
2024,6,5,2,1,2,0.000104409
2024,6,5,2,1,3,3.26E-06
2024,6,5,2,1,1,0.007050822
2024,6,5,4,1,1,0.000355904
2024,6,5,5,15,1,0.000383665
2024,6,5,5,15,4,4.43E-05
2024,6,5,5,5,1,4.55E-06
2024,6,5,5,6,1,1.68E-05
2024,6,5,5,6,4,3.88E-06
2024,6,5,5,1,1,0.000469631
2024,6,6,2,1,2,2.79E-06
2024,6,6,2,1,1,0.00033653
2024,6,6,4,1,1,0.001110888
2024,6,6,5,16,1,4.86E-05
2024,6,6,5,1,1,0.001975845
2024,6,6,6,1,2,0.000121356
2024,6,6,6,1,1,0.000351277
2024,6,6,7,1,2,0.000323806
2024,6,6,7,1,3,0.000207992
2024,6,6,7,1,1,0.002211922
2024,6,6,8,2,3,1.11E-06
2024,6,6,8,2,1,0.000275087
2024,6,6,8,2,4,3.00E-05
2024,6,6,8,1,2,0.000181956
2024,6,6,8,1,3,0.000620526
2024,6,6,8,1,1,0.006227254
2024,6,6,9,16,3,1.03E-06
2024,6,6,9,16,1,0.000129375
2024,6,6,9,1,2,4.90E-05
2024,6,6,9,1,3,1.09E-05
2024,6,6,9,1,1,0.005545715
2024,6,6,11,16,2,2.09E-06
2024,6,6,11,16,3,2.61E-05
2024,6,6,11,16,1,0.001658756
2024,6,6,11,2,3,1.08E-06
2024,6,6,11,2,1,0.000523235
2024,6,6,11,2,4,7.49E-05
2024,6,6,11,1,2,0.000688051
2024,6,6,11,1,3,7.38E-05
2024,6,6,11,1,1,0.013549593
2024,6,7,6,1,2,0.000618033
2024,6,7,6,1,1,0.001790511
2024,6,7,7,16,1,9.78E-05
2024,6,7,7,1,2,0.00027116
2024,6,7,7,1,3,8.99E-05
2024,6,7,7,1,1,0.008891002
2024,6,7,8,1,2,0.000634794
2024,6,7,8,1,3,0.00011387
2024,6,7,8,1,1,0.004441231
2024,6,7,9,16,2,5.08E-05
2024,6,7,9,16,3,1.04E-06
2024,6,7,9,16,1,0.013419079
2024,6,7,9,6,1,3.07E-06
2024,6,7,9,1,2,0.002595968
2024,6,7,9,1,3,1.04E-05
2024,6,7,9,1,1,0.041245147
2024,6,7,10,1,2,3.94E-05
2024,6,7,10,1,1,0.00173508
2024,6,7,11,15,1,3.11E-05
2024,6,7,11,15,4,1.71E-05
2024,6,7,11,16,1,0.00075486
2024,6,7,11,6,1,0.000488678
2024,6,7,11,6,4,4.75E-05
2024,6,7,11,1,2,9.22E-05
2024,6,7,11,1,1,0.002016142
2024,6,7,1,7,1,3.22E-06
2024,6,7,1,15,2,0.000134269
2024,6,7,1,15,1,7.89E-05
2024,6,7,1,15,4,2.13E-06
2024,6,7,1,16,2,2.18E-06
2024,6,7,1,16,1,0.000517341
2024,6,7,1,6,1,0.000233273
2024,6,7,1,6,4,1.53E-05
2024,6,7,1,1,2,0.003511222
2024,6,7,1,1,3,0.0002649
2024,6,7,1,1,1,0.039784907
2024,6,7,2,16,2,2.04E-06
2024,6,7,2,16,1,0.003177729
2024,6,7,2,1,2,0.000600906
2024,6,7,2,1,3,1.89E-05
2024,6,7,2,1,1,0.019630397
2024,6,7,3,7,1,5.68E-05
2024,6,7,3,7,4,1.67E-06
2024,6,7,3,1,2,0.000280359
2024,6,7,3,1,1,0.001759028
2024,6,7,4,7,1,0.000122332
2024,6,7,4,7,4,1.02E-06
2024,6,7,4,15,1,0.000179088
2024,6,7,4,15,4,4.18E-05
2024,6,7,4,5,1,0.000169099
2024,6,7,4,5,4,2.82E-05
2024,6,7,4,1,1,0.000470959
2024,6,8,6,1,2,0.000421255
2024,6,8,6,1,3,3.76E-05
2024,6,8,6,1,1,0.004884677
2024,6,8,7,3,3,9.33E-06
2024,6,8,7,3,1,5.39E-07
2024,6,8,7,1,2,0.000957767
2024,6,8,7,1,3,0.000304055
2024,6,8,7,1,1,0.004862012
2024,6,8,8,1,2,9.85E-05
2024,6,8,8,1,3,5.08E-05
2024,6,8,8,1,1,0.007104189
2024,6,8,9,7,3,1.37E-06
2024,6,8,9,7,1,0.000267218
2024,6,8,9,7,4,6.85E-06
2024,6,8,9,15,1,4.84E-05
2024,6,8,9,15,4,1.56E-06
2024,6,8,9,16,2,7.34E-06
2024,6,8,9,16,3,6.26E-06
2024,6,8,9,16,1,0.006052004
2024,6,8,9,5,2,8.37E-06
2024,6,8,9,5,1,0.000495291
2024,6,8,9,5,4,4.40E-05
2024,6,8,9,1,2,0.0018104
2024,6,8,9,1,3,0.000141866
2024,6,8,9,1,1,0.057414251
2024,6,8,10,15,1,0.000499401
2024,6,8,10,15,4,1.18E-05
2024,6,8,10,1,2,0.000326897
2024,6,8,10,1,1,0.011319736
2024,6,8,11,4,1,2.74E-05
2024,6,8,11,4,4,2.29E-06
2024,6,8,11,7,1,0.000100171
2024,6,8,11,7,4,4.47E-06
2024,6,8,11,15,3,1.22E-05
2024,6,8,11,15,1,0.003500449
2024,6,8,11,15,4,0.000243745
2024,6,8,11,16,1,0.00202064
2024,6,8,11,5,2,0.000389323
2024,6,8,11,5,1,0.000705001
2024,6,8,11,5,4,0.000109146
2024,6,8,11,6,2,2.66E-05
2024,6,8,11,6,1,0.000523913
2024,6,8,11,6,4,8.18E-05
2024,6,8,11,1,2,0.000762358
2024,6,8,11,1,3,0.000444961
2024,6,8,11,1,1,0.036011425
2024,6,8,1,7,1,6.58E-05
2024,6,8,1,7,4,3.03E-05
2024,6,8,1,15,1,6.24E-05
2024,6,8,1,15,4,2.24E-05
2024,6,8,1,16,1,7.53E-05
2024,6,8,1,5,1,6.59E-05
2024,6,8,1,5,4,1.88E-05
2024,6,8,1,1,2,0.001392801
2024,6,8,1,1,3,1.38E-06
2024,6,8,1,1,1,0.013349228
2024,6,8,2,7,3,1.38E-06
2024,6,8,2,7,1,0.000164764
2024,6,8,2,7,4,4.15E-06
2024,6,8,2,1,1,2.13E-05
2024,6,8,3,1,2,0.000110586
2024,6,8,3,1,1,0.001389339
2024,6,8,4,7,2,1.53E-05
2024,6,8,4,7,3,4.96E-07
2024,6,8,4,7,1,0.000138697
2024,6,8,4,7,4,3.22E-05
2024,6,8,4,15,2,0.000264786
2024,6,8,4,15,3,1.33E-05
2024,6,8,4,15,1,0.005884442
2024,6,8,4,15,4,0.000267387
2024,6,8,4,5,1,3.76E-05
2024,6,8,4,5,4,4.03E-06
2024,6,8,4,1,2,1.90E-05
2024,6,8,4,1,1,0.004220052
2024,6,8,5,7,1,2.37E-05
2024,6,8,5,7,4,9.48E-06
2024,6,8,5,15,1,0.000311768
2024,6,8,5,15,4,4.00E-05
2024,6,8,5,6,1,1.46E-05
2024,6,8,5,6,4,2.91E-06
2024,6,8,5,1,1,6.24E-05
2024,7,1,2,1,1,0.001789925
2024,7,1,3,4,1,9.53E-05
2024,7,1,3,4,4,7.52E-06
2024,7,1,3,1,2,6.31E-05
2024,7,1,3,1,1,0.000297583
2024,7,1,4,1,1,4.69E-05
2024,7,1,5,1,2,5.22E-05
2024,7,1,5,1,1,0.001727139
2024,7,1,7,16,2,1.92E-05
2024,7,1,7,16,3,0.000215058
2024,7,1,7,16,1,0.00842881
2024,7,1,7,1,2,0.000299268
2024,7,1,7,1,3,0.00017903
2024,7,1,7,1,1,0.006522647
2024,7,1,8,1,2,9.18E-05
2024,7,1,8,1,3,0.000187993
2024,7,1,8,1,1,0.016648992
2024,7,1,9,1,2,0.003934363
2024,7,1,9,1,3,8.12E-05
2024,7,1,9,1,1,0.022125089
2024,7,1,11,16,2,4.92E-06
2024,7,1,11,16,1,0.001411357
2024,7,1,11,1,1,0.003218102
2024,7,2,1,1,2,0.002092775
2024,7,2,1,1,1,0.00603894
2024,7,2,2,1,1,0.00060539
2024,7,2,3,4,1,0.000194782
2024,7,2,3,4,4,3.06E-06
2024,7,2,3,1,2,0.001849222
2024,7,2,3,1,1,0.002060928
2024,7,2,4,15,2,0.000273819
2024,7,2,4,15,1,0.001230749
2024,7,2,4,15,4,8.19E-05
2024,7,2,4,1,2,0.00047892
2024,7,2,4,1,1,0.011224377
2024,7,2,5,7,1,2.66E-05
2024,7,2,5,7,4,1.15E-06
2024,7,2,5,15,1,0.000380685
2024,7,2,5,15,4,1.64E-05
2024,7,2,5,16,1,2.67E-06
2024,7,2,5,1,2,2.54E-05
2024,7,2,5,1,1,0.001925882
2024,7,2,6,1,2,0.011287897
2024,7,2,6,1,3,0.00044057
2024,7,2,6,1,1,0.01303864
2024,7,2,7,7,2,6.78E-05
2024,7,2,7,7,3,6.52E-07
2024,7,2,7,7,1,0.000184567
2024,7,2,7,7,4,2.22E-05
2024,7,2,7,15,3,1.50E-05
2024,7,2,7,15,1,3.74E-06
2024,7,2,7,15,4,1.71E-05
2024,7,2,7,16,2,0.002572
2024,7,2,7,16,3,0.000194388
2024,7,2,7,16,1,0.001264181
2024,7,2,7,1,2,0.00058098
2024,7,2,7,1,3,0.00216549
2024,7,2,7,1,1,0.041077789
2024,7,2,8,3,2,1.07E-05
2024,7,2,8,3,3,3.90E-06
2024,7,2,8,3,1,0.000154823
2024,7,2,8,2,2,3.06E-05
2024,7,2,8,2,3,4.28E-06
2024,7,2,8,2,1,0.002816819
2024,7,2,8,2,4,0.000393196
2024,7,2,8,1,2,0.004101281
2024,7,2,8,1,3,0.001351133
2024,7,2,8,1,1,0.067148088
2024,7,2,9,16,2,2.04E-06
2024,7,2,9,16,1,0.000190407
2024,7,2,9,1,2,0.001215006
2024,7,2,9,1,3,0.000118663
2024,7,2,9,1,1,0.032465321
2024,7,2,11,7,1,7.63E-05
2024,7,2,11,7,4,1.24E-05
2024,7,2,11,15,2,0.001061155
2024,7,2,11,15,3,6.35E-06
2024,7,2,11,15,1,0.001363481
2024,7,2,11,15,4,0.000538923
2024,7,2,11,3,2,5.88E-07
2024,7,2,11,3,3,2.57E-08
2024,7,2,11,3,1,3.01E-05
2024,7,2,11,16,2,7.55E-06
2024,7,2,11,16,3,2.36E-06
2024,7,2,11,16,1,0.011896534
2024,7,2,11,2,3,1.02E-06
2024,7,2,11,2,1,0.004673484
2024,7,2,11,2,4,0.000529378
2024,7,2,11,1,2,0.001809093
2024,7,2,11,1,3,2.96E-05
2024,7,2,11,1,1,0.055076113
2024,7,3,1,1,2,0.018855026
2024,7,3,1,1,1,0.012197119
2024,7,3,2,16,2,0.000114988
2024,7,3,2,16,3,2.26E-05
2024,7,3,2,16,1,0.004337773
2024,7,3,2,1,2,0.016293865
2024,7,3,2,1,3,3.10E-06
2024,7,3,2,1,1,0.023397079
2024,7,3,3,1,2,0.010050483
2024,7,3,3,1,1,0.008180925
2024,7,3,4,15,2,1.27E-05
2024,7,3,4,15,1,0.000444593
2024,7,3,4,15,4,4.32E-05
2024,7,3,4,14,4,1.21E-06
2024,7,3,4,16,2,2.57E-05
2024,7,3,4,16,1,0.000832272
2024,7,3,4,5,2,0.000246572
2024,7,3,4,5,1,0.000153508
2024,7,3,4,5,4,8.55E-06
2024,7,3,4,6,2,2.10E-06
2024,7,3,4,6,1,0.000150239
2024,7,3,4,6,4,6.30E-06
2024,7,3,4,1,2,0.003904051
2024,7,3,4,1,1,0.010977491
2024,7,3,5,7,1,0.000600917
2024,7,3,5,7,4,6.75E-05
2024,7,3,5,15,1,4.75E-05
2024,7,3,5,15,4,4.05E-06
2024,7,3,5,1,2,3.09E-06
2024,7,3,5,1,1,0.000848021
2024,7,4,1,4,1,2.05E-05
2024,7,4,1,4,4,1.08E-06
2024,7,4,1,7,3,1.17E-06
2024,7,4,1,7,1,0.000118404
2024,7,4,1,7,4,4.68E-06
2024,7,4,1,15,1,0.005071439
2024,7,4,1,15,4,0.000463397
2024,7,4,1,16,1,0.001161817
2024,7,4,1,1,2,0.067073345
2024,7,4,1,1,3,0.000473555
2024,7,4,1,1,1,0.085708354
2024,7,4,2,16,2,0.001552028
2024,7,4,2,16,3,0.000170655
2024,7,4,2,16,1,0.015200282
2024,7,4,2,6,2,1.42E-06
2024,7,4,2,6,1,0.000519861
2024,7,4,2,6,4,0.000105396
2024,7,4,2,1,2,0.011773971
2024,7,4,2,1,3,5.51E-05
2024,7,4,2,1,1,0.046297743
2024,7,4,3,1,2,8.30E-05
2024,7,4,3,1,1,0.001276212
2024,7,4,4,7,2,1.07E-05
2024,7,4,4,7,1,4.14E-05
2024,7,4,4,7,4,1.49E-06
2024,7,4,4,15,2,0.000138635
2024,7,4,4,15,1,0.005145025
2024,7,4,4,15,4,0.000604519
2024,7,4,4,16,1,0.001827666
2024,7,4,4,1,2,0.003274005
2024,7,4,4,1,1,0.009578562
2024,7,4,5,7,1,0.000317926
2024,7,4,5,7,4,2.65E-05
2024,7,4,5,15,2,4.54E-06
2024,7,4,5,15,1,0.000250599
2024,7,4,5,15,4,9.83E-05
2024,7,4,5,16,1,0.0000104
2024,7,4,5,6,1,2.75E-05
2024,7,4,5,6,4,1.06E-06
2024,7,4,5,1,2,4.58E-06
2024,7,4,5,1,1,0.001542462
2024,7,4,6,5,2,0.005961308
2024,7,4,6,5,3,4.82E-06
2024,7,4,6,5,1,0.000212086
2024,7,4,6,5,4,0.0001675
2024,7,4,6,1,2,0.018639485
2024,7,4,6,1,3,4.78E-05
2024,7,4,6,1,1,0.001520754
2024,7,4,9,16,2,0.001442647
2024,7,4,9,16,3,3.22E-05
2024,7,4,9,16,1,0.005384951
2024,7,4,9,1,2,0.00111214
2024,7,4,9,1,3,7.17E-06
2024,7,4,9,1,1,0.014194123
2024,7,5,6,1,2,0.001212251
2024,7,5,6,1,3,1.41E-05
2024,7,5,6,1,1,0.010036167
2024,7,5,7,1,2,1.77E-06
2024,7,5,7,1,1,0.010132365
2024,7,5,9,1,2,0.001449617
2024,7,5,9,1,1,0.002035587
2024,7,5,11,5,2,0.009228973
2024,7,5,11,5,1,0.002412295
2024,7,5,11,5,4,0.000371293
2024,7,5,11,1,2,0.002863354
2024,7,5,11,1,3,2.79E-06
2024,7,5,11,1,1,0.026811664
2024,7,5,1,16,2,0.000318884
2024,7,5,1,16,1,0.001263529
2024,7,5,1,1,2,0.003705409
2024,7,5,1,1,1,0.009414103
2024,7,5,2,16,2,0.000303781
2024,7,5,2,16,1,0.002714893
2024,7,5,2,1,2,0.001633962
2024,7,5,2,1,1,0.022283903
2024,7,5,4,1,2,2.16E-05
2024,7,5,4,1,1,0.000872329
2024,7,5,5,15,2,1.84E-05
2024,7,5,5,15,1,0.001485788
2024,7,5,5,15,4,0.000218305
2024,7,5,5,5,1,3.75E-05
2024,7,5,5,5,4,4.55E-06
2024,7,5,5,6,2,2.33E-05
2024,7,5,5,6,1,7.37E-05
2024,7,5,5,6,4,3.10E-05
2024,7,5,5,1,2,0.000266043
2024,7,5,5,1,1,0.001858197
2024,7,6,2,1,2,4.19E-05
2024,7,6,2,1,1,0.000888103
2024,7,6,4,1,2,2.20E-06
2024,7,6,4,1,1,0.002538283
2024,7,6,5,16,1,0.00013548
2024,7,6,5,1,2,7.73E-06
2024,7,6,5,1,1,0.005772895
2024,7,6,6,1,2,0.003349969
2024,7,6,6,1,3,1.13E-06
2024,7,6,6,1,1,0.00147421
2024,7,6,7,1,2,0.004907779
2024,7,6,7,1,3,0.000280663
2024,7,6,7,1,1,0.010922737
2024,7,6,8,2,2,1.08E-06
2024,7,6,8,2,3,3.27E-06
2024,7,6,8,2,1,0.00112314
2024,7,6,8,2,4,5.85E-05
2024,7,6,8,1,2,0.004204402
2024,7,6,8,1,3,0.002265915
2024,7,6,8,1,1,0.022084056
2024,7,6,9,16,2,1.03E-06
2024,7,6,9,16,1,0.00057192
2024,7,6,9,1,2,0.000560074
2024,7,6,9,1,3,1.32E-05
2024,7,6,9,1,1,0.007636676
2024,7,6,11,16,2,1.04E-06
2024,7,6,11,16,3,1.04E-06
2024,7,6,11,16,1,0.003815765
2024,7,6,11,2,3,1.11E-06
2024,7,6,11,2,1,0.00215473
2024,7,6,11,2,4,0.000306057
2024,7,6,11,1,2,0.011917537
2024,7,6,11,1,3,3.48E-05
2024,7,6,11,1,1,0.040767925
2024,7,7,6,1,2,0.013837696
2024,7,7,6,1,3,6.69E-06
2024,7,7,6,1,1,0.006712465
2024,7,7,7,16,1,9.78E-05
2024,7,7,7,1,2,0.004271461
2024,7,7,7,1,3,8.05E-05
2024,7,7,7,1,1,0.019764869
2024,7,7,8,1,2,0.013943161
2024,7,7,8,1,3,0.00013087
2024,7,7,8,1,1,0.006276576
2024,7,7,9,16,2,0.001354692
2024,7,7,9,16,3,0.000113262
2024,7,7,9,16,1,0.029250515
2024,7,7,9,6,1,1.23E-06
2024,7,7,9,6,4,1.23E-06
2024,7,7,9,1,2,0.039854876
2024,7,7,9,1,3,2.14E-05
2024,7,7,9,1,1,0.082830936
2024,7,7,10,1,2,0.001265203
2024,7,7,10,1,1,0.004788652
2024,7,7,11,15,1,6.20E-05
2024,7,7,11,15,4,4.21E-05
2024,7,7,11,16,2,1.01E-06
2024,7,7,11,16,1,0.002419812
2024,7,7,11,6,2,0.000441653
2024,7,7,11,6,1,0.000934708
2024,7,7,11,6,4,0.000156127
2024,7,7,11,1,2,0.002330884
2024,7,7,11,1,1,0.005224798
2024,7,7,1,7,1,1.39E-05
2024,7,7,1,7,4,1.07E-06
2024,7,7,1,15,2,0.001590159
2024,7,7,1,15,1,0.000416454
2024,7,7,1,15,4,6.14E-05
2024,7,7,1,16,2,2.49E-06
2024,7,7,1,16,3,8.41E-06
2024,7,7,1,16,1,0.001257037
2024,7,7,1,6,3,2.18E-06
2024,7,7,1,6,1,0.000403322
2024,7,7,1,6,4,5.89E-05
2024,7,7,1,1,2,0.029015464
2024,7,7,1,1,3,0.00048502
2024,7,7,1,1,1,0.109333329
2024,7,7,2,16,2,2.04E-06
2024,7,7,2,16,1,0.00959349
2024,7,7,2,1,2,0.008555773
2024,7,7,2,1,3,0.000112036
2024,7,7,2,1,1,0.065171443
2024,7,7,3,7,1,0.000230354
2024,7,7,3,7,4,6.68E-06
2024,7,7,3,1,2,0.006173557
2024,7,7,3,1,1,0.006347651
2024,7,7,4,7,1,0.00069887
2024,7,7,4,7,4,1.22E-05
2024,7,7,4,15,2,1.60E-06
2024,7,7,4,15,1,0.000617015
2024,7,7,4,15,4,0.000163702
2024,7,7,4,5,1,0.000470277
2024,7,7,4,5,4,8.96E-05
2024,7,7,4,1,2,2.41E-05
2024,7,7,4,1,1,0.002037933
2024,7,8,6,1,2,0.00815145
2024,7,8,6,1,3,0.00012088
2024,7,8,6,1,1,0.015945683
2024,7,8,7,3,2,4.15E-08
2024,7,8,7,3,3,3.42E-05
2024,7,8,7,3,1,5.81E-07
2024,7,8,7,1,2,0.008737957
2024,7,8,7,1,3,0.00040764
2024,7,8,7,1,1,0.012601003
2024,7,8,8,1,2,0.005831533
2024,7,8,8,1,3,0.000167649
2024,7,8,8,1,1,0.023829713
2024,7,8,9,7,1,0.00060786
2024,7,8,9,7,4,0.000104865
2024,7,8,9,15,1,0.000240452
2024,7,8,9,15,4,7.81E-06
2024,7,8,9,16,2,8.42E-06
2024,7,8,9,16,3,1.69E-05
2024,7,8,9,16,1,0.01166311
2024,7,8,9,5,2,0.000794682
2024,7,8,9,5,1,0.001467215
2024,7,8,9,5,4,0.000166807
2024,7,8,9,1,2,0.020324277
2024,7,8,9,1,3,4.29E-05
2024,7,8,9,1,1,0.126238269
2024,7,8,10,15,2,1.67E-07
2024,7,8,10,15,1,0.002137334
2024,7,8,10,15,4,9.55E-05
2024,7,8,10,1,2,0.008897318
2024,7,8,10,1,3,7.59E-06
2024,7,8,10,1,1,0.032878042
2024,7,8,11,4,1,0.000153257
2024,7,8,11,4,4,6.86E-06
2024,7,8,11,7,1,0.000408187
2024,7,8,11,7,4,8.25E-05
2024,7,8,11,15,2,1.78E-05
2024,7,8,11,15,3,1.38E-05
2024,7,8,11,15,1,0.015798831
2024,7,8,11,15,4,0.001383835
2024,7,8,11,16,1,0.006338129
2024,7,8,11,5,2,0.013140385
2024,7,8,11,5,3,9.44E-06
2024,7,8,11,5,1,0.002145373
2024,7,8,11,5,4,0.000349703
2024,7,8,11,6,2,0.00026016
2024,7,8,11,6,1,0.001685512
2024,7,8,11,6,4,0.000186513
2024,7,8,11,1,2,0.022760755
2024,7,8,11,1,3,0.000576277
2024,7,8,11,1,1,0.108859614
2024,7,8,1,7,3,8.96E-08
2024,7,8,1,7,1,6.38E-05
2024,7,8,1,7,4,5.00E-06
2024,7,8,1,15,1,0.000149075
2024,7,8,1,15,4,8.05E-06
2024,7,8,1,16,1,0.000146282
2024,7,8,1,5,1,0.000170736
2024,7,8,1,5,4,3.76E-05
2024,7,8,1,1,2,0.009053204
2024,7,8,1,1,3,1.60E-05
2024,7,8,1,1,1,0.032181824
2024,7,8,2,7,3,2.77E-06
2024,7,8,2,7,1,0.001023198
2024,7,8,2,7,4,3.88E-05
2024,7,8,2,1,2,2.36E-06
2024,7,8,2,1,1,5.79E-05
2024,7,8,3,1,2,0.000544747
2024,7,8,3,1,1,0.006244293
2024,7,8,4,7,2,7.61E-05
2024,7,8,4,7,3,2.48E-07
2024,7,8,4,7,1,0.000515306
2024,7,8,4,7,4,0.000159502
2024,7,8,4,15,2,0.001153175
2024,7,8,4,15,3,3.80E-06
2024,7,8,4,15,1,0.024674318
2024,7,8,4,15,4,0.00139496
2024,7,8,4,5,1,7.80E-05
2024,7,8,4,5,4,4.57E-05
2024,7,8,4,1,2,0.000802409
2024,7,8,4,1,1,0.019626127
2024,7,8,5,7,1,0.000113731
2024,7,8,5,7,4,4.26E-05
2024,7,8,5,15,2,4.55E-06
2024,7,8,5,15,1,0.001371698
2024,7,8,5,15,4,0.000283398
2024,7,8,5,6,1,5.05E-05
2024,7,8,5,6,4,1.94E-06
2024,7,8,5,1,1,0.000282904
2024,8,1,2,1,1,0.001139705
2024,8,1,3,4,1,0.000353519
2024,8,1,3,4,4,1.00E-05
2024,8,1,3,1,2,0.000103878
2024,8,1,3,1,1,0.000240651
2024,8,1,4,1,1,3.78E-05
2024,8,1,5,1,2,2.07E-06
2024,8,1,5,1,1,0.001059719
2024,8,1,7,16,2,3.60E-06
2024,8,1,7,16,3,0.000260712
2024,8,1,7,16,1,0.005189571
2024,8,1,7,1,2,7.78E-05
2024,8,1,7,1,3,0.000194895
2024,8,1,7,1,1,0.004185573
2024,8,1,8,1,2,4.66E-05
2024,8,1,8,1,3,0.000274714
2024,8,1,8,1,1,0.008446923
2024,8,1,9,1,2,0.001056387
2024,8,1,9,1,3,9.05E-05
2024,8,1,9,1,1,0.017949715
2024,8,1,11,16,2,4.92E-06
2024,8,1,11,16,3,6.56E-06
2024,8,1,11,16,1,0.001334224
2024,8,1,11,1,2,5.98E-06
2024,8,1,11,1,1,0.00347135
2024,8,2,1,1,2,0.001083602
2024,8,2,1,1,3,1.03E-06
2024,8,2,1,1,1,0.001569132
2024,8,2,2,1,1,0.000658647
2024,8,2,3,4,1,0.000495623
2024,8,2,3,4,4,2.65E-05
2024,8,2,3,1,2,0.000168972
2024,8,2,3,1,1,0.001050745
2024,8,2,4,15,2,2.13E-05
2024,8,2,4,15,1,0.000917289
2024,8,2,4,15,4,6.31E-05
2024,8,2,4,1,2,0.000126978
2024,8,2,4,1,3,2.15E-05
2024,8,2,4,1,1,0.0047181
2024,8,2,5,7,1,3.27E-05
2024,8,2,5,7,4,1.86E-06
2024,8,2,5,15,1,0.00046893
2024,8,2,5,15,4,2.67E-05
2024,8,2,5,16,1,2.67E-06
2024,8,2,5,1,2,1.06E-05
2024,8,2,5,1,1,0.001018014
2024,8,2,6,1,2,0.000744028
2024,8,2,6,1,3,0.000157843
2024,8,2,6,1,1,0.00445714
2024,8,2,7,7,2,7.37E-05
2024,8,2,7,7,3,3.07E-05
2024,8,2,7,7,1,0.000339785
2024,8,2,7,7,4,3.46E-05
2024,8,2,7,15,3,3.61E-05
2024,8,2,7,15,1,5.92E-06
2024,8,2,7,15,4,4.92E-05
2024,8,2,7,16,2,0.000325302
2024,8,2,7,16,3,0.000134881
2024,8,2,7,16,1,0.001168971
2024,8,2,7,1,2,0.000801266
2024,8,2,7,1,3,0.001789745
2024,8,2,7,1,1,0.013266054
2024,8,2,8,3,2,1.65E-05
2024,8,2,8,3,3,3.21E-06
2024,8,2,8,3,1,3.74E-05
2024,8,2,8,2,3,6.13E-06
2024,8,2,8,2,1,0.001595805
2024,8,2,8,2,4,0.000361475
2024,8,2,8,1,2,0.006082586
2024,8,2,8,1,3,0.001116037
2024,8,2,8,1,1,0.019308964
2024,8,2,9,16,1,1.02E-06
2024,8,2,9,1,2,0.000109395
2024,8,2,9,1,3,0.000136448
2024,8,2,9,1,1,0.013220314
2024,8,2,11,7,1,0.000165653
2024,8,2,11,7,4,9.13E-06
2024,8,2,11,15,2,0.000643909
2024,8,2,11,15,3,0.00024613
2024,8,2,11,15,1,0.002166734
2024,8,2,11,15,4,0.000544982
2024,8,2,11,3,2,1.03E-08
2024,8,2,11,3,3,1.03E-08
2024,8,2,11,3,1,6.54E-06
2024,8,2,11,16,2,2.92E-05
2024,8,2,11,16,3,3.55E-05
2024,8,2,11,16,1,0.006126
2024,8,2,11,2,2,1.02E-06
2024,8,2,11,2,3,1.02E-06
2024,8,2,11,2,1,0.003018057
2024,8,2,11,2,4,0.000528293
2024,8,2,11,1,2,0.000315194
2024,8,2,11,1,3,5.99E-05
2024,8,2,11,1,1,0.024314141
2024,8,3,1,1,2,0.002104567
2024,8,3,1,1,3,6.56E-05
2024,8,3,1,1,1,0.003777723
2024,8,3,2,16,2,0.0001468
2024,8,3,2,16,3,2.36E-05
2024,8,3,2,16,1,0.002714818
2024,8,3,2,1,2,0.003310307
2024,8,3,2,1,3,1.56E-05
2024,8,3,2,1,1,0.009311332
2024,8,3,3,1,2,0.001349575
2024,8,3,3,1,3,3.15E-06
2024,8,3,3,1,1,0.004966002
2024,8,3,4,15,2,1.02E-05
2024,8,3,4,15,1,0.00023754
2024,8,3,4,15,4,3.18E-05
2024,8,3,4,16,2,2.04E-06
2024,8,3,4,16,1,0.000498083
2024,8,3,4,5,2,2.36E-05
2024,8,3,4,5,1,0.000108798
2024,8,3,4,5,4,5.58E-06
2024,8,3,4,6,1,0.000116619
2024,8,3,4,6,4,1.05E-05
2024,8,3,4,1,2,0.001641295
2024,8,3,4,1,1,0.004579561
2024,8,3,5,7,1,0.000342508
2024,8,3,5,7,4,5.55E-05
2024,8,3,5,15,1,3.64E-05
2024,8,3,5,15,4,4.47E-06
2024,8,3,5,1,2,4.19E-06
2024,8,3,5,1,1,0.000356993
2024,8,4,1,4,3,6.58E-05
2024,8,4,1,4,1,0.000493259
2024,8,4,1,4,4,1.08E-05
2024,8,4,1,7,3,2.34E-06
2024,8,4,1,7,1,0.001088455
2024,8,4,1,7,4,8.19E-06
2024,8,4,1,15,1,0.003618797
2024,8,4,1,15,4,0.000208731
2024,8,4,1,16,3,2.73E-06
2024,8,4,1,16,1,0.000951252
2024,8,4,1,1,2,0.015666208
2024,8,4,1,1,3,0.000340839
2024,8,4,1,1,1,0.027620738
2024,8,4,2,16,2,0.000563292
2024,8,4,2,16,3,9.59E-05
2024,8,4,2,16,1,0.008947286
2024,8,4,2,6,3,2.28E-05
2024,8,4,2,6,1,0.001065359
2024,8,4,2,6,4,7.69E-05
2024,8,4,2,1,2,0.002258042
2024,8,4,2,1,3,7.27E-05
2024,8,4,2,1,1,0.021192509
2024,8,4,3,1,2,0.000114442
2024,8,4,3,1,1,0.000878116
2024,8,4,4,7,2,2.53E-06
2024,8,4,4,7,1,3.99E-05
2024,8,4,4,7,4,8.93E-07
2024,8,4,4,15,2,3.02E-05
2024,8,4,4,15,3,7.20E-06
2024,8,4,4,15,1,0.005934743
2024,8,4,4,15,4,0.000321095
2024,8,4,4,16,1,0.001195385
2024,8,4,4,1,2,0.000439911
2024,8,4,4,1,1,0.002864219
2024,8,4,5,7,1,0.000207889
2024,8,4,5,7,4,2.27E-05
2024,8,4,5,15,2,1.22E-05
2024,8,4,5,15,1,0.000206882
2024,8,4,5,15,4,4.11E-05
2024,8,4,5,16,1,0.0000052
2024,8,4,5,6,1,2.86E-05
2024,8,4,5,6,4,1.06E-06
2024,8,4,5,1,1,0.0005223
2024,8,4,6,5,2,0.001283362
2024,8,4,6,5,3,4.82E-06
2024,8,4,6,5,1,0.000251852
2024,8,4,6,5,4,9.76E-05
2024,8,4,6,1,2,0.001977445
2024,8,4,6,1,3,5.96E-05
2024,8,4,6,1,1,0.000749144
2024,8,4,9,16,2,0.000702005
2024,8,4,9,16,3,0.000117141
2024,8,4,9,16,1,0.00350662
2024,8,4,9,1,2,0.000260613
2024,8,4,9,1,3,2.76E-05
2024,8,4,9,1,1,0.006063491
2024,8,5,6,1,2,0.00050102
2024,8,5,6,1,3,3.49E-06
2024,8,5,6,1,1,0.003736346
2024,8,5,7,1,3,7.62E-06
2024,8,5,7,1,1,0.00358856
2024,8,5,9,1,2,0.00018371
2024,8,5,9,1,3,2.11E-06
2024,8,5,9,1,1,0.000181598
2024,8,5,11,5,2,0.000636979
2024,8,5,11,5,3,6.67E-06
2024,8,5,11,5,1,0.005345957
2024,8,5,11,5,4,0.000321269
2024,8,5,11,1,2,0.001676175
2024,8,5,11,1,3,5.18E-05
2024,8,5,11,1,1,0.022012969
2024,8,5,1,16,2,5.07E-05
2024,8,5,1,16,3,2.67E-06
2024,8,5,1,16,1,0.000663119
2024,8,5,1,1,2,0.000459171
2024,8,5,1,1,3,1.92E-05
2024,8,5,1,1,1,0.00426275
2024,8,5,2,16,2,2.79E-05
2024,8,5,2,16,3,7.97E-07
2024,8,5,2,16,1,0.000966359
2024,8,5,2,1,2,0.000164506
2024,8,5,2,1,3,4.35E-06
2024,8,5,2,1,1,0.009573341
2024,8,5,4,1,2,7.37E-05
2024,8,5,4,1,3,3.60E-06
2024,8,5,4,1,1,0.000522603
2024,8,5,5,15,1,0.001099524
2024,8,5,5,15,4,0.000168657
2024,8,5,5,5,1,1.25E-05
2024,8,5,5,5,4,4.55E-06
2024,8,5,5,6,2,1.29E-06
2024,8,5,5,6,1,5.30E-05
2024,8,5,5,6,4,1.55E-05
2024,8,5,5,1,2,1.76E-05
2024,8,5,5,1,1,0.000673913
2024,8,6,2,1,2,5.59E-06
2024,8,6,2,1,1,0.000501304
2024,8,6,4,1,2,2.43E-06
2024,8,6,4,1,1,0.001207447
2024,8,6,5,16,1,7.87E-05
2024,8,6,5,1,2,3.65E-06
2024,8,6,5,1,1,0.0029329
2024,8,6,6,1,2,0.000292675
2024,8,6,6,1,3,3.58E-06
2024,8,6,6,1,1,0.000324031
2024,8,6,7,1,2,0.001707433
2024,8,6,7,1,3,0.000522447
2024,8,6,7,1,1,0.001391147
2024,8,6,8,2,3,3.24E-06
2024,8,6,8,2,1,0.000902931
2024,8,6,8,2,4,0.000119492
2024,8,6,8,1,2,0.000800188
2024,8,6,8,1,3,0.0008647
2024,8,6,8,1,1,0.004556477
2024,8,6,9,16,1,7.19E-06
2024,8,6,9,1,2,0.000215663
2024,8,6,9,1,3,1.81E-05
2024,8,6,9,1,1,0.001952999
2024,8,6,11,16,2,2.09E-06
2024,8,6,11,16,3,7.31E-06
2024,8,6,11,16,1,0.003032348
2024,8,6,11,2,1,0.001424252
2024,8,6,11,2,4,0.000344258
2024,8,6,11,1,2,0.003326207
2024,8,6,11,1,3,2.17E-05
2024,8,6,11,1,1,0.013883533
2024,8,7,6,1,2,0.000846728
2024,8,7,6,1,3,5.58E-06
2024,8,7,6,1,1,0.002521218
2024,8,7,7,16,3,8.35E-06
2024,8,7,7,16,1,0.000353068
2024,8,7,7,1,2,0.00157851
2024,8,7,7,1,3,0.000211906
2024,8,7,7,1,1,0.011880714
2024,8,7,8,1,2,0.003927206
2024,8,7,8,1,3,0.000483425
2024,8,7,8,1,1,0.008189134
2024,8,7,9,16,2,0.000213984
2024,8,7,9,16,3,0.000156881
2024,8,7,9,16,1,0.029640493
2024,8,7,9,6,3,4.91E-06
2024,8,7,9,6,1,1.23E-06
2024,8,7,9,6,4,4.91E-06
2024,8,7,9,1,2,0.011287656
2024,8,7,9,1,3,0.000182346
2024,8,7,9,1,1,0.098095005
2024,8,7,10,1,2,0.000495322
2024,8,7,10,1,3,2.33E-06
2024,8,7,10,1,1,0.004026416
2024,8,7,11,15,1,0.000927839
2024,8,7,11,15,4,4.04E-05
2024,8,7,11,16,2,1.12E-05
2024,8,7,11,16,1,0.002094127
2024,8,7,11,6,2,2.95E-05
2024,8,7,11,6,3,3.93E-05
2024,8,7,11,6,1,0.003464734
2024,8,7,11,6,4,0.000140902
2024,8,7,11,1,2,0.000225818
2024,8,7,11,1,3,9.25E-06
2024,8,7,11,1,1,0.00395966
2024,8,7,1,7,1,5.25E-05
2024,8,7,1,15,2,0.000914511
2024,8,7,1,15,3,2.11E-06
2024,8,7,1,15,1,0.00071493
2024,8,7,1,15,4,3.49E-05
2024,8,7,1,16,3,8.87E-06
2024,8,7,1,16,1,0.001623522
2024,8,7,1,6,3,1.09E-05
2024,8,7,1,6,1,0.000429484
2024,8,7,1,6,4,2.40E-05
2024,8,7,1,1,2,0.004274713
2024,8,7,1,1,3,0.000201713
2024,8,7,1,1,1,0.033264407
2024,8,7,2,16,2,3.07E-06
2024,8,7,2,16,1,0.002264988
2024,8,7,2,1,2,0.001077687
2024,8,7,2,1,3,8.94E-06
2024,8,7,2,1,1,0.02102099
2024,8,7,3,7,1,0.000669363
2024,8,7,3,7,4,1.34E-05
2024,8,7,3,1,2,0.000387755
2024,8,7,3,1,3,1.13E-06
2024,8,7,3,1,1,0.001554411
2024,8,7,4,7,1,0.000882409
2024,8,7,4,7,4,1.02E-05
2024,8,7,4,15,3,2.11E-06
2024,8,7,4,15,1,0.001495688
2024,8,7,4,15,4,0.000131096
2024,8,7,4,5,1,0.000735329
2024,8,7,4,5,4,3.36E-05
2024,8,7,4,1,1,0.000432482
2024,8,8,6,1,2,0.002047459
2024,8,8,6,1,3,5.91E-05
2024,8,8,6,1,1,0.006992267
2024,8,8,7,3,3,1.84E-05
2024,8,8,7,3,1,4.56E-07
2024,8,8,7,1,2,0.00336586
2024,8,8,7,1,3,0.000223871
2024,8,8,7,1,1,0.00453357
2024,8,8,8,1,2,0.00165617
2024,8,8,8,1,3,0.000135424
2024,8,8,8,1,1,0.008366603
2024,8,8,9,7,3,1.37E-06
2024,8,8,9,7,1,0.003417065
2024,8,8,9,7,4,5.90E-05
2024,8,8,9,15,1,8.59E-05
2024,8,8,9,15,4,7.81E-06
2024,8,8,9,16,2,6.31E-06
2024,8,8,9,16,3,6.19E-05
2024,8,8,9,16,1,0.014886949
2024,8,8,9,5,2,0.000193465
2024,8,8,9,5,3,1.09E-05
2024,8,8,9,5,1,0.004675756
2024,8,8,9,5,4,0.000102101
2024,8,8,9,1,2,0.007766867
2024,8,8,9,1,3,0.000111125
2024,8,8,9,1,1,0.066813763
2024,8,8,10,15,2,1.67E-07
2024,8,8,10,15,3,6.67E-07
2024,8,8,10,15,1,0.002482829
2024,8,8,10,15,4,7.79E-05
2024,8,8,10,1,2,0.001468425
2024,8,8,10,1,3,8.66E-06
2024,8,8,10,1,1,0.017081899
2024,8,8,11,4,1,0.000201292
2024,8,8,11,4,4,1.14E-05
2024,8,8,11,7,1,0.000331909
2024,8,8,11,7,4,0.000144725
2024,8,8,11,15,2,2.82E-06
2024,8,8,11,15,3,8.74E-05
2024,8,8,11,15,1,0.015285003
2024,8,8,11,15,4,0.001169543
2024,8,8,11,16,2,1.43E-05
2024,8,8,11,16,1,0.003673219
2024,8,8,11,5,2,0.001855642
2024,8,8,11,5,3,1.18E-06
2024,8,8,11,5,1,0.004707023
2024,8,8,11,5,4,0.000344462
2024,8,8,11,6,2,2.88E-05
2024,8,8,11,6,1,0.002072051
2024,8,8,11,6,4,0.000209604
2024,8,8,11,1,2,0.005435801
2024,8,8,11,1,3,0.000873556
2024,8,8,11,1,1,0.045308667
2024,8,8,1,7,3,2.34E-06
2024,8,8,1,7,1,0.001253324
2024,8,8,1,7,4,9.03E-06
2024,8,8,1,15,2,1.13E-06
2024,8,8,1,15,1,0.002608433
2024,8,8,1,15,4,3.62E-05
2024,8,8,1,16,1,0.000130382
2024,8,8,1,5,2,0.001305391
2024,8,8,1,5,1,0.000435579
2024,8,8,1,5,4,2.02E-05
2024,8,8,1,1,2,0.000952462
2024,8,8,1,1,3,3.55E-06
2024,8,8,1,1,1,0.005772994
2024,8,8,2,7,1,4.43E-05
2024,8,8,2,7,4,1.38E-05
2024,8,8,2,1,1,1.30E-05
2024,8,8,3,1,2,8.41E-05
2024,8,8,3,1,1,0.001017655
2024,8,8,4,7,2,9.30E-05
2024,8,8,4,7,3,2.97E-06
2024,8,8,4,7,1,0.000885568
2024,8,8,4,7,4,0.000118157
2024,8,8,4,15,2,0.000761456
2024,8,8,4,15,3,2.85E-05
2024,8,8,4,15,1,0.032736377
2024,8,8,4,15,4,0.001090423
2024,8,8,4,5,2,2.69E-06
2024,8,8,4,5,3,1.34E-06
2024,8,8,4,5,1,0.000310551
2024,8,8,4,5,4,2.42E-05
2024,8,8,4,1,2,0.000341574
2024,8,8,4,1,1,0.004549377
2024,8,8,5,7,1,8.65E-05
2024,8,8,5,7,4,1.30E-05
2024,8,8,5,15,1,0.001212021
2024,8,8,5,15,4,0.000235764
2024,8,8,5,6,1,6.60E-05
2024,8,8,5,6,4,1.16E-05
2024,8,8,5,1,2,1.61E-06
2024,8,8,5,1,1,0.000211616
2024,9,1,2,1,1,0.003824133
2024,9,1,3,4,1,0.00055159
2024,9,1,3,4,4,3.26E-05
2024,9,1,3,1,2,0.000209792
2024,9,1,3,1,1,0.000533865
2024,9,1,4,1,1,8.67E-05
2024,9,1,5,1,2,5.45E-06
2024,9,1,5,1,1,0.003600862
2024,9,1,7,16,2,7.21E-06
2024,9,1,7,16,3,0.000337604
2024,9,1,7,16,1,0.013191493
2024,9,1,7,1,2,0.000105418
2024,9,1,7,1,3,0.000337469
2024,9,1,7,1,1,0.004950234
2024,9,1,8,1,2,1.30E-05
2024,9,1,8,1,3,0.000317318
2024,9,1,8,1,1,0.009864405
2024,9,1,9,1,2,0.000509536
2024,9,1,9,1,3,0.000195902
2024,9,1,9,1,1,0.040908134
2024,9,1,11,16,2,8.21E-06
2024,9,1,11,16,1,0.002589675
2024,9,1,11,1,1,0.002618216
2024,9,2,1,1,2,0.001502814
2024,9,2,1,1,1,0.003537726
2024,9,2,2,1,1,0.001797693
2024,9,2,3,4,1,0.001640858
2024,9,2,3,4,4,4.08E-05
2024,9,2,3,1,2,0.000110781
2024,9,2,3,1,1,0.003867467
2024,9,2,4,15,2,5.32E-06
2024,9,2,4,15,1,0.007876598
2024,9,2,4,15,4,0.000850577
2024,9,2,4,1,2,0.000145237
2024,9,2,4,1,3,1.49E-05
2024,9,2,4,1,1,0.011645718
2024,9,2,5,7,1,0.000108831
2024,9,2,5,7,4,1.34E-05
2024,9,2,5,15,1,0.001558654
2024,9,2,5,15,4,0.000191882
2024,9,2,5,16,1,0.000012
2024,9,2,5,1,2,1.06E-06
2024,9,2,5,1,1,0.00322595
2024,9,2,6,1,2,0.000218939
2024,9,2,6,1,3,6.23E-05
2024,9,2,6,1,1,0.004987956
2024,9,2,7,7,2,6.13E-05
2024,9,2,7,7,3,2.35E-05
2024,9,2,7,7,1,0.000931963
2024,9,2,7,7,4,0.00014674
2024,9,2,7,15,2,2.49E-06
2024,9,2,7,15,3,9.63E-05
2024,9,2,7,15,1,3.33E-05
2024,9,2,7,15,4,9.81E-05
2024,9,2,7,16,2,0.000592419
2024,9,2,7,16,3,0.000136204
2024,9,2,7,16,1,0.001531299
2024,9,2,7,1,2,4.16E-05
2024,9,2,7,1,3,0.001567247
2024,9,2,7,1,1,0.017325496
2024,9,2,8,3,2,2.69E-06
2024,9,2,8,3,3,1.33E-06
2024,9,2,8,3,1,5.06E-05
2024,9,2,8,2,3,1.02E-06
2024,9,2,8,2,1,0.002573467
2024,9,2,8,2,4,0.00055742
2024,9,2,8,1,2,0.001037717
2024,9,2,8,1,3,0.000663206
2024,9,2,8,1,1,0.029245228
2024,9,2,9,16,1,1.02E-06
2024,9,2,9,1,2,8.78E-05
2024,9,2,9,1,3,0.000167184
2024,9,2,9,1,1,0.017330163
2024,9,2,11,7,3,1.30E-06
2024,9,2,11,7,1,0.000387394
2024,9,2,11,7,4,4.11E-05
2024,9,2,11,15,2,0.000577785
2024,9,2,11,15,3,0.000978639
2024,9,2,11,15,1,0.006088161
2024,9,2,11,15,4,0.002084715
2024,9,2,11,3,2,1.54E-08
2024,9,2,11,3,1,7.43E-06
2024,9,2,11,16,2,9.34E-06
2024,9,2,11,16,3,1.20E-05
2024,9,2,11,16,1,0.007466279
2024,9,2,11,2,3,9.27E-06
2024,9,2,11,2,1,0.003060086
2024,9,2,11,2,4,0.000501628
2024,9,2,11,1,2,8.76E-05
2024,9,2,11,1,3,4.26E-06
2024,9,2,11,1,1,0.027108442
2024,9,3,1,1,2,0.001093613
2024,9,3,1,1,3,1.13E-05
2024,9,3,1,1,1,0.007120163
2024,9,3,2,16,2,0.000129392
2024,9,3,2,16,3,3.28E-05
2024,9,3,2,16,1,0.018857909
2024,9,3,2,1,2,0.005525307
2024,9,3,2,1,3,5.17E-06
2024,9,3,2,1,1,0.03255933
2024,9,3,3,1,2,0.000520143
2024,9,3,3,1,3,1.15E-06
2024,9,3,3,1,1,0.008838088
2024,9,3,4,15,1,0.002388098
2024,9,3,4,15,4,0.0006237
2024,9,3,4,14,1,0.000348942
2024,9,3,4,14,4,4.85E-06
2024,9,3,4,16,1,0.003135572
2024,9,3,4,5,2,2.39E-05
2024,9,3,4,5,3,1.03E-06
2024,9,3,4,5,1,0.000937115
2024,9,3,4,5,4,0.000106208
2024,9,3,4,6,1,0.000406591
2024,9,3,4,6,4,1.05E-05
2024,9,3,4,1,2,0.001008659
2024,9,3,4,1,1,0.021966355
2024,9,3,5,7,1,0.002140682
2024,9,3,5,7,4,0.000331488
2024,9,3,5,15,1,0.000173541
2024,9,3,5,15,4,3.07E-05
2024,9,3,5,1,2,2.31E-06
2024,9,3,5,1,1,0.001595094
2024,9,4,1,4,3,1.30E-05
2024,9,4,1,4,1,0.000470593
2024,9,4,1,4,4,6.48E-06
2024,9,4,1,7,3,9.47E-06
2024,9,4,1,7,1,0.001231003
2024,9,4,1,7,4,9.71E-05
2024,9,4,1,15,2,1.02E-06
2024,9,4,1,15,3,1.02E-05
2024,9,4,1,15,1,0.026590399
2024,9,4,1,15,4,0.000646775
2024,9,4,1,16,2,1.09E-05
2024,9,4,1,16,3,4.53E-05
2024,9,4,1,16,1,0.003875718
2024,9,4,1,1,2,0.017002658
2024,9,4,1,1,3,0.000543469
2024,9,4,1,1,1,0.057067144
2024,9,4,2,16,2,0.001536415
2024,9,4,2,16,3,0.000164063
2024,9,4,2,16,1,0.042501278
2024,9,4,2,6,2,2.85E-06
2024,9,4,2,6,3,8.40E-05
2024,9,4,2,6,1,0.00716696
2024,9,4,2,6,4,0.000267764
2024,9,4,2,1,2,0.002734774
2024,9,4,2,1,3,5.54E-05
2024,9,4,2,1,1,0.076221589
2024,9,4,3,1,2,0.000101276
2024,9,4,3,1,1,0.001962285
2024,9,4,4,7,1,0.000267354
2024,9,4,4,7,4,4.32E-06
2024,9,4,4,15,2,1.02E-06
2024,9,4,4,15,3,9.22E-06
2024,9,4,4,15,1,0.02368649
2024,9,4,4,15,4,0.000604095
2024,9,4,4,16,1,0.006945912
2024,9,4,4,1,2,0.000209176
2024,9,4,4,1,1,0.010799571
2024,9,4,5,7,3,1.16E-06
2024,9,4,5,7,1,0.001427003
2024,9,4,5,7,4,0.000132188
2024,9,4,5,15,2,1.48E-06
2024,9,4,5,15,1,0.002821544
2024,9,4,5,15,4,0.000517933
2024,9,4,5,16,1,0.0000104
2024,9,4,5,6,1,6.35E-05
2024,9,4,5,6,4,8.47E-06
2024,9,4,5,1,2,1.03E-06
2024,9,4,5,1,1,0.001533644
2024,9,4,6,5,2,0.000747122
2024,9,4,6,5,3,0.000109658
2024,9,4,6,5,1,0.000489244
2024,9,4,6,5,4,0.000237392
2024,9,4,6,1,2,0.001983516
2024,9,4,6,1,3,0.000162194
2024,9,4,6,1,1,0.000671918
2024,9,4,9,16,2,0.000666278
2024,9,4,9,16,3,0.00010139
2024,9,4,9,16,1,0.011232425
2024,9,4,9,1,2,0.000448913
2024,9,4,9,1,3,6.33E-05
2024,9,4,9,1,1,0.01336917
2024,9,5,6,1,2,0.001472997
2024,9,5,6,1,3,7.07E-06
2024,9,5,6,1,1,0.004239855
2024,9,5,7,1,2,3.68E-06
2024,9,5,7,1,3,1.77E-06
2024,9,5,7,1,1,0.006104482
2024,9,5,9,1,2,0.000294569
2024,9,5,9,1,3,1.48E-05
2024,9,5,9,1,1,0.001143434
2024,9,5,11,5,2,0.002276673
2024,9,5,11,5,3,1.78E-05
2024,9,5,11,5,1,0.014846174
2024,9,5,11,5,4,0.000623639
2024,9,5,11,1,2,0.002089477
2024,9,5,11,1,3,1.73E-05
2024,9,5,11,1,1,0.023119012
2024,9,5,1,16,2,0.000153438
2024,9,5,1,16,3,1.20E-05
2024,9,5,1,16,1,0.001956001
2024,9,5,1,1,2,0.000490462
2024,9,5,1,1,3,4.63E-06
2024,9,5,1,1,1,0.007500063
2024,9,5,2,16,2,0.000106842
2024,9,5,2,16,3,3.11E-05
2024,9,5,2,16,1,0.006291696
2024,9,5,2,1,2,0.000179728
2024,9,5,2,1,3,1.38E-05
2024,9,5,2,1,1,0.040490215
2024,9,5,4,1,2,1.92E-05
2024,9,5,4,1,1,0.00164432
2024,9,5,5,15,2,5.18E-06
2024,9,5,5,15,1,0.008020507
2024,9,5,5,15,4,0.000971448
2024,9,5,5,5,1,0.000115923
2024,9,5,5,5,4,3.98E-05
2024,9,5,5,6,1,0.000360776
2024,9,5,5,6,4,6.21E-05
2024,9,5,5,1,2,1.51E-05
2024,9,5,5,1,1,0.003295446
2024,9,6,2,1,2,3.21E-05
2024,9,6,2,1,1,0.001635171
2024,9,6,4,1,1,0.002866802
2024,9,6,5,16,1,0.000118111
2024,9,6,5,1,2,2.27E-06
2024,9,6,5,1,1,0.006345913
2024,9,6,6,1,2,0.000148576
2024,9,6,6,1,1,0.000269516
2024,9,6,7,1,2,0.001139499
2024,9,6,7,1,3,0.000348803
2024,9,6,7,1,1,0.001035552
2024,9,6,8,2,3,1.20E-05
2024,9,6,8,2,1,0.001252556
2024,9,6,8,2,4,0.000248697
2024,9,6,8,1,2,0.000911219
2024,9,6,8,1,3,0.000866209
2024,9,6,8,1,1,0.006526662
2024,9,6,9,16,1,6.16E-06
2024,9,6,9,1,2,0.000369773
2024,9,6,9,1,3,1.41E-06
2024,9,6,9,1,1,0.003951506
2024,9,6,11,16,2,6.27E-06
2024,9,6,11,16,3,4.18E-06
2024,9,6,11,16,1,0.003698775
2024,9,6,11,2,3,1.06E-06
2024,9,6,11,2,1,0.001913159
2024,9,6,11,2,4,0.000519283
2024,9,6,11,1,2,0.003403477
2024,9,6,11,1,3,7.14E-06
2024,9,6,11,1,1,0.01514228
2024,9,7,6,1,2,0.000842265
2024,9,7,6,1,3,1.67E-05
2024,9,7,6,1,1,0.002125186
2024,9,7,7,16,3,1.19E-06
2024,9,7,7,16,1,0.000582085
2024,9,7,7,1,2,0.001419707
2024,9,7,7,1,3,0.0003911
2024,9,7,7,1,1,0.012110766
2024,9,7,8,1,2,0.003290998
2024,9,7,8,1,3,0.000182546
2024,9,7,8,1,1,0.006100948
2024,9,7,9,16,2,0.000307856
2024,9,7,9,16,3,0.000204834
2024,9,7,9,16,1,0.088350114
2024,9,7,9,6,1,3.07E-06
2024,9,7,9,6,4,9.21E-06
2024,9,7,9,1,2,0.010886984
2024,9,7,9,1,3,0.000108972
2024,9,7,9,1,1,0.16572252
2024,9,7,10,1,2,0.000513115
2024,9,7,10,1,1,0.007164996
2024,9,7,11,15,3,0.0000414
2024,9,7,11,15,1,0.000630987
2024,9,7,11,15,4,4.80E-05
2024,9,7,11,16,1,0.008751908
2024,9,7,11,6,3,4.44E-05
2024,9,7,11,6,1,0.013584503
2024,9,7,11,6,4,0.000414424
2024,9,7,11,1,2,0.000385097
2024,9,7,11,1,3,2.06E-06
2024,9,7,11,1,1,0.010154467
2024,9,7,1,7,1,0.000132913
2024,9,7,1,7,4,1.07E-05
2024,9,7,1,15,2,0.002058588
2024,9,7,1,15,3,4.24E-06
2024,9,7,1,15,1,0.003634813
2024,9,7,1,15,4,0.000157403
2024,9,7,1,16,2,2.80E-06
2024,9,7,1,16,3,4.35E-05
2024,9,7,1,16,1,0.007432458
2024,9,7,1,6,3,3.71E-05
2024,9,7,1,6,1,0.000985414
2024,9,7,1,6,4,0.000143888
2024,9,7,1,1,2,0.005671746
2024,9,7,1,1,3,0.000163937
2024,9,7,1,1,1,0.054578067
2024,9,7,2,16,3,2.35E-05
2024,9,7,2,16,1,0.012987906
2024,9,7,2,1,2,0.000801975
2024,9,7,2,1,3,8.87E-06
2024,9,7,2,1,1,0.072392189
2024,9,7,3,7,3,1.67E-06
2024,9,7,3,7,1,0.001423857
2024,9,7,3,7,4,8.01E-05
2024,9,7,3,1,2,0.000158267
2024,9,7,3,1,3,1.13E-06
2024,9,7,3,1,1,0.004240434
2024,9,7,4,7,1,0.003933788
2024,9,7,4,7,4,0.000205505
2024,9,7,4,15,1,0.006768566
2024,9,7,4,15,4,0.000576343
2024,9,7,4,5,1,0.001326239
2024,9,7,4,5,4,0.000160741
2024,9,7,4,1,2,4.55E-06
2024,9,7,4,1,1,0.00102537
2024,9,8,6,1,2,0.001195539
2024,9,8,6,1,3,6.39E-05
2024,9,8,6,1,1,0.005987262
2024,9,8,7,3,3,4.89E-05
2024,9,8,7,3,1,3.73E-07
2024,9,8,7,1,2,0.003529659
2024,9,8,7,1,3,0.000255533
2024,9,8,7,1,1,0.005754618
2024,9,8,8,1,2,0.003129406
2024,9,8,8,1,3,0.000138099
2024,9,8,8,1,1,0.008819258
2024,9,8,9,7,3,4.82E-05
2024,9,8,9,7,1,0.009413584
2024,9,8,9,7,4,0.000381466
2024,9,8,9,15,3,1.56E-06
2024,9,8,9,15,1,0.001664427
2024,9,8,9,15,4,0.000148331
2024,9,8,9,16,2,3.83E-05
2024,9,8,9,16,3,5.63E-05
2024,9,8,9,16,1,0.033119088
2024,9,8,9,5,2,6.07E-05
2024,9,8,9,5,3,8.77E-05
2024,9,8,9,5,1,0.011129878
2024,9,8,9,5,4,0.00079747
2024,9,8,9,1,2,0.006884355
2024,9,8,9,1,3,0.000152597
2024,9,8,9,1,1,0.097349356
2024,9,8,10,15,3,7.84E-06
2024,9,8,10,15,1,0.011129879
2024,9,8,10,15,4,0.000318983
2024,9,8,10,1,2,0.00142915
2024,9,8,10,1,3,3.30E-05
2024,9,8,10,1,1,0.027522324
2024,9,8,11,4,1,0.000526105
2024,9,8,11,4,4,9.15E-05
2024,9,8,11,7,3,2.09E-07
2024,9,8,11,7,1,0.001134545
2024,9,8,11,7,4,0.003719088
2024,9,8,11,15,2,2.20E-06
2024,9,8,11,15,3,0.000114387
2024,9,8,11,15,1,0.061412705
2024,9,8,11,15,4,0.005437068
2024,9,8,11,16,2,1.03E-06
2024,9,8,11,16,3,1.02E-06
2024,9,8,11,16,1,0.010330804
2024,9,8,11,5,2,0.000226514
2024,9,8,11,5,3,7.00E-06
2024,9,8,11,5,1,0.009925439
2024,9,8,11,5,4,0.001083883
2024,9,8,11,6,2,5.30E-06
2024,9,8,11,6,1,0.007125522
2024,9,8,11,6,4,0.000729986
2024,9,8,11,1,2,0.003974129
2024,9,8,11,1,3,0.000855385
2024,9,8,11,1,1,0.100176772
2024,9,8,1,7,2,8.96E-08
2024,9,8,1,7,3,1.79E-07
2024,9,8,1,7,1,0.002563423
2024,9,8,1,7,4,4.89E-05
2024,9,8,1,15,3,3.40E-06
2024,9,8,1,15,1,0.001478317
2024,9,8,1,15,4,2.70E-05
2024,9,8,1,16,3,4.24E-06
2024,9,8,1,16,1,0.000646607
2024,9,8,1,5,2,0.00391483
2024,9,8,1,5,1,0.000580771
2024,9,8,1,5,4,0.000213756
2024,9,8,1,1,2,0.001554874
2024,9,8,1,1,3,8.32E-06
2024,9,8,1,1,1,0.010591636
2024,9,8,2,7,3,1.52E-05
2024,9,8,2,7,1,0.003624808
2024,9,8,2,7,4,0.000264453
2024,9,8,2,1,1,5.55E-05
2024,9,8,3,1,2,0.000190334
2024,9,8,3,1,1,0.002773945
2024,9,8,4,7,2,4.39E-05
2024,9,8,4,7,3,2.48E-06
2024,9,8,4,7,1,0.003088561
2024,9,8,4,7,4,0.001202719
2024,9,8,4,15,2,0.00118989
2024,9,8,4,15,3,0.000114519
2024,9,8,4,15,1,0.140113861
2024,9,8,4,15,4,0.004781623
2024,9,8,4,5,1,0.000556573
2024,9,8,4,5,4,0.000247366
2024,9,8,4,1,2,0.00037658
2024,9,8,4,1,1,0.020165522
2024,9,8,5,7,1,0.000507053
2024,9,8,5,7,4,6.04E-05
2024,9,8,5,15,1,0.009576794
2024,9,8,5,15,4,0.000857294
2024,9,8,5,6,1,0.00020962
2024,9,8,5,6,4,9.70E-06
2024,9,8,5,1,2,1.03E-06
2024,9,8,5,1,1,0.000611252
2024,1,1,2,1,4,5.36E-06
2024,1,1,3,1,4,2.85E-05
2024,1,1,5,1,4,5.81E-05
2024,1,1,7,16,4,0.000413665
2024,1,1,7,1,4,0.000774353
2024,1,1,8,1,4,0.000916679
2024,1,1,9,1,4,0.000743992
2024,1,1,11,16,4,0.000126284
2024,1,1,11,1,4,0.000106287
2024,1,2,1,1,4,1.43E-05
2024,1,2,2,1,4,2.07E-06
2024,1,2,3,1,4,8.21E-05
2024,1,2,4,1,4,0.000158111
2024,1,2,5,1,4,6.24E-05
2024,1,2,6,1,4,0.000480908
2024,1,2,7,16,4,0.000257531
2024,1,2,7,1,4,0.002995614
2024,1,2,8,3,4,5.80E-06
2024,1,2,8,1,4,0.003437013
2024,1,2,9,1,4,0.001586942
2024,1,2,11,3,4,1.22E-06
2024,1,2,11,16,4,0.000441863
2024,1,2,11,1,4,0.002081606
2024,1,3,1,1,4,0.000114019
2024,1,3,2,16,4,0.000122216
2024,1,3,2,1,4,0.00038639
2024,1,3,3,1,4,0.000245562
2024,1,3,4,16,4,1.94E-05
2024,1,3,4,1,4,0.000737158
2024,1,3,5,1,4,3.04E-05
2024,1,4,1,16,4,4.72E-05
2024,1,4,1,1,4,0.001256095
2024,1,4,2,16,4,0.000320867
2024,1,4,2,1,4,0.0007042
2024,1,4,3,1,4,2.74E-05
2024,1,4,4,16,4,3.31E-05
2024,1,4,4,1,4,0.000818806
2024,1,4,5,1,4,6.69E-05
2024,1,4,6,1,4,0.000973209
2024,1,4,9,16,4,0.000601979
2024,1,4,9,1,4,0.000733129
2024,1,5,6,1,4,8.85E-05
2024,1,5,7,1,4,0.000116763
2024,1,5,11,1,4,0.000437031
2024,1,5,1,16,4,2.03E-05
2024,1,5,1,1,4,0.000122403
2024,1,5,2,16,4,3.56E-05
2024,1,5,2,1,4,0.000433837
2024,1,5,4,1,4,2.53E-05
2024,1,5,5,1,4,0.000152538
2024,1,6,2,1,4,6.63E-06
2024,1,6,4,1,4,1.24E-05
2024,1,6,5,16,4,2.20E-06
2024,1,6,5,1,4,0.000110259
2024,1,6,6,1,4,3.63E-05
2024,1,6,7,1,4,0.000149232
2024,1,6,8,1,4,0.00059167
2024,1,6,9,1,4,0.000155551
2024,1,6,11,16,4,0.000127018
2024,1,6,11,1,4,0.001695128
2024,1,7,6,1,4,0.000207722
2024,1,7,7,16,4,6.80E-05
2024,1,7,7,1,4,0.001011102
2024,1,7,8,1,4,0.00132044
2024,1,7,9,16,4,0.001220478
2024,1,7,9,1,4,0.004392973
2024,1,7,10,1,4,0.000554104
2024,1,7,11,16,4,2.60E-05
2024,1,7,11,1,4,0.000473159
2024,1,7,1,16,4,7.50E-05
2024,1,7,1,1,4,0.000848221
2024,1,7,2,16,4,1.94E-06
2024,1,7,2,1,4,0.000557976
2024,1,7,3,1,4,5.91E-05
2024,1,7,4,1,4,1.22E-05
2024,1,8,6,1,4,0.000393647
2024,1,8,7,3,4,4.33E-06
2024,1,8,7,1,4,0.000448428
2024,1,8,8,1,4,0.000469706
2024,1,8,9,16,4,0.000480363
2024,1,8,9,1,4,0.002645651
2024,1,8,10,1,4,0.001380924
2024,1,8,11,16,4,9.23E-05
2024,1,8,11,1,4,0.005743563
2024,1,8,1,1,4,9.63E-05
2024,1,8,2,1,4,1.12E-06
2024,1,8,3,1,4,1.00E-06
2024,1,8,4,1,4,0.000118612
2024,1,8,5,1,4,2.52E-05
2024,2,1,2,1,4,1.24E-05
2024,2,1,3,1,4,3.23E-05
2024,2,1,4,1,4,6.79E-06
2024,2,1,5,1,4,0.000158868
2024,2,1,7,16,4,0.000861896
2024,2,1,7,1,4,0.001423972
2024,2,1,8,1,4,0.001454457
2024,2,1,9,1,4,0.001434059
2024,2,1,11,16,4,0.000141874
2024,2,1,11,1,4,0.000127989
2024,2,2,1,1,4,4.33E-05
2024,2,2,2,1,4,1.96E-05
2024,2,2,3,1,4,0.000297904
2024,2,2,4,1,4,0.000521982
2024,2,2,5,1,4,0.000259145
2024,2,2,6,1,4,0.001037149
2024,2,2,7,16,4,0.000673348
2024,2,2,7,1,4,0.00734705
2024,2,2,8,3,4,1.07E-05
2024,2,2,8,1,4,0.0056688
2024,2,2,9,1,4,0.002138968
2024,2,2,11,3,4,1.15E-06
2024,2,2,11,16,4,0.000674565
2024,2,2,11,1,4,0.003537886
2024,2,3,1,1,4,0.00035206
2024,2,3,2,16,4,0.00031112
2024,2,3,2,1,4,0.001106754
2024,2,3,3,1,4,0.000930149
2024,2,3,4,16,4,3.40E-05
2024,2,3,4,1,4,0.003392304
2024,2,3,5,1,4,9.36E-05
2024,2,4,1,16,4,0.000148782
2024,2,4,1,1,4,0.005709169
2024,2,4,2,16,4,0.001201153
2024,2,4,2,1,4,0.002017458
2024,2,4,3,1,4,8.81E-05
2024,2,4,4,16,4,8.18E-05
2024,2,4,4,1,4,0.00196353
2024,2,4,5,16,4,0.00000247
2024,2,4,5,1,4,0.000192317
2024,2,4,6,1,4,0.002325302
2024,2,4,9,16,4,0.002002598
2024,2,4,9,1,4,0.001259804
2024,2,5,6,1,4,0.000219308
2024,2,5,7,1,4,0.000321831
2024,2,5,9,1,4,3.01E-06
2024,2,5,11,1,4,0.000790349
2024,2,5,1,16,4,6.21E-05
2024,2,5,1,1,4,0.000305579
2024,2,5,2,16,4,0.000145432
2024,2,5,2,1,4,0.001057565
2024,2,5,4,1,4,7.84E-05
2024,2,5,5,1,4,0.000756114
2024,2,6,2,1,4,7.96E-06
2024,2,6,4,1,4,8.13E-05
2024,2,6,5,16,4,6.60E-06
2024,2,6,5,1,4,0.000295877
2024,2,6,6,1,4,5.99E-05
2024,2,6,7,1,4,0.000484704
2024,2,6,8,1,4,0.00121027
2024,2,6,9,16,4,9.75E-07
2024,2,6,9,1,4,0.000351333
2024,2,6,11,16,4,0.000260982
2024,2,6,11,1,4,0.003878602
2024,2,7,6,1,4,0.000873279
2024,2,7,7,16,4,0.000337681
2024,2,7,7,1,4,0.00388421
2024,2,7,8,1,4,0.003878558
2024,2,7,9,16,4,0.003762713
2024,2,7,9,1,4,0.012736773
2024,2,7,10,1,4,0.001365369
2024,2,7,11,16,4,5.01E-05
2024,2,7,11,1,4,0.001548749
2024,2,7,1,16,4,0.000177645
2024,2,7,1,1,4,0.003363364
2024,2,7,2,16,4,3.88E-06
2024,2,7,2,1,4,0.001483265
2024,2,7,3,1,4,0.000131023
2024,2,7,4,1,4,3.43E-05
2024,2,8,6,1,4,0.001512057
2024,2,8,7,3,4,1.04E-05
2024,2,8,7,1,4,0.001842709
2024,2,8,8,1,4,0.00150707
2024,2,8,9,16,4,0.001169507
2024,2,8,9,1,4,0.007227686
2024,2,8,10,1,4,0.004488878
2024,2,8,11,16,4,0.000199791
2024,2,8,11,1,4,0.016651174
2024,2,8,1,16,4,1.01E-06
2024,2,8,1,1,4,0.000412362
2024,2,8,3,1,4,1.12E-05
2024,2,8,4,1,4,0.000302189
2024,2,8,5,1,4,8.28E-05
2024,3,1,2,1,4,1.42E-05
2024,3,1,3,1,4,1.84E-05
2024,3,1,4,1,4,9.69E-07
2024,3,1,5,1,4,0.000223928
2024,3,1,7,16,4,0.001687922
2024,3,1,7,1,4,0.003230568
2024,3,1,8,1,4,0.002598925
2024,3,1,9,1,4,0.002219039
2024,3,1,11,16,4,0.000155906
2024,3,1,11,1,4,0.000252663
2024,3,2,1,1,4,0.000391757
2024,3,2,2,1,4,2.37E-05
2024,3,2,3,1,4,0.000231679
2024,3,2,4,1,4,0.00120152
2024,3,2,5,1,4,0.000226642
2024,3,2,6,1,4,0.002837112
2024,3,2,7,16,4,0.001981101
2024,3,2,7,1,4,0.017870545
2024,3,2,8,3,4,2.49E-05
2024,3,2,8,1,4,0.01173552
2024,3,2,9,1,4,0.007798745
2024,3,2,11,3,4,5.66E-06
2024,3,2,11,16,4,0.001762874
2024,3,2,11,1,4,0.007420281
2024,3,3,1,1,4,0.000598036
2024,3,3,2,16,4,0.000475129
2024,3,3,2,1,4,0.000966369
2024,3,3,3,1,4,0.001353056
2024,3,3,4,16,4,5.15E-05
2024,3,3,4,1,4,0.001302712
2024,3,3,5,1,4,7.40E-05
2024,3,4,1,16,4,5.89E-05
2024,3,4,1,1,4,0.006876036
2024,3,4,2,16,4,0.001253214
2024,3,4,2,1,4,0.001892825
2024,3,4,3,1,4,4.08E-05
2024,3,4,4,16,4,0.000162365
2024,3,4,4,1,4,0.002021781
2024,3,4,5,16,4,0.00000247
2024,3,4,5,1,4,0.00022644
2024,3,4,6,1,4,0.005478116
2024,3,4,9,16,4,0.002334321
2024,3,4,9,1,4,0.001663777
2024,3,5,6,1,4,0.001664815
2024,3,5,7,1,4,0.000476226
2024,3,5,9,1,4,3.01E-06
2024,3,5,11,1,4,0.002516854
2024,3,5,1,16,4,6.08E-05
2024,3,5,1,1,4,0.001717126
2024,3,5,2,16,4,0.000118164
2024,3,5,2,1,4,0.001301913
2024,3,5,4,1,4,0.002172546
2024,3,5,5,1,4,0.000410524
2024,3,6,2,1,4,2.39E-05
2024,3,6,4,1,4,0.000110371
2024,3,6,5,16,4,0.000129806
2024,3,6,5,1,4,0.000558183
2024,3,6,6,1,4,0.000328011
2024,3,6,7,1,4,0.001057322
2024,3,6,8,1,4,0.001597341
2024,3,6,9,1,4,0.000430008
2024,3,6,11,16,4,0.000372123
2024,3,6,11,1,4,0.008981809
2024,3,7,6,1,4,0.002979109
2024,3,7,7,16,4,0.00089746
2024,3,7,7,1,4,0.008063435
2024,3,7,8,1,4,0.00692411
2024,3,7,9,16,4,0.005461044
2024,3,7,9,1,4,0.011205421
2024,3,7,10,1,4,0.001946544
2024,3,7,11,16,4,8.96E-05
2024,3,7,11,1,4,0.001680103
2024,3,7,1,16,4,0.000440344
2024,3,7,1,1,4,0.007631486
2024,3,7,2,16,4,3.59E-05
2024,3,7,2,1,4,0.001371989
2024,3,7,3,1,4,0.000690554
2024,3,7,4,1,4,3.46E-05
2024,3,8,6,1,4,0.007899833
2024,3,8,7,3,4,1.86E-05
2024,3,8,7,1,4,0.005495722
2024,3,8,8,1,4,0.004942107
2024,3,8,9,16,4,0.001777044
2024,3,8,9,1,4,0.007864981
2024,3,8,10,1,4,0.00614299
2024,3,8,11,16,4,0.000480814
2024,3,8,11,1,4,0.021704926
2024,3,8,1,16,4,3.02E-06
2024,3,8,1,1,4,0.000637624
2024,3,8,2,1,4,1.12E-06
2024,3,8,3,1,4,5.27E-05
2024,3,8,4,1,4,0.000330397
2024,3,8,5,1,4,7.24E-05
2024,4,1,2,1,4,5.99E-06
2024,4,1,3,1,4,8.71E-06
2024,4,1,5,1,4,5.78E-05
2024,4,1,7,16,4,0.001377306
2024,4,1,7,1,4,0.002097048
2024,4,1,8,1,4,0.001624722
2024,4,1,9,1,4,0.001378274
2024,4,1,11,16,4,7.64E-05
2024,4,1,11,1,4,0.00016921
2024,4,2,1,1,4,4.89E-05
2024,4,2,2,1,4,1.14E-05
2024,4,2,3,1,4,7.86E-05
2024,4,2,4,1,4,0.000148812
2024,4,2,5,1,4,8.36E-05
2024,4,2,6,1,4,0.00228249
2024,4,2,7,16,4,0.000673348
2024,4,2,7,1,4,0.01295295
2024,4,2,8,3,4,2.46E-05
2024,4,2,8,1,4,0.009905712
2024,4,2,9,1,4,0.003157445
2024,4,2,11,3,4,5.95E-06
2024,4,2,11,16,4,0.000691087
2024,4,2,11,1,4,0.006672085
2024,4,3,1,1,4,0.000307326
2024,4,3,2,16,4,0.000217136
2024,4,3,2,1,4,0.000455839
2024,4,3,3,1,4,0.000296817
2024,4,3,4,16,4,1.55E-05
2024,4,3,4,1,4,0.000441688
2024,4,3,5,1,4,1.49E-05
2024,4,4,1,16,4,4.19E-05
2024,4,4,1,1,4,0.004233442
2024,4,4,2,16,4,0.000526822
2024,4,4,2,1,4,0.00078922
2024,4,4,3,1,4,2.85E-05
2024,4,4,4,16,4,7.87E-05
2024,4,4,4,1,4,0.000419365
2024,4,4,5,16,4,0.000001235
2024,4,4,5,1,4,5.14E-05
2024,4,4,6,1,4,0.002135065
2024,4,4,9,16,4,0.000549977
2024,4,4,9,1,4,0.000510931
2024,4,5,6,1,4,0.000158644
2024,4,5,7,1,4,0.000185728
2024,4,5,9,1,4,6.02E-06
2024,4,5,11,1,4,0.000849841
2024,4,5,1,16,4,2.54E-05
2024,4,5,1,1,4,0.000199195
2024,4,5,2,16,4,1.67E-05
2024,4,5,2,1,4,0.0003644
2024,4,5,4,1,4,3.38E-05
2024,4,5,5,1,4,0.000112415
2024,4,6,2,1,4,6.63E-06
2024,4,6,4,1,4,4.03E-05
2024,4,6,5,16,4,6.60E-06
2024,4,6,5,1,4,0.000181743
2024,4,6,6,1,4,3.74E-05
2024,4,6,7,1,4,0.000552557
2024,4,6,8,1,4,0.001378135
2024,4,6,9,1,4,0.000272211
2024,4,6,11,16,4,0.00023419
2024,4,6,11,1,4,0.00386519
2024,4,7,6,1,4,0.000381529
2024,4,7,7,16,4,0.000189237
2024,4,7,7,1,4,0.002360757
2024,4,7,8,1,4,0.002904405
2024,4,7,9,16,4,0.001911984
2024,4,7,9,1,4,0.0057532
2024,4,7,10,1,4,0.000415709
2024,4,7,11,16,4,2.41E-05
2024,4,7,11,1,4,0.000477527
2024,4,7,1,16,4,8.63E-05
2024,4,7,1,1,4,0.003061859
2024,4,7,2,16,4,3.88E-06
2024,4,7,2,1,4,0.000649406
2024,4,7,3,1,4,0.000198682
2024,4,7,4,1,4,1.50E-05
2024,4,8,6,1,4,0.000985464
2024,4,8,7,3,4,9.97E-06
2024,4,8,7,1,4,0.001485674
2024,4,8,8,1,4,0.00161064
2024,4,8,9,16,4,0.000715678
2024,4,8,9,1,4,0.003607627
2024,4,8,10,1,4,0.001714798
2024,4,8,11,16,4,0.000170573
2024,4,8,11,1,4,0.005508086
2024,4,8,1,16,4,7.05E-06
2024,4,8,1,1,4,0.000241612
2024,4,8,2,1,4,2.24E-06
2024,4,8,3,1,4,1.30E-05
2024,4,8,4,1,4,0.000130726
2024,4,8,5,1,4,2.26E-05
2024,5,1,2,1,4,2.93E-05
2024,5,1,3,1,4,4.96E-05
2024,5,1,4,1,4,7.76E-06
2024,5,1,5,1,4,0.000480449
2024,5,1,7,16,4,0.003877063
2024,5,1,7,1,4,0.00407404
2024,5,1,8,1,4,0.005071533
2024,5,1,9,1,4,0.004364371
2024,5,1,11,16,4,0.000344552
2024,5,1,11,1,4,0.000202982
2024,5,2,1,1,4,0.00026771
2024,5,2,2,1,4,2.68E-05
2024,5,2,3,1,4,0.000396339
2024,5,2,4,1,4,0.000891411
2024,5,2,5,1,4,0.000442225
2024,5,2,6,1,4,0.003840031
2024,5,2,7,16,4,0.001332878
2024,5,2,7,1,4,0.023896747
2024,5,2,8,3,4,2.77E-05
2024,5,2,8,1,4,0.015398831
2024,5,2,9,16,4,2.71E-05
2024,5,2,9,1,4,0.00990208
2024,5,2,11,3,4,5.47E-06
2024,5,2,11,16,4,0.002170664
2024,5,2,11,1,4,0.008360296
2024,5,3,1,1,4,0.001029458
2024,5,3,2,16,4,0.001007369
2024,5,3,2,1,4,0.003215821
2024,5,3,3,1,4,0.00105775
2024,5,3,4,16,4,0.000116215
2024,5,3,4,1,4,0.003322398
2024,5,3,5,1,4,0.000300216
2024,5,4,1,16,4,0.000104205
2024,5,4,1,1,4,0.012113672
2024,5,4,2,16,4,0.002348067
2024,5,4,2,1,4,0.0053148
2024,5,4,3,1,4,0.000157252
2024,5,4,4,16,4,0.000329195
2024,5,4,4,1,4,0.002312266
2024,5,4,5,16,4,0.00000247
2024,5,4,5,1,4,0.000327686
2024,5,4,6,1,4,0.002577289
2024,5,4,9,16,4,0.001483669
2024,5,4,9,1,4,0.003642095
2024,5,5,6,1,4,0.000433776
2024,5,5,7,1,4,0.000520933
2024,5,5,9,1,4,0.000148446
2024,5,5,11,1,4,0.002212762
2024,5,5,1,16,4,7.10E-05
2024,5,5,1,1,4,0.000519248
2024,5,5,2,16,4,0.000443114
2024,5,5,2,1,4,0.005846353
2024,5,5,4,1,4,0.00022379
2024,5,5,5,1,4,0.000853064
2024,5,6,2,1,4,2.79E-05
2024,5,6,4,1,4,0.000157722
2024,5,6,5,16,4,1.76E-05
2024,5,6,5,1,4,0.000768719
2024,5,6,6,1,4,0.000111243
2024,5,6,7,1,4,0.001087004
2024,5,6,8,1,4,0.002789763
2024,5,6,9,16,4,6.15E-05
2024,5,6,9,1,4,0.001318564
2024,5,6,11,16,4,0.000935766
2024,5,6,11,1,4,0.008872246
2024,5,7,6,1,4,0.000688873
2024,5,7,7,16,4,0.000670829
2024,5,7,7,1,4,0.002823425
2024,5,7,8,1,4,0.003414533
2024,5,7,9,16,4,0.00690205
2024,5,7,9,1,4,0.013163239
2024,5,7,10,1,4,0.001249914
2024,5,7,11,16,4,0.000129158
2024,5,7,11,1,4,0.001210055
2024,5,7,1,16,4,0.000686371
2024,5,7,1,1,4,0.012365129
2024,5,7,2,16,4,0.000314604
2024,5,7,2,1,4,0.00747552
2024,5,7,3,1,4,0.000611081
2024,5,7,4,1,4,9.73E-05
2024,5,8,6,1,4,0.001733287
2024,5,8,7,3,4,1.64E-05
2024,5,8,7,1,4,0.003005962
2024,5,8,8,1,4,0.001945075
2024,5,8,9,16,4,0.001815946
2024,5,8,9,1,4,0.013180328
2024,5,8,10,1,4,0.004375002
2024,5,8,11,16,4,0.000536267
2024,5,8,11,1,4,0.027013007
2024,5,8,1,16,4,1.41E-05
2024,5,8,1,1,4,0.001580804
2024,5,8,2,1,4,7.85E-06
2024,5,8,3,1,4,0.000489357
2024,5,8,4,1,4,0.002771163
2024,5,8,5,1,4,0.000266591
2024,6,1,2,1,4,3.99E-06
2024,6,1,3,1,4,9.67E-07
2024,6,1,5,1,4,4.06E-05
2024,6,1,7,16,4,0.00097163
2024,6,1,7,1,4,0.001023289
2024,6,1,8,1,4,0.001305853
2024,6,1,9,1,4,0.001006575
2024,6,1,11,16,4,9.51E-05
2024,6,1,11,1,4,5.66E-05
2024,6,2,1,1,4,3.90E-05
2024,6,2,2,1,4,1.03E-06
2024,6,2,3,1,4,1.79E-05
2024,6,2,4,1,4,7.95E-05
2024,6,2,5,1,4,3.92E-05
2024,6,2,6,1,4,0.000908705
2024,6,2,7,16,4,0.000283912
2024,6,2,7,1,4,0.005587094
2024,6,2,8,3,4,1.12E-05
2024,6,2,8,1,4,0.005641186
2024,6,2,9,16,4,1.93E-06
2024,6,2,9,1,4,0.002714891
2024,6,2,11,3,4,1.59E-06
2024,6,2,11,16,4,0.000454797
2024,6,2,11,1,4,0.002806348
2024,6,3,1,1,4,0.000329499
2024,6,3,2,16,4,0.000154998
2024,6,3,2,1,4,0.000507965
2024,6,3,3,1,4,0.000439786
2024,6,3,4,16,4,5.83E-06
2024,6,3,4,1,4,0.000338844
2024,6,3,5,1,4,1.29E-05
2024,6,4,1,16,4,2.87E-05
2024,6,4,1,1,4,0.005574224
2024,6,4,2,16,4,0.000327842
2024,6,4,2,1,4,0.000666722
2024,6,4,3,1,4,2.91E-06
2024,6,4,4,16,4,5.84E-05
2024,6,4,4,1,4,0.000390661
2024,6,4,5,16,4,0.000001235
2024,6,4,5,1,4,2.90E-05
2024,6,4,6,1,4,0.001169766
2024,6,4,9,16,4,0.000409644
2024,6,4,9,1,4,0.000573976
2024,6,5,6,1,4,0.000263785
2024,6,5,7,1,4,9.60E-05
2024,6,5,9,1,4,3.31E-05
2024,6,5,11,1,4,0.000577026
2024,6,5,1,16,4,2.79E-05
2024,6,5,1,1,4,0.000185168
2024,6,5,2,16,4,3.18E-05
2024,6,5,2,1,4,0.000320337
2024,6,5,4,1,4,3.05E-05
2024,6,5,5,1,4,9.47E-05
2024,6,6,2,1,4,3.85E-05
2024,6,6,4,1,4,5.13E-05
2024,6,6,5,16,4,1.10E-06
2024,6,6,5,1,4,8.49E-05
2024,6,6,6,1,4,3.42E-05
2024,6,6,7,1,4,0.000429438
2024,6,6,8,1,4,0.000901467
2024,6,6,9,16,4,1.37E-05
2024,6,6,9,1,4,0.001061807
2024,6,6,11,16,4,0.000181596
2024,6,6,11,1,4,0.002293262
2024,6,7,6,1,4,0.000415443
2024,6,7,7,16,4,9.41E-05
2024,6,7,7,1,4,0.000968517
2024,6,7,8,1,4,0.000877179
2024,6,7,9,16,4,0.001081118
2024,6,7,9,1,4,0.002846265
2024,6,7,10,1,4,0.000208722
2024,6,7,11,16,4,1.64E-05
2024,6,7,11,1,4,0.000168461
2024,6,7,1,16,4,0.000118003
2024,6,7,1,1,4,0.004628672
2024,6,7,2,16,4,6.31E-05
2024,6,7,2,1,4,0.000803159
2024,6,7,3,1,4,0.000100952
2024,6,7,4,1,4,2.75E-05
2024,6,8,6,1,4,0.000541296
2024,6,8,7,3,4,7.33E-06
2024,6,8,7,1,4,0.000948122
2024,6,8,8,1,4,0.000670273
2024,6,8,9,16,4,0.000401119
2024,6,8,9,1,4,0.003461145
2024,6,8,10,1,4,0.000792069
2024,6,8,11,16,4,0.000116336
2024,6,8,11,1,4,0.00374622
2024,6,8,1,1,4,0.001376821
2024,6,8,2,1,4,3.36E-06
2024,6,8,3,1,4,5.59E-05
2024,6,8,4,1,4,0.000505659
2024,6,8,5,1,4,1.28E-05
2024,7,1,2,1,4,3.84E-05
2024,7,1,3,1,4,3.97E-05
2024,7,1,4,1,4,2.91E-06
2024,7,1,5,1,4,0.00021868
2024,7,1,7,16,4,0.001725422
2024,7,1,7,1,4,0.001848897
2024,7,1,8,1,4,0.00508319
2024,7,1,9,1,4,0.002665553
2024,7,1,11,16,4,0.000310252
2024,7,1,11,1,4,0.000125366
2024,7,2,1,1,4,0.000181043
2024,7,2,2,1,4,1.65E-05
2024,7,2,3,1,4,0.000189179
2024,7,2,4,1,4,0.000421583
2024,7,2,5,16,4,2.53E-06
2024,7,2,5,1,4,0.000138438
2024,7,2,6,1,4,0.00275591
2024,7,2,7,16,4,0.001004997
2024,7,2,7,1,4,0.019238819
2024,7,2,8,3,4,2.92E-05
2024,7,2,8,1,4,0.013803484
2024,7,2,9,16,4,1.64E-05
2024,7,2,9,1,4,0.004739296
2024,7,2,11,3,4,3.00E-06
2024,7,2,11,16,4,0.001292541
2024,7,2,11,1,4,0.007371659
2024,7,3,1,1,4,0.000634587
2024,7,3,2,16,4,0.000550035
2024,7,3,2,1,4,0.00168326
2024,7,3,3,1,4,0.000386129
2024,7,3,4,16,4,0.000121327
2024,7,3,4,1,4,0.001150674
2024,7,3,5,1,4,0.00010152
2024,7,4,1,16,4,5.46E-05
2024,7,4,1,1,4,0.006916051
2024,7,4,2,16,4,0.001119901
2024,7,4,2,1,4,0.00190403
2024,7,4,3,1,4,6.31E-05
2024,7,4,4,16,4,0.000222714
2024,7,4,4,1,4,0.001121251
2024,7,4,5,16,4,0.00000247
2024,7,4,5,1,4,0.00013911
2024,7,4,6,1,4,0.001070173
2024,7,4,9,16,4,0.001037868
2024,7,4,9,1,4,0.00061047
2024,7,5,6,1,4,0.000301493
2024,7,5,7,1,4,0.000232905
2024,7,5,9,1,4,7.82E-05
2024,7,5,11,1,4,0.001462936
2024,7,5,1,16,4,5.32E-05
2024,7,5,1,1,4,0.000313543
2024,7,5,2,16,4,0.000110589
2024,7,5,2,1,4,0.000725127
2024,7,5,4,1,4,5.78E-05
2024,7,5,5,1,4,0.000387828
2024,7,6,2,1,4,2.12E-05
2024,7,6,4,1,4,8.62E-05
2024,7,6,5,16,4,9.90E-06
2024,7,6,5,1,4,0.000362721
2024,7,6,6,1,4,8.64E-05
2024,7,6,7,1,4,0.001096322
2024,7,6,8,1,4,0.002506956
2024,7,6,9,16,4,2.54E-05
2024,7,6,9,1,4,0.000801593
2024,7,6,11,16,4,0.000400901
2024,7,6,11,1,4,0.005472659
2024,7,7,6,1,4,0.000396367
2024,7,7,7,16,4,0.000261759
2024,7,7,7,1,4,0.001627701
2024,7,7,8,1,4,0.001306069
2024,7,7,9,16,4,0.003178509
2024,7,7,9,1,4,0.005894707
2024,7,7,10,1,4,0.000651414
2024,7,7,11,16,4,9.06E-05
2024,7,7,11,1,4,0.000563716
2024,7,7,1,16,4,0.000258235
2024,7,7,1,1,4,0.007144686
2024,7,7,2,16,4,0.000200997
2024,7,7,2,1,4,0.002767441
2024,7,7,3,1,4,0.000299634
2024,7,7,4,1,4,0.000134158
2024,7,8,6,1,4,0.001404422
2024,7,8,7,3,4,2.25E-05
2024,7,8,7,1,4,0.001577821
2024,7,8,8,1,4,0.001202144
2024,7,8,9,16,4,0.000989556
2024,7,8,9,1,4,0.005623975
2024,7,8,10,1,4,0.001841882
2024,7,8,11,16,4,0.000459549
2024,7,8,11,1,4,0.011092364
2024,7,8,1,16,4,8.06E-06
2024,7,8,1,1,4,0.00127188
2024,7,8,2,1,4,7.85E-06
2024,7,8,3,1,4,0.000217175
2024,7,8,4,1,4,0.001963501
2024,7,8,5,1,4,5.91E-05
2024,8,1,2,1,4,2.43E-05
2024,8,1,3,1,4,2.34E-05
2024,8,1,4,1,4,3.88E-06
2024,8,1,5,1,4,0.000470355
2024,8,1,7,16,4,0.001377306
2024,8,1,7,1,4,0.001719807
2024,8,1,8,1,4,0.001834174
2024,8,1,9,1,4,0.002355849
2024,8,1,11,16,4,0.000224504
2024,8,1,11,1,4,0.00024967
2024,8,2,1,1,4,6.39E-05
2024,8,2,2,1,4,2.68E-05
2024,8,2,3,1,4,0.000108652
2024,8,2,4,1,4,0.000298004
2024,8,2,5,16,4,0.0000038
2024,8,2,5,1,4,0.000216679
2024,8,2,6,1,4,0.001477474
2024,8,2,7,16,4,0.000672092
2024,8,2,7,1,4,0.009394728
2024,8,2,8,3,4,1.25E-05
2024,8,2,8,1,4,0.007203611
2024,8,2,9,16,4,1.93E-06
2024,8,2,9,1,4,0.003158055
2024,8,2,11,3,4,1.10E-06
2024,8,2,11,16,4,0.00095303
2024,8,2,11,1,4,0.005164013
2024,8,3,1,1,4,0.000262938
2024,8,3,2,16,4,0.00029935
2024,8,3,2,1,4,0.00054348
2024,8,3,3,1,4,0.000390362
2024,8,3,4,16,4,3.52E-05
2024,8,3,4,1,4,0.000590147
2024,8,3,5,1,4,0.000107168
2024,8,4,1,16,4,4.83E-05
2024,8,4,1,1,4,0.003438286
2024,8,4,2,16,4,0.000596768
2024,8,4,2,1,4,0.001000894
2024,8,4,3,1,4,5.00E-05
2024,8,4,4,16,4,0.000123566
2024,8,4,4,1,4,0.00042653
2024,8,4,5,16,4,0.000001235
2024,8,4,5,1,4,9.78E-05
2024,8,4,6,1,4,0.000785226
2024,8,4,9,16,4,0.001350322
2024,8,4,9,1,4,0.000501997
2024,8,5,6,1,4,0.000260182
2024,8,5,7,1,4,0.000148593
2024,8,5,9,1,4,6.02E-06
2024,8,5,11,1,4,0.001758659
2024,8,5,1,16,4,1.77E-05
2024,8,5,1,1,4,0.000148827
2024,8,5,2,16,4,5.98E-05
2024,8,5,2,1,4,0.000393939
2024,8,5,4,1,4,3.96E-05
2024,8,5,5,1,4,0.000194745
2024,8,6,2,1,4,1.59E-05
2024,8,6,4,1,4,6.86E-05
2024,8,6,5,16,4,2.09E-05
2024,8,6,5,1,4,0.00101032
2024,8,6,6,1,4,3.02E-05
2024,8,6,7,1,4,0.00047042
2024,8,6,8,1,4,0.000984455
2024,8,6,9,16,4,9.75E-07
2024,8,6,9,1,4,0.000338077
2024,8,6,11,16,4,0.000435632
2024,8,6,11,1,4,0.003441984
2024,8,7,6,1,4,0.000210901
2024,8,7,7,16,4,0.000228898
2024,8,7,7,1,4,0.001398528
2024,8,7,8,1,4,0.001600966
2024,8,7,9,16,4,0.003136244
2024,8,7,9,1,4,0.005674956
2024,8,7,10,1,4,0.000506101
2024,8,7,11,16,4,0.000154219
2024,8,7,11,1,4,0.000359716
2024,8,7,1,16,4,0.000151803
2024,8,7,1,1,4,0.002771279
2024,8,7,2,16,4,6.70E-05
2024,8,7,2,1,4,0.0008607
2024,8,7,3,1,4,0.000186869
2024,8,7,4,1,4,1.76E-05
2024,8,8,6,1,4,0.000966703
2024,8,8,7,3,4,7.13E-06
2024,8,8,7,1,4,0.000979814
2024,8,8,8,1,4,0.000723587
2024,8,8,9,16,4,0.00099801
2024,8,8,9,1,4,0.003399908
2024,8,8,10,1,4,0.001573142
2024,8,8,11,16,4,0.000557918
2024,8,8,11,1,4,0.007113553
2024,8,8,1,16,4,4.03E-06
2024,8,8,1,1,4,0.000272074
2024,8,8,2,1,4,1.12E-06
2024,8,8,3,1,4,8.24E-05
2024,8,8,4,1,4,0.000498021
2024,8,8,5,1,4,0.000201594
2024,9,1,2,1,4,3.67E-05
2024,9,1,3,1,4,3.82E-05
2024,9,1,4,1,4,9.69E-07
2024,9,1,5,1,4,0.000383395
2024,9,1,7,16,4,0.003367688
2024,9,1,7,1,4,0.001465913
2024,9,1,8,1,4,0.002063185
2024,9,1,9,1,4,0.003123184
2024,9,1,11,16,4,0.000249449
2024,9,1,11,1,4,0.000140472
2024,9,2,1,1,4,8.07E-05
2024,9,2,2,1,4,2.27E-05
2024,9,2,3,1,4,0.000611455
2024,9,2,4,1,4,0.000629631
2024,9,2,5,1,4,0.000336618
2024,9,2,6,1,4,0.000961189
2024,9,2,7,16,4,0.00060928
2024,9,2,7,1,4,0.010573119
2024,9,2,8,3,4,1.05E-05
2024,9,2,8,1,4,0.006432093
2024,9,2,9,1,4,0.0028192
2024,9,2,11,3,4,1.20E-06
2024,9,2,11,16,4,0.000981163
2024,9,2,11,1,4,0.003889989
2024,9,3,1,1,4,0.000623319
2024,9,3,2,16,4,0.001004016
2024,9,3,2,1,4,0.001711834
2024,9,3,3,1,4,0.001014624
2024,9,3,4,16,4,0.000149891
2024,9,3,4,1,4,0.003063114
2024,9,3,5,1,4,0.000190312
2024,9,4,1,16,4,0.000397041
2024,9,4,1,1,4,0.005896223
2024,9,4,2,16,4,0.001592493
2024,9,4,2,1,4,0.001972392
2024,9,4,3,1,4,0.00013299
2024,9,4,4,16,4,0.000437515
2024,9,4,4,1,4,0.001802102
2024,9,4,5,16,4,0.00000247
2024,9,4,5,1,4,0.000262096
2024,9,4,6,1,4,0.000777663
2024,9,4,9,16,4,0.001245028
2024,9,4,9,1,4,0.001128166
2024,9,5,6,1,4,0.000144699
2024,9,5,7,1,4,0.000240268
2024,9,5,9,1,4,4.31E-05
2024,9,5,11,1,4,0.001138952
2024,9,5,1,16,4,0.000111543
2024,9,5,1,1,4,0.000544758
2024,9,5,2,16,4,0.000113619
2024,9,5,2,1,4,0.001400122
2024,9,5,4,1,4,0.00011676
2024,9,5,5,1,4,0.000820131
2024,9,6,2,1,4,0.000164495
2024,9,6,4,1,4,8.83E-05
2024,9,6,5,16,4,5.50E-06
2024,9,6,5,1,4,0.000414875
2024,9,6,6,1,4,2.33E-05
2024,9,6,7,1,4,0.000389715
2024,9,6,8,1,4,0.001126238
2024,9,6,9,16,4,1.95E-06
2024,9,6,9,1,4,0.000509966
2024,9,6,11,16,4,0.000399909
2024,9,6,11,1,4,0.003850618
2024,9,7,6,1,4,0.000196064
2024,9,7,7,16,4,0.000227765
2024,9,7,7,1,4,0.002344391
2024,9,7,8,1,4,0.00144462
2024,9,7,9,16,4,0.003871785
2024,9,7,9,1,4,0.00959499
2024,9,7,10,1,4,0.001191608
2024,9,7,11,16,4,0.000453981
2024,9,7,11,1,4,0.001275743
2024,9,7,1,16,4,0.000545301
2024,9,7,1,1,4,0.005038688
2024,9,7,2,16,4,0.000185461
2024,9,7,2,1,4,0.002035787
2024,9,7,3,1,4,0.000274933
2024,9,7,4,1,4,6.15E-05
2024,9,8,6,1,4,0.000439512
2024,9,8,7,3,4,1.41E-05
2024,9,8,7,1,4,0.001303641
2024,9,8,8,1,4,0.000846247
2024,9,8,9,16,4,0.001491001
2024,9,8,9,1,4,0.005953487
2024,9,8,10,1,4,0.003950587
2024,9,8,11,16,4,0.001130426
2024,9,8,11,1,4,0.016573125
2024,9,8,1,16,4,1.31E-05
2024,9,8,1,1,4,0.000459342
2024,9,8,2,1,4,8.97E-06
2024,9,8,3,1,4,0.000389274
2024,9,8,4,1,4,0.002467651
2024,9,8,5,1,4,0.000149117
2024,1,1,2,1,5,2.82E-07
2024,1,1,3,1,5,1.50E-06
2024,1,1,5,1,5,3.06E-06
2024,1,1,7,16,5,2.18E-05
2024,1,1,7,1,5,4.08E-05
2024,1,1,8,1,5,4.82E-05
2024,1,1,9,1,5,3.92E-05
2024,1,1,11,16,5,6.65E-06
2024,1,1,11,1,5,5.59E-06
2024,1,2,1,1,5,7.53E-07
2024,1,2,2,1,5,1.09E-07
2024,1,2,3,1,5,4.32E-06
2024,1,2,4,1,5,8.32E-06
2024,1,2,5,1,5,3.28E-06
2024,1,2,6,1,5,2.53E-05
2024,1,2,7,16,5,1.36E-05
2024,1,2,7,1,5,0.000157664
2024,1,2,8,3,5,3.05E-07
2024,1,2,8,1,5,0.000180895
2024,1,2,9,1,5,8.35E-05
2024,1,2,11,3,5,6.40E-08
2024,1,2,11,16,5,2.33E-05
2024,1,2,11,1,5,0.000109558
2024,1,3,1,1,5,6.00E-06
2024,1,3,2,16,5,6.43E-06
2024,1,3,2,1,5,2.03E-05
2024,1,3,3,1,5,1.29E-05
2024,1,3,4,16,5,1.02E-06
2024,1,3,4,1,5,3.88E-05
2024,1,3,5,1,5,1.60E-06
2024,1,4,1,16,5,2.48E-06
2024,1,4,1,1,5,6.61E-05
2024,1,4,2,16,5,1.69E-05
2024,1,4,2,1,5,3.71E-05
2024,1,4,3,1,5,1.44E-06
2024,1,4,4,16,5,1.74E-06
2024,1,4,4,1,5,4.31E-05
2024,1,4,5,1,5,3.52E-06
2024,1,4,6,1,5,5.12E-05
2024,1,4,9,16,5,3.17E-05
2024,1,4,9,1,5,3.86E-05
2024,1,5,6,1,5,4.66E-06
2024,1,5,7,1,5,6.15E-06
2024,1,5,11,1,5,2.30E-05
2024,1,5,1,16,5,1.07E-06
2024,1,5,1,1,5,6.44E-06
2024,1,5,2,16,5,1.87E-06
2024,1,5,2,1,5,2.28E-05
2024,1,5,4,1,5,1.33E-06
2024,1,5,5,1,5,8.03E-06
2024,1,6,2,1,5,3.49E-07
2024,1,6,4,1,5,6.53E-07
2024,1,6,5,16,5,1.16E-07
2024,1,6,5,1,5,5.80E-06
2024,1,6,6,1,5,1.91E-06
2024,1,6,7,1,5,7.85E-06
2024,1,6,8,1,5,3.11E-05
2024,1,6,9,1,5,8.19E-06
2024,1,6,11,16,5,6.69E-06
2024,1,6,11,1,5,8.92E-05
2024,1,7,6,1,5,1.09E-05
2024,1,7,7,16,5,3.58E-06
2024,1,7,7,1,5,5.32E-05
2024,1,7,8,1,5,6.95E-05
2024,1,7,9,16,5,6.42E-05
2024,1,7,9,1,5,0.000231209
2024,1,7,10,1,5,2.92E-05
2024,1,7,11,16,5,1.37E-06
2024,1,7,11,1,5,2.49E-05
2024,1,7,1,16,5,3.95E-06
2024,1,7,1,1,5,4.46E-05
2024,1,7,2,16,5,1.02E-07
2024,1,7,2,1,5,2.94E-05
2024,1,7,3,1,5,3.11E-06
2024,1,7,4,1,5,6.43E-07
2024,1,8,6,1,5,2.07E-05
2024,1,8,7,3,5,2.28E-07
2024,1,8,7,1,5,2.36E-05
2024,1,8,8,1,5,2.47E-05
2024,1,8,9,16,5,2.53E-05
2024,1,8,9,1,5,0.000139245
2024,1,8,10,1,5,7.27E-05
2024,1,8,11,16,5,4.86E-06
2024,1,8,11,1,5,0.000302293
2024,1,8,1,1,5,5.07E-06
2024,1,8,2,1,5,5.90E-08
2024,1,8,3,1,5,5.27E-08
2024,1,8,4,1,5,6.24E-06
2024,1,8,5,1,5,1.33E-06
2024,2,1,2,1,5,6.50E-07
2024,2,1,3,1,5,1.70E-06
2024,2,1,4,1,5,3.57E-07
2024,2,1,5,1,5,8.36E-06
2024,2,1,7,16,5,4.54E-05
2024,2,1,7,1,5,7.49E-05
2024,2,1,8,1,5,7.66E-05
2024,2,1,9,1,5,7.55E-05
2024,2,1,11,16,5,7.47E-06
2024,2,1,11,1,5,6.74E-06
2024,2,2,1,1,5,2.28E-06
2024,2,2,2,1,5,1.03E-06
2024,2,2,3,1,5,1.57E-05
2024,2,2,4,1,5,2.75E-05
2024,2,2,5,1,5,1.36E-05
2024,2,2,6,1,5,5.46E-05
2024,2,2,7,16,5,3.54E-05
2024,2,2,7,1,5,0.000386687
2024,2,2,8,3,5,5.65E-07
2024,2,2,8,1,5,0.000298358
2024,2,2,9,1,5,0.000112577
2024,2,2,11,3,5,6.06E-08
2024,2,2,11,16,5,3.55E-05
2024,2,2,11,1,5,0.000186205
2024,2,3,1,1,5,1.85E-05
2024,2,3,2,16,5,1.64E-05
2024,2,3,2,1,5,5.83E-05
2024,2,3,3,1,5,4.90E-05
2024,2,3,4,16,5,1.79E-06
2024,2,3,4,1,5,0.000178542
2024,2,3,5,1,5,4.92E-06
2024,2,4,1,16,5,7.83E-06
2024,2,4,1,1,5,0.000300483
2024,2,4,2,16,5,6.32E-05
2024,2,4,2,1,5,0.000106182
2024,2,4,3,1,5,4.64E-06
2024,2,4,4,16,5,4.31E-06
2024,2,4,4,1,5,0.000103344
2024,2,4,5,16,5,0.00000013
2024,2,4,5,1,5,1.01E-05
2024,2,4,6,1,5,0.000122384
2024,2,4,9,16,5,0.0001054
2024,2,4,9,1,5,6.63E-05
2024,2,5,6,1,5,1.15E-05
2024,2,5,7,1,5,1.69E-05
2024,2,5,9,1,5,1.58E-07
2024,2,5,11,1,5,4.16E-05
2024,2,5,1,16,5,3.27E-06
2024,2,5,1,1,5,1.61E-05
2024,2,5,2,16,5,7.65E-06
2024,2,5,2,1,5,5.57E-05
2024,2,5,4,1,5,4.13E-06
2024,2,5,5,1,5,3.98E-05
2024,2,6,2,1,5,4.19E-07
2024,2,6,4,1,5,4.28E-06
2024,2,6,5,16,5,3.47E-07
2024,2,6,5,1,5,1.56E-05
2024,2,6,6,1,5,3.15E-06
2024,2,6,7,1,5,2.55E-05
2024,2,6,8,1,5,6.37E-05
2024,2,6,9,16,5,5.13E-08
2024,2,6,9,1,5,1.85E-05
2024,2,6,11,16,5,1.37E-05
2024,2,6,11,1,5,0.000204137
2024,2,7,6,1,5,4.60E-05
2024,2,7,7,16,5,1.78E-05
2024,2,7,7,1,5,0.000204432
2024,2,7,8,1,5,0.000204135
2024,2,7,9,16,5,0.000198038
2024,2,7,9,1,5,0.000670356
2024,2,7,10,1,5,7.19E-05
2024,2,7,11,16,5,2.64E-06
2024,2,7,11,1,5,8.15E-05
2024,2,7,1,16,5,9.35E-06
2024,2,7,1,1,5,0.000177019
2024,2,7,2,16,5,2.04E-07
2024,2,7,2,1,5,7.81E-05
2024,2,7,3,1,5,6.90E-06
2024,2,7,4,1,5,1.80E-06
2024,2,8,6,1,5,7.96E-05
2024,2,8,7,3,5,5.45E-07
2024,2,8,7,1,5,9.70E-05
2024,2,8,8,1,5,7.93E-05
2024,2,8,9,16,5,6.16E-05
2024,2,8,9,1,5,0.000380405
2024,2,8,10,1,5,0.000236257
2024,2,8,11,16,5,1.05E-05
2024,2,8,11,1,5,0.000876378
2024,2,8,1,16,5,5.30E-08
2024,2,8,1,1,5,2.17E-05
2024,2,8,3,1,5,5.88E-07
2024,2,8,4,1,5,1.59E-05
2024,2,8,5,1,5,4.36E-06
2024,3,1,2,1,5,7.49E-07
2024,3,1,3,1,5,9.69E-07
2024,3,1,4,1,5,5.10E-08
2024,3,1,5,1,5,1.18E-05
2024,3,1,7,16,5,8.88E-05
2024,3,1,7,1,5,0.00017003
2024,3,1,8,1,5,0.000136786
2024,3,1,9,1,5,0.000116792
2024,3,1,11,16,5,8.21E-06
2024,3,1,11,1,5,1.33E-05
2024,3,2,1,1,5,2.06E-05
2024,3,2,2,1,5,1.25E-06
2024,3,2,3,1,5,1.22E-05
2024,3,2,4,1,5,6.32E-05
2024,3,2,5,1,5,1.19E-05
2024,3,2,6,1,5,0.000149322
2024,3,2,7,16,5,0.000104268
2024,3,2,7,1,5,0.000940555
2024,3,2,8,3,5,1.31E-06
2024,3,2,8,1,5,0.000617659
2024,3,2,9,1,5,0.00041046
2024,3,2,11,3,5,2.98E-07
2024,3,2,11,16,5,9.28E-05
2024,3,2,11,1,5,0.000390541
2024,3,3,1,1,5,3.15E-05
2024,3,3,2,16,5,2.50E-05
2024,3,3,2,1,5,5.09E-05
2024,3,3,3,1,5,7.12E-05
2024,3,3,4,16,5,2.71E-06
2024,3,3,4,1,5,6.86E-05
2024,3,3,5,1,5,3.90E-06
2024,3,4,1,16,5,3.10E-06
2024,3,4,1,1,5,0.000361897
2024,3,4,2,16,5,6.60E-05
2024,3,4,2,1,5,9.96E-05
2024,3,4,3,1,5,2.15E-06
2024,3,4,4,16,5,8.55E-06
2024,3,4,4,1,5,0.00010641
2024,3,4,5,16,5,0.00000013
2024,3,4,5,1,5,1.19E-05
2024,3,4,6,1,5,0.000288322
2024,3,4,9,16,5,0.000122859
2024,3,4,9,1,5,8.76E-05
2024,3,5,6,1,5,8.76E-05
2024,3,5,7,1,5,2.51E-05
2024,3,5,9,1,5,1.58E-07
2024,3,5,11,1,5,0.000132466
2024,3,5,1,16,5,3.20E-06
2024,3,5,1,1,5,9.04E-05
2024,3,5,2,16,5,6.22E-06
2024,3,5,2,1,5,6.85E-05
2024,3,5,4,1,5,0.000114345
2024,3,5,5,1,5,2.16E-05
2024,3,6,2,1,5,1.26E-06
2024,3,6,4,1,5,5.81E-06
2024,3,6,5,16,5,6.83E-06
2024,3,6,5,1,5,2.94E-05
2024,3,6,6,1,5,1.73E-05
2024,3,6,7,1,5,5.56E-05
2024,3,6,8,1,5,8.41E-05
2024,3,6,9,1,5,2.26E-05
2024,3,6,11,16,5,1.96E-05
2024,3,6,11,1,5,0.000472727
2024,3,7,6,1,5,0.000156795
2024,3,7,7,16,5,4.72E-05
2024,3,7,7,1,5,0.000424391
2024,3,7,8,1,5,0.000364427
2024,3,7,9,16,5,0.000287423
2024,3,7,9,1,5,0.000589759
2024,3,7,10,1,5,0.00010245
2024,3,7,11,16,5,4.72E-06
2024,3,7,11,1,5,8.84E-05
2024,3,7,1,16,5,2.32E-05
2024,3,7,1,1,5,0.000401657
2024,3,7,2,16,5,1.89E-06
2024,3,7,2,1,5,7.22E-05
2024,3,7,3,1,5,3.63E-05
2024,3,7,4,1,5,1.82E-06
2024,3,8,6,1,5,0.000415781
2024,3,8,7,3,5,9.81E-07
2024,3,8,7,1,5,0.000289249
2024,3,8,8,1,5,0.000260111
2024,3,8,9,16,5,9.35E-05
2024,3,8,9,1,5,0.000413946
2024,3,8,10,1,5,0.000323315
2024,3,8,11,16,5,2.53E-05
2024,3,8,11,1,5,0.001142365
2024,3,8,1,16,5,1.59E-07
2024,3,8,1,1,5,3.36E-05
2024,3,8,2,1,5,5.90E-08
2024,3,8,3,1,5,2.77E-06
2024,3,8,4,1,5,1.74E-05
2024,3,8,5,1,5,3.81E-06
2024,4,1,2,1,5,3.15E-07
2024,4,1,3,1,5,4.58E-07
2024,4,1,5,1,5,3.04E-06
2024,4,1,7,16,5,7.25E-05
2024,4,1,7,1,5,0.000110371
2024,4,1,8,1,5,8.55E-05
2024,4,1,9,1,5,7.25E-05
2024,4,1,11,16,5,4.02E-06
2024,4,1,11,1,5,8.91E-06
2024,4,2,1,1,5,2.57E-06
2024,4,2,2,1,5,5.98E-07
2024,4,2,3,1,5,4.14E-06
2024,4,2,4,1,5,7.83E-06
2024,4,2,5,1,5,4.40E-06
2024,4,2,6,1,5,0.000120131
2024,4,2,7,16,5,3.54E-05
2024,4,2,7,1,5,0.000681734
2024,4,2,8,3,5,1.30E-06
2024,4,2,8,1,5,0.000521353
2024,4,2,9,1,5,0.000166181
2024,4,2,11,3,5,3.13E-07
2024,4,2,11,16,5,3.64E-05
2024,4,2,11,1,5,0.000351162
2024,4,3,1,1,5,1.62E-05
2024,4,3,2,16,5,1.14E-05
2024,4,3,2,1,5,2.40E-05
2024,4,3,3,1,5,1.56E-05
2024,4,3,4,16,5,8.18E-07
2024,4,3,4,1,5,2.32E-05
2024,4,3,5,1,5,7.84E-07
2024,4,4,1,16,5,2.20E-06
2024,4,4,1,1,5,0.000222813
2024,4,4,2,16,5,2.77E-05
2024,4,4,2,1,5,4.15E-05
2024,4,4,3,1,5,1.50E-06
2024,4,4,4,16,5,4.14E-06
2024,4,4,4,1,5,2.21E-05
2024,4,4,5,16,5,0.000000065
2024,4,4,5,1,5,2.71E-06
2024,4,4,6,1,5,0.000112372
2024,4,4,9,16,5,2.89E-05
2024,4,4,9,1,5,2.69E-05
2024,4,5,6,1,5,8.35E-06
2024,4,5,7,1,5,9.78E-06
2024,4,5,9,1,5,3.17E-07
2024,4,5,11,1,5,4.47E-05
2024,4,5,1,16,5,1.33E-06
2024,4,5,1,1,5,1.05E-05
2024,4,5,2,16,5,8.77E-07
2024,4,5,2,1,5,1.92E-05
2024,4,5,4,1,5,1.78E-06
2024,4,5,5,1,5,5.92E-06
2024,4,6,2,1,5,3.49E-07
2024,4,6,4,1,5,2.12E-06
2024,4,6,5,16,5,3.47E-07
2024,4,6,5,1,5,9.57E-06
2024,4,6,6,1,5,1.97E-06
2024,4,6,7,1,5,2.91E-05
2024,4,6,8,1,5,7.25E-05
2024,4,6,9,1,5,1.43E-05
2024,4,6,11,16,5,1.23E-05
2024,4,6,11,1,5,0.000203431
2024,4,7,6,1,5,2.01E-05
2024,4,7,7,16,5,9.96E-06
2024,4,7,7,1,5,0.00012425
2024,4,7,8,1,5,0.000152863
2024,4,7,9,16,5,0.000100631
2024,4,7,9,1,5,0.0003028
2024,4,7,10,1,5,2.19E-05
2024,4,7,11,16,5,1.27E-06
2024,4,7,11,1,5,2.51E-05
2024,4,7,1,16,5,4.54E-06
2024,4,7,1,1,5,0.00016115
2024,4,7,2,16,5,2.04E-07
2024,4,7,2,1,5,3.42E-05
2024,4,7,3,1,5,1.05E-05
2024,4,7,4,1,5,7.91E-07
2024,4,8,6,1,5,5.19E-05
2024,4,8,7,3,5,5.25E-07
2024,4,8,7,1,5,7.82E-05
2024,4,8,8,1,5,8.48E-05
2024,4,8,9,16,5,3.77E-05
2024,4,8,9,1,5,0.000189875
2024,4,8,10,1,5,9.03E-05
2024,4,8,11,16,5,8.98E-06
2024,4,8,11,1,5,0.000289899
2024,4,8,1,16,5,3.71E-07
2024,4,8,1,1,5,1.27E-05
2024,4,8,2,1,5,1.18E-07
2024,4,8,3,1,5,6.85E-07
2024,4,8,4,1,5,6.88E-06
2024,4,8,5,1,5,1.19E-06
2024,5,1,2,1,5,1.54E-06
2024,5,1,3,1,5,2.61E-06
2024,5,1,4,1,5,4.08E-07
2024,5,1,5,1,5,2.53E-05
2024,5,1,7,16,5,0.000204056
2024,5,1,7,1,5,0.000214423
2024,5,1,8,1,5,0.000266923
2024,5,1,9,1,5,0.000229704
2024,5,1,11,16,5,1.81E-05
2024,5,1,11,1,5,1.07E-05
2024,5,2,1,1,5,1.41E-05
2024,5,2,2,1,5,1.41E-06
2024,5,2,3,1,5,2.09E-05
2024,5,2,4,1,5,4.69E-05
2024,5,2,5,1,5,2.33E-05
2024,5,2,6,1,5,0.000202107
2024,5,2,7,16,5,7.02E-05
2024,5,2,7,1,5,0.001257724
2024,5,2,8,3,5,1.46E-06
2024,5,2,8,1,5,0.000810465
2024,5,2,9,16,5,1.43E-06
2024,5,2,9,1,5,0.000521162
2024,5,2,11,3,5,2.88E-07
2024,5,2,11,16,5,0.000114245
2024,5,2,11,1,5,0.000440016
2024,5,3,1,1,5,5.42E-05
2024,5,3,2,16,5,5.30E-05
2024,5,3,2,1,5,0.000169254
2024,5,3,3,1,5,5.57E-05
2024,5,3,4,16,5,6.12E-06
2024,5,3,4,1,5,0.000174863
2024,5,3,5,1,5,1.58E-05
2024,5,4,1,16,5,5.48E-06
2024,5,4,1,1,5,0.000637562
2024,5,4,2,16,5,0.000123582
2024,5,4,2,1,5,0.000279726
2024,5,4,3,1,5,8.28E-06
2024,5,4,4,16,5,1.73E-05
2024,5,4,4,1,5,0.000121698
2024,5,4,5,16,5,0.00000013
2024,5,4,5,1,5,1.72E-05
2024,5,4,6,1,5,0.000135647
2024,5,4,9,16,5,7.81E-05
2024,5,4,9,1,5,0.000191689
2024,5,5,6,1,5,2.28E-05
2024,5,5,7,1,5,2.74E-05
2024,5,5,9,1,5,7.81E-06
2024,5,5,11,1,5,0.000116461
2024,5,5,1,16,5,3.74E-06
2024,5,5,1,1,5,2.73E-05
2024,5,5,2,16,5,2.33E-05
2024,5,5,2,1,5,0.000307703
2024,5,5,4,1,5,1.18E-05
2024,5,5,5,1,5,4.49E-05
2024,5,6,2,1,5,1.47E-06
2024,5,6,4,1,5,8.30E-06
2024,5,6,5,16,5,9.26E-07
2024,5,6,5,1,5,4.05E-05
2024,5,6,6,1,5,5.85E-06
2024,5,6,7,1,5,5.72E-05
2024,5,6,8,1,5,0.00014683
2024,5,6,9,16,5,3.23E-06
2024,5,6,9,1,5,6.94E-05
2024,5,6,11,16,5,4.93E-05
2024,5,6,11,1,5,0.00046696
2024,5,7,6,1,5,3.63E-05
2024,5,7,7,16,5,3.53E-05
2024,5,7,7,1,5,0.000148601
2024,5,7,8,1,5,0.000179712
2024,5,7,9,16,5,0.000363266
2024,5,7,9,1,5,0.000692802
2024,5,7,10,1,5,6.58E-05
2024,5,7,11,16,5,6.80E-06
2024,5,7,11,1,5,6.37E-05
2024,5,7,1,16,5,3.61E-05
2024,5,7,1,1,5,0.000650796
2024,5,7,2,16,5,1.66E-05
2024,5,7,2,1,5,0.000393448
2024,5,7,3,1,5,3.22E-05
2024,5,7,4,1,5,5.12E-06
2024,5,8,6,1,5,9.12E-05
2024,5,8,7,3,5,8.65E-07
2024,5,8,7,1,5,0.000158209
2024,5,8,8,1,5,0.000102372
2024,5,8,9,16,5,9.56E-05
2024,5,8,9,1,5,0.000693701
2024,5,8,10,1,5,0.000230263
2024,5,8,11,16,5,2.82E-05
2024,5,8,11,1,5,0.001421737
2024,5,8,1,16,5,7.42E-07
2024,5,8,1,1,5,8.32E-05
2024,5,8,2,1,5,4.13E-07
2024,5,8,3,1,5,2.58E-05
2024,5,8,4,1,5,0.000145851
2024,5,8,5,1,5,1.40E-05
2024,6,1,2,1,5,2.10E-07
2024,6,1,3,1,5,5.09E-08
2024,6,1,5,1,5,2.13E-06
2024,6,1,7,16,5,5.11E-05
2024,6,1,7,1,5,5.39E-05
2024,6,1,8,1,5,6.87E-05
2024,6,1,9,1,5,5.30E-05
2024,6,1,11,16,5,5.01E-06
2024,6,1,11,1,5,2.98E-06
2024,6,2,1,1,5,2.05E-06
2024,6,2,2,1,5,5.43E-08
2024,6,2,3,1,5,9.41E-07
2024,6,2,4,1,5,4.18E-06
2024,6,2,5,1,5,2.06E-06
2024,6,2,6,1,5,4.78E-05
2024,6,2,7,16,5,1.49E-05
2024,6,2,7,1,5,0.000294058
2024,6,2,8,3,5,5.90E-07
2024,6,2,8,1,5,0.000296905
2024,6,2,9,16,5,1.02E-07
2024,6,2,9,1,5,0.000142889
2024,6,2,11,3,5,8.37E-08
2024,6,2,11,16,5,2.39E-05
2024,6,2,11,1,5,0.000147703
2024,6,3,1,1,5,1.73E-05
2024,6,3,2,16,5,8.16E-06
2024,6,3,2,1,5,2.67E-05
2024,6,3,3,1,5,2.31E-05
2024,6,3,4,16,5,3.07E-07
2024,6,3,4,1,5,1.78E-05
2024,6,3,5,1,5,6.81E-07
2024,6,4,1,16,5,1.51E-06
2024,6,4,1,1,5,0.00029338
2024,6,4,2,16,5,1.73E-05
2024,6,4,2,1,5,3.51E-05
2024,6,4,3,1,5,1.53E-07
2024,6,4,4,16,5,3.08E-06
2024,6,4,4,1,5,2.06E-05
2024,6,4,5,16,5,0.000000065
2024,6,4,5,1,5,1.53E-06
2024,6,4,6,1,5,6.16E-05
2024,6,4,9,16,5,2.16E-05
2024,6,4,9,1,5,3.02E-05
2024,6,5,6,1,5,1.39E-05
2024,6,5,7,1,5,5.05E-06
2024,6,5,9,1,5,1.74E-06
2024,6,5,11,1,5,3.04E-05
2024,6,5,1,16,5,1.47E-06
2024,6,5,1,1,5,9.75E-06
2024,6,5,2,16,5,1.67E-06
2024,6,5,2,1,5,1.69E-05
2024,6,5,4,1,5,1.60E-06
2024,6,5,5,1,5,4.99E-06
2024,6,6,2,1,5,2.02E-06
2024,6,6,4,1,5,2.70E-06
2024,6,6,5,16,5,5.79E-08
2024,6,6,5,1,5,4.47E-06
2024,6,6,6,1,5,1.80E-06
2024,6,6,7,1,5,2.26E-05
2024,6,6,8,1,5,4.74E-05
2024,6,6,9,16,5,7.19E-07
2024,6,6,9,1,5,5.59E-05
2024,6,6,11,16,5,9.56E-06
2024,6,6,11,1,5,0.000120698
2024,6,7,6,1,5,2.19E-05
2024,6,7,7,16,5,4.95E-06
2024,6,7,7,1,5,5.10E-05
2024,6,7,8,1,5,4.62E-05
2024,6,7,9,16,5,5.69E-05
2024,6,7,9,1,5,0.000149803
2024,6,7,10,1,5,1.10E-05
2024,6,7,11,16,5,8.62E-07
2024,6,7,11,1,5,8.87E-06
2024,6,7,1,16,5,6.21E-06
2024,6,7,1,1,5,0.000243614
2024,6,7,2,16,5,3.32E-06
2024,6,7,2,1,5,4.23E-05
2024,6,7,3,1,5,5.31E-06
2024,6,7,4,1,5,1.45E-06
2024,6,8,6,1,5,2.85E-05
2024,6,8,7,3,5,3.86E-07
2024,6,8,7,1,5,4.99E-05
2024,6,8,8,1,5,3.53E-05
2024,6,8,9,16,5,2.11E-05
2024,6,8,9,1,5,0.000182166
2024,6,8,10,1,5,4.17E-05
2024,6,8,11,16,5,6.12E-06
2024,6,8,11,1,5,0.000197169
2024,6,8,1,1,5,7.25E-05
2024,6,8,2,1,5,1.77E-07
2024,6,8,3,1,5,2.94E-06
2024,6,8,4,1,5,2.66E-05
2024,6,8,5,1,5,6.74E-07
2024,7,1,2,1,5,2.02E-06
2024,7,1,3,1,5,2.09E-06
2024,7,1,4,1,5,1.53E-07
2024,7,1,5,1,5,1.15E-05
2024,7,1,7,16,5,9.08E-05
2024,7,1,7,1,5,9.73E-05
2024,7,1,8,1,5,0.000267536
2024,7,1,9,1,5,0.000140292
2024,7,1,11,16,5,1.63E-05
2024,7,1,11,1,5,6.60E-06
2024,7,2,1,1,5,9.53E-06
2024,7,2,2,1,5,8.70E-07
2024,7,2,3,1,5,9.96E-06
2024,7,2,4,1,5,2.22E-05
2024,7,2,5,16,5,1.33E-07
2024,7,2,5,1,5,7.29E-06
2024,7,2,6,1,5,0.000145048
2024,7,2,7,16,5,5.29E-05
2024,7,2,7,1,5,0.001012569
2024,7,2,8,3,5,1.54E-06
2024,7,2,8,1,5,0.000726499
2024,7,2,9,16,5,8.65E-07
2024,7,2,9,1,5,0.000249437
2024,7,2,11,3,5,1.58E-07
2024,7,2,11,16,5,6.80E-05
2024,7,2,11,1,5,0.000387982
2024,7,3,1,1,5,3.34E-05
2024,7,3,2,16,5,2.89E-05
2024,7,3,2,1,5,8.86E-05
2024,7,3,3,1,5,2.03E-05
2024,7,3,4,16,5,6.39E-06
2024,7,3,4,1,5,6.06E-05
2024,7,3,5,1,5,5.34E-06
2024,7,4,1,16,5,2.87E-06
2024,7,4,1,1,5,0.000364003
2024,7,4,2,16,5,5.89E-05
2024,7,4,2,1,5,0.000100212
2024,7,4,3,1,5,3.32E-06
2024,7,4,4,16,5,1.17E-05
2024,7,4,4,1,5,5.90E-05
2024,7,4,5,16,5,0.00000013
2024,7,4,5,1,5,7.32E-06
2024,7,4,6,1,5,5.63E-05
2024,7,4,9,16,5,5.46E-05
2024,7,4,9,1,5,3.21E-05
2024,7,5,6,1,5,1.59E-05
2024,7,5,7,1,5,1.23E-05
2024,7,5,9,1,5,4.12E-06
2024,7,5,11,1,5,7.70E-05
2024,7,5,1,16,5,2.80E-06
2024,7,5,1,1,5,1.65E-05
2024,7,5,2,16,5,5.82E-06
2024,7,5,2,1,5,3.82E-05
2024,7,5,4,1,5,3.04E-06
2024,7,5,5,1,5,2.04E-05
2024,7,6,2,1,5,1.12E-06
2024,7,6,4,1,5,4.54E-06
2024,7,6,5,16,5,5.21E-07
2024,7,6,5,1,5,1.91E-05
2024,7,6,6,1,5,4.55E-06
2024,7,6,7,1,5,5.77E-05
2024,7,6,8,1,5,0.000131945
2024,7,6,9,16,5,1.33E-06
2024,7,6,9,1,5,4.22E-05
2024,7,6,11,16,5,2.11E-05
2024,7,6,11,1,5,0.000288035
2024,7,7,6,1,5,2.09E-05
2024,7,7,7,16,5,1.38E-05
2024,7,7,7,1,5,8.57E-05
2024,7,7,8,1,5,6.87E-05
2024,7,7,9,16,5,0.00016729
2024,7,7,9,1,5,0.000310248
2024,7,7,10,1,5,3.43E-05
2024,7,7,11,16,5,4.77E-06
2024,7,7,11,1,5,2.97E-05
2024,7,7,1,16,5,1.36E-05
2024,7,7,1,1,5,0.000376036
2024,7,7,2,16,5,1.06E-05
2024,7,7,2,1,5,0.000145655
2024,7,7,3,1,5,1.58E-05
2024,7,7,4,1,5,7.06E-06
2024,7,8,6,1,5,7.39E-05
2024,7,8,7,3,5,1.19E-06
2024,7,8,7,1,5,8.30E-05
2024,7,8,8,1,5,6.33E-05
2024,7,8,9,16,5,5.21E-05
2024,7,8,9,1,5,0.000295999
2024,7,8,10,1,5,9.69E-05
2024,7,8,11,16,5,2.42E-05
2024,7,8,11,1,5,0.000583809
2024,7,8,1,16,5,4.24E-07
2024,7,8,1,1,5,6.69E-05
2024,7,8,2,1,5,4.13E-07
2024,7,8,3,1,5,1.14E-05
2024,7,8,4,1,5,0.000103342
2024,7,8,5,1,5,3.11E-06
2024,8,1,2,1,5,1.28E-06
2024,8,1,3,1,5,1.23E-06
2024,8,1,4,1,5,2.04E-07
2024,8,1,5,1,5,2.48E-05
2024,8,1,7,16,5,7.25E-05
2024,8,1,7,1,5,9.05E-05
2024,8,1,8,1,5,9.65E-05
2024,8,1,9,1,5,0.000123992
2024,8,1,11,16,5,1.18E-05
2024,8,1,11,1,5,1.31E-05
2024,8,2,1,1,5,3.36E-06
2024,8,2,2,1,5,1.41E-06
2024,8,2,3,1,5,5.72E-06
2024,8,2,4,1,5,1.57E-05
2024,8,2,5,16,5,0.0000002
2024,8,2,5,1,5,1.14E-05
2024,8,2,6,1,5,7.78E-05
2024,8,2,7,16,5,3.54E-05
2024,8,2,7,1,5,0.000494459
2024,8,2,8,3,5,6.59E-07
2024,8,2,8,1,5,0.000379137
2024,8,2,9,16,5,1.02E-07
2024,8,2,9,1,5,0.000166213
2024,8,2,11,3,5,5.78E-08
2024,8,2,11,16,5,5.02E-05
2024,8,2,11,1,5,0.00027179
2024,8,3,1,1,5,1.38E-05
2024,8,3,2,16,5,1.58E-05
2024,8,3,2,1,5,2.86E-05
2024,8,3,3,1,5,2.05E-05
2024,8,3,4,16,5,1.85E-06
2024,8,3,4,1,5,3.11E-05
2024,8,3,5,1,5,5.64E-06
2024,8,4,1,16,5,2.54E-06
2024,8,4,1,1,5,0.000180962
2024,8,4,2,16,5,3.14E-05
2024,8,4,2,1,5,5.27E-05
2024,8,4,3,1,5,2.63E-06
2024,8,4,4,16,5,6.50E-06
2024,8,4,4,1,5,2.24E-05
2024,8,4,5,16,5,0.000000065
2024,8,4,5,1,5,5.15E-06
2024,8,4,6,1,5,4.13E-05
2024,8,4,9,16,5,7.11E-05
2024,8,4,9,1,5,2.64E-05
2024,8,5,6,1,5,1.37E-05
2024,8,5,7,1,5,7.82E-06
2024,8,5,9,1,5,3.17E-07
2024,8,5,11,1,5,9.26E-05
2024,8,5,1,16,5,9.34E-07
2024,8,5,1,1,5,7.83E-06
2024,8,5,2,16,5,3.15E-06
2024,8,5,2,1,5,2.07E-05
2024,8,5,4,1,5,2.08E-06
2024,8,5,5,1,5,1.02E-05
2024,8,6,2,1,5,8.38E-07
2024,8,6,4,1,5,3.61E-06
2024,8,6,5,16,5,1.10E-06
2024,8,6,5,1,5,5.32E-05
2024,8,6,6,1,5,1.59E-06
2024,8,6,7,1,5,2.48E-05
2024,8,6,8,1,5,5.18E-05
2024,8,6,9,16,5,5.13E-08
2024,8,6,9,1,5,1.78E-05
2024,8,6,11,16,5,2.29E-05
2024,8,6,11,1,5,0.000181157
2024,8,7,6,1,5,1.11E-05
2024,8,7,7,16,5,1.20E-05
2024,8,7,7,1,5,7.36E-05
2024,8,7,8,1,5,8.43E-05
2024,8,7,9,16,5,0.000165065
2024,8,7,9,1,5,0.000298682
2024,8,7,10,1,5,2.66E-05
2024,8,7,11,16,5,8.12E-06
2024,8,7,11,1,5,1.89E-05
2024,8,7,1,16,5,7.99E-06
2024,8,7,1,1,5,0.000145857
2024,8,7,2,16,5,3.53E-06
2024,8,7,2,1,5,4.53E-05
2024,8,7,3,1,5,9.84E-06
2024,8,7,4,1,5,9.24E-07
2024,8,8,6,1,5,5.09E-05
2024,8,8,7,3,5,3.75E-07
2024,8,8,7,1,5,5.16E-05
2024,8,8,8,1,5,3.81E-05
2024,8,8,9,16,5,5.25E-05
2024,8,8,9,1,5,0.000178943
2024,8,8,10,1,5,8.28E-05
2024,8,8,11,16,5,2.94E-05
2024,8,8,11,1,5,0.000374398
2024,8,8,1,16,5,2.12E-07
2024,8,8,1,1,5,1.43E-05
2024,8,8,2,1,5,5.90E-08
2024,8,8,3,1,5,4.34E-06
2024,8,8,4,1,5,2.62E-05
2024,8,8,5,1,5,1.06E-05
2024,9,1,2,1,5,1.93E-06
2024,9,1,3,1,5,2.01E-06
2024,9,1,4,1,5,5.10E-08
2024,9,1,5,1,5,2.02E-05
2024,9,1,7,16,5,0.000177247
2024,9,1,7,1,5,7.72E-05
2024,9,1,8,1,5,0.000108589
2024,9,1,9,1,5,0.000164378
2024,9,1,11,16,5,1.31E-05
2024,9,1,11,1,5,7.39E-06
2024,9,2,1,1,5,4.25E-06
2024,9,2,2,1,5,1.20E-06
2024,9,2,3,1,5,3.22E-05
2024,9,2,4,1,5,3.31E-05
2024,9,2,5,1,5,1.77E-05
2024,9,2,6,1,5,5.06E-05
2024,9,2,7,16,5,3.21E-05
2024,9,2,7,1,5,0.00055648
2024,9,2,8,3,5,5.51E-07
2024,9,2,8,1,5,0.000338531
2024,9,2,9,1,5,0.000148379
2024,9,2,11,3,5,6.31E-08
2024,9,2,11,16,5,5.16E-05
2024,9,2,11,1,5,0.000204736
2024,9,3,1,1,5,3.28E-05
2024,9,3,2,16,5,5.28E-05
2024,9,3,2,1,5,9.01E-05
2024,9,3,3,1,5,5.34E-05
2024,9,3,4,16,5,7.89E-06
2024,9,3,4,1,5,0.000161217
2024,9,3,5,1,5,1.00E-05
2024,9,4,1,16,5,2.09E-05
2024,9,4,1,1,5,0.000310328
2024,9,4,2,16,5,8.38E-05
2024,9,4,2,1,5,0.00010381
2024,9,4,3,1,5,7.00E-06
2024,9,4,4,16,5,2.30E-05
2024,9,4,4,1,5,9.48E-05
2024,9,4,5,16,5,0.00000013
2024,9,4,5,1,5,1.38E-05
2024,9,4,6,1,5,4.09E-05
2024,9,4,9,16,5,6.55E-05
2024,9,4,9,1,5,5.94E-05
2024,9,5,6,1,5,7.62E-06
2024,9,5,7,1,5,1.26E-05
2024,9,5,9,1,5,2.27E-06
2024,9,5,11,1,5,5.99E-05
2024,9,5,1,16,5,5.87E-06
2024,9,5,1,1,5,2.87E-05
2024,9,5,2,16,5,5.98E-06
2024,9,5,2,1,5,7.37E-05
2024,9,5,4,1,5,6.15E-06
2024,9,5,5,1,5,4.32E-05
2024,9,6,2,1,5,8.66E-06
2024,9,6,4,1,5,4.64E-06
2024,9,6,5,16,5,2.89E-07
2024,9,6,5,1,5,2.18E-05
2024,9,6,6,1,5,1.23E-06
2024,9,6,7,1,5,2.05E-05
2024,9,6,8,1,5,5.93E-05
2024,9,6,9,16,5,1.03E-07
2024,9,6,9,1,5,2.68E-05
2024,9,6,11,16,5,2.10E-05
2024,9,6,11,1,5,0.000202664
2024,9,7,6,1,5,1.03E-05
2024,9,7,7,16,5,1.20E-05
2024,9,7,7,1,5,0.000123389
2024,9,7,8,1,5,7.60E-05
2024,9,7,9,16,5,0.000203778
2024,9,7,9,1,5,0.000504999
2024,9,7,10,1,5,6.27E-05
2024,9,7,11,16,5,2.39E-05
2024,9,7,11,1,5,6.71E-05
2024,9,7,1,16,5,2.87E-05
2024,9,7,1,1,5,0.000265194
2024,9,7,2,16,5,9.76E-06
2024,9,7,2,1,5,0.000107147
2024,9,7,3,1,5,1.45E-05
2024,9,7,4,1,5,3.24E-06
2024,9,8,6,1,5,2.31E-05
2024,9,8,7,3,5,7.43E-07
2024,9,8,7,1,5,6.86E-05
2024,9,8,8,1,5,4.45E-05
2024,9,8,9,16,5,7.85E-05
2024,9,8,9,1,5,0.000313341
2024,9,8,10,1,5,0.000207926
2024,9,8,11,16,5,5.95E-05
2024,9,8,11,1,5,0.00087227
2024,9,8,1,16,5,6.89E-07
2024,9,8,1,1,5,2.42E-05
2024,9,8,2,1,5,4.72E-07
2024,9,8,3,1,5,2.05E-05
2024,9,8,4,1,5,0.000129876
2024,9,8,5,1,5,7.85E-06
2022,1,1,2,1,2,2.13E-06
2022,1,1,2,1,1,0.000453642
2022,1,1,3,1,2,1.78E-05
2022,1,1,3,1,1,0.000444836
2022,1,1,5,1,1,0.000509373
2022,1,1,7,16,1,0.000928423
2022,1,1,7,1,2,2.07E-06
2022,1,1,7,1,3,1.46E-05
2022,1,1,7,1,1,0.002175028
2022,1,1,8,2,1,3.14E-05
2022,1,1,8,2,4,1.02E-05
2022,1,1,8,1,2,3.36E-05
2022,1,1,8,1,3,4.89E-05
2022,1,1,8,1,1,0.004592025
2022,1,1,9,1,2,6.04E-05
2022,1,1,9,1,3,4.15E-06
2022,1,1,9,1,1,0.011901823
2022,1,1,11,2,1,2.93E-05
2022,1,1,11,2,4,3.02E-06
2022,1,1,11,1,1,0.000306997
2022,1,2,1,1,2,2.39E-05
2022,1,2,1,1,3,2.10E-06
2022,1,2,1,1,1,0.000622355
2022,1,2,2,1,1,5.25E-06
2022,1,2,3,4,1,0.000205164
2022,1,2,3,4,4,4.10E-06
2022,1,2,3,1,2,4.12E-06
2022,1,2,3,1,1,0.001240305
2022,1,2,4,7,1,5.67E-06
2022,1,2,4,7,4,2.84E-07
2022,1,2,4,15,1,0.000141689
2022,1,2,4,15,4,3.85E-06
2022,1,2,4,1,2,3.06E-06
2022,1,2,4,1,3,1.04E-06
2022,1,2,4,1,1,0.002190787
2022,1,2,5,16,1,0.0000011
2022,1,2,5,1,1,0.000675145
2022,1,2,6,2,1,0.000287073
2022,1,2,6,2,4,3.16E-05
2022,1,2,6,1,2,0.00034222
2022,1,2,6,1,3,2.85E-05
2022,1,2,6,1,1,0.011907802
2022,1,2,7,15,3,2.19E-05
2022,1,2,7,15,1,0.000304616
2022,1,2,7,15,4,0.000104525
2022,1,2,7,3,3,0.000122593
2022,1,2,7,3,1,0.001958871
2022,1,2,7,16,1,1.02E-06
2022,1,2,7,1,2,2.10E-06
2022,1,2,7,1,3,0.000195791
2022,1,2,7,1,1,0.00589405
2022,1,2,8,3,2,1.25E-07
2022,1,2,8,3,3,1.42E-07
2022,1,2,8,3,1,2.68E-05
2022,1,2,8,2,2,9.59E-07
2022,1,2,8,2,1,0.000933469
2022,1,2,8,2,4,0.000178599
2022,1,2,8,1,2,4.00E-05
2022,1,2,8,1,3,5.39E-05
2022,1,2,8,1,1,0.012302361
2022,1,2,9,16,1,0.000112003
2022,1,2,9,1,2,6.43E-05
2022,1,2,9,1,3,2.08E-06
2022,1,2,9,1,1,0.009162137
2022,1,2,11,7,3,1.73E-06
2022,1,2,11,7,1,0.000376965
2022,1,2,11,7,4,0.000117316
2022,1,2,11,15,3,7.07E-06
2022,1,2,11,15,1,0.000908814
2022,1,2,11,15,4,0.000127225
2022,1,2,11,3,1,2.17E-06
2022,1,2,11,16,3,1.71E-05
2022,1,2,11,16,1,0.001060673
2022,1,2,11,2,2,9.59E-07
2022,1,2,11,2,1,0.000601139
2022,1,2,11,2,4,0.000161306
2022,1,2,11,1,2,1.02E-06
2022,1,2,11,1,1,0.004336453
2022,1,3,6,1,3,1.92E-05
2022,1,3,6,1,1,0.000197295
2022,1,3,7,3,3,2.71E-06
2022,1,3,7,3,1,1.44E-05
2022,1,3,7,1,3,6.37E-05
2022,1,3,7,1,1,0.000440798
2022,1,3,10,1,1,0.000368123
2022,1,3,1,1,2,0.000117104
2022,1,3,1,1,3,5.68E-06
2022,1,3,1,1,1,0.002926678
2022,1,3,2,16,3,2.12E-06
2022,1,3,2,16,1,0.001900974
2022,1,3,2,1,2,0.000212707
2022,1,3,2,1,3,5.49E-06
2022,1,3,2,1,1,0.011497216
2022,1,3,3,1,2,4.13E-06
2022,1,3,3,1,3,1.03E-06
2022,1,3,3,1,1,0.001693058
2022,1,3,4,5,1,0.000243866
2022,1,3,4,5,4,1.00E-05
2022,1,3,4,6,1,4.41E-05
2022,1,3,4,1,2,5.14E-06
2022,1,3,4,1,1,0.004886782
2022,1,3,5,7,1,0.000163004
2022,1,3,5,7,4,1.86E-05
2022,1,3,5,1,1,0.000292578
2022,1,4,1,4,3,1.77E-05
2022,1,4,1,4,1,0.000267801
2022,1,4,1,4,4,1.15E-05
2022,1,4,1,7,3,5.19E-06
2022,1,4,1,7,1,0.000557901
2022,1,4,1,7,4,1.77E-05
2022,1,4,1,16,1,0.000296192
2022,1,4,1,5,2,9.57E-07
2022,1,4,1,5,1,0.000152196
2022,1,4,1,5,4,9.57E-07
2022,1,4,1,1,2,0.00215723
2022,1,4,1,1,3,6.56E-05
2022,1,4,1,1,1,0.016605502
2022,1,4,2,16,2,5.19E-05
2022,1,4,2,16,3,1.02E-06
2022,1,4,2,16,1,0.003662386
2022,1,4,2,5,2,1.99E-06
2022,1,4,2,5,3,3.98E-06
2022,1,4,2,5,1,0.002154456
2022,1,4,2,5,4,3.98E-05
2022,1,4,2,1,2,0.000352749
2022,1,4,2,1,3,3.12E-06
2022,1,4,2,1,1,0.015966602
2022,1,4,3,5,1,4.90E-05
2022,1,4,3,1,2,2.28E-05
2022,1,4,3,1,1,0.00200233
2022,1,4,4,7,1,0.000329731
2022,1,4,4,7,4,1.25E-05
2022,1,4,4,15,2,0.001318353
2022,1,4,4,15,3,2.05E-06
2022,1,4,4,15,1,0.00467025
2022,1,4,4,15,4,0.000135324
2022,1,4,4,16,1,0.000338387
2022,1,4,4,5,1,2.07E-06
2022,1,4,4,6,1,2.21E-06
2022,1,4,4,1,2,3.13E-06
2022,1,4,4,1,1,0.003891293
2022,1,4,5,7,1,0.0002042
2022,1,4,5,7,4,1.55E-05
2022,1,4,5,16,1,1.03E-06
2022,1,4,5,5,1,4.47E-06
2022,1,4,5,1,1,0.000943023
2022,1,4,6,5,2,4.58E-05
2022,1,4,6,5,3,4.16E-06
2022,1,4,6,5,1,0.000402444
2022,1,4,6,5,4,0.000100871
2022,1,4,6,1,2,0.000863551
2022,1,4,6,1,3,1.57E-05
2022,1,4,6,1,1,0.000780505
2022,1,4,7,3,3,1.27E-05
2022,1,4,7,3,1,1.56E-06
2022,1,4,9,16,2,4.46E-05
2022,1,4,9,16,3,1.34E-05
2022,1,4,9,16,1,0.00327062
2022,1,4,9,1,2,1.05E-06
2022,1,4,9,1,3,4.11E-06
2022,1,4,9,1,1,0.002763463
2022,1,4,10,1,1,3.72E-06
2022,1,5,6,2,1,0.000141467
2022,1,5,6,2,4,6.33E-06
2022,1,5,6,1,2,4.89E-05
2022,1,5,6,1,1,0.006113978
2022,1,5,9,1,2,1.85E-05
2022,1,5,9,1,1,0.002123763
2022,1,5,11,5,2,1.03E-06
2022,1,5,11,5,1,0.001745321
2022,1,5,11,5,4,6.17E-05
2022,1,5,11,2,1,3.90E-05
2022,1,5,11,2,4,2.06E-06
2022,1,5,11,1,1,0.002371332
2022,1,5,1,15,1,0.000761306
2022,1,5,1,15,4,2.05E-05
2022,1,5,1,16,2,1.09E-06
2022,1,5,1,16,3,1.03E-06
2022,1,5,1,16,1,0.00072472
2022,1,5,1,1,2,0.000713939
2022,1,5,1,1,3,4.42E-05
2022,1,5,1,1,1,0.004088007
2022,1,5,2,16,2,1.02E-06
2022,1,5,2,16,3,3.06E-06
2022,1,5,2,16,1,0.001741194
2022,1,5,2,1,2,2.11E-05
2022,1,5,2,1,3,2.05E-06
2022,1,5,2,1,1,0.010374856
2022,1,5,3,1,1,0.00033432
2022,1,5,4,15,3,2.05E-06
2022,1,5,4,15,1,0.000364197
2022,1,5,4,15,4,1.44E-05
2022,1,5,4,1,1,0.000256722
2022,1,5,5,15,1,0.001061027
2022,1,5,5,15,4,0.000106209
2022,1,5,5,5,1,2.96E-05
2022,1,5,5,5,4,1.03E-06
2022,1,5,5,1,1,0.000836531
2022,1,6,2,1,2,1.04E-06
2022,1,6,2,1,1,0.000311405
2022,1,6,4,1,2,1.05E-06
2022,1,6,4,1,1,0.000550907
2022,1,6,5,16,1,3.62E-06
2022,1,6,5,5,1,1.39E-05
2022,1,6,5,5,4,1.07E-06
2022,1,6,5,1,1,0.00078302
2022,1,6,7,1,2,7.38E-05
2022,1,6,7,1,3,2.56E-05
2022,1,6,7,1,1,0.000452416
2022,1,6,8,2,1,0.000135553
2022,1,6,8,2,4,2.79E-05
2022,1,6,8,1,2,5.26E-05
2022,1,6,8,1,3,6.64E-05
2022,1,6,8,1,1,0.003486523
2022,1,6,9,1,2,3.62E-05
2022,1,6,9,1,3,1.04E-06
2022,1,6,9,1,1,0.001299982
2022,1,6,11,2,1,6.73E-05
2022,1,6,11,2,4,3.73E-05
2022,1,6,11,1,2,7.13E-05
2022,1,6,11,1,1,0.002293498
2022,1,7,6,1,2,0.000500645
2022,1,7,6,1,3,1.03E-05
2022,1,7,6,1,1,0.009745596
2022,1,7,7,16,3,3.48E-05
2022,1,7,7,16,1,0.00045158
2022,1,7,7,1,2,2.58E-05
2022,1,7,7,1,3,0.000120695
2022,1,7,7,1,1,0.010653175
2022,1,7,8,1,2,0.000240911
2022,1,7,8,1,3,4.18E-05
2022,1,7,8,1,1,0.01430131
2022,1,7,9,16,2,5.09E-05
2022,1,7,9,16,3,2.68E-05
2022,1,7,9,16,1,0.014031271
2022,1,7,9,5,3,2.03E-06
2022,1,7,9,5,1,0.000128978
2022,1,7,9,5,4,2.03E-06
2022,1,7,9,6,3,4.06E-06
2022,1,7,9,6,1,0.001488306
2022,1,7,9,6,4,2.23E-05
2022,1,7,9,1,2,0.00051439
2022,1,7,9,1,3,1.53E-05
2022,1,7,9,1,1,0.08583093
2022,1,7,10,1,1,0.003690627
2022,1,7,11,7,3,1.02E-06
2022,1,7,11,7,1,0.00078161
2022,1,7,11,7,4,2.65E-05
2022,1,7,11,15,1,0.000197848
2022,1,7,11,15,4,6.09E-06
2022,1,7,11,6,3,1.01E-06
2022,1,7,11,6,1,0.001477623
2022,1,7,11,6,4,2.92E-05
2022,1,7,11,1,1,0.000357313
2022,1,7,1,7,3,2.07E-06
2022,1,7,1,7,1,0.001131762
2022,1,7,1,7,4,4.57E-05
2022,1,7,1,15,2,3.60E-05
2022,1,7,1,15,3,2.22E-05
2022,1,7,1,15,1,0.00039454
2022,1,7,1,15,4,2.53E-05
2022,1,7,1,16,3,2.09E-06
2022,1,7,1,16,1,0.000486438
2022,1,7,1,5,2,4.47E-06
2022,1,7,1,5,3,9.84E-07
2022,1,7,1,5,1,0.000234949
2022,1,7,1,5,4,4.34E-06
2022,1,7,1,6,3,2.02E-05
2022,1,7,1,6,1,0.000570591
2022,1,7,1,6,4,4.38E-05
2022,1,7,1,1,2,0.00037709
2022,1,7,1,1,3,3.15E-06
2022,1,7,1,1,1,0.009808332
2022,1,7,2,1,2,0.000187842
2022,1,7,2,1,3,1.02E-06
2022,1,7,2,1,1,0.012696261
2022,1,7,3,1,2,1.09E-05
2022,1,7,3,1,1,0.004791136
2022,1,7,4,7,1,0.000629467
2022,1,7,4,7,4,1.86E-05
2022,1,7,4,15,3,1.03E-06
2022,1,7,4,15,1,0.000292532
2022,1,7,4,15,4,1.13E-05
2022,1,7,4,5,1,0.000100932
2022,1,7,4,5,4,6.31E-06
2022,1,7,4,6,1,5.49E-05
2022,1,7,4,6,4,1.24E-06
2022,1,7,4,1,1,0.000290877
2022,1,8,6,1,2,0.000160353
2022,1,8,6,1,3,1.26E-05
2022,1,8,6,1,1,0.007418148
2022,1,8,7,3,3,4.61E-06
2022,1,8,7,3,1,3.29E-07
2022,1,8,7,1,2,9.18E-05
2022,1,8,7,1,3,0.000169443
2022,1,8,7,1,1,0.00975462
2022,1,8,8,1,2,4.78E-05
2022,1,8,8,1,3,1.23E-05
2022,1,8,8,1,1,0.004917094
2022,1,8,9,16,2,1.02E-06
2022,1,8,9,16,3,6.12E-06
2022,1,8,9,16,1,0.006552367
2022,1,8,9,5,3,1.02E-06
2022,1,8,9,5,1,0.001257053
2022,1,8,9,5,4,1.43E-05
2022,1,8,9,1,2,0.000220003
2022,1,8,9,1,3,9.15E-06
2022,1,8,9,1,1,0.058574307
2022,1,8,10,1,2,2.86E-05
2022,1,8,10,1,3,1.03E-06
2022,1,8,10,1,1,0.022731899
2022,1,8,11,7,1,0.000478821
2022,1,8,11,7,4,3.62E-05
2022,1,8,11,15,2,2.28E-05
2022,1,8,11,15,3,3.90E-07
2022,1,8,11,15,1,0.001161918
2022,1,8,11,15,4,6.50E-05
2022,1,8,11,3,3,0.000139869
2022,1,8,11,3,1,6.58E-07
2022,1,8,11,16,3,5.50E-05
2022,1,8,11,16,1,0.000198483
2022,1,8,11,5,2,2.14E-06
2022,1,8,11,5,3,8.52E-07
2022,1,8,11,5,1,0.002580818
2022,1,8,11,5,4,0.000198415
2022,1,8,11,6,3,1.54E-06
2022,1,8,11,6,1,0.000651096
2022,1,8,11,6,4,3.65E-05
2022,1,8,11,1,2,0.000171634
2022,1,8,11,1,3,2.70E-05
2022,1,8,11,1,1,0.035363919
2022,1,8,1,7,3,3.42E-06
2022,1,8,1,7,1,1.54E-05
2022,1,8,1,7,4,1.71E-06
2022,1,8,1,1,2,2.24E-05
2022,1,8,1,1,3,2.87E-06
2022,1,8,1,1,1,0.001238766
2022,1,8,2,1,1,3.07E-05
2022,1,8,3,1,1,2.06E-05
2022,1,8,4,7,3,2.91E-05
2022,1,8,4,7,1,0.000430043
2022,1,8,4,7,4,2.54E-05
2022,1,8,4,15,2,9.52E-05
2022,1,8,4,15,3,4.34E-06
2022,1,8,4,15,1,0.006178928
2022,1,8,4,15,4,0.000291905
2022,1,8,4,16,1,0.000153693
2022,1,8,4,5,1,3.17E-06
2022,1,8,4,6,1,0.000007
2022,1,8,4,1,1,0.001918143
2022,1,8,5,15,1,0.000501202
2022,1,8,5,15,4,6.50E-05
2022,1,8,5,1,1,0.000120988
2022,2,1,2,1,1,0.000935579
2022,2,1,3,1,2,1.05E-06
2022,2,1,3,1,1,0.000849758
2022,2,1,5,1,1,0.001932177
2022,2,1,7,16,2,1.02E-06
2022,2,1,7,16,3,3.06E-06
2022,2,1,7,16,1,0.002130991
2022,2,1,7,1,3,3.33E-05
2022,2,1,7,1,1,0.005083005
2022,2,1,8,2,1,6.11E-05
2022,2,1,8,2,4,1.22E-05
2022,2,1,8,1,2,0.000103047
2022,2,1,8,1,3,0.000117219
2022,2,1,8,1,1,0.01173156
2022,2,1,9,1,2,0.000122533
2022,2,1,9,1,1,0.017387643
2022,2,1,11,2,1,5.75E-05
2022,2,1,11,2,4,6.06E-06
2022,2,1,11,1,1,0.001176158
2022,2,2,1,1,2,0.000167415
2022,2,2,1,1,3,1.98E-05
2022,2,2,1,1,1,0.002471199
2022,2,2,2,1,1,5.25E-06
2022,2,2,3,4,1,0.000244145
2022,2,2,3,4,4,7.18E-06
2022,2,2,3,1,2,3.13E-06
2022,2,2,3,1,1,0.003616859
2022,2,2,4,7,1,1.52E-05
2022,2,2,4,7,4,3.26E-06
2022,2,2,4,15,1,0.000278852
2022,2,2,4,15,4,5.25E-05
2022,2,2,4,1,2,5.07E-06
2022,2,2,4,1,1,0.006834234
2022,2,2,5,16,1,0.0000011
2022,2,2,5,1,1,0.002236511
2022,2,2,6,2,1,0.000804487
2022,2,2,6,2,4,0.000104693
2022,2,2,6,1,2,0.000298927
2022,2,2,6,1,3,0.000218757
2022,2,2,6,1,1,0.033142298
2022,2,2,7,15,3,1.29E-05
2022,2,2,7,15,1,0.000562445
2022,2,2,7,15,4,0.000235928
2022,2,2,7,3,2,4.33E-06
2022,2,2,7,3,3,0.000229674
2022,2,2,7,3,1,0.004487219
2022,2,2,7,16,1,8.19E-06
2022,2,2,7,1,2,0.000123371
2022,2,2,7,1,3,0.000220959
2022,2,2,7,1,1,0.015979118
2022,2,2,8,3,2,1.08E-07
2022,2,2,8,3,3,3.07E-07
2022,2,2,8,3,1,6.41E-05
2022,2,2,8,2,3,9.88E-07
2022,2,2,8,2,1,0.002176419
2022,2,2,8,2,4,0.000302385
2022,2,2,8,1,2,3.51E-05
2022,2,2,8,1,3,9.01E-05
2022,2,2,8,1,1,0.028284357
2022,2,2,9,16,2,1.27E-06
2022,2,2,9,16,1,0.000287644
2022,2,2,9,1,2,0.000179485
2022,2,2,9,1,3,1.74E-06
2022,2,2,9,1,1,0.017759782
2022,2,2,11,7,2,8.63E-07
2022,2,2,11,7,3,1.73E-06
2022,2,2,11,7,1,0.000666805
2022,2,2,11,7,4,0.000182013
2022,2,2,11,15,3,4.18E-06
2022,2,2,11,15,1,0.001262216
2022,2,2,11,15,4,0.000211768
2022,2,2,11,3,1,3.73E-06
2022,2,2,11,16,3,1.31E-05
2022,2,2,11,16,1,0.002285168
2022,2,2,11,2,3,9.59E-07
2022,2,2,11,2,1,0.001143004
2022,2,2,11,2,4,0.000245723
2022,2,2,11,1,3,1.02E-06
2022,2,2,11,1,1,0.009218697
2022,2,3,6,1,2,4.57E-06
2022,2,3,6,1,3,3.38E-05
2022,2,3,6,1,1,0.00035166
2022,2,3,7,3,2,8.95E-08
2022,2,3,7,3,3,3.88E-06
2022,2,3,7,3,1,3.23E-05
2022,2,3,7,1,2,2.20E-06
2022,2,3,7,1,3,0.000165757
2022,2,3,7,1,1,0.001183796
2022,2,3,10,1,1,0.002399498
2022,2,3,1,1,2,0.000192009
2022,2,3,1,1,1,0.008166321
2022,2,3,2,16,2,0.000229709
2022,2,3,2,16,1,0.004286046
2022,2,3,2,1,2,0.000437002
2022,2,3,2,1,3,7.68E-06
2022,2,3,2,1,1,0.024796236
2022,2,3,3,1,2,3.20E-05
2022,2,3,3,1,1,0.005774106
2022,2,3,4,14,4,1.03E-06
2022,2,3,4,5,1,0.000592729
2022,2,3,4,5,4,5.05E-05
2022,2,3,4,6,2,8.82E-06
2022,2,3,4,6,1,0.000149892
2022,2,3,4,6,4,8.82E-06
2022,2,3,4,1,2,4.03E-06
2022,2,3,4,1,3,1.04E-06
2022,2,3,4,1,1,0.017034076
2022,2,3,5,7,1,0.000582009
2022,2,3,5,7,4,6.14E-05
2022,2,3,5,1,1,0.001179557
2022,2,4,1,4,3,4.90E-05
2022,2,4,1,4,1,0.00030323
2022,2,4,1,4,4,6.46E-05
2022,2,4,1,7,3,5.20E-06
2022,2,4,1,7,1,0.00060244
2022,2,4,1,7,4,3.95E-05
2022,2,4,1,16,1,0.001001311
2022,2,4,1,5,1,0.000327364
2022,2,4,1,5,4,8.61E-06
2022,2,4,1,1,2,0.004139012
2022,2,4,1,1,3,0.000297585
2022,2,4,1,1,1,0.058530658
2022,2,4,2,4,1,3.08E-06
2022,2,4,2,4,4,2.05E-06
2022,2,4,2,16,2,0.000455417
2022,2,4,2,16,3,1.96E-05
2022,2,4,2,16,1,0.007199737
2022,2,4,2,5,3,0.000124276
2022,2,4,2,5,1,0.003041292
2022,2,4,2,5,4,0.000165039
2022,2,4,2,1,2,0.000660256
2022,2,4,2,1,3,5.79E-05
2022,2,4,2,1,1,0.04259843
2022,2,4,3,5,1,5.00E-05
2022,2,4,3,5,4,2.08E-06
2022,2,4,3,1,2,5.20E-06
2022,2,4,3,1,1,0.004416535
2022,2,4,4,7,3,1.04E-06
2022,2,4,4,7,1,0.000782201
2022,2,4,4,7,4,0.000163305
2022,2,4,4,15,2,0.002571112
2022,2,4,4,15,1,0.013434731
2022,2,4,4,15,4,0.000549345
2022,2,4,4,16,1,0.001081438
2022,2,4,4,5,3,1.04E-06
2022,2,4,4,5,1,3.11E-06
2022,2,4,4,5,4,4.15E-06
2022,2,4,4,6,1,2.21E-06
2022,2,4,4,1,2,7.08E-06
2022,2,4,4,1,3,2.75E-06
2022,2,4,4,1,1,0.0144281
2022,2,4,5,7,1,0.000425914
2022,2,4,5,7,4,4.77E-05
2022,2,4,5,16,1,5.16E-06
2022,2,4,5,5,1,2.22E-05
2022,2,4,5,5,4,2.24E-06
2022,2,4,5,1,1,0.003206727
2022,2,4,6,5,2,7.80E-05
2022,2,4,6,5,3,1.04E-05
2022,2,4,6,5,1,0.001056547
2022,2,4,6,5,4,0.000163266
2022,2,4,6,1,2,0.001595701
2022,2,4,6,1,3,8.43E-05
2022,2,4,6,1,1,0.003111839
2022,2,4,7,3,2,1.56E-06
2022,2,4,7,3,3,4.08E-05
2022,2,4,9,16,2,0.000242
2022,2,4,9,16,3,3.82E-05
2022,2,4,9,16,1,0.010343354
2022,2,4,9,1,2,1.67E-05
2022,2,4,9,1,3,1.73E-05
2022,2,4,9,1,1,0.014344976
2022,2,4,10,1,3,1.77E-07
2022,2,4,10,1,1,1.04E-05
2022,2,5,6,2,1,0.000300881
2022,2,5,6,2,4,1.69E-05
2022,2,5,6,1,2,2.84E-05
2022,2,5,6,1,3,3.11E-06
2022,2,5,6,1,1,0.013051943
2022,2,5,9,1,2,0.000300292
2022,2,5,9,1,1,0.003802701
2022,2,5,11,5,1,0.003812365
2022,2,5,11,5,4,0.000121289
2022,2,5,11,2,1,0.000101723
2022,2,5,11,2,4,4.11E-06
2022,2,5,11,1,2,0.000102726
2022,2,5,11,1,1,0.005545861
2022,2,5,1,15,3,1.03E-06
2022,2,5,1,15,1,0.001606775
2022,2,5,1,15,4,8.23E-05
2022,2,5,1,16,1,0.001619215
2022,2,5,1,1,2,0.000705404
2022,2,5,1,1,3,0.000425513
2022,2,5,1,1,1,0.017094133
2022,2,5,2,16,2,0.000218159
2022,2,5,2,16,1,0.004501821
2022,2,5,2,1,2,1.83E-05
2022,2,5,2,1,3,3.16E-05
2022,2,5,2,1,1,0.030833809
2022,2,5,3,1,1,0.000939916
2022,2,5,4,15,1,0.000784818
2022,2,5,4,15,4,2.15E-05
2022,2,5,4,1,1,0.001089425
2022,2,5,5,15,2,1.09E-06
2022,2,5,5,15,1,0.003097187
2022,2,5,5,15,4,0.000341605
2022,2,5,5,5,1,9.22E-05
2022,2,5,5,5,4,1.94E-05
2022,2,5,5,1,2,4.20E-06
2022,2,5,5,1,3,7.87E-06
2022,2,5,5,1,1,0.005099845
2022,2,6,2,1,1,0.000602423
2022,2,6,4,1,1,0.00162392
2022,2,6,5,16,1,2.89E-05
2022,2,6,5,5,1,5.14E-05
2022,2,6,5,5,4,6.42E-06
2022,2,6,5,1,1,0.00236225
2022,2,6,7,1,2,0.000233894
2022,2,6,7,1,3,0.000104637
2022,2,6,7,1,1,0.001558992
2022,2,6,8,2,3,2.92E-06
2022,2,6,8,2,1,0.000373986
2022,2,6,8,2,4,4.80E-05
2022,2,6,8,1,2,0.000343793
2022,2,6,8,1,3,0.000656691
2022,2,6,8,1,1,0.00922757
2022,2,6,9,1,2,3.63E-05
2022,2,6,9,1,3,1.04E-06
2022,2,6,9,1,1,0.004888729
2022,2,6,11,2,1,0.000213008
2022,2,6,11,2,4,6.14E-05
2022,2,6,11,1,2,0.000206184
2022,2,6,11,1,3,4.94E-06
2022,2,6,11,1,1,0.008844982
2022,2,7,6,1,2,1.85E-05
2022,2,7,6,1,3,2.16E-05
2022,2,7,6,1,1,0.033565655
2022,2,7,7,16,2,1.06E-06
2022,2,7,7,16,3,2.64E-05
2022,2,7,7,16,1,0.001188035
2022,2,7,7,1,2,0.000355537
2022,2,7,7,1,3,0.000595772
2022,2,7,7,1,1,0.037952785
2022,2,7,8,1,2,0.000813044
2022,2,7,8,1,3,0.000176191
2022,2,7,8,1,1,0.0566263
2022,2,7,9,16,2,0.000241049
2022,2,7,9,16,3,1.54E-05
2022,2,7,9,16,1,0.026837448
2022,2,7,9,5,1,0.000159445
2022,2,7,9,5,4,3.05E-06
2022,2,7,9,6,3,3.96E-05
2022,2,7,9,6,1,0.001858607
2022,2,7,9,6,4,8.32E-05
2022,2,7,9,1,2,0.000515679
2022,2,7,9,1,3,3.78E-05
2022,2,7,9,1,1,0.209799472
2022,2,7,10,1,1,0.00866043
2022,2,7,11,7,3,1.02E-06
2022,2,7,11,7,1,0.001012199
2022,2,7,11,7,4,2.65E-05
2022,2,7,11,15,1,0.000210023
2022,2,7,11,15,4,1.12E-05
2022,2,7,11,6,3,1.01E-06
2022,2,7,11,6,1,0.002072779
2022,2,7,11,6,4,3.95E-05
2022,2,7,11,1,1,0.001468002
2022,2,7,1,7,2,0.001078423
2022,2,7,1,7,3,1.66E-05
2022,2,7,1,7,1,0.001978373
2022,2,7,1,7,4,0.000333892
2022,2,7,1,15,2,6.99E-05
2022,2,7,1,15,3,0.000177897
2022,2,7,1,15,1,0.000620831
2022,2,7,1,15,4,0.00047839
2022,2,7,1,16,2,1.05E-06
2022,2,7,1,16,3,2.09E-06
2022,2,7,1,16,1,0.001064514
2022,2,7,1,5,1,0.000400356
2022,2,7,1,5,4,0.000158274
2022,2,7,1,6,3,0.00027631
2022,2,7,1,6,1,0.00125575
2022,2,7,1,6,4,0.000274063
2022,2,7,1,1,2,0.000613781
2022,2,7,1,1,3,8.31E-05
2022,2,7,1,1,1,0.04268973
2022,2,7,2,1,2,0.000244313
2022,2,7,2,1,3,1.02E-06
2022,2,7,2,1,1,0.030595006
2022,2,7,3,1,2,1.49E-05
2022,2,7,3,1,1,0.01192349
2022,2,7,4,7,1,0.000761521
2022,2,7,4,7,4,5.19E-05
2022,2,7,4,15,1,0.000556312
2022,2,7,4,15,4,1.34E-05
2022,2,7,4,5,2,1.05E-06
2022,2,7,4,5,1,0.000323823
2022,2,7,4,5,4,2.42E-05
2022,2,7,4,6,1,9.96E-05
2022,2,7,4,6,4,3.10E-06
2022,2,7,4,1,1,0.001136518
2022,2,8,6,1,2,0.000184655
2022,2,8,6,1,3,2.76E-05
2022,2,8,6,1,1,0.026336541
2022,2,8,7,3,3,3.88E-05
2022,2,8,7,3,1,9.87E-07
2022,2,8,7,1,2,0.0005533
2022,2,8,7,1,3,0.000595966
2022,2,8,7,1,1,0.037910075
2022,2,8,8,1,2,0.000212931
2022,2,8,8,1,3,9.58E-05
2022,2,8,8,1,1,0.023984563
2022,2,8,9,16,2,2.45E-05
2022,2,8,9,16,3,1.12E-05
2022,2,8,9,16,1,0.014992969
2022,2,8,9,5,1,0.002296435
2022,2,8,9,5,4,4.18E-05
2022,2,8,9,1,2,0.000202004
2022,2,8,9,1,3,1.83E-05
2022,2,8,9,1,1,0.168695952
2022,2,8,10,1,2,8.02E-05
2022,2,8,10,1,1,0.060910297
2022,2,8,11,7,1,0.001005127
2022,2,8,11,7,4,8.16E-05
2022,2,8,11,15,2,6.21E-05
2022,2,8,11,15,3,1.95E-07
2022,2,8,11,15,1,0.003421045
2022,2,8,11,15,4,0.000252673
2022,2,8,11,3,2,6.58E-07
2022,2,8,11,3,3,0.000155337
2022,2,8,11,3,1,6.58E-07
2022,2,8,11,16,2,1.34E-07
2022,2,8,11,16,3,0.000102653
2022,2,8,11,16,1,0.000433922
2022,2,8,11,5,2,1.02E-06
2022,2,8,11,5,3,2.25E-05
2022,2,8,11,5,1,0.005850728
2022,2,8,11,5,4,0.000535816
2022,2,8,11,6,1,0.000975414
2022,2,8,11,6,4,8.76E-05
2022,2,8,11,1,2,0.000598308
2022,2,8,11,1,3,0.000357244
2022,2,8,11,1,1,0.116195563
2022,2,8,1,7,1,0.000114403
2022,2,8,1,7,4,5.12E-06
2022,2,8,1,1,2,1.39E-05
2022,2,8,1,1,3,6.07E-06
2022,2,8,1,1,1,0.005110942
2022,2,8,2,1,1,0.000120107
2022,2,8,3,1,1,0.000104154
2022,2,8,4,7,3,1.92E-05
2022,2,8,4,7,1,0.000924023
2022,2,8,4,7,4,7.03E-05
2022,2,8,4,15,2,0.000258852
2022,2,8,4,15,3,1.57E-05
2022,2,8,4,15,1,0.019638215
2022,2,8,4,15,4,0.001090183
2022,2,8,4,14,4,1.03E-06
2022,2,8,4,16,1,0.000401027
2022,2,8,4,5,1,1.37E-05
2022,2,8,4,6,1,0.000009625
2022,2,8,4,1,2,1.01E-06
2022,2,8,4,1,1,0.006278205
2022,2,8,5,15,2,8.67E-07
2022,2,8,5,15,1,0.002235466
2022,2,8,5,15,4,0.000283552
2022,2,8,5,1,1,0.000241898
2022,3,1,2,1,2,3.19E-06
2022,3,1,2,1,1,0.000845262
2022,3,1,3,1,1,0.000341957
2022,3,1,5,1,1,0.001085441
2022,3,1,7,16,2,2.75E-05
2022,3,1,7,16,3,7.13E-06
2022,3,1,7,16,1,0.00420491
2022,3,1,7,1,2,6.88E-05
2022,3,1,7,1,3,4.29E-05
2022,3,1,7,1,1,0.008407323
2022,3,1,8,2,1,0.000123019
2022,3,1,8,2,4,2.03E-05
2022,3,1,8,1,2,0.000261165
2022,3,1,8,1,3,0.000128271
2022,3,1,8,1,1,0.018726602
2022,3,1,9,1,2,0.000440459
2022,3,1,9,1,3,2.11E-06
2022,3,1,9,1,1,0.016070761
2022,3,1,11,2,1,8.88E-05
2022,3,1,11,2,4,1.01E-05
2022,3,1,11,1,2,1.99E-06
2022,3,1,11,1,3,9.97E-07
2022,3,1,11,1,1,0.001572863
2022,3,2,1,1,2,0.000388131
2022,3,2,1,1,3,1.04E-06
2022,3,2,1,1,1,0.004039459
2022,3,2,2,1,1,7.35E-06
2022,3,2,3,4,1,0.000189776
2022,3,2,3,4,4,5.13E-06
2022,3,2,3,1,2,5.66E-05
2022,3,2,3,1,1,0.00164641
2022,3,2,4,7,1,9.64E-06
2022,3,2,4,7,4,7.09E-07
2022,3,2,4,15,1,0.000190442
2022,3,2,4,15,4,6.54E-06
2022,3,2,4,1,2,5.39E-05
2022,3,2,4,1,3,1.06E-06
2022,3,2,4,1,1,0.006566211
2022,3,2,5,1,2,2.68E-07
2022,3,2,5,1,1,0.001638088
2022,3,2,6,2,2,1.06E-06
2022,3,2,6,2,1,0.001764847
2022,3,2,6,2,4,0.000251801
2022,3,2,6,1,2,0.002267871
2022,3,2,6,1,3,0.0002161
2022,3,2,6,1,1,0.044935784
2022,3,2,7,15,3,1.69E-05
2022,3,2,7,15,1,0.000375295
2022,3,2,7,15,4,0.000469866
2022,3,2,7,3,2,0.000577632
2022,3,2,7,3,3,0.000378515
2022,3,2,7,3,1,0.009566133
2022,3,2,7,16,1,2.56E-05
2022,3,2,7,1,2,0.000141922
2022,3,2,7,1,3,0.000441727
2022,3,2,7,1,1,0.03596566
2022,3,2,8,3,2,1.50E-06
2022,3,2,8,3,3,8.00E-07
2022,3,2,8,3,1,0.000126618
2022,3,2,8,2,2,2.91E-06
2022,3,2,8,2,3,3.92E-06
2022,3,2,8,2,1,0.004713979
2022,3,2,8,2,4,0.000878045
2022,3,2,8,1,2,0.000409473
2022,3,2,8,1,3,0.000382403
2022,3,2,8,1,1,0.051250806
2022,3,2,9,16,2,1.01E-06
2022,3,2,9,16,1,0.000180713
2022,3,2,9,1,2,0.000515762
2022,3,2,9,1,3,0.000195914
2022,3,2,9,1,1,0.015007247
2022,3,2,11,7,2,1.73E-06
2022,3,2,11,7,3,4.31E-06
2022,3,2,11,7,1,0.0004477
2022,3,2,11,7,4,0.000346498
2022,3,2,11,15,2,2.05E-06
2022,3,2,11,15,3,6.49E-06
2022,3,2,11,15,1,0.001477076
2022,3,2,11,15,4,0.000498711
2022,3,2,11,3,2,1.38E-08
2022,3,2,11,3,1,7.77E-06
2022,3,2,11,16,2,8.05E-06
2022,3,2,11,16,3,1.41E-05
2022,3,2,11,16,1,0.004810632
2022,3,2,11,2,1,0.002365641
2022,3,2,11,2,4,0.000583512
2022,3,2,11,1,2,3.73E-05
2022,3,2,11,1,3,2.06E-06
2022,3,2,11,1,1,0.015205881
2022,3,3,6,1,2,0.000473143
2022,3,3,6,1,3,8.16E-05
2022,3,3,6,1,1,0.000439347
2022,3,3,7,3,2,9.89E-06
2022,3,3,7,3,3,5.54E-06
2022,3,3,7,3,1,3.30E-05
2022,3,3,7,1,2,0.000198739
2022,3,3,7,1,3,0.000471725
2022,3,3,7,1,1,0.001118601
2022,3,3,10,1,2,7.74E-06
2022,3,3,10,1,1,0.000568158
2022,3,3,1,1,2,0.000227676
2022,3,3,1,1,3,1.41E-06
2022,3,3,1,1,1,0.009805535
2022,3,3,2,16,2,4.02E-05
2022,3,3,2,16,3,1.06E-06
2022,3,3,2,16,1,0.003625707
2022,3,3,2,1,2,0.002047667
2022,3,3,2,1,3,1.11E-05
2022,3,3,2,1,1,0.017785956
2022,3,3,3,1,2,1.85E-05
2022,3,3,3,1,3,1.03E-06
2022,3,3,3,1,1,0.003503581
2022,3,3,4,5,2,1.03E-05
2022,3,3,4,5,1,0.000359694
2022,3,3,4,5,4,5.20E-05
2022,3,3,4,6,1,7.05E-05
2022,3,3,4,1,2,0.000130545
2022,3,3,4,1,1,0.006849792
2022,3,3,5,7,1,0.000355998
2022,3,3,5,7,4,0.000102856
2022,3,3,5,1,1,0.000474916
2022,3,4,1,4,2,1.04E-06
2022,3,4,1,4,1,0.000137548
2022,3,4,1,4,4,4.06E-05
2022,3,4,1,7,1,0.000485925
2022,3,4,1,7,4,2.91E-05
2022,3,4,1,16,1,0.000779019
2022,3,4,1,5,1,0.000105293
2022,3,4,1,5,4,9.57E-07
2022,3,4,1,1,2,0.006501081
2022,3,4,1,1,3,0.000408881
2022,3,4,1,1,1,0.058387747
2022,3,4,2,4,1,4.11E-06
2022,3,4,2,4,4,2.05E-06
2022,3,4,2,16,2,0.000178366
2022,3,4,2,16,3,3.12E-06
2022,3,4,2,16,1,0.008816548
2022,3,4,2,5,1,0.000465291
2022,3,4,2,5,4,2.19E-05
2022,3,4,2,1,2,0.001984886
2022,3,4,2,1,3,1.45E-05
2022,3,4,2,1,1,0.034930892
2022,3,4,3,5,1,4.27E-05
2022,3,4,3,5,4,3.12E-06
2022,3,4,3,1,2,0.000461073
2022,3,4,3,1,1,0.002955078
2022,3,4,4,7,2,4.16E-06
2022,3,4,4,7,1,0.000243398
2022,3,4,4,7,4,3.22E-05
2022,3,4,4,15,2,0.001364294
2022,3,4,4,15,3,4.10E-06
2022,3,4,4,15,1,0.009035227
2022,3,4,4,15,4,0.000924224
2022,3,4,4,16,2,1.03E-06
2022,3,4,4,16,1,0.001219341
2022,3,4,4,5,1,1.04E-06
2022,3,4,4,6,1,5.54E-06
2022,3,4,4,1,2,8.59E-05
2022,3,4,4,1,3,1.02E-06
2022,3,4,4,1,1,0.008744774
2022,3,4,5,7,1,0.000291725
2022,3,4,5,7,4,0.000117743
2022,3,4,5,16,1,8.25E-06
2022,3,4,5,5,1,1.22E-05
2022,3,4,5,5,4,4.47E-06
2022,3,4,5,1,2,3.09E-06
2022,3,4,5,1,1,0.0020619
2022,3,4,6,5,2,0.000360848
2022,3,4,6,5,3,1.14E-05
2022,3,4,6,5,1,0.002195246
2022,3,4,6,5,4,0.000420123
2022,3,4,6,1,2,0.002699689
2022,3,4,6,1,3,0.000174654
2022,3,4,6,1,1,0.008662531
2022,3,4,7,3,3,2.97E-05
2022,3,4,9,16,2,0.000138049
2022,3,4,9,16,3,6.14E-06
2022,3,4,9,16,1,0.008507665
2022,3,4,9,1,2,4.15E-05
2022,3,4,9,1,3,5.09E-06
2022,3,4,9,1,1,0.015227177
2022,3,4,10,1,1,6.37E-06
2022,3,5,6,2,1,0.000655604
2022,3,5,6,2,4,2.01E-05
2022,3,5,6,1,2,5.70E-05
2022,3,5,6,1,3,1.04E-06
2022,3,5,6,1,1,0.014675903
2022,3,5,9,1,2,0.000292531
2022,3,5,9,1,1,0.003610738
2022,3,5,11,5,2,5.14E-06
2022,3,5,11,5,1,0.00482276
2022,3,5,11,5,4,0.000219964
2022,3,5,11,2,1,0.000181868
2022,3,5,11,2,4,1.44E-05
2022,3,5,11,1,2,5.45E-05
2022,3,5,11,1,3,2.05E-06
2022,3,5,11,1,1,0.005967877
2022,3,5,1,7,1,8.14E-07
2022,3,5,1,15,1,0.000552736
2022,3,5,1,15,4,1.85E-05
2022,3,5,1,16,2,1.09E-06
2022,3,5,1,16,3,2.14E-06
2022,3,5,1,16,1,0.001245063
2022,3,5,1,1,2,0.001240062
2022,3,5,1,1,3,0.000483872
2022,3,5,1,1,1,0.020399547
2022,3,5,2,16,2,8.67E-05
2022,3,5,2,16,1,0.004695514
2022,3,5,2,1,2,0.00015431
2022,3,5,2,1,3,9.16E-06
2022,3,5,2,1,1,0.022639429
2022,3,5,3,1,2,5.08E-06
2022,3,5,3,1,1,0.000461
2022,3,5,4,15,1,0.000246217
2022,3,5,4,15,4,1.33E-05
2022,3,5,4,1,2,4.15E-06
2022,3,5,4,1,1,0.001324475
2022,3,5,5,15,1,0.00222762
2022,3,5,5,15,4,0.000410963
2022,3,5,5,5,1,4.21E-05
2022,3,5,5,5,4,1.98E-05
2022,3,5,5,1,2,1.68E-05
2022,3,5,5,1,1,0.002075454
2022,3,6,2,1,2,1.04E-06
2022,3,6,2,1,1,0.000556775
2022,3,6,4,1,1,0.001924567
2022,3,6,5,16,1,2.89E-05
2022,3,6,5,5,1,3.64E-05
2022,3,6,5,5,4,8.54E-06
2022,3,6,5,1,3,2.06E-06
2022,3,6,5,1,1,0.002825842
2022,3,6,7,1,2,0.000367125
2022,3,6,7,1,3,4.62E-05
2022,3,6,7,1,1,0.003079172
2022,3,6,8,2,1,0.000767564
2022,3,6,8,2,4,9.18E-05
2022,3,6,8,1,2,0.000495267
2022,3,6,8,1,3,0.000449772
2022,3,6,8,1,1,0.013274888
2022,3,6,9,1,2,0.000291004
2022,3,6,9,1,1,0.002966558
2022,3,6,11,2,1,0.000401295
2022,3,6,11,2,4,0.000141599
2022,3,6,11,1,2,0.000330681
2022,3,6,11,1,3,5.02E-06
2022,3,6,11,1,1,0.012009769
2022,3,7,6,1,2,0.000405434
2022,3,7,6,1,3,3.38E-05
2022,3,7,6,1,1,0.040709372
2022,3,7,7,16,2,8.44E-06
2022,3,7,7,16,3,0.00010762
2022,3,7,7,16,1,0.003264459
2022,3,7,7,1,2,0.000550174
2022,3,7,7,1,3,0.000480766
2022,3,7,7,1,1,0.057872577
2022,3,7,8,1,2,0.000759389
2022,3,7,8,1,3,0.000237227
2022,3,7,8,1,1,0.064978232
2022,3,7,9,16,2,0.000170327
2022,3,7,9,16,3,5.10E-06
2022,3,7,9,16,1,0.024428319
2022,3,7,9,5,1,1.73E-05
2022,3,7,9,5,4,5.08E-06
2022,3,7,9,6,1,0.00019073
2022,3,7,9,6,4,9.74E-05
2022,3,7,9,1,2,0.001963709
2022,3,7,9,1,3,3.41E-05
2022,3,7,9,1,1,0.142114362
2022,3,7,10,1,2,8.08E-06
2022,3,7,10,1,1,0.003547151
2022,3,7,11,7,1,0.000799732
2022,3,7,11,7,4,0.000150981
2022,3,7,11,15,3,1.01E-06
2022,3,7,11,15,1,0.000140015
2022,3,7,11,15,4,2.74E-05
2022,3,7,11,6,1,0.000377833
2022,3,7,11,6,4,4.35E-05
2022,3,7,11,1,2,8.11E-06
2022,3,7,11,1,3,1.01E-06
2022,3,7,11,1,1,0.002987091
2022,3,7,1,7,2,5.14E-05
2022,3,7,1,7,3,1.66E-05
2022,3,7,1,7,1,0.002656655
2022,3,7,1,7,4,0.00049192
2022,3,7,1,15,2,2.01E-05
2022,3,7,1,15,3,0.000111186
2022,3,7,1,15,1,0.000620189
2022,3,7,1,15,4,0.000263526
2022,3,7,1,16,2,7.32E-06
2022,3,7,1,16,3,4.19E-06
2022,3,7,1,16,1,0.002631342
2022,3,7,1,5,2,7.83E-05
2022,3,7,1,5,1,0.000425889
2022,3,7,1,5,4,6.38E-05
2022,3,7,1,6,3,5.28E-05
2022,3,7,1,6,1,0.001045709
2022,3,7,1,6,4,0.000221273
2022,3,7,1,1,2,0.001248702
2022,3,7,1,1,3,0.000281954
2022,3,7,1,1,1,0.090135903
2022,3,7,2,1,2,0.00054976
2022,3,7,2,1,3,1.02E-06
2022,3,7,2,1,1,0.02166352
2022,3,7,3,1,2,0.000137919
2022,3,7,3,1,1,0.009465745
2022,3,7,4,7,3,1.03E-06
2022,3,7,4,7,1,0.000681758
2022,3,7,4,7,4,8.20E-05
2022,3,7,4,15,1,0.000306883
2022,3,7,4,15,4,6.80E-05
2022,3,7,4,5,1,0.000468912
2022,3,7,4,5,4,6.41E-05
2022,3,7,4,6,1,2.98E-05
2022,3,7,4,6,4,2.17E-06
2022,3,7,4,1,2,2.73E-07
2022,3,7,4,1,1,0.000358484
2022,3,8,6,1,2,0.000483104
2022,3,8,6,1,3,3.04E-05
2022,3,8,6,1,1,0.027211894
2022,3,8,7,3,2,1.97E-06
2022,3,8,7,3,3,9.87E-06
2022,3,8,7,3,1,3.62E-06
2022,3,8,7,1,2,0.001111704
2022,3,8,7,1,3,0.000417113
2022,3,8,7,1,1,0.065468152
2022,3,8,8,1,2,0.000451168
2022,3,8,8,1,3,0.000173141
2022,3,8,8,1,1,0.053859726
2022,3,8,9,16,2,6.54E-05
2022,3,8,9,16,3,2.05E-06
2022,3,8,9,16,1,0.013152329
2022,3,8,9,5,1,0.000413747
2022,3,8,9,5,4,2.45E-05
2022,3,8,9,1,2,0.001060908
2022,3,8,9,1,3,2.32E-05
2022,3,8,9,1,1,0.137175587
2022,3,8,10,1,2,0.000745087
2022,3,8,10,1,3,1.02E-06
2022,3,8,10,1,1,0.03510707
2022,3,8,11,7,1,0.000714132
2022,3,8,11,7,4,0.0001971
2022,3,8,11,15,2,4.26E-05
2022,3,8,11,15,1,0.002111608
2022,3,8,11,15,4,0.000252505
2022,3,8,11,3,3,0.000149084
2022,3,8,11,3,1,1.32E-06
2022,3,8,11,16,2,4.70E-07
2022,3,8,11,16,3,0.000133595
2022,3,8,11,16,1,0.000461327
2022,3,8,11,5,2,8.27E-06
2022,3,8,11,5,3,2.09E-06
2022,3,8,11,5,1,0.005495142
2022,3,8,11,5,4,0.000776898
2022,3,8,11,6,2,1.58E-06
2022,3,8,11,6,1,0.000618362
2022,3,8,11,6,4,7.79E-05
2022,3,8,11,1,2,0.001514391
2022,3,8,11,1,3,0.000484185
2022,3,8,11,1,1,0.082029431
2022,3,8,1,7,1,0.000135747
2022,3,8,1,7,4,4.95E-05
2022,3,8,1,1,2,0.000228098
2022,3,8,1,1,3,1.29E-05
2022,3,8,1,1,1,0.01505695
2022,3,8,2,1,2,1.07E-06
2022,3,8,2,1,1,0.000102428
2022,3,8,3,1,2,5.13E-06
2022,3,8,3,1,3,1.03E-06
2022,3,8,3,1,1,0.000182098
2022,3,8,4,7,2,6.16E-07
2022,3,8,4,7,3,2.03E-05
2022,3,8,4,7,1,0.000894257
2022,3,8,4,7,4,0.000161676
2022,3,8,4,15,2,0.000182214
2022,3,8,4,15,3,3.73E-06
2022,3,8,4,15,1,0.013798087
2022,3,8,4,15,4,0.001292242
2022,3,8,4,16,1,0.000164889
2022,3,8,4,5,1,5.28E-06
2022,3,8,4,6,1,0.0000035
2022,3,8,4,6,4,0.000000875
2022,3,8,4,1,2,5.11E-06
2022,3,8,4,1,3,2.04E-06
2022,3,8,4,1,1,0.004952967
2022,3,8,5,15,2,8.67E-07
2022,3,8,5,15,1,0.001255607
2022,3,8,5,15,4,0.000314769
2022,3,8,5,1,1,0.000144559
2022,4,1,2,1,1,0.000365107
2022,4,1,3,1,1,0.000132265
2022,4,1,5,1,2,2.06E-06
2022,4,1,5,1,1,0.000275912
2022,4,1,7,16,2,7.03E-05
2022,4,1,7,16,3,3.06E-06
2022,4,1,7,16,1,0.001692767
2022,4,1,7,1,2,0.00029317
2022,4,1,7,1,3,2.31E-05
2022,4,1,7,1,1,0.003582424
2022,4,1,8,2,1,6.40E-05
2022,4,1,8,2,4,1.02E-05
2022,4,1,8,1,2,0.000743882
2022,4,1,8,1,3,0.000114325
2022,4,1,8,1,1,0.007265915
2022,4,1,9,1,2,0.000673912
2022,4,1,9,1,3,9.59E-06
2022,4,1,9,1,1,0.006811318
2022,4,1,11,2,2,1.00E-06
2022,4,1,11,2,1,5.76E-05
2022,4,1,11,2,4,1.21E-05
2022,4,1,11,1,2,4.98E-06
2022,4,1,11,1,1,0.000753539
2022,4,2,1,1,2,0.000447319
2022,4,2,1,1,1,0.001480103
2022,4,2,2,1,1,1.05E-06
2022,4,2,3,4,1,9.85E-05
2022,4,2,3,4,4,7.18E-06
2022,4,2,3,1,2,2.37E-05
2022,4,2,3,1,1,0.000589538
2022,4,2,4,7,1,3.12E-06
2022,4,2,4,7,4,2.84E-07
2022,4,2,4,15,1,6.49E-05
2022,4,2,4,15,4,2.82E-06
2022,4,2,4,1,2,3.88E-05
2022,4,2,4,1,1,0.002284931
2022,4,2,5,1,2,3.69E-06
2022,4,2,5,1,1,0.000589881
2022,4,2,6,2,2,1.06E-05
2022,4,2,6,2,1,0.00093146
2022,4,2,6,2,4,0.000179884
2022,4,2,6,1,2,0.005048934
2022,4,2,6,1,3,0.000216312
2022,4,2,6,1,1,0.018804928
2022,4,2,7,15,2,5.97E-06
2022,4,2,7,15,3,9.95E-06
2022,4,2,7,15,1,0.000143349
2022,4,2,7,15,4,0.000133394
2022,4,2,7,3,2,0.001956661
2022,4,2,7,3,3,0.00067974
2022,4,2,7,3,1,0.004912482
2022,4,2,7,16,2,2.05E-06
2022,4,2,7,16,1,4.10E-06
2022,4,2,7,1,2,0.001394432
2022,4,2,7,1,3,0.000456397
2022,4,2,7,1,1,0.015421967
2022,4,2,8,3,2,3.03E-06
2022,4,2,8,3,3,7.38E-07
2022,4,2,8,3,1,6.97E-05
2022,4,2,8,2,2,2.34E-05
2022,4,2,8,2,1,0.002855362
2022,4,2,8,2,4,0.000668997
2022,4,2,8,1,2,0.001439147
2022,4,2,8,1,3,0.000236525
2022,4,2,8,1,1,0.022640343
2022,4,2,9,16,1,0.000167488
2022,4,2,9,1,2,0.000950247
2022,4,2,9,1,3,4.84E-06
2022,4,2,9,1,1,0.008914636
2022,4,2,11,7,2,6.04E-06
2022,4,2,11,7,3,2.59E-06
2022,4,2,11,7,1,0.000263099
2022,4,2,11,7,4,0.000126805
2022,4,2,11,15,2,3.89E-05
2022,4,2,11,15,3,3.21E-06
2022,4,2,11,15,1,0.000628705
2022,4,2,11,15,4,0.00013141
2022,4,2,11,3,2,2.32E-08
2022,4,2,11,3,1,6.36E-06
2022,4,2,11,16,2,3.02E-05
2022,4,2,11,16,3,1.01E-05
2022,4,2,11,16,1,0.002497744
2022,4,2,11,2,2,2.98E-06
2022,4,2,11,2,1,0.001791813
2022,4,2,11,2,4,0.000430328
2022,4,2,11,1,2,7.70E-05
2022,4,2,11,1,3,3.95E-06
2022,4,2,11,1,1,0.011636714
2022,4,3,6,1,2,0.001281504
2022,4,3,6,1,3,4.57E-05
2022,4,3,6,1,1,0.000168066
2022,4,3,7,3,2,3.94E-05
2022,4,3,7,3,3,3.82E-06
2022,4,3,7,3,1,1.52E-05
2022,4,3,7,1,2,0.001095075
2022,4,3,7,1,3,0.000157467
2022,4,3,7,1,1,0.000420587
2022,4,3,10,1,2,4.84E-06
2022,4,3,10,1,1,0.000239929
2022,4,3,1,1,2,0.000415584
2022,4,3,1,1,3,7.03E-06
2022,4,3,1,1,1,0.003739168
2022,4,3,2,16,2,1.48E-05
2022,4,3,2,16,3,4.23E-06
2022,4,3,2,16,1,0.001310215
2022,4,3,2,1,2,0.00131459
2022,4,3,2,1,3,2.17E-06
2022,4,3,2,1,1,0.006600743
2022,4,3,3,1,2,2.17E-05
2022,4,3,3,1,1,0.001280116
2022,4,3,4,5,2,3.02E-06
2022,4,3,4,5,1,0.000124674
2022,4,3,4,5,4,1.44E-05
2022,4,3,4,6,1,4.41E-05
2022,4,3,4,1,2,8.36E-05
2022,4,3,4,1,1,0.00197775
2022,4,3,5,7,1,9.02E-05
2022,4,3,5,7,4,8.35E-06
2022,4,3,5,1,1,0.000122128
2022,4,4,1,4,2,8.34E-06
2022,4,4,1,4,3,1.67E-05
2022,4,4,1,4,1,8.96E-05
2022,4,4,1,4,4,1.04E-05
2022,4,4,1,7,3,2.09E-05
2022,4,4,1,7,1,0.000251224
2022,4,4,1,7,4,2.18E-05
2022,4,4,1,16,1,0.000304516
2022,4,4,1,5,1,4.12E-05
2022,4,4,1,1,2,0.006567942
2022,4,4,1,1,3,0.000266203
2022,4,4,1,1,1,0.018343564
2022,4,4,2,4,1,5.13E-06
2022,4,4,2,4,4,1.03E-06
2022,4,4,2,16,2,0.000113058
2022,4,4,2,16,3,2.60E-05
2022,4,4,2,16,1,0.004078003
2022,4,4,2,5,3,1.99E-06
2022,4,4,2,5,1,0.000192877
2022,4,4,2,5,4,1.49E-05
2022,4,4,2,1,2,0.001272735
2022,4,4,2,1,3,2.40E-05
2022,4,4,2,1,1,0.011735612
2022,4,4,3,5,1,1.35E-05
2022,4,4,3,1,2,0.000235254
2022,4,4,3,1,1,0.001170214
2022,4,4,4,7,2,1.35E-05
2022,4,4,4,7,1,0.000235076
2022,4,4,4,7,4,1.04E-05
2022,4,4,4,15,2,0.000442155
2022,4,4,4,15,1,0.003141978
2022,4,4,4,15,4,0.000248186
2022,4,4,4,16,2,2.06E-06
2022,4,4,4,16,1,0.000500049
2022,4,4,4,5,1,2.07E-06
2022,4,4,4,5,4,1.04E-06
2022,4,4,4,6,1,2.21E-06
2022,4,4,4,1,2,3.73E-05
2022,4,4,4,1,3,1.02E-06
2022,4,4,4,1,1,0.002769104
2022,4,4,5,7,1,0.000112373
2022,4,4,5,7,4,1.76E-05
2022,4,4,5,16,1,2.06E-06
2022,4,4,5,1,2,3.08E-06
2022,4,4,5,1,1,0.000681875
2022,4,4,6,5,2,0.000188223
2022,4,4,6,5,3,2.08E-06
2022,4,4,6,5,1,0.000818408
2022,4,4,6,5,4,0.000141428
2022,4,4,6,1,2,0.002628581
2022,4,4,6,1,3,9.89E-05
2022,4,4,6,1,1,0.003417599
2022,4,4,7,3,2,3.31E-06
2022,4,4,7,3,3,1.12E-05
2022,4,4,7,3,1,1.66E-06
2022,4,4,9,16,2,0.000348286
2022,4,4,9,16,3,6.20E-06
2022,4,4,9,16,1,0.003833201
2022,4,4,9,1,2,7.18E-05
2022,4,4,9,1,3,4.08E-06
2022,4,4,9,1,1,0.005421933
2022,4,4,10,1,2,1.06E-06
2022,4,4,10,1,1,2.12E-06
2022,4,5,6,2,2,1.06E-06
2022,4,5,6,2,1,0.000186863
2022,4,5,6,2,4,6.33E-06
2022,4,5,6,1,2,6.31E-05
2022,4,5,6,1,1,0.004867172
2022,4,5,9,1,2,0.000283493
2022,4,5,9,1,1,0.001993643
2022,4,5,11,5,2,5.14E-06
2022,4,5,11,5,1,0.001468824
2022,4,5,11,5,4,0.000104843
2022,4,5,11,2,1,0.000100695
2022,4,5,11,2,4,1.44E-05
2022,4,5,11,1,2,6.68E-05
2022,4,5,11,1,3,2.05E-06
2022,4,5,11,1,1,0.003184514
2022,4,5,1,15,2,1.04E-06
2022,4,5,1,15,1,0.00017717
2022,4,5,1,15,4,5.14E-06
2022,4,5,1,16,2,5.34E-06
2022,4,5,1,16,3,1.06E-06
2022,4,5,1,16,1,0.000407694
2022,4,5,1,1,2,0.001053134
2022,4,5,1,1,3,0.000114464
2022,4,5,1,1,1,0.006826596
2022,4,5,2,16,2,1.33E-05
2022,4,5,2,16,1,0.001587259
2022,4,5,2,1,2,0.000118031
2022,4,5,2,1,1,0.007274396
2022,4,5,3,1,2,5.17E-06
2022,4,5,3,1,1,0.000157343
2022,4,5,4,15,1,9.75E-05
2022,4,5,4,15,4,2.05E-06
2022,4,5,4,1,2,2.09E-06
2022,4,5,4,1,1,0.000370657
2022,4,5,5,15,2,5.18E-06
2022,4,5,5,15,1,0.000691466
2022,4,5,5,15,4,0.000126873
2022,4,5,5,5,1,1.14E-05
2022,4,5,5,5,4,2.05E-06
2022,4,5,5,1,2,2.62E-05
2022,4,5,5,1,1,0.000541064
2022,4,6,2,1,2,1.04E-06
2022,4,6,2,1,1,0.000215486
2022,4,6,4,1,1,0.000644482
2022,4,6,5,16,1,6.03E-06
2022,4,6,5,5,1,1.18E-05
2022,4,6,5,5,4,4.28E-06
2022,4,6,5,1,1,0.000890528
2022,4,6,7,1,2,0.00049136
2022,4,6,7,1,3,7.18E-05
2022,4,6,7,1,1,0.001829436
2022,4,6,8,2,2,9.69E-07
2022,4,6,8,2,1,0.000430908
2022,4,6,8,2,4,6.37E-05
2022,4,6,8,1,2,0.000443298
2022,4,6,8,1,3,0.00026229
2022,4,6,8,1,1,0.007167705
2022,4,6,9,1,2,0.000295098
2022,4,6,9,1,1,0.001591489
2022,4,6,11,2,2,9.85E-07
2022,4,6,11,2,1,0.000197278
2022,4,6,11,2,4,5.62E-05
2022,4,6,11,1,2,0.000329702
2022,4,6,11,1,3,3.08E-06
2022,4,6,11,1,1,0.006499362
2022,4,7,6,1,2,0.000564457
2022,4,7,6,1,3,2.38E-05
2022,4,7,6,1,1,0.011204362
2022,4,7,7,16,2,7.60E-05
2022,4,7,7,16,3,1.79E-05
2022,4,7,7,16,1,0.000664709
2022,4,7,7,1,2,0.001281434
2022,4,7,7,1,3,0.000196021
2022,4,7,7,1,1,0.016418682
2022,4,7,8,1,2,0.001158028
2022,4,7,8,1,3,0.000151786
2022,4,7,8,1,1,0.021766466
2022,4,7,9,16,2,0.000155262
2022,4,7,9,16,3,1.23E-05
2022,4,7,9,16,1,0.011130281
2022,4,7,9,5,1,6.09E-06
2022,4,7,9,6,1,0.00010551
2022,4,7,9,6,4,1.42E-05
2022,4,7,9,1,2,0.001853411
2022,4,7,9,1,3,1.23E-05
2022,4,7,9,1,1,0.062878611
2022,4,7,10,1,2,3.41E-05
2022,4,7,10,1,1,0.00121043
2022,4,7,11,7,1,0.000357633
2022,4,7,11,7,4,1.73E-05
2022,4,7,11,15,1,8.32E-05
2022,4,7,11,15,4,1.01E-06
2022,4,7,11,6,3,1.01E-06
2022,4,7,11,6,1,0.00017128
2022,4,7,11,6,4,1.23E-05
2022,4,7,11,1,2,1.03E-06
2022,4,7,11,1,1,0.000620925
2022,4,7,1,7,2,3.18E-05
2022,4,7,1,7,3,1.35E-05
2022,4,7,1,7,1,0.000949766
2022,4,7,1,7,4,6.53E-05
2022,4,7,1,15,2,1.48E-05
2022,4,7,1,15,3,1.91E-05
2022,4,7,1,15,1,0.000344919
2022,4,7,1,15,4,4.66E-05
2022,4,7,1,16,2,3.77E-05
2022,4,7,1,16,3,1.46E-05
2022,4,7,1,16,1,0.00085879
2022,4,7,1,5,2,2.89E-05
2022,4,7,1,5,3,1.01E-05
2022,4,7,1,5,1,0.000261534
2022,4,7,1,5,4,3.08E-05
2022,4,7,1,6,2,1.68E-05
2022,4,7,1,6,3,1.68E-05
2022,4,7,1,6,1,0.000354935
2022,4,7,1,6,4,4.83E-05
2022,4,7,1,1,2,0.001737521
2022,4,7,1,1,3,0.000211844
2022,4,7,1,1,1,0.021224032
2022,4,7,2,1,2,0.000388123
2022,4,7,2,1,3,2.15E-06
2022,4,7,2,1,1,0.006788308
2022,4,7,3,1,2,0.000144851
2022,4,7,3,1,1,0.004098774
2022,4,7,4,7,1,0.000317594
2022,4,7,4,7,4,2.07E-05
2022,4,7,4,15,3,3.10E-06
2022,4,7,4,15,1,0.000122572
2022,4,7,4,15,4,1.03E-05
2022,4,7,4,5,1,0.000120908
2022,4,7,4,5,4,6.31E-06
2022,4,7,4,6,1,1.43E-05
2022,4,7,4,6,4,9.31E-07
2022,4,7,4,1,2,2.73E-07
2022,4,7,4,1,1,0.00011068
2022,4,8,6,1,2,0.000617524
2022,4,8,6,1,3,1.81E-05
2022,4,8,6,1,1,0.010283099
2022,4,8,7,3,2,2.63E-06
2022,4,8,7,3,3,5.13E-05
2022,4,8,7,3,1,2.30E-06
2022,4,8,7,1,2,0.001824997
2022,4,8,7,1,3,0.000174179
2022,4,8,7,1,1,0.019357663
2022,4,8,8,1,2,0.00069742
2022,4,8,8,1,3,0.000103866
2022,4,8,8,1,1,0.014158829
2022,4,8,9,16,2,1.44E-05
2022,4,8,9,16,3,4.09E-06
2022,4,8,9,16,1,0.006247813
2022,4,8,9,5,1,0.00018448
2022,4,8,9,5,4,7.14E-06
2022,4,8,9,1,2,0.000834902
2022,4,8,9,1,3,1.89E-05
2022,4,8,9,1,1,0.059153636
2022,4,8,10,1,2,0.000358906
2022,4,8,10,1,3,4.70E-06
2022,4,8,10,1,1,0.014119158
2022,4,8,11,7,2,3.09E-06
2022,4,8,11,7,1,0.000350661
2022,4,8,11,7,4,4.54E-05
2022,4,8,11,15,2,2.53E-05
2022,4,8,11,15,3,1.95E-07
2022,4,8,11,15,1,0.000708704
2022,4,8,11,15,4,5.76E-05
2022,4,8,11,3,2,1.15E-05
2022,4,8,11,3,3,3.69E-05
2022,4,8,11,16,2,1.86E-05
2022,4,8,11,16,3,6.36E-05
2022,4,8,11,16,1,0.000173084
2022,4,8,11,5,2,3.83E-06
2022,4,8,11,5,1,0.002294064
2022,4,8,11,5,4,0.000278395
2022,4,8,11,6,2,1.54E-06
2022,4,8,11,6,1,0.000318356
2022,4,8,11,6,4,2.89E-05
2022,4,8,11,1,2,0.00116532
2022,4,8,11,1,3,0.000548278
2022,4,8,11,1,1,0.031527635
2022,4,8,1,7,2,8.54E-07
2022,4,8,1,7,3,1.71E-06
2022,4,8,1,7,1,3.16E-05
2022,4,8,1,7,4,1.02E-05
2022,4,8,1,1,2,0.000351107
2022,4,8,1,1,3,1.20E-05
2022,4,8,1,1,1,0.006807781
2022,4,8,2,1,2,1.06E-05
2022,4,8,2,1,1,0.00010709
2022,4,8,3,1,2,7.19E-06
2022,4,8,3,1,1,0.00010798
2022,4,8,4,7,3,5.61E-06
2022,4,8,4,7,1,0.000281571
2022,4,8,4,7,4,2.98E-05
2022,4,8,4,15,2,0.000123025
2022,4,8,4,15,3,5.16E-06
2022,4,8,4,15,1,0.004547446
2022,4,8,4,15,4,0.000287888
2022,4,8,4,16,1,4.99E-05
2022,4,8,4,5,1,2.11E-06
2022,4,8,4,1,2,1.35E-05
2022,4,8,4,1,1,0.001592161
2022,4,8,5,15,2,4.34E-06
2022,4,8,5,15,1,0.000372867
2022,4,8,5,15,4,8.50E-05
2022,4,8,5,1,1,3.24E-05
2022,5,1,2,1,2,1.06E-06
2022,5,1,2,1,1,0.002403462
2022,5,1,3,1,2,1.36E-05
2022,5,1,3,1,1,0.001350295
2022,5,1,5,1,2,1.11E-05
2022,5,1,5,1,3,1.03E-06
2022,5,1,5,1,1,0.004270823
2022,5,1,7,16,3,6.93E-05
2022,5,1,7,16,1,0.005942518
2022,5,1,7,1,2,1.15E-05
2022,5,1,7,1,3,0.000281235
2022,5,1,7,1,1,0.008765736
2022,5,1,8,2,3,3.07E-06
2022,5,1,8,2,1,0.000165488
2022,5,1,8,2,4,2.86E-05
2022,5,1,8,1,2,0.000385351
2022,5,1,8,1,3,0.000436803
2022,5,1,8,1,1,0.019358458
2022,5,1,9,1,2,0.00107712
2022,5,1,9,1,3,6.75E-05
2022,5,1,9,1,1,0.04749141
2022,5,1,11,2,1,0.00011407
2022,5,1,11,2,4,1.11E-05
2022,5,1,11,1,2,2.99E-06
2022,5,1,11,1,1,0.001301748
2022,5,2,1,1,2,0.001584508
2022,5,2,1,1,3,1.15E-05
2022,5,2,1,1,1,0.008459135
2022,5,2,2,1,1,3.91E-05
2022,5,2,3,4,1,0.000481108
2022,5,2,3,4,4,7.18E-06
2022,5,2,3,1,2,7.82E-05
2022,5,2,3,1,1,0.00548339
2022,5,2,4,7,1,1.69E-05
2022,5,2,4,7,4,5.67E-07
2022,5,2,4,15,1,0.00064705
2022,5,2,4,15,4,3.03E-05
2022,5,2,4,1,2,0.000332835
2022,5,2,4,1,3,1.70E-05
2022,5,2,4,1,1,0.015370388
2022,5,2,5,16,1,0.0000022
2022,5,2,5,1,2,2.61E-05
2022,5,2,5,1,1,0.004314957
2022,5,2,6,2,2,4.22E-06
2022,5,2,6,2,1,0.004071295
2022,5,2,6,2,4,0.000500348
2022,5,2,6,1,2,0.002301962
2022,5,2,6,1,3,0.000331225
2022,5,2,6,1,1,0.051908414
2022,5,2,7,15,3,7.07E-05
2022,5,2,7,15,1,0.000554481
2022,5,2,7,15,4,0.000512671
2022,5,2,7,3,2,6.20E-05
2022,5,2,7,3,3,0.002907079
2022,5,2,7,3,1,0.011405586
2022,5,2,7,16,3,1.84E-05
2022,5,2,7,16,1,0.00036959
2022,5,2,7,1,2,0.000100589
2022,5,2,7,1,3,0.001381094
2022,5,2,7,1,1,0.030798697
2022,5,2,8,3,2,5.42E-07
2022,5,2,8,3,3,1.12E-06
2022,5,2,8,3,1,0.000128952
2022,5,2,8,2,2,2.96E-06
2022,5,2,8,2,3,4.96E-06
2022,5,2,8,2,1,0.005950389
2022,5,2,8,2,4,0.00089856
2022,5,2,8,1,2,0.00039609
2022,5,2,8,1,3,0.000446913
2022,5,2,8,1,1,0.052495931
2022,5,2,9,16,3,1.27E-06
2022,5,2,9,16,1,0.000582936
2022,5,2,9,1,2,0.001329833
2022,5,2,9,1,3,0.000114371
2022,5,2,9,1,1,0.036618702
2022,5,2,11,7,3,3.45E-06
2022,5,2,11,7,1,0.00081345
2022,5,2,11,7,4,0.000261374
2022,5,2,11,15,2,4.11E-06
2022,5,2,11,15,3,2.28E-05
2022,5,2,11,15,1,0.002339227
2022,5,2,11,15,4,0.000395627
2022,5,2,11,3,2,5.43E-09
2022,5,2,11,3,1,9.29E-06
2022,5,2,11,16,2,7.98E-07
2022,5,2,11,16,3,4.63E-05
2022,5,2,11,16,1,0.005703906
2022,5,2,11,2,1,0.003315753
2022,5,2,11,2,4,0.000641979
2022,5,2,11,1,2,3.98E-05
2022,5,2,11,1,3,7.87E-06
2022,5,2,11,1,1,0.022272481
2022,5,3,6,1,2,6.03E-05
2022,5,3,6,1,3,4.93E-05
2022,5,3,6,1,1,0.000599192
2022,5,3,7,3,2,3.48E-07
2022,5,3,7,3,3,2.24E-05
2022,5,3,7,3,1,4.24E-05
2022,5,3,7,1,2,3.43E-05
2022,5,3,7,1,3,0.000831032
2022,5,3,7,1,1,0.00134385
2022,5,3,10,1,2,9.68E-07
2022,5,3,10,1,1,0.001372576
2022,5,3,1,1,2,0.00084418
2022,5,3,1,1,3,9.01E-06
2022,5,3,1,1,1,0.024186418
2022,5,3,2,16,2,0.000265652
2022,5,3,2,16,3,3.70E-05
2022,5,3,2,16,1,0.007660941
2022,5,3,2,1,2,0.006050299
2022,5,3,2,1,3,0.000103188
2022,5,3,2,1,1,0.089737285
2022,5,3,3,1,2,0.000376831
2022,5,3,3,1,1,0.008826425
2022,5,3,4,14,1,1.03E-06
2022,5,3,4,5,2,0.000329959
2022,5,3,4,5,1,0.001094436
2022,5,3,4,5,4,5.27E-05
2022,5,3,4,6,1,0.000282151
2022,5,3,4,1,2,0.000579449
2022,5,3,4,1,3,1.03E-06
2022,5,3,4,1,1,0.023237633
2022,5,3,5,7,1,0.001480137
2022,5,3,5,7,4,0.000170271
2022,5,3,5,1,1,0.001629513
2022,5,4,1,4,3,6.36E-05
2022,5,4,1,4,1,0.000632511
2022,5,4,1,4,4,2.40E-05
2022,5,4,1,7,3,7.31E-06
2022,5,4,1,7,1,0.00088886
2022,5,4,1,7,4,4.27E-05
2022,5,4,1,16,1,0.001805303
2022,5,4,1,5,2,9.57E-07
2022,5,4,1,5,1,0.000252702
2022,5,4,1,5,4,5.74E-06
2022,5,4,1,1,2,0.013912648
2022,5,4,1,1,3,0.000587004
2022,5,4,1,1,1,0.107409475
2022,5,4,2,4,1,1.23E-05
2022,5,4,2,16,2,0.001421155
2022,5,4,2,16,3,0.000693368
2022,5,4,2,16,1,0.015065021
2022,5,4,2,5,2,9.94E-07
2022,5,4,2,5,3,4.97E-06
2022,5,4,2,5,1,0.001422716
2022,5,4,2,5,4,6.96E-05
2022,5,4,2,1,2,0.004487795
2022,5,4,2,1,3,8.23E-05
2022,5,4,2,1,1,0.096141375
2022,5,4,3,5,1,8.44E-05
2022,5,4,3,5,4,3.12E-06
2022,5,4,3,1,2,0.000576047
2022,5,4,3,1,1,0.007106883
2022,5,4,4,7,2,3.54E-05
2022,5,4,4,7,3,1.04E-06
2022,5,4,4,7,1,0.000990233
2022,5,4,4,7,4,2.81E-05
2022,5,4,4,15,2,0.002474996
2022,5,4,4,15,3,3.10E-06
2022,5,4,4,15,1,0.025699599
2022,5,4,4,15,4,0.001308247
2022,5,4,4,16,2,6.16E-06
2022,5,4,4,16,1,0.002876644
2022,5,4,4,6,1,6.64E-06
2022,5,4,4,6,4,1.11E-06
2022,5,4,4,1,2,0.00025612
2022,5,4,4,1,3,2.92E-06
2022,5,4,4,1,1,0.024221394
2022,5,4,5,7,1,0.000859539
2022,5,4,5,7,4,9.00E-05
2022,5,4,5,16,1,0.0000196
2022,5,4,5,5,1,5.45E-05
2022,5,4,5,5,4,9.94E-06
2022,5,4,5,1,1,0.005400539
2022,5,4,6,5,2,0.000941117
2022,5,4,6,5,3,2.08E-06
2022,5,4,6,5,1,0.002207725
2022,5,4,6,5,4,0.000159106
2022,5,4,6,1,2,0.007826937
2022,5,4,6,1,3,0.000169165
2022,5,4,6,1,1,0.005524599
2022,5,4,7,3,3,4.69E-06
2022,5,4,9,16,2,0.000476183
2022,5,4,9,16,3,6.54E-05
2022,5,4,9,16,1,0.013355356
2022,5,4,9,1,2,0.000175607
2022,5,4,9,1,3,2.47E-05
2022,5,4,9,1,1,0.024226959
2022,5,4,10,1,2,3.54E-07
2022,5,4,10,1,3,1.77E-07
2022,5,4,10,1,1,9.20E-06
2022,5,5,6,2,2,1.06E-06
2022,5,5,6,2,1,0.000993435
2022,5,5,6,2,4,4.22E-05
2022,5,5,6,1,2,0.000154141
2022,5,5,6,1,3,1.03E-06
2022,5,5,6,1,1,0.018814923
2022,5,5,9,1,2,0.00057237
2022,5,5,9,1,3,1.35E-05
2022,5,5,9,1,1,0.016462028
2022,5,5,11,5,2,3.08E-06
2022,5,5,11,5,3,1.03E-06
2022,5,5,11,5,1,0.005673835
2022,5,5,11,5,4,0.000298082
2022,5,5,11,2,1,0.000322637
2022,5,5,11,2,4,1.64E-05
2022,5,5,11,1,2,0.000160503
2022,5,5,11,1,3,4.11E-06
2022,5,5,11,1,1,0.013431879
2022,5,5,1,7,1,3.09E-05
2022,5,5,1,7,4,1.63E-06
2022,5,5,1,15,3,1.04E-06
2022,5,5,1,15,1,0.002874378
2022,5,5,1,15,4,6.93E-05
2022,5,5,1,16,2,4.25E-06
2022,5,5,1,16,1,0.002720615
2022,5,5,1,1,2,0.005605005
2022,5,5,1,1,3,0.000914632
2022,5,5,1,1,1,0.042699819
2022,5,5,2,16,2,0.000121313
2022,5,5,2,16,3,1.02E-06
2022,5,5,2,16,1,0.009690741
2022,5,5,2,1,2,0.00016281
2022,5,5,2,1,3,8.91E-06
2022,5,5,2,1,1,0.04993159
2022,5,5,3,1,2,0.000393028
2022,5,5,3,1,1,0.001268336
2022,5,5,4,15,1,0.00067402
2022,5,5,4,15,4,1.54E-05
2022,5,5,4,1,2,5.18E-06
2022,5,5,4,1,3,4.20E-06
2022,5,5,4,1,1,0.003675699
2022,5,5,5,15,1,0.006850996
2022,5,5,5,15,4,0.000871373
2022,5,5,5,5,1,0.000172137
2022,5,5,5,5,4,2.33E-05
2022,5,5,5,1,2,0.000167462
2022,5,5,5,1,3,1.15E-05
2022,5,5,5,1,1,0.007758621
2022,5,6,2,1,2,2.09E-06
2022,5,6,2,1,1,0.002195312
2022,5,6,4,1,2,9.97E-05
2022,5,6,4,1,1,0.004600404
2022,5,6,5,16,1,5.67E-05
2022,5,6,5,5,1,0.000120802
2022,5,6,5,5,4,3.85E-05
2022,5,6,5,1,2,2.06E-06
2022,5,6,5,1,1,0.006200948
2022,5,6,7,1,2,0.000977791
2022,5,6,7,1,3,0.000169068
2022,5,6,7,1,1,0.005484232
2022,5,6,8,2,2,1.01E-06
2022,5,6,8,2,3,2.96E-06
2022,5,6,8,2,1,0.001238655
2022,5,6,8,2,4,0.000150448
2022,5,6,8,1,2,0.001195772
2022,5,6,8,1,3,0.001120433
2022,5,6,8,1,1,0.023013081
2022,5,6,9,1,2,0.000430135
2022,5,6,9,1,3,5.18E-06
2022,5,6,9,1,1,0.010843041
2022,5,6,11,2,1,0.000712842
2022,5,6,11,2,4,0.000186201
2022,5,6,11,1,2,0.000741118
2022,5,6,11,1,3,2.21E-05
2022,5,6,11,1,1,0.017934982
2022,5,7,6,1,2,0.000615375
2022,5,7,6,1,3,6.18E-05
2022,5,7,6,1,1,0.017274349
2022,5,7,7,16,3,0.000100234
2022,5,7,7,16,1,0.000599293
2022,5,7,7,1,2,0.000503904
2022,5,7,7,1,3,0.000550042
2022,5,7,7,1,1,0.029116485
2022,5,7,8,1,2,0.000814466
2022,5,7,8,1,3,0.000178252
2022,5,7,8,1,1,0.017286679
2022,5,7,9,16,2,0.000261827
2022,5,7,9,16,3,7.20E-05
2022,5,7,9,16,1,0.04399288
2022,5,7,9,5,1,5.69E-05
2022,5,7,9,5,4,1.02E-06
2022,5,7,9,6,1,0.000813648
2022,5,7,9,6,4,5.48E-05
2022,5,7,9,1,2,0.002313017
2022,5,7,9,1,3,0.000159296
2022,5,7,9,1,1,0.155317173
2022,5,7,10,1,2,1.32E-05
2022,5,7,10,1,1,0.009275307
2022,5,7,11,7,3,3.07E-06
2022,5,7,11,7,1,0.001236843
2022,5,7,11,7,4,7.95E-05
2022,5,7,11,15,1,0.000125811
2022,5,7,11,15,4,4.06E-06
2022,5,7,11,6,2,7.02E-07
2022,5,7,11,6,1,0.001290428
2022,5,7,11,6,4,4.06E-05
2022,5,7,11,1,2,1.52E-05
2022,5,7,11,1,1,0.000848117
2022,5,7,1,7,2,6.46E-05
2022,5,7,1,7,3,5.09E-05
2022,5,7,1,7,1,0.003087047
2022,5,7,1,7,4,0.000178428
2022,5,7,1,15,2,5.82E-05
2022,5,7,1,15,3,0.000172603
2022,5,7,1,15,1,0.000840246
2022,5,7,1,15,4,6.25E-05
2022,5,7,1,16,2,1.46E-05
2022,5,7,1,16,3,5.75E-05
2022,5,7,1,16,1,0.003300364
2022,5,7,1,5,2,0.000130718
2022,5,7,1,5,1,0.000713116
2022,5,7,1,5,4,6.22E-05
2022,5,7,1,6,3,0.000108951
2022,5,7,1,6,1,0.001172632
2022,5,7,1,6,4,0.000159496
2022,5,7,1,1,2,0.003880973
2022,5,7,1,1,3,0.000879854
2022,5,7,1,1,1,0.15115207
2022,5,7,2,1,2,0.002815845
2022,5,7,2,1,3,1.39E-05
2022,5,7,2,1,1,0.099963344
2022,5,7,3,1,2,0.000400404
2022,5,7,3,1,3,8.95E-07
2022,5,7,3,1,1,0.019305117
2022,5,7,4,7,3,2.06E-06
2022,5,7,4,7,1,0.001358252
2022,5,7,4,7,4,6.12E-05
2022,5,7,4,15,2,1.03E-06
2022,5,7,4,15,3,5.15E-06
2022,5,7,4,15,1,0.001316277
2022,5,7,4,15,4,6.68E-05
2022,5,7,4,5,2,2.10E-06
2022,5,7,4,5,1,0.000574049
2022,5,7,4,5,4,1.79E-05
2022,5,7,4,6,2,3.10E-07
2022,5,7,4,6,1,9.77E-05
2022,5,7,4,6,4,4.03E-06
2022,5,7,4,1,2,2.73E-07
2022,5,7,4,1,1,0.001724541
2022,5,8,6,1,2,0.001205811
2022,5,8,6,1,3,3.63E-05
2022,5,8,6,1,1,0.022633727
2022,5,8,7,3,3,0.000123414
2022,5,8,7,3,1,4.61E-06
2022,5,8,7,1,2,0.003701836
2022,5,8,7,1,3,0.000940886
2022,5,8,7,1,1,0.049545174
2022,5,8,8,1,2,0.000628087
2022,5,8,8,1,3,0.000352537
2022,5,8,8,1,1,0.025130967
2022,5,8,9,16,2,1.13E-05
2022,5,8,9,16,3,7.30E-06
2022,5,8,9,16,1,0.022538941
2022,5,8,9,5,3,1.02E-06
2022,5,8,9,5,1,0.001191138
2022,5,8,9,5,4,1.63E-05
2022,5,8,9,1,2,0.002214424
2022,5,8,9,1,3,6.50E-05
2022,5,8,9,1,1,0.214262625
2022,5,8,10,1,2,0.001658114
2022,5,8,10,1,3,3.08E-06
2022,5,8,10,1,1,0.056658017
2022,5,8,11,7,1,0.001960218
2022,5,8,11,7,4,0.000183788
2022,5,8,11,15,2,6.14E-05
2022,5,8,11,15,3,1.95E-07
2022,5,8,11,15,1,0.005126053
2022,5,8,11,15,4,0.000479425
2022,5,8,11,3,3,0.000282042
2022,5,8,11,16,2,1.13E-06
2022,5,8,11,16,3,0.000276969
2022,5,8,11,16,1,0.000905231
2022,5,8,11,5,2,0.000241339
2022,5,8,11,5,3,3.16E-06
2022,5,8,11,5,1,0.007979064
2022,5,8,11,5,4,0.00075168
2022,5,8,11,6,1,0.001416348
2022,5,8,11,6,4,0.000100085
2022,5,8,11,1,2,0.002919737
2022,5,8,11,1,3,0.001123623
2022,5,8,11,1,1,0.146246233
2022,5,8,1,7,3,4.61E-05
2022,5,8,1,7,1,0.000954497
2022,5,8,1,7,4,5.04E-05
2022,5,8,1,1,2,0.000355169
2022,5,8,1,1,3,1.97E-05
2022,5,8,1,1,1,0.067159102
2022,5,8,2,1,2,8.55E-06
2022,5,8,2,1,3,1.07E-06
2022,5,8,2,1,1,0.004953941
2022,5,8,3,1,2,4.01E-05
2022,5,8,3,1,3,1.02E-06
2022,5,8,3,1,1,0.008083873
2022,5,8,4,7,3,1.91E-05
2022,5,8,4,7,1,0.001802273
2022,5,8,4,7,4,0.000129146
2022,5,8,4,15,2,0.000272981
2022,5,8,4,15,3,1.28E-05
2022,5,8,4,15,1,0.034814351
2022,5,8,4,15,4,0.002159406
2022,5,8,4,14,4,1.03E-06
2022,5,8,4,16,1,0.000581185
2022,5,8,4,5,1,7.40E-06
2022,5,8,4,6,1,0.00000525
2022,5,8,4,6,4,0.000000875
2022,5,8,4,1,2,0.000867187
2022,5,8,4,1,3,2.07E-06
2022,5,8,4,1,1,0.054920993
2022,5,8,5,15,2,8.67E-07
2022,5,8,5,15,1,0.003596863
2022,5,8,5,15,4,0.000759607
2022,5,8,5,1,2,2.08E-06
2022,5,8,5,1,1,0.000393198
2022,6,1,2,1,2,1.06E-06
2022,6,1,2,1,1,0.000454188
2022,6,1,3,1,1,8.78E-05
2022,6,1,5,1,1,0.00038595
2022,6,1,7,16,2,1.02E-06
2022,6,1,7,16,1,0.001418622
2022,6,1,7,1,2,6.29E-06
2022,6,1,7,1,3,2.72E-05
2022,6,1,7,1,1,0.002533497
2022,6,1,8,2,1,4.25E-05
2022,6,1,8,2,4,1.01E-05
2022,6,1,8,1,2,0.000128179
2022,6,1,8,1,3,0.000129617
2022,6,1,8,1,1,0.005393003
2022,6,1,9,1,2,0.000183029
2022,6,1,9,1,3,1.62E-05
2022,6,1,9,1,1,0.011360132
2022,6,1,11,2,1,2.83E-05
2022,6,1,11,2,4,1.01E-06
2022,6,1,11,1,1,0.000390724
2022,6,2,1,1,2,0.000144215
2022,6,2,1,1,1,0.002040551
2022,6,2,2,1,1,8.55E-06
2022,6,2,3,4,1,3.18E-05
2022,6,2,3,1,2,2.78E-05
2022,6,2,3,1,1,0.00058899
2022,6,2,4,7,1,1.42E-06
2022,6,2,4,7,4,2.84E-07
2022,6,2,4,15,1,4.70E-05
2022,6,2,4,15,4,4.88E-06
2022,6,2,4,1,2,3.37E-05
2022,6,2,4,1,1,0.003313451
2022,6,2,5,16,1,0.0000011
2022,6,2,5,1,1,0.000533074
2022,6,2,6,2,2,2.11E-06
2022,6,2,6,2,1,0.000801774
2022,6,2,6,2,4,8.35E-05
2022,6,2,6,1,2,0.001086042
2022,6,2,6,1,3,0.000273318
2022,6,2,6,1,1,0.01312454
2022,6,2,7,15,3,8.96E-06
2022,6,2,7,15,1,0.000104525
2022,6,2,7,15,4,6.27E-05
2022,6,2,7,3,2,7.32E-05
2022,6,2,7,3,3,0.001064123
2022,6,2,7,3,1,0.005420269
2022,6,2,7,16,1,6.14E-05
2022,6,2,7,1,2,5.04E-05
2022,6,2,7,1,3,0.00015257
2022,6,2,7,1,1,0.009480605
2022,6,2,8,3,2,4.44E-07
2022,6,2,8,3,3,6.89E-07
2022,6,2,8,3,1,4.85E-05
2022,6,2,8,2,2,9.59E-07
2022,6,2,8,2,3,9.88E-07
2022,6,2,8,2,1,0.00201172
2022,6,2,8,2,4,0.000290133
2022,6,2,8,1,2,0.000199298
2022,6,2,8,1,3,0.000169699
2022,6,2,8,1,1,0.017135687
2022,6,2,9,16,1,0.000201814
2022,6,2,9,1,2,0.000267832
2022,6,2,9,1,3,7.28E-06
2022,6,2,9,1,1,0.012420718
2022,6,2,11,7,1,0.000149233
2022,6,2,11,7,4,4.83E-05
2022,6,2,11,15,3,2.89E-06
2022,6,2,11,15,1,0.00031212
2022,6,2,11,15,4,4.80E-05
2022,6,2,11,3,2,5.43E-09
2022,6,2,11,3,1,3.51E-06
2022,6,2,11,16,2,2.01E-06
2022,6,2,11,16,3,7.04E-06
2022,6,2,11,16,1,0.00164969
2022,6,2,11,2,1,0.00126151
2022,6,2,11,2,4,0.000200054
2022,6,2,11,1,2,1.11E-05
2022,6,2,11,1,3,2.08E-06
2022,6,2,11,1,1,0.007932401
2022,6,3,6,1,2,6.58E-05
2022,6,3,6,1,3,2.74E-06
2022,6,3,6,1,1,9.77E-05
2022,6,3,7,3,2,1.48E-06
2022,6,3,7,3,3,2.24E-06
2022,6,3,7,3,1,9.60E-06
2022,6,3,7,1,2,6.26E-05
2022,6,3,7,1,3,5.32E-05
2022,6,3,7,1,1,0.00034079
2022,6,3,10,1,1,6.51E-05
2022,6,3,1,1,2,0.000178079
2022,6,3,1,1,3,1.16E-06
2022,6,3,1,1,1,0.006706147
2022,6,3,2,16,2,5.29E-06
2022,6,3,2,16,1,0.001081353
2022,6,3,2,1,2,0.000915757
2022,6,3,2,1,3,3.29E-06
2022,6,3,2,1,1,0.010312424
2022,6,3,3,1,2,1.03E-06
2022,6,3,3,1,3,3.10E-06
2022,6,3,3,1,1,0.001112546
2022,6,3,4,5,1,0.000103988
2022,6,3,4,5,4,1.04E-05
2022,6,3,4,6,1,1.76E-05
2022,6,3,4,6,4,8.82E-06
2022,6,3,4,1,2,6.79E-05
2022,6,3,4,1,1,0.002851947
2022,6,3,5,7,1,9.86E-05
2022,6,3,5,7,4,1.66E-05
2022,6,3,5,1,1,0.000181522
2022,6,4,1,4,1,7.92E-05
2022,6,4,1,4,4,4.17E-06
2022,6,4,1,7,3,1.04E-06
2022,6,4,1,7,1,0.000145329
2022,6,4,1,7,4,2.07E-06
2022,6,4,1,16,1,0.000414012
2022,6,4,1,5,1,3.54E-05
2022,6,4,1,5,4,1.91E-06
2022,6,4,1,1,2,0.002697405
2022,6,4,1,1,3,0.000233627
2022,6,4,1,1,1,0.030951023
2022,6,4,2,4,1,1.03E-06
2022,6,4,2,16,2,5.08E-05
2022,6,4,2,16,3,8.32E-06
2022,6,4,2,16,1,0.003067957
2022,6,4,2,5,2,9.94E-07
2022,6,4,2,5,1,0.000147143
2022,6,4,2,5,4,9.94E-06
2022,6,4,2,1,2,0.000742617
2022,6,4,2,1,3,6.04E-05
2022,6,4,2,1,1,0.021142918
2022,6,4,3,5,1,6.25E-06
2022,6,4,3,1,2,6.89E-05
2022,6,4,3,1,1,0.000888021
2022,6,4,4,7,1,4.58E-05
2022,6,4,4,7,4,1.04E-05
2022,6,4,4,15,2,0.000536267
2022,6,4,4,15,3,2.05E-06
2022,6,4,4,15,1,0.002741228
2022,6,4,4,15,4,0.000127125
2022,6,4,4,16,2,3.08E-06
2022,6,4,4,16,1,0.000565311
2022,6,4,4,1,2,1.46E-05
2022,6,4,4,1,1,0.003936416
2022,6,4,5,7,1,8.05E-05
2022,6,4,5,7,4,7.24E-06
2022,6,4,5,16,1,2.06E-06
2022,6,4,5,5,1,3.35E-06
2022,6,4,5,1,1,0.000770017
2022,6,4,6,5,2,7.90E-05
2022,6,4,6,5,1,0.000300533
2022,6,4,6,5,4,8.94E-05
2022,6,4,6,1,2,0.001107175
2022,6,4,6,1,3,4.01E-05
2022,6,4,6,1,1,0.001429051
2022,6,4,9,16,2,5.71E-05
2022,6,4,9,16,3,1.45E-05
2022,6,4,9,16,1,0.002994348
2022,6,4,9,1,2,4.17E-06
2022,6,4,9,1,3,2.07E-06
2022,6,4,9,1,1,0.005947035
2022,6,4,10,1,1,2.48E-06
2022,6,5,6,2,1,0.000222758
2022,6,5,6,2,4,1.06E-05
2022,6,5,6,1,2,2.64E-05
2022,6,5,6,1,1,0.004509549
2022,6,5,9,1,2,8.48E-05
2022,6,5,9,1,3,2.14E-06
2022,6,5,9,1,1,0.004632429
2022,6,5,11,5,2,1.03E-06
2022,6,5,11,5,1,0.000960029
2022,6,5,11,5,4,3.29E-05
2022,6,5,11,2,1,0.000109943
2022,6,5,11,2,4,5.14E-06
2022,6,5,11,1,2,8.30E-06
2022,6,5,11,1,1,0.004092918
2022,6,5,1,7,1,1.63E-06
2022,6,5,1,15,3,1.04E-06
2022,6,5,1,15,1,0.000210389
2022,6,5,1,15,4,2.06E-06
2022,6,5,1,16,2,2.09E-06
2022,6,5,1,16,1,0.000474695
2022,6,5,1,1,2,0.000785882
2022,6,5,1,1,3,0.000115989
2022,6,5,1,1,1,0.010109908
2022,6,5,2,16,2,1.12E-05
2022,6,5,2,16,1,0.001565851
2022,6,5,2,1,2,3.24E-05
2022,6,5,2,1,3,4.08E-06
2022,6,5,2,1,1,0.009974971
2022,6,5,3,1,1,0.000162543
2022,6,5,4,15,1,2.56E-05
2022,6,5,4,1,2,1.04E-06
2022,6,5,4,1,3,1.05E-06
2022,6,5,4,1,1,0.000747691
2022,6,5,5,15,1,0.000683158
2022,6,5,5,15,4,8.22E-05
2022,6,5,5,5,1,1.16E-05
2022,6,5,5,5,4,1.04E-06
2022,6,5,5,1,1,0.000936359
2022,6,6,2,1,1,0.00030016
2022,6,6,4,1,1,0.000810933
2022,6,6,5,16,1,3.62E-06
2022,6,6,5,5,1,7.49E-06
2022,6,6,5,1,1,0.00091751
2022,6,6,7,1,2,0.000360322
2022,6,6,7,1,3,7.47E-05
2022,6,6,7,1,1,0.001842735
2022,6,6,8,2,1,0.000325407
2022,6,6,8,2,4,3.39E-05
2022,6,6,8,1,2,0.000155236
2022,6,6,8,1,3,0.000557809
2022,6,6,8,1,1,0.007640041
2022,6,6,9,1,2,0.000106092
2022,6,6,9,1,3,2.06E-06
2022,6,6,9,1,1,0.003840121
2022,6,6,11,2,1,0.000170184
2022,6,6,11,2,4,2.71E-05
2022,6,6,11,1,2,5.48E-05
2022,6,6,11,1,3,5.09E-06
2022,6,6,11,1,1,0.005398064
2022,6,7,6,1,2,0.000108676
2022,6,7,6,1,3,8.34E-06
2022,6,7,6,1,1,0.004029258
2022,6,7,7,16,3,4.11E-05
2022,6,7,7,16,1,0.000132942
2022,6,7,7,1,2,3.65E-05
2022,6,7,7,1,3,8.13E-05
2022,6,7,7,1,1,0.008986307
2022,6,7,8,1,2,0.000238317
2022,6,7,8,1,3,2.65E-05
2022,6,7,8,1,1,0.005487085
2022,6,7,9,16,2,3.99E-05
2022,6,7,9,16,1,0.007607677
2022,6,7,9,5,1,2.03E-06
2022,6,7,9,6,1,4.26E-05
2022,6,7,9,6,4,3.04E-06
2022,6,7,9,1,2,0.000214452
2022,6,7,9,1,3,5.14E-06
2022,6,7,9,1,1,0.029049116
2022,6,7,10,1,2,8.18E-06
2022,6,7,10,1,1,0.001150815
2022,6,7,11,7,3,1.02E-06
2022,6,7,11,7,1,0.000126567
2022,6,7,11,7,4,5.10E-06
2022,6,7,11,15,1,9.13E-06
2022,6,7,11,15,4,2.03E-06
2022,6,7,11,6,1,0.000122199
2022,6,7,11,6,4,6.79E-06
2022,6,7,11,1,2,1.03E-06
2022,6,7,11,1,1,0.000255125
2022,6,7,1,7,2,7.19E-06
2022,6,7,1,7,3,6.23E-06
2022,6,7,1,7,1,0.000437536
2022,6,7,1,7,4,2.70E-05
2022,6,7,1,15,2,2.86E-05
2022,6,7,1,15,3,2.12E-06
2022,6,7,1,15,1,0.000165095
2022,6,7,1,15,4,5.29E-06
2022,6,7,1,16,2,8.37E-06
2022,6,7,1,16,3,9.42E-06
2022,6,7,1,16,1,0.000666997
2022,6,7,1,5,2,2.24E-05
2022,6,7,1,5,1,8.10E-05
2022,6,7,1,5,4,4.47E-06
2022,6,7,1,6,3,8.99E-06
2022,6,7,1,6,1,0.000190946
2022,6,7,1,6,4,2.47E-05
2022,6,7,1,1,2,0.000821013
2022,6,7,1,1,3,0.000169248
2022,6,7,1,1,1,0.03996421
2022,6,7,2,1,2,0.000486261
2022,6,7,2,1,3,2.27E-05
2022,6,7,2,1,1,0.01719543
2022,6,7,3,1,2,2.11E-05
2022,6,7,3,1,3,2.69E-06
2022,6,7,3,1,1,0.002547459
2022,6,7,4,7,1,0.000150039
2022,6,7,4,7,4,1.87E-05
2022,6,7,4,15,1,9.37E-05
2022,6,7,4,15,4,6.17E-06
2022,6,7,4,5,1,6.94E-05
2022,6,7,4,5,4,9.46E-06
2022,6,7,4,6,1,9.62E-06
2022,6,7,4,6,4,3.10E-07
2022,6,7,4,1,1,0.000184013
2022,6,8,6,1,2,0.000327821
2022,6,8,6,1,3,2.48E-05
2022,6,8,6,1,1,0.005726995
2022,6,8,7,3,3,4.64E-05
2022,6,8,7,3,1,4.94E-06
2022,6,8,7,1,2,0.000542534
2022,6,8,7,1,3,0.000268788
2022,6,8,7,1,1,0.015340255
2022,6,8,8,1,2,0.000162347
2022,6,8,8,1,3,4.59E-05
2022,6,8,8,1,1,0.007686364
2022,6,8,9,16,2,7.25E-06
2022,6,8,9,16,3,3.17E-05
2022,6,8,9,16,1,0.00498441
2022,6,8,9,5,1,9.48E-05
2022,6,8,9,5,4,2.04E-06
2022,6,8,9,1,2,0.000483797
2022,6,8,9,1,3,2.59E-05
2022,6,8,9,1,1,0.051367064
2022,6,8,10,1,2,6.08E-05
2022,6,8,10,1,3,1.03E-06
2022,6,8,10,1,1,0.008597943
2022,6,8,11,7,1,0.000235224
2022,6,8,11,7,4,2.58E-05
2022,6,8,11,15,2,1.77E-05
2022,6,8,11,15,1,0.000457185
2022,6,8,11,15,4,2.95E-05
2022,6,8,11,3,3,1.05E-05
2022,6,8,11,3,1,6.58E-07
2022,6,8,11,16,3,4.31E-05
2022,6,8,11,16,1,0.000172344
2022,6,8,11,5,1,0.001082547
2022,6,8,11,5,4,0.000119504
2022,6,8,11,6,1,0.000187072
2022,6,8,11,6,4,1.60E-05
2022,6,8,11,1,2,0.000512512
2022,6,8,11,1,3,0.000278734
2022,6,8,11,1,1,0.02667189
2022,6,8,1,7,1,9.56E-05
2022,6,8,1,7,4,5.12E-06
2022,6,8,1,1,2,9.73E-05
2022,6,8,1,1,3,3.50E-06
2022,6,8,1,1,1,0.017169119
2022,6,8,2,1,2,6.41E-06
2022,6,8,2,1,1,0.000912659
2022,6,8,3,1,2,2.05E-06
2022,6,8,3,1,1,0.001227826
2022,6,8,4,7,1,0.000180747
2022,6,8,4,7,4,1.52E-05
2022,6,8,4,15,2,9.45E-05
2022,6,8,4,15,3,3.06E-06
2022,6,8,4,15,1,0.003232138
2022,6,8,4,15,4,0.000142377
2022,6,8,4,16,1,0.000103819
2022,6,8,4,6,1,0.000000875
2022,6,8,4,1,2,9.21E-06
2022,6,8,4,1,1,0.008631823
2022,6,8,5,15,1,0.000327776
2022,6,8,5,15,4,5.55E-05
2022,6,8,5,1,1,3.65E-05
2022,7,1,2,1,2,6.38E-06
2022,7,1,2,1,1,0.00157867
2022,7,1,3,1,2,9.43E-06
2022,7,1,3,1,1,0.000255903
2022,7,1,5,1,2,3.90E-05
2022,7,1,5,1,1,0.00154962
2022,7,1,7,16,2,3.87E-05
2022,7,1,7,16,3,1.83E-05
2022,7,1,7,16,1,0.003355979
2022,7,1,7,1,2,0.000378349
2022,7,1,7,1,3,2.68E-05
2022,7,1,7,1,1,0.005493183
2022,7,1,8,2,2,1.02E-06
2022,7,1,8,2,1,0.000116729
2022,7,1,8,2,4,1.22E-05
2022,7,1,8,1,2,0.001279556
2022,7,1,8,1,3,0.000146932
2022,7,1,8,1,1,0.015281182
2022,7,1,9,1,2,0.004522837
2022,7,1,9,1,3,8.61E-06
2022,7,1,9,1,1,0.026684772
2022,7,1,11,2,1,7.98E-05
2022,7,1,11,2,4,1.11E-05
2022,7,1,11,1,2,1.99E-06
2022,7,1,11,1,1,0.000872151
2022,7,2,1,1,2,0.003691184
2022,7,2,1,1,3,5.20E-06
2022,7,2,1,1,1,0.006853003
2022,7,2,2,1,2,2.10E-06
2022,7,2,2,1,1,2.61E-05
2022,7,2,3,4,2,1.03E-06
2022,7,2,3,4,1,0.00018157
2022,7,2,3,4,4,7.18E-06
2022,7,2,3,1,2,0.000701076
2022,7,2,3,1,1,0.002431554
2022,7,2,4,7,1,8.51E-06
2022,7,2,4,7,4,1.42E-07
2022,7,2,4,15,1,0.000218183
2022,7,2,4,15,4,7.06E-06
2022,7,2,4,1,2,0.000647596
2022,7,2,4,1,3,2.10E-06
2022,7,2,4,1,1,0.009470665
2022,7,2,5,16,1,0.0000022
2022,7,2,5,1,2,9.53E-06
2022,7,2,5,1,3,1.04E-06
2022,7,2,5,1,1,0.00193231
2022,7,2,6,2,2,4.22E-05
2022,7,2,6,2,1,0.004114215
2022,7,2,6,2,4,0.000383356
2022,7,2,6,1,2,0.01252447
2022,7,2,6,1,3,0.000519727
2022,7,2,6,1,1,0.047023276
2022,7,2,7,15,2,5.97E-06
2022,7,2,7,15,3,5.97E-06
2022,7,2,7,15,1,0.000287693
2022,7,2,7,15,4,0.000181177
2022,7,2,7,3,2,0.001768376
2022,7,2,7,3,3,0.002105385
2022,7,2,7,3,1,0.016901207
2022,7,2,7,16,2,1.02E-06
2022,7,2,7,16,3,1.43E-05
2022,7,2,7,16,1,0.000423851
2022,7,2,7,1,2,0.001292984
2022,7,2,7,1,3,0.000468704
2022,7,2,7,1,1,0.031156592
2022,7,2,8,3,2,9.87E-06
2022,7,2,8,3,3,2.59E-06
2022,7,2,8,3,1,0.000174065
2022,7,2,8,2,2,1.78E-05
2022,7,2,8,2,3,3.97E-06
2022,7,2,8,2,1,0.006253623
2022,7,2,8,2,4,0.000777001
2022,7,2,8,1,2,0.003134816
2022,7,2,8,1,3,0.000829612
2022,7,2,8,1,1,0.065995457
2022,7,2,9,16,2,4.06E-06
2022,7,2,9,16,3,1.27E-06
2022,7,2,9,16,1,0.000855625
2022,7,2,9,1,2,0.004609748
2022,7,2,9,1,3,6.44E-05
2022,7,2,9,1,1,0.031193282
2022,7,2,11,7,3,1.04E-05
2022,7,2,11,7,1,0.000468402
2022,7,2,11,7,4,0.000145783
2022,7,2,11,15,2,2.96E-06
2022,7,2,11,15,3,1.93E-06
2022,7,2,11,15,1,0.00113036
2022,7,2,11,15,4,0.000144784
2022,7,2,11,3,2,2.56E-09
2022,7,2,11,3,1,8.99E-06
2022,7,2,11,16,2,2.17E-05
2022,7,2,11,16,3,1.31E-05
2022,7,2,11,16,1,0.00605939
2022,7,2,11,2,2,9.59E-07
2022,7,2,11,2,1,0.003728976
2022,7,2,11,2,4,0.000570476
2022,7,2,11,1,2,0.000208611
2022,7,2,11,1,3,2.90E-06
2022,7,2,11,1,1,0.024893108
2022,7,3,6,1,2,0.000584578
2022,7,3,6,1,3,1.37E-05
2022,7,3,6,1,1,0.000229264
2022,7,3,7,3,2,1.24E-05
2022,7,3,7,3,3,3.63E-06
2022,7,3,7,3,1,2.03E-05
2022,7,3,7,1,2,0.000454567
2022,7,3,7,1,3,0.000132754
2022,7,3,7,1,1,0.000632798
2022,7,3,10,1,2,2.90E-06
2022,7,3,10,1,1,0.000490508
2022,7,3,1,1,2,0.002763105
2022,7,3,1,1,3,2.33E-06
2022,7,3,1,1,1,0.016656967
2022,7,3,2,16,2,0.000357217
2022,7,3,2,16,3,1.06E-06
2022,7,3,2,16,1,0.003275809
2022,7,3,2,1,2,0.015932549
2022,7,3,2,1,3,7.80E-06
2022,7,3,2,1,1,0.032620005
2022,7,3,3,1,2,0.000192165
2022,7,3,3,1,3,5.17E-06
2022,7,3,3,1,1,0.004129914
2022,7,3,4,14,4,2.05E-06
2022,7,3,4,5,2,2.25E-06
2022,7,3,4,5,1,0.000458925
2022,7,3,4,5,4,1.51E-05
2022,7,3,4,6,1,4.41E-05
2022,7,3,4,1,2,0.001426454
2022,7,3,4,1,1,0.010654937
2022,7,3,5,7,2,3.10E-06
2022,7,3,5,7,1,0.000626728
2022,7,3,5,7,4,6.94E-05
2022,7,3,5,1,2,7.39E-07
2022,7,3,5,1,1,0.000790224
2022,7,4,1,4,2,2.08E-06
2022,7,4,1,4,3,3.13E-06
2022,7,4,1,4,1,0.000310524
2022,7,4,1,4,4,5.21E-06
2022,7,4,1,7,2,1.04E-06
2022,7,4,1,7,1,0.000400057
2022,7,4,1,7,4,1.25E-05
2022,7,4,1,16,2,4.17E-06
2022,7,4,1,16,1,0.000822903
2022,7,4,1,5,2,7.66E-06
2022,7,4,1,5,1,6.13E-05
2022,7,4,1,5,4,1.91E-06
2022,7,4,1,1,2,0.043740847
2022,7,4,1,1,3,0.000315446
2022,7,4,1,1,1,0.07214301
2022,7,4,2,4,2,8.21E-06
2022,7,4,2,4,1,2.05E-06
2022,7,4,2,16,2,0.000921828
2022,7,4,2,16,3,6.23E-06
2022,7,4,2,16,1,0.007042288
2022,7,4,2,5,2,4.08E-05
2022,7,4,2,5,1,0.000401661
2022,7,4,2,5,4,1.99E-05
2022,7,4,2,1,2,0.014707017
2022,7,4,2,1,3,1.04E-05
2022,7,4,2,1,1,0.052252748
2022,7,4,3,5,1,2.50E-05
2022,7,4,3,5,4,2.08E-06
2022,7,4,3,1,2,0.003641445
2022,7,4,3,1,1,0.003536837
2022,7,4,4,7,2,0.000154984
2022,7,4,4,7,1,0.000468072
2022,7,4,4,7,4,1.98E-05
2022,7,4,4,15,2,0.004154785
2022,7,4,4,15,3,2.05E-06
2022,7,4,4,15,1,0.01133666
2022,7,4,4,15,4,0.000404009
2022,7,4,4,16,2,2.47E-05
2022,7,4,4,16,1,0.001199933
2022,7,4,4,5,1,4.15E-06
2022,7,4,4,6,1,1.11E-06
2022,7,4,4,1,2,0.000693861
2022,7,4,4,1,3,1.78E-06
2022,7,4,4,1,1,0.015125759
2022,7,4,5,7,1,0.000383866
2022,7,4,5,7,4,3.11E-05
2022,7,4,5,16,1,5.16E-06
2022,7,4,5,5,1,1.66E-05
2022,7,4,5,5,4,2.24E-06
2022,7,4,5,1,2,4.16E-06
2022,7,4,5,1,1,0.002857946
2022,7,4,6,5,2,0.002581052
2022,7,4,6,5,3,1.04E-06
2022,7,4,6,5,1,0.00079657
2022,7,4,6,5,4,7.07E-05
2022,7,4,6,1,2,0.023490171
2022,7,4,6,1,3,6.27E-05
2022,7,4,6,1,1,0.00222177
2022,7,4,7,3,3,1.41E-05
2022,7,4,9,16,2,0.0006014
2022,7,4,9,16,3,1.77E-05
2022,7,4,9,16,1,0.00704398
2022,7,4,9,1,2,9.39E-05
2022,7,4,9,1,1,0.011113742
2022,7,4,10,1,2,1.42E-06
2022,7,4,10,1,1,4.95E-06
2022,7,5,6,2,1,0.000490911
2022,7,5,6,2,4,2.01E-05
2022,7,5,6,1,2,0.000565658
2022,7,5,6,1,1,0.009944327
2022,7,5,9,1,2,0.002485612
2022,7,5,9,1,1,0.013123799
2022,7,5,11,5,2,4.52E-05
2022,7,5,11,5,1,0.002219168
2022,7,5,11,5,4,0.000124372
2022,7,5,11,2,1,0.000291811
2022,7,5,11,2,4,1.75E-05
2022,7,5,11,1,2,0.000148025
2022,7,5,11,1,1,0.006966824
2022,7,5,1,7,1,8.14E-07
2022,7,5,1,15,1,0.000741012
2022,7,5,1,15,4,3.62E-05
2022,7,5,1,16,2,4.15E-05
2022,7,5,1,16,1,0.000897416
2022,7,5,1,1,2,0.013346154
2022,7,5,1,1,3,0.000223807
2022,7,5,1,1,1,0.026422071
2022,7,5,2,16,2,0.000232431
2022,7,5,2,16,1,0.004427403
2022,7,5,2,1,2,0.000997846
2022,7,5,2,1,3,1.02E-06
2022,7,5,2,1,1,0.02566875
2022,7,5,3,1,2,5.54E-05
2022,7,5,3,1,1,0.000640193
2022,7,5,4,15,1,0.000141575
2022,7,5,4,15,4,1.44E-05
2022,7,5,4,1,2,6.22E-06
2022,7,5,4,1,1,0.001960826
2022,7,5,5,15,2,4.13E-06
2022,7,5,5,15,1,0.002893952
2022,7,5,5,15,4,0.000304187
2022,7,5,5,5,1,6.53E-05
2022,7,5,5,5,4,9.41E-06
2022,7,5,5,1,2,0.000494181
2022,7,5,5,1,1,0.003450451
2022,7,6,2,1,2,1.77E-05
2022,7,6,2,1,1,0.00123858
2022,7,6,4,1,2,2.52E-05
2022,7,6,4,1,1,0.002404801
2022,7,6,5,16,1,3.01E-05
2022,7,6,5,5,1,3.74E-05
2022,7,6,5,5,4,1.07E-05
2022,7,6,5,1,2,2.35E-05
2022,7,6,5,1,1,0.002779935
2022,7,6,7,1,2,0.003086832
2022,7,6,7,1,3,0.000130854
2022,7,6,7,1,1,0.008412699
2022,7,6,8,2,3,1.01E-06
2022,7,6,8,2,1,0.001199184
2022,7,6,8,2,4,9.46E-05
2022,7,6,8,1,2,0.002670096
2022,7,6,8,1,3,0.0024705
2022,7,6,8,1,1,0.022857835
2022,7,6,9,1,2,0.002244678
2022,7,6,9,1,3,4.15E-06
2022,7,6,9,1,1,0.009375462
2022,7,6,11,2,3,9.69E-07
2022,7,6,11,2,1,0.00071979
2022,7,6,11,2,4,0.000104269
2022,7,6,11,1,2,0.001543812
2022,7,6,11,1,3,2.02E-06
2022,7,6,11,1,1,0.019775289
2022,7,7,6,1,2,0.003768902
2022,7,7,6,1,3,3.09E-06
2022,7,7,6,1,1,0.009532068
2022,7,7,7,16,2,6.33E-06
2022,7,7,7,16,1,0.000102344
2022,7,7,7,1,2,0.001666924
2022,7,7,7,1,3,4.13E-05
2022,7,7,7,1,1,0.020144889
2022,7,7,8,1,2,0.003373106
2022,7,7,8,1,3,8.15E-05
2022,7,7,8,1,1,0.007158287
2022,7,7,9,16,2,0.000640638
2022,7,7,9,16,1,0.017023143
2022,7,7,9,5,1,7.11E-06
2022,7,7,9,6,2,2.03E-06
2022,7,7,9,6,1,0.000163338
2022,7,7,9,6,4,2.03E-05
2022,7,7,9,1,2,0.009784297
2022,7,7,9,1,3,7.53E-07
2022,7,7,9,1,1,0.056686203
2022,7,7,10,1,2,0.00038857
2022,7,7,10,1,1,0.004366233
2022,7,7,11,7,2,1.02E-06
2022,7,7,11,7,1,0.000369175
2022,7,7,11,7,4,9.16E-06
2022,7,7,11,15,1,2.84E-05
2022,7,7,11,6,1,0.000283016
2022,7,7,11,6,4,1.49E-05
2022,7,7,11,1,2,9.19E-06
2022,7,7,11,1,1,0.000439063
2022,7,7,1,7,2,0.000615594
2022,7,7,1,7,3,1.35E-05
2022,7,7,1,7,1,0.001119816
2022,7,7,1,7,4,9.86E-05
2022,7,7,1,15,2,0.000181074
2022,7,7,1,15,3,4.45E-05
2022,7,7,1,15,1,0.000304752
2022,7,7,1,15,4,2.86E-05
2022,7,7,1,16,2,4.31E-05
2022,7,7,1,16,3,3.24E-05
2022,7,7,1,16,1,0.001202453
2022,7,7,1,5,2,0.00106207
2022,7,7,1,5,1,0.000190714
2022,7,7,1,5,4,4.34E-06
2022,7,7,1,6,2,3.37E-06
2022,7,7,1,6,3,3.82E-05
2022,7,7,1,6,1,0.000479611
2022,7,7,1,6,4,8.54E-05
2022,7,7,1,1,2,0.01602395
2022,7,7,1,1,3,0.000501814
2022,7,7,1,1,1,0.103856627
2022,7,7,2,1,2,0.007279895
2022,7,7,2,1,3,7.48E-06
2022,7,7,2,1,1,0.049783126
2022,7,7,3,1,2,0.001631766
2022,7,7,3,1,3,8.95E-07
2022,7,7,3,1,1,0.00914099
2022,7,7,4,7,1,0.000533994
2022,7,7,4,7,4,1.66E-05
2022,7,7,4,15,1,0.00047799
2022,7,7,4,15,4,2.16E-05
2022,7,7,4,5,2,1.05E-06
2022,7,7,4,5,1,0.000257586
2022,7,7,4,5,4,1.47E-05
2022,7,7,4,6,1,2.82E-05
2022,7,7,4,6,4,4.34E-06
2022,7,7,4,1,2,1.64E-06
2022,7,7,4,1,3,2.73E-07
2022,7,7,4,1,1,0.000726237
2022,7,8,6,1,2,0.007342106
2022,7,8,6,1,3,1.12E-05
2022,7,8,6,1,1,0.016478628
2022,7,8,7,3,2,3.29E-07
2022,7,8,7,3,3,1.65E-06
2022,7,8,7,3,1,9.87E-06
2022,7,8,7,1,2,0.012630666
2022,7,8,7,1,3,0.00049796
2022,7,8,7,1,1,0.04213283
2022,7,8,8,1,2,0.003062898
2022,7,8,8,1,3,0.000236565
2022,7,8,8,1,1,0.020889449
2022,7,8,9,16,2,7.19E-05
2022,7,8,9,16,3,1.05E-06
2022,7,8,9,16,1,0.00981786
2022,7,8,9,5,2,1.02E-06
2022,7,8,9,5,1,0.000193637
2022,7,8,9,5,4,6.11E-06
2022,7,8,9,1,2,0.010835153
2022,7,8,9,1,3,1.53E-05
2022,7,8,9,1,1,0.109718189
2022,7,8,10,1,2,0.005440577
2022,7,8,10,1,3,3.62E-06
2022,7,8,10,1,1,0.028112285
2022,7,8,11,7,2,8.19E-06
2022,7,8,11,7,1,0.000857872
2022,7,8,11,7,4,6.70E-05
2022,7,8,11,15,2,0.00018231
2022,7,8,11,15,1,0.002414434
2022,7,8,11,15,4,0.000151242
2022,7,8,11,3,2,3.29E-06
2022,7,8,11,3,3,4.05E-05
2022,7,8,11,16,2,7.91E-06
2022,7,8,11,16,3,0.00010426
2022,7,8,11,16,1,0.000445091
2022,7,8,11,5,2,8.56E-06
2022,7,8,11,5,1,0.003469286
2022,7,8,11,5,4,0.000375424
2022,7,8,11,6,1,0.000459938
2022,7,8,11,6,4,1.97E-05
2022,7,8,11,1,2,0.011578589
2022,7,8,11,1,3,0.000296196
2022,7,8,11,1,1,0.083998247
2022,7,8,1,7,2,6.83E-06
2022,7,8,1,7,3,8.54E-07
2022,7,8,1,7,1,0.000478102
2022,7,8,1,7,4,1.79E-05
2022,7,8,1,1,2,0.002119
2022,7,8,1,1,3,1.80E-05
2022,7,8,1,1,1,0.036871217
2022,7,8,2,1,2,0.00012172
2022,7,8,2,1,1,0.003032425
2022,7,8,3,1,2,0.000353028
2022,7,8,3,1,1,0.005179591
2022,7,8,4,7,2,6.54E-06
2022,7,8,4,7,1,0.000632873
2022,7,8,4,7,4,3.52E-05
2022,7,8,4,15,2,0.000758247
2022,7,8,4,15,3,1.05E-06
2022,7,8,4,15,1,0.014829738
2022,7,8,4,15,4,0.000663032
2022,7,8,4,14,4,4.21E-06
2022,7,8,4,16,1,0.00037151
2022,7,8,4,5,1,2.11E-06
2022,7,8,4,6,1,0.000000875
2022,7,8,4,6,4,0.000000875
2022,7,8,4,1,2,0.001369879
2022,7,8,4,1,1,0.034041152
2022,7,8,5,15,2,1.73E-06
2022,7,8,5,15,1,0.001598991
2022,7,8,5,15,4,0.000261874
2022,7,8,5,1,1,0.000147327
2022,8,1,2,1,2,7.45E-06
2022,8,1,2,1,3,1.05E-06
2022,8,1,2,1,1,0.000959565
2022,8,1,3,1,1,0.000230594
2022,8,1,5,1,2,1.01E-05
2022,8,1,5,1,1,0.000933673
2022,8,1,7,16,3,4.38E-05
2022,8,1,7,16,1,0.002279783
2022,8,1,7,1,2,1.19E-05
2022,8,1,7,1,3,8.55E-05
2022,8,1,7,1,1,0.003783899
2022,8,1,8,2,3,7.17E-06
2022,8,1,8,2,1,0.000234569
2022,8,1,8,2,4,3.15E-05
2022,8,1,8,1,2,0.000204617
2022,8,1,8,1,3,0.00027335
2022,8,1,8,1,1,0.007177999
2022,8,1,9,1,2,0.000626532
2022,8,1,9,1,3,7.39E-05
2022,8,1,9,1,1,0.021883933
2022,8,1,11,2,1,0.000274867
2022,8,1,11,2,4,3.84E-05
2022,8,1,11,1,2,3.99E-06
2022,8,1,11,1,3,2.99E-06
2022,8,1,11,1,1,0.001524022
2022,8,2,1,1,2,0.000861688
2022,8,2,1,1,3,6.24E-06
2022,8,2,1,1,1,0.00208967
2022,8,2,2,1,1,2.20E-06
2022,8,2,3,4,1,0.000233886
2022,8,2,3,4,4,1.13E-05
2022,8,2,3,1,2,3.81E-05
2022,8,2,3,1,1,0.001227326
2022,8,2,4,7,1,5.95E-06
2022,8,2,4,7,4,4.25E-07
2022,8,2,4,15,1,0.000206137
2022,8,2,4,15,4,1.09E-05
2022,8,2,4,1,2,0.000217329
2022,8,2,4,1,3,3.19E-06
2022,8,2,4,1,1,0.003910511
2022,8,2,5,16,1,0.0000011
2022,8,2,5,1,2,2.73E-05
2022,8,2,5,1,1,0.00110534
2022,8,2,6,2,2,2.22E-05
2022,8,2,6,2,3,2.12E-06
2022,8,2,6,2,1,0.003108153
2022,8,2,6,2,4,0.000479551
2022,8,2,6,1,2,0.002574567
2022,8,2,6,1,3,0.000341144
2022,8,2,6,1,1,0.02088929
2022,8,2,7,15,2,9.95E-07
2022,8,2,7,15,3,1.79E-05
2022,8,2,7,15,1,0.000232942
2022,8,2,7,15,4,0.000152308
2022,8,2,7,3,2,0.000818833
2022,8,2,7,3,3,0.000663865
2022,8,2,7,3,1,0.002513144
2022,8,2,7,16,2,3.07E-06
2022,8,2,7,16,3,5.12E-06
2022,8,2,7,16,1,5.94E-05
2022,8,2,7,1,2,6.02E-05
2022,8,2,7,1,3,0.00125324
2022,8,2,7,1,1,0.014443329
2022,8,2,8,3,2,2.11E-05
2022,8,2,8,3,3,7.49E-07
2022,8,2,8,3,1,5.36E-05
2022,8,2,8,2,2,3.95E-06
2022,8,2,8,2,3,6.86E-06
2022,8,2,8,2,1,0.003630172
2022,8,2,8,2,4,0.000698822
2022,8,2,8,1,2,0.003949669
2022,8,2,8,1,3,0.000308493
2022,8,2,8,1,1,0.021071693
2022,8,2,9,16,2,1.01E-06
2022,8,2,9,16,1,0.000254533
2022,8,2,9,1,2,0.000718972
2022,8,2,9,1,3,4.36E-05
2022,8,2,9,1,1,0.016220453
2022,8,2,11,7,3,2.67E-05
2022,8,2,11,7,1,0.000383866
2022,8,2,11,7,4,0.000150958
2022,8,2,11,15,2,1.35E-06
2022,8,2,11,15,3,5.79E-06
2022,8,2,11,15,1,0.001946764
2022,8,2,11,15,4,0.000282352
2022,8,2,11,3,2,1.49E-09
2022,8,2,11,3,1,2.82E-06
2022,8,2,11,16,2,1.01E-06
2022,8,2,11,16,3,9.86E-05
2022,8,2,11,16,1,0.004020366
2022,8,2,11,2,2,3.08E-06
2022,8,2,11,2,1,0.002302144
2022,8,2,11,2,4,0.000425615
2022,8,2,11,1,2,2.95E-05
2022,8,2,11,1,3,2.99E-06
2022,8,2,11,1,1,0.011140857
2022,8,3,6,1,2,7.12E-05
2022,8,3,6,1,3,1.74E-05
2022,8,3,6,1,1,0.000178114
2022,8,3,7,3,2,2.92E-07
2022,8,3,7,3,3,6.81E-06
2022,8,3,7,3,1,1.34E-05
2022,8,3,7,1,2,1.12E-05
2022,8,3,7,1,3,0.000175882
2022,8,3,7,1,1,0.000409461
2022,8,3,10,1,1,0.000312739
2022,8,3,1,1,2,0.00046368
2022,8,3,1,1,3,1.41E-06
2022,8,3,1,1,1,0.005112905
2022,8,3,2,16,2,0.000115384
2022,8,3,2,16,3,7.41E-06
2022,8,3,2,16,1,0.002468799
2022,8,3,2,1,2,0.002454444
2022,8,3,2,1,3,1.56E-05
2022,8,3,2,1,1,0.01305505
2022,8,3,3,1,2,0.000222832
2022,8,3,3,1,1,0.002535396
2022,8,3,4,14,1,2.05E-06
2022,8,3,4,14,4,1.03E-06
2022,8,3,4,5,2,2.69E-05
2022,8,3,4,5,1,0.000327842
2022,8,3,4,5,4,3.12E-05
2022,8,3,4,6,1,2.65E-05
2022,8,3,4,6,4,1.76E-05
2022,8,3,4,1,2,0.000248026
2022,8,3,4,1,1,0.004548079
2022,8,3,5,7,1,0.000391843
2022,8,3,5,7,4,8.11E-05
2022,8,3,5,1,1,0.000428626
2022,8,4,1,4,3,4.17E-06
2022,8,4,1,4,1,0.000487669
2022,8,4,1,4,4,3.96E-05
2022,8,4,1,7,3,2.09E-06
2022,8,4,1,7,1,0.000781193
2022,8,4,1,7,4,3.12E-05
2022,8,4,1,16,1,0.000784188
2022,8,4,1,5,1,0.00013688
2022,8,4,1,5,4,3.83E-06
2022,8,4,1,1,2,0.009140009
2022,8,4,1,1,3,0.000291007
2022,8,4,1,1,1,0.028799714
2022,8,4,2,4,2,1.03E-06
2022,8,4,2,4,1,1.03E-05
2022,8,4,2,4,4,1.13E-05
2022,8,4,2,16,2,0.000375495
2022,8,4,2,16,3,4.25E-05
2022,8,4,2,16,1,0.005650993
2022,8,4,2,5,2,4.97E-06
2022,8,4,2,5,3,3.98E-06
2022,8,4,2,5,1,0.000438447
2022,8,4,2,5,4,2.09E-05
2022,8,4,2,1,2,0.002638354
2022,8,4,2,1,3,3.13E-05
2022,8,4,2,1,1,0.024236075
2022,8,4,3,5,1,6.77E-05
2022,8,4,3,1,2,0.000290743
2022,8,4,3,1,3,1.04E-06
2022,8,4,3,1,1,0.002198302
2022,8,4,4,7,2,6.24E-06
2022,8,4,4,7,1,0.00058457
2022,8,4,4,7,4,3.33E-05
2022,8,4,4,15,2,0.001468754
2022,8,4,4,15,3,2.06E-06
2022,8,4,4,15,1,0.011818231
2022,8,4,4,15,4,0.000718706
2022,8,4,4,16,2,4.12E-06
2022,8,4,4,16,1,0.000878195
2022,8,4,4,5,1,3.11E-06
2022,8,4,4,6,1,3.32E-06
2022,8,4,4,6,4,1.11E-06
2022,8,4,4,1,2,0.00011923
2022,8,4,4,1,1,0.005113685
2022,8,4,5,7,1,0.000426279
2022,8,4,5,7,4,7.57E-05
2022,8,4,5,16,1,5.16E-06
2022,8,4,5,5,1,1.01E-05
2022,8,4,5,5,4,7.71E-06
2022,8,4,5,1,1,0.001389098
2022,8,4,6,5,2,0.000501236
2022,8,4,6,5,3,1.87E-05
2022,8,4,6,5,1,0.000706098
2022,8,4,6,5,4,6.66E-05
2022,8,4,6,1,2,0.003428854
2022,8,4,6,1,3,3.38E-05
2022,8,4,6,1,1,0.001364369
2022,8,4,7,3,3,1.79E-05
2022,8,4,9,16,2,0.000167992
2022,8,4,9,16,3,0.000147528
2022,8,4,9,16,1,0.004486891
2022,8,4,9,1,2,2.16E-05
2022,8,4,9,1,3,1.02E-06
2022,8,4,9,1,1,0.005045371
2022,8,4,10,1,1,7.08E-06
2022,8,5,6,2,2,4.22E-06
2022,8,5,6,2,1,0.000509914
2022,8,5,6,2,4,2.53E-05
2022,8,5,6,1,2,9.10E-05
2022,8,5,6,1,3,4.12E-06
2022,8,5,6,1,1,0.005619224
2022,8,5,9,1,2,0.000976686
2022,8,5,9,1,3,1.03E-05
2022,8,5,9,1,1,0.009078107
2022,8,5,11,5,2,1.75E-05
2022,8,5,11,5,1,0.002412408
2022,8,5,11,5,4,0.000117177
2022,8,5,11,2,1,0.000359627
2022,8,5,11,2,4,4.21E-05
2022,8,5,11,1,2,0.000115095
2022,8,5,11,1,1,0.007891978
2022,8,5,1,7,1,9.77E-06
2022,8,5,1,15,1,0.001263185
2022,8,5,1,15,4,6.09E-05
2022,8,5,1,16,2,2.14E-06
2022,8,5,1,16,1,0.00100719
2022,8,5,1,1,2,0.002863853
2022,8,5,1,1,3,9.50E-05
2022,8,5,1,1,1,0.010875893
2022,8,5,2,16,2,4.08E-05
2022,8,5,2,16,1,0.002572032
2022,8,5,2,1,2,5.31E-05
2022,8,5,2,1,3,2.04E-06
2022,8,5,2,1,1,0.011982085
2022,8,5,3,1,2,1.02E-05
2022,8,5,3,1,1,0.000327552
2022,8,5,4,15,1,0.000427803
2022,8,5,4,15,4,1.13E-05
2022,8,5,4,1,2,2.07E-06
2022,8,5,4,1,1,0.000699751
2022,8,5,5,15,1,0.002581907
2022,8,5,5,15,4,0.000602636
2022,8,5,5,5,1,4.02E-05
2022,8,5,5,5,4,9.38E-06
2022,8,5,5,1,2,4.10E-05
2022,8,5,5,1,1,0.001337578
2022,8,6,2,1,2,1.44E-05
2022,8,6,2,1,1,0.000688759
2022,8,6,4,1,2,1.75E-05
2022,8,6,4,1,1,0.001353161
2022,8,6,5,16,1,2.53E-05
2022,8,6,5,5,1,2.79E-05
2022,8,6,5,5,4,0.000103811
2022,8,6,5,1,2,6.21E-06
2022,8,6,5,1,1,0.001754981
2022,8,6,7,1,2,0.001268642
2022,8,6,7,1,3,0.000245017
2022,8,6,7,1,1,0.001745132
2022,8,6,8,2,1,0.000761643
2022,8,6,8,2,4,0.000102667
2022,8,6,8,1,2,0.001345408
2022,8,6,8,1,3,0.000470427
2022,8,6,8,1,1,0.006950843
2022,8,6,9,1,2,0.000218255
2022,8,6,9,1,1,0.002315122
2022,8,6,11,2,1,0.000415006
2022,8,6,11,2,4,0.00010556
2022,8,6,11,1,2,0.000888089
2022,8,6,11,1,3,2.41E-05
2022,8,6,11,1,1,0.006642905
2022,8,7,6,1,2,0.000748571
2022,8,7,6,1,3,3.19E-05
2022,8,7,6,1,1,0.007063432
2022,8,7,7,16,2,2.11E-06
2022,8,7,7,16,3,4.75E-05
2022,8,7,7,16,1,0.00051172
2022,8,7,7,1,2,0.000555198
2022,8,7,7,1,3,0.000226738
2022,8,7,7,1,1,0.014800122
2022,8,7,8,1,2,0.000646741
2022,8,7,8,1,3,0.000167904
2022,8,7,8,1,1,0.010637237
2022,8,7,9,16,2,0.000213085
2022,8,7,9,16,3,0.000120349
2022,8,7,9,16,1,0.017836343
2022,8,7,9,5,1,2.64E-05
2022,8,7,9,5,4,1.02E-06
2022,8,7,9,6,3,1.01E-06
2022,8,7,9,6,1,0.000246529
2022,8,7,9,6,4,1.93E-05
2022,8,7,9,1,2,0.002205964
2022,8,7,9,1,3,0.000101156
2022,8,7,9,1,1,0.072398516
2022,8,7,10,1,2,3.07E-06
2022,8,7,10,1,3,2.23E-06
2022,8,7,10,1,1,0.002413383
2022,8,7,11,7,1,0.000973418
2022,8,7,11,7,4,5.00E-05
2022,8,7,11,15,1,0.00020495
2022,8,7,11,15,4,9.13E-06
2022,8,7,11,6,1,0.000587599
2022,8,7,11,6,4,2.01E-05
2022,8,7,11,1,2,1.03E-06
2022,8,7,11,1,1,0.000362363
2022,8,7,1,7,2,5.44E-05
2022,8,7,1,7,3,1.87E-05
2022,8,7,1,7,1,0.001889132
2022,8,7,1,7,4,0.000159137
2022,8,7,1,15,2,3.28E-05
2022,8,7,1,15,3,3.81E-05
2022,8,7,1,15,1,0.000538122
2022,8,7,1,15,4,3.60E-05
2022,8,7,1,16,2,3.19E-06
2022,8,7,1,16,3,7.74E-05
2022,8,7,1,16,1,0.001478006
2022,8,7,1,5,2,9.05E-05
2022,8,7,1,5,3,9.56E-05
2022,8,7,1,5,1,0.00050139
2022,8,7,1,5,4,1.70E-05
2022,8,7,1,6,3,7.97E-05
2022,8,7,1,6,1,0.00046164
2022,8,7,1,6,4,1.00E-04
2022,8,7,1,1,2,0.002180107
2022,8,7,1,1,3,0.000201481
2022,8,7,1,1,1,0.029983219
2022,8,7,2,1,2,0.000954011
2022,8,7,2,1,3,5.46E-06
2022,8,7,2,1,1,0.017424267
2022,8,7,3,1,2,7.65E-05
2022,8,7,3,1,1,0.006023837
2022,8,7,4,7,3,2.05E-06
2022,8,7,4,7,1,0.000898826
2022,8,7,4,7,4,4.03E-05
2022,8,7,4,15,1,0.000485323
2022,8,7,4,15,4,2.16E-05
2022,8,7,4,5,1,0.000186093
2022,8,7,4,5,4,7.36E-06
2022,8,7,4,6,1,3.51E-05
2022,8,7,4,6,4,1.24E-06
2022,8,7,4,1,1,0.000228721
2022,8,8,6,1,2,0.000979172
2022,8,8,6,1,3,5.98E-05
2022,8,8,6,1,1,0.008903851
2022,8,8,7,3,3,1.68E-05
2022,8,8,7,3,1,2.63E-06
2022,8,8,7,1,2,0.004359744
2022,8,8,7,1,3,0.00048237
2022,8,8,7,1,1,0.019169492
2022,8,8,8,1,2,0.001196747
2022,8,8,8,1,3,0.000222516
2022,8,8,8,1,1,0.008467892
2022,8,8,9,16,2,3.17E-05
2022,8,8,9,16,3,2.86E-05
2022,8,8,9,16,1,0.010678743
2022,8,8,9,5,1,0.000891571
2022,8,8,9,5,4,2.75E-05
2022,8,8,9,1,2,0.001788493
2022,8,8,9,1,3,4.49E-05
2022,8,8,9,1,1,0.074511033
2022,8,8,10,1,2,0.00069129
2022,8,8,10,1,1,0.018441194
2022,8,8,11,7,2,1.02E-06
2022,8,8,11,7,1,0.001056046
2022,8,8,11,7,4,0.000103246
2022,8,8,11,15,2,7.94E-05
2022,8,8,11,15,3,1.13E-06
2022,8,8,11,15,1,0.002380399
2022,8,8,11,15,4,0.000221355
2022,8,8,11,3,3,6.22E-05
2022,8,8,11,16,3,5.71E-05
2022,8,8,11,16,1,0.000362836
2022,8,8,11,5,2,2.13E-06
2022,8,8,11,5,3,3.21E-06
2022,8,8,11,5,1,0.004379118
2022,8,8,11,5,4,0.000376219
2022,8,8,11,6,1,0.000759641
2022,8,8,11,6,4,4.43E-05
2022,8,8,11,1,2,0.002143559
2022,8,8,11,1,3,0.00070959
2022,8,8,11,1,1,0.039480685
2022,8,8,1,7,3,8.54E-07
2022,8,8,1,7,1,0.000326134
2022,8,8,1,7,4,2.90E-05
2022,8,8,1,1,2,0.000359575
2022,8,8,1,1,3,4.64E-06
2022,8,8,1,1,1,0.008221664
2022,8,8,2,1,2,7.48E-06
2022,8,8,2,1,1,0.000483415
2022,8,8,3,1,2,2.50E-05
2022,8,8,3,1,1,0.001111327
2022,8,8,4,7,2,3.08E-07
2022,8,8,4,7,3,5.31E-06
2022,8,8,4,7,1,0.000795289
2022,8,8,4,7,4,4.06E-05
2022,8,8,4,15,2,0.000365822
2022,8,8,4,15,3,1.90E-05
2022,8,8,4,15,1,0.016222162
2022,8,8,4,15,4,0.001020504
2022,8,8,4,16,1,0.000359296
2022,8,8,4,5,1,5.28E-06
2022,8,8,4,6,1,0.00000175
2022,8,8,4,1,2,0.000190297
2022,8,8,4,1,1,0.007288639
2022,8,8,5,15,2,8.67E-07
2022,8,8,5,15,3,8.67E-07
2022,8,8,5,15,1,0.001444642
2022,8,8,5,15,4,0.000321706
2022,8,8,5,1,3,2.06E-06
2022,8,8,5,1,1,0.000158047
2022,9,1,2,1,1,0.003320861
2022,9,1,3,1,2,1.05E-06
2022,9,1,3,1,1,0.000812152
2022,9,1,5,1,2,4.05E-06
2022,9,1,5,1,1,0.003516008
2022,9,1,7,16,2,1.02E-05
2022,9,1,7,16,3,4.38E-05
2022,9,1,7,16,1,0.006198319
2022,9,1,7,1,3,0.000285524
2022,9,1,7,1,1,0.005239925
2022,9,1,8,2,3,7.14E-06
2022,9,1,8,2,1,0.000294545
2022,9,1,8,2,4,5.61E-05
2022,9,1,8,1,2,0.000333537
2022,9,1,8,1,3,0.000265133
2022,9,1,8,1,1,0.010012756
2022,9,1,9,1,2,0.001035267
2022,9,1,9,1,3,0.000103287
2022,9,1,9,1,1,0.050187594
2022,9,1,11,2,3,3.03E-06
2022,9,1,11,2,1,0.000250544
2022,9,1,11,2,4,2.32E-05
2022,9,1,11,1,2,9.97E-07
2022,9,1,11,1,1,0.00110838
2022,9,2,1,1,2,0.001822864
2022,9,2,1,1,3,2.08E-06
2022,9,2,1,1,1,0.004043796
2022,9,2,2,1,1,4.04E-05
2022,9,2,3,4,1,0.001237136
2022,9,2,3,4,4,2.67E-05
2022,9,2,3,1,2,3.19E-05
2022,9,2,3,1,1,0.00570813
2022,9,2,4,7,1,3.46E-05
2022,9,2,4,7,4,5.10E-06
2022,9,2,4,15,1,0.001653831
2022,9,2,4,15,4,9.91E-05
2022,9,2,4,1,2,0.000292114
2022,9,2,4,1,1,0.010580671
2022,9,2,5,16,1,0.0000099
2022,9,2,5,1,2,2.74E-06
2022,9,2,5,1,1,0.003022202
2022,9,2,6,2,2,3.16E-06
2022,9,2,6,2,1,0.003946332
2022,9,2,6,2,4,0.000442202
2022,9,2,6,1,2,0.001003665
2022,9,2,6,1,3,0.000183417
2022,9,2,6,1,1,0.023309139
2022,9,2,7,15,2,1.99E-06
2022,9,2,7,15,3,6.07E-05
2022,9,2,7,15,1,0.0009467
2022,9,2,7,15,4,0.000338463
2022,9,2,7,3,2,0.000223341
2022,9,2,7,3,3,0.000514732
2022,9,2,7,3,1,0.003011677
2022,9,2,7,16,3,1.02E-05
2022,9,2,7,16,1,0.000181212
2022,9,2,7,1,2,2.22E-05
2022,9,2,7,1,3,0.000863126
2022,9,2,7,1,1,0.01366438
2022,9,2,8,3,2,7.71E-07
2022,9,2,8,3,3,8.16E-07
2022,9,2,8,3,1,7.86E-05
2022,9,2,8,2,3,6.94E-06
2022,9,2,8,2,1,0.005175909
2022,9,2,8,2,4,0.000825692
2022,9,2,8,1,2,0.000269611
2022,9,2,8,1,3,0.000331887
2022,9,2,8,1,1,0.033150812
2022,9,2,9,16,1,0.000517527
2022,9,2,9,1,2,0.000580909
2022,9,2,9,1,3,6.80E-05
2022,9,2,9,1,1,0.026434087
2022,9,2,11,7,2,8.63E-07
2022,9,2,11,7,3,3.54E-05
2022,9,2,11,7,1,0.00124476
2022,9,2,11,7,4,0.000301917
2022,9,2,11,15,2,6.43E-07
2022,9,2,11,15,3,2.06E-05
2022,9,2,11,15,1,0.005452954
2022,9,2,11,15,4,0.000508865
2022,9,2,11,3,2,5.43E-09
2022,9,2,11,3,1,3.60E-06
2022,9,2,11,16,2,1.01E-06
2022,9,2,11,16,3,2.52E-05
2022,9,2,11,16,1,0.004400203
2022,9,2,11,2,1,0.002636156
2022,9,2,11,2,4,0.000432859
2022,9,2,11,1,2,1.21E-05
2022,9,2,11,1,1,0.012000105
2022,9,3,6,1,2,2.01E-05
2022,9,3,6,1,3,6.39E-05
2022,9,3,6,1,1,0.00052338
2022,9,3,7,3,2,8.95E-08
2022,9,3,7,3,3,1.06E-05
2022,9,3,7,3,1,4.65E-05
2022,9,3,7,1,2,7.15E-07
2022,9,3,7,1,3,0.000359377
2022,9,3,7,1,1,0.001613303
2022,9,3,10,1,3,2.90E-06
2022,9,3,10,1,1,0.003873722
2022,9,3,1,1,2,0.000279712
2022,9,3,1,1,3,1.16E-06
2022,9,3,1,1,1,0.008197008
2022,9,3,2,16,2,9.63E-05
2022,9,3,2,16,3,7.41E-06
2022,9,3,2,16,1,0.015666165
2022,9,3,2,1,2,0.002801307
2022,9,3,2,1,3,4.51E-05
2022,9,3,2,1,1,0.049600674
2022,9,3,3,1,2,2.86E-05
2022,9,3,3,1,3,1.03E-06
2022,9,3,3,1,1,0.006268683
2022,9,3,4,14,3,2.05E-06
2022,9,3,4,14,1,0.002564908
2022,9,3,4,14,4,0.000114862
2022,9,3,4,5,2,2.05E-06
2022,9,3,4,5,3,1.02E-06
2022,9,3,4,5,1,0.003573374
2022,9,3,4,5,4,0.000189701
2022,9,3,4,6,1,9.70E-05
2022,9,3,4,1,2,7.18E-05
2022,9,3,4,1,3,1.03E-06
2022,9,3,4,1,1,0.020145552
2022,9,3,5,7,2,3.09E-06
2022,9,3,5,7,1,0.002176876
2022,9,3,5,7,4,0.000240881
2022,9,3,5,1,1,0.001705081
2022,9,4,1,4,3,2.71E-05
2022,9,4,1,4,1,0.002996871
2022,9,4,1,4,4,7.92E-05
2022,9,4,1,7,3,2.08E-05
2022,9,4,1,7,1,0.002341335
2022,9,4,1,7,4,4.06E-05
2022,9,4,1,16,2,1.04E-06
2022,9,4,1,16,1,0.001703118
2022,9,4,1,5,3,9.57E-07
2022,9,4,1,5,1,0.000610697
2022,9,4,1,5,4,9.57E-06
2022,9,4,1,1,2,0.012600997
2022,9,4,1,1,3,0.000205116
2022,9,4,1,1,1,0.059912491
2022,9,4,2,4,2,1.03E-06
2022,9,4,2,4,1,0.000403384
2022,9,4,2,4,4,3.70E-05
2022,9,4,2,16,2,0.000941789
2022,9,4,2,16,3,9.86E-05
2022,9,4,2,16,1,0.026562713
2022,9,4,2,5,2,6.96E-06
2022,9,4,2,5,3,1.89E-05
2022,9,4,2,5,1,0.00827979
2022,9,4,2,5,4,0.000397684
2022,9,4,2,1,2,0.003582752
2022,9,4,2,1,3,3.75E-05
2022,9,4,2,1,1,0.089336737
2022,9,4,3,5,1,0.000120823
2022,9,4,3,5,4,6.25E-06
2022,9,4,3,1,2,0.000106735
2022,9,4,3,1,1,0.005182728
2022,9,4,4,7,1,0.002706498
2022,9,4,4,7,4,8.11E-05
2022,9,4,4,15,2,0.005774503
2022,9,4,4,15,3,1.54E-05
2022,9,4,4,15,1,0.070006379
2022,9,4,4,15,4,0.002769574
2022,9,4,4,16,2,5.16E-06
2022,9,4,4,16,1,0.006011717
2022,9,4,4,5,1,4.15E-06
2022,9,4,4,5,4,2.07E-06
2022,9,4,4,6,1,5.54E-06
2022,9,4,4,1,2,4.07E-05
2022,9,4,4,1,3,2.09E-06
2022,9,4,4,1,1,0.015939201
2022,9,4,5,7,1,0.001416673
2022,9,4,5,7,4,0.00013534
2022,9,4,5,16,1,0.0000196
2022,9,4,5,5,1,3.66E-05
2022,9,4,5,5,4,1.33E-05
2022,9,4,5,1,2,1.15E-06
2022,9,4,5,1,1,0.00402752
2022,9,4,6,5,2,0.000640583
2022,9,4,6,5,3,1.56E-05
2022,9,4,6,5,1,0.002727679
2022,9,4,6,5,4,0.000205902
2022,9,4,6,1,2,0.004202037
2022,9,4,6,1,3,5.81E-05
2022,9,4,6,1,1,0.00152816
2022,9,4,7,3,3,4.69E-05
2022,9,4,7,3,1,4.69E-06
2022,9,4,9,16,2,0.00071361
2022,9,4,9,16,3,4.12E-05
2022,9,4,9,16,1,0.014227231
2022,9,4,9,1,2,0.000205613
2022,9,4,9,1,3,3.07E-05
2022,9,4,9,1,1,0.011496138
2022,9,4,10,1,2,3.54E-07
2022,9,4,10,1,1,4.65E-05
2022,9,5,6,2,2,6.33E-06
2022,9,5,6,2,1,0.000520471
2022,9,5,6,2,4,2.32E-05
2022,9,5,6,1,2,0.00049286
2022,9,5,6,1,1,0.008071746
2022,9,5,9,1,2,0.001082587
2022,9,5,9,1,3,1.96E-05
2022,9,5,9,1,1,0.012510243
2022,9,5,11,5,2,1.54E-05
2022,9,5,11,5,3,1.03E-06
2022,9,5,11,5,1,0.005850629
2022,9,5,11,5,4,0.000323779
2022,9,5,11,2,1,0.000442855
2022,9,5,11,2,4,2.57E-05
2022,9,5,11,1,2,0.000382141
2022,9,5,11,1,3,1.03E-06
2022,9,5,11,1,1,0.009036974
2022,9,5,1,7,1,0.000100915
2022,9,5,1,7,4,6.51E-06
2022,9,5,1,15,2,2.08E-06
2022,9,5,1,15,1,0.005910742
2022,9,5,1,15,4,0.000161381
2022,9,5,1,16,2,7.32E-06
2022,9,5,1,16,1,0.003515174
2022,9,5,1,1,2,0.004913924
2022,9,5,1,1,3,0.000104692
2022,9,5,1,1,1,0.020779651
2022,9,5,2,16,2,0.000231412
2022,9,5,2,16,3,2.65E-05
2022,9,5,2,16,1,0.014924516
2022,9,5,2,1,2,0.000244295
2022,9,5,2,1,3,1.94E-05
2022,9,5,2,1,1,0.046827391
2022,9,5,3,1,1,0.001032662
2022,9,5,4,15,1,0.001238269
2022,9,5,4,15,4,5.44E-05
2022,9,5,4,1,2,5.18E-06
2022,9,5,4,1,1,0.002152712
2022,9,5,5,15,2,1.06E-06
2022,9,5,5,15,1,0.013043019
2022,9,5,5,15,4,0.001346148
2022,9,5,5,5,1,0.000180768
2022,9,5,5,5,4,3.13E-05
2022,9,5,5,1,2,3.79E-05
2022,9,5,5,1,1,0.007552496
2022,9,6,2,1,2,1.03E-06
2022,9,6,2,1,1,0.001829573
2022,9,6,4,1,2,2.47E-05
2022,9,6,4,1,1,0.003173406
2022,9,6,5,16,1,5.18E-05
2022,9,6,5,5,1,8.88E-05
2022,9,6,5,5,4,2.89E-05
2022,9,6,5,1,2,4.13E-06
2022,9,6,5,1,1,0.003807343
2022,9,6,7,1,2,0.001299109
2022,9,6,7,1,3,7.59E-05
2022,9,6,7,1,1,0.001512017
2022,9,6,8,2,3,1.95E-06
2022,9,6,8,2,1,0.001123637
2022,9,6,8,2,4,0.000138745
2022,9,6,8,1,2,0.00064631
2022,9,6,8,1,3,0.000417341
2022,9,6,8,1,1,0.009406475
2022,9,6,9,1,2,0.000198431
2022,9,6,9,1,3,2.07E-06
2022,9,6,9,1,1,0.004290298
2022,9,6,11,2,1,0.000605211
2022,9,6,11,2,4,0.000198274
2022,9,6,11,1,2,0.000996364
2022,9,6,11,1,3,4.00E-06
2022,9,6,11,1,1,0.008778718
2022,9,7,6,1,2,0.000651932
2022,9,7,6,1,3,9.25E-06
2022,9,7,6,1,1,0.00679712
2022,9,7,7,16,2,1.06E-06
2022,9,7,7,16,3,6.75E-05
2022,9,7,7,16,1,0.000810312
2022,9,7,7,1,2,0.001114289
2022,9,7,7,1,3,0.000348866
2022,9,7,7,1,1,0.018955252
2022,9,7,8,1,2,0.000895944
2022,9,7,8,1,3,0.000121238
2022,9,7,8,1,1,0.007727137
2022,9,7,9,16,2,0.000513806
2022,9,7,9,16,3,5.24E-05
2022,9,7,9,16,1,0.056489766
2022,9,7,9,5,1,0.000484428
2022,9,7,9,5,4,1.02E-05
2022,9,7,9,6,3,1.42E-05
2022,9,7,9,6,1,0.001069308
2022,9,7,9,6,4,4.26E-05
2022,9,7,9,1,2,0.002373739
2022,9,7,9,1,3,8.66E-05
2022,9,7,9,1,1,0.133408634
2022,9,7,10,1,2,1.33E-05
2022,9,7,10,1,1,0.007418738
2022,9,7,11,7,2,1.02E-06
2022,9,7,11,7,3,3.05E-06
2022,9,7,11,7,1,0.002568797
2022,9,7,11,7,4,8.78E-05
2022,9,7,11,15,3,4.06E-06
2022,9,7,11,15,1,0.000504258
2022,9,7,11,15,4,2.84E-05
2022,9,7,11,6,1,0.005347287
2022,9,7,11,6,4,0.000185934
2022,9,7,11,1,2,4.22E-05
2022,9,7,11,1,1,0.000407585
2022,9,7,1,7,2,0.000167233
2022,9,7,1,7,3,4.88E-05
2022,9,7,1,7,1,0.010848897
2022,9,7,1,7,4,0.000338761
2022,9,7,1,15,2,0.000123821
2022,9,7,1,15,3,0.00016726
2022,9,7,1,15,1,0.004381259
2022,9,7,1,15,4,0.000194076
2022,9,7,1,16,2,4.21E-06
2022,9,7,1,16,3,3.14E-05
2022,9,7,1,16,1,0.005387314
2022,9,7,1,5,2,5.26E-05
2022,9,7,1,5,3,3.10E-05
2022,9,7,1,5,1,0.00162865
2022,9,7,1,5,4,5.45E-05
2022,9,7,1,6,3,0.000204424
2022,9,7,1,6,1,0.002303705
2022,9,7,1,6,4,0.000189823
2022,9,7,1,1,2,0.003019707
2022,9,7,1,1,3,0.000173428
2022,9,7,1,1,1,0.052810704
2022,9,7,2,1,2,0.001278483
2022,9,7,2,1,3,1.59E-05
2022,9,7,2,1,1,0.062156217
2022,9,7,3,1,2,7.92E-05
2022,9,7,3,1,3,1.79E-06
2022,9,7,3,1,1,0.010349892
2022,9,7,4,7,2,7.18E-06
2022,9,7,4,7,1,0.002869151
2022,9,7,4,7,4,0.000134611
2022,9,7,4,15,2,4.08E-06
2022,9,7,4,15,3,1.03E-05
2022,9,7,4,15,1,0.004161201
2022,9,7,4,15,4,0.000126738
2022,9,7,4,5,1,0.000394265
2022,9,7,4,5,4,3.05E-05
2022,9,7,4,6,1,0.000578242
2022,9,7,4,6,4,2.79E-05
2022,9,7,4,1,1,0.000850276
2022,9,8,6,1,2,0.001172377
2022,9,8,6,1,3,1.39E-05
2022,9,8,6,1,1,0.009756579
2022,9,8,7,3,3,2.14E-05
2022,9,8,7,3,1,3.29E-07
2022,9,8,7,1,2,0.003486661
2022,9,8,7,1,3,0.00035087
2022,9,8,7,1,1,0.027579413
2022,9,8,8,1,2,0.001539747
2022,9,8,8,1,3,0.000248492
2022,9,8,8,1,1,0.010471489
2022,9,8,9,16,2,4.70E-05
2022,9,8,9,16,3,7.21E-06
2022,9,8,9,16,1,0.025234966
2022,9,8,9,5,3,2.04E-06
2022,9,8,9,5,1,0.003924645
2022,9,8,9,5,4,0.000102887
2022,9,8,9,1,2,0.00203888
2022,9,8,9,1,3,6.13E-05
2022,9,8,9,1,1,0.123855013
2022,9,8,10,1,2,0.000198768
2022,9,8,10,1,3,4.11E-06
2022,9,8,10,1,1,0.03759143
2022,9,8,11,7,1,0.004162243
2022,9,8,11,7,4,0.000332252
2022,9,8,11,15,2,0.000268982
2022,9,8,11,15,3,1.56E-06
2022,9,8,11,15,1,0.014495553
2022,9,8,11,15,4,0.000654411
2022,9,8,11,3,3,0.00020931
2022,9,8,11,3,1,1.55E-05
2022,9,8,11,16,3,8.31E-05
2022,9,8,11,16,1,0.001294301
2022,9,8,11,5,2,1.06E-06
2022,9,8,11,5,1,0.012275645
2022,9,8,11,5,4,0.000833956
2022,9,8,11,6,1,0.002396792
2022,9,8,11,6,4,0.000119262
2022,9,8,11,1,2,0.001758652
2022,9,8,11,1,3,0.000555295
2022,9,8,11,1,1,0.093044716
2022,9,8,1,7,3,5.12E-06
2022,9,8,1,7,1,0.001502607
2022,9,8,1,7,4,0.000105012
2022,9,8,1,1,2,0.000172989
2022,9,8,1,1,3,1.37E-05
2022,9,8,1,1,1,0.01132949
2022,9,8,2,1,2,5.34E-06
2022,9,8,2,1,1,0.002120974
2022,9,8,3,1,2,1.77E-05
2022,9,8,3,1,3,1.02E-06
2022,9,8,3,1,1,0.004872815
2022,9,8,4,7,2,3.08E-07
2022,9,8,4,7,3,5.55E-06
2022,9,8,4,7,1,0.002855274
2022,9,8,4,7,4,9.85E-05
2022,9,8,4,15,2,0.001125984
2022,9,8,4,15,3,7.66E-05
2022,9,8,4,15,1,0.089949778
2022,9,8,4,15,4,0.002578347
2022,9,8,4,14,3,2.09E-06
2022,9,8,4,14,1,0.000355654
2022,9,8,4,14,4,2.60E-05
2022,9,8,4,16,1,0.001112495
2022,9,8,4,5,1,1.58E-05
2022,9,8,4,5,4,1.06E-06
2022,9,8,4,6,1,0.0000175
2022,9,8,4,1,2,0.000150578
2022,9,8,4,1,1,0.029845089
2022,9,8,5,15,1,0.008711206
2022,9,8,5,15,4,0.000789957
2022,9,8,5,1,1,0.000435124
2022,1,1,2,1,4,5.01E-06
2022,1,1,3,1,4,4.86E-06
2022,1,1,5,1,4,5.73E-05
2022,1,1,7,16,4,6.97E-05
2022,1,1,7,1,4,0.000254562
2022,1,1,8,1,4,0.001527129
2022,1,1,9,1,4,0.000838941
2022,1,1,11,1,4,1.61E-05
2022,1,2,1,1,4,3.36E-05
2022,1,2,3,1,4,2.96E-05
2022,1,2,4,1,4,8.98E-05
2022,1,2,5,1,4,7.78E-05
2022,1,2,6,1,4,0.00244003
2022,1,2,7,3,4,0.001267069
2022,1,2,7,1,4,0.002296125
2022,1,2,8,3,4,7.10E-06
2022,1,2,8,1,4,0.003073561
2022,1,2,9,16,4,3.99E-05
2022,1,2,9,1,4,0.000765054
2022,1,2,11,3,4,5.46E-07
2022,1,2,11,16,4,0.000446512
2022,1,2,11,1,4,0.000973004
2022,1,3,6,1,4,0.00109855
2022,1,3,7,3,4,5.31E-05
2022,1,3,7,1,4,0.001215687
2022,1,3,10,1,4,0.000213945
2022,1,3,1,1,4,7.51E-05
2022,1,3,2,16,4,5.01E-05
2022,1,3,2,1,4,0.000408475
2022,1,3,3,1,4,4.27E-05
2022,1,3,4,1,4,0.000205402
2022,1,3,5,1,4,4.01E-05
2022,1,4,1,16,4,2.97E-06
2022,1,4,1,1,4,0.000700302
2022,1,4,2,16,4,0.000232528
2022,1,4,2,1,4,0.000308258
2022,1,4,3,1,4,3.63E-05
2022,1,4,4,16,4,1.18E-05
2022,1,4,4,1,4,0.000274104
2022,1,4,5,16,4,0.00000294
2022,1,4,5,1,4,0.000124042
2022,1,4,6,1,4,0.000810512
2022,1,4,7,3,4,0.000125496
2022,1,4,9,16,4,0.000428182
2022,1,4,9,1,4,0.000230981
2022,1,4,10,1,4,1.46E-05
2022,1,5,6,1,4,0.000155268
2022,1,5,9,1,4,6.45E-05
2022,1,5,11,1,4,0.000101541
2022,1,5,1,16,4,1.71E-05
2022,1,5,1,1,4,9.71E-05
2022,1,5,2,16,4,3.29E-05
2022,1,5,2,1,4,0.000232554
2022,1,5,3,1,4,1.74E-05
2022,1,5,4,1,4,9.90E-06
2022,1,5,5,1,4,0.000240997
2022,1,6,2,1,4,1.96E-06
2022,1,6,4,1,4,1.69E-05
2022,1,6,5,16,4,1.15E-06
2022,1,6,5,1,4,5.28E-05
2022,1,6,7,1,4,0.000135093
2022,1,6,8,1,4,0.000618184
2022,1,6,9,1,4,0.000112528
2022,1,6,11,1,4,0.000739219
2022,1,7,6,1,4,0.0004442
2022,1,7,7,16,4,0.00012429
2022,1,7,7,1,4,0.001221236
2022,1,7,8,1,4,0.001305352
2022,1,7,9,16,4,0.000458362
2022,1,7,9,1,4,0.001936834
2022,1,7,10,1,4,0.000144035
2022,1,7,11,1,4,2.03E-05
2022,1,7,1,16,4,1.99E-05
2022,1,7,1,1,4,0.000695524
2022,1,7,2,1,4,0.00031812
2022,1,7,3,1,4,0.000103002
2022,1,7,4,1,4,5.44E-06
2022,1,8,6,1,4,0.000340762
2022,1,8,7,3,4,2.50E-06
2022,1,8,7,1,4,0.001102507
2022,1,8,8,1,4,0.000447441
2022,1,8,9,16,4,0.000199864
2022,1,8,9,1,4,0.0015442
2022,1,8,10,1,4,0.000951638
2022,1,8,11,3,4,8.44E-05
2022,1,8,11,16,4,4.29E-05
2022,1,8,11,1,4,0.003331472
2022,1,8,1,1,4,0.000233132
2022,1,8,4,16,4,1.26E-05
2022,1,8,4,1,4,8.26E-05
2022,1,8,5,1,4,1.72E-05
2022,2,1,2,1,4,1.61E-05
2022,2,1,3,1,4,2.05E-05
2022,2,1,5,1,4,0.000209427
2022,2,1,7,16,4,0.000249788
2022,2,1,7,1,4,0.000744037
2022,2,1,8,1,4,0.002458806
2022,2,1,9,1,4,0.001262666
2022,2,1,11,1,4,4.07E-05
2022,2,2,1,1,4,0.000136526
2022,2,2,3,1,4,9.35E-05
2022,2,2,4,1,4,0.000286944
2022,2,2,5,1,4,0.000200685
2022,2,2,6,1,4,0.004481544
2022,2,2,7,3,4,0.002787974
2022,2,2,7,16,4,2.24E-05
2022,2,2,7,1,4,0.004439979
2022,2,2,8,3,4,1.04E-05
2022,2,2,8,1,4,0.004288746
2022,2,2,9,16,4,5.92E-05
2022,2,2,9,1,4,0.001576228
2022,2,2,11,3,4,6.15E-07
2022,2,2,11,16,4,0.000492434
2022,2,2,11,1,4,0.001757219
2022,2,3,6,1,4,0.002264045
2022,2,3,7,3,4,0.000137371
2022,2,3,7,1,4,0.004043986
2022,2,3,10,1,4,0.001472247
2022,2,3,1,1,4,0.000353676
2022,2,3,2,16,4,0.000179597
2022,2,3,2,1,4,0.001159001
2022,2,3,3,1,4,0.000242632
2022,2,3,4,1,4,0.000808481
2022,2,3,5,1,4,9.97E-05
2022,2,4,1,16,4,1.39E-05
2022,2,4,1,1,4,0.003203414
2022,2,4,2,16,4,0.0008073
2022,2,4,2,1,4,0.00193751
2022,2,4,3,1,4,0.000133778
2022,2,4,4,16,4,3.53E-05
2022,2,4,4,1,4,0.000803528
2022,2,4,5,16,4,0.00000196
2022,2,4,5,1,4,0.000352384
2022,2,4,6,1,4,0.001794692
2022,2,4,7,3,4,0.000419501
2022,2,4,9,16,4,0.001563183
2022,2,4,9,1,4,0.000760329
2022,2,4,10,1,4,3.92E-05
2022,2,5,6,1,4,0.00034495
2022,2,5,9,1,4,0.000140687
2022,2,5,11,1,4,0.000234111
2022,2,5,1,16,4,2.89E-05
2022,2,5,1,1,4,0.000538007
2022,2,5,2,16,4,0.000147206
2022,2,5,2,1,4,0.000823811
2022,2,5,3,1,4,6.98E-05
2022,2,5,4,1,4,4.96E-05
2022,2,5,5,1,4,0.000934135
2022,2,6,2,1,4,1.67E-05
2022,2,6,4,1,4,8.33E-05
2022,2,6,5,16,4,8.02E-06
2022,2,6,5,1,4,0.000211959
2022,2,6,7,1,4,0.00044508
2022,2,6,8,1,4,0.001441789
2022,2,6,9,1,4,0.000299243
2022,2,6,11,1,4,0.002042004
2022,2,7,6,1,4,0.001837647
2022,2,7,7,16,4,0.000825927
2022,2,7,7,1,4,0.003439374
2022,2,7,8,1,4,0.003166538
2022,2,7,9,16,4,0.001592034
2022,2,7,9,1,4,0.004982905
2022,2,7,10,1,4,0.000300493
2022,2,7,11,1,4,7.15E-05
2022,2,7,1,16,4,0.000111356
2022,2,7,1,1,4,0.003314903
2022,2,7,2,1,4,0.000944905
2022,2,7,3,1,4,0.000271868
2022,2,7,4,1,4,1.86E-05
2022,2,8,6,1,4,0.001179218
2022,2,8,7,3,4,2.78E-05
2022,2,8,7,1,4,0.003722351
2022,2,8,8,1,4,0.002177702
2022,2,8,9,16,4,0.000669571
2022,2,8,9,1,4,0.004723992
2022,2,8,10,1,4,0.002281099
2022,2,8,11,3,4,9.57E-05
2022,2,8,11,16,4,9.83E-05
2022,2,8,11,1,4,0.009608606
2022,2,8,1,1,4,0.000663991
2022,2,8,2,1,4,1.10E-05
2022,2,8,3,1,4,2.24E-05
2022,2,8,4,16,4,7.74E-06
2022,2,8,4,1,4,0.000284262
2022,2,8,5,1,4,4.06E-05
2022,3,1,2,1,4,3.22E-05
2022,3,1,3,1,4,7.82E-06
2022,3,1,5,1,4,0.000233716
2022,3,1,7,16,4,0.000668037
2022,3,1,7,1,4,0.001645853
2022,3,1,8,1,4,0.008576047
2022,3,1,9,1,4,0.002275827
2022,3,1,11,1,4,8.14E-05
2022,3,2,1,1,4,0.000270812
2022,3,2,3,1,4,0.000135448
2022,3,2,4,1,4,0.000398887
2022,3,2,5,1,4,0.000233542
2022,3,2,6,1,4,0.008714144
2022,3,2,7,3,4,0.007577077
2022,3,2,7,16,4,6.61E-05
2022,3,2,7,1,4,0.007801803
2022,3,2,8,3,4,2.42E-05
2022,3,2,8,1,4,0.00937541
2022,3,2,9,16,4,5.92E-05
2022,3,2,9,1,4,0.001910023
2022,3,2,11,3,4,1.27E-06
2022,3,2,11,16,4,0.001010255
2022,3,2,11,1,4,0.003070478
2022,3,3,6,1,4,0.00314987
2022,3,3,7,3,4,0.000156822
2022,3,3,7,1,4,0.003072673
2022,3,3,10,1,4,0.000722232
2022,3,3,1,1,4,0.000424967
2022,3,3,2,16,4,0.000447894
2022,3,3,2,1,4,0.001300598
2022,3,3,3,1,4,0.000280765
2022,3,3,4,1,4,0.000579496
2022,3,3,5,1,4,7.97E-05
2022,3,4,1,16,4,2.38E-05
2022,3,4,1,1,4,0.005577529
2022,3,4,2,16,4,0.001016421
2022,3,4,2,1,4,0.001693666
2022,3,4,3,1,4,0.00016259
2022,3,4,4,16,4,9.20E-05
2022,3,4,4,1,4,0.000732715
2022,3,4,5,16,4,0.00000392
2022,3,4,5,1,4,0.000399528
2022,3,4,6,1,4,0.002891564
2022,3,4,7,3,4,6.41E-05
2022,3,4,9,16,4,0.001221859
2022,3,4,9,1,4,0.000990979
2022,3,4,10,1,4,1.87E-05
2022,3,5,6,1,4,0.000580428
2022,3,5,9,1,4,0.000254206
2022,3,5,11,1,4,0.000360891
2022,3,5,1,16,4,3.91E-05
2022,3,5,1,1,4,0.001018627
2022,3,5,2,16,4,0.000253737
2022,3,5,2,1,4,0.001489145
2022,3,5,3,1,4,0.000269213
2022,3,5,4,1,4,0.000130211
2022,3,5,5,1,4,0.000629841
2022,3,6,2,1,4,1.57E-05
2022,3,6,4,1,4,0.000120504
2022,3,6,5,16,4,1.15E-05
2022,3,6,5,1,4,0.000331405
2022,3,6,7,1,4,0.00086528
2022,3,6,8,1,4,0.001909343
2022,3,6,9,1,4,0.000343526
2022,3,6,11,1,4,0.003282142
2022,3,7,6,1,4,0.002082109
2022,3,7,7,16,4,0.000894086
2022,3,7,7,1,4,0.005093244
2022,3,7,8,1,4,0.005774166
2022,3,7,9,16,4,0.002919361
2022,3,7,9,1,4,0.006667499
2022,3,7,10,1,4,0.000429776
2022,3,7,11,1,4,0.000151892
2022,3,7,1,16,4,0.00046333
2022,3,7,1,1,4,0.006709193
2022,3,7,2,1,4,0.001145246
2022,3,7,3,1,4,0.000703173
2022,3,7,4,1,4,1.35E-05
2022,3,8,6,1,4,0.001692775
2022,3,8,7,3,4,1.66E-05
2022,3,8,7,1,4,0.005830909
2022,3,8,8,1,4,0.002968891
2022,3,8,9,16,4,0.00088858
2022,3,8,9,1,4,0.006133272
2022,3,8,10,1,4,0.002643216
2022,3,8,11,3,4,6.91E-05
2022,3,8,11,16,4,0.000136976
2022,3,8,11,1,4,0.010539378
2022,3,8,1,1,4,0.001043261
2022,3,8,2,1,4,8.02E-06
2022,3,8,3,1,4,2.05E-05
2022,3,8,4,16,4,2.32E-05
2022,3,8,4,1,4,0.000409082
2022,3,8,5,1,4,4.44E-05
2022,4,1,2,1,4,1.72E-05
2022,4,1,3,1,4,1.27E-05
2022,4,1,5,1,4,6.08E-05
2022,4,1,7,16,4,0.000440517
2022,4,1,7,1,4,0.0008263
2022,4,1,8,1,4,0.002964366
2022,4,1,9,1,4,0.000934148
2022,4,1,11,1,4,4.64E-05
2022,4,2,1,1,4,9.18E-05
2022,4,2,3,1,4,3.14E-05
2022,4,2,4,1,4,0.000127027
2022,4,2,5,16,4,0.000001045
2022,4,2,5,1,4,6.73E-05
2022,4,2,6,1,4,0.007584939
2022,4,2,7,3,4,0.005042146
2022,4,2,7,16,4,9.73E-06
2022,4,2,7,1,4,0.00691363
2022,4,2,8,3,4,2.33E-05
2022,4,2,8,1,4,0.007741187
2022,4,2,9,16,4,4.72E-05
2022,4,2,9,1,4,0.001253288
2022,4,2,11,3,4,1.21E-06
2022,4,2,11,16,4,0.000571845
2022,4,2,11,1,4,0.002546365
2022,4,3,6,1,4,0.001679931
2022,4,3,7,3,4,9.04E-05
2022,4,3,7,1,4,0.001754006
2022,4,3,10,1,4,9.49E-05
2022,4,3,1,1,4,0.000286784
2022,4,3,2,16,4,9.22E-05
2022,4,3,2,1,4,0.000723151
2022,4,3,3,1,4,0.00010538
2022,4,3,4,1,4,0.000161777
2022,4,3,5,1,4,2.57E-05
2022,4,4,1,16,4,6.93E-06
2022,4,4,1,1,4,0.003257663
2022,4,4,2,16,4,0.000355346
2022,4,4,2,1,4,0.00076911
2022,4,4,3,1,4,8.87E-05
2022,4,4,4,16,4,3.33E-05
2022,4,4,4,1,4,0.000203984
2022,4,4,5,16,4,0.00000098
2022,4,4,5,1,4,0.000140392
2022,4,4,6,1,4,0.001873603
2022,4,4,7,3,4,6.54E-05
2022,4,4,9,16,4,0.000424178
2022,4,4,9,1,4,0.000239126
2022,4,4,10,1,4,7.90E-06
2022,4,5,6,1,4,0.000250071
2022,4,5,9,1,4,0.000162236
2022,4,5,11,1,4,0.000185403
2022,4,5,1,16,4,1.61E-05
2022,4,5,1,1,4,0.000562018
2022,4,5,2,16,4,4.36E-05
2022,4,5,2,1,4,0.000348961
2022,4,5,3,1,4,1.64E-05
2022,4,5,4,1,4,2.49E-05
2022,4,5,5,1,4,0.000113234
2022,4,6,2,1,4,2.95E-06
2022,4,6,4,1,4,4.97E-05
2022,4,6,5,1,4,9.42E-05
2022,4,6,7,1,4,0.000379883
2022,4,6,8,1,4,0.001416609
2022,4,6,9,1,4,0.000233531
2022,4,6,11,1,4,0.001704441
2022,4,7,6,1,4,0.0007049
2022,4,7,7,16,4,0.00027865
2022,4,7,7,1,4,0.002343441
2022,4,7,8,1,4,0.002573651
2022,4,7,9,16,4,0.000680661
2022,4,7,9,1,4,0.003104858
2022,4,7,10,1,4,8.90E-05
2022,4,7,11,1,4,4.07E-05
2022,4,7,1,16,4,0.000202874
2022,4,7,1,1,4,0.003016582
2022,4,7,2,1,4,0.000371387
2022,4,7,3,1,4,0.000255516
2022,4,7,4,1,4,4.92E-06
2022,4,8,6,1,4,0.000932741
2022,4,8,7,3,4,1.31E-05
2022,4,8,7,1,4,0.002550134
2022,4,8,8,1,4,0.001530656
2022,4,8,9,16,4,0.000369052
2022,4,8,9,1,4,0.00237483
2022,4,8,10,1,4,0.000889441
2022,4,8,11,3,4,1.16E-05
2022,4,8,11,16,4,5.74E-05
2022,4,8,11,1,4,0.004046104
2022,4,8,1,1,4,0.000535963
2022,4,8,2,1,4,5.03E-06
2022,4,8,3,1,4,9.76E-06
2022,4,8,4,16,4,6.77E-06
2022,4,8,4,1,4,0.000135326
2022,4,8,5,1,4,1.84E-05
2022,5,1,2,1,4,3.93E-05
2022,5,1,3,1,4,1.76E-05
2022,5,1,5,1,4,0.000494993
2022,5,1,7,16,4,0.000972042
2022,5,1,7,1,4,0.002310768
2022,5,1,8,1,4,0.007526517
2022,5,1,9,1,4,0.00499349
2022,5,1,11,1,4,5.11E-05
2022,5,2,1,1,4,0.000266584
2022,5,2,2,1,4,2.09E-06
2022,5,2,3,1,4,0.000177954
2022,5,2,4,1,4,0.000475145
2022,5,2,5,1,4,0.00039438
2022,5,2,6,1,4,0.01186311
2022,5,2,7,3,4,0.011989317
2022,5,2,7,16,4,0.000102124
2022,5,2,7,1,4,0.012176151
2022,5,2,8,3,4,2.83E-05
2022,5,2,8,1,4,0.012207802
2022,5,2,9,16,4,0.000133722
2022,5,2,9,1,4,0.005187293
2022,5,2,11,3,4,1.25E-06
2022,5,2,11,16,4,0.001121935
2022,5,2,11,1,4,0.003895056
2022,5,3,6,1,4,0.004067064
2022,5,3,7,3,4,0.000243865
2022,5,3,7,1,4,0.004357691
2022,5,3,10,1,4,0.001428829
2022,5,3,1,1,4,0.000852571
2022,5,3,2,16,4,0.00044657
2022,5,3,2,1,4,0.003406368
2022,5,3,3,1,4,0.000229162
2022,5,3,4,1,4,0.000972017
2022,5,3,5,1,4,0.000186203
2022,5,4,1,16,4,1.59E-05
2022,5,4,1,1,4,0.006856772
2022,5,4,2,16,4,0.001062658
2022,5,4,2,1,4,0.002363565
2022,5,4,3,1,4,0.000122734
2022,5,4,4,16,4,9.70E-05
2022,5,4,4,1,4,0.001127593
2022,5,4,5,16,4,0.00000588
2022,5,4,5,1,4,0.000527796
2022,5,4,6,1,4,0.002496727
2022,5,4,7,3,4,4.46E-05
2022,5,4,9,16,4,0.000986767
2022,5,4,9,1,4,0.000903846
2022,5,4,10,1,4,3.97E-05
2022,5,5,6,1,4,0.000485397
2022,5,5,9,1,4,0.000561111
2022,5,5,11,1,4,0.000663861
2022,5,5,1,16,4,4.73E-05
2022,5,5,1,1,4,0.001490913
2022,5,5,2,16,4,0.000233399
2022,5,5,2,1,4,0.001542398
2022,5,5,3,1,4,0.00015566
2022,5,5,4,1,4,8.44E-05
2022,5,5,5,1,4,0.001257614
2022,5,6,2,1,4,2.16E-05
2022,5,6,4,1,4,0.000174327
2022,5,6,5,16,4,5.73E-06
2022,5,6,5,1,4,0.000543925
2022,5,6,7,1,4,0.000924871
2022,5,6,8,1,4,0.002960576
2022,5,6,9,1,4,0.000931101
2022,5,6,11,1,4,0.004071779
2022,5,7,6,1,4,0.001068101
2022,5,7,7,16,4,0.000641497
2022,5,7,7,1,4,0.002758019
2022,5,7,8,1,4,0.00298164
2022,5,7,9,16,4,0.001767977
2022,5,7,9,1,4,0.004399133
2022,5,7,10,1,4,0.000303494
2022,5,7,11,1,4,3.79E-05
2022,5,7,1,16,4,0.000600463
2022,5,7,1,1,4,0.010304863
2022,5,7,2,1,4,0.002345379
2022,5,7,3,1,4,0.000364635
2022,5,7,4,1,4,4.66E-05
2022,5,8,6,1,4,0.001402741
2022,5,8,7,3,4,5.19E-05
2022,5,8,7,1,4,0.005385873
2022,5,8,8,1,4,0.002398336
2022,5,8,9,16,4,0.000899702
2022,5,8,9,1,4,0.005652268
2022,5,8,10,1,4,0.001980994
2022,5,8,11,3,4,2.91E-05
2022,5,8,11,16,4,0.000189849
2022,5,8,11,1,4,0.013802326
2022,5,8,1,1,4,0.001553696
2022,5,8,2,1,4,9.35E-05
2022,5,8,3,1,4,0.000297934
2022,5,8,4,16,4,3.58E-05
2022,5,8,4,1,4,0.002130617
2022,5,8,5,1,4,0.000129553
2022,6,1,2,1,4,3.02E-06
2022,6,1,3,1,4,5.83E-06
2022,6,1,5,1,4,4.34E-05
2022,6,1,7,16,4,0.00027496
2022,6,1,7,1,4,0.000438983
2022,6,1,8,1,4,0.002534989
2022,6,1,9,1,4,0.001182399
2022,6,1,11,1,4,1.33E-05
2022,6,2,1,1,4,5.44E-05
2022,6,2,2,1,4,2.04E-06
2022,6,2,3,1,4,1.57E-05
2022,6,2,4,1,4,8.69E-05
2022,6,2,5,1,4,3.60E-05
2022,6,2,6,1,4,0.004111304
2022,6,2,7,3,4,0.004542737
2022,6,2,7,16,4,6.42E-05
2022,6,2,7,1,4,0.003166551
2022,6,2,8,3,4,1.15E-05
2022,6,2,8,1,4,0.004700025
2022,6,2,9,16,4,2.71E-05
2022,6,2,9,1,4,0.00128551
2022,6,2,11,3,4,4.55E-07
2022,6,2,11,16,4,0.000332266
2022,6,2,11,1,4,0.001157921
2022,6,3,6,1,4,0.000691583
2022,6,3,7,3,4,5.46E-05
2022,6,3,7,1,4,0.001198588
2022,6,3,10,1,4,0.000142017
2022,6,3,1,1,4,0.000241494
2022,6,3,2,16,4,0.000129452
2022,6,3,2,1,4,0.000700493
2022,6,3,3,1,4,3.67E-05
2022,6,3,4,1,4,0.000100693
2022,6,3,5,1,4,1.51E-05
2022,6,4,1,16,4,3.96E-06
2022,6,4,1,1,4,0.002947254
2022,6,4,2,16,4,0.000333337
2022,6,4,2,1,4,0.000612963
2022,6,4,3,1,4,3.07E-05
2022,6,4,4,16,4,3.04E-05
2022,6,4,4,1,4,0.000145369
2022,6,4,5,1,4,7.94E-05
2022,6,4,6,1,4,0.001323739
2022,6,4,7,3,4,1.49E-05
2022,6,4,9,16,4,0.000247769
2022,6,4,9,1,4,0.000229178
2022,6,4,10,1,4,1.01E-05
2022,6,5,6,1,4,0.0001415
2022,6,5,9,1,4,0.000158302
2022,6,5,11,1,4,0.000165143
2022,6,5,1,16,4,1.49E-05
2022,6,5,1,1,4,0.001214235
2022,6,5,2,16,4,3.78E-05
2022,6,5,2,1,4,0.000276688
2022,6,5,3,1,4,7.79E-06
2022,6,5,4,1,4,3.37E-05
2022,6,5,5,1,4,0.000132143
2022,6,6,2,1,4,9.81E-06
2022,6,6,4,1,4,3.37E-05
2022,6,6,5,16,4,3.44E-06
2022,6,6,5,1,4,6.90E-05
2022,6,6,7,1,4,0.000265593
2022,6,6,8,1,4,0.000958376
2022,6,6,9,1,4,0.000264154
2022,6,6,11,1,4,0.001021152
2022,6,7,6,1,4,0.000188834
2022,6,7,7,16,4,0.000114267
2022,6,7,7,1,4,0.000788764
2022,6,7,8,1,4,0.001125488
2022,6,7,9,16,4,0.000501212
2022,6,7,9,1,4,0.001295001
2022,6,7,10,1,4,8.96E-05
2022,6,7,11,1,4,7.74E-06
2022,6,7,1,16,4,0.000192893
2022,6,7,1,1,4,0.003215917
2022,6,7,2,1,4,0.000567065
2022,6,7,3,1,4,9.56E-05
2022,6,7,4,1,4,7.25E-06
2022,6,8,6,1,4,0.000419936
2022,6,8,7,3,4,2.59E-05
2022,6,8,7,1,4,0.001595386
2022,6,8,8,1,4,0.000909033
2022,6,8,9,16,4,0.000268525
2022,6,8,9,1,4,0.001451813
2022,6,8,10,1,4,0.000406555
2022,6,8,11,3,4,1.16E-05
2022,6,8,11,16,4,3.79E-05
2022,6,8,11,1,4,0.002699622
2022,6,8,1,1,4,0.000505969
2022,6,8,2,1,4,1.51E-05
2022,6,8,3,1,4,4.31E-05
2022,6,8,4,16,4,1.93E-06
2022,6,8,4,1,4,0.000318944
2022,6,8,5,1,4,2.91E-06
2022,7,1,2,1,4,4.54E-05
2022,7,1,3,1,4,3.94E-06
2022,7,1,5,1,4,0.000209165
2022,7,1,7,16,4,0.000574124
2022,7,1,7,1,4,0.001369257
2022,7,1,8,1,4,0.005023013
2022,7,1,9,1,4,0.002904457
2022,7,1,11,1,4,4.36E-05
2022,7,2,1,1,4,0.000299193
2022,7,2,2,1,4,2.04E-06
2022,7,2,3,1,4,7.37E-05
2022,7,2,4,1,4,0.000327473
2022,7,2,5,1,4,0.00018085
2022,7,2,6,1,4,0.008933742
2022,7,2,7,3,4,0.011604164
2022,7,2,7,16,4,0.000133247
2022,7,2,7,1,4,0.008992175
2022,7,2,8,3,4,2.91E-05
2022,7,2,8,1,4,0.01075424
2022,7,2,9,16,4,0.000102267
2022,7,2,9,1,4,0.002667843
2022,7,2,11,3,4,9.11E-07
2022,7,2,11,16,4,0.000981043
2022,7,2,11,1,4,0.003236996
2022,7,3,6,1,4,0.001259948
2022,7,3,7,3,4,8.46E-05
2022,7,3,7,1,4,0.001699522
2022,7,3,10,1,4,0.000478858
2022,7,3,1,1,4,0.000570708
2022,7,3,2,16,4,0.000219845
2022,7,3,2,1,4,0.001971809
2022,7,3,3,1,4,0.00021616
2022,7,3,4,1,4,0.000413036
2022,7,3,5,1,4,9.01E-05
2022,7,4,1,16,4,1.29E-05
2022,7,4,1,1,4,0.004403695
2022,7,4,2,16,4,0.000742646
2022,7,4,2,1,4,0.001796602
2022,7,4,3,1,4,0.00010802
2022,7,4,4,16,4,7.15E-05
2022,7,4,4,1,4,0.000635074
2022,7,4,5,16,4,0.00000588
2022,7,4,5,1,4,0.000254276
2022,7,4,6,1,4,0.001582357
2022,7,4,7,3,4,4.46E-06
2022,7,4,9,16,4,0.000612504
2022,7,4,9,1,4,0.000366128
2022,7,4,10,1,4,1.48E-05
2022,7,5,6,1,4,0.000316157
2022,7,5,9,1,4,0.000866596
2022,7,5,11,1,4,0.000274121
2022,7,5,1,16,4,3.00E-05
2022,7,5,1,1,4,0.001143245
2022,7,5,2,16,4,0.000112342
2022,7,5,2,1,4,0.000661864
2022,7,5,3,1,4,2.44E-05
2022,7,5,4,1,4,0.000101464
2022,7,5,5,1,4,0.000532967
2022,7,6,2,1,4,2.06E-05
2022,7,6,4,1,4,0.000114625
2022,7,6,5,16,4,3.44E-06
2022,7,6,5,1,4,0.000185364
2022,7,6,7,1,4,0.000841108
2022,7,6,8,1,4,0.00272413
2022,7,6,9,1,4,0.000490311
2022,7,6,11,1,4,0.002829868
2022,7,7,6,1,4,0.000576749
2022,7,7,7,16,4,0.000180421
2022,7,7,7,1,4,0.001421048
2022,7,7,8,1,4,0.001519563
2022,7,7,9,16,4,0.001141584
2022,7,7,9,1,4,0.002695788
2022,7,7,10,1,4,0.000155417
2022,7,7,11,1,4,4.55E-05
2022,7,7,1,16,4,0.000340975
2022,7,7,1,1,4,0.006815865
2022,7,7,2,1,4,0.001443259
2022,7,7,3,1,4,0.000204637
2022,7,7,4,1,4,2.12E-05
2022,7,8,6,1,4,0.000898795
2022,7,8,7,3,4,7.19E-06
2022,7,8,7,1,4,0.003168619
2022,7,8,8,1,4,0.001473835
2022,7,8,9,16,4,0.000507178
2022,7,8,9,1,4,0.002988683
2022,7,8,10,1,4,0.001058472
2022,7,8,11,3,4,1.72E-05
2022,7,8,11,16,4,7.06E-05
2022,7,8,11,1,4,0.006261096
2022,7,8,1,1,4,0.000987512
2022,7,8,2,1,4,4.83E-05
2022,7,8,3,1,4,0.000146327
2022,7,8,4,16,4,1.45E-05
2022,7,8,4,1,4,0.001436296
2022,7,8,5,1,4,2.80E-05
2022,8,1,2,1,4,5.53E-05
2022,8,1,3,1,4,1.57E-05
2022,8,1,5,1,4,0.000328219
2022,8,1,7,16,4,0.000435676
2022,8,1,7,1,4,0.00087357
2022,8,1,8,1,4,0.00256293
2022,8,1,9,1,4,0.002221665
2022,8,1,11,1,4,9.28E-05
2022,8,2,1,1,4,0.000222916
2022,8,2,3,1,4,6.77E-05
2022,8,2,4,1,4,0.000215881
2022,8,2,5,16,4,0.000001045
2022,8,2,5,1,4,0.000294361
2022,8,2,6,1,4,0.005576459
2022,8,2,7,3,4,0.003496701
2022,8,2,7,16,4,3.99E-05
2022,8,2,7,1,4,0.006788674
2022,8,2,8,3,4,1.42E-05
2022,8,2,8,1,4,0.005547389
2022,8,2,9,16,4,6.36E-05
2022,8,2,9,1,4,0.002073019
2022,8,2,11,3,4,2.96E-07
2022,8,2,11,16,4,0.000795252
2022,8,2,11,1,4,0.002386517
2022,8,3,6,1,4,0.001719847
2022,8,3,7,3,4,6.65E-05
2022,8,3,7,1,4,0.001212758
2022,8,3,10,1,4,0.000423484
2022,8,3,1,1,4,0.000458875
2022,8,3,2,16,4,0.000233924
2022,8,3,2,1,4,0.000757066
2022,8,3,3,1,4,0.000125305
2022,8,3,4,1,4,0.000259625
2022,8,3,5,1,4,5.68E-05
2022,8,4,1,16,4,1.49E-05
2022,8,4,1,1,4,0.002602855
2022,8,4,2,16,4,0.000400515
2022,8,4,2,1,4,0.000968233
2022,8,4,3,1,4,9.47E-05
2022,8,4,4,16,4,4.70E-05
2022,8,4,4,1,4,0.000293898
2022,8,4,5,1,4,0.000273073
2022,8,4,6,1,4,0.001227826
2022,8,4,7,3,4,2.97E-05
2022,8,4,9,16,4,0.000548836
2022,8,4,9,1,4,0.000275926
2022,8,4,10,1,4,1.29E-05
2022,8,5,6,1,4,0.00036893
2022,8,5,9,1,4,0.000529459
2022,8,5,11,1,4,0.000407139
2022,8,5,1,16,4,2.89E-05
2022,8,5,1,1,4,0.001057019
2022,8,5,2,16,4,9.88E-05
2022,8,5,2,1,4,0.000377476
2022,8,5,3,1,4,2.43E-05
2022,8,5,4,1,4,5.96E-05
2022,8,5,5,1,4,0.000383652
2022,8,6,2,1,4,3.23E-05
2022,8,6,4,1,4,0.00012429
2022,8,6,5,16,4,2.06E-05
2022,8,6,5,1,4,0.000936669
2022,8,6,7,1,4,0.000445343
2022,8,6,8,1,4,0.001103714
2022,8,6,9,1,4,0.000281072
2022,8,6,11,1,4,0.001837326
2022,8,7,6,1,4,0.000594693
2022,8,7,7,16,4,0.000310725
2022,8,7,7,1,4,0.001743076
2022,8,7,8,1,4,0.001779056
2022,8,7,9,16,4,0.001137826
2022,8,7,9,1,4,0.003075188
2022,8,7,10,1,4,0.000133287
2022,8,7,11,1,4,3.99E-05
2022,8,7,1,16,4,0.000243647
2022,8,7,1,1,4,0.002544725
2022,8,7,2,1,4,0.000712609
2022,8,7,3,1,4,0.000220336
2022,8,7,4,1,4,1.06E-05
2022,8,8,6,1,4,0.00085811
2022,8,8,7,3,4,1.19E-05
2022,8,8,7,1,4,0.002609897
2022,8,8,8,1,4,0.000943984
2022,8,8,9,16,4,0.000523773
2022,8,8,9,1,4,0.00234442
2022,8,8,10,1,4,0.000759376
2022,8,8,11,3,4,3.03E-05
2022,8,8,11,16,4,5.65E-05
2022,8,8,11,1,4,0.00469195
2022,8,8,1,1,4,0.000540273
2022,8,8,2,1,4,8.07E-06
2022,8,8,3,1,4,6.02E-05
2022,8,8,4,16,4,1.26E-05
2022,8,8,4,1,4,0.000502538
2022,8,8,5,1,4,0.000107129
2022,9,1,2,1,4,4.24E-05
2022,9,1,3,1,4,2.36E-05
2022,9,1,5,1,4,0.000428918
2022,9,1,7,16,4,0.000788089
2022,9,1,7,1,4,0.000901518
2022,9,1,8,1,4,0.003331876
2022,9,1,9,1,4,0.003727066
2022,9,1,11,1,4,5.49E-05
2022,9,2,1,1,4,0.000131491
2022,9,2,2,1,4,1.04E-06
2022,9,2,3,1,4,0.000174795
2022,9,2,4,1,4,0.000396
2022,9,2,5,16,4,0.000001045
2022,9,2,5,1,4,0.000305624
2022,9,2,6,1,4,0.004165516
2022,9,2,7,3,4,0.004197742
2022,9,2,7,16,4,0.000108932
2022,9,2,7,1,4,0.00675037
2022,9,2,8,3,4,1.44E-05
2022,9,2,8,1,4,0.005965292
2022,9,2,9,16,4,7.66E-05
2022,9,2,9,1,4,0.002280106
2022,9,2,11,3,4,4.26E-07
2022,9,2,11,16,4,0.000844182
2022,9,2,11,1,4,0.001887948
2022,9,3,6,1,4,0.001721582
2022,9,3,7,3,4,0.000139083
2022,9,3,7,1,4,0.002984215
2022,9,3,10,1,4,0.002522124
2022,9,3,1,1,4,0.00024624
2022,9,3,2,16,4,0.000673385
2022,9,3,2,1,4,0.001716528
2022,9,3,3,1,4,0.000333283
2022,9,3,4,1,4,0.000976763
2022,9,3,5,1,4,0.000153404
2022,9,4,1,16,4,2.48E-05
2022,9,4,1,1,4,0.003295532
2022,9,4,2,16,4,0.001632474
2022,9,4,2,1,4,0.001621908
2022,9,4,3,1,4,0.000189205
2022,9,4,4,16,4,0.000226549
2022,9,4,4,1,4,0.001089607
2022,9,4,5,16,4,0.00000686
2022,9,4,5,1,4,0.000476152
2022,9,4,6,1,4,0.001075023
2022,9,4,7,3,4,0.000106008
2022,9,4,9,16,4,0.00122831
2022,9,4,9,1,4,0.000621589
2022,9,4,10,1,4,6.98E-05
2022,9,5,6,1,4,0.000466971
2022,9,5,9,1,4,0.000363901
2022,9,5,11,1,4,0.000357611
2022,9,5,1,16,4,8.27E-05
2022,9,5,1,1,4,0.000870049
2022,9,5,2,16,4,0.000278917
2022,9,5,2,1,4,0.000706439
2022,9,5,3,1,4,4.70E-05
2022,9,5,4,1,4,5.14E-05
2022,9,5,5,1,4,0.00135337
2022,9,6,2,1,4,3.82E-05
2022,9,6,4,1,4,0.000116775
2022,9,6,5,16,4,1.26E-05
2022,9,6,5,1,4,0.000383729
2022,9,6,7,1,4,0.000348395
2022,9,6,8,1,4,0.001354424
2022,9,6,9,1,4,0.000570867
2022,9,6,11,1,4,0.002282922
2022,9,7,6,1,4,0.000928693
2022,9,7,7,16,4,0.000350819
2022,9,7,7,1,4,0.001755476
2022,9,7,8,1,4,0.001550374
2022,9,7,9,16,4,0.00182303
2022,9,7,9,1,4,0.003935606
2022,9,7,10,1,4,0.000246969
2022,9,7,11,1,4,3.70E-05
2022,9,7,1,16,4,0.000514996
2022,9,7,1,1,4,0.004073245
2022,9,7,2,1,4,0.001450913
2022,9,7,3,1,4,0.000497998
2022,9,7,4,1,4,3.42E-05
2022,9,8,6,1,4,0.000624481
2022,9,8,7,3,4,3.75E-06
2022,9,8,7,1,4,0.002647154
2022,9,8,8,1,4,0.000884822
2022,9,8,9,16,4,0.00089547
2022,9,8,9,1,4,0.003449157
2022,9,8,10,1,4,0.00202272
2022,9,8,11,3,4,0.000140379
2022,9,8,11,16,4,0.00013412
2022,9,8,11,1,4,0.009353167
2022,9,8,1,1,4,0.000557546
2022,9,8,2,1,4,4.02E-05
2022,9,8,3,1,4,0.00027484
2022,9,8,4,16,4,5.90E-05
2022,9,8,4,1,4,0.001678341
2022,9,8,5,1,4,9.30E-05
2022,1,1,2,1,5,2.64E-07
2022,1,1,3,1,5,2.56E-07
2022,1,1,5,1,5,3.02E-06
2022,1,1,7,16,5,3.67E-06
2022,1,1,7,1,5,1.34E-05
2022,1,1,8,1,5,8.04E-05
2022,1,1,9,1,5,4.42E-05
2022,1,1,11,1,5,8.47E-07
2022,1,2,1,1,5,1.77E-06
2022,1,2,3,1,5,1.56E-06
2022,1,2,4,1,5,4.73E-06
2022,1,2,5,1,5,4.09E-06
2022,1,2,6,1,5,0.000128423
2022,1,2,7,3,5,6.67E-05
2022,1,2,7,1,5,0.000120849
2022,1,2,8,3,5,3.74E-07
2022,1,2,8,1,5,0.000161766
2022,1,2,9,16,5,2.10E-06
2022,1,2,9,1,5,4.03E-05
2022,1,2,11,3,5,2.88E-08
2022,1,2,11,16,5,2.35E-05
2022,1,2,11,1,5,5.12E-05
2022,1,3,6,1,5,5.78E-05
2022,1,3,7,3,5,2.80E-06
2022,1,3,7,1,5,6.40E-05
2022,1,3,10,1,5,1.13E-05
2022,1,3,1,1,5,3.95E-06
2022,1,3,2,16,5,2.64E-06
2022,1,3,2,1,5,2.15E-05
2022,1,3,3,1,5,2.25E-06
2022,1,3,4,1,5,1.08E-05
2022,1,3,5,1,5,2.11E-06
2022,1,4,1,16,5,1.57E-07
2022,1,4,1,1,5,3.69E-05
2022,1,4,2,16,5,1.22E-05
2022,1,4,2,1,5,1.62E-05
2022,1,4,3,1,5,1.91E-06
2022,1,4,4,16,5,6.19E-07
2022,1,4,4,1,5,1.44E-05
2022,1,4,5,16,5,1.55E-07
2022,1,4,5,1,5,6.53E-06
2022,1,4,6,1,5,4.27E-05
2022,1,4,7,3,5,6.61E-06
2022,1,4,9,16,5,2.25E-05
2022,1,4,9,1,5,1.22E-05
2022,1,4,10,1,5,7.70E-07
2022,1,5,6,1,5,8.17E-06
2022,1,5,9,1,5,3.39E-06
2022,1,5,11,1,5,5.34E-06
2022,1,5,1,16,5,9.00E-07
2022,1,5,1,1,5,5.11E-06
2022,1,5,2,16,5,1.73E-06
2022,1,5,2,1,5,1.22E-05
2022,1,5,3,1,5,9.17E-07
2022,1,5,4,1,5,5.21E-07
2022,1,5,5,1,5,1.27E-05
2022,1,6,2,1,5,1.03E-07
2022,1,6,4,1,5,8.88E-07
2022,1,6,5,16,5,6.03E-08
2022,1,6,5,1,5,2.78E-06
2022,1,6,7,1,5,7.11E-06
2022,1,6,8,1,5,3.25E-05
2022,1,6,9,1,5,5.92E-06
2022,1,6,11,1,5,3.89E-05
2022,1,7,6,1,5,2.34E-05
2022,1,7,7,16,5,6.54E-06
2022,1,7,7,1,5,6.43E-05
2022,1,7,8,1,5,6.87E-05
2022,1,7,9,16,5,2.41E-05
2022,1,7,9,1,5,0.000101939
2022,1,7,10,1,5,7.58E-06
2022,1,7,11,1,5,1.07E-06
2022,1,7,1,16,5,1.05E-06
2022,1,7,1,1,5,3.66E-05
2022,1,7,2,1,5,1.67E-05
2022,1,7,3,1,5,5.42E-06
2022,1,7,4,1,5,2.86E-07
2022,1,8,6,1,5,1.79E-05
2022,1,8,7,3,5,1.32E-07
2022,1,8,7,1,5,5.80E-05
2022,1,8,8,1,5,2.35E-05
2022,1,8,9,16,5,1.05E-05
2022,1,8,9,1,5,8.13E-05
2022,1,8,10,1,5,5.01E-05
2022,1,8,11,3,5,4.44E-06
2022,1,8,11,16,5,2.26E-06
2022,1,8,11,1,5,0.000175341
2022,1,8,1,1,5,1.23E-05
2022,1,8,4,16,5,6.62E-07
2022,1,8,4,1,5,4.35E-06
2022,1,8,5,1,5,9.07E-07
2022,2,1,2,1,5,8.48E-07
2022,2,1,3,1,5,1.08E-06
2022,2,1,5,1,5,1.10E-05
2022,2,1,7,16,5,1.31E-05
2022,2,1,7,1,5,3.92E-05
2022,2,1,8,1,5,0.000129411
2022,2,1,9,1,5,6.65E-05
2022,2,1,11,1,5,2.14E-06
2022,2,2,1,1,5,7.19E-06
2022,2,2,3,1,5,4.92E-06
2022,2,2,4,1,5,1.51E-05
2022,2,2,5,1,5,1.06E-05
2022,2,2,6,1,5,0.000235871
2022,2,2,7,3,5,0.000146735
2022,2,2,7,16,5,1.18E-06
2022,2,2,7,1,5,0.000233683
2022,2,2,8,3,5,5.46E-07
2022,2,2,8,1,5,0.000225723
2022,2,2,9,16,5,3.12E-06
2022,2,2,9,1,5,8.30E-05
2022,2,2,11,3,5,3.24E-08
2022,2,2,11,16,5,2.59E-05
2022,2,2,11,1,5,9.25E-05
2022,2,3,6,1,5,0.00011916
2022,2,3,7,3,5,7.23E-06
2022,2,3,7,1,5,0.000212841
2022,2,3,10,1,5,7.75E-05
2022,2,3,1,1,5,1.86E-05
2022,2,3,2,16,5,9.45E-06
2022,2,3,2,1,5,6.10E-05
2022,2,3,3,1,5,1.28E-05
2022,2,3,4,1,5,4.26E-05
2022,2,3,5,1,5,5.25E-06
2022,2,4,1,16,5,7.30E-07
2022,2,4,1,1,5,0.000168601
2022,2,4,2,16,5,4.25E-05
2022,2,4,2,1,5,0.000101974
2022,2,4,3,1,5,7.04E-06
2022,2,4,4,16,5,1.86E-06
2022,2,4,4,1,5,4.23E-05
2022,2,4,5,16,5,1.03E-07
2022,2,4,5,1,5,1.85E-05
2022,2,4,6,1,5,9.45E-05
2022,2,4,7,3,5,2.21E-05
2022,2,4,9,16,5,8.23E-05
2022,2,4,9,1,5,4.00E-05
2022,2,4,10,1,5,2.06E-06
2022,2,5,6,1,5,1.82E-05
2022,2,5,9,1,5,7.40E-06
2022,2,5,11,1,5,1.23E-05
2022,2,5,1,16,5,1.52E-06
2022,2,5,1,1,5,2.83E-05
2022,2,5,2,16,5,7.75E-06
2022,2,5,2,1,5,4.34E-05
2022,2,5,3,1,5,3.67E-06
2022,2,5,4,1,5,2.61E-06
2022,2,5,5,1,5,4.92E-05
2022,2,6,2,1,5,8.78E-07
2022,2,6,4,1,5,4.38E-06
2022,2,6,5,16,5,4.22E-07
2022,2,6,5,1,5,1.12E-05
2022,2,6,7,1,5,2.34E-05
2022,2,6,8,1,5,7.59E-05
2022,2,6,9,1,5,1.57E-05
2022,2,6,11,1,5,0.000107474
2022,2,7,6,1,5,9.67E-05
2022,2,7,7,16,5,4.35E-05
2022,2,7,7,1,5,0.00018102
2022,2,7,8,1,5,0.00016666
2022,2,7,9,16,5,8.38E-05
2022,2,7,9,1,5,0.000262258
2022,2,7,10,1,5,1.58E-05
2022,2,7,11,1,5,3.76E-06
2022,2,7,1,16,5,5.86E-06
2022,2,7,1,1,5,0.000174469
2022,2,7,2,1,5,4.97E-05
2022,2,7,3,1,5,1.43E-05
2022,2,7,4,1,5,9.81E-07
2022,2,8,6,1,5,6.21E-05
2022,2,8,7,3,5,1.46E-06
2022,2,8,7,1,5,0.000195913
2022,2,8,8,1,5,0.000114616
2022,2,8,9,16,5,3.52E-05
2022,2,8,9,1,5,0.000248631
2022,2,8,10,1,5,0.000120058
2022,2,8,11,3,5,5.04E-06
2022,2,8,11,16,5,5.18E-06
2022,2,8,11,1,5,0.000505716
2022,2,8,1,1,5,3.49E-05
2022,2,8,2,1,5,5.79E-07
2022,2,8,3,1,5,1.18E-06
2022,2,8,4,16,5,4.07E-07
2022,2,8,4,1,5,1.50E-05
2022,2,8,5,1,5,2.14E-06
2022,3,1,2,1,5,1.70E-06
2022,3,1,3,1,5,4.12E-07
2022,3,1,5,1,5,1.23E-05
2022,3,1,7,16,5,3.52E-05
2022,3,1,7,1,5,8.66E-05
2022,3,1,8,1,5,0.000451371
2022,3,1,9,1,5,0.00011978
2022,3,1,11,1,5,4.29E-06
2022,3,2,1,1,5,1.43E-05
2022,3,2,3,1,5,7.13E-06
2022,3,2,4,1,5,2.10E-05
2022,3,2,5,1,5,1.23E-05
2022,3,2,6,1,5,0.000458639
2022,3,2,7,3,5,0.000398794
2022,3,2,7,16,5,3.48E-06
2022,3,2,7,1,5,0.000410621
2022,3,2,8,3,5,1.27E-06
2022,3,2,8,1,5,0.000493443
2022,3,2,9,16,5,3.12E-06
2022,3,2,9,1,5,0.000100528
2022,3,2,11,3,5,6.70E-08
2022,3,2,11,16,5,5.32E-05
2022,3,2,11,1,5,0.000161604
2022,3,3,6,1,5,0.000165783
2022,3,3,7,3,5,8.25E-06
2022,3,3,7,1,5,0.00016172
2022,3,3,10,1,5,3.80E-05
2022,3,3,1,1,5,2.24E-05
2022,3,3,2,16,5,2.36E-05
2022,3,3,2,1,5,6.85E-05
2022,3,3,3,1,5,1.48E-05
2022,3,3,4,1,5,3.05E-05
2022,3,3,5,1,5,4.19E-06
2022,3,4,1,16,5,1.25E-06
2022,3,4,1,1,5,0.000293554
2022,3,4,2,16,5,5.35E-05
2022,3,4,2,1,5,8.91E-05
2022,3,4,3,1,5,8.56E-06
2022,3,4,4,16,5,4.84E-06
2022,3,4,4,1,5,3.86E-05
2022,3,4,5,16,5,2.06E-07
2022,3,4,5,1,5,2.10E-05
2022,3,4,6,1,5,0.000152188
2022,3,4,7,3,5,3.37E-06
2022,3,4,9,16,5,6.43E-05
2022,3,4,9,1,5,5.22E-05
2022,3,4,10,1,5,9.82E-07
2022,3,5,6,1,5,3.05E-05
2022,3,5,9,1,5,1.34E-05
2022,3,5,11,1,5,1.90E-05
2022,3,5,1,16,5,2.06E-06
2022,3,5,1,1,5,5.36E-05
2022,3,5,2,16,5,1.34E-05
2022,3,5,2,1,5,7.84E-05
2022,3,5,3,1,5,1.42E-05
2022,3,5,4,1,5,6.85E-06
2022,3,5,5,1,5,3.31E-05
2022,3,6,2,1,5,8.26E-07
2022,3,6,4,1,5,6.34E-06
2022,3,6,5,16,5,6.03E-07
2022,3,6,5,1,5,1.74E-05
2022,3,6,7,1,5,4.55E-05
2022,3,6,8,1,5,0.000100492
2022,3,6,9,1,5,1.81E-05
2022,3,6,11,1,5,0.000172744
2022,3,7,6,1,5,0.000109585
2022,3,7,7,16,5,4.71E-05
2022,3,7,7,1,5,0.000268065
2022,3,7,8,1,5,0.000303903
2022,3,7,9,16,5,0.000153651
2022,3,7,9,1,5,0.000350921
2022,3,7,10,1,5,2.26E-05
2022,3,7,11,1,5,7.99E-06
2022,3,7,1,16,5,2.44E-05
2022,3,7,1,1,5,0.000353115
2022,3,7,2,1,5,6.03E-05
2022,3,7,3,1,5,3.70E-05
2022,3,7,4,1,5,7.09E-07
2022,3,8,6,1,5,8.91E-05
2022,3,8,7,3,5,8.72E-07
2022,3,8,7,1,5,0.00030689
2022,3,8,8,1,5,0.000156257
2022,3,8,9,16,5,4.68E-05
2022,3,8,9,1,5,0.000322804
2022,3,8,10,1,5,0.000139117
2022,3,8,11,3,5,3.64E-06
2022,3,8,11,16,5,7.21E-06
2022,3,8,11,1,5,0.000554704
2022,3,8,1,1,5,5.49E-05
2022,3,8,2,1,5,4.22E-07
2022,3,8,3,1,5,1.08E-06
2022,3,8,4,16,5,1.22E-06
2022,3,8,4,1,5,2.15E-05
2022,3,8,5,1,5,2.34E-06
2022,4,1,2,1,5,9.04E-07
2022,4,1,3,1,5,6.68E-07
2022,4,1,5,1,5,3.20E-06
2022,4,1,7,16,5,2.32E-05
2022,4,1,7,1,5,4.35E-05
2022,4,1,8,1,5,0.000156019
2022,4,1,9,1,5,4.92E-05
2022,4,1,11,1,5,2.44E-06
2022,4,2,1,1,5,4.83E-06
2022,4,2,3,1,5,1.65E-06
2022,4,2,4,1,5,6.69E-06
2022,4,2,5,16,5,0.000000055
2022,4,2,5,1,5,3.54E-06
2022,4,2,6,1,5,0.000399207
2022,4,2,7,3,5,0.000265376
2022,4,2,7,16,5,5.12E-07
2022,4,2,7,1,5,0.000363875
2022,4,2,8,3,5,1.22E-06
2022,4,2,8,1,5,0.000407431
2022,4,2,9,16,5,2.48E-06
2022,4,2,9,1,5,6.60E-05
2022,4,2,11,3,5,6.36E-08
2022,4,2,11,16,5,3.01E-05
2022,4,2,11,1,5,0.000134019
2022,4,3,6,1,5,8.84E-05
2022,4,3,7,3,5,4.76E-06
2022,4,3,7,1,5,9.23E-05
2022,4,3,10,1,5,5.00E-06
2022,4,3,1,1,5,1.51E-05
2022,4,3,2,16,5,4.85E-06
2022,4,3,2,1,5,3.81E-05
2022,4,3,3,1,5,5.55E-06
2022,4,3,4,1,5,8.51E-06
2022,4,3,5,1,5,1.35E-06
2022,4,4,1,16,5,3.65E-07
2022,4,4,1,1,5,0.000171456
2022,4,4,2,16,5,1.87E-05
2022,4,4,2,1,5,4.05E-05
2022,4,4,3,1,5,4.67E-06
2022,4,4,4,16,5,1.75E-06
2022,4,4,4,1,5,1.07E-05
2022,4,4,5,16,5,5.16E-08
2022,4,4,5,1,5,7.39E-06
2022,4,4,6,1,5,9.86E-05
2022,4,4,7,3,5,3.44E-06
2022,4,4,9,16,5,2.23E-05
2022,4,4,9,1,5,1.26E-05
2022,4,4,10,1,5,4.16E-07
2022,4,5,6,1,5,1.32E-05
2022,4,5,9,1,5,8.54E-06
2022,4,5,11,1,5,9.76E-06
2022,4,5,1,16,5,8.48E-07
2022,4,5,1,1,5,2.96E-05
2022,4,5,2,16,5,2.29E-06
2022,4,5,2,1,5,1.84E-05
2022,4,5,3,1,5,8.64E-07
2022,4,5,4,1,5,1.31E-06
2022,4,5,5,1,5,5.96E-06
2022,4,6,2,1,5,1.55E-07
2022,4,6,4,1,5,2.61E-06
2022,4,6,5,1,5,4.96E-06
2022,4,6,7,1,5,2.00E-05
2022,4,6,8,1,5,7.46E-05
2022,4,6,9,1,5,1.23E-05
2022,4,6,11,1,5,8.97E-05
2022,4,7,6,1,5,3.71E-05
2022,4,7,7,16,5,1.47E-05
2022,4,7,7,1,5,0.000123339
2022,4,7,8,1,5,0.000135455
2022,4,7,9,16,5,3.58E-05
2022,4,7,9,1,5,0.000163414
2022,4,7,10,1,5,4.68E-06
2022,4,7,11,1,5,2.14E-06
2022,4,7,1,16,5,1.07E-05
2022,4,7,1,1,5,0.000158767
2022,4,7,2,1,5,1.95E-05
2022,4,7,3,1,5,1.34E-05
2022,4,7,4,1,5,2.59E-07
2022,4,8,6,1,5,4.91E-05
2022,4,8,7,3,5,6.91E-07
2022,4,8,7,1,5,0.000134218
2022,4,8,8,1,5,8.06E-05
2022,4,8,9,16,5,1.94E-05
2022,4,8,9,1,5,0.000124991
2022,4,8,10,1,5,4.68E-05
2022,4,8,11,3,5,6.09E-07
2022,4,8,11,16,5,3.02E-06
2022,4,8,11,1,5,0.000212953
2022,4,8,1,1,5,2.82E-05
2022,4,8,2,1,5,2.65E-07
2022,4,8,3,1,5,5.14E-07
2022,4,8,4,16,5,3.56E-07
2022,4,8,4,1,5,7.12E-06
2022,4,8,5,1,5,9.67E-07
2022,5,1,2,1,5,2.07E-06
2022,5,1,3,1,5,9.28E-07
2022,5,1,5,1,5,2.61E-05
2022,5,1,7,16,5,5.12E-05
2022,5,1,7,1,5,0.000121619
2022,5,1,8,1,5,0.000396132
2022,5,1,9,1,5,0.000262815
2022,5,1,11,1,5,2.69E-06
2022,5,2,1,1,5,1.40E-05
2022,5,2,2,1,5,1.10E-07
2022,5,2,3,1,5,9.37E-06
2022,5,2,4,1,5,2.50E-05
2022,5,2,5,1,5,2.08E-05
2022,5,2,6,1,5,0.000624374
2022,5,2,7,3,5,0.000631017
2022,5,2,7,16,5,5.37E-06
2022,5,2,7,1,5,0.00064085
2022,5,2,8,3,5,1.49E-06
2022,5,2,8,1,5,0.000642516
2022,5,2,9,16,5,7.04E-06
2022,5,2,9,1,5,0.000273015
2022,5,2,11,3,5,6.57E-08
2022,5,2,11,16,5,5.90E-05
2022,5,2,11,1,5,0.000205003
2022,5,3,6,1,5,0.000214056
2022,5,3,7,3,5,1.28E-05
2022,5,3,7,1,5,0.000229352
2022,5,3,10,1,5,7.52E-05
2022,5,3,1,1,5,4.49E-05
2022,5,3,2,16,5,2.35E-05
2022,5,3,2,1,5,0.000179283
2022,5,3,3,1,5,1.21E-05
2022,5,3,4,1,5,5.12E-05
2022,5,3,5,1,5,9.80E-06
2022,5,4,1,16,5,8.35E-07
2022,5,4,1,1,5,0.000360883
2022,5,4,2,16,5,5.59E-05
2022,5,4,2,1,5,0.000124398
2022,5,4,3,1,5,6.46E-06
2022,5,4,4,16,5,5.11E-06
2022,5,4,4,1,5,5.93E-05
2022,5,4,5,16,5,3.09E-07
2022,5,4,5,1,5,2.78E-05
2022,5,4,6,1,5,0.000131407
2022,5,4,7,3,5,2.35E-06
2022,5,4,9,16,5,5.19E-05
2022,5,4,9,1,5,4.76E-05
2022,5,4,10,1,5,2.09E-06
2022,5,5,6,1,5,2.55E-05
2022,5,5,9,1,5,2.95E-05
2022,5,5,11,1,5,3.49E-05
2022,5,5,1,16,5,2.49E-06
2022,5,5,1,1,5,7.85E-05
2022,5,5,2,16,5,1.23E-05
2022,5,5,2,1,5,8.12E-05
2022,5,5,3,1,5,8.19E-06
2022,5,5,4,1,5,4.44E-06
2022,5,5,5,1,5,6.62E-05
2022,5,6,2,1,5,1.13E-06
2022,5,6,4,1,5,9.18E-06
2022,5,6,5,16,5,3.01E-07
2022,5,6,5,1,5,2.86E-05
2022,5,6,7,1,5,4.87E-05
2022,5,6,8,1,5,0.00015582
2022,5,6,9,1,5,4.90E-05
2022,5,6,11,1,5,0.000214304
2022,5,7,6,1,5,5.62E-05
2022,5,7,7,16,5,3.38E-05
2022,5,7,7,1,5,0.000145159
2022,5,7,8,1,5,0.000156928
2022,5,7,9,16,5,9.31E-05
2022,5,7,9,1,5,0.000231533
2022,5,7,10,1,5,1.60E-05
2022,5,7,11,1,5,1.99E-06
2022,5,7,1,16,5,3.16E-05
2022,5,7,1,1,5,0.000542361
2022,5,7,2,1,5,0.000123441
2022,5,7,3,1,5,1.92E-05
2022,5,7,4,1,5,2.45E-06
2022,5,8,6,1,5,7.38E-05
2022,5,8,7,3,5,2.73E-06
2022,5,8,7,1,5,0.000283467
2022,5,8,8,1,5,0.000126228
2022,5,8,9,16,5,4.74E-05
2022,5,8,9,1,5,0.000297488
2022,5,8,10,1,5,0.000104263
2022,5,8,11,3,5,1.53E-06
2022,5,8,11,16,5,9.99E-06
2022,5,8,11,1,5,0.000726438
2022,5,8,1,1,5,8.18E-05
2022,5,8,2,1,5,4.92E-06
2022,5,8,3,1,5,1.57E-05
2022,5,8,4,16,5,1.88E-06
2022,5,8,4,1,5,0.000112138
2022,5,8,5,1,5,6.82E-06
2022,6,1,2,1,5,1.59E-07
2022,6,1,3,1,5,3.07E-07
2022,6,1,5,1,5,2.29E-06
2022,6,1,7,16,5,1.45E-05
2022,6,1,7,1,5,2.31E-05
2022,6,1,8,1,5,0.00013342
2022,6,1,9,1,5,6.22E-05
2022,6,1,11,1,5,6.98E-07
2022,6,2,1,1,5,2.86E-06
2022,6,2,2,1,5,1.08E-07
2022,6,2,3,1,5,8.27E-07
2022,6,2,4,1,5,4.58E-06
2022,6,2,5,1,5,1.89E-06
2022,6,2,6,1,5,0.000216384
2022,6,2,7,3,5,0.000239091
2022,6,2,7,16,5,3.38E-06
2022,6,2,7,1,5,0.000166661
2022,6,2,8,3,5,6.05E-07
2022,6,2,8,1,5,0.00024737
2022,6,2,9,16,5,1.42E-06
2022,6,2,9,1,5,6.77E-05
2022,6,2,11,3,5,2.39E-08
2022,6,2,11,16,5,1.75E-05
2022,6,2,11,1,5,6.09E-05
2022,6,3,6,1,5,3.64E-05
2022,6,3,7,3,5,2.87E-06
2022,6,3,7,1,5,6.31E-05
2022,6,3,10,1,5,7.47E-06
2022,6,3,1,1,5,1.27E-05
2022,6,3,2,16,5,6.81E-06
2022,6,3,2,1,5,3.69E-05
2022,6,3,3,1,5,1.93E-06
2022,6,3,4,1,5,5.30E-06
2022,6,3,5,1,5,7.97E-07
2022,6,4,1,16,5,2.08E-07
2022,6,4,1,1,5,0.000155119
2022,6,4,2,16,5,1.75E-05
2022,6,4,2,1,5,3.23E-05
2022,6,4,3,1,5,1.62E-06
2022,6,4,4,16,5,1.60E-06
2022,6,4,4,1,5,7.65E-06
2022,6,4,5,1,5,4.18E-06
2022,6,4,6,1,5,6.97E-05
2022,6,4,7,3,5,7.82E-07
2022,6,4,9,16,5,1.30E-05
2022,6,4,9,1,5,1.21E-05
2022,6,4,10,1,5,5.31E-07
2022,6,5,6,1,5,7.45E-06
2022,6,5,9,1,5,8.33E-06
2022,6,5,11,1,5,8.69E-06
2022,6,5,1,16,5,7.86E-07
2022,6,5,1,1,5,6.39E-05
2022,6,5,2,16,5,1.99E-06
2022,6,5,2,1,5,1.46E-05
2022,6,5,3,1,5,4.10E-07
2022,6,5,4,1,5,1.77E-06
2022,6,5,5,1,5,6.95E-06
2022,6,6,2,1,5,5.16E-07
2022,6,6,4,1,5,1.78E-06
2022,6,6,5,16,5,1.81E-07
2022,6,6,5,1,5,3.63E-06
2022,6,6,7,1,5,1.40E-05
2022,6,6,8,1,5,5.04E-05
2022,6,6,9,1,5,1.39E-05
2022,6,6,11,1,5,5.37E-05
2022,6,7,6,1,5,9.94E-06
2022,6,7,7,16,5,6.01E-06
2022,6,7,7,1,5,4.15E-05
2022,6,7,8,1,5,5.92E-05
2022,6,7,9,16,5,2.64E-05
2022,6,7,9,1,5,6.82E-05
2022,6,7,10,1,5,4.72E-06
2022,6,7,11,1,5,4.07E-07
2022,6,7,1,16,5,1.02E-05
2022,6,7,1,1,5,0.000169259
2022,6,7,2,1,5,2.98E-05
2022,6,7,3,1,5,5.03E-06
2022,6,7,4,1,5,3.82E-07
2022,6,8,6,1,5,2.21E-05
2022,6,8,7,3,5,1.37E-06
2022,6,8,7,1,5,8.40E-05
2022,6,8,8,1,5,4.78E-05
2022,6,8,9,16,5,1.41E-05
2022,6,8,9,1,5,7.64E-05
2022,6,8,10,1,5,2.14E-05
2022,6,8,11,3,5,6.09E-07
2022,6,8,11,16,5,2.00E-06
2022,6,8,11,1,5,0.000142085
2022,6,8,1,1,5,2.66E-05
2022,6,8,2,1,5,7.97E-07
2022,6,8,3,1,5,2.27E-06
2022,6,8,4,16,5,1.02E-07
2022,6,8,4,1,5,1.68E-05
2022,6,8,5,1,5,1.53E-07
2022,7,1,2,1,5,2.39E-06
2022,7,1,3,1,5,2.08E-07
2022,7,1,5,1,5,1.10E-05
2022,7,1,7,16,5,3.02E-05
2022,7,1,7,1,5,7.21E-05
2022,7,1,8,1,5,0.000264369
2022,7,1,9,1,5,0.000152866
2022,7,1,11,1,5,2.29E-06
2022,7,2,1,1,5,1.57E-05
2022,7,2,2,1,5,1.08E-07
2022,7,2,3,1,5,3.88E-06
2022,7,2,4,1,5,1.72E-05
2022,7,2,5,1,5,9.52E-06
2022,7,2,6,1,5,0.000470197
2022,7,2,7,3,5,0.000610745
2022,7,2,7,16,5,7.01E-06
2022,7,2,7,1,5,0.000473272
2022,7,2,8,3,5,1.53E-06
2022,7,2,8,1,5,0.000566013
2022,7,2,9,16,5,5.38E-06
2022,7,2,9,1,5,0.000140413
2022,7,2,11,3,5,4.80E-08
2022,7,2,11,16,5,5.16E-05
2022,7,2,11,1,5,0.000170368
2022,7,3,6,1,5,6.63E-05
2022,7,3,7,3,5,4.45E-06
2022,7,3,7,1,5,8.94E-05
2022,7,3,10,1,5,2.52E-05
2022,7,3,1,1,5,3.00E-05
2022,7,3,2,16,5,1.16E-05
2022,7,3,2,1,5,0.000103779
2022,7,3,3,1,5,1.14E-05
2022,7,3,4,1,5,2.17E-05
2022,7,3,5,1,5,4.74E-06
2022,7,4,1,16,5,6.78E-07
2022,7,4,1,1,5,0.000231773
2022,7,4,2,16,5,3.91E-05
2022,7,4,2,1,5,9.46E-05
2022,7,4,3,1,5,5.69E-06
2022,7,4,4,16,5,3.76E-06
2022,7,4,4,1,5,3.34E-05
2022,7,4,5,16,5,3.09E-07
2022,7,4,5,1,5,1.34E-05
2022,7,4,6,1,5,8.33E-05
2022,7,4,7,3,5,2.35E-07
2022,7,4,9,16,5,3.22E-05
2022,7,4,9,1,5,1.93E-05
2022,7,4,10,1,5,7.79E-07
2022,7,5,6,1,5,1.66E-05
2022,7,5,9,1,5,4.56E-05
2022,7,5,11,1,5,1.44E-05
2022,7,5,1,16,5,1.58E-06
2022,7,5,1,1,5,6.02E-05
2022,7,5,2,16,5,5.91E-06
2022,7,5,2,1,5,3.48E-05
2022,7,5,3,1,5,1.28E-06
2022,7,5,4,1,5,5.34E-06
2022,7,5,5,1,5,2.81E-05
2022,7,6,2,1,5,1.08E-06
2022,7,6,4,1,5,6.03E-06
2022,7,6,5,16,5,1.81E-07
2022,7,6,5,1,5,9.76E-06
2022,7,6,7,1,5,4.43E-05
2022,7,6,8,1,5,0.000143375
2022,7,6,9,1,5,2.58E-05
2022,7,6,11,1,5,0.00014894
2022,7,7,6,1,5,3.04E-05
2022,7,7,7,16,5,9.50E-06
2022,7,7,7,1,5,7.48E-05
2022,7,7,8,1,5,8.00E-05
2022,7,7,9,16,5,6.01E-05
2022,7,7,9,1,5,0.000141884
2022,7,7,10,1,5,8.18E-06
2022,7,7,11,1,5,2.40E-06
2022,7,7,1,16,5,1.79E-05
2022,7,7,1,1,5,0.00035873
2022,7,7,2,1,5,7.60E-05
2022,7,7,3,1,5,1.08E-05
2022,7,7,4,1,5,1.12E-06
2022,7,8,6,1,5,4.73E-05
2022,7,8,7,3,5,3.78E-07
2022,7,8,7,1,5,0.000166769
2022,7,8,8,1,5,7.76E-05
2022,7,8,9,16,5,2.67E-05
2022,7,8,9,1,5,0.000157299
2022,7,8,10,1,5,5.57E-05
2022,7,8,11,3,5,9.05E-07
2022,7,8,11,16,5,3.71E-06
2022,7,8,11,1,5,0.000329531
2022,7,8,1,1,5,5.20E-05
2022,7,8,2,1,5,2.54E-06
2022,7,8,3,1,5,7.70E-06
2022,7,8,4,16,5,7.63E-07
2022,7,8,4,1,5,7.56E-05
2022,7,8,5,1,5,1.48E-06
2022,8,1,2,1,5,2.91E-06
2022,8,1,3,1,5,8.27E-07
2022,8,1,5,1,5,1.73E-05
2022,8,1,7,16,5,2.29E-05
2022,8,1,7,1,5,4.60E-05
2022,8,1,8,1,5,0.000134891
2022,8,1,9,1,5,0.00011693
2022,8,1,11,1,5,4.88E-06
2022,8,2,1,1,5,1.17E-05
2022,8,2,3,1,5,3.57E-06
2022,8,2,4,1,5,1.14E-05
2022,8,2,5,16,5,0.000000055
2022,8,2,5,1,5,1.55E-05
2022,8,2,6,1,5,0.000293498
2022,8,2,7,3,5,0.000184037
2022,8,2,7,16,5,2.10E-06
2022,8,2,7,1,5,0.000357299
2022,8,2,8,3,5,7.46E-07
2022,8,2,8,1,5,0.000291968
2022,8,2,9,16,5,3.35E-06
2022,8,2,9,1,5,0.000109106
2022,8,2,11,3,5,1.56E-08
2022,8,2,11,16,5,4.19E-05
2022,8,2,11,1,5,0.000125606
2022,8,3,6,1,5,9.05E-05
2022,8,3,7,3,5,3.50E-06
2022,8,3,7,1,5,6.38E-05
2022,8,3,10,1,5,2.23E-05
2022,8,3,1,1,5,2.42E-05
2022,8,3,2,16,5,1.23E-05
2022,8,3,2,1,5,3.98E-05
2022,8,3,3,1,5,6.60E-06
2022,8,3,4,1,5,1.37E-05
2022,8,3,5,1,5,2.99E-06
2022,8,4,1,16,5,7.82E-07
2022,8,4,1,1,5,0.000136992
2022,8,4,2,16,5,2.11E-05
2022,8,4,2,1,5,5.10E-05
2022,8,4,3,1,5,4.98E-06
2022,8,4,4,16,5,2.48E-06
2022,8,4,4,1,5,1.55E-05
2022,8,4,5,1,5,1.44E-05
2022,8,4,6,1,5,6.46E-05
2022,8,4,7,3,5,1.56E-06
2022,8,4,9,16,5,2.89E-05
2022,8,4,9,1,5,1.45E-05
2022,8,4,10,1,5,6.81E-07
2022,8,5,6,1,5,1.94E-05
2022,8,5,9,1,5,2.79E-05
2022,8,5,11,1,5,2.14E-05
2022,8,5,1,16,5,1.52E-06
2022,8,5,1,1,5,5.56E-05
2022,8,5,2,16,5,5.20E-06
2022,8,5,2,1,5,1.99E-05
2022,8,5,3,1,5,1.28E-06
2022,8,5,4,1,5,3.14E-06
2022,8,5,5,1,5,2.02E-05
2022,8,6,2,1,5,1.70E-06
2022,8,6,4,1,5,6.54E-06
2022,8,6,5,16,5,1.08E-06
2022,8,6,5,1,5,4.93E-05
2022,8,6,7,1,5,2.34E-05
2022,8,6,8,1,5,5.81E-05
2022,8,6,9,1,5,1.48E-05
2022,8,6,11,1,5,9.67E-05
2022,8,7,6,1,5,3.13E-05
2022,8,7,7,16,5,1.64E-05
2022,8,7,7,1,5,9.17E-05
2022,8,7,8,1,5,9.36E-05
2022,8,7,9,16,5,5.99E-05
2022,8,7,9,1,5,0.000161852
2022,8,7,10,1,5,7.02E-06
2022,8,7,11,1,5,2.10E-06
2022,8,7,1,16,5,1.28E-05
2022,8,7,1,1,5,0.000133933
2022,8,7,2,1,5,3.75E-05
2022,8,7,3,1,5,1.16E-05
2022,8,7,4,1,5,5.59E-07
2022,8,8,6,1,5,4.52E-05
2022,8,8,7,3,5,6.25E-07
2022,8,8,7,1,5,0.000137363
2022,8,8,8,1,5,4.97E-05
2022,8,8,9,16,5,2.76E-05
2022,8,8,9,1,5,0.000123391
2022,8,8,10,1,5,4.00E-05
2022,8,8,11,3,5,1.60E-06
2022,8,8,11,16,5,2.98E-06
2022,8,8,11,1,5,0.000246945
2022,8,8,1,1,5,2.84E-05
2022,8,8,2,1,5,4.25E-07
2022,8,8,3,1,5,3.17E-06
2022,8,8,4,16,5,6.62E-07
2022,8,8,4,1,5,2.64E-05
2022,8,8,5,1,5,5.64E-06
2022,9,1,2,1,5,2.23E-06
2022,9,1,3,1,5,1.24E-06
2022,9,1,5,1,5,2.26E-05
2022,9,1,7,16,5,4.15E-05
2022,9,1,7,1,5,4.74E-05
2022,9,1,8,1,5,0.000175362
2022,9,1,9,1,5,0.000196161
2022,9,1,11,1,5,2.89E-06
2022,9,2,1,1,5,6.92E-06
2022,9,2,2,1,5,5.50E-08
2022,9,2,3,1,5,9.20E-06
2022,9,2,4,1,5,2.08E-05
2022,9,2,5,16,5,0.000000055
2022,9,2,5,1,5,1.61E-05
2022,9,2,6,1,5,0.000219238
2022,9,2,7,3,5,0.000220934
2022,9,2,7,16,5,5.73E-06
2022,9,2,7,1,5,0.000355283
2022,9,2,8,3,5,7.57E-07
2022,9,2,8,1,5,0.000313963
2022,9,2,9,16,5,4.03E-06
2022,9,2,9,1,5,0.000120006
2022,9,2,11,3,5,2.24E-08
2022,9,2,11,16,5,4.44E-05
2022,9,2,11,1,5,9.94E-05
2022,9,3,6,1,5,9.06E-05
2022,9,3,7,3,5,7.32E-06
2022,9,3,7,1,5,0.000157064
2022,9,3,10,1,5,0.000132743
2022,9,3,1,1,5,1.30E-05
2022,9,3,2,16,5,3.54E-05
2022,9,3,2,1,5,9.03E-05
2022,9,3,3,1,5,1.75E-05
2022,9,3,4,1,5,5.14E-05
2022,9,3,5,1,5,8.07E-06
2022,9,4,1,16,5,1.30E-06
2022,9,4,1,1,5,0.000173449
2022,9,4,2,16,5,8.59E-05
2022,9,4,2,1,5,8.54E-05
2022,9,4,3,1,5,9.96E-06
2022,9,4,4,16,5,1.19E-05
2022,9,4,4,1,5,5.73E-05
2022,9,4,5,16,5,3.61E-07
2022,9,4,5,1,5,2.51E-05
2022,9,4,6,1,5,5.66E-05
2022,9,4,7,3,5,5.58E-06
2022,9,4,9,16,5,6.46E-05
2022,9,4,9,1,5,3.27E-05
2022,9,4,10,1,5,3.67E-06
2022,9,5,6,1,5,2.46E-05
2022,9,5,9,1,5,1.92E-05
2022,9,5,11,1,5,1.88E-05
2022,9,5,1,16,5,4.35E-06
2022,9,5,1,1,5,4.58E-05
2022,9,5,2,16,5,1.47E-05
2022,9,5,2,1,5,3.72E-05
2022,9,5,3,1,5,2.47E-06
2022,9,5,4,1,5,2.71E-06
2022,9,5,5,1,5,7.12E-05
2022,9,6,2,1,5,2.01E-06
2022,9,6,4,1,5,6.15E-06
2022,9,6,5,16,5,6.63E-07
2022,9,6,5,1,5,2.02E-05
2022,9,6,7,1,5,1.83E-05
2022,9,6,8,1,5,7.13E-05
2022,9,6,9,1,5,3.00E-05
2022,9,6,11,1,5,0.000120154
2022,9,7,6,1,5,4.89E-05
2022,9,7,7,16,5,1.85E-05
2022,9,7,7,1,5,9.24E-05
2022,9,7,8,1,5,8.16E-05
2022,9,7,9,16,5,9.59E-05
2022,9,7,9,1,5,0.000207137
2022,9,7,10,1,5,1.30E-05
2022,9,7,11,1,5,1.95E-06
2022,9,7,1,16,5,2.71E-05
2022,9,7,1,1,5,0.000214381
2022,9,7,2,1,5,7.64E-05
2022,9,7,3,1,5,2.62E-05
2022,9,7,4,1,5,1.80E-06
2022,9,8,6,1,5,3.29E-05
2022,9,8,7,3,5,1.97E-07
2022,9,8,7,1,5,0.000139324
2022,9,8,8,1,5,4.66E-05
2022,9,8,9,16,5,4.71E-05
2022,9,8,9,1,5,0.000181535
2022,9,8,10,1,5,0.000106459
2022,9,8,11,3,5,7.39E-06
2022,9,8,11,16,5,7.06E-06
2022,9,8,11,1,5,0.000492272
2022,9,8,1,1,5,2.93E-05
2022,9,8,2,1,5,2.11E-06
2022,9,8,3,1,5,1.45E-05
2022,9,8,4,16,5,3.10E-06
2022,9,8,4,1,5,8.83E-05
2022,9,8,5,1,5,4.90E-06
2021,1,1,3,1,1,0.000204296
2021,1,1,5,6,1,1.51E-06
2021,1,1,5,1,1,0.000409169
2021,1,1,8,2,1,3.11E-05
2021,1,1,8,2,4,9.10E-06
2021,1,1,8,1,2,1.01E-05
2021,1,1,8,1,3,9.13E-06
2021,1,1,8,1,1,0.004395651
2021,1,1,9,1,2,5.03E-05
2021,1,1,9,1,3,7.22E-06
2021,1,1,9,1,1,0.014150507
2021,1,1,11,2,1,3.36E-05
2021,1,1,11,2,4,3.01E-06
2021,1,1,11,1,1,0.000380762
2021,1,2,1,1,2,4.35E-05
2021,1,2,1,1,1,0.000809633
2021,1,2,3,4,1,9.13E-05
2021,1,2,3,1,1,0.000769601
2021,1,2,4,7,2,9.16E-06
2021,1,2,4,7,1,2.96E-05
2021,1,2,4,6,1,1.46E-05
2021,1,2,4,6,4,1.04E-06
2021,1,2,4,1,2,2.77E-05
2021,1,2,4,1,1,0.002565522
2021,1,2,5,1,1,0.000433906
2021,1,2,6,2,1,0.000298311
2021,1,2,6,2,4,3.28E-05
2021,1,2,6,1,2,0.000120784
2021,1,2,6,1,3,1.67E-05
2021,1,2,6,1,1,0.017060861
2021,1,2,7,3,2,2.33E-05
2021,1,2,7,3,3,8.34E-05
2021,1,2,7,3,1,0.002251195
2021,1,2,7,16,1,7.14E-06
2021,1,2,7,1,2,8.03E-06
2021,1,2,7,1,3,4.66E-05
2021,1,2,7,1,1,0.00828376
2021,1,2,8,3,2,2.04E-07
2021,1,2,8,3,3,2.27E-07
2021,1,2,8,3,1,5.91E-05
2021,1,2,8,2,1,0.001652492
2021,1,2,8,2,4,0.000232236
2021,1,2,8,1,2,2.11E-05
2021,1,2,8,1,3,4.24E-05
2021,1,2,8,1,1,0.016399138
2021,1,2,9,1,2,3.88E-05
2021,1,2,9,1,3,9.25E-06
2021,1,2,9,1,1,0.00845483
2021,1,2,11,3,1,2.98E-06
2021,1,2,11,16,3,5.00E-06
2021,1,2,11,16,1,0.00118789
2021,1,2,11,2,2,2.00E-06
2021,1,2,11,2,1,0.000881725
2021,1,2,11,2,4,0.000213361
2021,1,2,11,1,2,5.99E-06
2021,1,2,11,1,3,9.71E-07
2021,1,2,11,1,1,0.005290867
2021,1,3,6,1,3,5.75E-06
2021,1,3,6,1,1,0.000107389
2021,1,3,7,3,3,1.96E-05
2021,1,3,7,3,1,1.56E-05
2021,1,3,7,1,3,0.000596834
2021,1,3,7,1,1,0.000294621
2021,1,3,9,1,2,8.30E-06
2021,1,3,9,1,3,3.11E-06
2021,1,3,9,1,1,0.000152599
2021,1,3,10,1,1,7.36E-05
2021,1,3,1,1,2,0.000513722
2021,1,3,1,1,1,0.001959672
2021,1,3,2,16,2,1.05E-06
2021,1,3,2,16,3,2.11E-06
2021,1,3,2,16,1,0.002160515
2021,1,3,2,1,2,0.000723658
2021,1,3,2,1,3,2.17E-06
2021,1,3,2,1,1,0.015088921
2021,1,3,3,1,2,0.0001409
2021,1,3,3,1,1,0.005161562
2021,1,3,4,16,1,0.00010052
2021,1,3,4,5,1,0.000259022
2021,1,3,4,5,4,2.18E-05
2021,1,3,4,1,2,2.07E-06
2021,1,3,4,1,1,0.005869346
2021,1,3,5,7,1,4.84E-05
2021,1,3,5,7,4,5.14E-06
2021,1,3,5,1,1,0.000217058
2021,1,4,1,4,3,1.04E-06
2021,1,4,1,4,1,0.000126276
2021,1,4,1,4,4,7.25E-06
2021,1,4,1,7,3,2.04E-05
2021,1,4,1,7,1,0.000349766
2021,1,4,1,7,4,2.35E-05
2021,1,4,1,15,2,3.79E-05
2021,1,4,1,15,1,0.001325258
2021,1,4,1,15,4,4.10E-05
2021,1,4,1,16,1,0.000212085
2021,1,4,1,5,1,0.000244226
2021,1,4,1,5,4,3.14E-06
2021,1,4,1,1,2,0.002090677
2021,1,4,1,1,3,2.87E-05
2021,1,4,1,1,1,0.017059101
2021,1,4,2,16,2,0.000122003
2021,1,4,2,16,3,1.03E-05
2021,1,4,2,16,1,0.003019364
2021,1,4,2,5,2,3.06E-06
2021,1,4,2,5,3,1.02E-06
2021,1,4,2,5,1,0.002366886
2021,1,4,2,5,4,4.39E-05
2021,1,4,2,6,1,0.000181447
2021,1,4,2,6,4,3.06E-06
2021,1,4,2,1,2,0.001164954
2021,1,4,2,1,3,5.21E-06
2021,1,4,2,1,1,0.013566376
2021,1,4,3,5,1,3.28E-05
2021,1,4,3,1,2,2.08E-05
2021,1,4,3,1,1,0.001288039
2021,1,4,4,7,1,0.000128393
2021,1,4,4,7,4,5.18E-06
2021,1,4,4,15,1,0.002861948
2021,1,4,4,15,4,9.17E-05
2021,1,4,4,16,1,0.000296578
2021,1,4,4,5,1,6.31E-06
2021,1,4,4,5,4,1.05E-06
2021,1,4,4,1,2,1.56E-05
2021,1,4,4,1,1,0.005368
2021,1,4,5,7,1,8.32E-06
2021,1,4,5,16,1,3.08E-06
2021,1,4,5,5,1,3.07E-05
2021,1,4,5,5,4,1.02E-06
2021,1,4,5,1,1,0.00083684
2021,1,4,6,5,2,7.23E-06
2021,1,4,6,5,3,2.06E-06
2021,1,4,6,5,1,0.000360238
2021,1,4,6,5,4,1.55E-05
2021,1,4,6,1,2,0.000253226
2021,1,4,6,1,3,5.70E-05
2021,1,4,6,1,1,0.000936583
2021,1,4,7,3,3,0.00000829
2021,1,4,7,3,1,0.000001658
2021,1,4,9,16,2,0.000156521
2021,1,4,9,16,3,8.19E-06
2021,1,4,9,16,1,0.003943961
2021,1,4,9,1,2,7.29E-06
2021,1,4,9,1,3,1.03E-05
2021,1,4,9,1,1,0.001293783
2021,1,4,10,1,1,1.67E-05
2021,1,5,6,2,1,0.00021309
2021,1,5,6,2,4,1.12E-05
2021,1,5,6,1,2,9.55E-05
2021,1,5,6,1,3,3.10E-06
2021,1,5,6,1,1,0.015190439
2021,1,5,7,1,1,0.000919296
2021,1,5,9,1,2,0.000213852
2021,1,5,9,1,3,1.03E-06
2021,1,5,9,1,1,0.003854339
2021,1,5,11,5,2,8.09E-06
2021,1,5,11,5,1,0.001974826
2021,1,5,11,5,4,4.95E-05
2021,1,5,11,2,1,0.000139208
2021,1,5,11,2,4,7.11E-06
2021,1,5,11,1,1,0.001443991
2021,1,5,1,16,2,1.03E-06
2021,1,5,1,16,1,0.000663316
2021,1,5,1,1,2,0.000725197
2021,1,5,1,1,3,5.07E-05
2021,1,5,1,1,1,0.004385075
2021,1,5,2,16,2,9.66E-05
2021,1,5,2,16,3,1.03E-06
2021,1,5,2,16,1,0.000842018
2021,1,5,2,1,2,0.000517256
2021,1,5,2,1,3,1.03E-06
2021,1,5,2,1,1,0.010642953
2021,1,5,3,1,2,2.09E-06
2021,1,5,3,1,1,0.001729773
2021,1,5,4,1,2,1.98E-05
2021,1,5,4,1,1,0.000441603
2021,1,5,5,7,1,0.00018394
2021,1,5,5,7,4,1.75E-05
2021,1,5,5,15,3,1.02E-06
2021,1,5,5,15,1,0.000642665
2021,1,5,5,15,4,8.61E-05
2021,1,5,5,5,1,2.69E-05
2021,1,5,5,5,4,3.04E-06
2021,1,5,5,1,1,0.000595174
2021,1,6,2,1,2,3.07E-06
2021,1,6,2,1,1,0.00051518
2021,1,6,4,1,1,0.000700735
2021,1,6,5,16,1,5.14E-06
2021,1,6,5,5,1,3.26E-06
2021,1,6,5,5,4,2.17E-06
2021,1,6,5,1,1,0.000559167
2021,1,6,7,1,2,1.84E-05
2021,1,6,7,1,3,1.71E-05
2021,1,6,7,1,1,0.000623392
2021,1,6,8,2,1,0.000105761
2021,1,6,8,2,4,2.75E-05
2021,1,6,8,1,2,4.13E-05
2021,1,6,8,1,3,7.94E-05
2021,1,6,8,1,1,0.005050773
2021,1,6,9,1,2,1.94E-05
2021,1,6,9,1,1,0.001453134
2021,1,6,11,2,1,7.12E-05
2021,1,6,11,2,4,2.73E-05
2021,1,6,11,1,2,0.000285888
2021,1,6,11,1,3,9.92E-07
2021,1,6,11,1,1,0.004190254
2021,1,7,6,1,2,0.000155377
2021,1,7,6,1,3,3.09E-06
2021,1,7,6,1,1,0.012750938
2021,1,7,7,16,3,8.21E-05
2021,1,7,7,16,1,0.000460766
2021,1,7,7,1,2,0.000452828
2021,1,7,7,1,3,4.03E-05
2021,1,7,7,1,1,0.002966525
2021,1,7,8,1,2,0.00034695
2021,1,7,8,1,3,2.76E-05
2021,1,7,8,1,1,0.011499826
2021,1,7,9,16,2,7.16E-06
2021,1,7,9,16,3,4.62E-05
2021,1,7,9,16,1,0.019052576
2021,1,7,9,5,3,1.11E-05
2021,1,7,9,5,1,0.000229586
2021,1,7,9,5,4,1.21E-05
2021,1,7,9,6,3,4.05E-06
2021,1,7,9,6,1,0.004860348
2021,1,7,9,6,4,9.92E-05
2021,1,7,9,1,2,0.001029129
2021,1,7,9,1,3,3.86E-05
2021,1,7,9,1,1,0.12350159
2021,1,7,10,1,2,1.08E-05
2021,1,7,10,1,1,0.004445969
2021,1,7,11,7,1,0.000370749
2021,1,7,11,7,4,4.07E-06
2021,1,7,11,16,1,0.00055279
2021,1,7,11,1,1,0.00035455
2021,1,7,1,7,1,4.07E-05
2021,1,7,1,15,2,1.43E-05
2021,1,7,1,15,3,8.18E-06
2021,1,7,1,15,1,0.000463705
2021,1,7,1,15,4,4.21E-05
2021,1,7,1,16,1,0.000171154
2021,1,7,1,5,1,7.39E-05
2021,1,7,1,5,4,4.09E-06
2021,1,7,1,6,2,1.02E-06
2021,1,7,1,6,3,4.09E-06
2021,1,7,1,6,1,3.57E-05
2021,1,7,1,6,4,7.15E-06
2021,1,7,1,1,2,0.000707733
2021,1,7,1,1,3,1.03E-05
2021,1,7,1,1,1,0.015463173
2021,1,7,2,1,2,0.000154956
2021,1,7,2,1,3,1.02E-06
2021,1,7,2,1,1,0.009682631
2021,1,7,3,1,1,8.18E-06
2021,1,7,4,7,1,0.000551773
2021,1,7,4,7,4,1.35E-05
2021,1,7,4,15,2,7.73E-05
2021,1,7,4,15,3,3.56E-05
2021,1,7,4,15,1,0.000838712
2021,1,7,4,15,4,3.67E-05
2021,1,7,4,16,1,4.50E-05
2021,1,7,4,5,1,1.99E-05
2021,1,7,4,1,1,0.007014634
2021,1,8,6,1,2,5.88E-05
2021,1,8,6,1,3,2.53E-05
2021,1,8,6,1,1,0.020918141
2021,1,8,7,3,3,8.25E-06
2021,1,8,7,3,1,6.87E-06
2021,1,8,7,1,2,0.00023019
2021,1,8,7,1,3,0.000103858
2021,1,8,7,1,1,0.00984804
2021,1,8,8,1,2,4.06E-05
2021,1,8,8,1,3,1.02E-05
2021,1,8,8,1,1,0.007993287
2021,1,8,9,16,3,4.07E-06
2021,1,8,9,16,1,0.004353741
2021,1,8,9,1,2,0.000261507
2021,1,8,9,1,3,4.07E-06
2021,1,8,9,1,1,0.049125853
2021,1,8,10,7,1,1.15E-05
2021,1,8,10,7,4,2.00E-07
2021,1,8,10,1,2,0.000114064
2021,1,8,10,1,3,1.02E-06
2021,1,8,10,1,1,0.025514084
2021,1,8,11,7,1,0.000301724
2021,1,8,11,7,4,1.96E-05
2021,1,8,11,15,3,3.02E-07
2021,1,8,11,15,1,0.000844821
2021,1,8,11,15,4,3.72E-05
2021,1,8,11,16,3,0.00013132
2021,1,8,11,16,1,0.000626453
2021,1,8,11,5,2,1.06E-06
2021,1,8,11,5,1,0.00204336
2021,1,8,11,5,4,0.000124907
2021,1,8,11,2,1,8.10E-06
2021,1,8,11,2,4,1.01E-06
2021,1,8,11,1,2,0.000222928
2021,1,8,11,1,3,0.000493295
2021,1,8,11,1,1,0.033836537
2021,1,8,1,7,1,0.000158153
2021,1,8,1,7,4,4.95E-06
2021,1,8,1,1,2,3.25E-05
2021,1,8,1,1,3,4.44E-07
2021,1,8,1,1,1,0.001643243
2021,1,8,2,1,1,3.59E-05
2021,1,8,3,1,1,7.82E-05
2021,1,8,4,7,2,1.02E-05
2021,1,8,4,7,3,8.19E-06
2021,1,8,4,7,1,0.001287961
2021,1,8,4,7,4,6.24E-05
2021,1,8,4,15,3,3.76E-06
2021,1,8,4,15,1,0.005955082
2021,1,8,4,15,4,0.00027333
2021,1,8,4,14,4,1.05E-06
2021,1,8,4,16,1,9.67E-05
2021,1,8,4,5,1,1.33E-05
2021,1,8,4,5,4,1.03E-06
2021,1,8,4,1,1,0.001316365
2021,1,8,5,15,1,0.000100557
2021,1,8,5,15,4,1.16E-05
2021,1,8,5,1,1,0.000170288
2021,2,1,3,1,1,0.000423792
2021,2,1,5,6,1,1.06E-05
2021,2,1,5,6,4,1.51E-06
2021,2,1,5,1,1,0.001239209
2021,2,1,8,2,1,8.66E-05
2021,2,1,8,2,4,3.53E-05
2021,2,1,8,1,2,1.62E-05
2021,2,1,8,1,3,4.55E-05
2021,2,1,8,1,1,0.010694926
2021,2,1,9,1,2,0.000168574
2021,2,1,9,1,3,2.08E-06
2021,2,1,9,1,1,0.020108065
2021,2,1,11,2,1,7.62E-05
2021,2,1,11,2,4,8.10E-06
2021,2,1,11,1,1,0.000889962
2021,2,2,1,1,2,0.000557274
2021,2,2,1,1,3,1.04E-06
2021,2,2,1,1,1,0.003169948
2021,2,2,3,4,1,0.000108731
2021,2,2,3,4,4,5.13E-06
2021,2,2,3,1,2,1.04E-06
2021,2,2,3,1,1,0.002764209
2021,2,2,4,7,1,3.98E-05
2021,2,2,4,7,4,2.04E-06
2021,2,2,4,6,1,5.62E-05
2021,2,2,4,6,4,4.17E-06
2021,2,2,4,1,2,1.03E-06
2021,2,2,4,1,1,0.008699856
2021,2,2,5,1,1,0.001406047
2021,2,2,6,2,1,0.000592386
2021,2,2,6,2,4,5.95E-05
2021,2,2,6,1,2,4.07E-05
2021,2,2,6,1,3,7.99E-05
2021,2,2,6,1,1,0.048748176
2021,2,2,7,3,2,3.24E-05
2021,2,2,7,3,3,0.000297167
2021,2,2,7,3,1,0.005782816
2021,2,2,7,16,1,7.14E-06
2021,2,2,7,1,2,4.07E-06
2021,2,2,7,1,3,0.000130194
2021,2,2,7,1,1,0.018443645
2021,2,2,8,3,2,3.76E-07
2021,2,2,8,3,3,2.42E-06
2021,2,2,8,3,1,0.000138418
2021,2,2,8,2,2,2.00E-06
2021,2,2,8,2,1,0.003637634
2021,2,2,8,2,4,0.000361789
2021,2,2,8,1,2,0.000373527
2021,2,2,8,1,3,0.000219458
2021,2,2,8,1,1,0.035722609
2021,2,2,9,1,2,5.63E-05
2021,2,2,9,1,3,9.28E-06
2021,2,2,9,1,1,0.015630745
2021,2,2,11,3,1,5.41E-06
2021,2,2,11,16,3,1.70E-05
2021,2,2,11,16,1,0.002661513
2021,2,2,11,2,1,0.002131949
2021,2,2,11,2,4,0.000326974
2021,2,2,11,1,2,5.47E-05
2021,2,2,11,1,3,8.87E-06
2021,2,2,11,1,1,0.014092263
2021,2,3,6,1,2,4.79E-06
2021,2,3,6,1,3,1.05E-05
2021,2,3,6,1,1,0.000258883
2021,2,3,7,3,2,1.73E-07
2021,2,3,7,3,3,3.19E-06
2021,2,3,7,3,1,3.20E-05
2021,2,3,7,1,2,6.13E-06
2021,2,3,7,1,3,7.38E-05
2021,2,3,7,1,1,0.00068177
2021,2,3,9,1,2,2.08E-06
2021,2,3,9,1,3,2.08E-06
2021,2,3,9,1,1,0.000290666
2021,2,3,10,1,1,9.93E-05
2021,2,3,1,1,2,0.000754585
2021,2,3,1,1,3,4.78E-06
2021,2,3,1,1,1,0.007308882
2021,2,3,2,16,2,1.26E-05
2021,2,3,2,16,3,6.33E-06
2021,2,3,2,16,1,0.005178978
2021,2,3,2,1,2,0.000591382
2021,2,3,2,1,3,4.66E-05
2021,2,3,2,1,1,0.041043828
2021,2,3,3,1,2,0.000224855
2021,2,3,3,1,1,0.015242385
2021,2,3,4,14,4,3.08E-06
2021,2,3,4,16,1,0.000387718
2021,2,3,4,5,2,2.07E-06
2021,2,3,4,5,1,0.000622949
2021,2,3,4,5,4,0.000111945
2021,2,3,4,1,2,1.75E-05
2021,2,3,4,1,1,0.021933922
2021,2,3,5,7,1,0.00023664
2021,2,3,5,7,4,2.06E-05
2021,2,3,5,1,1,0.000907653
2021,2,4,1,4,3,4.14E-06
2021,2,4,1,4,1,0.000154222
2021,2,4,1,4,4,5.18E-06
2021,2,4,1,7,2,1.03E-06
2021,2,4,1,7,1,0.000611382
2021,2,4,1,7,4,2.04E-05
2021,2,4,1,15,2,0.000144406
2021,2,4,1,15,1,0.005271331
2021,2,4,1,15,4,0.000150551
2021,2,4,1,16,1,0.000602077
2021,2,4,1,5,2,1.05E-06
2021,2,4,1,5,1,0.000650919
2021,2,4,1,5,4,9.43E-06
2021,2,4,1,1,2,0.004273566
2021,2,4,1,1,3,0.000281059
2021,2,4,1,1,1,0.062977111
2021,2,4,2,16,2,0.000592233
2021,2,4,2,16,3,1.56E-05
2021,2,4,2,16,1,0.006201307
2021,2,4,2,5,2,3.06E-06
2021,2,4,2,5,3,2.66E-05
2021,2,4,2,5,1,0.003954345
2021,2,4,2,5,4,9.91E-05
2021,2,4,2,6,3,1.02E-06
2021,2,4,2,6,1,0.000441385
2021,2,4,2,6,4,4.08E-06
2021,2,4,2,1,2,0.001417569
2021,2,4,2,1,3,0.000160214
2021,2,4,2,1,1,0.037519066
2021,2,4,3,5,1,2.87E-05
2021,2,4,3,5,4,2.05E-06
2021,2,4,3,1,2,1.45E-05
2021,2,4,3,1,1,0.003315935
2021,2,4,4,7,1,0.000423489
2021,2,4,4,7,4,6.73E-05
2021,2,4,4,15,2,2.03E-06
2021,2,4,4,15,3,1.02E-06
2021,2,4,4,15,1,0.00696475
2021,2,4,4,15,4,0.000256702
2021,2,4,4,16,1,0.000763726
2021,2,4,4,5,1,3.16E-06
2021,2,4,4,5,4,1.05E-06
2021,2,4,4,1,2,8.91E-06
2021,2,4,4,1,3,3.12E-06
2021,2,4,4,1,1,0.02346026
2021,2,4,5,7,1,2.42E-05
2021,2,4,5,16,1,6.16E-06
2021,2,4,5,5,1,0.000102192
2021,2,4,5,5,4,1.02E-05
2021,2,4,5,1,2,3.17E-06
2021,2,4,5,1,3,2.06E-06
2021,2,4,5,1,1,0.002984719
2021,2,4,6,5,2,1.03E-06
2021,2,4,6,5,3,3.61E-05
2021,2,4,6,5,1,0.001011556
2021,2,4,6,5,4,5.06E-05
2021,2,4,6,1,2,0.000111786
2021,2,4,6,1,3,0.000243167
2021,2,4,6,1,1,0.004203696
2021,2,4,7,3,2,0.000003316
2021,2,4,7,3,3,1.88E-05
2021,2,4,7,3,1,0.000003316
2021,2,4,9,16,2,0.000272873
2021,2,4,9,16,3,2.56E-05
2021,2,4,9,16,1,0.012145006
2021,2,4,9,1,2,7.04E-05
2021,2,4,9,1,3,2.07E-06
2021,2,4,9,1,1,0.008379015
2021,2,4,10,1,1,9.60E-05
2021,2,5,6,2,1,0.000505707
2021,2,5,6,2,4,1.94E-05
2021,2,5,6,1,2,3.76E-05
2021,2,5,6,1,3,4.13E-06
2021,2,5,6,1,1,0.031002733
2021,2,5,7,1,1,0.001966933
2021,2,5,9,1,2,0.000480308
2021,2,5,9,1,1,0.008233738
2021,2,5,11,5,1,0.003752573
2021,2,5,11,5,4,0.000147556
2021,2,5,11,2,1,0.00041051
2021,2,5,11,2,4,2.34E-05
2021,2,5,11,1,2,7.33E-07
2021,2,5,11,1,3,3.08E-06
2021,2,5,11,1,1,0.00349502
2021,2,5,1,16,2,3.90E-05
2021,2,5,1,16,3,7.35E-06
2021,2,5,1,16,1,0.00170231
2021,2,5,1,1,2,0.00163974
2021,2,5,1,1,3,0.000328576
2021,2,5,1,1,1,0.020695854
2021,2,5,2,16,2,0.00010074
2021,2,5,2,16,1,0.002254234
2021,2,5,2,1,2,0.000429743
2021,2,5,2,1,3,2.06E-06
2021,2,5,2,1,1,0.033744213
2021,2,5,3,1,2,4.10E-06
2021,2,5,3,1,1,0.004614928
2021,2,5,4,1,2,2.60E-05
2021,2,5,4,1,1,0.00219658
2021,2,5,5,7,1,0.00054408
2021,2,5,5,7,4,6.62E-05
2021,2,5,5,15,1,0.001746533
2021,2,5,5,15,4,0.000204271
2021,2,5,5,5,1,5.38E-05
2021,2,5,5,5,4,1.32E-05
2021,2,5,5,1,2,1.02E-06
2021,2,5,5,1,3,4.09E-06
2021,2,5,5,1,1,0.003484532
2021,2,6,2,1,1,0.001017775
2021,2,6,4,1,2,1.05E-06
2021,2,6,4,1,1,0.00238172
2021,2,6,5,16,1,1.13E-05
2021,2,6,5,5,1,2.17E-05
2021,2,6,5,5,4,3.26E-06
2021,2,6,5,1,1,0.001873746
2021,2,6,7,1,2,0.000190485
2021,2,6,7,1,3,8.39E-05
2021,2,6,7,1,1,0.002405363
2021,2,6,8,2,1,0.000224465
2021,2,6,8,2,4,6.10E-05
2021,2,6,8,1,2,0.000307087
2021,2,6,8,1,3,0.000438944
2021,2,6,8,1,1,0.012776817
2021,2,6,9,1,2,1.85E-05
2021,2,6,9,1,3,2.06E-06
2021,2,6,9,1,1,0.005831281
2021,2,6,11,2,1,0.000195756
2021,2,6,11,2,4,5.39E-05
2021,2,6,11,1,2,0.000863436
2021,2,6,11,1,3,1.53E-05
2021,2,6,11,1,1,0.014615904
2021,2,7,6,1,2,5.66E-05
2021,2,7,6,1,3,6.38E-05
2021,2,7,6,1,1,0.045134787
2021,2,7,7,16,2,1.03E-06
2021,2,7,7,16,3,7.90E-05
2021,2,7,7,16,1,0.000925637
2021,2,7,7,1,2,0.000646383
2021,2,7,7,1,3,0.000224215
2021,2,7,7,1,1,0.015019941
2021,2,7,8,1,2,0.000685131
2021,2,7,8,1,3,5.93E-05
2021,2,7,8,1,1,0.048584117
2021,2,7,9,16,3,3.08E-05
2021,2,7,9,16,1,0.033703378
2021,2,7,9,5,1,0.000270871
2021,2,7,9,5,4,3.02E-06
2021,2,7,9,6,3,9.21E-05
2021,2,7,9,6,1,0.006752846
2021,2,7,9,6,4,0.00024403
2021,2,7,9,1,2,0.002545266
2021,2,7,9,1,3,4.84E-05
2021,2,7,9,1,1,0.303889224
2021,2,7,10,1,2,5.09E-06
2021,2,7,10,1,1,0.011116323
2021,2,7,11,7,1,0.000468556
2021,2,7,11,7,4,1.43E-05
2021,2,7,11,16,1,0.001315356
2021,2,7,11,1,2,5.03E-06
2021,2,7,11,1,1,0.001675845
2021,2,7,1,7,1,0.000106791
2021,2,7,1,7,4,3.05E-06
2021,2,7,1,15,2,5.19E-05
2021,2,7,1,15,3,2.67E-05
2021,2,7,1,15,1,0.000893193
2021,2,7,1,15,4,7.28E-05
2021,2,7,1,16,3,3.08E-06
2021,2,7,1,16,1,0.000464808
2021,2,7,1,5,3,1.02E-06
2021,2,7,1,5,1,0.000124092
2021,2,7,1,5,4,6.15E-06
2021,2,7,1,6,3,8.38E-05
2021,2,7,1,6,1,0.000118477
2021,2,7,1,6,4,0.000256361
2021,2,7,1,1,2,0.001346807
2021,2,7,1,1,3,0.000100606
2021,2,7,1,1,1,0.064863431
2021,2,7,2,1,2,0.00060579
2021,2,7,2,1,3,1.10E-06
2021,2,7,2,1,1,0.025495813
2021,2,7,3,1,1,6.03E-05
2021,2,7,4,7,2,1.02E-06
2021,2,7,4,7,1,0.001012287
2021,2,7,4,7,4,3.21E-05
2021,2,7,4,15,2,0.000139269
2021,2,7,4,15,3,1.02E-06
2021,2,7,4,15,1,0.001943741
2021,2,7,4,15,4,8.78E-05
2021,2,7,4,16,1,0.000106989
2021,2,7,4,5,1,4.19E-05
2021,2,7,4,5,4,2.10E-06
2021,2,7,4,1,2,8.15E-09
2021,2,7,4,1,1,0.000317589
2021,2,8,6,1,2,0.000150832
2021,2,8,6,1,3,0.00012139
2021,2,8,6,1,1,0.066884092
2021,2,8,7,3,3,0.00014431
2021,2,8,7,3,1,2.06E-05
2021,2,8,7,1,2,0.000340619
2021,2,8,7,1,3,0.000307664
2021,2,8,7,1,1,0.038900871
2021,2,8,8,1,2,0.000421835
2021,2,8,8,1,3,4.26E-05
2021,2,8,8,1,1,0.041056663
2021,2,8,9,16,2,1.02E-06
2021,2,8,9,16,3,0.000133927
2021,2,8,9,16,1,0.008622761
2021,2,8,9,1,2,0.000510999
2021,2,8,9,1,3,2.84E-05
2021,2,8,9,1,1,0.144880327
2021,2,8,10,7,1,3.89E-05
2021,2,8,10,7,4,1.70E-06
2021,2,8,10,1,2,7.67E-05
2021,2,8,10,1,3,1.01E-06
2021,2,8,10,1,1,0.075076004
2021,2,8,11,7,1,0.00073721
2021,2,8,11,7,4,4.94E-05
2021,2,8,11,15,2,3.02E-07
2021,2,8,11,15,3,1.51E-07
2021,2,8,11,15,1,0.002486098
2021,2,8,11,15,4,0.000107955
2021,2,8,11,16,2,8.52E-07
2021,2,8,11,16,3,7.65E-05
2021,2,8,11,16,1,0.001474428
2021,2,8,11,5,2,6.42E-06
2021,2,8,11,5,3,1.08E-06
2021,2,8,11,5,1,0.004014929
2021,2,8,11,5,4,0.000416081
2021,2,8,11,2,1,1.42E-05
2021,2,8,11,2,4,6.07E-06
2021,2,8,11,1,2,0.000589154
2021,2,8,11,1,3,0.001792111
2021,2,8,11,1,1,0.111671483
2021,2,8,1,7,2,1.02E-06
2021,2,8,1,7,1,0.000559782
2021,2,8,1,7,4,3.85E-05
2021,2,8,1,1,2,0.000117796
2021,2,8,1,1,3,5.89E-06
2021,2,8,1,1,1,0.00661558
2021,2,8,2,1,1,0.00030755
2021,2,8,3,1,2,3.05E-06
2021,2,8,3,1,1,0.000360123
2021,2,8,4,7,2,1.02E-06
2021,2,8,4,7,3,8.19E-06
2021,2,8,4,7,1,0.002645371
2021,2,8,4,7,4,0.000195577
2021,2,8,4,15,2,1.74E-06
2021,2,8,4,15,3,8.68E-07
2021,2,8,4,15,1,0.016863466
2021,2,8,4,15,4,0.00067102
2021,2,8,4,16,2,1.71E-07
2021,2,8,4,16,1,0.000227353
2021,2,8,4,5,1,2.77E-05
2021,2,8,4,5,4,3.08E-06
2021,2,8,4,1,2,1.03E-06
2021,2,8,4,1,1,0.003838513
2021,2,8,5,15,1,0.000347847
2021,2,8,5,15,4,6.90E-05
2021,2,8,5,1,1,0.000280116
2021,3,1,3,1,1,0.000174167
2021,3,1,5,6,1,4.54E-06
2021,3,1,5,6,4,4.54E-06
2021,3,1,5,1,2,1.02E-06
2021,3,1,5,1,1,0.000777294
2021,3,1,8,2,3,4.05E-06
2021,3,1,8,2,1,0.000142086
2021,3,1,8,2,4,3.22E-05
2021,3,1,8,1,2,0.000319984
2021,3,1,8,1,3,7.19E-05
2021,3,1,8,1,1,0.016779611
2021,3,1,9,1,2,0.000899466
2021,3,1,9,1,3,1.06E-06
2021,3,1,9,1,1,0.019558643
2021,3,1,11,2,2,9.94E-07
2021,3,1,11,2,1,0.000125583
2021,3,1,11,2,4,1.73E-05
2021,3,1,11,1,2,2.99E-06
2021,3,1,11,1,1,0.002272322
2021,3,2,1,1,2,0.001032699
2021,3,2,1,1,1,0.005695295
2021,3,2,2,1,1,1.06E-06
2021,3,2,3,4,1,7.59E-05
2021,3,2,3,4,4,6.15E-06
2021,3,2,3,1,2,1.04E-06
2021,3,2,3,1,1,0.001159693
2021,3,2,4,7,1,1.94E-05
2021,3,2,4,7,4,2.04E-06
2021,3,2,4,6,1,7.29E-06
2021,3,2,4,6,4,2.08E-06
2021,3,2,4,1,2,3.85E-05
2021,3,2,4,1,1,0.0073599
2021,3,2,5,16,1,0.000001
2021,3,2,5,1,1,0.001032388
2021,3,2,6,2,3,1.03E-06
2021,3,2,6,2,1,0.001166964
2021,3,2,6,2,4,0.00015589
2021,3,2,6,1,2,0.001350613
2021,3,2,6,1,3,0.000255477
2021,3,2,6,1,1,0.064436612
2021,3,2,7,3,2,0.001092123
2021,3,2,7,3,3,0.00045658
2021,3,2,7,3,1,0.009679105
2021,3,2,7,16,1,3.57E-05
2021,3,2,7,1,2,0.000151987
2021,3,2,7,1,3,0.000195953
2021,3,2,7,1,1,0.032031325
2021,3,2,8,3,2,7.87E-06
2021,3,2,8,3,3,2.61E-06
2021,3,2,8,3,1,0.000295925
2021,3,2,8,2,2,2.99E-06
2021,3,2,8,2,3,9.96E-07
2021,3,2,8,2,1,0.006579506
2021,3,2,8,2,4,0.001044528
2021,3,2,8,1,2,0.000824598
2021,3,2,8,1,3,0.000363352
2021,3,2,8,1,1,0.068916653
2021,3,2,9,1,2,0.000237696
2021,3,2,9,1,3,5.16E-06
2021,3,2,9,1,1,0.013959995
2021,3,2,11,3,2,1.49E-08
2021,3,2,11,3,1,1.20E-05
2021,3,2,11,16,2,5.99E-06
2021,3,2,11,16,3,9.99E-06
2021,3,2,11,16,1,0.005801578
2021,3,2,11,2,2,1.03E-06
2021,3,2,11,2,1,0.003710998
2021,3,2,11,2,4,0.000925022
2021,3,2,11,1,2,0.000144068
2021,3,2,11,1,3,2.76E-05
2021,3,2,11,1,1,0.02509946
2021,3,3,6,1,2,0.000177383
2021,3,3,6,1,3,1.92E-05
2021,3,3,6,1,1,0.00030203
2021,3,3,7,3,2,2.20E-06
2021,3,3,7,3,3,5.14E-06
2021,3,3,7,3,1,5.35E-05
2021,3,3,7,1,2,3.95E-05
2021,3,3,7,1,3,9.15E-05
2021,3,3,7,1,1,0.001181051
2021,3,3,9,1,2,0.000180628
2021,3,3,9,1,1,0.000216961
2021,3,3,10,1,1,9.05E-05
2021,3,3,1,1,2,0.003573692
2021,3,3,1,1,3,4.50E-06
2021,3,3,1,1,1,0.008707558
2021,3,3,2,16,2,2.21E-05
2021,3,3,2,16,1,0.003758994
2021,3,3,2,1,2,0.003829091
2021,3,3,2,1,3,4.42E-06
2021,3,3,2,1,1,0.026304581
2021,3,3,3,1,2,0.000874039
2021,3,3,3,1,3,1.04E-06
2021,3,3,3,1,1,0.008833472
2021,3,3,4,14,4,2.06E-06
2021,3,3,4,16,1,0.000216425
2021,3,3,4,5,1,0.000356493
2021,3,3,4,5,4,7.37E-05
2021,3,3,4,1,2,6.17E-05
2021,3,3,4,1,3,9.97E-07
2021,3,3,4,1,1,0.007534105
2021,3,3,5,7,1,0.000135811
2021,3,3,5,7,4,2.47E-05
2021,3,3,5,1,2,2.08E-06
2021,3,3,5,1,1,0.000361147
2021,3,4,1,4,1,4.35E-05
2021,3,4,1,4,4,6.21E-06
2021,3,4,1,7,2,1.55E-05
2021,3,4,1,7,1,0.000186595
2021,3,4,1,7,4,1.65E-05
2021,3,4,1,15,2,1.95E-05
2021,3,4,1,15,3,2.05E-06
2021,3,4,1,15,1,0.002545028
2021,3,4,1,15,4,0.000217121
2021,3,4,1,16,1,0.000363113
2021,3,4,1,5,1,2.20E-05
2021,3,4,1,5,4,2.10E-06
2021,3,4,1,1,2,0.010080685
2021,3,4,1,1,3,0.000224534
2021,3,4,1,1,1,0.059552296
2021,3,4,2,16,2,0.000379501
2021,3,4,2,16,3,4.15E-06
2021,3,4,2,16,1,0.007654537
2021,3,4,2,5,2,1.02E-06
2021,3,4,2,5,1,0.000570014
2021,3,4,2,5,4,3.47E-05
2021,3,4,2,6,1,6.12E-05
2021,3,4,2,6,4,3.06E-06
2021,3,4,2,1,2,0.003807556
2021,3,4,2,1,3,1.29E-05
2021,3,4,2,1,1,0.029150814
2021,3,4,3,5,1,1.23E-05
2021,3,4,3,1,2,0.000511419
2021,3,4,3,1,1,0.00237667
2021,3,4,4,7,1,0.000105613
2021,3,4,4,7,4,2.28E-05
2021,3,4,4,15,2,1.02E-06
2021,3,4,4,15,3,3.05E-06
2021,3,4,4,15,1,0.005011093
2021,3,4,4,15,4,0.000335129
2021,3,4,4,16,2,4.10E-06
2021,3,4,4,16,3,2.05E-06
2021,3,4,4,16,1,0.000895543
2021,3,4,4,5,1,6.31E-06
2021,3,4,4,5,4,1.05E-06
2021,3,4,4,1,2,0.000376653
2021,3,4,4,1,1,0.012029108
2021,3,4,5,7,1,2.52E-05
2021,3,4,5,7,4,3.10E-06
2021,3,4,5,16,1,3.08E-06
2021,3,4,5,5,1,4.60E-05
2021,3,4,5,5,4,9.20E-06
2021,3,4,5,1,2,2.07E-06
2021,3,4,5,1,1,0.001831144
2021,3,4,6,5,2,0.00016412
2021,3,4,6,5,3,1.14E-05
2021,3,4,6,5,1,0.002469022
2021,3,4,6,5,4,0.00026734
2021,3,4,6,1,2,0.001710596
2021,3,4,6,1,3,0.000164293
2021,3,4,6,1,1,0.010592603
2021,3,4,7,3,2,0.000003316
2021,3,4,7,3,3,2.25E-05
2021,3,4,9,16,2,0.000491113
2021,3,4,9,16,3,6.15E-06
2021,3,4,9,16,1,0.010400529
2021,3,4,9,1,2,4.69E-05
2021,3,4,9,1,1,0.008349794
2021,3,4,10,1,1,2.30E-05
2021,3,5,6,2,3,1.02E-06
2021,3,5,6,2,1,0.000814637
2021,3,5,6,2,4,4.18E-05
2021,3,5,6,1,2,0.000473623
2021,3,5,6,1,3,4.13E-06
2021,3,5,6,1,1,0.034995259
2021,3,5,7,1,2,5.39E-06
2021,3,5,7,1,1,0.00259324
2021,3,5,9,1,2,0.001008009
2021,3,5,9,1,1,0.008344001
2021,3,5,11,5,3,1.01E-06
2021,3,5,11,5,1,0.005000735
2021,3,5,11,5,4,0.000327453
2021,3,5,11,2,1,0.000700102
2021,3,5,11,2,4,6.91E-05
2021,3,5,11,1,2,4.23E-06
2021,3,5,11,1,1,0.004928724
2021,3,5,1,16,2,2.48E-05
2021,3,5,1,16,3,1.95E-06
2021,3,5,1,16,1,0.001662456
2021,3,5,1,1,2,0.002259567
2021,3,5,1,1,3,0.000690402
2021,3,5,1,1,1,0.021024771
2021,3,5,2,16,2,3.06E-06
2021,3,5,2,16,1,0.002267284
2021,3,5,2,1,2,0.000203489
2021,3,5,2,1,3,5.13E-06
2021,3,5,2,1,1,0.023527153
2021,3,5,3,1,2,3.09E-05
2021,3,5,3,1,1,0.002236224
2021,3,5,4,1,2,5.26E-06
2021,3,5,4,1,3,1.04E-06
2021,3,5,4,1,1,0.002774868
2021,3,5,5,7,2,1.03E-06
2021,3,5,5,7,1,0.000334644
2021,3,5,5,7,4,7.44E-05
2021,3,5,5,15,1,0.001426129
2021,3,5,5,15,4,0.0003112
2021,3,5,5,5,1,3.60E-05
2021,3,5,5,5,4,1.75E-05
2021,3,5,5,1,2,6.21E-06
2021,3,5,5,1,1,0.001355395
2021,3,6,1,1,1,0.00000125
2021,3,6,2,1,2,3.38E-05
2021,3,6,2,1,1,0.000925576
2021,3,6,4,1,1,0.002550099
2021,3,6,5,16,1,1.64E-05
2021,3,6,5,5,1,1.52E-05
2021,3,6,5,5,4,9.78E-06
2021,3,6,5,1,2,3.24E-06
2021,3,6,5,1,1,0.002024858
2021,3,6,7,1,2,0.000291755
2021,3,6,7,1,3,6.94E-05
2021,3,6,7,1,1,0.0042586
2021,3,6,8,2,1,0.000562582
2021,3,6,8,2,4,0.000113443
2021,3,6,8,1,2,0.001173144
2021,3,6,8,1,3,0.000674587
2021,3,6,8,1,1,0.01900854
2021,3,6,9,1,2,0.000533861
2021,3,6,9,1,1,0.003386111
2021,3,6,11,2,2,2.97E-06
2021,3,6,11,2,1,0.00033798
2021,3,6,11,2,4,0.000193734
2021,3,6,11,1,2,0.000994325
2021,3,6,11,1,3,6.96E-06
2021,3,6,11,1,1,0.02013343
2021,3,7,6,1,2,0.002138818
2021,3,7,6,1,3,6.18E-05
2021,3,7,6,1,1,0.046235572
2021,3,7,7,16,2,1.03E-06
2021,3,7,7,16,3,8.31E-05
2021,3,7,7,16,1,0.001994944
2021,3,7,7,1,2,0.000720384
2021,3,7,7,1,3,0.000115687
2021,3,7,7,1,1,0.021358853
2021,3,7,8,1,2,0.002451284
2021,3,7,8,1,3,0.000127639
2021,3,7,8,1,1,0.048789674
2021,3,7,9,16,2,3.07E-05
2021,3,7,9,16,3,3.07E-06
2021,3,7,9,16,1,0.02874887
2021,3,7,9,5,1,1.51E-05
2021,3,7,9,5,4,6.04E-06
2021,3,7,9,6,1,0.001107754
2021,3,7,9,6,4,0.000114421
2021,3,7,9,1,2,0.0059892
2021,3,7,9,1,3,2.03E-05
2021,3,7,9,1,1,0.188811765
2021,3,7,10,1,2,0.000270018
2021,3,7,10,1,1,0.004351461
2021,3,7,11,7,1,0.000471669
2021,3,7,11,7,4,5.50E-05
2021,3,7,11,16,2,1.89E-06
2021,3,7,11,16,1,0.001036599
2021,3,7,11,1,2,4.03E-06
2021,3,7,11,1,1,0.002371625
2021,3,7,1,7,1,8.54E-05
2021,3,7,1,7,4,4.07E-06
2021,3,7,1,15,3,1.13E-05
2021,3,7,1,15,1,0.000795532
2021,3,7,1,15,4,0.000639543
2021,3,7,1,16,2,6.15E-06
2021,3,7,1,16,3,4.82E-05
2021,3,7,1,16,1,0.001507541
2021,3,7,1,5,1,0.000126228
2021,3,7,1,5,4,3.99E-05
2021,3,7,1,6,2,1.02E-06
2021,3,7,1,6,3,2.45E-05
2021,3,7,1,6,1,0.000157289
2021,3,7,1,6,4,0.000112349
2021,3,7,1,1,2,0.003473765
2021,3,7,1,1,3,0.000166407
2021,3,7,1,1,1,0.116795889
2021,3,7,2,1,2,0.000347863
2021,3,7,2,1,3,6.18E-06
2021,3,7,2,1,1,0.020094792
2021,3,7,3,1,1,2.45E-05
2021,3,7,4,7,2,2.04E-06
2021,3,7,4,7,1,0.000895571
2021,3,7,4,7,4,0.000120147
2021,3,7,4,15,2,6.10E-06
2021,3,7,4,15,1,0.000616067
2021,3,7,4,15,4,0.000532684
2021,3,7,4,16,2,1.54E-07
2021,3,7,4,16,1,8.43E-05
2021,3,7,4,5,1,7.86E-05
2021,3,7,4,5,4,4.72E-05
2021,3,7,4,1,2,2.11E-06
2021,3,7,4,1,1,0.000452341
2021,3,8,6,1,2,0.001352207
2021,3,8,6,1,3,0.000179442
2021,3,8,6,1,1,0.062089819
2021,3,8,7,3,3,4.26E-05
2021,3,8,7,3,1,1.24E-05
2021,3,8,7,1,2,0.000848032
2021,3,8,7,1,3,0.000198599
2021,3,8,7,1,1,0.058000388
2021,3,8,8,1,2,0.000984708
2021,3,8,8,1,3,0.000152264
2021,3,8,8,1,1,0.085232747
2021,3,8,9,16,2,3.05E-06
2021,3,8,9,16,1,0.008173028
2021,3,8,9,1,2,0.00123516
2021,3,8,9,1,3,1.32E-05
2021,3,8,9,1,1,0.108611078
2021,3,8,10,7,1,2.36E-05
2021,3,8,10,7,4,2.10E-06
2021,3,8,10,1,2,0.001677533
2021,3,8,10,1,3,3.05E-06
2021,3,8,10,1,1,0.040786776
2021,3,8,11,7,2,1.03E-06
2021,3,8,11,7,1,0.000580237
2021,3,8,11,7,4,0.000143233
2021,3,8,11,15,2,4.52E-07
2021,3,8,11,15,3,3.02E-07
2021,3,8,11,15,1,0.001458145
2021,3,8,11,15,4,0.00014284
2021,3,8,11,16,2,1.05E-06
2021,3,8,11,16,3,0.000484765
2021,3,8,11,16,1,0.001201266
2021,3,8,11,5,2,1.08E-06
2021,3,8,11,5,3,1.08E-06
2021,3,8,11,5,1,0.002733718
2021,3,8,11,5,4,0.000450494
2021,3,8,11,2,1,6.07E-06
2021,3,8,11,2,4,4.05E-06
2021,3,8,11,1,2,0.001690657
2021,3,8,11,1,3,0.002118772
2021,3,8,11,1,1,0.081553849
2021,3,8,1,7,3,1.02E-06
2021,3,8,1,7,1,0.000315804
2021,3,8,1,7,4,0.000125102
2021,3,8,1,1,2,0.000572743
2021,3,8,1,1,3,1.07E-05
2021,3,8,1,1,1,0.01243772
2021,3,8,2,1,2,2.10E-06
2021,3,8,2,1,1,0.000522079
2021,3,8,3,1,2,1.17E-05
2021,3,8,3,1,1,0.000765859
2021,3,8,4,7,2,3.07E-06
2021,3,8,4,7,3,3.07E-06
2021,3,8,4,7,1,0.001271725
2021,3,8,4,7,4,0.000458534
2021,3,8,4,15,2,2.60E-06
2021,3,8,4,15,3,2.75E-06
2021,3,8,4,15,1,0.011429019
2021,3,8,4,15,4,0.001445512
2021,3,8,4,16,1,0.00016527
2021,3,8,4,5,1,1.13E-05
2021,3,8,4,1,2,2.91E-06
2021,3,8,4,1,1,0.002558346
2021,3,8,5,15,1,0.000216265
2021,3,8,5,15,4,7.26E-05
2021,3,8,5,1,2,9.72E-07
2021,3,8,5,1,3,9.72E-07
2021,3,8,5,1,1,0.000192188
2021,4,1,3,1,1,7.50E-05
2021,4,1,5,6,1,1.51E-06
2021,4,1,5,1,1,0.000240147
2021,4,1,8,2,2,6.08E-06
2021,4,1,8,2,3,2.03E-06
2021,4,1,8,2,1,7.95E-05
2021,4,1,8,2,4,1.41E-05
2021,4,1,8,1,2,0.000509624
2021,4,1,8,1,3,9.41E-05
2021,4,1,8,1,1,0.00663558
2021,4,1,9,1,2,0.00110935
2021,4,1,9,1,3,7.22E-06
2021,4,1,9,1,1,0.008893708
2021,4,1,11,2,1,7.40E-05
2021,4,1,11,2,4,1.21E-05
2021,4,1,11,1,2,1.99E-06
2021,4,1,11,1,1,0.000606809
2021,4,2,1,1,2,0.001255964
2021,4,2,1,1,1,0.00193507
2021,4,2,2,1,1,1.06E-06
2021,4,2,3,4,1,4.31E-05
2021,4,2,3,4,4,2.05E-06
2021,4,2,3,1,1,0.000396215
2021,4,2,4,7,1,7.14E-06
2021,4,2,4,6,1,2.08E-06
2021,4,2,4,1,2,5.19E-05
2021,4,2,4,1,1,0.002360601
2021,4,2,5,1,1,0.000366509
2021,4,2,6,2,2,1.13E-05
2021,4,2,6,2,1,0.000597364
2021,4,2,6,2,4,9.56E-05
2021,4,2,6,1,2,0.003274346
2021,4,2,6,1,3,0.000331147
2021,4,2,6,1,1,0.024228481
2021,4,2,7,3,2,0.001605368
2021,4,2,7,3,3,0.000550324
2021,4,2,7,3,1,0.005289726
2021,4,2,7,16,2,3.06E-06
2021,4,2,7,16,3,1.02E-06
2021,4,2,7,16,1,2.65E-05
2021,4,2,7,1,2,0.000784388
2021,4,2,7,1,3,0.000194582
2021,4,2,7,1,1,0.011207491
2021,4,2,8,3,2,1.33E-05
2021,4,2,8,3,3,3.60E-06
2021,4,2,8,3,1,0.000170535
2021,4,2,8,2,2,5.98E-06
2021,4,2,8,2,3,6.97E-06
2021,4,2,8,2,1,0.003696603
2021,4,2,8,2,4,0.000792266
2021,4,2,8,1,2,0.001846913
2021,4,2,8,1,3,0.000352522
2021,4,2,8,1,1,0.031642286
2021,4,2,9,1,2,0.000659387
2021,4,2,9,1,3,6.15E-06
2021,4,2,9,1,1,0.008886381
2021,4,2,11,3,2,7.06E-08
2021,4,2,11,3,1,8.59E-06
2021,4,2,11,16,2,3.00E-05
2021,4,2,11,16,3,6.99E-06
2021,4,2,11,16,1,0.003175033
2021,4,2,11,2,2,8.95E-06
2021,4,2,11,2,1,0.002393138
2021,4,2,11,2,4,0.000493448
2021,4,2,11,1,2,0.000507775
2021,4,2,11,1,3,2.57E-05
2021,4,2,11,1,1,0.019150572
2021,4,3,6,1,2,0.000945403
2021,4,3,6,1,3,1.44E-05
2021,4,3,6,1,1,0.000154371
2021,4,3,7,3,2,2.61E-05
2021,4,3,7,3,3,4.87E-06
2021,4,3,7,3,1,2.02E-05
2021,4,3,7,1,2,0.000399194
2021,4,3,7,1,3,9.25E-05
2021,4,3,7,1,1,0.000384998
2021,4,3,9,1,2,0.000691369
2021,4,3,9,1,3,1.04E-06
2021,4,3,9,1,1,0.000107961
2021,4,3,10,1,2,9.67E-06
2021,4,3,10,1,1,3.88E-05
2021,4,3,1,1,2,0.003743448
2021,4,3,1,1,3,3.79E-06
2021,4,3,1,1,1,0.002927601
2021,4,3,2,16,2,3.16E-06
2021,4,3,2,16,3,1.90E-05
2021,4,3,2,16,1,0.001330866
2021,4,3,2,1,2,0.002235104
2021,4,3,2,1,3,1.41E-05
2021,4,3,2,1,1,0.008859736
2021,4,3,3,1,2,0.000494993
2021,4,3,3,1,3,1.04E-06
2021,4,3,3,1,1,0.003185423
2021,4,3,4,16,1,7.28E-05
2021,4,3,4,5,1,9.43E-05
2021,4,3,4,5,4,2.17E-05
2021,4,3,4,1,2,5.45E-05
2021,4,3,4,1,1,0.002291317
2021,4,3,5,7,1,2.98E-05
2021,4,3,5,7,4,2.06E-06
2021,4,3,5,1,2,2.09E-06
2021,4,3,5,1,1,9.25E-05
2021,4,4,1,4,2,1.04E-06
2021,4,4,1,4,1,2.69E-05
2021,4,4,1,4,4,3.11E-06
2021,4,4,1,7,2,9.30E-06
2021,4,4,1,7,3,2.04E-06
2021,4,4,1,7,1,0.000104151
2021,4,4,1,7,4,1.03E-06
2021,4,4,1,15,2,6.76E-05
2021,4,4,1,15,1,0.000723054
2021,4,4,1,15,4,7.48E-05
2021,4,4,1,16,1,0.000134497
2021,4,4,1,5,1,1.15E-05
2021,4,4,1,1,2,0.010130546
2021,4,4,1,1,3,7.94E-05
2021,4,4,1,1,1,0.017514749
2021,4,4,2,16,2,0.000169799
2021,4,4,2,16,3,1.66E-05
2021,4,4,2,16,1,0.003384372
2021,4,4,2,5,2,4.09E-06
2021,4,4,2,5,3,2.04E-06
2021,4,4,2,5,1,0.000270706
2021,4,4,2,5,4,4.09E-05
2021,4,4,2,6,1,2.04E-05
2021,4,4,2,6,4,1.02E-06
2021,4,4,2,1,2,0.002232941
2021,4,4,2,1,3,1.89E-05
2021,4,4,2,1,1,0.009496449
2021,4,4,3,5,1,1.13E-05
2021,4,4,3,5,4,1.03E-06
2021,4,4,3,1,2,0.000281202
2021,4,4,3,1,1,0.000902155
2021,4,4,4,7,2,0.000170845
2021,4,4,4,7,1,6.63E-05
2021,4,4,4,7,4,5.49E-05
2021,4,4,4,15,2,8.14E-06
2021,4,4,4,15,1,0.001909864
2021,4,4,4,15,4,0.00016801
2021,4,4,4,16,1,0.000412326
2021,4,4,4,5,1,3.16E-06
2021,4,4,4,5,4,1.05E-06
2021,4,4,4,1,2,0.000110366
2021,4,4,4,1,1,0.003343547
2021,4,4,5,7,1,3.10E-06
2021,4,4,5,16,1,3.08E-06
2021,4,4,5,5,1,1.23E-05
2021,4,4,5,5,4,2.04E-06
2021,4,4,5,1,2,6.22E-06
2021,4,4,5,1,1,0.000581386
2021,4,4,6,5,2,0.000259082
2021,4,4,6,5,3,3.10E-06
2021,4,4,6,5,1,0.000902143
2021,4,4,6,5,4,9.08E-05
2021,4,4,6,1,2,0.001936556
2021,4,4,6,1,3,0.000122535
2021,4,4,6,1,1,0.003732273
2021,4,4,7,3,2,0.000013264
2021,4,4,7,3,3,2.50E-05
2021,4,4,7,3,1,0.000003316
2021,4,4,9,16,2,0.000504
2021,4,4,9,16,3,1.54E-05
2021,4,4,9,16,1,0.004500991
2021,4,4,9,1,2,9.54E-05
2021,4,4,9,1,3,3.05E-06
2021,4,4,9,1,1,0.002803801
2021,4,4,10,1,1,1.46E-05
2021,4,5,6,2,1,0.000275284
2021,4,5,6,2,4,1.94E-05
2021,4,5,6,1,2,0.000201017
2021,4,5,6,1,1,0.011006964
2021,4,5,7,1,2,1.08E-06
2021,4,5,7,1,1,0.001057015
2021,4,5,9,1,2,0.000685858
2021,4,5,9,1,3,2.05E-06
2021,4,5,9,1,1,0.0046484
2021,4,5,11,5,2,3.03E-06
2021,4,5,11,5,1,0.001713065
2021,4,5,11,5,4,0.000117236
2021,4,5,11,2,1,0.000354624
2021,4,5,11,2,4,4.37E-05
2021,4,5,11,1,2,5.79E-06
2021,4,5,11,1,1,0.002323558
2021,4,5,1,16,2,1.03E-06
2021,4,5,1,16,3,5.84E-06
2021,4,5,1,16,1,0.000566969
2021,4,5,1,1,2,0.001591934
2021,4,5,1,1,3,0.000388389
2021,4,5,1,1,1,0.006596581
2021,4,5,2,16,2,1.02E-06
2021,4,5,2,16,3,1.03E-06
2021,4,5,2,16,1,0.000769519
2021,4,5,2,1,2,0.000119209
2021,4,5,2,1,1,0.006932706
2021,4,5,3,1,2,2.07E-06
2021,4,5,3,1,1,0.000691363
2021,4,5,4,1,2,7.29E-06
2021,4,5,4,1,3,1.04E-06
2021,4,5,4,1,1,0.000709483
2021,4,5,5,7,2,1.03E-06
2021,4,5,5,7,1,7.13E-05
2021,4,5,5,7,4,1.34E-05
2021,4,5,5,15,1,0.000478614
2021,4,5,5,15,4,0.000120055
2021,4,5,5,5,1,8.24E-06
2021,4,5,5,5,4,1.03E-06
2021,4,5,5,1,2,2.05E-06
2021,4,5,5,1,1,0.00032013
2021,4,6,2,1,2,7.88E-05
2021,4,6,2,1,1,0.000372043
2021,4,6,4,1,1,0.000907999
2021,4,6,5,16,1,4.11E-06
2021,4,6,5,5,1,3.26E-06
2021,4,6,5,5,4,2.17E-06
2021,4,6,5,1,1,0.000534905
2021,4,6,7,1,2,0.000620594
2021,4,6,7,1,3,6.28E-05
2021,4,6,7,1,1,0.002847561
2021,4,6,8,2,2,9.86E-07
2021,4,6,8,2,1,0.000369532
2021,4,6,8,2,4,6.17E-05
2021,4,6,8,1,2,0.000672158
2021,4,6,8,1,3,0.000458267
2021,4,6,8,1,1,0.009331411
2021,4,6,9,1,2,0.000416361
2021,4,6,9,1,1,0.001784916
2021,4,6,11,2,1,0.000208817
2021,4,6,11,2,4,6.27E-05
2021,4,6,11,1,2,0.000768893
2021,4,6,11,1,3,6.07E-06
2021,4,6,11,1,1,0.011038532
2021,4,7,6,1,2,0.001778269
2021,4,7,6,1,3,4.53E-05
2021,4,7,6,1,1,0.014272447
2021,4,7,7,16,2,1.13E-05
2021,4,7,7,16,3,7.70E-05
2021,4,7,7,16,1,0.000716292
2021,4,7,7,1,2,0.000597255
2021,4,7,7,1,3,0.000134333
2021,4,7,7,1,1,0.005325731
2021,4,7,8,1,2,0.001988811
2021,4,7,8,1,3,7.25E-05
2021,4,7,8,1,1,0.018701326
2021,4,7,9,16,2,7.39E-05
2021,4,7,9,16,3,4.31E-05
2021,4,7,9,16,1,0.014242639
2021,4,7,9,5,1,1.11E-05
2021,4,7,9,5,4,3.02E-06
2021,4,7,9,6,2,4.05E-06
2021,4,7,9,6,3,2.03E-06
2021,4,7,9,6,1,0.000524513
2021,4,7,9,6,4,2.94E-05
2021,4,7,9,1,2,0.004435256
2021,4,7,9,1,3,1.02E-05
2021,4,7,9,1,1,0.080102288
2021,4,7,10,1,2,9.58E-05
2021,4,7,10,1,1,0.001420318
2021,4,7,11,7,1,0.000207818
2021,4,7,11,7,4,9.17E-06
2021,4,7,11,16,1,0.000343013
2021,4,7,11,1,2,2.02E-06
2021,4,7,11,1,1,0.000561971
2021,4,7,1,7,1,3.56E-05
2021,4,7,1,7,4,3.05E-06
2021,4,7,1,15,3,0.000102657
2021,4,7,1,15,1,0.000227808
2021,4,7,1,15,4,2.98E-05
2021,4,7,1,16,2,6.15E-06
2021,4,7,1,16,3,8.20E-06
2021,4,7,1,16,1,0.00055838
2021,4,7,1,5,3,3.07E-06
2021,4,7,1,5,1,9.42E-05
2021,4,7,1,5,4,3.07E-06
2021,4,7,1,6,3,2.04E-06
2021,4,7,1,6,1,5.21E-05
2021,4,7,1,6,4,3.27E-05
2021,4,7,1,1,2,0.00359958
2021,4,7,1,1,3,9.25E-05
2021,4,7,1,1,1,0.028074251
2021,4,7,2,1,2,0.001647976
2021,4,7,2,1,3,3.08E-06
2021,4,7,2,1,1,0.006236105
2021,4,7,3,1,2,1.02E-06
2021,4,7,3,1,1,9.20E-06
2021,4,7,4,7,1,0.000349215
2021,4,7,4,7,4,2.18E-05
2021,4,7,4,15,1,0.000295045
2021,4,7,4,15,4,2.05E-05
2021,4,7,4,16,1,2.79E-05
2021,4,7,4,5,1,1.47E-05
2021,4,7,4,1,2,4.18E-06
2021,4,7,4,1,1,0.000125551
2021,4,8,6,1,2,0.001075344
2021,4,8,6,1,3,0.000145867
2021,4,8,6,1,1,0.020367139
2021,4,8,7,3,2,5.50E-06
2021,4,8,7,3,3,0.000126443
2021,4,8,7,3,1,1.37E-05
2021,4,8,7,1,2,0.001194887
2021,4,8,7,1,3,9.90E-05
2021,4,8,7,1,1,0.017104507
2021,4,8,8,1,2,0.000708659
2021,4,8,8,1,3,9.03E-05
2021,4,8,8,1,1,0.023007054
2021,4,8,9,16,2,2.25E-05
2021,4,8,9,16,3,6.12E-06
2021,4,8,9,16,1,0.004917647
2021,4,8,9,1,2,0.001071991
2021,4,8,9,1,3,1.93E-05
2021,4,8,9,1,1,0.048706816
2021,4,8,10,7,1,4.70E-06
2021,4,8,10,7,4,5.00E-07
2021,4,8,10,1,2,0.000961879
2021,4,8,10,1,3,5.10E-06
2021,4,8,10,1,1,0.015715372
2021,4,8,11,7,2,1.04E-06
2021,4,8,11,7,1,0.000264312
2021,4,8,11,7,4,2.58E-05
2021,4,8,11,15,2,4.01E-07
2021,4,8,11,15,3,1.51E-07
2021,4,8,11,15,1,0.000491699
2021,4,8,11,15,4,4.62E-05
2021,4,8,11,16,2,1.71E-05
2021,4,8,11,16,3,8.07E-05
2021,4,8,11,16,1,0.000520738
2021,4,8,11,5,2,5.20E-06
2021,4,8,11,5,1,0.001001939
2021,4,8,11,5,4,0.000146616
2021,4,8,11,2,1,3.04E-06
2021,4,8,11,1,2,0.00128544
2021,4,8,11,1,3,0.001403809
2021,4,8,11,1,1,0.029102525
2021,4,8,1,7,1,6.46E-05
2021,4,8,1,7,4,9.81E-06
2021,4,8,1,1,2,0.00076503
2021,4,8,1,1,3,2.13E-06
2021,4,8,1,1,1,0.004726107
2021,4,8,2,1,2,2.12E-06
2021,4,8,2,1,1,0.000280956
2021,4,8,3,1,2,2.31E-05
2021,4,8,3,1,1,0.000287619
2021,4,8,4,7,2,3.07E-06
2021,4,8,4,7,3,2.05E-06
2021,4,8,4,7,1,0.000421928
2021,4,8,4,7,4,4.10E-05
2021,4,8,4,15,2,1.88E-06
2021,4,8,4,15,3,2.90E-06
2021,4,8,4,15,1,0.003819877
2021,4,8,4,15,4,0.000311565
2021,4,8,4,16,1,7.18E-05
2021,4,8,4,5,1,2.05E-06
2021,4,8,4,1,2,3.38E-05
2021,4,8,4,1,1,0.00088524
2021,4,8,5,15,2,7.21E-07
2021,4,8,5,15,1,6.27E-05
2021,4,8,5,15,4,2.20E-05
2021,4,8,5,1,1,5.03E-05
2021,5,1,3,1,2,2.43E-05
2021,5,1,3,1,1,0.000835775
2021,5,1,5,6,2,1.51E-06
2021,5,1,5,6,1,7.57E-06
2021,5,1,5,6,4,3.03E-06
2021,5,1,5,1,1,0.003304952
2021,5,1,8,2,2,1.01E-06
2021,5,1,8,2,1,0.000201674
2021,5,1,8,2,4,3.23E-05
2021,5,1,8,1,2,0.000491434
2021,5,1,8,1,3,0.000215078
2021,5,1,8,1,1,0.018410411
2021,5,1,9,1,2,0.001788105
2021,5,1,9,1,3,4.62E-05
2021,5,1,9,1,1,0.055412748
2021,5,1,11,2,1,0.000170759
2021,5,1,11,2,4,2.13E-05
2021,5,1,11,1,2,6.98E-06
2021,5,1,11,1,1,0.000974831
2021,5,2,1,1,2,0.002274206
2021,5,2,1,1,3,8.32E-06
2021,5,2,1,1,1,0.01164501
2021,5,2,2,1,1,3.51E-05
2021,5,2,3,4,1,0.000156941
2021,5,2,3,4,4,3.08E-06
2021,5,2,3,1,2,0.00012374
2021,5,2,3,1,1,0.00395885
2021,5,2,4,7,1,9.79E-05
2021,5,2,4,7,4,1.03E-06
2021,5,2,4,6,1,4.17E-05
2021,5,2,4,6,4,2.08E-06
2021,5,2,4,1,2,0.000252345
2021,5,2,4,1,3,5.12E-06
2021,5,2,4,1,1,0.018882629
2021,5,2,5,16,1,0.000005
2021,5,2,5,1,2,3.09E-06
2021,5,2,5,1,1,0.003067278
2021,5,2,6,2,1,0.002787825
2021,5,2,6,2,4,0.000255821
2021,5,2,6,1,2,0.0017877
2021,5,2,6,1,3,0.000504599
2021,5,2,6,1,1,0.062381195
2021,5,2,7,3,2,0.000355654
2021,5,2,7,3,3,0.002445307
2021,5,2,7,3,1,0.01361688
2021,5,2,7,16,3,1.53E-05
2021,5,2,7,16,1,0.000656791
2021,5,2,7,1,2,0.000248196
2021,5,2,7,1,3,0.000610804
2021,5,2,7,1,1,0.030557728
2021,5,2,8,3,2,5.84E-06
2021,5,2,8,3,3,6.50E-06
2021,5,2,8,3,1,0.00027486
2021,5,2,8,2,2,9.96E-07
2021,5,2,8,2,3,3.99E-06
2021,5,2,8,2,1,0.008590149
2021,5,2,8,2,4,0.001017465
2021,5,2,8,1,2,0.000676743
2021,5,2,8,1,3,0.001151252
2021,5,2,8,1,1,0.06595704
2021,5,2,9,1,2,0.000833437
2021,5,2,9,1,3,9.64E-05
2021,5,2,9,1,1,0.038193859
2021,5,2,11,3,1,1.00E-05
2021,5,2,11,16,2,2.00E-06
2021,5,2,11,16,3,1.90E-05
2021,5,2,11,16,1,0.006688749
2021,5,2,11,2,1,0.005848822
2021,5,2,11,2,4,0.000875894
2021,5,2,11,1,2,0.00016821
2021,5,2,11,1,3,5.82E-05
2021,5,2,11,1,1,0.030509838
2021,5,3,6,1,2,3.16E-05
2021,5,3,6,1,3,4.31E-05
2021,5,3,6,1,1,0.00045736
2021,5,3,7,3,2,7.80E-07
2021,5,3,7,3,3,2.14E-05
2021,5,3,7,3,1,6.51E-05
2021,5,3,7,1,2,1.06E-05
2021,5,3,7,1,3,0.000415397
2021,5,3,7,1,1,0.001241631
2021,5,3,9,1,2,0.000129761
2021,5,3,9,1,3,7.99E-05
2021,5,3,9,1,1,0.000854349
2021,5,3,10,1,1,0.000149005
2021,5,3,1,1,2,0.005671965
2021,5,3,1,1,3,2.67E-05
2021,5,3,1,1,1,0.02443275
2021,5,3,2,16,2,8.95E-05
2021,5,3,2,16,3,4.43E-05
2021,5,3,2,16,1,0.006222891
2021,5,3,2,1,2,0.008343965
2021,5,3,2,1,3,5.53E-05
2021,5,3,2,1,1,0.109053856
2021,5,3,3,1,2,0.002292082
2021,5,3,3,1,3,3.09E-06
2021,5,3,3,1,1,0.023580134
2021,5,3,4,16,1,0.000443107
2021,5,3,4,5,2,2.07E-06
2021,5,3,4,5,1,0.001080563
2021,5,3,4,5,4,7.89E-05
2021,5,3,4,1,2,0.000714941
2021,5,3,4,1,1,0.023613121
2021,5,3,5,7,1,0.000653333
2021,5,3,5,7,4,5.97E-05
2021,5,3,5,1,1,0.001555365
2021,5,4,1,4,3,3.93E-05
2021,5,4,1,4,1,0.000281533
2021,5,4,1,4,4,1.35E-05
2021,5,4,1,7,2,3.10E-06
2021,5,4,1,7,3,4.39E-05
2021,5,4,1,7,1,0.000481712
2021,5,4,1,7,4,1.95E-05
2021,5,4,1,15,2,0.000151575
2021,5,4,1,15,3,7.17E-06
2021,5,4,1,15,1,0.015038706
2021,5,4,1,15,4,0.000534609
2021,5,4,1,16,1,0.000897952
2021,5,4,1,5,3,1.05E-06
2021,5,4,1,5,1,0.000181335
2021,5,4,1,5,4,3.14E-06
2021,5,4,1,1,2,0.020594446
2021,5,4,1,1,3,0.000418233
2021,5,4,1,1,1,0.120064639
2021,5,4,2,16,2,0.001676129
2021,5,4,2,16,3,6.95E-05
2021,5,4,2,16,1,0.012401906
2021,5,4,2,5,2,1.02E-06
2021,5,4,2,5,3,1.23E-05
2021,5,4,2,5,1,0.001806066
2021,5,4,2,5,4,4.80E-05
2021,5,4,2,6,1,0.000220183
2021,5,4,2,6,4,8.15E-06
2021,5,4,2,1,2,0.009798114
2021,5,4,2,1,3,0.000558796
2021,5,4,2,1,1,0.090288675
2021,5,4,3,5,1,3.28E-05
2021,5,4,3,1,2,0.000669326
2021,5,4,3,1,1,0.00634055
2021,5,4,4,7,2,7.66E-05
2021,5,4,4,7,1,0.000240218
2021,5,4,4,7,4,3.83E-05
2021,5,4,4,15,1,0.011159738
2021,5,4,4,15,4,0.000638624
2021,5,4,4,16,2,3.48E-05
2021,5,4,4,16,1,0.002084504
2021,5,4,4,5,1,1.37E-05
2021,5,4,4,5,4,1.05E-06
2021,5,4,4,1,2,0.00071229
2021,5,4,4,1,3,1.24E-05
2021,5,4,4,1,1,0.029815373
2021,5,4,5,7,1,5.36E-05
2021,5,4,5,7,4,6.34E-06
2021,5,4,5,16,3,1.03E-06
2021,5,4,5,16,1,1.31E-05
2021,5,4,5,5,1,0.000110368
2021,5,4,5,5,4,7.15E-06
2021,5,4,5,1,2,1.01E-06
2021,5,4,5,1,1,0.004871799
2021,5,4,6,5,2,0.000294177
2021,5,4,6,5,3,2.58E-05
2021,5,4,6,5,1,0.002635206
2021,5,4,6,5,4,0.000204376
2021,5,4,6,1,2,0.004693759
2021,5,4,6,1,3,0.000100823
2021,5,4,6,1,1,0.006550455
2021,5,4,7,3,2,0.000001658
2021,5,4,7,3,3,0.000011606
2021,5,4,7,3,1,0.000003316
2021,5,4,9,16,2,0.001273774
2021,5,4,9,16,3,3.50E-05
2021,5,4,9,16,1,0.01645875
2021,5,4,9,1,2,0.000310434
2021,5,4,9,1,3,2.36E-05
2021,5,4,9,1,1,0.011795923
2021,5,4,10,1,1,8.56E-05
2021,5,5,6,2,2,1.02E-06
2021,5,5,6,2,1,0.002205332
2021,5,5,6,2,4,7.75E-05
2021,5,5,6,1,2,0.000796331
2021,5,5,6,1,3,3.05E-06
2021,5,5,6,1,1,0.041321409
2021,5,5,7,1,2,2.15E-06
2021,5,5,7,1,1,0.003649589
2021,5,5,9,1,2,0.002497237
2021,5,5,9,1,3,1.25E-05
2021,5,5,9,1,1,0.024297905
2021,5,5,11,5,2,4.04E-06
2021,5,5,11,5,3,1.01E-06
2021,5,5,11,5,1,0.005406009
2021,5,5,11,5,4,0.000231441
2021,5,5,11,2,1,0.001584121
2021,5,5,11,2,4,9.45E-05
2021,5,5,11,1,2,3.90E-05
2021,5,5,11,1,1,0.009487817
2021,5,5,1,16,2,0.000416749
2021,5,5,1,16,3,3.36E-05
2021,5,5,1,16,1,0.002635814
2021,5,5,1,1,2,0.006106183
2021,5,5,1,1,3,0.001939614
2021,5,5,1,1,1,0.049692375
2021,5,5,2,16,2,0.000145902
2021,5,5,2,16,1,0.00468418
2021,5,5,2,1,2,0.00130928
2021,5,5,2,1,3,1.23E-05
2021,5,5,2,1,1,0.055302576
2021,5,5,3,1,2,0.000351042
2021,5,5,3,1,1,0.006314971
2021,5,5,4,1,2,1.46E-05
2021,5,5,4,1,3,3.14E-06
2021,5,5,4,1,1,0.006930355
2021,5,5,5,7,1,0.000940682
2021,5,5,5,7,4,0.000101313
2021,5,5,5,15,2,2.06E-06
2021,5,5,5,15,3,9.98E-07
2021,5,5,5,15,1,0.004255949
2021,5,5,5,15,4,0.000448199
2021,5,5,5,5,3,0.000003
2021,5,5,5,5,1,0.00012767
2021,5,5,5,5,4,1.43E-05
2021,5,5,5,1,2,2.07E-05
2021,5,5,5,1,3,5.08E-06
2021,5,5,5,1,1,0.004894518
2021,5,6,1,1,1,0.0000025
2021,5,6,2,1,2,1.74E-05
2021,5,6,2,1,1,0.002960461
2021,5,6,4,1,2,2.45E-05
2021,5,6,4,1,1,0.006218355
2021,5,6,5,16,1,0.0000185
2021,5,6,5,5,1,5.32E-05
2021,5,6,5,5,4,1.41E-05
2021,5,6,5,1,2,4.15E-06
2021,5,6,5,1,1,0.004787884
2021,5,6,7,1,2,0.001710085
2021,5,6,7,1,3,0.000198145
2021,5,6,7,1,1,0.009062506
2021,5,6,8,2,1,0.001187679
2021,5,6,8,2,4,0.000119378
2021,5,6,8,1,2,0.002496808
2021,5,6,8,1,3,0.001052474
2021,5,6,8,1,1,0.034046555
2021,5,6,9,1,2,0.000668765
2021,5,6,9,1,3,4.09E-06
2021,5,6,9,1,1,0.01155942
2021,5,6,11,2,1,0.000793847
2021,5,6,11,2,4,0.000190162
2021,5,6,11,1,2,0.001828699
2021,5,6,11,1,3,1.80E-05
2021,5,6,11,1,1,0.030670699
2021,5,7,6,1,2,0.002600609
2021,5,7,6,1,3,8.97E-05
2021,5,7,6,1,1,0.014216039
2021,5,7,7,16,2,1.03E-06
2021,5,7,7,16,3,8.72E-05
2021,5,7,7,16,1,0.000843541
2021,5,7,7,1,2,0.001002456
2021,5,7,7,1,3,0.000253273
2021,5,7,7,1,1,0.0050085
2021,5,7,8,1,2,0.002026574
2021,5,7,8,1,3,0.000106229
2021,5,7,8,1,1,0.011577902
2021,5,7,9,16,2,0.000228407
2021,5,7,9,16,3,7.29E-05
2021,5,7,9,16,1,0.045170842
2021,5,7,9,5,1,9.47E-05
2021,5,7,9,5,4,2.01E-06
2021,5,7,9,6,2,2.03E-06
2021,5,7,9,6,1,0.003523752
2021,5,7,9,6,4,0.000172137
2021,5,7,9,1,2,0.008167271
2021,5,7,9,1,3,8.50E-05
2021,5,7,9,1,1,0.171829666
2021,5,7,10,1,2,0.000194888
2021,5,7,10,1,1,0.011101586
2021,5,7,11,7,1,0.00058071
2021,5,7,11,7,4,2.04E-05
2021,5,7,11,16,2,1.61E-05
2021,5,7,11,16,1,0.00218659
2021,5,7,11,1,2,1.21E-05
2021,5,7,11,1,1,0.001008911
2021,5,7,1,7,1,0.000112894
2021,5,7,1,7,4,8.14E-06
2021,5,7,1,15,2,0.000148418
2021,5,7,1,15,3,5.75E-05
2021,5,7,1,15,1,0.000805873
2021,5,7,1,15,4,6.67E-05
2021,5,7,1,16,2,1.23E-05
2021,5,7,1,16,3,0.000121958
2021,5,7,1,16,1,0.003047185
2021,5,7,1,5,2,1.02E-06
2021,5,7,1,5,1,0.000193059
2021,5,7,1,5,4,2.66E-05
2021,5,7,1,6,2,1.53E-05
2021,5,7,1,6,3,1.23E-05
2021,5,7,1,6,1,0.000162396
2021,5,7,1,6,4,8.07E-05
2021,5,7,1,1,2,0.015721659
2021,5,7,1,1,3,0.000765372
2021,5,7,1,1,1,0.198547851
2021,5,7,2,1,2,0.007187496
2021,5,7,2,1,3,2.26E-05
2021,5,7,2,1,1,0.144311292
2021,5,7,3,1,2,2.04E-06
2021,5,7,3,1,1,0.001146783
2021,5,7,4,7,3,1.06E-06
2021,5,7,4,7,1,0.002818424
2021,5,7,4,7,4,9.97E-05
2021,5,7,4,15,2,0.000336482
2021,5,7,4,15,3,7.19E-06
2021,5,7,4,15,1,0.001190275
2021,5,7,4,15,4,4.09E-05
2021,5,7,4,16,2,1.31E-06
2021,5,7,4,16,1,0.000177853
2021,5,7,4,5,1,7.45E-05
2021,5,7,4,5,4,2.10E-06
2021,5,7,4,1,2,0.000175573
2021,5,7,4,1,3,8.15E-09
2021,5,7,4,1,1,0.018167979
2021,5,8,6,1,2,0.002740023
2021,5,8,6,1,3,0.000296807
2021,5,8,6,1,1,0.047384793
2021,5,8,7,3,3,0.000479658
2021,5,8,7,3,1,2.61E-05
2021,5,8,7,1,2,0.002472369
2021,5,8,7,1,3,0.000509377
2021,5,8,7,1,1,0.03818156
2021,5,8,8,1,2,0.002654544
2021,5,8,8,1,3,0.000275114
2021,5,8,8,1,1,0.044171408
2021,5,8,9,16,2,3.16E-05
2021,5,8,9,16,3,1.13E-05
2021,5,8,9,16,1,0.013362736
2021,5,8,9,1,2,0.005516219
2021,5,8,9,1,3,4.08E-05
2021,5,8,9,1,1,0.178314973
2021,5,8,10,7,1,0.000194563
2021,5,8,10,7,4,9.11E-06
2021,5,8,10,1,2,0.003014722
2021,5,8,10,1,3,4.07E-06
2021,5,8,10,1,1,0.062920339
2021,5,8,11,7,1,0.001461378
2021,5,8,11,7,4,0.000111291
2021,5,8,11,15,2,2.41E-06
2021,5,8,11,15,3,7.54E-07
2021,5,8,11,15,1,0.003440246
2021,5,8,11,15,4,0.000229545
2021,5,8,11,16,2,5.92E-06
2021,5,8,11,16,3,0.000271702
2021,5,8,11,16,1,0.002592898
2021,5,8,11,5,2,1.08E-06
2021,5,8,11,5,3,1.03E-06
2021,5,8,11,5,1,0.0061376
2021,5,8,11,5,4,0.00053176
2021,5,8,11,2,1,5.97E-05
2021,5,8,11,2,4,1.62E-05
2021,5,8,11,1,2,0.003590067
2021,5,8,11,1,3,0.003847898
2021,5,8,11,1,1,0.13168486
2021,5,8,1,7,3,4.09E-06
2021,5,8,1,7,1,0.002368281
2021,5,8,1,7,4,0.000130494
2021,5,8,1,1,2,0.002124663
2021,5,8,1,1,3,4.31E-05
2021,5,8,1,1,1,0.031850375
2021,5,8,2,1,2,0.000145196
2021,5,8,2,1,3,1.05E-06
2021,5,8,2,1,1,0.017131128
2021,5,8,3,1,2,0.000846164
2021,5,8,3,1,1,0.023083759
2021,5,8,4,7,3,1.23E-05
2021,5,8,4,7,1,0.002224852
2021,5,8,4,7,4,0.000122868
2021,5,8,4,15,2,1.49E-05
2021,5,8,4,15,3,4.34E-06
2021,5,8,4,15,1,0.02529309
2021,5,8,4,15,4,0.001475782
2021,5,8,4,14,4,1.05E-06
2021,5,8,4,16,1,0.000334463
2021,5,8,4,5,1,4.21E-05
2021,5,8,4,5,4,2.05E-06
2021,5,8,4,1,2,0.000203932
2021,5,8,4,1,3,3.06E-06
2021,5,8,4,1,1,0.034582849
2021,5,8,5,15,1,0.000561046
2021,5,8,5,15,4,0.000148536
2021,5,8,5,1,1,0.000545635
2021,6,1,3,1,1,7.07E-05
2021,6,1,5,6,1,1.51E-06
2021,6,1,5,1,1,0.000346216
2021,6,1,8,2,1,5.65E-05
2021,6,1,8,2,4,5.05E-06
2021,6,1,8,1,2,9.22E-05
2021,6,1,8,1,3,3.67E-05
2021,6,1,8,1,1,0.004977497
2021,6,1,9,1,2,0.000225876
2021,6,1,9,1,3,8.37E-06
2021,6,1,9,1,1,0.014274782
2021,6,1,11,2,1,4.47E-05
2021,6,1,11,2,4,2.05E-06
2021,6,1,11,1,2,9.24E-07
2021,6,1,11,1,1,0.000296061
2021,6,2,1,1,2,0.000337876
2021,6,2,1,1,3,1.04E-06
2021,6,2,1,1,1,0.002968485
2021,6,2,2,1,1,7.45E-06
2021,6,2,3,4,1,1.13E-05
2021,6,2,3,1,2,0.00000105
2021,6,2,3,1,1,0.000411245
2021,6,2,4,7,1,4.08E-06
2021,6,2,4,1,2,2.36E-05
2021,6,2,4,1,1,0.003516735
2021,6,2,5,16,1,0.000001
2021,6,2,5,1,1,0.000405926
2021,6,2,6,2,1,0.000596928
2021,6,2,6,2,4,4.41E-05
2021,6,2,6,1,2,0.000565031
2021,6,2,6,1,3,0.000533688
2021,6,2,6,1,1,0.016254485
2021,6,2,7,3,2,7.50E-05
2021,6,2,7,3,3,0.000677235
2021,6,2,7,3,1,0.005848787
2021,6,2,7,16,2,1.02E-06
2021,6,2,7,16,1,7.65E-05
2021,6,2,7,1,2,5.22E-05
2021,6,2,7,1,3,4.60E-05
2021,6,2,7,1,1,0.008252573
2021,6,2,8,3,2,8.84E-07
2021,6,2,8,3,3,8.40E-06
2021,6,2,8,3,1,0.000105569
2021,6,2,8,2,2,9.98E-07
2021,6,2,8,2,3,3.98E-06
2021,6,2,8,2,1,0.002596528
2021,6,2,8,2,4,0.00030394
2021,6,2,8,1,2,0.00013006
2021,6,2,8,1,3,0.000666496
2021,6,2,8,1,1,0.024109151
2021,6,2,9,1,2,0.000129318
2021,6,2,9,1,3,2.17E-05
2021,6,2,9,1,1,0.013582658
2021,6,2,11,3,3,2.85E-08
2021,6,2,11,3,1,4.70E-06
2021,6,2,11,16,2,2.00E-06
2021,6,2,11,16,1,0.0019262
2021,6,2,11,2,1,0.001831654
2021,6,2,11,2,4,0.000247024
2021,6,2,11,1,2,2.48E-05
2021,6,2,11,1,3,1.88E-05
2021,6,2,11,1,1,0.010685633
2021,6,3,6,1,2,1.92E-05
2021,6,3,6,1,3,1.63E-05
2021,6,3,6,1,1,7.19E-05
2021,6,3,7,3,2,1.31E-07
2021,6,3,7,3,3,2.30E-06
2021,6,3,7,3,1,1.22E-05
2021,6,3,7,1,2,4.12E-06
2021,6,3,7,1,3,5.98E-05
2021,6,3,7,1,1,0.000238332
2021,6,3,9,1,2,1.35E-05
2021,6,3,9,1,3,5.19E-06
2021,6,3,9,1,1,0.000159866
2021,6,3,10,1,1,2.65E-05
2021,6,3,1,1,2,0.001220685
2021,6,3,1,1,1,0.007863545
2021,6,3,2,16,2,1.05E-06
2021,6,3,2,16,1,0.001010477
2021,6,3,2,1,2,0.001476961
2021,6,3,2,1,3,3.25E-05
2021,6,3,2,1,1,0.012195539
2021,6,3,3,1,2,0.00023936
2021,6,3,3,1,3,1.04E-06
2021,6,3,3,1,1,0.002942653
2021,6,3,4,16,1,5.85E-05
2021,6,3,4,5,1,7.79E-05
2021,6,3,4,5,4,2.39E-05
2021,6,3,4,1,2,1.65E-05
2021,6,3,4,1,1,0.002437745
2021,6,3,5,7,1,5.04E-05
2021,6,3,5,7,4,7.20E-06
2021,6,3,5,1,1,0.000171725
2021,6,4,1,4,3,4.14E-06
2021,6,4,1,4,1,2.38E-05
2021,6,4,1,4,4,1.04E-06
2021,6,4,1,7,2,5.17E-06
2021,6,4,1,7,1,8.05E-05
2021,6,4,1,7,4,9.27E-06
2021,6,4,1,15,2,3.28E-05
2021,6,4,1,15,3,1.02E-06
2021,6,4,1,15,1,0.001067171
2021,6,4,1,15,4,2.46E-05
2021,6,4,1,16,1,0.000176905
2021,6,4,1,5,1,8.39E-06
2021,6,4,1,5,4,1.05E-06
2021,6,4,1,1,2,0.00399902
2021,6,4,1,1,3,0.000149046
2021,6,4,1,1,1,0.035018498
2021,6,4,2,16,2,0.00012083
2021,6,4,2,16,3,6.23E-06
2021,6,4,2,16,1,0.002533926
2021,6,4,2,5,1,0.000222694
2021,6,4,2,5,4,4.09E-06
2021,6,4,2,6,1,1.33E-05
2021,6,4,2,1,2,0.00135954
2021,6,4,2,1,3,4.17E-05
2021,6,4,2,1,1,0.020283167
2021,6,4,3,5,1,1.03E-06
2021,6,4,3,1,2,0.000196184
2021,6,4,3,1,3,1.04E-06
2021,6,4,3,1,1,0.000881321
2021,6,4,4,7,2,1.04E-06
2021,6,4,4,7,1,1.76E-05
2021,6,4,4,7,4,2.80E-05
2021,6,4,4,15,1,0.001289838
2021,6,4,4,15,4,7.13E-05
2021,6,4,4,16,1,0.000408325
2021,6,4,4,5,1,1.05E-06
2021,6,4,4,1,2,6.94E-05
2021,6,4,4,1,1,0.004429298
2021,6,4,5,7,1,3.15E-06
2021,6,4,5,7,4,1.03E-06
2021,6,4,5,16,1,2.05E-06
2021,6,4,5,5,1,1.43E-05
2021,6,4,5,5,4,1.02E-06
2021,6,4,5,1,1,0.000651933
2021,6,4,6,5,2,0.00020644
2021,6,4,6,5,1,0.000363334
2021,6,4,6,5,4,3.30E-05
2021,6,4,6,1,2,0.000653883
2021,6,4,6,1,3,3.51E-05
2021,6,4,6,1,1,0.001546442
2021,6,4,7,3,3,0.000003316
2021,6,4,7,3,1,0.000001658
2021,6,4,9,16,2,1.34E-05
2021,6,4,9,16,3,7.19E-06
2021,6,4,9,16,1,0.003530492
2021,6,4,9,1,2,9.26E-06
2021,6,4,9,1,3,2.03E-06
2021,6,4,9,1,1,0.003022197
2021,6,4,10,1,1,1.04E-05
2021,6,5,6,2,2,1.02E-06
2021,6,5,6,2,1,0.000365006
2021,6,5,6,2,4,1.43E-05
2021,6,5,6,1,2,0.000171214
2021,6,5,6,1,1,0.009614914
2021,6,5,7,1,1,0.001145044
2021,6,5,9,1,2,0.000147292
2021,6,5,9,1,3,3.08E-06
2021,6,5,9,1,1,0.007650107
2021,6,5,11,5,1,0.00095305
2021,6,5,11,5,4,2.83E-05
2021,6,5,11,2,1,0.000418639
2021,6,5,11,2,4,2.34E-05
2021,6,5,11,1,2,7.42E-06
2021,6,5,11,1,1,0.003187444
2021,6,5,1,16,2,2.69E-05
2021,6,5,1,16,1,0.000481507
2021,6,5,1,1,2,0.001081245
2021,6,5,1,1,3,0.000549532
2021,6,5,1,1,1,0.011219551
2021,6,5,2,16,2,1.03E-06
2021,6,5,2,16,1,0.000732979
2021,6,5,2,1,2,9.15E-05
2021,6,5,2,1,3,5.13E-06
2021,6,5,2,1,1,0.011216365
2021,6,5,3,1,2,3.13E-06
2021,6,5,3,1,1,0.000767976
2021,6,5,4,1,2,1.04E-06
2021,6,5,4,1,3,1.04E-06
2021,6,5,4,1,1,0.001412072
2021,6,5,5,7,1,9.09E-05
2021,6,5,5,7,4,1.66E-05
2021,6,5,5,15,1,0.000480999
2021,6,5,5,15,4,5.09E-05
2021,6,5,5,5,1,6.13E-06
2021,6,5,5,5,4,1.07E-06
2021,6,5,5,1,1,0.000629525
2021,6,6,1,1,1,0.00000625
2021,6,6,2,1,2,6.16E-06
2021,6,6,2,1,1,0.000456255
2021,6,6,4,1,1,0.001031085
2021,6,6,5,16,1,7.19E-06
2021,6,6,5,5,1,4.35E-06
2021,6,6,5,5,4,1.09E-06
2021,6,6,5,1,1,0.00061429
2021,6,6,7,1,2,0.000271913
2021,6,6,7,1,3,5.00E-05
2021,6,6,7,1,1,0.002965958
2021,6,6,8,2,3,1.01E-06
2021,6,6,8,2,1,0.000255181
2021,6,6,8,2,4,2.77E-05
2021,6,6,8,1,2,0.000271374
2021,6,6,8,1,3,0.000909211
2021,6,6,8,1,1,0.011528145
2021,6,6,9,1,2,0.000139102
2021,6,6,9,1,3,1.02E-06
2021,6,6,9,1,1,0.004219366
2021,6,6,11,2,3,9.82E-07
2021,6,6,11,2,1,0.000190432
2021,6,6,11,2,4,3.62E-05
2021,6,6,11,1,2,0.000232378
2021,6,6,11,1,3,4.02E-06
2021,6,6,11,1,1,0.009451874
2021,6,7,6,1,2,0.000346095
2021,6,7,6,1,3,5.14E-06
2021,6,7,6,1,1,0.003435054
2021,6,7,7,16,3,1.03E-06
2021,6,7,7,16,1,0.000144695
2021,6,7,7,1,2,0.000113439
2021,6,7,7,1,3,3.61E-05
2021,6,7,7,1,1,0.001252609
2021,6,7,8,1,2,0.000335277
2021,6,7,8,1,3,3.78E-05
2021,6,7,8,1,1,0.0029366
2021,6,7,9,16,2,1.13E-05
2021,6,7,9,16,3,2.05E-06
2021,6,7,9,16,1,0.008517126
2021,6,7,9,5,1,2.01E-06
2021,6,7,9,6,1,0.000329086
2021,6,7,9,6,4,1.11E-05
2021,6,7,9,1,2,0.000353703
2021,6,7,9,1,3,2.33E-05
2021,6,7,9,1,1,0.033793169
2021,6,7,10,1,2,5.21E-05
2021,6,7,10,1,1,0.001221486
2021,6,7,11,7,1,4.99E-05
2021,6,7,11,7,4,3.06E-06
2021,6,7,11,16,2,9.45E-07
2021,6,7,11,16,1,0.000270253
2021,6,7,11,1,1,0.000234868
2021,6,7,1,7,1,9.15E-06
2021,6,7,1,15,3,5.13E-06
2021,6,7,1,15,1,8.00E-05
2021,6,7,1,15,4,9.24E-06
2021,6,7,1,16,2,3.08E-06
2021,6,7,1,16,3,7.17E-06
2021,6,7,1,16,1,0.000491458
2021,6,7,1,5,1,1.95E-05
2021,6,7,1,5,4,1.02E-06
2021,6,7,1,6,2,1.02E-06
2021,6,7,1,6,3,5.11E-06
2021,6,7,1,6,1,2.55E-05
2021,6,7,1,6,4,9.19E-06
2021,6,7,1,1,2,0.003710235
2021,6,7,1,1,3,0.00010356
2021,6,7,1,1,1,0.054454
2021,6,7,2,1,2,0.000910794
2021,6,7,2,1,3,3.85E-05
2021,6,7,2,1,1,0.023368604
2021,6,7,3,1,1,7.26E-05
2021,6,7,4,7,2,1.06E-06
2021,6,7,4,7,3,6.13E-06
2021,6,7,4,7,1,0.000296991
2021,6,7,4,7,4,1.54E-05
2021,6,7,4,15,1,0.000119894
2021,6,7,4,15,4,4.10E-06
2021,6,7,4,16,2,7.69E-08
2021,6,7,4,16,1,2.20E-05
2021,6,7,4,5,1,6.29E-06
2021,6,7,4,1,2,5.24E-06
2021,6,7,4,1,1,0.001208156
2021,6,8,6,1,2,0.000374486
2021,6,8,6,1,3,5.66E-05
2021,6,8,6,1,1,0.010227164
2021,6,8,7,3,3,0.000181418
2021,6,8,7,3,1,2.75E-05
2021,6,8,7,1,2,0.000489224
2021,6,8,7,1,3,0.00012234
2021,6,8,7,1,1,0.011391418
2021,6,8,8,1,2,0.000447404
2021,6,8,8,1,3,4.26E-05
2021,6,8,8,1,1,0.012948278
2021,6,8,9,16,2,2.04E-06
2021,6,8,9,16,1,0.003264312
2021,6,8,9,1,2,0.000419342
2021,6,8,9,1,3,8.16E-06
2021,6,8,9,1,1,0.043204219
2021,6,8,10,7,1,1.04E-05
2021,6,8,10,7,4,7.01E-07
2021,6,8,10,1,2,0.000456505
2021,6,8,10,1,3,4.06E-06
2021,6,8,10,1,1,0.009279596
2021,6,8,11,7,1,0.000114174
2021,6,8,11,7,4,8.25E-06
2021,6,8,11,15,1,0.000298975
2021,6,8,11,15,4,1.89E-05
2021,6,8,11,16,3,5.74E-05
2021,6,8,11,16,1,0.000414782
2021,6,8,11,5,1,0.000673674
2021,6,8,11,5,4,6.54E-05
2021,6,8,11,2,1,4.05E-06
2021,6,8,11,1,2,0.000408354
2021,6,8,11,1,3,0.000964086
2021,6,8,11,1,1,0.020942713
2021,6,8,1,7,1,0.00016112
2021,6,8,1,7,4,1.48E-05
2021,6,8,1,1,2,0.000423794
2021,6,8,1,1,3,5.36E-06
2021,6,8,1,1,1,0.009897857
2021,6,8,2,1,2,1.81E-05
2021,6,8,2,1,1,0.002918753
2021,6,8,3,1,2,4.71E-05
2021,6,8,3,1,1,0.003151291
2021,6,8,4,7,1,0.000215003
2021,6,8,4,7,4,1.84E-05
2021,6,8,4,15,1,0.002373239
2021,6,8,4,15,4,0.000139907
2021,6,8,4,16,3,1.71E-07
2021,6,8,4,16,1,5.27E-05
2021,6,8,4,5,1,2.05E-06
2021,6,8,4,5,4,1.03E-06
2021,6,8,4,1,2,1.26E-05
2021,6,8,4,1,1,0.005327615
2021,6,8,5,15,1,4.71E-05
2021,6,8,5,15,4,1.18E-05
2021,6,8,5,1,1,4.80E-05
2021,7,1,3,1,2,2.34E-06
2021,7,1,3,1,1,0.000148429
2021,7,1,5,6,2,3.33E-05
2021,7,1,5,6,1,6.05E-06
2021,7,1,5,1,2,1.33E-05
2021,7,1,5,1,1,0.001216553
2021,7,1,8,2,3,3.05E-06
2021,7,1,8,2,1,0.000134057
2021,7,1,8,2,4,1.51E-05
2021,7,1,8,1,2,0.002308363
2021,7,1,8,1,3,7.78E-05
2021,7,1,8,1,1,0.013459214
2021,7,1,9,1,2,0.003303786
2021,7,1,9,1,3,1.33E-05
2021,7,1,9,1,1,0.033812658
2021,7,1,11,2,1,0.000123164
2021,7,1,11,2,4,1.22E-05
2021,7,1,11,1,2,2.07E-05
2021,7,1,11,1,1,0.000518141
2021,7,2,1,1,2,0.009551722
2021,7,2,1,1,3,8.32E-06
2021,7,2,1,1,1,0.009186155
2021,7,2,2,1,1,2.87E-05
2021,7,2,3,4,1,6.15E-05
2021,7,2,3,4,4,1.03E-06
2021,7,2,3,1,2,7.55E-05
2021,7,2,3,1,1,0.001612805
2021,7,2,4,7,1,2.45E-05
2021,7,2,4,7,4,1.03E-06
2021,7,2,4,6,1,1.04E-05
2021,7,2,4,6,4,3.12E-06
2021,7,2,4,1,2,0.000419618
2021,7,2,4,1,3,6.42E-06
2021,7,2,4,1,1,0.010126099
2021,7,2,5,16,1,0.000004
2021,7,2,5,1,2,2.08E-06
2021,7,2,5,1,1,0.001385427
2021,7,2,6,2,2,1.32E-05
2021,7,2,6,2,3,4.12E-06
2021,7,2,6,2,1,0.001898186
2021,7,2,6,2,4,0.000137546
2021,7,2,6,1,2,0.009985567
2021,7,2,6,1,3,0.000517922
2021,7,2,6,1,1,0.052650746
2021,7,2,7,3,2,0.002821693
2021,7,2,7,3,3,0.001300393
2021,7,2,7,3,1,0.018939524
2021,7,2,7,16,2,4.08E-06
2021,7,2,7,16,3,2.96E-05
2021,7,2,7,16,1,0.000565003
2021,7,2,7,1,2,0.001000036
2021,7,2,7,1,3,0.000245707
2021,7,2,7,1,1,0.025415952
2021,7,2,8,3,2,3.12E-05
2021,7,2,8,3,3,5.33E-06
2021,7,2,8,3,1,0.000355687
2021,7,2,8,2,2,1.00E-05
2021,7,2,8,2,3,9.96E-07
2021,7,2,8,2,1,0.00891214
2021,7,2,8,2,4,0.000754632
2021,7,2,8,1,2,0.003634589
2021,7,2,8,1,3,0.000889152
2021,7,2,8,1,1,0.087539874
2021,7,2,9,1,2,0.002539076
2021,7,2,9,1,3,1.55E-05
2021,7,2,9,1,1,0.035399554
2021,7,2,11,3,2,1.36E-08
2021,7,2,11,3,1,8.90E-06
2021,7,2,11,16,2,8.29E-05
2021,7,2,11,16,3,1.80E-05
2021,7,2,11,16,1,0.006641793
2021,7,2,11,2,2,3.01E-06
2021,7,2,11,2,1,0.006302816
2021,7,2,11,2,4,0.000623074
2021,7,2,11,1,2,0.000792155
2021,7,2,11,1,3,2.28E-05
2021,7,2,11,1,1,0.032954919
2021,7,3,6,1,2,4.60E-05
2021,7,3,6,1,3,1.05E-05
2021,7,3,6,1,1,0.000218612
2021,7,3,7,3,2,7.96E-06
2021,7,3,7,3,3,6.89E-06
2021,7,3,7,3,1,2.90E-05
2021,7,3,7,1,2,7.95E-05
2021,7,3,7,1,3,0.000117041
2021,7,3,7,1,1,0.00048116
2021,7,3,9,1,2,0.001040167
2021,7,3,9,1,3,3.22E-05
2021,7,3,9,1,1,0.000360218
2021,7,3,10,1,2,9.67E-07
2021,7,3,10,1,1,5.48E-05
2021,7,3,1,1,2,0.029439852
2021,7,3,1,1,3,1.13E-06
2021,7,3,1,1,1,0.017380947
2021,7,3,2,16,2,5.58E-05
2021,7,3,2,16,1,0.002630069
2021,7,3,2,1,2,0.024964149
2021,7,3,2,1,3,3.10E-06
2021,7,3,2,1,1,0.039367366
2021,7,3,3,1,2,0.005552404
2021,7,3,3,1,1,0.010178573
2021,7,3,4,14,4,1.85E-05
2021,7,3,4,16,1,0.000181551
2021,7,3,4,5,2,1.03E-06
2021,7,3,4,5,1,0.00035245
2021,7,3,4,5,4,3.01E-05
2021,7,3,4,1,2,0.000533048
2021,7,3,4,1,1,0.00868967
2021,7,3,5,7,1,0.000262362
2021,7,3,5,7,4,2.88E-05
2021,7,3,5,1,1,0.00076779
2021,7,4,1,4,1,0.000175958
2021,7,4,1,4,4,6.21E-06
2021,7,4,1,7,2,0.000246983
2021,7,4,1,7,3,1.03E-06
2021,7,4,1,7,1,0.000154337
2021,7,4,1,7,4,2.47E-05
2021,7,4,1,15,2,0.000591962
2021,7,4,1,15,3,7.17E-06
2021,7,4,1,15,1,0.005939081
2021,7,4,1,15,4,0.000201759
2021,7,4,1,16,2,5.17E-06
2021,7,4,1,16,1,0.000393091
2021,7,4,1,5,2,2.10E-06
2021,7,4,1,5,1,1.26E-05
2021,7,4,1,5,4,2.10E-06
2021,7,4,1,1,2,0.06970038
2021,7,4,1,1,3,0.000148818
2021,7,4,1,1,1,0.075577335
2021,7,4,2,16,2,0.000564957
2021,7,4,2,16,3,2.08E-05
2021,7,4,2,16,1,0.005122378
2021,7,4,2,5,2,6.13E-06
2021,7,4,2,5,1,0.000583294
2021,7,4,2,5,4,2.25E-05
2021,7,4,2,6,2,1.02E-06
2021,7,4,2,6,1,3.67E-05
2021,7,4,2,6,4,1.02E-06
2021,7,4,2,1,2,0.022985312
2021,7,4,2,1,3,1.65E-05
2021,7,4,2,1,1,0.044069022
2021,7,4,3,5,1,7.19E-06
2021,7,4,3,1,2,0.003473375
2021,7,4,3,1,1,0.002680083
2021,7,4,4,7,2,0.00078071
2021,7,4,4,7,1,0.000181199
2021,7,4,4,7,4,1.04E-05
2021,7,4,4,15,2,2.05E-06
2021,7,4,4,15,1,0.004860962
2021,7,4,4,15,4,0.000240448
2021,7,4,4,16,2,4.00E-05
2021,7,4,4,16,1,0.000996635
2021,7,4,4,5,1,8.41E-06
2021,7,4,4,1,2,0.002088734
2021,7,4,4,1,3,2.07E-06
2021,7,4,4,1,1,0.013260103
2021,7,4,5,7,1,1.48E-05
2021,7,4,5,7,4,3.24E-06
2021,7,4,5,16,1,1.00E-05
2021,7,4,5,5,1,4.29E-05
2021,7,4,5,5,4,1.02E-06
2021,7,4,5,1,2,3.12E-06
2021,7,4,5,1,1,0.002350289
2021,7,4,6,5,2,0.004629416
2021,7,4,6,5,3,3.10E-06
2021,7,4,6,5,1,0.001153999
2021,7,4,6,5,4,6.50E-05
2021,7,4,6,1,2,0.019061983
2021,7,4,6,1,3,1.37E-05
2021,7,4,6,1,1,0.002376195
2021,7,4,7,3,3,0.000013264
2021,7,4,9,16,2,0.000456092
2021,7,4,9,16,3,5.15E-06
2021,7,4,9,16,1,0.008449477
2021,7,4,9,1,2,0.000175234
2021,7,4,9,1,1,0.005150199
2021,7,4,10,1,1,2.51E-05
2021,7,5,6,2,1,0.000993062
2021,7,5,6,2,4,2.75E-05
2021,7,5,6,1,2,0.003353997
2021,7,5,6,1,3,1.01E-06
2021,7,5,6,1,1,0.022881959
2021,7,5,7,1,2,2.15E-06
2021,7,5,7,1,1,0.002523578
2021,7,5,9,1,2,0.004602753
2021,7,5,9,1,1,0.018112198
2021,7,5,11,5,2,5.05E-06
2021,7,5,11,5,1,0.002380099
2021,7,5,11,5,4,0.000118247
2021,7,5,11,2,1,0.001189869
2021,7,5,11,2,4,5.89E-05
2021,7,5,11,1,2,2.00E-05
2021,7,5,11,1,3,1.15E-06
2021,7,5,11,1,1,0.00752213
2021,7,5,1,16,2,0.000369496
2021,7,5,1,16,1,0.001018812
2021,7,5,1,1,2,0.01857111
2021,7,5,1,1,3,0.000838119
2021,7,5,1,1,1,0.028632603
2021,7,5,2,16,2,0.000206571
2021,7,5,2,16,3,1.03E-06
2021,7,5,2,16,1,0.001858041
2021,7,5,2,1,2,0.001165747
2021,7,5,2,1,3,2.05E-06
2021,7,5,2,1,1,0.026456497
2021,7,5,3,1,2,0.000115294
2021,7,5,3,1,1,0.002622249
2021,7,5,4,1,2,0.000116528
2021,7,5,4,1,1,0.003819343
2021,7,5,5,7,2,2.06E-06
2021,7,5,5,7,1,0.000394264
2021,7,5,5,7,4,3.82E-05
2021,7,5,5,15,1,0.001865168
2021,7,5,5,15,4,0.000167737
2021,7,5,5,5,1,2.99E-05
2021,7,5,5,5,4,4.10E-06
2021,7,5,5,1,2,0.000148938
2021,7,5,5,1,1,0.002056251
2021,7,6,2,1,2,0.000185421
2021,7,6,2,1,1,0.001237685
2021,7,6,4,1,2,1.85E-05
2021,7,6,4,1,1,0.003461352
2021,7,6,5,16,1,8.22E-06
2021,7,6,5,5,1,2.28E-05
2021,7,6,5,5,4,3.26E-06
2021,7,6,5,1,2,3.12E-05
2021,7,6,5,1,1,0.00196792
2021,7,6,7,1,2,0.002880805
2021,7,6,7,1,3,0.000135769
2021,7,6,7,1,1,0.014498008
2021,7,6,8,2,2,1.02E-06
2021,7,6,8,2,3,9.82E-07
2021,7,6,8,2,1,0.001146567
2021,7,6,8,2,4,7.14E-05
2021,7,6,8,1,2,0.009057308
2021,7,6,8,1,3,0.001722555
2021,7,6,8,1,1,0.037009825
2021,7,6,9,1,2,0.003786779
2021,7,6,9,1,1,0.009807668
2021,7,6,11,2,2,9.73E-07
2021,7,6,11,2,1,0.000923592
2021,7,6,11,2,4,0.000136928
2021,7,6,11,1,2,0.004411684
2021,7,6,11,1,3,3.03E-06
2021,7,6,11,1,1,0.030009007
2021,7,7,6,1,2,0.012132597
2021,7,7,6,1,3,7.22E-06
2021,7,7,6,1,1,0.003403828
2021,7,7,7,16,2,6.16E-06
2021,7,7,7,16,3,3.08E-06
2021,7,7,7,16,1,0.000114935
2021,7,7,7,1,2,0.002428802
2021,7,7,7,1,3,1.33E-05
2021,7,7,7,1,1,0.001021828
2021,7,7,8,1,2,0.011244991
2021,7,7,8,1,3,3.07E-06
2021,7,7,8,1,1,0.002652088
2021,7,7,9,16,2,0.000240467
2021,7,7,9,16,3,4.11E-06
2021,7,7,9,16,1,0.018263551
2021,7,7,9,5,2,1.01E-06
2021,7,7,9,5,1,1.51E-05
2021,7,7,9,5,4,2.01E-06
2021,7,7,9,6,2,3.04E-06
2021,7,7,9,6,1,0.000916378
2021,7,7,9,6,4,3.75E-05
2021,7,7,9,1,2,0.018722954
2021,7,7,9,1,3,3.97E-06
2021,7,7,9,1,1,0.054901413
2021,7,7,10,1,2,0.001540319
2021,7,7,10,1,1,0.004708161
2021,7,7,11,7,1,0.000126338
2021,7,7,11,7,4,9.17E-06
2021,7,7,11,16,2,4.72E-06
2021,7,7,11,16,1,0.000686971
2021,7,7,11,1,2,1.92E-05
2021,7,7,11,1,1,0.000440809
2021,7,7,1,7,1,3.86E-05
2021,7,7,1,15,2,6.20E-05
2021,7,7,1,15,3,4.11E-06
2021,7,7,1,15,1,0.000295592
2021,7,7,1,15,4,2.05E-05
2021,7,7,1,16,2,1.54E-05
2021,7,7,1,16,3,7.99E-05
2021,7,7,1,16,1,0.001262852
2021,7,7,1,5,2,5.11E-06
2021,7,7,1,5,1,3.90E-05
2021,7,7,1,5,4,9.20E-06
2021,7,7,1,6,2,0.000131755
2021,7,7,1,6,3,2.25E-05
2021,7,7,1,6,1,3.78E-05
2021,7,7,1,6,4,1.74E-05
2021,7,7,1,1,2,0.050847157
2021,7,7,1,1,3,0.000397243
2021,7,7,1,1,1,0.13226539
2021,7,7,2,1,2,0.015613366
2021,7,7,2,1,3,1.01E-05
2021,7,7,2,1,1,0.072564798
2021,7,7,3,1,1,0.000379195
2021,7,7,4,7,1,0.000972964
2021,7,7,4,7,4,3.39E-05
2021,7,7,4,15,2,0.000312085
2021,7,7,4,15,1,0.000423133
2021,7,7,4,15,4,1.54E-05
2021,7,7,4,16,2,3.84E-07
2021,7,7,4,16,1,5.59E-05
2021,7,7,4,5,1,2.52E-05
2021,7,7,4,5,4,1.05E-06
2021,7,7,4,1,2,0.000169242
2021,7,7,4,1,1,0.007038839
2021,7,8,6,1,2,0.007826038
2021,7,8,6,1,3,0.000104485
2021,7,8,6,1,1,0.029534201
2021,7,8,7,3,3,1.79E-05
2021,7,8,7,3,1,5.36E-05
2021,7,8,7,1,2,0.004435796
2021,7,8,7,1,3,0.000162936
2021,7,8,7,1,1,0.02961948
2021,7,8,8,1,2,0.005002428
2021,7,8,8,1,3,0.000279544
2021,7,8,8,1,1,0.035152736
2021,7,8,9,16,2,0.000141412
2021,7,8,9,16,3,1.03E-06
2021,7,8,9,16,1,0.005592945
2021,7,8,9,1,2,0.007908962
2021,7,8,9,1,3,3.10E-06
2021,7,8,9,1,1,0.087465116
2021,7,8,10,7,2,1.00E-07
2021,7,8,10,7,1,6.90E-05
2021,7,8,10,7,4,2.50E-06
2021,7,8,10,1,2,0.011000839
2021,7,8,10,1,3,1.03E-06
2021,7,8,10,1,1,0.028728739
2021,7,8,11,7,1,0.000687413
2021,7,8,11,7,4,4.41E-05
2021,7,8,11,15,2,4.52E-07
2021,7,8,11,15,3,1.51E-07
2021,7,8,11,15,1,0.001440944
2021,7,8,11,15,4,6.89E-05
2021,7,8,11,16,2,2.93E-05
2021,7,8,11,16,3,8.38E-05
2021,7,8,11,16,1,0.001290664
2021,7,8,11,5,2,4.27E-06
2021,7,8,11,5,1,0.002164108
2021,7,8,11,5,4,0.000159467
2021,7,8,11,2,1,1.72E-05
2021,7,8,11,2,4,7.09E-06
2021,7,8,11,1,2,0.007243888
2021,7,8,11,1,3,0.001752403
2021,7,8,11,1,1,0.067670268
2021,7,8,1,7,2,9.39E-07
2021,7,8,1,7,1,0.000867157
2021,7,8,1,7,4,4.19E-05
2021,7,8,1,1,2,0.005172032
2021,7,8,1,1,3,1.41E-05
2021,7,8,1,1,1,0.021537025
2021,7,8,2,1,2,0.000443481
2021,7,8,2,1,1,0.010245836
2021,7,8,3,1,2,0.00115597
2021,7,8,3,1,1,0.013865897
2021,7,8,4,7,1,0.00070438
2021,7,8,4,7,4,3.28E-05
2021,7,8,4,15,2,4.64E-06
2021,7,8,4,15,3,8.68E-07
2021,7,8,4,15,1,0.010542914
2021,7,8,4,15,4,0.00046269
2021,7,8,4,16,1,0.000167828
2021,7,8,4,5,1,5.13E-06
2021,7,8,4,1,2,0.000409302
2021,7,8,4,1,1,0.020763122
2021,7,8,5,15,1,0.000222759
2021,7,8,5,15,4,3.61E-05
2021,7,8,5,1,1,0.000186578
2021,8,1,3,1,2,1.05E-06
2021,8,1,3,1,1,0.000110672
2021,8,1,5,6,1,7.57E-06
2021,8,1,5,1,2,3.09E-06
2021,8,1,5,1,1,0.000798236
2021,8,1,8,2,2,1.01E-06
2021,8,1,8,2,3,1.62E-05
2021,8,1,8,2,1,0.00041035
2021,8,1,8,2,4,5.14E-05
2021,8,1,8,1,2,0.000245006
2021,8,1,8,1,3,0.000140984
2021,8,1,8,1,1,0.007966879
2021,8,1,9,1,2,0.000993649
2021,8,1,9,1,3,5.32E-05
2021,8,1,9,1,1,0.028201296
2021,8,1,11,2,1,0.000470781
2021,8,1,11,2,4,5.90E-05
2021,8,1,11,1,1,0.000390641
2021,8,2,1,1,2,0.00124097
2021,8,2,1,1,3,5.21E-06
2021,8,2,1,1,1,0.003026475
2021,8,2,2,1,1,4.26E-06
2021,8,2,3,4,1,0.000132323
2021,8,2,3,4,4,7.18E-06
2021,8,2,3,1,2,1.97E-05
2021,8,2,3,1,1,0.000841175
2021,8,2,4,7,1,6.73E-05
2021,8,2,4,7,4,5.09E-06
2021,8,2,4,6,1,1.25E-05
2021,8,2,4,1,2,0.000138304
2021,8,2,4,1,3,6.19E-06
2021,8,2,4,1,1,0.004299911
2021,8,2,5,1,2,1.03E-06
2021,8,2,5,1,1,0.00079882
2021,8,2,6,2,2,5.08E-06
2021,8,2,6,2,3,4.12E-06
2021,8,2,6,2,1,0.002539713
2021,8,2,6,2,4,0.000244923
2021,8,2,6,1,2,0.001137942
2021,8,2,6,1,3,0.00043057
2021,8,2,6,1,1,0.025946167
2021,8,2,7,3,2,0.001566843
2021,8,2,7,3,3,0.000784583
2021,8,2,7,3,1,0.002729518
2021,8,2,7,16,3,8.16E-06
2021,8,2,7,16,1,7.75E-05
2021,8,2,7,1,2,2.65E-05
2021,8,2,7,1,3,0.000395764
2021,8,2,7,1,1,0.01197342
2021,8,2,8,3,2,5.07E-05
2021,8,2,8,3,3,4.51E-06
2021,8,2,8,3,1,9.56E-05
2021,8,2,8,2,2,6.00E-06
2021,8,2,8,2,3,9.96E-06
2021,8,2,8,2,1,0.005450728
2021,8,2,8,2,4,0.000804257
2021,8,2,8,1,2,0.005644151
2021,8,2,8,1,3,0.000672973
2021,8,2,8,1,1,0.025087946
2021,8,2,9,1,2,0.000338652
2021,8,2,9,1,3,5.02E-05
2021,8,2,9,1,1,0.017388592
2021,8,2,11,3,1,2.87E-06
2021,8,2,11,16,2,9.99E-07
2021,8,2,11,16,3,3.00E-05
2021,8,2,11,16,1,0.004412876
2021,8,2,11,2,2,3.09E-06
2021,8,2,11,2,1,0.004179701
2021,8,2,11,2,4,0.000582782
2021,8,2,11,1,2,9.82E-05
2021,8,2,11,1,3,0.000367056
2021,8,2,11,1,1,0.018213972
2021,8,3,6,1,2,6.33E-05
2021,8,3,6,1,3,2.40E-05
2021,8,3,6,1,1,0.000172589
2021,8,3,7,3,2,1.31E-07
2021,8,3,7,3,3,5.62E-06
2021,8,3,7,3,1,1.63E-05
2021,8,3,7,1,2,4.12E-06
2021,8,3,7,1,3,0.000110019
2021,8,3,7,1,1,0.000295807
2021,8,3,9,1,2,5.29E-05
2021,8,3,9,1,3,1.45E-05
2021,8,3,9,1,1,0.000262637
2021,8,3,10,1,2,5.86E-06
2021,8,3,10,1,3,4.83E-07
2021,8,3,10,1,1,0.000141946
2021,8,3,1,1,2,0.004396952
2021,8,3,1,1,3,1.81E-05
2021,8,3,1,1,1,0.005680989
2021,8,3,2,16,2,4.12E-06
2021,8,3,2,16,3,7.38E-06
2021,8,3,2,16,1,0.002674603
2021,8,3,2,1,2,0.004297332
2021,8,3,2,1,3,1.30E-05
2021,8,3,2,1,1,0.019023365
2021,8,3,3,1,2,0.000749725
2021,8,3,3,1,3,2.07E-06
2021,8,3,3,1,1,0.006662553
2021,8,3,4,14,1,1.03E-06
2021,8,3,4,14,4,3.08E-06
2021,8,3,4,16,1,8.92E-05
2021,8,3,4,5,1,0.000363177
2021,8,3,4,5,4,3.11E-05
2021,8,3,4,1,2,0.000558216
2021,8,3,4,1,1,0.004875711
2021,8,3,5,7,1,0.000164619
2021,8,3,5,7,4,1.75E-05
2021,8,3,5,1,1,0.000370374
2021,8,4,1,4,3,2.07E-06
2021,8,4,1,4,1,0.000247376
2021,8,4,1,4,4,5.18E-06
2021,8,4,1,7,2,9.30E-06
2021,8,4,1,7,3,5.10E-06
2021,8,4,1,7,1,0.000456394
2021,8,4,1,7,4,1.54E-05
2021,8,4,1,15,2,0.000118802
2021,8,4,1,15,1,0.003883599
2021,8,4,1,15,4,0.000291884
2021,8,4,1,16,1,0.000403472
2021,8,4,1,5,3,6.29E-06
2021,8,4,1,5,1,6.71E-05
2021,8,4,1,5,4,1.05E-06
2021,8,4,1,1,2,0.009561743
2021,8,4,1,1,3,0.000796291
2021,8,4,1,1,1,0.028111667
2021,8,4,2,16,2,0.000373569
2021,8,4,2,16,3,7.68E-05
2021,8,4,2,16,1,0.005286004
2021,8,4,2,5,3,8.17E-06
2021,8,4,2,5,1,0.000629263
2021,8,4,2,5,4,5.92E-05
2021,8,4,2,6,1,2.85E-05
2021,8,4,2,6,4,2.04E-06
2021,8,4,2,1,2,0.004338347
2021,8,4,2,1,3,0.000105563
2021,8,4,2,1,1,0.018902079
2021,8,4,3,5,1,2.36E-05
2021,8,4,3,5,4,1.03E-06
2021,8,4,3,1,2,0.000364071
2021,8,4,3,1,1,0.001470743
2021,8,4,4,7,2,6.11E-05
2021,8,4,4,7,1,0.000207085
2021,8,4,4,7,4,2.69E-05
2021,8,4,4,15,3,1.02E-06
2021,8,4,4,15,1,0.005767588
2021,8,4,4,15,4,0.000357705
2021,8,4,4,16,2,1.02E-06
2021,8,4,4,16,1,0.000550282
2021,8,4,4,5,1,5.26E-06
2021,8,4,4,5,4,1.05E-06
2021,8,4,4,1,2,0.000439406
2021,8,4,4,1,3,3.11E-06
2021,8,4,4,1,1,0.005076499
2021,8,4,5,7,1,3.59E-05
2021,8,4,5,7,4,6.52E-06
2021,8,4,5,16,1,3.05E-06
2021,8,4,5,5,1,5.62E-05
2021,8,4,5,5,4,7.15E-06
2021,8,4,5,1,2,1.04E-06
2021,8,4,5,1,1,0.001278927
2021,8,4,6,5,2,0.000223987
2021,8,4,6,5,3,2.06E-06
2021,8,4,6,5,1,0.000753506
2021,8,4,6,5,4,3.72E-05
2021,8,4,6,1,2,0.001541975
2021,8,4,6,1,3,8.30E-05
2021,8,4,6,1,1,0.001417086
2021,8,4,7,3,3,4.88E-05
2021,8,4,7,3,1,0.000009948
2021,8,4,9,16,2,0.000466482
2021,8,4,9,16,3,1.74E-05
2021,8,4,9,16,1,0.005329178
2021,8,4,9,1,2,3.45E-05
2021,8,4,9,1,3,4.07E-06
2021,8,4,9,1,1,0.002267859
2021,8,4,10,1,1,3.13E-05
2021,8,5,6,2,2,1.02E-06
2021,8,5,6,2,3,1.02E-06
2021,8,5,6,2,1,0.001176585
2021,8,5,6,2,4,5.91E-05
2021,8,5,6,1,2,0.000556602
2021,8,5,6,1,3,6.20E-06
2021,8,5,6,1,1,0.013528044
2021,8,5,7,1,1,0.001393086
2021,8,5,9,1,2,0.002180505
2021,8,5,9,1,3,1.44E-05
2021,8,5,9,1,1,0.01683888
2021,8,5,11,5,2,4.04E-06
2021,8,5,11,5,1,0.002906652
2021,8,5,11,5,4,0.000169791
2021,8,5,11,2,1,0.001825955
2021,8,5,11,2,4,0.000136159
2021,8,5,11,1,2,5.27E-06
2021,8,5,11,1,1,0.004997722
2021,8,5,1,16,2,2.65E-05
2021,8,5,1,16,3,1.33E-05
2021,8,5,1,16,1,0.001136498
2021,8,5,1,1,2,0.002974417
2021,8,5,1,1,3,0.000211702
2021,8,5,1,1,1,0.011258346
2021,8,5,2,16,2,5.13E-06
2021,8,5,2,16,3,6.17E-06
2021,8,5,2,16,1,0.001186865
2021,8,5,2,1,2,0.000252835
2021,8,5,2,1,3,8.22E-06
2021,8,5,2,1,1,0.012273767
2021,8,5,3,1,2,0.000238893
2021,8,5,3,1,1,0.001421082
2021,8,5,4,1,2,2.29E-05
2021,8,5,4,1,3,1.05E-06
2021,8,5,4,1,1,0.001511232
2021,8,5,5,7,2,1.03E-06
2021,8,5,5,7,1,0.000307501
2021,8,5,5,7,4,4.98E-05
2021,8,5,5,15,2,1.03E-06
2021,8,5,5,15,1,0.001722421
2021,8,5,5,15,4,0.000342938
2021,8,5,5,5,1,3.32E-05
2021,8,5,5,5,4,1.37E-05
2021,8,5,5,1,2,7.18E-06
2021,8,5,5,1,1,0.000804816
2021,8,6,2,1,2,1.43E-05
2021,8,6,2,1,1,0.000718993
2021,8,6,4,1,2,2.15E-05
2021,8,6,4,1,1,0.001922277
2021,8,6,5,16,1,8.22E-06
2021,8,6,5,5,2,1.09E-06
2021,8,6,5,5,1,1.30E-05
2021,8,6,5,5,4,5.00E-05
2021,8,6,5,1,1,0.001243213
2021,8,6,7,1,2,0.000515962
2021,8,6,7,1,3,0.000245819
2021,8,6,7,1,1,0.002377065
2021,8,6,8,2,1,0.000961936
2021,8,6,8,2,4,0.000141764
2021,8,6,8,1,2,0.001476596
2021,8,6,8,1,3,0.00076989
2021,8,6,8,1,1,0.009728158
2021,8,6,9,1,2,0.000451607
2021,8,6,9,1,1,0.003054653
2021,8,6,11,2,1,0.00058802
2021,8,6,11,2,4,0.00014647
2021,8,6,11,1,2,0.002302248
2021,8,6,11,1,3,2.74E-05
2021,8,6,11,1,1,0.011752792
2021,8,7,6,1,2,0.001470827
2021,8,7,6,1,3,3.81E-05
2021,8,7,6,1,1,0.007953342
2021,8,7,7,16,3,9.75E-05
2021,8,7,7,16,1,0.000486421
2021,8,7,7,1,2,0.000926292
2021,8,7,7,1,3,0.000111633
2021,8,7,7,1,1,0.002385707
2021,8,7,8,1,2,0.002132869
2021,8,7,8,1,3,0.000118359
2021,8,7,8,1,1,0.008928342
2021,8,7,9,16,2,1.74E-05
2021,8,7,9,16,3,5.75E-05
2021,8,7,9,16,1,0.022337817
2021,8,7,9,5,1,5.34E-05
2021,8,7,9,5,4,1.01E-06
2021,8,7,9,6,1,0.001372036
2021,8,7,9,6,4,7.90E-05
2021,8,7,9,1,2,0.006167833
2021,8,7,9,1,3,9.81E-05
2021,8,7,9,1,1,0.09503458
2021,8,7,10,1,2,0.000192784
2021,8,7,10,1,1,0.002562631
2021,8,7,11,7,1,0.000563392
2021,8,7,11,7,4,2.04E-05
2021,8,7,11,16,2,1.89E-06
2021,8,7,11,16,1,0.000869345
2021,8,7,11,1,1,0.000390991
2021,8,7,1,7,1,7.32E-05
2021,8,7,1,7,4,4.07E-06
2021,8,7,1,15,3,3.29E-05
2021,8,7,1,15,1,0.000463069
2021,8,7,1,15,4,4.92E-05
2021,8,7,1,16,2,1.85E-05
2021,8,7,1,16,3,2.25E-05
2021,8,7,1,16,1,0.000853823
2021,8,7,1,5,3,1.74E-05
2021,8,7,1,5,1,0.000118009
2021,8,7,1,5,4,8.19E-06
2021,8,7,1,6,2,1.02E-06
2021,8,7,1,6,3,7.15E-06
2021,8,7,1,6,1,6.74E-05
2021,8,7,1,6,4,6.64E-05
2021,8,7,1,1,2,0.005029496
2021,8,7,1,1,3,0.000147412
2021,8,7,1,1,1,0.038503804
2021,8,7,2,1,2,0.000589066
2021,8,7,2,1,3,1.75E-05
2021,8,7,2,1,1,0.020259008
2021,8,7,3,1,1,7.26E-05
2021,8,7,4,7,1,0.000988244
2021,8,7,4,7,4,5.67E-05
2021,8,7,4,15,2,1.02E-06
2021,8,7,4,15,3,3.08E-06
2021,8,7,4,15,1,0.000714379
2021,8,7,4,15,4,2.15E-05
2021,8,7,4,16,2,1.54E-07
2021,8,7,4,16,1,7.07E-05
2021,8,7,4,5,1,2.73E-05
2021,8,7,4,5,4,1.05E-06
2021,8,7,4,1,2,5.21E-06
2021,8,7,4,1,1,0.001312863
2021,8,8,6,1,2,0.00090573
2021,8,8,6,1,3,0.000139223
2021,8,8,6,1,1,0.019994736
2021,8,8,7,3,3,0.000160802
2021,8,8,7,3,1,1.79E-05
2021,8,8,7,1,2,0.000635733
2021,8,8,7,1,3,0.000245499
2021,8,8,7,1,1,0.014040198
2021,8,8,8,1,2,0.001415288
2021,8,8,8,1,3,0.000120868
2021,8,8,8,1,1,0.013678101
2021,8,8,9,16,2,7.14E-06
2021,8,8,9,16,3,1.93E-05
2021,8,8,9,16,1,0.006786832
2021,8,8,9,1,2,0.002226618
2021,8,8,9,1,3,1.74E-05
2021,8,8,9,1,1,0.056402993
2021,8,8,10,7,1,3.86E-05
2021,8,8,10,7,4,4.50E-06
2021,8,8,10,1,2,0.001640714
2021,8,8,10,1,3,2.03E-06
2021,8,8,10,1,1,0.020039815
2021,8,8,11,7,1,0.000731412
2021,8,8,11,7,4,0.000227058
2021,8,8,11,15,3,1.06E-06
2021,8,8,11,15,1,0.001731536
2021,8,8,11,15,4,0.000136832
2021,8,8,11,16,2,6.14E-06
2021,8,8,11,16,3,0.000118202
2021,8,8,11,16,1,0.001636459
2021,8,8,11,5,2,1.08E-06
2021,8,8,11,5,1,0.00352761
2021,8,8,11,5,4,0.00024911
2021,8,8,11,2,1,1.72E-05
2021,8,8,11,2,4,3.04E-06
2021,8,8,11,1,2,0.001870471
2021,8,8,11,1,3,0.001206756
2021,8,8,11,1,1,0.037876006
2021,8,8,1,7,1,0.000480234
2021,8,8,1,7,4,5.76E-05
2021,8,8,1,1,2,0.000302181
2021,8,8,1,1,3,1.61E-05
2021,8,8,1,1,1,0.005044188
2021,8,8,2,1,2,1.48E-05
2021,8,8,2,1,1,0.001875515
2021,8,8,3,1,2,0.000357007
2021,8,8,3,1,1,0.002967654
2021,8,8,4,7,1,0.000930951
2021,8,8,4,7,4,8.09E-05
2021,8,8,4,15,2,1.02E-06
2021,8,8,4,15,3,8.11E-06
2021,8,8,4,15,1,0.012869545
2021,8,8,4,15,4,0.000925169
2021,8,8,4,16,2,1.02E-06
2021,8,8,4,16,3,1.71E-07
2021,8,8,4,16,1,0.000255324
2021,8,8,4,5,1,1.95E-05
2021,8,8,4,5,4,3.08E-06
2021,8,8,4,1,2,3.34E-05
2021,8,8,4,1,1,0.004327516
2021,8,8,5,15,1,0.000263703
2021,8,8,5,15,4,7.14E-05
2021,8,8,5,1,1,0.000215578
2021,9,1,3,1,2,0.0000119
2021,9,1,3,1,1,0.000423978
2021,9,1,5,6,2,6.05E-05
2021,9,1,5,6,1,1.97E-05
2021,9,1,5,6,4,3.03E-06
2021,9,1,5,1,2,2.06E-06
2021,9,1,5,1,1,0.002726445
2021,9,1,8,2,3,8.10E-06
2021,9,1,8,2,1,0.000553848
2021,9,1,8,2,4,6.56E-05
2021,9,1,8,1,2,9.92E-05
2021,9,1,8,1,3,0.000232468
2021,9,1,8,1,1,0.011072
2021,9,1,9,1,2,0.001015115
2021,9,1,9,1,3,6.48E-05
2021,9,1,9,1,1,0.06290752
2021,9,1,11,2,3,1.02E-06
2021,9,1,11,2,1,0.000510999
2021,9,1,11,2,4,4.77E-05
2021,9,1,11,1,2,1.99E-06
2021,9,1,11,1,1,0.000392296
2021,9,2,1,1,2,0.002483129
2021,9,2,1,1,3,5.20E-06
2021,9,2,1,1,1,0.005762907
2021,9,2,2,1,1,4.26E-05
2021,9,2,3,4,1,0.000595967
2021,9,2,3,4,4,1.23E-05
2021,9,2,3,1,2,2.33E-05
2021,9,2,3,1,1,0.004343525
2021,9,2,4,7,1,0.000631397
2021,9,2,4,7,4,2.25E-05
2021,9,2,4,6,1,0.000205231
2021,9,2,4,6,4,1.15E-05
2021,9,2,4,1,2,0.000129425
2021,9,2,4,1,3,1.02E-06
2021,9,2,4,1,1,0.013161796
2021,9,2,5,16,1,0.000006
2021,9,2,5,1,1,0.002399341
2021,9,2,6,2,2,1.03E-06
2021,9,2,6,2,1,0.003124325
2021,9,2,6,2,4,0.000267556
2021,9,2,6,1,2,0.000488836
2021,9,2,6,1,3,0.00011977
2021,9,2,6,1,1,0.03155241
2021,9,2,7,3,2,0.000342842
2021,9,2,7,3,3,0.000643708
2021,9,2,7,3,1,0.004097029
2021,9,2,7,16,3,2.04E-05
2021,9,2,7,16,1,0.000301879
2021,9,2,7,1,2,3.57E-05
2021,9,2,7,1,3,0.000559654
2021,9,2,7,1,1,0.020486377
2021,9,2,8,3,2,5.24E-06
2021,9,2,8,3,3,2.03E-06
2021,9,2,8,3,1,0.0001579
2021,9,2,8,2,2,9.96E-07
2021,9,2,8,2,3,9.98E-07
2021,9,2,8,2,1,0.00817699
2021,9,2,8,2,4,0.000842617
2021,9,2,8,1,2,0.000438312
2021,9,2,8,1,3,0.000390175
2021,9,2,8,1,1,0.041179875
2021,9,2,9,1,2,0.000481457
2021,9,2,9,1,3,0.000100136
2021,9,2,9,1,1,0.024709667
2021,9,2,11,3,2,1.28E-09
2021,9,2,11,3,1,3.57E-06
2021,9,2,11,16,2,5.00E-06
2021,9,2,11,16,3,3.80E-05
2021,9,2,11,16,1,0.004371914
2021,9,2,11,2,2,1.03E-06
2021,9,2,11,2,1,0.005595341
2021,9,2,11,2,4,0.000669038
2021,9,2,11,1,2,5.33E-05
2021,9,2,11,1,3,7.14E-05
2021,9,2,11,1,1,0.016357678
2021,9,3,6,1,2,9.59E-07
2021,9,3,6,1,3,1.34E-05
2021,9,3,6,1,1,0.000553243
2021,9,3,7,3,2,5.75E-08
2021,9,3,7,3,3,1.65E-05
2021,9,3,7,3,1,6.63E-05
2021,9,3,7,1,2,2.58E-07
2021,9,3,7,1,3,0.000339824
2021,9,3,7,1,1,0.001081288
2021,9,3,9,1,2,3.63E-05
2021,9,3,9,1,3,1.14E-05
2021,9,3,9,1,1,0.001187576
2021,9,3,10,1,1,0.000814685
2021,9,3,1,1,2,0.003574877
2021,9,3,1,1,3,1.13E-06
2021,9,3,1,1,1,0.009030507
2021,9,3,2,16,2,0.000216173
2021,9,3,2,16,3,1.37E-05
2021,9,3,2,16,1,0.01570778
2021,9,3,2,1,2,0.003825783
2021,9,3,2,1,3,2.40E-05
2021,9,3,2,1,1,0.068973719
2021,9,3,3,1,2,0.00142745
2021,9,3,3,1,1,0.015115844
2021,9,3,4,14,1,0.002471251
2021,9,3,4,14,4,0.000109993
2021,9,3,4,16,1,0.000281044
2021,9,3,4,5,1,0.004050006
2021,9,3,4,5,4,0.000285876
2021,9,3,4,1,2,0.000212233
2021,9,3,4,1,3,1.04E-06
2021,9,3,4,1,1,0.023899069
2021,9,3,5,7,1,0.001018582
2021,9,3,5,7,4,8.54E-05
2021,9,3,5,1,1,0.001831608
2021,9,4,1,4,3,5.18E-06
2021,9,4,1,4,1,0.001883785
2021,9,4,1,4,4,3.31E-05
2021,9,4,1,7,2,6.20E-06
2021,9,4,1,7,3,5.09E-06
2021,9,4,1,7,1,0.001454764
2021,9,4,1,7,4,4.40E-05
2021,9,4,1,15,2,0.000232483
2021,9,4,1,15,3,3.69E-05
2021,9,4,1,15,1,0.031617743
2021,9,4,1,15,4,0.000617566
2021,9,4,1,16,2,2.07E-06
2021,9,4,1,16,1,0.00088663
2021,9,4,1,5,1,0.000615281
2021,9,4,1,5,4,2.52E-05
2021,9,4,1,1,2,0.014157826
2021,9,4,1,1,3,0.000169447
2021,9,4,1,1,1,0.061426038
2021,9,4,2,16,2,0.001411911
2021,9,4,2,16,3,0.000147545
2021,9,4,2,16,1,0.025507674
2021,9,4,2,5,2,3.06E-06
2021,9,4,2,5,3,2.04E-05
2021,9,4,2,5,1,0.011431949
2021,9,4,2,5,4,0.000399418
2021,9,4,2,6,3,4.99E-05
2021,9,4,2,6,1,0.001076448
2021,9,4,2,6,4,5.71E-05
2021,9,4,2,1,2,0.005009484
2021,9,4,2,1,3,4.78E-05
2021,9,4,2,1,1,0.070079556
2021,9,4,3,5,1,7.70E-05
2021,9,4,3,5,4,1.03E-06
2021,9,4,3,1,2,0.000323746
2021,9,4,3,1,1,0.003393703
2021,9,4,4,7,2,0.000121145
2021,9,4,4,7,1,0.00091428
2021,9,4,4,7,4,7.97E-05
2021,9,4,4,15,2,1.02E-06
2021,9,4,4,15,3,9.16E-06
2021,9,4,4,15,1,0.025214702
2021,9,4,4,15,4,0.000512411
2021,9,4,4,14,1,0.000303238
2021,9,4,4,14,4,3.76E-06
2021,9,4,4,16,2,3.08E-06
2021,9,4,4,16,1,0.002692139
2021,9,4,4,5,1,7.36E-06
2021,9,4,4,1,2,0.000124482
2021,9,4,4,1,3,2.08E-06
2021,9,4,4,1,1,0.019498901
2021,9,4,5,7,1,0.000123992
2021,9,4,5,7,4,8.55E-06
2021,9,4,5,16,1,2.32E-05
2021,9,4,5,5,3,1.02E-06
2021,9,4,5,5,1,0.000143069
2021,9,4,5,5,4,8.18E-06
2021,9,4,5,1,2,1.02E-06
2021,9,4,5,1,1,0.003915393
2021,9,4,6,5,2,0.000117671
2021,9,4,6,5,3,1.14E-05
2021,9,4,6,5,1,0.002339997
2021,9,4,6,5,4,9.81E-05
2021,9,4,6,1,2,0.003101121
2021,9,4,6,1,3,8.03E-05
2021,9,4,6,1,1,0.001629285
2021,9,4,7,3,3,4.53E-05
2021,9,4,7,3,1,4.23E-06
2021,9,4,9,16,2,0.000783621
2021,9,4,9,16,3,3.70E-05
2021,9,4,9,16,1,0.016244456
2021,9,4,9,1,2,8.48E-05
2021,9,4,9,1,3,6.17E-06
2021,9,4,9,1,1,0.005579078
2021,9,4,10,1,1,0.000238
2021,9,5,6,2,1,0.001301992
2021,9,5,6,2,4,5.30E-05
2021,9,5,6,1,2,0.000619778
2021,9,5,6,1,3,3.11E-06
2021,9,5,6,1,1,0.021154156
2021,9,5,7,1,2,1.08E-06
2021,9,5,7,1,3,7.33E-07
2021,9,5,7,1,1,0.002235049
2021,9,5,9,1,2,0.002306555
2021,9,5,9,1,3,2.47E-05
2021,9,5,9,1,1,0.020518547
2021,9,5,11,5,2,1.21E-05
2021,9,5,11,5,1,0.00674311
2021,9,5,11,5,4,0.000277931
2021,9,5,11,2,1,0.002137902
2021,9,5,11,2,4,0.000115837
2021,9,5,11,1,2,4.39E-06
2021,9,5,11,1,3,2.13E-06
2021,9,5,11,1,1,0.006185154
2021,9,5,1,16,2,0.000329028
2021,9,5,1,16,3,8.43E-06
2021,9,5,1,16,1,0.003120303
2021,9,5,1,1,2,0.003583986
2021,9,5,1,1,3,0.000264027
2021,9,5,1,1,1,0.023836819
2021,9,5,2,16,2,0.000416322
2021,9,5,2,16,3,3.91E-05
2021,9,5,2,16,1,0.00692552
2021,9,5,2,1,2,0.001458799
2021,9,5,2,1,3,2.05E-05
2021,9,5,2,1,1,0.052962549
2021,9,5,3,1,2,2.63E-05
2021,9,5,3,1,1,0.005194952
2021,9,5,4,1,2,1.77E-05
2021,9,5,4,1,3,1.04E-06
2021,9,5,4,1,1,0.004162022
2021,9,5,5,7,1,0.001256108
2021,9,5,5,7,4,0.000144943
2021,9,5,5,15,2,2.06E-06
2021,9,5,5,15,1,0.006374605
2021,9,5,5,15,4,0.000469282
2021,9,5,5,5,1,0.000132693
2021,9,5,5,5,4,2.14E-05
2021,9,5,5,1,2,1.44E-05
2021,9,5,5,1,1,0.004508046
2021,9,6,2,1,2,1.43E-05
2021,9,6,2,1,1,0.002202477
2021,9,6,4,1,1,0.004402343
2021,9,6,5,16,1,1.64E-05
2021,9,6,5,5,1,5.43E-05
2021,9,6,5,5,4,1.09E-05
2021,9,6,5,1,1,0.002914073
2021,9,6,7,1,2,0.000362314
2021,9,6,7,1,3,0.000173739
2021,9,6,7,1,1,0.002197643
2021,9,6,8,2,1,0.001506312
2021,9,6,8,2,4,0.000176654
2021,9,6,8,1,2,0.000838279
2021,9,6,8,1,3,0.000457992
2021,9,6,8,1,1,0.014316343
2021,9,6,9,1,2,0.000362927
2021,9,6,9,1,3,1.02E-06
2021,9,6,9,1,1,0.005355838
2021,9,6,11,2,2,9.65E-07
2021,9,6,11,2,1,0.000845337
2021,9,6,11,2,4,0.000231069
2021,9,6,11,1,2,0.002049648
2021,9,6,11,1,3,6.13E-06
2021,9,6,11,1,1,0.016872726
2021,9,7,6,1,2,0.002240752
2021,9,7,6,1,3,2.37E-05
2021,9,7,6,1,1,0.006621537
2021,9,7,7,16,2,3.08E-06
2021,9,7,7,16,3,0.0001488
2021,9,7,7,16,1,0.001094961
2021,9,7,7,1,2,0.000584786
2021,9,7,7,1,3,0.000125087
2021,9,7,7,1,1,0.001898473
2021,9,7,8,1,2,0.002307915
2021,9,7,8,1,3,3.26E-05
2021,9,7,8,1,1,0.006571195
2021,9,7,9,16,2,8.61E-05
2021,9,7,9,16,3,9.14E-05
2021,9,7,9,16,1,0.071532783
2021,9,7,9,5,1,0.001264735
2021,9,7,9,5,4,2.92E-05
2021,9,7,9,6,3,2.94E-05
2021,9,7,9,6,1,0.011377264
2021,9,7,9,6,4,0.000286558
2021,9,7,9,1,2,0.00577942
2021,9,7,9,1,3,0.000154182
2021,9,7,9,1,1,0.162109275
2021,9,7,10,1,2,8.75E-05
2021,9,7,10,1,1,0.007992665
2021,9,7,11,7,1,0.001450669
2021,9,7,11,7,4,3.87E-05
2021,9,7,11,16,2,9.45E-07
2021,9,7,11,16,1,0.004672727
2021,9,7,11,1,2,4.03E-06
2021,9,7,11,1,1,0.000509611
2021,9,7,1,7,1,0.000302067
2021,9,7,1,7,4,1.12E-05
2021,9,7,1,15,2,4.11E-06
2021,9,7,1,15,3,6.36E-05
2021,9,7,1,15,1,0.004011674
2021,9,7,1,15,4,0.000163521
2021,9,7,1,16,2,8.21E-06
2021,9,7,1,16,3,9.33E-05
2021,9,7,1,16,1,0.002805529
2021,9,7,1,5,3,1.02E-06
2021,9,7,1,5,1,0.00041824
2021,9,7,1,5,4,3.59E-05
2021,9,7,1,6,3,0.000128691
2021,9,7,1,6,1,0.000422842
2021,9,7,1,6,4,4.90E-05
2021,9,7,1,1,2,0.004862795
2021,9,7,1,1,3,0.00013323
2021,9,7,1,1,1,0.066107863
2021,9,7,2,1,2,0.002249224
2021,9,7,2,1,3,8.74E-06
2021,9,7,2,1,1,0.078537319
2021,9,7,3,1,1,0.000316847
2021,9,7,4,7,3,1.02E-06
2021,9,7,4,7,1,0.005954254
2021,9,7,4,7,4,0.000172533
2021,9,7,4,15,2,1.73E-05
2021,9,7,4,15,3,5.12E-06
2021,9,7,4,15,1,0.004651356
2021,9,7,4,15,4,0.000139897
2021,9,7,4,16,2,7.69E-08
2021,9,7,4,16,1,0.000380071
2021,9,7,4,5,1,6.08E-05
2021,9,7,4,5,4,7.34E-06
2021,9,7,4,1,2,2.19E-05
2021,9,7,4,1,1,0.008935988
2021,9,8,6,1,2,0.000961964
2021,9,8,6,1,3,8.66E-05
2021,9,8,6,1,1,0.023906412
2021,9,8,7,3,3,7.83E-05
2021,9,8,7,3,1,1.10E-05
2021,9,8,7,1,2,0.000962137
2021,9,8,7,1,3,0.000209058
2021,9,8,7,1,1,0.021080052
2021,9,8,8,1,2,0.001125856
2021,9,8,8,1,3,0.000137125
2021,9,8,8,1,1,0.018229316
2021,9,8,9,16,2,2.14E-05
2021,9,8,9,16,3,5.09E-06
2021,9,8,9,16,1,0.019129924
2021,9,8,9,1,2,0.001544359
2021,9,8,9,1,3,3.27E-05
2021,9,8,9,1,1,0.09835329
2021,9,8,10,7,3,4.40E-06
2021,9,8,10,7,1,0.000413946
2021,9,8,10,7,4,6.91E-06
2021,9,8,10,1,2,0.000723417
2021,9,8,10,1,3,3.07E-06
2021,9,8,10,1,1,0.043371923
2021,9,8,11,7,1,0.003197236
2021,9,8,11,7,4,0.000586121
2021,9,8,11,15,3,1.06E-06
2021,9,8,11,15,1,0.009678668
2021,9,8,11,15,4,0.000280655
2021,9,8,11,16,2,1.05E-06
2021,9,8,11,16,3,0.000349576
2021,9,8,11,16,1,0.004762816
2021,9,8,11,5,2,2.05E-06
2021,9,8,11,5,1,0.013239274
2021,9,8,11,5,4,0.000931549
2021,9,8,11,2,1,7.99E-05
2021,9,8,11,2,4,1.32E-05
2021,9,8,11,1,2,0.001997732
2021,9,8,11,1,3,0.001676608
2021,9,8,11,1,1,0.092409795
2021,9,8,1,7,3,4.54E-05
2021,9,8,1,7,1,0.005288713
2021,9,8,1,7,4,0.000144613
2021,9,8,1,1,2,0.000633673
2021,9,8,1,1,3,7.17E-06
2021,9,8,1,1,1,0.006685714
2021,9,8,2,1,2,2.13E-05
2021,9,8,2,1,3,1.06E-06
2021,9,8,2,1,1,0.008000701
2021,9,8,3,1,2,0.000109553
2021,9,8,3,1,1,0.015901734
2021,9,8,4,7,3,6.14E-06
2021,9,8,4,7,1,0.003523837
2021,9,8,4,7,4,0.000215128
2021,9,8,4,15,2,1.01E-06
2021,9,8,4,15,3,7.09E-06
2021,9,8,4,15,1,0.065815195
2021,9,8,4,15,4,0.001731111
2021,9,8,4,14,1,0.000400418
2021,9,8,4,14,4,4.15E-05
2021,9,8,4,16,1,0.000729132
2021,9,8,4,5,1,6.46E-05
2021,9,8,4,5,4,2.05E-06
2021,9,8,4,1,2,7.63E-05
2021,9,8,4,1,3,1.03E-06
2021,9,8,4,1,1,0.019372484
2021,9,8,5,15,1,0.001503397
2021,9,8,5,15,4,0.000152865
2021,9,8,5,1,2,9.72E-07
2021,9,8,5,1,1,0.000587974
2021,1,1,3,1,4,2.91E-06
2021,1,1,5,1,4,3.34E-05
2021,1,1,8,1,4,0.00086009
2021,1,1,9,1,4,0.001049287
2021,1,1,11,1,4,3.03E-05
2021,1,2,1,1,4,2.76E-05
2021,1,2,3,1,4,4.60E-05
2021,1,2,4,1,4,0.000106101
2021,1,2,5,1,4,3.89E-05
2021,1,2,6,1,4,0.001628868
2021,1,2,7,3,4,0.001349801
2021,1,2,7,1,4,0.001609903
2021,1,2,8,3,4,1.41E-05
2021,1,2,8,1,4,0.002792621
2021,1,2,9,1,4,0.000738619
2021,1,2,11,3,4,5.95E-07
2021,1,2,11,16,4,0.000308462
2021,1,2,11,1,4,0.001417751
2021,1,3,6,1,4,0.000521026
2021,1,3,7,3,4,3.68E-05
2021,1,3,7,1,4,0.000620706
2021,1,3,9,1,4,0.000408281
2021,1,3,10,1,4,3.40E-05
2021,1,3,1,1,4,8.68E-05
2021,1,3,2,16,4,6.76E-05
2021,1,3,2,1,4,0.000402032
2021,1,3,3,1,4,0.000141741
2021,1,3,4,16,4,9.74E-07
2021,1,3,4,1,4,0.000368601
2021,1,3,5,1,4,2.48E-05
2021,1,4,1,16,4,4.91E-06
2021,1,4,1,1,4,0.000653539
2021,1,4,2,16,4,0.000254746
2021,1,4,2,1,4,0.000414999
2021,1,4,3,1,4,6.44E-05
2021,1,4,4,16,4,1.95E-05
2021,1,4,4,1,4,0.00038437
2021,1,4,5,1,4,0.000140423
2021,1,4,6,1,4,0.000327015
2021,1,4,7,3,4,0.000171948
2021,1,4,9,16,4,0.000517538
2021,1,4,9,1,4,0.000154837
2021,1,4,10,1,4,0.00000595
2021,1,5,6,1,4,0.000375773
2021,1,5,7,1,4,4.25E-05
2021,1,5,9,1,4,0.000127756
2021,1,5,11,1,4,0.000137833
2021,1,5,1,16,4,1.07E-05
2021,1,5,1,1,4,0.000148743
2021,1,5,2,16,4,1.66E-05
2021,1,5,2,1,4,0.000171637
2021,1,5,3,1,4,7.50E-05
2021,1,5,4,1,4,2.39E-05
2021,1,5,5,1,4,0.000160236
2021,1,6,2,1,4,3.89E-06
2021,1,6,4,1,4,3.34E-05
2021,1,6,5,1,4,5.24E-05
2021,1,6,7,1,4,0.000141005
2021,1,6,8,1,4,0.000839886
2021,1,6,9,1,4,0.000118108
2021,1,6,11,1,4,0.001170595
2021,1,7,6,1,4,0.000305903
2021,1,7,7,16,4,0.000108213
2021,1,7,7,1,4,0.000449729
2021,1,7,8,1,4,0.00087301
2021,1,7,9,16,4,0.000577791
2021,1,7,9,1,4,0.002569099
2021,1,7,10,1,4,0.000124308
2021,1,7,11,16,4,2.60E-05
2021,1,7,11,1,4,1.55E-05
2021,1,7,1,16,4,1.07E-05
2021,1,7,1,1,4,0.000485424
2021,1,7,2,1,4,0.000166408
2021,1,7,3,1,4,2.91E-06
2021,1,7,4,16,4,2.12E-06
2021,1,7,4,1,4,1.74E-06
2021,1,8,6,1,4,0.000817426
2021,1,8,7,3,4,1.83E-05
2021,1,8,7,1,4,0.000766599
2021,1,8,8,1,4,0.000472237
2021,1,8,9,16,4,0.000204973
2021,1,8,9,1,4,0.001457638
2021,1,8,10,1,4,0.000959222
2021,1,8,11,16,4,0.000122866
2021,1,8,11,1,4,0.003903721
2021,1,8,1,1,4,0.000105809
2021,1,8,2,1,4,1.02E-06
2021,1,8,4,16,4,7.29E-06
2021,1,8,4,1,4,7.61E-05
2021,1,8,5,1,4,2.72E-05
2021,2,1,3,1,4,2.01E-05
2021,2,1,5,1,4,0.000153889
2021,2,1,8,1,4,0.001440065
2021,2,1,9,1,4,0.001321248
2021,2,1,11,1,4,5.02E-05
2021,2,2,1,1,4,0.000133368
2021,2,2,3,1,4,0.000113751
2021,2,2,4,1,4,0.000464412
2021,2,2,5,1,4,0.000160126
2021,2,2,6,1,4,0.003574126
2021,2,2,7,3,4,0.0028423
2021,2,2,7,16,4,1.26E-05
2021,2,2,7,1,4,0.003632394
2021,2,2,8,3,4,1.89E-05
2021,2,2,8,1,4,0.004033418
2021,2,2,9,1,4,0.001159036
2021,2,2,11,3,4,7.48E-07
2021,2,2,11,16,4,0.00052486
2021,2,2,11,1,4,0.003084187
2021,2,3,6,1,4,0.001078488
2021,2,3,7,3,4,0.000101961
2021,2,3,7,1,4,0.001851185
2021,2,3,9,1,4,0.000836286
2021,2,3,10,1,4,0.000148992
2021,2,3,1,1,4,0.000321527
2021,2,3,2,16,4,0.000185306
2021,2,3,2,1,4,0.001364907
2021,2,3,3,1,4,0.000527337
2021,2,3,4,16,4,1.36E-05
2021,2,3,4,1,4,0.001565048
2021,2,3,5,1,4,0.000126243
2021,2,4,1,16,4,5.90E-06
2021,2,4,1,1,4,0.002721987
2021,2,4,2,16,4,0.000513401
2021,2,4,2,1,4,0.001728821
2021,2,4,3,1,4,0.000170518
2021,2,4,4,16,4,4.20E-05
2021,2,4,4,1,4,0.001396325
2021,2,4,5,1,4,0.000367702
2021,2,4,6,1,4,0.000975114
2021,2,4,7,3,4,0.000160258
2021,2,4,9,16,4,0.00109641
2021,2,4,9,1,4,0.00046556
2021,2,4,10,1,4,4.56E-05
2021,2,5,6,1,4,0.00074978
2021,2,5,7,1,4,0.000107139
2021,2,5,9,1,4,0.000238981
2021,2,5,11,1,4,0.000272283
2021,2,5,1,16,4,6.05E-05
2021,2,5,1,1,4,0.000833415
2021,2,5,2,16,4,4.58E-05
2021,2,5,2,1,4,0.000775233
2021,2,5,3,1,4,0.000354045
2021,2,5,4,1,4,0.000100525
2021,2,5,5,1,4,0.000703278
2021,2,6,2,1,4,2.15E-05
2021,2,6,4,1,4,0.000118034
2021,2,6,5,16,4,2.93E-06
2021,2,6,5,1,4,0.000167289
2021,2,6,7,1,4,0.000423543
2021,2,6,8,1,4,0.001863608
2021,2,6,9,1,4,0.000326117
2021,2,6,11,1,4,0.003042912
2021,2,7,6,1,4,0.001232219
2021,2,7,7,16,4,0.001000243
2021,2,7,7,1,4,0.00147293
2021,2,7,8,1,4,0.002330581
2021,2,7,9,16,4,0.001565439
2021,2,7,9,1,4,0.007557234
2021,2,7,10,1,4,0.00048165
2021,2,7,11,16,4,4.85E-05
2021,2,7,11,1,4,7.43E-05
2021,2,7,1,16,4,0.000258059
2021,2,7,1,1,4,0.002538558
2021,2,7,2,1,4,0.00062401
2021,2,7,3,1,4,6.70E-05
2021,2,7,4,16,4,3.94E-06
2021,2,7,4,1,4,9.88E-06
2021,2,8,6,1,4,0.002234446
2021,2,8,7,3,4,4.05E-05
2021,2,8,7,1,4,0.002458643
2021,2,8,8,1,4,0.001598724
2021,2,8,9,16,4,0.000553077
2021,2,8,9,1,4,0.004026125
2021,2,8,10,1,4,0.002987046
2021,2,8,11,16,4,0.000161868
2021,2,8,11,1,4,0.010085583
2021,2,8,1,1,4,0.000536986
2021,2,8,2,1,4,1.30E-05
2021,2,8,3,1,4,6.04E-05
2021,2,8,4,16,4,1.05E-05
2021,2,8,4,1,4,0.000261093
2021,2,8,5,1,4,3.75E-05
2021,3,1,3,1,4,4.87E-06
2021,3,1,5,1,4,0.000112578
2021,3,1,8,1,4,0.004699289
2021,3,1,9,1,4,0.001984248
2021,3,1,11,1,4,8.23E-05
2021,3,2,1,1,4,0.000415845
2021,3,2,3,1,4,0.000100565
2021,3,2,4,1,4,0.000704283
2021,3,2,5,1,4,0.000145407
2021,3,2,6,1,4,0.005992651
2021,3,2,7,3,4,0.006377495
2021,3,2,7,16,4,5.43E-05
2021,3,2,7,1,4,0.005822458
2021,3,2,8,3,4,5.73E-05
2021,3,2,8,1,4,0.009900018
2021,3,2,9,1,4,0.00159115
2021,3,2,11,3,4,1.73E-06
2021,3,2,11,16,4,0.001095276
2021,3,2,11,1,4,0.005291669
2021,3,3,6,1,4,0.001516623
2021,3,3,7,3,4,0.000113256
2021,3,3,7,1,4,0.001737079
2021,3,3,9,1,4,0.001250485
2021,3,3,10,1,4,8.87E-05
2021,3,3,1,1,4,0.000634863
2021,3,3,2,16,4,0.00034092
2021,3,3,2,1,4,0.001510154
2021,3,3,3,1,4,0.000669804
2021,3,3,4,16,4,2.24E-05
2021,3,3,4,1,4,0.000905648
2021,3,3,5,1,4,0.000104701
2021,3,4,1,16,4,4.92E-06
2021,3,4,1,1,4,0.005500951
2021,3,4,2,16,4,0.001097087
2021,3,4,2,1,4,0.001585926
2021,3,4,3,1,4,0.000309582
2021,3,4,4,16,4,7.11E-05
2021,3,4,4,1,4,0.001370322
2021,3,4,5,16,4,0.000001925
2021,3,4,5,1,4,0.000397189
2021,3,4,6,1,4,0.002094985
2021,3,4,7,3,4,6.49E-05
2021,3,4,9,16,4,0.001117859
2021,3,4,9,1,4,0.000519624
2021,3,4,10,1,4,3.97E-05
2021,3,5,6,1,4,0.001359466
2021,3,5,7,1,4,0.0006458
2021,3,5,9,1,4,0.000390016
2021,3,5,11,1,4,0.000803551
2021,3,5,1,16,4,0.000164886
2021,3,5,1,1,4,0.001125586
2021,3,5,2,16,4,0.000264004
2021,3,5,2,1,4,0.001229598
2021,3,5,3,1,4,0.000336687
2021,3,5,4,1,4,0.0003413
2021,3,5,5,1,4,0.000480371
2021,3,6,2,1,4,2.54E-05
2021,3,6,4,1,4,0.000186891
2021,3,6,5,16,4,9.76E-07
2021,3,6,5,1,4,0.000260876
2021,3,6,7,1,4,0.000932405
2021,3,6,8,1,4,0.00310098
2021,3,6,9,1,4,0.000406107
2021,3,6,11,1,4,0.005469585
2021,3,7,6,1,4,0.001812468
2021,3,7,7,16,4,0.001171824
2021,3,7,7,1,4,0.002105904
2021,3,7,8,1,4,0.003932356
2021,3,7,9,16,4,0.003320729
2021,3,7,9,1,4,0.008449143
2021,3,7,10,1,4,0.000571668
2021,3,7,11,16,4,7.45E-05
2021,3,7,11,1,4,0.000171021
2021,3,7,1,16,4,0.000624223
2021,3,7,1,1,4,0.006183484
2021,3,7,2,1,4,0.000927556
2021,3,7,3,1,4,0.000168951
2021,3,7,4,16,4,6.06E-06
2021,3,7,4,1,4,2.19E-05
2021,3,8,6,1,4,0.002893488
2021,3,8,7,3,4,3.79E-05
2021,3,8,7,1,4,0.00663114
2021,3,8,8,1,4,0.004376622
2021,3,8,9,16,4,0.000677595
2021,3,8,9,1,4,0.005556652
2021,3,8,10,1,4,0.002996248
2021,3,8,11,16,4,0.000282624
2021,3,8,11,1,4,0.012375375
2021,3,8,1,1,4,0.001298953
2021,3,8,2,1,4,4.51E-05
2021,3,8,3,1,4,0.000104162
2021,3,8,4,16,4,1.88E-05
2021,3,8,4,1,4,0.000282462
2021,3,8,5,1,4,5.36E-05
2021,4,1,3,1,4,1.94E-06
2021,4,1,5,1,4,3.73E-05
2021,4,1,8,1,4,0.001382991
2021,4,1,9,1,4,0.001017269
2021,4,1,11,1,4,5.97E-05
2021,4,2,1,1,4,0.000182643
2021,4,2,3,1,4,4.03E-05
2021,4,2,4,1,4,0.000130027
2021,4,2,5,1,4,5.40E-05
2021,4,2,6,1,4,0.004638765
2021,4,2,7,3,4,0.004614934
2021,4,2,7,16,4,6.78E-06
2021,4,2,7,1,4,0.003900381
2021,4,2,8,3,4,6.11E-05
2021,4,2,8,1,4,0.008232231
2021,4,2,9,1,4,0.001179552
2021,4,2,11,3,4,1.40E-06
2021,4,2,11,16,4,0.000606483
2021,4,2,11,1,4,0.004589597
2021,4,3,6,1,4,0.000728708
2021,4,3,7,3,4,6.03E-05
2021,4,3,7,1,4,0.000606814
2021,4,3,9,1,4,0.000572974
2021,4,3,10,1,4,2.75E-05
2021,4,3,1,1,4,0.000776114
2021,4,3,2,16,4,9.56E-05
2021,4,3,2,1,4,0.000778895
2021,4,3,3,1,4,0.000206547
2021,4,3,4,16,4,4.87E-06
2021,4,3,4,1,4,0.000230526
2021,4,3,5,1,4,2.09E-05
2021,4,4,1,16,4,9.83E-07
2021,4,4,1,1,4,0.003241162
2021,4,4,2,16,4,0.000356384
2021,4,4,2,1,4,0.00086263
2021,4,4,3,1,4,8.16E-05
2021,4,4,4,16,4,2.82E-05
2021,4,4,4,1,4,0.000343575
2021,4,4,5,16,4,0.000000975
2021,4,4,5,1,4,8.82E-05
2021,4,4,6,1,4,0.001289648
2021,4,4,7,3,4,8.63E-05
2021,4,4,9,16,4,0.000601533
2021,4,4,9,1,4,0.00016209
2021,4,4,10,1,4,3.97E-06
2021,4,5,6,1,4,0.000570822
2021,4,5,7,1,4,7.93E-05
2021,4,5,9,1,4,0.000316055
2021,4,5,11,1,4,0.000244417
2021,4,5,1,16,4,2.74E-05
2021,4,5,1,1,4,0.000677749
2021,4,5,2,16,4,2.53E-05
2021,4,5,2,1,4,0.000292908
2021,4,5,3,1,4,8.01E-05
2021,4,5,4,1,4,3.68E-05
2021,4,5,5,1,4,9.49E-05
2021,4,6,2,1,4,9.75E-06
2021,4,6,4,1,4,6.19E-05
2021,4,6,5,16,4,9.76E-07
2021,4,6,5,1,4,9.37E-05
2021,4,6,7,1,4,0.000444259
2021,4,6,8,1,4,0.002033413
2021,4,6,9,1,4,0.000247019
2021,4,6,11,1,4,0.003135389
2021,4,7,6,1,4,0.000672459
2021,4,7,7,16,4,0.000313916
2021,4,7,7,1,4,0.001179452
2021,4,7,8,1,4,0.001930038
2021,4,7,9,16,4,0.000791146
2021,4,7,9,1,4,0.003623844
2021,4,7,10,1,4,0.000147478
2021,4,7,11,16,4,1.80E-05
2021,4,7,11,1,4,4.42E-05
2021,4,7,1,16,4,0.000153962
2021,4,7,1,1,4,0.003061963
2021,4,7,2,1,4,0.000365362
2021,4,7,3,1,4,1.46E-05
2021,4,7,4,16,4,1.46E-06
2021,4,7,4,1,4,5.64E-06
2021,4,8,6,1,4,0.001401287
2021,4,8,7,3,4,3.39E-05
2021,4,8,7,1,4,0.00160031
2021,4,8,8,1,4,0.001784931
2021,4,8,9,16,4,0.00035639
2021,4,8,9,1,4,0.002017552
2021,4,8,10,1,4,0.001018202
2021,4,8,11,16,4,8.01E-05
2021,4,8,11,1,4,0.004202834
2021,4,8,1,1,4,0.000574248
2021,4,8,2,1,4,9.03E-06
2021,4,8,3,1,4,2.28E-05
2021,4,8,4,16,4,4.70E-06
2021,4,8,4,1,4,8.69E-05
2021,4,8,5,1,4,1.33E-05
2021,5,1,3,1,4,1.73E-05
2021,5,1,5,1,4,0.000328729
2021,5,1,8,1,4,0.004963995
2021,5,1,9,1,4,0.004622473
2021,5,1,11,1,4,4.98E-05
2021,5,2,1,1,4,0.000423709
2021,5,2,2,1,4,1.01E-06
2021,5,2,3,1,4,0.000157711
2021,5,2,4,1,4,0.000614934
2021,5,2,5,16,4,0.0000019
2021,5,2,5,1,4,0.000255113
2021,5,2,6,1,4,0.007332526
2021,5,2,7,3,4,0.011705587
2021,5,2,7,16,4,0.000132735
2021,5,2,7,1,4,0.008646997
2021,5,2,8,3,4,6.36E-05
2021,5,2,8,1,4,0.012409474
2021,5,2,9,1,4,0.004181858
2021,5,2,11,3,4,1.08E-06
2021,5,2,11,16,4,0.00112375
2021,5,2,11,1,4,0.005249852
2021,5,3,6,1,4,0.001968422
2021,5,3,7,3,4,0.00019507
2021,5,3,7,1,4,0.0025544
2021,5,3,9,1,4,0.003764274
2021,5,3,10,1,4,0.000136995
2021,5,3,1,1,4,0.001384213
2021,5,3,2,16,4,0.000303144
2021,5,3,2,1,4,0.003665625
2021,5,3,3,1,4,0.000496796
2021,5,3,4,16,4,1.66E-05
2021,5,3,4,1,4,0.001030231
2021,5,3,5,1,4,0.000214921
2021,5,4,1,16,4,5.90E-06
2021,5,4,1,1,4,0.006663893
2021,5,4,2,16,4,0.001256188
2021,5,4,2,1,4,0.002574005
2021,5,4,3,1,4,0.000186122
2021,5,4,4,16,4,7.80E-05
2021,5,4,4,1,4,0.001617864
2021,5,4,5,16,4,0.000000975
2021,5,4,5,1,4,0.000471725
2021,5,4,6,1,4,0.001278855
2021,5,4,7,3,4,3.95E-05
2021,5,4,9,16,4,0.001151283
2021,5,4,9,1,4,0.000683524
2021,5,4,10,1,4,4.56E-05
2021,5,5,6,1,4,0.001181212
2021,5,5,7,1,4,0.000166674
2021,5,5,9,1,4,0.000950875
2021,5,5,11,1,4,0.000682768
2021,5,5,1,16,4,0.000104247
2021,5,5,1,1,4,0.001405125
2021,5,5,2,16,4,0.000107994
2021,5,5,2,1,4,0.001172835
2021,5,5,3,1,4,0.000339111
2021,5,5,4,1,4,0.000220322
2021,5,5,5,1,4,0.000801204
2021,5,6,2,1,4,4.20E-05
2021,5,6,4,1,4,0.000236566
2021,5,6,5,16,4,3.91E-06
2021,5,6,5,1,4,0.000368309
2021,5,6,7,1,4,0.000891267
2021,5,6,8,1,4,0.004151995
2021,5,6,9,1,4,0.000884673
2021,5,6,11,1,4,0.006649015
2021,5,7,6,1,4,0.000677733
2021,5,7,7,16,4,0.000763343
2021,5,7,7,1,4,0.001204021
2021,5,7,8,1,4,0.001834746
2021,5,7,9,16,4,0.001997425
2021,5,7,9,1,4,0.005118464
2021,5,7,10,1,4,0.000281772
2021,5,7,11,16,4,9.34E-05
2021,5,7,11,1,4,8.17E-05
2021,5,7,1,16,4,0.00084323
2021,5,7,1,1,4,0.009242795
2021,5,7,2,1,4,0.002700542
2021,5,7,3,1,4,4.85E-05
2021,5,7,4,16,4,7.59E-06
2021,5,7,4,1,4,0.000491157
2021,5,8,6,1,4,0.002027507
2021,5,8,7,3,4,0.000151456
2021,5,8,7,1,4,0.002814463
2021,5,8,8,1,4,0.002064712
2021,5,8,9,16,4,0.000924995
2021,5,8,9,1,4,0.005097211
2021,5,8,10,1,4,0.002098595
2021,5,8,11,16,4,0.000255134
2021,5,8,11,1,4,0.013011508
2021,5,8,1,1,4,0.001426466
2021,5,8,2,1,4,0.000356827
2021,5,8,3,1,4,0.000689736
2021,5,8,4,16,4,2.06E-05
2021,5,8,4,1,4,0.001637647
2021,5,8,5,1,4,0.000109383
2021,6,1,5,1,4,3.71E-05
2021,6,1,8,1,4,0.001442631
2021,6,1,9,1,4,0.001234116
2021,6,1,11,1,4,1.51E-05
2021,6,2,1,1,4,0.00016609
2021,6,2,3,1,4,1.69E-05
2021,6,2,4,1,4,0.000112156
2021,6,2,5,1,4,3.70E-05
2021,6,2,6,1,4,0.002477313
2021,6,2,7,3,4,0.00410925
2021,6,2,7,16,4,2.62E-05
2021,6,2,7,1,4,0.002222399
2021,6,2,8,3,4,3.36E-05
2021,6,2,8,1,4,0.005241811
2021,6,2,9,1,4,0.001337365
2021,6,2,11,3,4,4.68E-07
2021,6,2,11,16,4,0.000263853
2021,6,2,11,1,4,0.001917112
2021,6,3,6,1,4,0.000430849
2021,6,3,7,3,4,3.78E-05
2021,6,3,7,1,4,0.000466269
2021,6,3,9,1,4,0.000641021
2021,6,3,10,1,4,1.70E-05
2021,6,3,1,1,4,0.000551378
2021,6,3,2,16,4,6.17E-05
2021,6,3,2,1,4,0.000594805
2021,6,3,3,1,4,7.97E-05
2021,6,3,4,16,4,1.95E-06
2021,6,3,4,1,4,0.000138535
2021,6,3,5,1,4,1.50E-05
2021,6,4,1,16,4,9.83E-07
2021,6,4,1,1,4,0.002895776
2021,6,4,2,16,4,0.000400981
2021,6,4,2,1,4,0.000756359
2021,6,4,3,1,4,4.93E-05
2021,6,4,4,16,4,1.75E-05
2021,6,4,4,1,4,0.000289405
2021,6,4,5,16,4,0.000000975
2021,6,4,5,1,4,7.46E-05
2021,6,4,6,1,4,0.000389768
2021,6,4,7,3,4,2.13E-05
2021,6,4,9,16,4,0.000306633
2021,6,4,9,1,4,0.000156553
2021,6,4,10,1,4,3.97E-06
2021,6,5,6,1,4,0.000298223
2021,6,5,7,1,4,7.85E-05
2021,6,5,9,1,4,0.000223658
2021,6,5,11,1,4,0.000183901
2021,6,5,1,16,4,2.45E-05
2021,6,5,1,1,4,0.000681283
2021,6,5,2,16,4,1.75E-05
2021,6,5,2,1,4,0.000229322
2021,6,5,3,1,4,4.42E-05
2021,6,5,4,1,4,5.48E-05
2021,6,5,5,1,4,0.000100158
2021,6,6,2,1,4,1.07E-05
2021,6,6,4,1,4,3.71E-05
2021,6,6,5,1,4,4.32E-05
2021,6,6,7,1,4,0.000273906
2021,6,6,8,1,4,0.001466642
2021,6,6,9,1,4,0.000267232
2021,6,6,11,1,4,0.001839941
2021,6,7,6,1,4,0.000175934
2021,6,7,7,16,4,0.00013551
2021,6,7,7,1,4,0.000270617
2021,6,7,8,1,4,0.000592751
2021,6,7,9,16,4,0.00058104
2021,6,7,9,1,4,0.001559065
2021,6,7,10,1,4,0.00010064
2021,6,7,11,16,4,1.97E-05
2021,6,7,11,1,4,2.87E-06
2021,6,7,1,16,4,0.000196692
2021,6,7,1,1,4,0.003052207
2021,6,7,2,1,4,0.000742358
2021,6,7,3,1,4,3.40E-05
2021,6,7,4,16,4,1.61E-06
2021,6,7,4,1,4,6.45E-05
2021,6,8,6,1,4,0.000514275
2021,6,8,7,3,4,9.27E-05
2021,6,8,7,1,4,0.0008322
2021,6,8,8,1,4,0.00095565
2021,6,8,9,16,4,0.0002421
2021,6,8,9,1,4,0.001338992
2021,6,8,10,1,4,0.000347242
2021,6,8,11,16,4,4.23E-05
2021,6,8,11,1,4,0.002506907
2021,6,8,1,1,4,0.000572182
2021,6,8,2,1,4,7.65E-05
2021,6,8,3,1,4,9.17E-05
2021,6,8,4,16,4,3.73E-06
2021,6,8,4,1,4,0.000333479
2021,6,8,5,1,4,4.83E-06
2021,7,1,3,1,4,1.26E-06
2021,7,1,5,1,4,0.000113517
2021,7,1,8,1,4,0.002281658
2021,7,1,9,1,4,0.00264858
2021,7,1,11,1,4,2.41E-05
2021,7,2,1,1,4,0.0006047
2021,7,2,2,1,4,2.02E-06
2021,7,2,3,1,4,9.13E-05
2021,7,2,4,1,4,0.000356143
2021,7,2,5,16,4,0.00000285
2021,7,2,5,1,4,0.000124778
2021,7,2,6,1,4,0.005664745
2021,7,2,7,3,4,0.010322899
2021,7,2,7,16,4,7.36E-05
2021,7,2,7,1,4,0.006021228
2021,7,2,8,3,4,6.21E-05
2021,7,2,8,1,4,0.010590832
2021,7,2,9,1,4,0.002667473
2021,7,2,11,3,4,8.41E-07
2021,7,2,11,16,4,0.000895014
2021,7,2,11,1,4,0.004698486
2021,7,3,6,1,4,0.000872628
2021,7,3,7,3,4,7.14E-05
2021,7,3,7,1,4,0.000883391
2021,7,3,9,1,4,0.000764295
2021,7,3,10,1,4,6.31E-05
2021,7,3,1,1,4,0.001034416
2021,7,3,2,16,4,0.000157108
2021,7,3,2,1,4,0.002029633
2021,7,3,3,1,4,0.000356041
2021,7,3,4,16,4,2.92E-06
2021,7,3,4,1,4,0.000490917
2021,7,3,5,1,4,7.94E-05
2021,7,4,1,16,4,1.18E-05
2021,7,4,1,1,4,0.005131442
2021,7,4,2,16,4,0.00065062
2021,7,4,2,1,4,0.001833529
2021,7,4,3,1,4,0.000144218
2021,7,4,4,16,4,4.48E-05
2021,7,4,4,1,4,0.001090771
2021,7,4,5,16,4,0.0000019
2021,7,4,5,1,4,0.000221047
2021,7,4,6,1,4,0.000882968
2021,7,4,7,3,4,5.51E-05
2021,7,4,9,16,4,0.000751368
2021,7,4,9,1,4,0.000177933
2021,7,4,10,1,4,1.98E-05
2021,7,5,6,1,4,0.000787228
2021,7,5,7,1,4,0.000185715
2021,7,5,9,1,4,0.000695483
2021,7,5,11,1,4,0.000557723
2021,7,5,1,16,4,3.55E-05
2021,7,5,1,1,4,0.001269194
2021,7,5,2,16,4,5.26E-05
2021,7,5,2,1,4,0.000509521
2021,7,5,3,1,4,7.63E-05
2021,7,5,4,1,4,0.000199493
2021,7,5,5,1,4,0.000349931
2021,7,6,2,1,4,2.64E-05
2021,7,6,4,1,4,0.000134273
2021,7,6,5,16,4,9.76E-07
2021,7,6,5,1,4,0.00013524
2021,7,6,7,1,4,0.000907813
2021,7,6,8,1,4,0.003437979
2021,7,6,9,1,4,0.000667521
2021,7,6,11,1,4,0.004333329
2021,7,7,6,1,4,0.000901571
2021,7,7,7,16,4,0.000205703
2021,7,7,7,1,4,0.000432202
2021,7,7,8,1,4,0.000979479
2021,7,7,9,16,4,0.001144413
2021,7,7,9,1,4,0.002656273
2021,7,7,10,1,4,0.000778916
2021,7,7,11,16,4,2.87E-05
2021,7,7,11,1,4,3.84E-05
2021,7,7,1,16,4,0.000457608
2021,7,7,1,1,4,0.006467586
2021,7,7,2,1,4,0.001904111
2021,7,7,3,1,4,4.27E-05
2021,7,7,4,16,4,2.34E-06
2021,7,7,4,1,4,0.00037234
2021,7,8,6,1,4,0.002132143
2021,7,8,7,3,4,4.18E-05
2021,7,8,7,1,4,0.001753573
2021,7,8,8,1,4,0.001605855
2021,7,8,9,16,4,0.000413632
2021,7,8,9,1,4,0.002309535
2021,7,8,10,1,4,0.001351979
2021,7,8,11,16,4,0.000117016
2021,7,8,11,1,4,0.007133022
2021,7,8,1,1,4,0.001204379
2021,7,8,2,1,4,0.000176869
2021,7,8,3,1,4,0.000372349
2021,7,8,4,16,4,1.05E-05
2021,7,8,4,1,4,0.001154237
2021,7,8,5,1,4,2.51E-05
2021,8,1,3,1,4,1.03E-05
2021,8,1,5,1,4,0.000219975
2021,8,1,8,1,4,0.00155254
2021,8,1,9,1,4,0.002137979
2021,8,1,11,1,4,2.27E-05
2021,8,2,1,1,4,0.000215443
2021,8,2,3,1,4,5.14E-05
2021,8,2,4,1,4,0.000288543
2021,8,2,5,16,4,0.0000019
2021,8,2,5,1,4,0.000199803
2021,8,2,6,1,4,0.003528415
2021,8,2,7,3,4,0.003588836
2021,8,2,7,16,4,5.52E-05
2021,8,2,7,1,4,0.004086233
2021,8,2,8,3,4,2.90E-05
2021,8,2,8,1,4,0.005224778
2021,8,2,9,1,4,0.00192953
2021,8,2,11,3,4,3.64E-07
2021,8,2,11,16,4,0.000789662
2021,8,2,11,1,4,0.004164165
2021,8,3,6,1,4,0.000716866
2021,8,3,7,3,4,4.89E-05
2021,8,3,7,1,4,0.000636124
2021,8,3,9,1,4,0.000966463
2021,8,3,10,1,4,5.55E-05
2021,8,3,1,1,4,0.000537716
2021,8,3,2,16,4,0.0001864
2021,8,3,2,1,4,0.000800531
2021,8,3,3,1,4,0.000314232
2021,8,3,4,16,4,9.74E-07
2021,8,3,4,1,4,0.000410729
2021,8,3,5,1,4,7.88E-05
2021,8,4,1,16,4,8.84E-06
2021,8,4,1,1,4,0.002286994
2021,8,4,2,16,4,0.000494198
2021,8,4,2,1,4,0.000877423
2021,8,4,3,1,4,8.58E-05
2021,8,4,4,16,4,3.80E-05
2021,8,4,4,1,4,0.000404627
2021,8,4,5,1,4,0.000243413
2021,8,4,6,1,4,0.000432138
2021,8,4,7,3,4,1.70E-05
2021,8,4,9,16,4,0.000585902
2021,8,4,9,1,4,0.000121026
2021,8,4,10,1,4,0.00002975
2021,8,5,6,1,4,0.000902634
2021,8,5,7,1,4,0.000127585
2021,8,5,9,1,4,0.000701424
2021,8,5,11,1,4,0.000658081
2021,8,5,1,16,4,0.000235447
2021,8,5,1,1,4,0.000652106
2021,8,5,2,16,4,3.31E-05
2021,8,5,2,1,4,0.000353275
2021,8,5,3,1,4,0.000131837
2021,8,5,4,1,4,0.000115769
2021,8,5,5,1,4,0.000259061
2021,8,6,2,1,4,4.19E-05
2021,8,6,4,1,4,0.000182591
2021,8,6,5,16,4,2.93E-06
2021,8,6,5,1,4,0.000586225
2021,8,6,7,1,4,0.000385141
2021,8,6,8,1,4,0.001502881
2021,8,6,9,1,4,0.00024468
2021,8,6,11,1,4,0.002904741
2021,8,7,6,1,4,0.00083892
2021,8,7,7,16,4,0.000341213
2021,8,7,7,1,4,0.000790948
2021,8,7,8,1,4,0.001800222
2021,8,7,9,16,4,0.001166438
2021,8,7,9,1,4,0.003796029
2021,8,7,10,1,4,0.000129767
2021,8,7,11,16,4,5.21E-05
2021,8,7,11,1,4,3.56E-05
2021,8,7,1,16,4,0.000208555
2021,8,7,1,1,4,0.002524076
2021,8,7,2,1,4,0.000666331
2021,8,7,3,1,4,2.04E-05
2021,8,7,4,16,4,4.23E-06
2021,8,7,4,1,4,0.000107256
2021,8,8,6,1,4,0.001402124
2021,8,8,7,3,4,3.39E-05
2021,8,8,7,1,4,0.001342895
2021,8,8,8,1,4,0.001073273
2021,8,8,9,16,4,0.000440723
2021,8,8,9,1,4,0.001977246
2021,8,8,10,1,4,0.000894634
2021,8,8,11,16,4,0.000172354
2021,8,8,11,1,4,0.004765135
2021,8,8,1,1,4,0.000440513
2021,8,8,2,1,4,6.01E-05
2021,8,8,3,1,4,0.000145075
2021,8,8,4,16,4,2.20E-05
2021,8,8,4,1,4,0.000305672
2021,8,8,5,1,4,0.000112603
2021,9,1,3,1,4,9.45E-06
2021,9,1,5,1,4,0.000295683
2021,9,1,8,1,4,0.002318844
2021,9,1,9,1,4,0.003588444
2021,9,1,11,1,4,2.44E-05
2021,9,2,1,1,4,0.000224135
2021,9,2,3,1,4,0.00022033
2021,9,2,4,1,4,0.000566961
2021,9,2,5,1,4,0.000230213
2021,9,2,6,1,4,0.003034725
2021,9,2,7,3,4,0.004170173
2021,9,2,7,16,4,0.000137579
2021,9,2,7,1,4,0.005970345
2021,9,2,8,3,4,2.78E-05
2021,9,2,8,1,4,0.005465306
2021,9,2,9,1,4,0.002001762
2021,9,2,11,3,4,5.17E-07
2021,9,2,11,16,4,0.000788713
2021,9,2,11,1,4,0.003231486
2021,9,3,6,1,4,0.000933657
2021,9,3,7,3,4,0.000103827
2021,9,3,7,1,4,0.001398358
2021,9,3,9,1,4,0.001374744
2021,9,3,10,1,4,0.000230676
2021,9,3,1,1,4,0.000557055
2021,9,3,2,16,4,0.000573924
2021,9,3,2,1,4,0.00196856
2021,9,3,3,1,4,0.000841045
2021,9,3,4,16,4,1.56E-05
2021,9,3,4,1,4,0.001786089
2021,9,3,5,1,4,0.000181263
2021,9,4,1,16,4,1.08E-05
2021,9,4,1,1,4,0.002552529
2021,9,4,2,16,4,0.001473945
2021,9,4,2,1,4,0.001567504
2021,9,4,3,1,4,0.00030335
2021,9,4,4,16,4,0.000117183
2021,9,4,4,1,4,0.001375869
2021,9,4,5,16,4,0.0000086
2021,9,4,5,1,4,0.000476847
2021,9,4,6,1,4,0.000416535
2021,9,4,7,3,4,4.50E-05
2021,9,4,9,16,4,0.001379425
2021,9,4,9,1,4,0.000356527
2021,9,4,10,1,4,0.0000833
2021,9,5,6,1,4,0.000939495
2021,9,5,7,1,4,0.000121326
2021,9,5,9,1,4,0.000666872
2021,9,5,11,1,4,0.000461967
2021,9,5,1,16,4,8.15E-05
2021,9,5,1,1,4,0.000749399
2021,9,5,2,16,4,0.000201559
2021,9,5,2,1,4,0.000762332
2021,9,5,3,1,4,0.000452914
2021,9,5,4,1,4,0.00017361
2021,9,5,5,1,4,0.000839434
2021,9,6,2,1,4,4.28E-05
2021,9,6,4,1,4,0.000183456
2021,9,6,5,16,4,1.95E-06
2021,9,6,5,1,4,0.000235382
2021,9,6,7,1,4,0.000282405
2021,9,6,8,1,4,0.00164381
2021,9,6,9,1,4,0.000418718
2021,9,6,11,1,4,0.003594939
2021,9,7,6,1,4,0.000484559
2021,9,7,7,16,4,0.000512795
2021,9,7,7,1,4,0.000604627
2021,9,7,8,1,4,0.001303014
2021,9,7,9,16,4,0.001897889
2021,9,7,9,1,4,0.004866284
2021,9,7,10,1,4,0.000256668
2021,9,7,11,16,4,0.000260331
2021,9,7,11,1,4,4.58E-05
2021,9,7,1,16,4,0.000428561
2021,9,7,1,1,4,0.003330617
2021,9,7,2,1,4,0.001785458
2021,9,7,3,1,4,3.01E-05
2021,9,7,4,16,4,2.12E-05
2021,9,7,4,1,4,0.000376222
2021,9,8,6,1,4,0.000984085
2021,9,8,7,3,4,2.09E-05
2021,9,8,7,1,4,0.001371279
2021,9,8,8,1,4,0.000941116
2021,9,8,9,16,4,0.000679165
2021,9,8,9,1,4,0.0030097
2021,9,8,10,1,4,0.002458251
2021,9,8,11,16,4,0.00051198
2021,9,8,11,1,4,0.009785713
2021,9,8,1,1,4,0.000535068
2021,9,8,2,1,4,0.000257561
2021,9,8,3,1,4,0.000786933
2021,9,8,4,16,4,5.65E-05
2021,9,8,4,1,4,0.001077732
2021,9,8,5,1,4,9.22E-05
2021,1,1,3,1,5,1.53E-07
2021,1,1,5,1,5,1.76E-06
2021,1,1,8,1,5,4.53E-05
2021,1,1,9,1,5,5.52E-05
2021,1,1,11,1,5,1.59E-06
2021,1,2,1,1,5,1.45E-06
2021,1,2,3,1,5,2.42E-06
2021,1,2,4,1,5,5.58E-06
2021,1,2,5,1,5,2.05E-06
2021,1,2,6,1,5,8.57E-05
2021,1,2,7,3,5,7.10E-05
2021,1,2,7,1,5,8.47E-05
2021,1,2,8,3,5,7.41E-07
2021,1,2,8,1,5,0.00014698
2021,1,2,9,1,5,3.89E-05
2021,1,2,11,3,5,3.13E-08
2021,1,2,11,16,5,1.62E-05
2021,1,2,11,1,5,7.46E-05
2021,1,3,6,1,5,2.74E-05
2021,1,3,7,3,5,1.94E-06
2021,1,3,7,1,5,3.27E-05
2021,1,3,9,1,5,2.15E-05
2021,1,3,10,1,5,1.79E-06
2021,1,3,1,1,5,4.57E-06
2021,1,3,2,16,5,3.56E-06
2021,1,3,2,1,5,2.12E-05
2021,1,3,3,1,5,7.46E-06
2021,1,3,4,16,5,5.13E-08
2021,1,3,4,1,5,1.94E-05
2021,1,3,5,1,5,1.31E-06
2021,1,4,1,16,5,2.59E-07
2021,1,4,1,1,5,3.44E-05
2021,1,4,2,16,5,1.34E-05
2021,1,4,2,1,5,2.18E-05
2021,1,4,3,1,5,3.39E-06
2021,1,4,4,16,5,1.03E-06
2021,1,4,4,1,5,2.02E-05
2021,1,4,5,1,5,7.39E-06
2021,1,4,6,1,5,1.72E-05
2021,1,4,7,3,5,9.05E-06
2021,1,4,9,16,5,2.72E-05
2021,1,4,9,1,5,8.15E-06
2021,1,4,10,1,5,3.13E-07
2021,1,5,6,1,5,1.98E-05
2021,1,5,7,1,5,2.24E-06
2021,1,5,9,1,5,6.72E-06
2021,1,5,11,1,5,7.25E-06
2021,1,5,1,16,5,5.65E-07
2021,1,5,1,1,5,7.83E-06
2021,1,5,2,16,5,8.71E-07
2021,1,5,2,1,5,9.03E-06
2021,1,5,3,1,5,3.95E-06
2021,1,5,4,1,5,1.26E-06
2021,1,5,5,1,5,8.43E-06
2021,1,6,2,1,5,2.05E-07
2021,1,6,4,1,5,1.76E-06
2021,1,6,5,1,5,2.76E-06
2021,1,6,7,1,5,7.42E-06
2021,1,6,8,1,5,4.42E-05
2021,1,6,9,1,5,6.22E-06
2021,1,6,11,1,5,6.16E-05
2021,1,7,6,1,5,1.61E-05
2021,1,7,7,16,5,5.70E-06
2021,1,7,7,1,5,2.37E-05
2021,1,7,8,1,5,4.59E-05
2021,1,7,9,16,5,3.04E-05
2021,1,7,9,1,5,0.000135216
2021,1,7,10,1,5,6.54E-06
2021,1,7,11,16,5,1.37E-06
2021,1,7,11,1,5,8.18E-07
2021,1,7,1,16,5,5.65E-07
2021,1,7,1,1,5,2.55E-05
2021,1,7,2,1,5,8.76E-06
2021,1,7,3,1,5,1.53E-07
2021,1,7,4,16,5,1.11E-07
2021,1,7,4,1,5,9.17E-08
2021,1,8,6,1,5,4.30E-05
2021,1,8,7,3,5,9.62E-07
2021,1,8,7,1,5,4.03E-05
2021,1,8,8,1,5,2.49E-05
2021,1,8,9,16,5,1.08E-05
2021,1,8,9,1,5,7.67E-05
2021,1,8,10,1,5,5.05E-05
2021,1,8,11,16,5,6.47E-06
2021,1,8,11,1,5,0.000205459
2021,1,8,1,1,5,5.57E-06
2021,1,8,2,1,5,5.35E-08
2021,1,8,4,16,5,3.84E-07
2021,1,8,4,1,5,4.00E-06
2021,1,8,5,1,5,1.43E-06
2021,2,1,3,1,5,1.06E-06
2021,2,1,5,1,5,8.10E-06
2021,2,1,8,1,5,7.58E-05
2021,2,1,9,1,5,6.95E-05
2021,2,1,11,1,5,2.64E-06
2021,2,2,1,1,5,7.02E-06
2021,2,2,3,1,5,5.99E-06
2021,2,2,4,1,5,2.44E-05
2021,2,2,5,1,5,8.43E-06
2021,2,2,6,1,5,0.000188112
2021,2,2,7,3,5,0.000149595
2021,2,2,7,16,5,6.63E-07
2021,2,2,7,1,5,0.000191179
2021,2,2,8,3,5,9.97E-07
2021,2,2,8,1,5,0.000212285
2021,2,2,9,1,5,6.10E-05
2021,2,2,11,3,5,3.94E-08
2021,2,2,11,16,5,2.76E-05
2021,2,2,11,1,5,0.000162326
2021,2,3,6,1,5,5.68E-05
2021,2,3,7,3,5,5.37E-06
2021,2,3,7,1,5,9.74E-05
2021,2,3,9,1,5,4.40E-05
2021,2,3,10,1,5,7.84E-06
2021,2,3,1,1,5,1.69E-05
2021,2,3,2,16,5,9.75E-06
2021,2,3,2,1,5,7.18E-05
2021,2,3,3,1,5,2.78E-05
2021,2,3,4,16,5,7.18E-07
2021,2,3,4,1,5,8.24E-05
2021,2,3,5,1,5,6.64E-06
2021,2,4,1,16,5,3.10E-07
2021,2,4,1,1,5,0.000143262
2021,2,4,2,16,5,2.70E-05
2021,2,4,2,1,5,9.10E-05
2021,2,4,3,1,5,8.97E-06
2021,2,4,4,16,5,2.21E-06
2021,2,4,4,1,5,7.35E-05
2021,2,4,5,1,5,1.94E-05
2021,2,4,6,1,5,5.13E-05
2021,2,4,7,3,5,8.43E-06
2021,2,4,9,16,5,5.77E-05
2021,2,4,9,1,5,2.45E-05
2021,2,4,10,1,5,2.40E-06
2021,2,5,6,1,5,3.95E-05
2021,2,5,7,1,5,5.64E-06
2021,2,5,9,1,5,1.26E-05
2021,2,5,11,1,5,1.43E-05
2021,2,5,1,16,5,3.19E-06
2021,2,5,1,1,5,4.39E-05
2021,2,5,2,16,5,2.41E-06
2021,2,5,2,1,5,4.08E-05
2021,2,5,3,1,5,1.86E-05
2021,2,5,4,1,5,5.29E-06
2021,2,5,5,1,5,3.70E-05
2021,2,6,2,1,5,1.13E-06
2021,2,6,4,1,5,6.21E-06
2021,2,6,5,16,5,1.54E-07
2021,2,6,5,1,5,8.80E-06
2021,2,6,7,1,5,2.23E-05
2021,2,6,8,1,5,9.81E-05
2021,2,6,9,1,5,1.72E-05
2021,2,6,11,1,5,0.000160153
2021,2,7,6,1,5,6.49E-05
2021,2,7,7,16,5,5.26E-05
2021,2,7,7,1,5,7.75E-05
2021,2,7,8,1,5,0.000122662
2021,2,7,9,16,5,8.24E-05
2021,2,7,9,1,5,0.000397749
2021,2,7,10,1,5,2.54E-05
2021,2,7,11,16,5,2.55E-06
2021,2,7,11,1,5,3.91E-06
2021,2,7,1,16,5,1.36E-05
2021,2,7,1,1,5,0.000133608
2021,2,7,2,1,5,3.28E-05
2021,2,7,3,1,5,3.53E-06
2021,2,7,4,16,5,2.08E-07
2021,2,7,4,1,5,5.20E-07
2021,2,8,6,1,5,0.000117602
2021,2,8,7,3,5,2.13E-06
2021,2,8,7,1,5,0.000129402
2021,2,8,8,1,5,8.41E-05
2021,2,8,9,16,5,2.91E-05
2021,2,8,9,1,5,0.000211901
2021,2,8,10,1,5,0.000157213
2021,2,8,11,16,5,8.52E-06
2021,2,8,11,1,5,0.00053082
2021,2,8,1,1,5,2.83E-05
2021,2,8,2,1,5,6.85E-07
2021,2,8,3,1,5,3.18E-06
2021,2,8,4,16,5,5.54E-07
2021,2,8,4,1,5,1.37E-05
2021,2,8,5,1,5,1.97E-06
2021,3,1,3,1,5,2.56E-07
2021,3,1,5,1,5,5.93E-06
2021,3,1,8,1,5,0.000247331
2021,3,1,9,1,5,0.000104434
2021,3,1,11,1,5,4.33E-06
2021,3,2,1,1,5,2.19E-05
2021,3,2,3,1,5,5.29E-06
2021,3,2,4,1,5,3.71E-05
2021,3,2,5,1,5,7.65E-06
2021,3,2,6,1,5,0.000315403
2021,3,2,7,3,5,0.000335658
2021,3,2,7,16,5,2.86E-06
2021,3,2,7,1,5,0.000306445
2021,3,2,8,3,5,3.01E-06
2021,3,2,8,1,5,0.000521054
2021,3,2,9,1,5,8.37E-05
2021,3,2,11,3,5,9.12E-08
2021,3,2,11,16,5,5.76E-05
2021,3,2,11,1,5,0.000278509
2021,3,3,6,1,5,7.98E-05
2021,3,3,7,3,5,5.96E-06
2021,3,3,7,1,5,9.14E-05
2021,3,3,9,1,5,6.58E-05
2021,3,3,10,1,5,4.67E-06
2021,3,3,1,1,5,3.34E-05
2021,3,3,2,16,5,1.79E-05
2021,3,3,2,1,5,7.95E-05
2021,3,3,3,1,5,3.53E-05
2021,3,3,4,16,5,1.18E-06
2021,3,3,4,1,5,4.77E-05
2021,3,3,5,1,5,5.51E-06
2021,3,4,1,16,5,2.59E-07
2021,3,4,1,1,5,0.000289524
2021,3,4,2,16,5,5.77E-05
2021,3,4,2,1,5,8.35E-05
2021,3,4,3,1,5,1.63E-05
2021,3,4,4,16,5,3.74E-06
2021,3,4,4,1,5,7.21E-05
2021,3,4,5,16,5,1.01E-07
2021,3,4,5,1,5,2.09E-05
2021,3,4,6,1,5,0.000110262
2021,3,4,7,3,5,3.42E-06
2021,3,4,9,16,5,5.88E-05
2021,3,4,9,1,5,2.73E-05
2021,3,4,10,1,5,2.09E-06
2021,3,5,6,1,5,7.16E-05
2021,3,5,7,1,5,3.40E-05
2021,3,5,9,1,5,2.05E-05
2021,3,5,11,1,5,4.23E-05
2021,3,5,1,16,5,8.68E-06
2021,3,5,1,1,5,5.92E-05
2021,3,5,2,16,5,1.39E-05
2021,3,5,2,1,5,6.47E-05
2021,3,5,3,1,5,1.77E-05
2021,3,5,4,1,5,1.80E-05
2021,3,5,5,1,5,2.53E-05
2021,3,6,2,1,5,1.34E-06
2021,3,6,4,1,5,9.84E-06
2021,3,6,5,16,5,5.14E-08
2021,3,6,5,1,5,1.37E-05
2021,3,6,7,1,5,4.91E-05
2021,3,6,8,1,5,0.000163209
2021,3,6,9,1,5,2.14E-05
2021,3,6,11,1,5,0.000287873
2021,3,7,6,1,5,9.54E-05
2021,3,7,7,16,5,6.17E-05
2021,3,7,7,1,5,0.000110837
2021,3,7,8,1,5,0.000206966
2021,3,7,9,16,5,0.000174775
2021,3,7,9,1,5,0.000444692
2021,3,7,10,1,5,3.01E-05
2021,3,7,11,16,5,3.92E-06
2021,3,7,11,1,5,9.00E-06
2021,3,7,1,16,5,3.29E-05
2021,3,7,1,1,5,0.000325447
2021,3,7,2,1,5,4.88E-05
2021,3,7,3,1,5,8.89E-06
2021,3,7,4,16,5,3.19E-07
2021,3,7,4,1,5,1.15E-06
2021,3,8,6,1,5,0.000152289
2021,3,8,7,3,5,1.99E-06
2021,3,8,7,1,5,0.000349007
2021,3,8,8,1,5,0.000230349
2021,3,8,9,16,5,3.57E-05
2021,3,8,9,1,5,0.000292455
2021,3,8,10,1,5,0.000157697
2021,3,8,11,16,5,1.49E-05
2021,3,8,11,1,5,0.000651336
2021,3,8,1,1,5,6.84E-05
2021,3,8,2,1,5,2.37E-06
2021,3,8,3,1,5,5.48E-06
2021,3,8,4,16,5,9.89E-07
2021,3,8,4,1,5,1.49E-05
2021,3,8,5,1,5,2.82E-06
2021,4,1,3,1,5,1.02E-07
2021,4,1,5,1,5,1.96E-06
2021,4,1,8,1,5,7.28E-05
2021,4,1,9,1,5,5.35E-05
2021,4,1,11,1,5,3.14E-06
2021,4,2,1,1,5,9.61E-06
2021,4,2,3,1,5,2.12E-06
2021,4,2,4,1,5,6.84E-06
2021,4,2,5,1,5,2.84E-06
2021,4,2,6,1,5,0.000244146
2021,4,2,7,3,5,0.000242891
2021,4,2,7,16,5,3.57E-07
2021,4,2,7,1,5,0.000205283
2021,4,2,8,3,5,3.21E-06
2021,4,2,8,1,5,0.000433275
2021,4,2,9,1,5,6.21E-05
2021,4,2,11,3,5,7.37E-08
2021,4,2,11,16,5,3.19E-05
2021,4,2,11,1,5,0.000241558
2021,4,3,6,1,5,3.84E-05
2021,4,3,7,3,5,3.17E-06
2021,4,3,7,1,5,3.19E-05
2021,4,3,9,1,5,3.02E-05
2021,4,3,10,1,5,1.45E-06
2021,4,3,1,1,5,4.08E-05
2021,4,3,2,16,5,5.03E-06
2021,4,3,2,1,5,4.10E-05
2021,4,3,3,1,5,1.09E-05
2021,4,3,4,16,5,2.56E-07
2021,4,3,4,1,5,1.21E-05
2021,4,3,5,1,5,1.10E-06
2021,4,4,1,16,5,5.18E-08
2021,4,4,1,1,5,0.000170587
2021,4,4,2,16,5,1.88E-05
2021,4,4,2,1,5,4.54E-05
2021,4,4,3,1,5,4.29E-06
2021,4,4,4,16,5,1.49E-06
2021,4,4,4,1,5,1.81E-05
2021,4,4,5,16,5,5.13E-08
2021,4,4,5,1,5,4.64E-06
2021,4,4,6,1,5,6.79E-05
2021,4,4,7,3,5,4.54E-06
2021,4,4,9,16,5,3.17E-05
2021,4,4,9,1,5,8.53E-06
2021,4,4,10,1,5,2.09E-07
2021,4,5,6,1,5,3.00E-05
2021,4,5,7,1,5,4.17E-06
2021,4,5,9,1,5,1.66E-05
2021,4,5,11,1,5,1.29E-05
2021,4,5,1,16,5,1.44E-06
2021,4,5,1,1,5,3.57E-05
2021,4,5,2,16,5,1.33E-06
2021,4,5,2,1,5,1.54E-05
2021,4,5,3,1,5,4.21E-06
2021,4,5,4,1,5,1.94E-06
2021,4,5,5,1,5,4.99E-06
2021,4,6,2,1,5,5.13E-07
2021,4,6,4,1,5,3.26E-06
2021,4,6,5,16,5,5.14E-08
2021,4,6,5,1,5,4.93E-06
2021,4,6,7,1,5,2.34E-05
2021,4,6,8,1,5,0.000107022
2021,4,6,9,1,5,1.30E-05
2021,4,6,11,1,5,0.00016502
2021,4,7,6,1,5,3.54E-05
2021,4,7,7,16,5,1.65E-05
2021,4,7,7,1,5,6.21E-05
2021,4,7,8,1,5,0.000101581
2021,4,7,9,16,5,4.16E-05
2021,4,7,9,1,5,0.000190729
2021,4,7,10,1,5,7.76E-06
2021,4,7,11,16,5,9.45E-07
2021,4,7,11,1,5,2.33E-06
2021,4,7,1,16,5,8.10E-06
2021,4,7,1,1,5,0.000161156
2021,4,7,2,1,5,1.92E-05
2021,4,7,3,1,5,7.67E-07
2021,4,7,4,16,5,7.69E-08
2021,4,7,4,1,5,2.97E-07
2021,4,8,6,1,5,7.38E-05
2021,4,8,7,3,5,1.79E-06
2021,4,8,7,1,5,8.42E-05
2021,4,8,8,1,5,9.39E-05
2021,4,8,9,16,5,1.88E-05
2021,4,8,9,1,5,0.000106187
2021,4,8,10,1,5,5.36E-05
2021,4,8,11,16,5,4.21E-06
2021,4,8,11,1,5,0.000221202
2021,4,8,1,1,5,3.02E-05
2021,4,8,2,1,5,4.75E-07
2021,4,8,3,1,5,1.20E-06
2021,4,8,4,16,5,2.47E-07
2021,4,8,4,1,5,4.57E-06
2021,4,8,5,1,5,7.00E-07
2021,5,1,3,1,5,9.08E-07
2021,5,1,5,1,5,1.73E-05
2021,5,1,8,1,5,0.000261263
2021,5,1,9,1,5,0.000243288
2021,5,1,11,1,5,2.62E-06
2021,5,2,1,1,5,2.23E-05
2021,5,2,2,1,5,5.32E-08
2021,5,2,3,1,5,8.30E-06
2021,5,2,4,1,5,3.24E-05
2021,5,2,5,16,5,0.0000001
2021,5,2,5,1,5,1.34E-05
2021,5,2,6,1,5,0.000385922
2021,5,2,7,3,5,0.000616084
2021,5,2,7,16,5,6.99E-06
2021,5,2,7,1,5,0.000455105
2021,5,2,8,3,5,3.35E-06
2021,5,2,8,1,5,0.00065313
2021,5,2,9,1,5,0.000220098
2021,5,2,11,3,5,5.70E-08
2021,5,2,11,16,5,5.91E-05
2021,5,2,11,1,5,0.000276308
2021,5,3,6,1,5,0.000103601
2021,5,3,7,3,5,1.03E-05
2021,5,3,7,1,5,0.000134442
2021,5,3,9,1,5,0.00019812
2021,5,3,10,1,5,7.21E-06
2021,5,3,1,1,5,7.29E-05
2021,5,3,2,16,5,1.60E-05
2021,5,3,2,1,5,0.000192928
2021,5,3,3,1,5,2.61E-05
2021,5,3,4,16,5,8.72E-07
2021,5,3,4,1,5,5.42E-05
2021,5,3,5,1,5,1.13E-05
2021,5,4,1,16,5,3.10E-07
2021,5,4,1,1,5,0.000350731
2021,5,4,2,16,5,6.61E-05
2021,5,4,2,1,5,0.000135474
2021,5,4,3,1,5,9.80E-06
2021,5,4,4,16,5,4.11E-06
2021,5,4,4,1,5,8.52E-05
2021,5,4,5,16,5,5.13E-08
2021,5,4,5,1,5,2.48E-05
2021,5,4,6,1,5,6.73E-05
2021,5,4,7,3,5,2.08E-06
2021,5,4,9,16,5,6.06E-05
2021,5,4,9,1,5,3.60E-05
2021,5,4,10,1,5,2.40E-06
2021,5,5,6,1,5,6.22E-05
2021,5,5,7,1,5,8.77E-06
2021,5,5,9,1,5,5.00E-05
2021,5,5,11,1,5,3.59E-05
2021,5,5,1,16,5,5.49E-06
2021,5,5,1,1,5,7.40E-05
2021,5,5,2,16,5,5.68E-06
2021,5,5,2,1,5,6.17E-05
2021,5,5,3,1,5,1.78E-05
2021,5,5,4,1,5,1.16E-05
2021,5,5,5,1,5,4.22E-05
2021,5,6,2,1,5,2.21E-06
2021,5,6,4,1,5,1.25E-05
2021,5,6,5,16,5,2.06E-07
2021,5,6,5,1,5,1.94E-05
2021,5,6,7,1,5,4.69E-05
2021,5,6,8,1,5,0.000218526
2021,5,6,9,1,5,4.66E-05
2021,5,6,11,1,5,0.000349948
2021,5,7,6,1,5,3.57E-05
2021,5,7,7,16,5,4.02E-05
2021,5,7,7,1,5,6.34E-05
2021,5,7,8,1,5,9.66E-05
2021,5,7,9,16,5,0.000105128
2021,5,7,9,1,5,0.000269393
2021,5,7,10,1,5,1.48E-05
2021,5,7,11,16,5,4.91E-06
2021,5,7,11,1,5,4.30E-06
2021,5,7,1,16,5,4.44E-05
2021,5,7,1,1,5,0.000486463
2021,5,7,2,1,5,0.000142134
2021,5,7,3,1,5,2.56E-06
2021,5,7,4,16,5,4.00E-07
2021,5,7,4,1,5,2.59E-05
2021,5,8,6,1,5,0.000106711
2021,5,8,7,3,5,7.97E-06
2021,5,8,7,1,5,0.00014813
2021,5,8,8,1,5,0.000108669
2021,5,8,9,16,5,4.87E-05
2021,5,8,9,1,5,0.000268274
2021,5,8,10,1,5,0.000110452
2021,5,8,11,16,5,1.34E-05
2021,5,8,11,1,5,0.000684816
2021,5,8,1,1,5,7.51E-05
2021,5,8,2,1,5,1.88E-05
2021,5,8,3,1,5,3.63E-05
2021,5,8,4,16,5,1.08E-06
2021,5,8,4,1,5,8.62E-05
2021,5,8,5,1,5,5.76E-06
2021,6,1,5,1,5,1.95E-06
2021,6,1,8,1,5,7.59E-05
2021,6,1,9,1,5,6.50E-05
2021,6,1,11,1,5,7.94E-07
2021,6,2,1,1,5,8.74E-06
2021,6,2,3,1,5,8.88E-07
2021,6,2,4,1,5,5.90E-06
2021,6,2,5,1,5,1.95E-06
2021,6,2,6,1,5,0.000130385
2021,6,2,7,3,5,0.000216276
2021,6,2,7,16,5,1.38E-06
2021,6,2,7,1,5,0.000116968
2021,6,2,8,3,5,1.77E-06
2021,6,2,8,1,5,0.000275885
2021,6,2,9,1,5,7.04E-05
2021,6,2,11,3,5,2.46E-08
2021,6,2,11,16,5,1.39E-05
2021,6,2,11,1,5,0.000100901
2021,6,3,6,1,5,2.27E-05
2021,6,3,7,3,5,1.99E-06
2021,6,3,7,1,5,2.45E-05
2021,6,3,9,1,5,3.37E-05
2021,6,3,10,1,5,8.94E-07
2021,6,3,1,1,5,2.90E-05
2021,6,3,2,16,5,3.25E-06
2021,6,3,2,1,5,3.13E-05
2021,6,3,3,1,5,4.20E-06
2021,6,3,4,16,5,1.03E-07
2021,6,3,4,1,5,7.29E-06
2021,6,3,5,1,5,7.88E-07
2021,6,4,1,16,5,5.18E-08
2021,6,4,1,1,5,0.000152409
2021,6,4,2,16,5,2.11E-05
2021,6,4,2,1,5,3.98E-05
2021,6,4,3,1,5,2.59E-06
2021,6,4,4,16,5,9.23E-07
2021,6,4,4,1,5,1.52E-05
2021,6,4,5,16,5,5.13E-08
2021,6,4,5,1,5,3.93E-06
2021,6,4,6,1,5,2.05E-05
2021,6,4,7,3,5,1.12E-06
2021,6,4,9,16,5,1.61E-05
2021,6,4,9,1,5,8.24E-06
2021,6,4,10,1,5,2.09E-07
2021,6,5,6,1,5,1.57E-05
2021,6,5,7,1,5,4.13E-06
2021,6,5,9,1,5,1.18E-05
2021,6,5,11,1,5,9.68E-06
2021,6,5,1,16,5,1.29E-06
2021,6,5,1,1,5,3.59E-05
2021,6,5,2,16,5,9.22E-07
2021,6,5,2,1,5,1.21E-05
2021,6,5,3,1,5,2.33E-06
2021,6,5,4,1,5,2.88E-06
2021,6,5,5,1,5,5.27E-06
2021,6,6,2,1,5,5.64E-07
2021,6,6,4,1,5,1.95E-06
2021,6,6,5,1,5,2.28E-06
2021,6,6,7,1,5,1.44E-05
2021,6,6,8,1,5,7.72E-05
2021,6,6,9,1,5,1.41E-05
2021,6,6,11,1,5,9.68E-05
2021,6,7,6,1,5,9.26E-06
2021,6,7,7,16,5,7.13E-06
2021,6,7,7,1,5,1.42E-05
2021,6,7,8,1,5,3.12E-05
2021,6,7,9,16,5,3.06E-05
2021,6,7,9,1,5,8.21E-05
2021,6,7,10,1,5,5.30E-06
2021,6,7,11,16,5,1.04E-06
2021,6,7,11,1,5,1.51E-07
2021,6,7,1,16,5,1.04E-05
2021,6,7,1,1,5,0.000160642
2021,6,7,2,1,5,3.91E-05
2021,6,7,3,1,5,1.79E-06
2021,6,7,4,16,5,8.45E-08
2021,6,7,4,1,5,3.39E-06
2021,6,8,6,1,5,2.71E-05
2021,6,8,7,3,5,4.88E-06
2021,6,8,7,1,5,4.38E-05
2021,6,8,8,1,5,5.03E-05
2021,6,8,9,16,5,1.27E-05
2021,6,8,9,1,5,7.05E-05
2021,6,8,10,1,5,1.83E-05
2021,6,8,11,16,5,2.23E-06
2021,6,8,11,1,5,0.000131942
2021,6,8,1,1,5,3.01E-05
2021,6,8,2,1,5,4.03E-06
2021,6,8,3,1,5,4.82E-06
2021,6,8,4,16,5,1.96E-07
2021,6,8,4,1,5,1.76E-05
2021,6,8,5,1,5,2.54E-07
2021,7,1,3,1,5,6.61E-08
2021,7,1,5,1,5,5.97E-06
2021,7,1,8,1,5,0.000120087
2021,7,1,9,1,5,0.000139399
2021,7,1,11,1,5,1.27E-06
2021,7,2,1,1,5,3.18E-05
2021,7,2,2,1,5,1.06E-07
2021,7,2,3,1,5,4.80E-06
2021,7,2,4,1,5,1.87E-05
2021,7,2,5,16,5,0.00000015
2021,7,2,5,1,5,6.57E-06
2021,7,2,6,1,5,0.000298144
2021,7,2,7,3,5,0.00054331
2021,7,2,7,16,5,3.88E-06
2021,7,2,7,1,5,0.000316907
2021,7,2,8,3,5,3.27E-06
2021,7,2,8,1,5,0.000557412
2021,7,2,9,1,5,0.000140393
2021,7,2,11,3,5,4.43E-08
2021,7,2,11,16,5,4.71E-05
2021,7,2,11,1,5,0.000247289
2021,7,3,6,1,5,4.59E-05
2021,7,3,7,3,5,3.76E-06
2021,7,3,7,1,5,4.65E-05
2021,7,3,9,1,5,4.02E-05
2021,7,3,10,1,5,3.32E-06
2021,7,3,1,1,5,5.44E-05
2021,7,3,2,16,5,8.27E-06
2021,7,3,2,1,5,0.000106823
2021,7,3,3,1,5,1.87E-05
2021,7,3,4,16,5,1.54E-07
2021,7,3,4,1,5,2.58E-05
2021,7,3,5,1,5,4.18E-06
2021,7,4,1,16,5,6.21E-07
2021,7,4,1,1,5,0.000270076
2021,7,4,2,16,5,3.42E-05
2021,7,4,2,1,5,9.65E-05
2021,7,4,3,1,5,7.59E-06
2021,7,4,4,16,5,2.36E-06
2021,7,4,4,1,5,5.74E-05
2021,7,4,5,16,5,0.0000001
2021,7,4,5,1,5,1.16E-05
2021,7,4,6,1,5,4.65E-05
2021,7,4,7,3,5,2.90E-06
2021,7,4,9,16,5,3.95E-05
2021,7,4,9,1,5,9.36E-06
2021,7,4,10,1,5,1.04E-06
2021,7,5,6,1,5,4.14E-05
2021,7,5,7,1,5,9.77E-06
2021,7,5,9,1,5,3.66E-05
2021,7,5,11,1,5,2.94E-05
2021,7,5,1,16,5,1.87E-06
2021,7,5,1,1,5,6.68E-05
2021,7,5,2,16,5,2.77E-06
2021,7,5,2,1,5,2.68E-05
2021,7,5,3,1,5,4.02E-06
2021,7,5,4,1,5,1.05E-05
2021,7,5,5,1,5,1.84E-05
2021,7,6,2,1,5,1.39E-06
2021,7,6,4,1,5,7.07E-06
2021,7,6,5,16,5,5.14E-08
2021,7,6,5,1,5,7.12E-06
2021,7,6,7,1,5,4.78E-05
2021,7,6,8,1,5,0.000180946
2021,7,6,9,1,5,3.51E-05
2021,7,6,11,1,5,0.00022807
2021,7,7,6,1,5,4.75E-05
2021,7,7,7,16,5,1.08E-05
2021,7,7,7,1,5,2.27E-05
2021,7,7,8,1,5,5.16E-05
2021,7,7,9,16,5,6.02E-05
2021,7,7,9,1,5,0.000139804
2021,7,7,10,1,5,4.10E-05
2021,7,7,11,16,5,1.51E-06
2021,7,7,11,1,5,2.02E-06
2021,7,7,1,16,5,2.41E-05
2021,7,7,1,1,5,0.000340399
2021,7,7,2,1,5,0.000100216
2021,7,7,3,1,5,2.25E-06
2021,7,7,4,16,5,1.23E-07
2021,7,7,4,1,5,1.96E-05
2021,7,8,6,1,5,0.000112218
2021,7,8,7,3,5,2.20E-06
2021,7,8,7,1,5,9.23E-05
2021,7,8,8,1,5,8.45E-05
2021,7,8,9,16,5,2.18E-05
2021,7,8,9,1,5,0.000121554
2021,7,8,10,1,5,7.12E-05
2021,7,8,11,16,5,6.16E-06
2021,7,8,11,1,5,0.000375422
2021,7,8,1,1,5,6.34E-05
2021,7,8,2,1,5,9.31E-06
2021,7,8,3,1,5,1.96E-05
2021,7,8,4,16,5,5.54E-07
2021,7,8,4,1,5,6.07E-05
2021,7,8,5,1,5,1.32E-06
2021,8,1,3,1,5,5.44E-07
2021,8,1,5,1,5,1.16E-05
2021,8,1,8,1,5,8.17E-05
2021,8,1,9,1,5,0.000112525
2021,8,1,11,1,5,1.20E-06
2021,8,2,1,1,5,1.13E-05
2021,8,2,3,1,5,2.70E-06
2021,8,2,4,1,5,1.52E-05
2021,8,2,5,16,5,0.0000001
2021,8,2,5,1,5,1.05E-05
2021,8,2,6,1,5,0.000185706
2021,8,2,7,3,5,0.000188886
2021,8,2,7,16,5,2.91E-06
2021,8,2,7,1,5,0.000215065
2021,8,2,8,3,5,1.53E-06
2021,8,2,8,1,5,0.000274988
2021,8,2,9,1,5,0.000101554
2021,8,2,11,3,5,1.92E-08
2021,8,2,11,16,5,4.16E-05
2021,8,2,11,1,5,0.000219167
2021,8,3,6,1,5,3.77E-05
2021,8,3,7,3,5,2.58E-06
2021,8,3,7,1,5,3.35E-05
2021,8,3,9,1,5,5.09E-05
2021,8,3,10,1,5,2.92E-06
2021,8,3,1,1,5,2.83E-05
2021,8,3,2,16,5,9.81E-06
2021,8,3,2,1,5,4.21E-05
2021,8,3,3,1,5,1.65E-05
2021,8,3,4,16,5,5.13E-08
2021,8,3,4,1,5,2.16E-05
2021,8,3,5,1,5,4.15E-06
2021,8,4,1,16,5,4.65E-07
2021,8,4,1,1,5,0.000120368
2021,8,4,2,16,5,2.60E-05
2021,8,4,2,1,5,4.62E-05
2021,8,4,3,1,5,4.51E-06
2021,8,4,4,16,5,2.00E-06
2021,8,4,4,1,5,2.13E-05
2021,8,4,5,1,5,1.28E-05
2021,8,4,6,1,5,2.27E-05
2021,8,4,7,3,5,8.93E-07
2021,8,4,9,16,5,3.08E-05
2021,8,4,9,1,5,6.37E-06
2021,8,4,10,1,5,1.57E-06
2021,8,5,6,1,5,4.75E-05
2021,8,5,7,1,5,6.72E-06
2021,8,5,9,1,5,3.69E-05
2021,8,5,11,1,5,3.46E-05
2021,8,5,1,16,5,1.24E-05
2021,8,5,1,1,5,3.43E-05
2021,8,5,2,16,5,1.74E-06
2021,8,5,2,1,5,1.86E-05
2021,8,5,3,1,5,6.94E-06
2021,8,5,4,1,5,6.09E-06
2021,8,5,5,1,5,1.36E-05
2021,8,6,2,1,5,2.21E-06
2021,8,6,4,1,5,9.61E-06
2021,8,6,5,16,5,1.54E-07
2021,8,6,5,1,5,3.09E-05
2021,8,6,7,1,5,2.03E-05
2021,8,6,8,1,5,7.91E-05
2021,8,6,9,1,5,1.29E-05
2021,8,6,11,1,5,0.000152881
2021,8,7,6,1,5,4.42E-05
2021,8,7,7,16,5,1.80E-05
2021,8,7,7,1,5,4.16E-05
2021,8,7,8,1,5,9.47E-05
2021,8,7,9,16,5,6.14E-05
2021,8,7,9,1,5,0.000199791
2021,8,7,10,1,5,6.83E-06
2021,8,7,11,16,5,2.74E-06
2021,8,7,11,1,5,1.87E-06
2021,8,7,1,16,5,1.10E-05
2021,8,7,1,1,5,0.000132846
2021,8,7,2,1,5,3.51E-05
2021,8,7,3,1,5,1.07E-06
2021,8,7,4,16,5,2.23E-07
2021,8,7,4,1,5,5.65E-06
2021,8,8,6,1,5,7.38E-05
2021,8,8,7,3,5,1.79E-06
2021,8,8,7,1,5,7.07E-05
2021,8,8,8,1,5,5.65E-05
2021,8,8,9,16,5,2.32E-05
2021,8,8,9,1,5,0.000104066
2021,8,8,10,1,5,4.71E-05
2021,8,8,11,16,5,9.07E-06
2021,8,8,11,1,5,0.000250797
2021,8,8,1,1,5,2.32E-05
2021,8,8,2,1,5,3.16E-06
2021,8,8,3,1,5,7.64E-06
2021,8,8,4,16,5,1.16E-06
2021,8,8,4,1,5,1.61E-05
2021,8,8,5,1,5,5.93E-06
2021,9,1,3,1,5,4.98E-07
2021,9,1,5,1,5,1.56E-05
2021,9,1,8,1,5,0.000122044
2021,9,1,9,1,5,0.000188865
2021,9,1,11,1,5,1.28E-06
2021,9,2,1,1,5,1.18E-05
2021,9,2,3,1,5,1.16E-05
2021,9,2,4,1,5,2.98E-05
2021,9,2,5,1,5,1.21E-05
2021,9,2,6,1,5,0.000159722
2021,9,2,7,3,5,0.000219483
2021,9,2,7,16,5,7.24E-06
2021,9,2,7,1,5,0.000314229
2021,9,2,8,3,5,1.46E-06
2021,9,2,8,1,5,0.000287648
2021,9,2,9,1,5,0.000105356
2021,9,2,11,3,5,2.72E-08
2021,9,2,11,16,5,4.15E-05
2021,9,2,11,1,5,0.000170078
2021,9,3,6,1,5,4.91E-05
2021,9,3,7,3,5,5.46E-06
2021,9,3,7,1,5,7.36E-05
2021,9,3,9,1,5,7.24E-05
2021,9,3,10,1,5,1.21E-05
2021,9,3,1,1,5,2.93E-05
2021,9,3,2,16,5,3.02E-05
2021,9,3,2,1,5,0.000103608
2021,9,3,3,1,5,4.43E-05
2021,9,3,4,16,5,8.21E-07
2021,9,3,4,1,5,9.40E-05
2021,9,3,5,1,5,9.54E-06
2021,9,4,1,16,5,5.69E-07
2021,9,4,1,1,5,0.000134344
2021,9,4,2,16,5,7.76E-05
2021,9,4,2,1,5,8.25E-05
2021,9,4,3,1,5,1.60E-05
2021,9,4,4,16,5,6.17E-06
2021,9,4,4,1,5,7.24E-05
2021,9,4,5,16,5,4.53E-07
2021,9,4,5,1,5,2.51E-05
2021,9,4,6,1,5,2.19E-05
2021,9,4,7,3,5,2.37E-06
2021,9,4,9,16,5,7.26E-05
2021,9,4,9,1,5,1.88E-05
2021,9,4,10,1,5,4.38E-06
2021,9,5,6,1,5,4.94E-05
2021,9,5,7,1,5,6.39E-06
2021,9,5,9,1,5,3.51E-05
2021,9,5,11,1,5,2.43E-05
2021,9,5,1,16,5,4.29E-06
2021,9,5,1,1,5,3.94E-05
2021,9,5,2,16,5,1.06E-05
2021,9,5,2,1,5,4.01E-05
2021,9,5,3,1,5,2.38E-05
2021,9,5,4,1,5,9.14E-06
2021,9,5,5,1,5,4.42E-05
2021,9,6,2,1,5,2.25E-06
2021,9,6,4,1,5,9.66E-06
2021,9,6,5,16,5,1.03E-07
2021,9,6,5,1,5,1.24E-05
2021,9,6,7,1,5,1.49E-05
2021,9,6,8,1,5,8.65E-05
2021,9,6,9,1,5,2.20E-05
2021,9,6,11,1,5,0.000189207
2021,9,7,6,1,5,2.55E-05
2021,9,7,7,16,5,2.70E-05
2021,9,7,7,1,5,3.18E-05
2021,9,7,8,1,5,6.86E-05
2021,9,7,9,16,5,9.99E-05
2021,9,7,9,1,5,0.00025612
2021,9,7,10,1,5,1.35E-05
2021,9,7,11,16,5,1.37E-05
2021,9,7,11,1,5,2.41E-06
2021,9,7,1,16,5,2.26E-05
2021,9,7,1,1,5,0.000175296
2021,9,7,2,1,5,9.40E-05
2021,9,7,3,1,5,1.58E-06
2021,9,7,4,16,5,1.11E-06
2021,9,7,4,1,5,1.98E-05
2021,9,8,6,1,5,5.18E-05
2021,9,8,7,3,5,1.10E-06
2021,9,8,7,1,5,7.22E-05
2021,9,8,8,1,5,4.95E-05
2021,9,8,9,16,5,3.57E-05
2021,9,8,9,1,5,0.000158405
2021,9,8,10,1,5,0.000129382
2021,9,8,11,16,5,2.69E-05
2021,9,8,11,1,5,0.000515038
2021,9,8,1,1,5,2.82E-05
2021,9,8,2,1,5,1.36E-05
2021,9,8,3,1,5,4.14E-05
2021,9,8,4,16,5,2.98E-06
2021,9,8,4,1,5,5.67E-05
2021,9,8,5,1,5,4.85E-06
