Sector,Intercept,Mt Belvieu,Lag
Residential,1.04782,0.29378,0.56062
Commercial,1.83742,0.50951,0.19349
Industrial,0.53681,0.73455,0.20602
Transportation,2.13696,0.4954,0.13097
