Sector,Intercept,Mt Belvieu,Lag
Residential,0.99458,0.28422,0.57782
Commercial,1.77322,0.50739,0.20827
Industrial,0.59228,0.77394,0.16039
Transportation,2.077956,0.49622,0.14302
