,supply_source,node_i_id,node_i_hsm_region,node_i_census_region,node_i_census_division,i_latitude,i_longitude,node_i_type,FmnID,node_j_id,state,area_mi2,j_longitude,j_latitude,rrc,node_j_hsm_region,node_j_census_division,node_j_census_region,storage_aors_existing,node_id,route_id,pipeline_type,node_j_type,operational_status,field_name,existing_throughput_tonnes,pipe_cost_region,pipeline_miles,Region,average_electricity,pipe_segment,pipe_capex_intercept,pipe_capex_slope,min_throughput_tonnes,max_throughput_tonnes
0,St Marys Cement INC,f1005629,1.0,2,3,45.3164,-85.2948,cement,St. Peter7,s199,MI,2100.0,-84.296,45.3721,0.0,1,3,2,0.0,s199,f1005629 - s199,source_to_storage,storage,N,,,GL,5.0,GL,0.0,s1,0,1.0649,0,50000000.0
1,BECKVILLE GAS PROCESSING PLANT,f1012062,2.0,3,7,32.2356,-94.4861,ng_processing,Paluxy3,s164,TX,11534.0,-95.243,32.3169,6.0,2,7,3,0.0,s164,f1012062 - s164,source_to_storage,storage,N,,,SWCA,5.0,SWCA,0.0,s1,0,0.9515,0,50000000.0
2,facility_pp_natgas_1943,fc1943_cluster,,1,2,40.3855,-79.806,pp_natgas,Rose Run3,s186,PA,8201.0,-78.8689,40.9262,0.0,1,2,1,0.0,s186,fc1943_cluster - s186,source_to_storage,storage,N,,,MA,5.0,MA,0.0,s1,0,1.1776,0,50000000.0
3,HOLCIM (US) INC. D/B/A LAFARGE ALPENA,f1005874,1.0,2,3,45.0722,-83.4048,cement,St. Peter7,s199,MI,2100.0,-84.296,45.3721,0.0,1,3,2,0.0,s199,f1005874 - s199,source_to_storage,storage,N,,,GL,5.0,GL,0.0,s1,0,1.0649,0,50000000.0
4,RIVER CEMENT COMPANY DBA BUZZI UNICEM USA,f1003002,3.0,2,4,38.1804,-90.3366,cement,Mount Simon3,s136,IL,20633.0,-89.239,39.9199,0.0,1,3,2,0.0,s136,f1003002 - s136,source_to_storage,storage,N,,,GP,5.0,GP,0.0,s1,0,0.7074,0,50000000.0
5,Holcim (US) INC JOPPA PLANT,f1000243,1.0,2,3,37.2168,-88.8798,cement,Knox1,s92,IL,10500.0,-88.8089,38.8847,0.0,1,3,2,0.0,s92,f1000243 - s92,source_to_storage,storage,N,,,GL,5.0,GL,0.0,s1,0,1.0649,0,50000000.0
6,facility_beccs_2018,fc2018_cluster,,2,3,42.0372,-86.5322,beccs,Mount Simon7,s140,MI,5446.0,-85.7774,42.2856,0.0,1,3,2,0.0,s140,fc2018_cluster - s140,source_to_storage,storage,N,,,GL,5.0,GL,0.0,s1,0,1.0649,0,50000000.0
7,facility_ammonia_2009,fc2009_cluster,,3,3,42.0372,-86.5322,ammonia,Mount Simon7,s140,MI,5446.0,-85.7774,42.2856,0.0,1,3,2,0.0,s140,fc2009_cluster - s140,source_to_storage,storage,N,,,GL,5.0,GL,0.0,s1,0,1.0649,0,50000000.0
8,HOLCIM (US) INC STE GENEVIEVE PLANT,f1007563,3.0,2,4,38.1099,-90.2579,cement,Mount Simon3,s136,IL,20633.0,-89.239,39.9199,0.0,1,3,2,0.0,s136,f1007563 - s136,source_to_storage,storage,N,,,GP,5.0,GP,0.0,s1,0,0.7074,0,50000000.0
9,THE ANDERSONS MARATHON HOLDINGS LLC MI,f1007933,1.0,2,3,42.2596,-84.7897,ethanol,Mount Simon7,s140,MI,5446.0,-85.7774,42.2856,0.0,1,3,2,0.0,s140,f1007933 - s140,source_to_storage,storage,N,,,GL,5.0,GL,0.0,s1,0,1.0649,0,50000000.0
10,facility_pp_natgas_1976,fc1976_cluster,,2,3,38.573,-82.783,pp_natgas,Mount Simon11,s144,KY,10350.0,-84.5965,38.2913,0.0,1,6,3,0.0,s144,fc1976_cluster - s144,source_to_storage,storage,N,,,GL,5.0,GL,0.0,s1,0,1.0649,0,50000000.0
11,Holcim (US) Inc,f1004810,2.0,3,6,30.5349,-88.1121,cement,Lower Tuscaloosa2,s102,AL,2571.0,-87.9806,30.7369,0.0,2,6,3,0.0,s102,f1004810 - s102,source_to_storage,storage,N,,,SE,5.0,SE,0.0,s1,0,0.9893,0,50000000.0
12,Green Plains Mount Vernon LLC,f1003377,1.0,2,3,37.9098,-87.7265,ethanol,Knox4,s95,IN,1275.0,-87.6386,38.0852,0.0,1,3,2,0.0,s95,f1003377 - s95,source_to_storage,storage,N,,,GL,5.0,GL,0.0,s1,0,1.0649,0,50000000.0
13,Green Plains Mount Vernon LLC,f1003377,1.0,2,3,37.9098,-87.7265,ethanol,Knox6,s97,KY,1700.0,-87.624,37.5415,0.0,1,6,3,0.0,s97,f1003377 - s97,source_to_storage,storage,N,,,GL,5.0,GL,0.0,s1,0,1.0649,0,50000000.0
14,,ts50,4.0,4,8,36.9785,-108.1461,operational_ts_node,Mesaverde2,s120,NM,8455.0,-107.6517,36.3633,4.0,4,8,4,0.0,s120,ts50 - s120,ts_node_to_storage,storage,N,,,RM,5.0,RM,0.0,s1,0,0.7074,0,50000000.0
15,,ts50,4.0,4,8,36.9785,-108.1461,operational_ts_node,Mesaverde1,s119,CO,2024.0,-107.7899,37.1892,0.0,5,8,4,0.0,s119,ts50 - s119,ts_node_to_storage,storage,N,,,RM,5.0,RM,0.0,s1,0,0.7074,0,50000000.0
16,Green Plains Madison LLC,f1005170,1.0,2,3,38.68,-90.1719,ethanol,Mount Simon3,s136,IL,20633.0,-89.239,39.9199,0.0,1,3,2,0.0,s136,f1005170 - s136,source_to_storage,storage,N,,,GL,5.0,GL,0.0,s1,0,1.0649,0,50000000.0
17,,ts31,1.0,3,6,38.0578,-85.4315,uniform_ts_node,Mount Simon11,s144,KY,10350.0,-84.5965,38.2913,0.0,1,6,3,0.0,s144,ts31 - s144,ts_node_to_storage,storage,N,,,SE,5.0,SE,0.0,s1,0,0.9893,0,50000000.0
18,,ts56,5.0,4,8,43.6569,-106.2405,operational_ts_node,Minnelusa1,s122,WY,9960.0,-105.7231,43.9693,0.0,5,8,4,0.0,s122,ts56 - s122,ts_node_to_storage,storage,N,,,RM,5.0,RM,0.0,s1,0,0.7074,0,50000000.0
19,"GCC RIO GRANDE, INC. TIJERAS PLANT",f1009018,4.0,4,8,35.0713,-106.3923,cement,Glorieta1,s88,NM,1834.0,-106.3594,35.3315,4.0,4,8,4,0.0,s88,f1009018 - s88,source_to_storage,storage,N,,,RM,5.0,RM,0.0,s1,0,0.7074,0,50000000.0
20,KOSMOS CEMENT CO,f1007997,1.0,3,6,38.0347,-85.906,cement,Mount Simon11,s144,KY,10350.0,-84.5965,38.2913,0.0,1,6,3,0.0,s144,f1007997 - s144,source_to_storage,storage,N,,,SE,5.0,SE,0.0,s1,0,0.9893,0,50000000.0
21,KOSMOS CEMENT CO,f1007997,1.0,3,6,38.0347,-85.906,cement,Mount Simon6,s139,IN,29370.0,-86.0531,40.2057,0.0,1,3,2,0.0,s139,f1007997 - s139,source_to_storage,storage,N,,,SE,5.0,SE,0.0,s1,0,0.9893,0,50000000.0
22,_agg_nonop_ng_processing7,f_agg_nonop_ng_processing7,4.0,3,7,31.3445,-96.2344,ng_processing,Paluxy3,s164,TX,11534.0,-95.243,32.3169,6.0,2,7,3,0.0,s164,f_agg_nonop_ng_processing7 - s164,source_to_storage,storage,N,,,SWCA,5.0,SWCA,0.0,s1,0,0.9515,0,50000000.0
23,"Valero Renewable Fuels Company, LLC d/b/a Valero Mt. Vernon Plant",f1006490,1.0,2,3,37.9336,-87.8734,ethanol,Knox6,s97,KY,1700.0,-87.624,37.5415,0.0,1,6,3,0.0,s97,f1006490 - s97,source_to_storage,storage,N,,,GL,5.0,GL,0.0,s1,0,1.0649,0,50000000.0
24,"Valero Renewable Fuels Company, LLC d/b/a Valero Mt. Vernon Plant",f1006490,1.0,2,3,37.9336,-87.8734,ethanol,Knox4,s95,IN,1275.0,-87.6386,38.0852,0.0,1,3,2,0.0,s95,f1006490 - s95,source_to_storage,storage,N,,,GL,5.0,GL,0.0,s1,0,1.0649,0,50000000.0
25,facility_beccs_2013,fc2013_cluster,,4,8,40.4534,-110.2953,beccs,Entrada2,s51,UT,10799.0,-110.4089,39.6458,0.0,5,8,4,0.0,s51,fc2013_cluster - s51,source_to_storage,storage,N,,,RM,5.0,RM,0.0,s1,0,0.7074,0,50000000.0
26,facility_ethanol_1913,fc1913_cluster,,2,8,40.4534,-110.2953,ethanol,Entrada2,s51,UT,10799.0,-110.4089,39.6458,0.0,5,8,4,0.0,s51,fc1913_cluster - s51,source_to_storage,storage,N,,,RM,5.0,RM,0.0,s1,0,0.7074,0,50000000.0
27,,ts50,4.0,4,8,36.9785,-108.1461,operational_ts_node,Hermosa1b,s91,CO,1466.0,-108.3301,37.164,0.0,5,8,4,0.0,s91,ts50 - s91,ts_node_to_storage,storage,N,,,RM,5.0,RM,0.0,s1,0,0.7074,0,50000000.0
28,,ts50,4.0,4,8,36.9785,-108.1461,operational_ts_node,Hermosa1a,s90,CO,1466.0,-108.3301,37.164,0.0,5,8,4,0.0,s90,ts50 - s90,ts_node_to_storage,storage,N,,,RM,5.0,RM,0.0,s1,0,0.7074,0,50000000.0
29,NACOGDOCHES AMINE AND DEHYDRATION PLANT,f1013396,2.0,3,7,31.4888,-94.6387,ng_processing,Paluxy3,s164,TX,11534.0,-95.243,32.3169,6.0,2,7,3,0.0,s164,f1013396 - s164,source_to_storage,storage,N,,,SWCA,5.0,SWCA,0.0,s1,0,0.9515,0,50000000.0
30,,ts27,1.0,2,3,38.321,-89.1261,uniform_ts_node,Mount Simon2,s135,IL,5957.0,-88.5947,39.0412,0.0,1,3,2,0.0,s135,ts27 - s135,ts_node_to_storage,storage,N,,,GL,5.0,GL,0.0,s1,0,1.0649,0,50000000.0
31,,ts50,4.0,4,8,36.9785,-108.1461,operational_ts_node,Dakota3,s38,CO,2904.0,-107.842,37.1965,0.0,5,8,4,0.0,s38,ts50 - s38,ts_node_to_storage,storage,N,,,RM,5.0,RM,0.0,s1,0,0.7074,0,50000000.0
32,,ts50,4.0,4,8,36.9785,-108.1461,operational_ts_node,Morrison2,s126,NM,8520.0,-107.6527,36.3681,4.0,4,8,4,0.0,s126,ts50 - s126,ts_node_to_storage,storage,N,,,RM,5.0,RM,0.0,s1,0,0.7074,0,50000000.0
33,,ts50,4.0,4,8,36.9785,-108.1461,operational_ts_node,Morrison1,s125,CO,1958.0,-107.7904,37.1956,0.0,5,8,4,0.0,s125,ts50 - s125,ts_node_to_storage,storage,N,,,RM,5.0,RM,0.0,s1,0,0.7074,0,50000000.0
34,facility_pp_natgas_1965,fc1965_cluster,,3,5,28.2118,-81.955,pp_natgas,Cedar Keys-Lawson1,s21,FL,5666.0,-81.2325,27.8396,0.0,2,5,3,0.0,s21,fc1965_cluster - s21,source_to_storage,storage,N,,,SE,5.0,SE,0.0,s1,0,0.9893,0,50000000.0
35,facility_pp_natgas_1965,fc1965_cluster,,3,5,28.2118,-81.955,pp_natgas,Cedar Keys-Lawson2,s22,FL,16981.0,-81.2459,26.7048,0.0,2,5,3,0.0,s22,fc1965_cluster - s22,source_to_storage,storage,N,,,SE,5.0,SE,0.0,s1,0,0.9893,0,50000000.0
36,FREEPORT LNG PRETREATMENT FACILITY,f1013753,2.0,3,7,28.9849,-95.3087,ng_processing,Frio8,s76,TX,1200.0,-95.0137,29.322,3.0,2,7,3,0.0,s76,f1013753 - s76,source_to_storage,storage,N,,,SWCA,5.0,SWCA,0.0,s1,0,0.9515,0,50000000.0
37,facility_pp_natgas_1974,fc1974_cluster,,2,3,40.4935,-81.1999,pp_natgas,,ts37,OH,,-81.1971,40.5228,0.0,1,3,2,,,fc1974_cluster - ts37,source_to_ts_node,uniform_ts_node,N,,,GL,5.0,GL,0.0,s1,0,1.0649,0,50000000.0
38,,ts50,4.0,4,8,36.9785,-108.1461,operational_ts_node,Entrada9,s58,NM,5705.0,-107.6036,36.5049,4.0,4,8,4,0.0,s58,ts50 - s58,ts_node_to_storage,storage,N,,,RM,5.0,RM,0.0,s1,0,0.7074,0,50000000.0
39,Oak Grove (TX)      ,fpp6180.0OG2  ,4.0,3,7,31.18,-96.487,pp_coal,Woodbine1,s228,TX,13575.0,-95.5742,31.6981,6.0,2,7,3,0.0,s228,fpp6180.0OG2   - s228,source_to_storage,storage,N,,,SWCA,5.0,SWCA,0.0,s1,0,0.9515,0,50000000.0
40,Oak Grove (TX)      ,fpp6180.0OG1  ,4.0,3,7,31.18,-96.487,pp_coal,Woodbine1,s228,TX,13575.0,-95.5742,31.6981,6.0,2,7,3,0.0,s228,fpp6180.0OG1   - s228,source_to_storage,storage,N,,,SWCA,5.0,SWCA,0.0,s1,0,0.9515,0,50000000.0
41,facility_pp_coal_1932,fc1932_cluster,,2,3,37.8836,-89.2386,pp_coal,Knox2,s93,IL,5560.0,-88.4987,38.1531,0.0,1,3,2,0.0,s93,fc1932_cluster - s93,source_to_storage,storage,N,,,GL,5.0,GL,0.0,s1,0,1.0649,0,50000000.0
42,facility_pp_coal_1932,fc1932_cluster,,2,3,37.8836,-89.2386,pp_coal,Knox1,s92,IL,10500.0,-88.8089,38.8847,0.0,1,3,2,0.0,s92,fc1932_cluster - s92,source_to_storage,storage,N,,,GL,5.0,GL,0.0,s1,0,1.0649,0,50000000.0
43,facility_beccs_2014,fc2014_cluster,,3,7,32.5438,-97.3902,beccs,,ts58,TX,,-97.3799,32.575,5.0,4,7,3,,,fc2014_cluster - ts58,source_to_ts_node,uniform_ts_node,N,,,SWCA,5.0,SWCA,0.0,s1,0,0.9515,0,50000000.0
44,CAMPO VIEJO GAS PROCESSING PLANT,f1013609,4.0,3,7,33.1499,-102.9912,ng_processing,Leonard2,s100,NM,9346.0,-103.619,32.9469,4.0,4,8,4,0.0,s100,f1013609 - s100,source_to_storage,storage,N,,,SWCA,5.0,SWCA,0.0,s1,0,0.9515,0,50000000.0
45,CAMPO VIEJO GAS PROCESSING PLANT,f1013609,4.0,3,7,33.1499,-102.9912,ng_processing,Seven Rivers2,s192,TX,51068.0,-102.4437,31.7932,8.0,4,7,3,0.0,s192,f1013609 - s192,source_to_storage,storage,N,,,SWCA,5.0,SWCA,0.0,s1,0,0.9515,0,50000000.0
46,CAMPO VIEJO GAS PROCESSING PLANT,f1013609,4.0,3,7,33.1499,-102.9912,ng_processing,Queen2,s171,NM,9346.0,-103.846,34.6309,4.0,4,8,4,0.0,s171,f1013609 - s171,source_to_storage,storage,N,,,SWCA,5.0,SWCA,0.0,s1,0,0.9515,0,50000000.0
47,CAMPO VIEJO GAS PROCESSING PLANT,f1013609,4.0,3,7,33.1499,-102.9912,ng_processing,Strawn1,s205,TX,51068.0,-102.444,31.7932,8.0,4,7,3,0.0,s205,f1013609 - s205,source_to_storage,storage,N,,,SWCA,5.0,SWCA,0.0,s1,0,0.9515,0,50000000.0
48,CAMPO VIEJO GAS PROCESSING PLANT,f1013609,4.0,3,7,33.1499,-102.9912,ng_processing,Seven Rivers1,s191,NM,9346.0,-103.6189,32.9649,4.0,4,8,4,0.0,s191,f1013609 - s191,source_to_storage,storage,N,,,SWCA,5.0,SWCA,0.0,s1,0,0.9515,0,50000000.0
49,CAMPO VIEJO GAS PROCESSING PLANT,f1013609,4.0,3,7,33.1499,-102.9912,ng_processing,Atoka1,s5,TX,51294.0,-102.444,31.7932,8.0,4,7,3,0.0,s5,f1013609 - s5,source_to_storage,storage,N,,,SWCA,5.0,SWCA,0.0,s1,0,0.9515,0,50000000.0
50,CAMPO VIEJO GAS PROCESSING PLANT,f1013609,4.0,3,7,33.1499,-102.9912,ng_processing,Leonard1,s99,TX,51294.0,-102.444,31.7932,8.0,4,7,3,0.0,s99,f1013609 - s99,source_to_storage,storage,N,,,SWCA,5.0,SWCA,0.0,s1,0,0.9515,0,50000000.0
51,CAMPO VIEJO GAS PROCESSING PLANT,f1013609,4.0,3,7,33.1499,-102.9912,ng_processing,Fusselman1,s86,TX,51068.0,-102.444,31.7932,8.0,4,7,3,0.0,s86,f1013609 - s86,source_to_storage,storage,N,,,SWCA,5.0,SWCA,0.0,s1,0,0.9515,0,50000000.0
52,CAMPO VIEJO GAS PROCESSING PLANT,f1013609,4.0,3,7,33.1499,-102.9912,ng_processing,Queen1,s170,TX,51294.0,-101.642,34.6805,10.0,3,7,3,0.0,s170,f1013609 - s170,source_to_storage,storage,N,,,SWCA,5.0,SWCA,0.0,s1,0,0.9515,0,50000000.0
53,SHUTE CREEK FACILITY,f1002150,5.0,4,8,41.887,-110.0945,ng_processing,Tensleep4,s212,WY,6902.0,-110.5927,41.9882,0.0,5,8,4,0.0,s212,f1002150 - s212,source_to_storage,storage,N,,,RM,5.0,RM,0.0,s1,0,0.7074,0,50000000.0
54,CEMEX CONSTRUCTION MATERIALS SOUTH LLC,f1007877,5.0,4,8,40.2022,-105.2367,cement,Morrison3,s127,CO,24922.0,-103.7797,39.8853,0.0,5,8,4,0.0,s127,f1007877 - s127,source_to_storage,storage,N,,,RM,5.0,RM,0.0,s1,0,0.7074,0,50000000.0
55,"CARDINAL ETHANOL, LLC",f1002882,1.0,2,3,40.1868,-84.8623,ethanol,Mount Simon6,s139,IN,29370.0,-86.0531,40.2057,0.0,1,3,2,0.0,s139,f1002882 - s139,source_to_storage,storage,N,,,GL,5.0,GL,0.0,s1,0,1.0649,0,50000000.0
56,facility_pp_natgas_1973,fc1973_cluster,,2,3,39.1845,-84.7372,pp_natgas,Mount Simon11,s144,KY,10350.0,-84.5965,38.2913,0.0,1,6,3,0.0,s144,fc1973_cluster - s144,source_to_storage,storage,N,,,GL,5.0,GL,0.0,s1,0,1.0649,0,50000000.0
57,facility_ng_processing_1985,fc1985_cluster,,4,8,38.1295,-104.8068,ng_processing,Lyons3,s113,CO,1590.0,-104.9346,38.4893,0.0,5,8,4,0.0,s113,fc1985_cluster - s113,source_to_storage,storage,N,,,RM,5.0,RM,0.0,s1,0,0.7074,0,50000000.0
58,Holcim (US) Inc,f1004810,2.0,3,6,30.5349,-88.1121,cement,Paluxy4,s165,AL,16568.0,-87.3213,31.4857,0.0,2,6,3,0.0,s165,f1004810 - s165,source_to_storage,storage,N,,,SE,5.0,SE,0.0,s1,0,0.9893,0,50000000.0
59,CAMPO VIEJO GAS PROCESSING PLANT,f1013609,4.0,3,7,33.1499,-102.9912,ng_processing,Canyon3,s19,TX,49915.0,-102.4566,31.7628,8.0,4,7,3,0.0,s19,f1013609 - s19,source_to_storage,storage,N,,,SWCA,5.0,SWCA,0.0,s1,0,0.9515,0,50000000.0
60,Air Products Port Arthur Facility,f1006402,2.0,3,7,29.866,-93.967,ammonia,Frio4,s71,TX,694.0,-94.0547,30.0272,3.0,2,7,3,0.0,s71,f1006402 - s71,source_to_storage,storage,N,,,SWCA,5.0,SWCA,0.0,s1,0,0.9515,0,50000000.0
61,Air Products Port Arthur Facility,f1006402,2.0,3,7,29.866,-93.967,ammonia,Frio5,s72,TX,323.0,-94.046,29.782,3.0,2,7,3,0.0,s72,f1006402 - s72,source_to_storage,storage,N,,,SWCA,5.0,SWCA,0.0,s1,0,0.9515,0,50000000.0
62,CEMEX CONSTRUCTION MATERIALS SOUTH LLC,f1007877,5.0,4,8,40.2022,-105.2367,cement,Dakota8,s43,CO,22831.0,-103.8294,39.9554,0.0,5,8,4,0.0,s43,f1007877 - s43,source_to_storage,storage,N,,,RM,5.0,RM,0.0,s1,0,0.7074,0,50000000.0
63,NACOGDOCHES AMINE AND DEHYDRATION PLANT,f1013396,2.0,3,7,31.4888,-94.6387,ng_processing,Woodbine1,s228,TX,13575.0,-95.5742,31.6981,6.0,2,7,3,0.0,s228,f1013396 - s228,source_to_storage,storage,N,,,SWCA,5.0,SWCA,0.0,s1,0,0.9515,0,50000000.0
64,MARQUIS ENERGY LLC,f1005374,1.0,2,3,41.2767,-89.3195,ethanol,Mount Simon3,s136,IL,20633.0,-89.239,39.9199,0.0,1,3,2,0.0,s136,f1005374 - s136,source_to_storage,storage,N,,,GL,5.0,GL,0.0,s1,0,1.0649,0,50000000.0
65,JACKSON COUNTY GAS PLANT,f1011011,2.0,3,7,29.1077,-96.5409,ng_processing,Frio1,s67,TX,4855.0,-95.6624,29.7957,3.0,2,7,3,0.0,s67,f1011011 - s67,source_to_storage,storage,N,,,SWCA,5.0,SWCA,0.0,s1,0,0.9515,0,50000000.0
66,JACKSON COUNTY GAS PLANT,f1011011,2.0,3,7,29.1077,-96.5409,ng_processing,Frio9b,s78,TX,2342.0,-96.7746,28.605,2.0,2,7,3,0.0,s78,f1011011 - s78,source_to_storage,storage,N,,,SWCA,5.0,SWCA,0.0,s1,0,0.9515,0,50000000.0
67,JACKSON COUNTY GAS PLANT,f1011011,2.0,3,7,29.1077,-96.5409,ng_processing,Frio9a,s77,TX,2342.0,-96.7746,28.605,2.0,2,7,3,0.0,s77,f1011011 - s77,source_to_storage,storage,N,,,SWCA,5.0,SWCA,0.0,s1,0,0.9515,0,50000000.0
68,facility_ng_processing_1987,fc1987_cluster,,3,7,30.7559,-95.4086,ng_processing,Woodbine1,s228,TX,13575.0,-95.5742,31.6981,6.0,2,7,3,0.0,s228,fc1987_cluster - s228,source_to_storage,storage,N,,,SWCA,5.0,SWCA,0.0,s1,0,0.9515,0,50000000.0
69,facility_pp_coal_1932,fc1932_cluster,,2,3,37.8836,-89.2386,pp_coal,Mount Simon2,s135,IL,5957.0,-88.5947,39.0412,0.0,1,3,2,0.0,s135,fc1932_cluster - s135,source_to_storage,storage,N,,,GL,5.0,GL,0.0,s1,0,1.0649,0,50000000.0
70,facility_pp_natgas_1973,fc1973_cluster,,2,3,39.1845,-84.7372,pp_natgas,Mount Simon6,s139,IN,29370.0,-86.0531,40.2057,0.0,1,3,2,0.0,s139,fc1973_cluster - s139,source_to_storage,storage,N,,,GL,5.0,GL,0.0,s1,0,1.0649,0,50000000.0
71,facility_pp_natgas_1951,fc1951_cluster,,3,7,30.6883,-96.4717,pp_natgas,Woodbine1,s228,TX,13575.0,-95.5742,31.6981,6.0,2,7,3,0.0,s228,fc1951_cluster - s228,source_to_storage,storage,N,,,SWCA,5.0,SWCA,0.0,s1,0,0.9515,0,50000000.0
72,facility_beccs_2013,fc2013_cluster,,4,8,40.4534,-110.2953,beccs,Morrison7,s131,UT,8007.0,-110.0577,39.9471,0.0,5,8,4,0.0,s131,fc2013_cluster - s131,source_to_storage,storage,N,,,RM,5.0,RM,0.0,s1,0,0.7074,0,50000000.0
73,facility_ethanol_1913,fc1913_cluster,,2,8,40.4534,-110.2953,ethanol,Morrison7,s131,UT,8007.0,-110.0577,39.9471,0.0,5,8,4,0.0,s131,fc1913_cluster - s131,source_to_storage,storage,N,,,RM,5.0,RM,0.0,s1,0,0.7074,0,50000000.0
74,facility_pp_natgas_1960,fc1960_cluster,,4,9,37.9663,-121.6972,pp_natgas,Winters1a,s223,CA,2069.0,-121.3697,38.0495,0.0,7,9,4,0.0,s223,fc1960_cluster - s223,source_to_storage,storage,N,,,SWCA,5.0,SWCA,0.0,s1,0,0.9515,0,50000000.0
75,facility_pp_natgas_1960,fc1960_cluster,,4,9,37.9663,-121.6972,pp_natgas,Winters1b,s224,CA,2069.0,-121.3697,38.0495,0.0,7,9,4,0.0,s224,fc1960_cluster - s224,source_to_storage,storage,N,,,SWCA,5.0,SWCA,0.0,s1,0,0.9515,0,50000000.0
76,facility_pp_natgas_1960,fc1960_cluster,,4,9,37.9663,-121.6972,pp_natgas,Starkey1,s203,CA,2069.0,-121.3697,38.0495,0.0,7,9,4,0.0,s203,fc1960_cluster - s203,source_to_storage,storage,N,,,SWCA,5.0,SWCA,0.0,s1,0,0.9515,0,50000000.0
77,facility_pp_natgas_1960,fc1960_cluster,,4,9,37.9663,-121.6972,pp_natgas,Mokelumne River1,s124,CA,2069.0,-121.3697,38.0495,0.0,7,9,4,0.0,s124,fc1960_cluster - s124,source_to_storage,storage,N,,,SWCA,5.0,SWCA,0.0,s1,0,0.9515,0,50000000.0
78,LEHIGH CEMENT COMPANY LLC,f1003891,1.0,2,3,38.7391,-86.457,cement,Mount Simon6,s139,IN,29370.0,-86.0531,40.2057,0.0,1,3,2,0.0,s139,f1003891 - s139,source_to_storage,storage,N,,,GL,5.0,GL,0.0,s1,0,1.0649,0,50000000.0
79,LEHIGH CEMENT COMPANY LLC,f1003891,1.0,2,3,38.7391,-86.457,cement,Mount Simon5,s138,IN,5054.0,-86.9464,38.7475,0.0,1,3,2,0.0,s138,f1003891 - s138,source_to_storage,storage,N,,,GL,5.0,GL,0.0,s1,0,1.0649,0,50000000.0
80,CEMEX CONSTRUCTION MATERIALS SOUTH LLC,f1007877,5.0,4,8,40.2022,-105.2367,cement,Fountain1b,s64,CO,5044.0,-104.6681,40.1597,0.0,5,8,4,0.0,s64,f1007877 - s64,source_to_storage,storage,N,,,RM,5.0,RM,0.0,s1,0,0.7074,0,50000000.0
81,,ts54,6.0,4,8,45.1121,-104.9217,operational_ts_node,Madison Gp-Mission Canyon4,s117,MT,42151.0,-105.8029,47.238,0.0,6,8,4,0.0,s117,ts54 - s117,ts_node_to_storage,storage,N,,,RM,5.0,RM,0.0,s1,0,0.7074,0,50000000.0
82,,ts19,3.0,2,4,38.5117,-96.5668,uniform_ts_node,Arbuckle4,s4,KS,32460.0,-99.2057,37.695,0.0,3,4,2,0.0,s4,ts19 - s4,ts_node_to_storage,storage,N,,,GP,5.0,GP,0.0,s1,0,0.7074,0,50000000.0
83,Holcim (US) Inc,f1004810,2.0,3,6,30.5349,-88.1121,cement,Eutaw2,s60,AL,8478.0,-87.6484,31.182,0.0,2,6,3,0.0,s60,f1004810 - s60,source_to_storage,storage,N,,,SE,5.0,SE,0.0,s1,0,0.9893,0,50000000.0
84,Martin Lake         ,fpp6146.03    ,2.0,3,7,32.261,-94.571,pp_coal,Paluxy3,s164,TX,11534.0,-95.243,32.3169,6.0,2,7,3,0.0,s164,fpp6146.03     - s164,source_to_storage,storage,N,,,SWCA,5.0,SWCA,0.0,s1,0,0.9515,0,50000000.0
85,"CEMEX SOUTHEAST LLC, DEMOPOLIS PLANT",f1008033,2.0,3,6,32.5127,-87.8156,cement,Paluxy4,s165,AL,16568.0,-87.3213,31.4857,0.0,2,6,3,0.0,s165,f1008033 - s165,source_to_storage,storage,N,,,SE,5.0,SE,0.0,s1,0,0.9893,0,50000000.0
86,facility_ng_processing_1991,fc1991_cluster,,2,3,46.9315,-103.7662,ng_processing,Madison Gp-Mission Canyon2,s115,ND,3536.0,-103.4377,47.2542,0.0,6,4,2,0.0,s115,fc1991_cluster - s115,source_to_storage,storage,N,,,GP,10.0,GP,0.0,s1,0,1.2282,0,50000000.0
87,facility_ng_processing_1991,fc1991_cluster,,2,3,46.9315,-103.7662,ng_processing,Madison Gp-Mission Canyon1,s114,ND,29617.0,-102.248,47.524,0.0,6,4,2,0.0,s114,fc1991_cluster - s114,source_to_storage,storage,N,,,GP,10.0,GP,0.0,s1,0,1.2282,0,50000000.0
88,facility_pp_coal_1924,fc1924_cluster,,3,7,32.5403,-95.8707,pp_coal,Woodbine1,s228,TX,13575.0,-95.5742,31.6981,6.0,2,7,3,0.0,s228,fc1924_cluster - s228,source_to_storage,storage,N,,,SWCA,10.0,SWCA,0.0,s1,0,1.7112,0,50000000.0
89,PLAINVIEW BIOENERY LLC,f1007819,4.0,3,7,34.1806,-101.6274,ethanol,Fusselman1,s86,TX,51068.0,-102.444,31.7932,8.0,4,7,3,0.0,s86,f1007819 - s86,source_to_storage,storage,N,,,SWCA,10.0,SWCA,0.0,s1,0,1.7112,0,50000000.0
90,PLAINVIEW BIOENERY LLC,f1007819,4.0,3,7,34.1806,-101.6274,ethanol,Strawn1,s205,TX,51068.0,-102.444,31.7932,8.0,4,7,3,0.0,s205,f1007819 - s205,source_to_storage,storage,N,,,SWCA,10.0,SWCA,0.0,s1,0,1.7112,0,50000000.0
91,PLAINVIEW BIOENERY LLC,f1007819,4.0,3,7,34.1806,-101.6274,ethanol,Seven Rivers1,s191,NM,9346.0,-103.6189,32.9649,4.0,4,8,4,0.0,s191,f1007819 - s191,source_to_storage,storage,N,,,SWCA,10.0,SWCA,0.0,s1,0,1.7112,0,50000000.0
92,PLAINVIEW BIOENERY LLC,f1007819,4.0,3,7,34.1806,-101.6274,ethanol,Atoka1,s5,TX,51294.0,-102.444,31.7932,8.0,4,7,3,0.0,s5,f1007819 - s5,source_to_storage,storage,N,,,SWCA,10.0,SWCA,0.0,s1,0,1.7112,0,50000000.0
93,PLAINVIEW BIOENERY LLC,f1007819,4.0,3,7,34.1806,-101.6274,ethanol,Queen1,s170,TX,51294.0,-101.642,34.6805,10.0,3,7,3,0.0,s170,f1007819 - s170,source_to_storage,storage,N,,,SWCA,10.0,SWCA,0.0,s1,0,1.7112,0,50000000.0
94,PLAINVIEW BIOENERY LLC,f1007819,4.0,3,7,34.1806,-101.6274,ethanol,Leonard1,s99,TX,51294.0,-102.444,31.7932,8.0,4,7,3,0.0,s99,f1007819 - s99,source_to_storage,storage,N,,,SWCA,10.0,SWCA,0.0,s1,0,1.7112,0,50000000.0
95,,ts45,2.0,3,7,30.7654,-90.7576,operational_ts_node,Lower Tuscaloosa7,s107,LA,2857.0,-90.4419,30.7702,0.0,2,7,3,0.0,s107,ts45 - s107,ts_node_to_storage,storage,N,,,SE,10.0,SE,0.0,s1,0,1.8137,0,50000000.0
96,_agg_nonop_ng_processing1,f_agg_nonop_ng_processing1,2.0,3,7,31.8281,-94.2781,ng_processing,Paluxy3,s164,TX,11534.0,-95.243,32.3169,6.0,2,7,3,0.0,s164,f_agg_nonop_ng_processing1 - s164,source_to_storage,storage,N,,,SWCA,10.0,SWCA,0.0,s1,0,1.7112,0,50000000.0
97,facility_pp_natgas_1957,fc1957_cluster,,3,7,32.4107,-94.3281,pp_natgas,Paluxy3,s164,TX,11534.0,-95.243,32.3169,6.0,2,7,3,0.0,s164,fc1957_cluster - s164,source_to_storage,storage,N,,,SWCA,10.0,SWCA,0.0,s1,0,1.7112,0,50000000.0
98,Archer Daniels Midland Co.,f1005661,1.0,2,3,39.8675,-88.885,ethanol,Knox1,s92,IL,10500.0,-88.8089,38.8847,0.0,1,3,2,0.0,s92,f1005661 - s92,source_to_storage,storage,N,,0.0,GL,10.0,GL,0.0,s1,0,1.9531,0,50000000.0
99,,ts27,1.0,2,3,38.321,-89.1261,uniform_ts_node,Knox1,s92,IL,10500.0,-88.8089,38.8847,0.0,1,3,2,0.0,s92,ts27 - s92,ts_node_to_storage,storage,N,,,GL,10.0,GL,0.0,s1,0,1.9531,0,50000000.0
100,,ts27,1.0,2,3,38.321,-89.1261,uniform_ts_node,Knox2,s93,IL,5560.0,-88.4987,38.1531,0.0,1,3,2,0.0,s93,ts27 - s93,ts_node_to_storage,storage,N,,,GL,10.0,GL,0.0,s1,0,1.9531,0,50000000.0
101,,ts46,2.0,3,7,30.1309,-93.8362,operational_ts_node,Frio4,s71,TX,694.0,-94.0547,30.0272,3.0,2,7,3,0.0,s71,ts46 - s71,ts_node_to_storage,storage,N,,,SWCA,10.0,SWCA,0.0,s1,0,1.7112,0,50000000.0
102,,ts46,2.0,3,7,30.1309,-93.8362,operational_ts_node,Frio3a,s69,TX,1193.0,-94.2397,30.2314,3.0,2,7,3,0.0,s69,ts46 - s69,ts_node_to_storage,storage,N,,,SWCA,10.0,SWCA,0.0,s1,0,1.7112,0,50000000.0
103,Lehigh Cement LLC,f1002517,1.0,2,3,38.4157,-85.7494,cement,Mount Simon6,s139,IN,29370.0,-86.0531,40.2057,0.0,1,3,2,0.0,s139,f1002517 - s139,source_to_storage,storage,N,,,GL,10.0,GL,0.0,s1,0,1.9531,0,50000000.0
104,Lehigh Cement LLC,f1002517,1.0,2,3,38.4157,-85.7494,cement,Mount Simon11,s144,KY,10350.0,-84.5965,38.2913,0.0,1,6,3,0.0,s144,f1002517 - s144,source_to_storage,storage,N,,,GL,10.0,GL,0.0,s1,0,1.9531,0,50000000.0
105,Holcim (US) Inc,f1004810,2.0,3,6,30.5349,-88.1121,cement,Washita-Fredericksburg1,s215,AL,13025.0,-87.4539,31.3942,0.0,2,6,3,0.0,s215,f1004810 - s215,source_to_storage,storage,N,,,SE,10.0,SE,0.0,s1,0,1.8137,0,50000000.0
106,,ts66,3.0,3,7,35.3989,-100.6543,uniform_ts_node,Cisco1,s24,TX,15012.0,-101.6575,34.6788,10.0,3,7,3,0.0,s24,ts66 - s24,ts_node_to_storage,storage,N,,,SWCA,10.0,SWCA,0.0,s1,0,1.7112,0,50000000.0
107,,ts66,3.0,3,7,35.3989,-100.6543,uniform_ts_node,Canyon1,s17,TX,15157.0,-101.6575,34.6788,10.0,3,7,3,0.0,s17,ts66 - s17,ts_node_to_storage,storage,N,,,SWCA,10.0,SWCA,0.0,s1,0,1.7112,0,50000000.0
108,,ts66,3.0,3,7,35.3989,-100.6543,uniform_ts_node,Wolfcamp1,s226,TX,15012.0,-101.642,34.6805,10.0,3,7,3,0.0,s226,ts66 - s226,ts_node_to_storage,storage,N,,,SWCA,10.0,SWCA,0.0,s1,0,1.7112,0,50000000.0
109,,ts46,2.0,3,7,30.1309,-93.8362,operational_ts_node,Frio3b,s70,TX,1193.0,-94.2397,30.2314,3.0,2,7,3,0.0,s70,ts46 - s70,ts_node_to_storage,storage,N,,,SWCA,10.0,SWCA,0.0,s1,0,1.7112,0,50000000.0
110,Celanese Utilization Project,fop005,2.0,3,7,29.5603,-95.0535,other_operational_facility,Frio7a,s74,TX,1537.0,-95.0427,29.5431,3.0,2,7,3,0.0,s74,fop005 - s74,source_to_storage,storage,N,,,SWCA,10.0,SWCA,0.0,s1,0,1.7112,0,50000000.0
111,Celanese Utilization Project,fop005,2.0,3,7,29.5603,-95.0535,other_operational_facility,Frio6,s73,TX,1889.0,-95.376,29.6715,3.0,2,7,3,0.0,s73,fop005 - s73,source_to_storage,storage,N,,,SWCA,10.0,SWCA,0.0,s1,0,1.7112,0,50000000.0
112,Celanese Utilization Project,fop005,2.0,3,7,29.5603,-95.0535,other_operational_facility,Frio7b,s75,TX,1537.0,-95.0427,29.5431,3.0,2,7,3,0.0,s75,fop005 - s75,source_to_storage,storage,N,,,SWCA,10.0,SWCA,0.0,s1,0,1.7112,0,50000000.0
113,CEMEX MIAMI,f1004758,2.0,3,5,25.7865,-80.4211,cement,,ts38,FL,,-80.5225,25.7975,0.0,2,5,3,,,f1004758 - ts38,source_to_ts_node,uniform_ts_node,N,,,SE,10.0,SE,0.0,s1,0,1.8137,0,50000000.0
114,WOODSBORO PLANT,f1010643,2.0,3,7,28.176,-97.2817,ng_processing,Frio10,s79,TX,2317.0,-96.5041,28.516,2.0,2,7,3,0.0,s79,f1010643 - s79,source_to_storage,storage,N,,,SWCA,10.0,SWCA,0.0,s1,0,1.7112,0,50000000.0
115,WOODSBORO PLANT,f1010643,2.0,3,7,28.176,-97.2817,ng_processing,Frio9b,s78,TX,2342.0,-96.7746,28.605,2.0,2,7,3,0.0,s78,f1010643 - s78,source_to_storage,storage,N,,,SWCA,10.0,SWCA,0.0,s1,0,1.7112,0,50000000.0
116,WOODSBORO PLANT,f1010643,2.0,3,7,28.176,-97.2817,ng_processing,Frio9a,s77,TX,2342.0,-96.7746,28.605,2.0,2,7,3,0.0,s77,f1010643 - s77,source_to_storage,storage,N,,,SWCA,10.0,SWCA,0.0,s1,0,1.7112,0,50000000.0
117,,ts48,4.0,3,7,32.7688,-101.2617,operational_ts_node,,p4405,TX,,-101.283,32.8612,81.0,4,7,3,,,ts48 - p4405,ts_node_to_demand,co2_eor,N,,,SWCA,10.0,SWCA,0.0,s1,0,1.7112,0,50000000.0
118,Jal #3 Gas Plant,f1005897,4.0,4,8,32.1743,-103.1741,ng_processing,Canyon3,s19,TX,49915.0,-102.4566,31.7628,8.0,4,7,3,0.0,s19,f1005897 - s19,source_to_storage,storage,N,,,RM,10.0,RM,0.0,s1,0,1.2282,0,50000000.0
119,Cheyenne Plant,f1005924,5.0,4,8,41.0949,-104.908,ammonia,Fountain1b,s64,CO,5044.0,-104.6681,40.1597,0.0,5,8,4,0.0,s64,f1005924 - s64,source_to_storage,storage,N,,,RM,10.0,RM,0.0,s1,0,1.2282,0,50000000.0
120,Valero Renewable Fuels LLC,f1004228,1.0,2,3,41.8165,-83.8357,ethanol,St. Peter8,s200,MI,11160.0,-85.0621,42.4439,0.0,1,3,2,0.0,s200,f1004228 - s200,source_to_storage,storage,N,,,GL,10.0,GL,0.0,s1,0,1.9531,0,50000000.0
121,facility_cement_1995,fc1995_cluster,,4,8,39.0654,-109.9158,cement,Morrison7,s131,UT,8007.0,-110.0577,39.9471,0.0,5,8,4,0.0,s131,fc1995_cluster - s131,source_to_storage,storage,N,,,RM,10.0,RM,0.0,s1,0,1.2282,0,50000000.0
122,Valero Renewable Fuels LLC,f1004228,1.0,2,3,41.8165,-83.8357,ethanol,Mount Simon8,s141,MI,4788.0,-83.6668,42.2254,0.0,1,3,2,0.0,s141,f1004228 - s141,source_to_storage,storage,N,,,GL,10.0,GL,0.0,s1,0,1.9531,0,50000000.0
123,Cheyenne Plant,f1005924,5.0,4,8,41.0949,-104.908,ammonia,Morrison3,s127,CO,24922.0,-103.7797,39.8853,0.0,5,8,4,0.0,s127,f1005924 - s127,source_to_storage,storage,N,,,RM,10.0,RM,0.0,s1,0,1.2282,0,50000000.0
124,facility_cement_1995,fc1995_cluster,,4,8,39.0654,-109.9158,cement,Entrada2,s51,UT,10799.0,-110.4089,39.6458,0.0,5,8,4,0.0,s51,fc1995_cluster - s51,source_to_storage,storage,N,,,RM,10.0,RM,0.0,s1,0,1.2282,0,50000000.0
125,facility_pp_natgas_1958,fc1958_cluster,,3,7,26.234,-98.0175,pp_natgas,Frio12a,s81,TX,2121.0,-97.9446,26.8571,4.0,2,7,3,0.0,s81,fc1958_cluster - s81,source_to_storage,storage,N,,,SWCA,10.0,SWCA,0.0,s1,0,1.7112,0,50000000.0
126,facility_pp_natgas_1958,fc1958_cluster,,3,7,26.234,-98.0175,pp_natgas,Frio13a,s83,TX,1762.0,-97.6582,26.7632,4.0,2,7,3,0.0,s83,fc1958_cluster - s83,source_to_storage,storage,N,,,SWCA,10.0,SWCA,0.0,s1,0,1.7112,0,50000000.0
127,facility_pp_natgas_1958,fc1958_cluster,,3,7,26.234,-98.0175,pp_natgas,Frio13b,s84,TX,1762.0,-97.6582,26.7632,4.0,2,7,3,0.0,s84,fc1958_cluster - s84,source_to_storage,storage,N,,,SWCA,10.0,SWCA,0.0,s1,0,1.7112,0,50000000.0
128,facility_pp_natgas_1958,fc1958_cluster,,3,7,26.234,-98.0175,pp_natgas,Frio13c,s85,TX,1762.0,-97.6582,26.7632,4.0,2,7,3,0.0,s85,fc1958_cluster - s85,source_to_storage,storage,N,,,SWCA,10.0,SWCA,0.0,s1,0,1.7112,0,50000000.0
129,facility_pp_natgas_1958,fc1958_cluster,,3,7,26.234,-98.0175,pp_natgas,Frio12b,s82,TX,2121.0,-97.9446,26.8571,4.0,2,7,3,0.0,s82,fc1958_cluster - s82,source_to_storage,storage,N,,,SWCA,10.0,SWCA,0.0,s1,0,1.7112,0,50000000.0
130,Cheyenne Plant,f1005924,5.0,4,8,41.0949,-104.908,ammonia,Entrada6,s55,WY,5028.0,-104.5313,41.6629,0.0,5,8,4,0.0,s55,f1005924 - s55,source_to_storage,storage,N,,,RM,10.0,RM,0.0,s1,0,1.2282,0,50000000.0
131,Cheyenne Plant,f1005924,5.0,4,8,41.0949,-104.908,ammonia,Dakota9,s44,WY,5028.0,-104.5313,41.6629,0.0,5,8,4,0.0,s44,f1005924 - s44,source_to_storage,storage,N,,,RM,10.0,RM,0.0,s1,0,1.2282,0,50000000.0
132,Cheyenne Plant,f1005924,5.0,4,8,41.0949,-104.908,ammonia,Dakota8,s43,CO,22831.0,-103.8294,39.9554,0.0,5,8,4,0.0,s43,f1005924 - s43,source_to_storage,storage,N,,,RM,10.0,RM,0.0,s1,0,1.2282,0,50000000.0
133,ALAMO GAS PLANT,f1012815,2.0,3,7,31.2816,-95.5197,ng_processing,Paluxy3,s164,TX,11534.0,-95.243,32.3169,6.0,2,7,3,0.0,s164,f1012815 - s164,source_to_storage,storage,N,,,SWCA,10.0,SWCA,0.0,s1,0,1.7112,0,50000000.0
134,ALAMO GAS PLANT,f1012815,2.0,3,7,31.2816,-95.5197,ng_processing,Paluxy2,s163,TX,8108.0,-95.4206,32.2673,6.0,2,7,3,0.0,s163,f1012815 - s163,source_to_storage,storage,N,,,SWCA,10.0,SWCA,0.0,s1,0,1.7112,0,50000000.0
135,Jal #3 Gas Plant,f1005897,4.0,4,8,32.1743,-103.1741,ng_processing,Leonard2,s100,NM,9346.0,-103.619,32.9469,4.0,4,8,4,0.0,s100,f1005897 - s100,source_to_storage,storage,N,,,RM,10.0,RM,0.0,s1,0,1.2282,0,50000000.0
136,Jal #3 Gas Plant,f1005897,4.0,4,8,32.1743,-103.1741,ng_processing,Seven Rivers2,s192,TX,51068.0,-102.4437,31.7932,8.0,4,7,3,0.0,s192,f1005897 - s192,source_to_storage,storage,N,,,RM,10.0,RM,0.0,s1,0,1.2282,0,50000000.0
137,Jal #3 Gas Plant,f1005897,4.0,4,8,32.1743,-103.1741,ng_processing,Queen2,s171,NM,9346.0,-103.846,34.6309,4.0,4,8,4,0.0,s171,f1005897 - s171,source_to_storage,storage,N,,,RM,10.0,RM,0.0,s1,0,1.2282,0,50000000.0
138,Lon Wright          ,fpp2240.06    ,3.0,2,4,41.428,-96.462,pp_coal,,ts20,NE,,-96.5899,41.3846,0.0,3,4,2,,,fpp2240.06     - ts20,source_to_ts_node,uniform_ts_node,N,,,GP,10.0,GP,0.0,s1,0,1.2282,0,50000000.0
139,Lon Wright          ,fpp2240.07    ,3.0,2,4,41.428,-96.462,pp_coal,,ts20,NE,,-96.5899,41.3846,0.0,3,4,2,,,fpp2240.07     - ts20,source_to_ts_node,uniform_ts_node,N,,,GP,10.0,GP,0.0,s1,0,1.2282,0,50000000.0
140,facility_pp_coal_1930,fc1930_cluster,,2,3,38.5296,-87.4916,pp_coal,Mount Simon5,s138,IN,5054.0,-86.9464,38.7475,0.0,1,3,2,0.0,s138,fc1930_cluster - s138,source_to_storage,storage,N,,,GL,10.0,GL,0.0,s1,0,1.9531,0,50000000.0
141,"South Bend Ethanol, LLC.",f1000415,1.0,2,3,41.6552,-86.2962,ethanol,Mount Simon6,s139,IN,29370.0,-86.0531,40.2057,0.0,1,3,2,0.0,s139,f1000415 - s139,source_to_storage,storage,N,,,GL,10.0,GL,0.0,s1,0,1.9531,0,50000000.0
142,WOODSBORO PLANT,f1010643,2.0,3,7,28.176,-97.2817,ng_processing,Frio2,s68,TX,4357.0,-97.9289,27.5054,4.0,2,7,3,0.0,s68,f1010643 - s68,source_to_storage,storage,N,,,SWCA,10.0,SWCA,0.0,s1,0,1.7112,0,50000000.0
143,RAMSEY GAS PLANT,f1010768,4.0,3,7,31.8775,-103.9376,ng_processing,Atoka1,s5,TX,51294.0,-102.444,31.7932,8.0,4,7,3,0.0,s5,f1010768 - s5,source_to_storage,storage,N,,,SWCA,10.0,SWCA,0.0,s1,0,1.7112,0,50000000.0
144,RAMSEY GAS PLANT,f1010768,4.0,3,7,31.8775,-103.9376,ng_processing,Fusselman1,s86,TX,51068.0,-102.444,31.7932,8.0,4,7,3,0.0,s86,f1010768 - s86,source_to_storage,storage,N,,,SWCA,10.0,SWCA,0.0,s1,0,1.7112,0,50000000.0
145,ARTESIA GAS PLANT,f1002515,4.0,4,8,32.7564,-104.2111,ng_processing,Seven Rivers2,s192,TX,51068.0,-102.4437,31.7932,8.0,4,7,3,0.0,s192,f1002515 - s192,source_to_storage,storage,N,,,RM,10.0,RM,0.0,s1,0,1.2282,0,50000000.0
146,ARTESIA GAS PLANT,f1002515,4.0,4,8,32.7564,-104.2111,ng_processing,Queen2,s171,NM,9346.0,-103.846,34.6309,4.0,4,8,4,0.0,s171,f1002515 - s171,source_to_storage,storage,N,,,RM,10.0,RM,0.0,s1,0,1.2282,0,50000000.0
147,ARTESIA GAS PLANT,f1002515,4.0,4,8,32.7564,-104.2111,ng_processing,Leonard2,s100,NM,9346.0,-103.619,32.9469,4.0,4,8,4,0.0,s100,f1002515 - s100,source_to_storage,storage,N,,,RM,10.0,RM,0.0,s1,0,1.2282,0,50000000.0
148,Petra Nova,fop006,2.0,3,7,29.4791,-95.6294,other_operational_facility,Frio7b,s75,TX,1537.0,-95.0427,29.5431,3.0,2,7,3,0.0,s75,fop006 - s75,source_to_storage,storage,N,,,SWCA,10.0,SWCA,0.0,s1,0,1.7112,0,50000000.0
149,Petra Nova,fop006,2.0,3,7,29.4791,-95.6294,other_operational_facility,Frio6,s73,TX,1889.0,-95.376,29.6715,3.0,2,7,3,0.0,s73,fop006 - s73,source_to_storage,storage,N,,,SWCA,10.0,SWCA,0.0,s1,0,1.7112,0,50000000.0
150,Petra Nova,fop006,2.0,3,7,29.4791,-95.6294,other_operational_facility,Frio7a,s74,TX,1537.0,-95.0427,29.5431,3.0,2,7,3,0.0,s74,fop006 - s74,source_to_storage,storage,N,,,SWCA,10.0,SWCA,0.0,s1,0,1.7112,0,50000000.0
151,JACKSON LAKE GAS PLANT,f1013618,5.0,4,8,40.4527,-103.9559,ng_processing,Fountain2a,s65,CO,2794.0,-103.683,40.1835,0.0,5,8,4,0.0,s65,f1013618 - s65,source_to_storage,storage,N,,,RM,10.0,RM,0.0,s1,0,1.2282,0,50000000.0
152,JACKSON LAKE GAS PLANT,f1013618,5.0,4,8,40.4527,-103.9559,ng_processing,Lyons2,s112,CO,2784.0,-103.683,40.1835,0.0,5,8,4,0.0,s112,f1013618 - s112,source_to_storage,storage,N,,,RM,10.0,RM,0.0,s1,0,1.2282,0,50000000.0
153,JACKSON LAKE GAS PLANT,f1013618,5.0,4,8,40.4527,-103.9559,ng_processing,Fountain2b,s66,CO,2794.0,-103.683,40.1835,0.0,5,8,4,0.0,s66,f1013618 - s66,source_to_storage,storage,N,,,RM,10.0,RM,0.0,s1,0,1.2282,0,50000000.0
154,Jal #3 Gas Plant,f1005897,4.0,4,8,32.1743,-103.1741,ng_processing,Queen1,s170,TX,51294.0,-101.642,34.6805,10.0,3,7,3,0.0,s170,f1005897 - s170,source_to_storage,storage,N,,,RM,10.0,RM,0.0,s1,0,1.2282,0,50000000.0
155,Jal #3 Gas Plant,f1005897,4.0,4,8,32.1743,-103.1741,ng_processing,Seven Rivers1,s191,NM,9346.0,-103.6189,32.9649,4.0,4,8,4,0.0,s191,f1005897 - s191,source_to_storage,storage,N,,,RM,10.0,RM,0.0,s1,0,1.2282,0,50000000.0
156,Jal #3 Gas Plant,f1005897,4.0,4,8,32.1743,-103.1741,ng_processing,Fusselman1,s86,TX,51068.0,-102.444,31.7932,8.0,4,7,3,0.0,s86,f1005897 - s86,source_to_storage,storage,N,,,RM,10.0,RM,0.0,s1,0,1.2282,0,50000000.0
157,Jal #3 Gas Plant,f1005897,4.0,4,8,32.1743,-103.1741,ng_processing,Atoka1,s5,TX,51294.0,-102.444,31.7932,8.0,4,7,3,0.0,s5,f1005897 - s5,source_to_storage,storage,N,,,RM,10.0,RM,0.0,s1,0,1.2282,0,50000000.0
158,Jal #3 Gas Plant,f1005897,4.0,4,8,32.1743,-103.1741,ng_processing,Leonard1,s99,TX,51294.0,-102.444,31.7932,8.0,4,7,3,0.0,s99,f1005897 - s99,source_to_storage,storage,N,,,RM,10.0,RM,0.0,s1,0,1.2282,0,50000000.0
159,Jal #3 Gas Plant,f1005897,4.0,4,8,32.1743,-103.1741,ng_processing,Strawn1,s205,TX,51068.0,-102.444,31.7932,8.0,4,7,3,0.0,s205,f1005897 - s205,source_to_storage,storage,N,,,RM,10.0,RM,0.0,s1,0,1.2282,0,50000000.0
160,"South Bend Ethanol, LLC.",f1000415,1.0,2,3,41.6552,-86.2962,ethanol,Mount Simon7,s140,MI,5446.0,-85.7774,42.2856,0.0,1,3,2,0.0,s140,f1000415 - s140,source_to_storage,storage,N,,,GL,10.0,GL,0.0,s1,0,1.9531,0,50000000.0
161,ILLINOIS CEMENT CO,f1006738,1.0,2,3,41.3295,-89.0816,cement,Mount Simon3,s136,IL,20633.0,-89.239,39.9199,0.0,1,3,2,0.0,s136,f1006738 - s136,source_to_storage,storage,N,,,GL,10.0,GL,0.0,s1,0,1.9531,0,50000000.0
162,Core Energy CO2-EOR,f1010117,1.0,2,3,45.113,-84.652,ng_processing,St. Peter7,s199,MI,2100.0,-84.296,45.3721,0.0,1,3,2,0.0,s199,f1010117 - s199,source_to_storage,storage,N,,,GL,10.0,GL,0.0,s1,0,1.9531,0,50000000.0
163,facility_pp_coal_1923,fc1923_cluster,,4,8,40.8837,-108.3435,pp_coal,Nugget1,s153,CO,5877.0,-107.939,40.6116,0.0,5,8,4,0.0,s153,fc1923_cluster - s153,source_to_storage,storage,N,,,RM,10.0,RM,0.0,s1,0,1.2282,0,50000000.0
164,facility_pp_coal_1923,fc1923_cluster,,4,8,40.8837,-108.3435,pp_coal,Nugget2,s154,WY,22707.0,-108.4889,41.8307,0.0,5,8,4,0.0,s154,fc1923_cluster - s154,source_to_storage,storage,N,,,RM,10.0,RM,0.0,s1,0,1.2282,0,50000000.0
165,facility_ng_processing_1986,fc1986_cluster,,3,7,31.6433,-102.7422,ng_processing,,p4412,TX,,-102.841,31.5659,8.0,4,7,3,,,fc1986_cluster - p4412,source_to_demand,co2_eor,N,,,SWCA,10.0,SWCA,0.0,s1,0,1.7112,0,50000000.0
166,facility_pp_coal_1923,fc1923_cluster,,4,8,40.8837,-108.3435,pp_coal,Weber3,s221,CO,5712.0,-107.8178,40.6082,0.0,5,8,4,0.0,s221,fc1923_cluster - s221,source_to_storage,storage,N,,,RM,10.0,RM,0.0,s1,0,1.2282,0,50000000.0
167,Celanese Utilization Project,fop005,2.0,3,7,29.5603,-95.0535,other_operational_facility,Frio8,s76,TX,1200.0,-95.0137,29.322,3.0,2,7,3,0.0,s76,fop005 - s76,source_to_storage,storage,N,,,SWCA,10.0,SWCA,0.0,s1,0,1.7112,0,50000000.0
168,,ts55,5.0,4,8,40.0975,-108.8773,operational_ts_node,Nugget1,s153,CO,5877.0,-107.939,40.6116,0.0,5,8,4,0.0,s153,ts55 - s153,ts_node_to_storage,storage,N,,,RM,10.0,RM,0.0,s1,0,1.2282,0,50000000.0
169,facility_pp_coal_1930,fc1930_cluster,,2,3,38.5296,-87.4916,pp_coal,Knox1,s92,IL,10500.0,-88.8089,38.8847,0.0,1,3,2,0.0,s92,fc1930_cluster - s92,source_to_storage,storage,N,,,GL,10.0,GL,0.0,s1,0,1.9531,0,50000000.0
170,facility_pp_coal_1930,fc1930_cluster,,2,3,38.5296,-87.4916,pp_coal,Knox3,s94,IN,4930.0,-87.1143,38.6993,0.0,1,3,2,0.0,s94,fc1930_cluster - s94,source_to_storage,storage,N,,,GL,10.0,GL,0.0,s1,0,1.9531,0,50000000.0
171,"Valero Renewable Fuels Company, LLC d/b/a Valero Mt. Vernon Plant",f1006490,1.0,2,3,37.9336,-87.8734,ethanol,Knox2,s93,IL,5560.0,-88.4987,38.1531,0.0,1,3,2,0.0,s93,f1006490 - s93,source_to_storage,storage,N,,,GL,10.0,GL,0.0,s1,0,1.9531,0,50000000.0
172,,ts56,5.0,4,8,43.6569,-106.2405,operational_ts_node,Madison1,s118,WY,27700.0,-105.6614,43.8523,0.0,5,8,4,0.0,s118,ts56 - s118,ts_node_to_storage,storage,N,,,RM,10.0,RM,0.0,s1,0,1.2282,0,50000000.0
173,LEHIGH CEMENT COMPANY LLC,f1003891,1.0,2,3,38.7391,-86.457,cement,Knox3,s94,IN,4930.0,-87.1143,38.6993,0.0,1,3,2,0.0,s94,f1003891 - s94,source_to_storage,storage,N,,,GL,10.0,GL,0.0,s1,0,1.9531,0,50000000.0
174,GCC RIO GRANDE INC,f1003067,5.0,4,8,38.1291,-104.6067,cement,Lyons3,s113,CO,1590.0,-104.9346,38.4893,0.0,5,8,4,0.0,s113,f1003067 - s113,source_to_storage,storage,N,,,RM,10.0,RM,0.0,s1,0,1.2282,0,50000000.0
175,facility_pp_natgas_1944,fc1944_cluster,,4,8,39.7757,-104.5501,pp_natgas,Fountain1b,s64,CO,5044.0,-104.6681,40.1597,0.0,5,8,4,0.0,s64,fc1944_cluster - s64,source_to_storage,storage,N,,,RM,10.0,RM,0.0,s1,0,1.2282,0,50000000.0
176,THE ANDERSONS MARATHON HOLDINGS LLC MI,f1007933,1.0,2,3,42.2596,-84.7897,ethanol,Mount Simon8,s141,MI,4788.0,-83.6668,42.2254,0.0,1,3,2,0.0,s141,f1007933 - s141,source_to_storage,storage,N,,,GL,10.0,GL,0.0,s1,0,1.9531,0,50000000.0
177,,ts28,1.0,2,3,41.1859,-88.8466,uniform_ts_node,Mount Simon3,s136,IL,20633.0,-89.239,39.9199,0.0,1,3,2,0.0,s136,ts28 - s136,ts_node_to_storage,storage,N,,,GL,10.0,GL,0.0,s1,0,1.9531,0,50000000.0
178,RAMSEY GAS PLANT,f1010768,4.0,3,7,31.8775,-103.9376,ng_processing,Seven Rivers2,s192,TX,51068.0,-102.4437,31.7932,8.0,4,7,3,0.0,s192,f1010768 - s192,source_to_storage,storage,N,,,SWCA,10.0,SWCA,0.0,s1,0,1.7112,0,50000000.0
179,RAMSEY GAS PLANT,f1010768,4.0,3,7,31.8775,-103.9376,ng_processing,Queen2,s171,NM,9346.0,-103.846,34.6309,4.0,4,8,4,0.0,s171,f1010768 - s171,source_to_storage,storage,N,,,SWCA,10.0,SWCA,0.0,s1,0,1.7112,0,50000000.0
180,RAMSEY GAS PLANT,f1010768,4.0,3,7,31.8775,-103.9376,ng_processing,Leonard2,s100,NM,9346.0,-103.619,32.9469,4.0,4,8,4,0.0,s100,f1010768 - s100,source_to_storage,storage,N,,,SWCA,10.0,SWCA,0.0,s1,0,1.7112,0,50000000.0
181,NACOGDOCHES AMINE AND DEHYDRATION PLANT,f1013396,2.0,3,7,31.4888,-94.6387,ng_processing,Paluxy2,s163,TX,8108.0,-95.4206,32.2673,6.0,2,7,3,0.0,s163,f1013396 - s163,source_to_storage,storage,N,,,SWCA,10.0,SWCA,0.0,s1,0,1.7112,0,50000000.0
182,RAMSEY GAS PLANT,f1010768,4.0,3,7,31.8775,-103.9376,ng_processing,Strawn1,s205,TX,51068.0,-102.444,31.7932,8.0,4,7,3,0.0,s205,f1010768 - s205,source_to_storage,storage,N,,,SWCA,10.0,SWCA,0.0,s1,0,1.7112,0,50000000.0
183,RAMSEY GAS PLANT,f1010768,4.0,3,7,31.8775,-103.9376,ng_processing,Seven Rivers1,s191,NM,9346.0,-103.6189,32.9649,4.0,4,8,4,0.0,s191,f1010768 - s191,source_to_storage,storage,N,,,SWCA,10.0,SWCA,0.0,s1,0,1.7112,0,50000000.0
184,RAMSEY GAS PLANT,f1010768,4.0,3,7,31.8775,-103.9376,ng_processing,Queen1,s170,TX,51294.0,-101.642,34.6805,10.0,3,7,3,0.0,s170,f1010768 - s170,source_to_storage,storage,N,,,SWCA,10.0,SWCA,0.0,s1,0,1.7112,0,50000000.0
185,RAMSEY GAS PLANT,f1010768,4.0,3,7,31.8775,-103.9376,ng_processing,Leonard1,s99,TX,51294.0,-102.444,31.7932,8.0,4,7,3,0.0,s99,f1010768 - s99,source_to_storage,storage,N,,,SWCA,10.0,SWCA,0.0,s1,0,1.7112,0,50000000.0
186,,ts55,5.0,4,8,40.0975,-108.8773,operational_ts_node,Dakota5,s40,UT,10678.0,-110.4189,39.7311,0.0,5,8,4,0.0,s40,ts55 - s40,ts_node_to_storage,storage,N,,,RM,10.0,RM,0.0,s1,0,1.2282,0,50000000.0
187,,ts55,5.0,4,8,40.0975,-108.8773,operational_ts_node,Entrada2,s51,UT,10799.0,-110.4089,39.6458,0.0,5,8,4,0.0,s51,ts55 - s51,ts_node_to_storage,storage,N,,,RM,10.0,RM,0.0,s1,0,1.2282,0,50000000.0
188,,ts55,5.0,4,8,40.0975,-108.8773,operational_ts_node,Entrada1,s50,CO,9237.0,-108.0439,39.5866,0.0,5,8,4,0.0,s50,ts55 - s50,ts_node_to_storage,storage,N,,,RM,10.0,RM,0.0,s1,0,1.2282,0,50000000.0
189,,ts55,5.0,4,8,40.0975,-108.8773,operational_ts_node,Weber2,s220,CO,5438.0,-108.3726,39.7949,0.0,5,8,4,0.0,s220,ts55 - s220,ts_node_to_storage,storage,N,,,RM,10.0,RM,0.0,s1,0,1.2282,0,50000000.0
190,ROADRUNNER GAS PROCESSING PLANT,f1013364,4.0,4,8,32.2659,-104.1124,ng_processing,Seven Rivers2,s192,TX,51068.0,-102.4437,31.7932,8.0,4,7,3,0.0,s192,f1013364 - s192,source_to_storage,storage,N,,,RM,10.0,RM,0.0,s1,0,1.2282,0,50000000.0
191,ROADRUNNER GAS PROCESSING PLANT,f1013364,4.0,4,8,32.2659,-104.1124,ng_processing,Queen2,s171,NM,9346.0,-103.846,34.6309,4.0,4,8,4,0.0,s171,f1013364 - s171,source_to_storage,storage,N,,,RM,10.0,RM,0.0,s1,0,1.2282,0,50000000.0
192,ROADRUNNER GAS PROCESSING PLANT,f1013364,4.0,4,8,32.2659,-104.1124,ng_processing,Leonard2,s100,NM,9346.0,-103.619,32.9469,4.0,4,8,4,0.0,s100,f1013364 - s100,source_to_storage,storage,N,,,RM,10.0,RM,0.0,s1,0,1.2282,0,50000000.0
193,SHUTE CREEK FACILITY,f1002150,5.0,4,8,41.887,-110.0945,ng_processing,Nugget2,s154,WY,22707.0,-108.4889,41.8307,0.0,5,8,4,0.0,s154,f1002150 - s154,source_to_storage,storage,N,,,RM,10.0,RM,0.0,s1,0,1.2282,0,50000000.0
194,facility_pp_natgas_1971,fc1971_cluster,,2,3,42.3856,-85.5171,pp_natgas,Mount Simon7,s140,MI,5446.0,-85.7774,42.2856,0.0,1,3,2,0.0,s140,fc1971_cluster - s140,source_to_storage,storage,N,,,GL,10.0,GL,0.0,s1,0,1.9531,0,50000000.0
195,"BARGATH, INC.- PARACHUTE",f1002943,5.0,4,8,39.4873,-108.1114,ng_processing,Weber2,s220,CO,5438.0,-108.3726,39.7949,0.0,5,8,4,0.0,s220,f1002943 - s220,source_to_storage,storage,N,,,RM,10.0,RM,0.0,s1,0,1.2282,0,50000000.0
196,RAMSEY GAS PLANT,f1010768,4.0,3,7,31.8775,-103.9376,ng_processing,Canyon3,s19,TX,49915.0,-102.4566,31.7628,8.0,4,7,3,0.0,s19,f1010768 - s19,source_to_storage,storage,N,,,SWCA,10.0,SWCA,0.0,s1,0,1.7112,0,50000000.0
197,facility_pp_natgas_1958,fc1958_cluster,,3,7,26.234,-98.0175,pp_natgas,Frio2,s68,TX,4357.0,-97.9289,27.5054,4.0,2,7,3,0.0,s68,fc1958_cluster - s68,source_to_storage,storage,N,,,SWCA,10.0,SWCA,0.0,s1,0,1.7112,0,50000000.0
198,MOUNTAIN CEMENT CO,f1005978,5.0,4,8,41.2611,-105.6032,cement,Nugget2,s154,WY,22707.0,-108.4889,41.8307,0.0,5,8,4,0.0,s154,f1005978 - s154,source_to_storage,storage,N,,,RM,10.0,RM,0.0,s1,0,1.2282,0,50000000.0
199,,ts55,5.0,4,8,40.0975,-108.8773,operational_ts_node,Morrison7,s131,UT,8007.0,-110.0577,39.9471,0.0,5,8,4,0.0,s131,ts55 - s131,ts_node_to_storage,storage,N,,,RM,10.0,RM,0.0,s1,0,1.2282,0,50000000.0
200,ARKALON ETHANOL LLC,f1006203,3.0,2,4,37.1071,-101.0308,ethanol,Arbuckle4,s4,KS,32460.0,-99.2057,37.695,0.0,3,4,2,0.0,s4,f1006203 - s4,source_to_storage,storage,N,,,GP,10.0,GP,0.0,s1,0,1.2282,0,50000000.0
201,TERRA INTERNATIONAL (OKLAHOMA) LLC,f1005788,3.0,3,7,36.4372,-99.4711,ammonia,Arbuckle1,s1,OK,10229.0,-98.5544,36.3994,0.0,3,7,3,0.0,s1,f1005788 - s1,source_to_storage,storage,N,,,GP,10.0,GP,0.0,s1,0,1.2282,0,50000000.0
202,,ts18,3.0,3,7,35.639,-96.5454,uniform_ts_node,,p6001,OK,,-96.6748,35.5418,0.0,3,7,3,,,ts18 - p6001,ts_node_to_demand,co2_eor,N,,,GP,10.0,GP,0.0,s1,0,1.2282,0,50000000.0
203,EAGLE-1 GAS PLANT,f1010118,2.0,3,7,29.1351,-96.6591,ng_processing,Frio9b,s78,TX,2342.0,-96.7746,28.605,2.0,2,7,3,0.0,s78,f1010118 - s78,source_to_storage,storage,N,,,SWCA,10.0,SWCA,0.0,s1,0,1.7112,0,50000000.0
204,EAGLE-1 GAS PLANT,f1010118,2.0,3,7,29.1351,-96.6591,ng_processing,Frio1,s67,TX,4855.0,-95.6624,29.7957,3.0,2,7,3,0.0,s67,f1010118 - s67,source_to_storage,storage,N,,,SWCA,10.0,SWCA,0.0,s1,0,1.7112,0,50000000.0
205,EAGLE-1 GAS PLANT,f1010118,2.0,3,7,29.1351,-96.6591,ng_processing,Frio9a,s77,TX,2342.0,-96.7746,28.605,2.0,2,7,3,0.0,s77,f1010118 - s77,source_to_storage,storage,N,,,SWCA,10.0,SWCA,0.0,s1,0,1.7112,0,50000000.0
206,SOUTH EDDY CRYO PLANT,f1012463,4.0,4,8,32.1613,-103.8284,ng_processing,Canyon3,s19,TX,49915.0,-102.4566,31.7628,8.0,4,7,3,0.0,s19,f1012463 - s19,source_to_storage,storage,N,,,RM,10.0,RM,0.0,s1,0,1.2282,0,50000000.0
207,LAFARGE Paulding Plant (INCLUDING SYSTECH ENV CORP),f1007766,1.0,2,3,41.1809,-84.6048,cement,Mount Simon6,s139,IN,29370.0,-86.0531,40.2057,0.0,1,3,2,0.0,s139,f1007766 - s139,source_to_storage,storage,N,,,GL,15.0,GL,0.0,s1,0,2.9318,0,50000000.0
208,facility_beccs_2013,fc2013_cluster,,4,8,40.4534,-110.2953,beccs,Dakota5,s40,UT,10678.0,-110.4189,39.7311,0.0,5,8,4,0.0,s40,fc2013_cluster - s40,source_to_storage,storage,N,,,RM,15.0,RM,0.0,s1,0,1.8315,0,50000000.0
209,facility_ethanol_1913,fc1913_cluster,,2,8,40.4534,-110.2953,ethanol,Dakota5,s40,UT,10678.0,-110.4189,39.7311,0.0,5,8,4,0.0,s40,fc1913_cluster - s40,source_to_storage,storage,N,,,RM,15.0,RM,0.0,s1,0,1.8315,0,50000000.0
210,,ts32,1.0,2,3,40.9117,-85.0039,uniform_ts_node,Mount Simon6,s139,IN,29370.0,-86.0531,40.2057,0.0,1,3,2,0.0,s139,ts32 - s139,ts_node_to_storage,storage,N,,,GL,15.0,GL,0.0,s1,0,2.9318,0,50000000.0
211,facility_pp_coal_1930,fc1930_cluster,,2,3,38.5296,-87.4916,pp_coal,Knox4,s95,IN,1275.0,-87.6386,38.0852,0.0,1,3,2,0.0,s95,fc1930_cluster - s95,source_to_storage,storage,N,,,GL,15.0,GL,0.0,s1,0,2.9318,0,50000000.0
212,facility_cement_1995,fc1995_cluster,,4,8,39.0654,-109.9158,cement,Dakota5,s40,UT,10678.0,-110.4189,39.7311,0.0,5,8,4,0.0,s40,fc1995_cluster - s40,source_to_storage,storage,N,,,RM,15.0,RM,0.0,s1,0,1.8315,0,50000000.0
213,SHELBY,f1010598,2.0,3,7,31.7954,-94.179,ng_processing,Paluxy3,s164,TX,11534.0,-95.243,32.3169,6.0,2,7,3,0.0,s164,f1010598 - s164,source_to_storage,storage,N,,,SWCA,15.0,SWCA,0.0,s1,0,2.5503,0,50000000.0
214,SOUTH EDDY CRYO PLANT,f1012463,4.0,4,8,32.1613,-103.8284,ng_processing,Strawn1,s205,TX,51068.0,-102.444,31.7932,8.0,4,7,3,0.0,s205,f1012463 - s205,source_to_storage,storage,N,,,RM,15.0,RM,0.0,s1,0,1.8315,0,50000000.0
215,SOUTH EDDY CRYO PLANT,f1012463,4.0,4,8,32.1613,-103.8284,ng_processing,Seven Rivers1,s191,NM,9346.0,-103.6189,32.9649,4.0,4,8,4,0.0,s191,f1012463 - s191,source_to_storage,storage,N,,,RM,15.0,RM,0.0,s1,0,1.8315,0,50000000.0
216,SOUTH EDDY CRYO PLANT,f1012463,4.0,4,8,32.1613,-103.8284,ng_processing,Queen1,s170,TX,51294.0,-101.642,34.6805,10.0,3,7,3,0.0,s170,f1012463 - s170,source_to_storage,storage,N,,,RM,15.0,RM,0.0,s1,0,1.8315,0,50000000.0
217,SOUTH EDDY CRYO PLANT,f1012463,4.0,4,8,32.1613,-103.8284,ng_processing,Leonard1,s99,TX,51294.0,-102.444,31.7932,8.0,4,7,3,0.0,s99,f1012463 - s99,source_to_storage,storage,N,,,RM,15.0,RM,0.0,s1,0,1.8315,0,50000000.0
218,TARMAC PENNSUCO COMPLEX,f1007052,2.0,3,5,25.8739,-80.3756,cement,,ts38,FL,,-80.5225,25.7975,0.0,2,5,3,,,f1007052 - ts38,source_to_ts_node,uniform_ts_node,N,,,SE,15.0,SE,0.0,s1,0,2.7302,0,50000000.0
219,SOUTH EDDY CRYO PLANT,f1012463,4.0,4,8,32.1613,-103.8284,ng_processing,Seven Rivers2,s192,TX,51068.0,-102.4437,31.7932,8.0,4,7,3,0.0,s192,f1012463 - s192,source_to_storage,storage,N,,,RM,15.0,RM,0.0,s1,0,1.8315,0,50000000.0
220,SOUTH EDDY CRYO PLANT,f1012463,4.0,4,8,32.1613,-103.8284,ng_processing,Queen2,s171,NM,9346.0,-103.846,34.6309,4.0,4,8,4,0.0,s171,f1012463 - s171,source_to_storage,storage,N,,,RM,15.0,RM,0.0,s1,0,1.8315,0,50000000.0
221,SOUTH EDDY CRYO PLANT,f1012463,4.0,4,8,32.1613,-103.8284,ng_processing,Leonard2,s100,NM,9346.0,-103.619,32.9469,4.0,4,8,4,0.0,s100,f1012463 - s100,source_to_storage,storage,N,,,RM,15.0,RM,0.0,s1,0,1.8315,0,50000000.0
222,GOLIAD GAS PLANT,f1010223,2.0,3,7,28.6181,-97.6381,ng_processing,Frio2,s68,TX,4357.0,-97.9289,27.5054,4.0,2,7,3,0.0,s68,f1010223 - s68,source_to_storage,storage,N,,,SWCA,15.0,SWCA,0.0,s1,0,2.5503,0,50000000.0
223,Holcim (US) INC JOPPA PLANT,f1000243,1.0,2,3,37.2168,-88.8798,cement,Knox2,s93,IL,5560.0,-88.4987,38.1531,0.0,1,3,2,0.0,s93,f1000243 - s93,source_to_storage,storage,N,,,GL,15.0,GL,0.0,s1,0,2.9318,0,50000000.0
224,facility_beccs_2012,fc2012_cluster,,1,2,41.8328,-76.4434,beccs,Rose Run3,s186,PA,8201.0,-78.8689,40.9262,0.0,1,2,1,0.0,s186,fc2012_cluster - s186,source_to_storage,storage,N,,,MA,15.0,MA,0.0,s1,0,3.5005,0,50000000.0
225,facility_ammonia_2003,fc2003_cluster,,3,2,41.8328,-76.4434,ammonia,Rose Run3,s186,PA,8201.0,-78.8689,40.9262,0.0,1,2,1,0.0,s186,fc2003_cluster - s186,source_to_storage,storage,N,,,MA,15.0,MA,0.0,s1,0,3.5005,0,50000000.0
226,facility_ng_processing_1984,fc1984_cluster,,4,2,41.8328,-76.4434,ng_processing,Rose Run3,s186,PA,8201.0,-78.8689,40.9262,0.0,1,2,1,0.0,s186,fc1984_cluster - s186,source_to_storage,storage,N,,,MA,15.0,MA,0.0,s1,0,3.5005,0,50000000.0
227,GCC RIO GRANDE INC,f1003067,5.0,4,8,38.1291,-104.6067,cement,Morrison3,s127,CO,24922.0,-103.7797,39.8853,0.0,5,8,4,0.0,s127,f1003067 - s127,source_to_storage,storage,N,,,RM,15.0,RM,0.0,s1,0,1.8315,0,50000000.0
228,facility_pp_coal_1930,fc1930_cluster,,2,3,38.5296,-87.4916,pp_coal,Mount Simon2,s135,IL,5957.0,-88.5947,39.0412,0.0,1,3,2,0.0,s135,fc1930_cluster - s135,source_to_storage,storage,N,,,GL,15.0,GL,0.0,s1,0,2.9318,0,50000000.0
229,facility_pp_natgas_1977,fc1977_cluster,,3,6,32.8966,-89.0562,pp_natgas,Lower Tuscaloosa8,s108,MS,13379.0,-89.9133,32.3322,0.0,2,6,3,0.0,s108,fc1977_cluster - s108,source_to_storage,storage,N,,,SE,15.0,SE,0.0,s1,0,2.7302,0,50000000.0
230,THE ANDERSONS MARATHON HOLDINGS LLC OH,f1000035,1.0,2,3,40.0811,-84.5917,ethanol,Mount Simon6,s139,IN,29370.0,-86.0531,40.2057,0.0,1,3,2,0.0,s139,f1000035 - s139,source_to_storage,storage,N,,,GL,15.0,GL,0.0,s1,0,2.9318,0,50000000.0
231,Holcim (US) Inc. - Portland Plant,f1003008,5.0,4,8,38.3286,-105.009,cement,Lyons3,s113,CO,1590.0,-104.9346,38.4893,0.0,5,8,4,0.0,s113,f1003008 - s113,source_to_storage,storage,N,,,RM,15.0,RM,0.0,s1,0,1.8315,0,50000000.0
232,"CEMEX SOUTHEAST LLC, DEMOPOLIS PLANT",f1008033,2.0,3,6,32.5127,-87.8156,cement,Washita-Fredericksburg1,s215,AL,13025.0,-87.4539,31.3942,0.0,2,6,3,0.0,s215,f1008033 - s215,source_to_storage,storage,N,,,SE,15.0,SE,0.0,s1,0,2.7302,0,50000000.0
233,facility_pp_coal_1930,fc1930_cluster,,2,3,38.5296,-87.4916,pp_coal,Knox2,s93,IL,5560.0,-88.4987,38.1531,0.0,1,3,2,0.0,s93,fc1930_cluster - s93,source_to_storage,storage,N,,,GL,15.0,GL,0.0,s1,0,2.9318,0,50000000.0
234,SOUTH EDDY CRYO PLANT,f1012463,4.0,4,8,32.1613,-103.8284,ng_processing,Atoka1,s5,TX,51294.0,-102.444,31.7932,8.0,4,7,3,0.0,s5,f1012463 - s5,source_to_storage,storage,N,,,RM,15.0,RM,0.0,s1,0,1.8315,0,50000000.0
235,SOUTH EDDY CRYO PLANT,f1012463,4.0,4,8,32.1613,-103.8284,ng_processing,Fusselman1,s86,TX,51068.0,-102.444,31.7932,8.0,4,7,3,0.0,s86,f1012463 - s86,source_to_storage,storage,N,,,RM,15.0,RM,0.0,s1,0,1.8315,0,50000000.0
236,facility_ng_processing_1991,fc1991_cluster,,2,3,46.9315,-103.7662,ng_processing,Madison Gp-Mission Canyon4,s117,MT,42151.0,-105.8029,47.238,0.0,6,8,4,0.0,s117,fc1991_cluster - s117,source_to_storage,storage,N,,,GP,15.0,GP,0.0,s1,0,1.8315,0,50000000.0
237,_agg_nonop_ng_processing7,f_agg_nonop_ng_processing7,4.0,3,7,31.3445,-96.2344,ng_processing,Woodbine1,s228,TX,13575.0,-95.5742,31.6981,6.0,2,7,3,0.0,s228,f_agg_nonop_ng_processing7 - s228,source_to_storage,storage,N,,,SWCA,15.0,SWCA,0.0,s1,0,2.5503,0,50000000.0
238,ORLA GAS PLANT,f1013400,4.0,3,7,31.8094,-103.8952,ng_processing,Atoka1,s5,TX,51294.0,-102.444,31.7932,8.0,4,7,3,0.0,s5,f1013400 - s5,source_to_storage,storage,N,,,SWCA,15.0,SWCA,0.0,s1,0,2.5503,0,50000000.0
239,ORLA GAS PLANT,f1013400,4.0,3,7,31.8094,-103.8952,ng_processing,Fusselman1,s86,TX,51068.0,-102.444,31.7932,8.0,4,7,3,0.0,s86,f1013400 - s86,source_to_storage,storage,N,,,SWCA,15.0,SWCA,0.0,s1,0,2.5503,0,50000000.0
240,,ts46,2.0,3,7,30.1309,-93.8362,operational_ts_node,Frio5,s72,TX,323.0,-94.046,29.782,3.0,2,7,3,0.0,s72,ts46 - s72,ts_node_to_storage,storage,N,,,SWCA,15.0,SWCA,0.0,s1,0,2.5503,0,50000000.0
241,BULLDOG GAS PLANT (PANOLA III),f1013924,2.0,3,7,32.1456,-94.2688,ng_processing,Paluxy3,s164,TX,11534.0,-95.243,32.3169,6.0,2,7,3,0.0,s164,f1013924 - s164,source_to_storage,storage,N,,,SWCA,15.0,SWCA,0.0,s1,0,2.5503,0,50000000.0
242,JACKSON LAKE GAS PLANT,f1013618,5.0,4,8,40.4527,-103.9559,ng_processing,Fountain1b,s64,CO,5044.0,-104.6681,40.1597,0.0,5,8,4,0.0,s64,f1013618 - s64,source_to_storage,storage,N,,,RM,15.0,RM,0.0,s1,0,1.8315,0,50000000.0
243,CEMEX MIAMI,f1004758,2.0,3,5,25.7865,-80.4211,cement,Cedar Keys-Lawson2,s22,FL,16981.0,-81.2459,26.7048,0.0,2,5,3,0.0,s22,f1004758 - s22,source_to_storage,storage,N,,,SE,15.0,SE,0.0,s1,0,2.7302,0,50000000.0
244,TARMAC PENNSUCO COMPLEX,f1007052,2.0,3,5,25.8739,-80.3756,cement,Cedar Keys-Lawson2,s22,FL,16981.0,-81.2459,26.7048,0.0,2,5,3,0.0,s22,f1007052 - s22,source_to_storage,storage,N,,,SE,15.0,SE,0.0,s1,0,2.7302,0,50000000.0
245,facility_ng_processing_1993,fc1993_cluster,,2,4,37.1592,-100.7625,ng_processing,Arbuckle4,s4,KS,32460.0,-99.2057,37.695,0.0,3,4,2,0.0,s4,fc1993_cluster - s4,source_to_storage,storage,N,,,GP,15.0,GP,0.0,s1,0,1.8315,0,50000000.0
246,NATIONAL HELIUM PLANT,f1008924,3.0,2,4,37.1592,-100.7625,ng_processing,Arbuckle4,s4,KS,32460.0,-99.2057,37.695,0.0,3,4,2,0.0,s4,f1008924 - s4,source_to_storage,storage,N,,,GP,15.0,GP,0.0,s1,0,1.8315,0,50000000.0
247,RED HILLS GAS PROCESSING PLANT,f1011064,4.0,4,8,32.2104,-103.5214,ng_processing,Canyon3,s19,TX,49915.0,-102.4566,31.7628,8.0,4,7,3,0.0,s19,f1011064 - s19,source_to_storage,storage,N,,,RM,15.0,RM,0.0,s1,0,1.8315,0,50000000.0
248,facility_ng_processing_1991,fc1991_cluster,,2,3,46.9315,-103.7662,ng_processing,Red River2,s173,MT,21307.0,-105.1281,47.5824,0.0,6,8,4,0.0,s173,fc1991_cluster - s173,source_to_storage,storage,N,,,GP,15.0,GP,0.0,s1,0,1.8315,0,50000000.0
249,facility_ng_processing_1991,fc1991_cluster,,2,3,46.9315,-103.7662,ng_processing,Red River1,s172,ND,55614.0,-101.1361,47.6146,0.0,6,4,2,0.0,s172,fc1991_cluster - s172,source_to_storage,storage,N,,,GP,15.0,GP,0.0,s1,0,1.8315,0,50000000.0
250,Archer Daniels Midland Co.,f1005661,1.0,2,3,39.8675,-88.885,ethanol,Mount Simon2,s135,IL,5957.0,-88.5947,39.0412,0.0,1,3,2,0.0,s135,f1005661 - s135,source_to_storage,storage,Y,,5000000.0,GL,15.0,GL,0.0,s1,0,2.9318,0,50000000.0
251,Archer Daniels Midland Co.,f1005661,1.0,2,3,39.8675,-88.885,ethanol,Mount Simon3,s136,IL,20633.0,-89.239,39.9199,0.0,1,3,2,0.0,s136,f1005661 - s136,source_to_storage,storage,N,,0.0,GL,15.0,GL,0.0,s1,0,2.9318,0,50000000.0
252,TARGA WILDCAT GAS PROCESSING PLANT,f1013183,4.0,3,7,31.8052,-103.2412,ng_processing,Fusselman1,s86,TX,51068.0,-102.444,31.7932,8.0,4,7,3,0.0,s86,f1013183 - s86,source_to_storage,storage,N,,,SWCA,15.0,SWCA,0.0,s1,0,2.5503,0,50000000.0
253,TARGA WILDCAT GAS PROCESSING PLANT,f1013183,4.0,3,7,31.8052,-103.2412,ng_processing,Atoka1,s5,TX,51294.0,-102.444,31.7932,8.0,4,7,3,0.0,s5,f1013183 - s5,source_to_storage,storage,N,,,SWCA,15.0,SWCA,0.0,s1,0,2.5503,0,50000000.0
254,LINAM RANCH GAS PLANT,f1005641,4.0,4,8,32.6953,-103.2853,ng_processing,Canyon3,s19,TX,49915.0,-102.4566,31.7628,8.0,4,7,3,0.0,s19,f1005641 - s19,source_to_storage,storage,N,,,RM,15.0,RM,0.0,s1,0,1.8315,0,50000000.0
255,ORLA GAS PLANT,f1013400,4.0,3,7,31.8094,-103.8952,ng_processing,Queen2,s171,NM,9346.0,-103.846,34.6309,4.0,4,8,4,0.0,s171,f1013400 - s171,source_to_storage,storage,N,,,SWCA,15.0,SWCA,0.0,s1,0,2.5503,0,50000000.0
256,ORLA GAS PLANT,f1013400,4.0,3,7,31.8094,-103.8952,ng_processing,Seven Rivers2,s192,TX,51068.0,-102.4437,31.7932,8.0,4,7,3,0.0,s192,f1013400 - s192,source_to_storage,storage,N,,,SWCA,15.0,SWCA,0.0,s1,0,2.5503,0,50000000.0
257,ORLA GAS PLANT,f1013400,4.0,3,7,31.8094,-103.8952,ng_processing,Leonard2,s100,NM,9346.0,-103.619,32.9469,4.0,4,8,4,0.0,s100,f1013400 - s100,source_to_storage,storage,N,,,SWCA,15.0,SWCA,0.0,s1,0,2.5503,0,50000000.0
258,facility_ammonia_2010,fc2010_cluster,,3,6,32.9281,-90.4072,ammonia,Lower Tuscaloosa8,s108,MS,13379.0,-89.9133,32.3322,0.0,2,6,3,0.0,s108,fc2010_cluster - s108,source_to_storage,storage,N,,,SE,15.0,SE,0.0,s1,0,2.7302,0,50000000.0
259,"CF Industries Nitrogen, LLC - Yazoo City Facility",f1004183,2.0,3,6,32.9281,-90.4072,ammonia,Lower Tuscaloosa8,s108,MS,13379.0,-89.9133,32.3322,0.0,2,6,3,0.0,s108,f1004183 - s108,source_to_storage,storage,N,,,SE,15.0,SE,0.0,s1,0,2.7302,0,50000000.0
260,Oklahoma Carbon Hub-EOR,fop004,3.0,3,7,36.7611,-96.7128,other_operational_facility,Arbuckle4,s4,KS,32460.0,-99.2057,37.695,0.0,3,4,2,0.0,s4,fop004 - s4,source_to_storage,storage,N,,,GP,15.0,GP,0.0,s1,0,1.8315,0,50000000.0
261,ORLA GAS PLANT,f1013400,4.0,3,7,31.8094,-103.8952,ng_processing,Strawn1,s205,TX,51068.0,-102.444,31.7932,8.0,4,7,3,0.0,s205,f1013400 - s205,source_to_storage,storage,N,,,SWCA,15.0,SWCA,0.0,s1,0,2.5503,0,50000000.0
262,ORLA GAS PLANT,f1013400,4.0,3,7,31.8094,-103.8952,ng_processing,Seven Rivers1,s191,NM,9346.0,-103.6189,32.9649,4.0,4,8,4,0.0,s191,f1013400 - s191,source_to_storage,storage,N,,,SWCA,15.0,SWCA,0.0,s1,0,2.5503,0,50000000.0
263,ORLA GAS PLANT,f1013400,4.0,3,7,31.8094,-103.8952,ng_processing,Queen1,s170,TX,51294.0,-101.642,34.6805,10.0,3,7,3,0.0,s170,f1013400 - s170,source_to_storage,storage,N,,,SWCA,15.0,SWCA,0.0,s1,0,2.5503,0,50000000.0
264,ORLA GAS PLANT,f1013400,4.0,3,7,31.8094,-103.8952,ng_processing,Leonard1,s99,TX,51294.0,-102.444,31.7932,8.0,4,7,3,0.0,s99,f1013400 - s99,source_to_storage,storage,N,,,SWCA,15.0,SWCA,0.0,s1,0,2.5503,0,50000000.0
265,RED HILLS GAS PROCESSING PLANT,f1011064,4.0,4,8,32.2104,-103.5214,ng_processing,Seven Rivers2,s192,TX,51068.0,-102.4437,31.7932,8.0,4,7,3,0.0,s192,f1011064 - s192,source_to_storage,storage,N,,,RM,15.0,RM,0.0,s1,0,1.8315,0,50000000.0
266,RED HILLS GAS PROCESSING PLANT,f1011064,4.0,4,8,32.2104,-103.5214,ng_processing,Leonard2,s100,NM,9346.0,-103.619,32.9469,4.0,4,8,4,0.0,s100,f1011064 - s100,source_to_storage,storage,N,,,RM,15.0,RM,0.0,s1,0,1.8315,0,50000000.0
267,RED HILLS GAS PROCESSING PLANT,f1011064,4.0,4,8,32.2104,-103.5214,ng_processing,Queen2,s171,NM,9346.0,-103.846,34.6309,4.0,4,8,4,0.0,s171,f1011064 - s171,source_to_storage,storage,N,,,RM,15.0,RM,0.0,s1,0,1.8315,0,50000000.0
268,TARGA WILDCAT GAS PROCESSING PLANT,f1013183,4.0,3,7,31.8052,-103.2412,ng_processing,Leonard1,s99,TX,51294.0,-102.444,31.7932,8.0,4,7,3,0.0,s99,f1013183 - s99,source_to_storage,storage,N,,,SWCA,15.0,SWCA,0.0,s1,0,2.5503,0,50000000.0
269,TARGA WILDCAT GAS PROCESSING PLANT,f1013183,4.0,3,7,31.8052,-103.2412,ng_processing,Queen1,s170,TX,51294.0,-101.642,34.6805,10.0,3,7,3,0.0,s170,f1013183 - s170,source_to_storage,storage,N,,,SWCA,15.0,SWCA,0.0,s1,0,2.5503,0,50000000.0
270,TARGA WILDCAT GAS PROCESSING PLANT,f1013183,4.0,3,7,31.8052,-103.2412,ng_processing,Seven Rivers1,s191,NM,9346.0,-103.6189,32.9649,4.0,4,8,4,0.0,s191,f1013183 - s191,source_to_storage,storage,N,,,SWCA,15.0,SWCA,0.0,s1,0,2.5503,0,50000000.0
271,TARGA WILDCAT GAS PROCESSING PLANT,f1013183,4.0,3,7,31.8052,-103.2412,ng_processing,Strawn1,s205,TX,51068.0,-102.444,31.7932,8.0,4,7,3,0.0,s205,f1013183 - s205,source_to_storage,storage,N,,,SWCA,15.0,SWCA,0.0,s1,0,2.5503,0,50000000.0
272,RED HILLS GAS PROCESSING PLANT,f1011064,4.0,4,8,32.2104,-103.5214,ng_processing,Queen1,s170,TX,51294.0,-101.642,34.6805,10.0,3,7,3,0.0,s170,f1011064 - s170,source_to_storage,storage,N,,,RM,15.0,RM,0.0,s1,0,1.8315,0,50000000.0
273,RED HILLS GAS PROCESSING PLANT,f1011064,4.0,4,8,32.2104,-103.5214,ng_processing,Leonard1,s99,TX,51294.0,-102.444,31.7932,8.0,4,7,3,0.0,s99,f1011064 - s99,source_to_storage,storage,N,,,RM,15.0,RM,0.0,s1,0,1.8315,0,50000000.0
274,RED HILLS GAS PROCESSING PLANT,f1011064,4.0,4,8,32.2104,-103.5214,ng_processing,Strawn1,s205,TX,51068.0,-102.444,31.7932,8.0,4,7,3,0.0,s205,f1011064 - s205,source_to_storage,storage,N,,,RM,15.0,RM,0.0,s1,0,1.8315,0,50000000.0
275,RED HILLS GAS PROCESSING PLANT,f1011064,4.0,4,8,32.2104,-103.5214,ng_processing,Seven Rivers1,s191,NM,9346.0,-103.6189,32.9649,4.0,4,8,4,0.0,s191,f1011064 - s191,source_to_storage,storage,N,,,RM,15.0,RM,0.0,s1,0,1.8315,0,50000000.0
276,,ts47,4.0,4,8,33.918,-104.5168,operational_ts_node,Canyon2,s18,NM,8502.0,-103.846,34.6309,4.0,4,8,4,0.0,s18,ts47 - s18,ts_node_to_storage,storage,N,,,RM,15.0,RM,0.0,s1,0,1.8315,0,50000000.0
277,,ts47,4.0,4,8,33.918,-104.5168,operational_ts_node,Wolfcamp2,s227,NM,8502.0,-103.846,34.6309,4.0,4,8,4,0.0,s227,ts47 - s227,ts_node_to_storage,storage,N,,,RM,15.0,RM,0.0,s1,0,1.8315,0,50000000.0
278,PATRIOT RENEWABLE FUELS LLC,f1006469,1.0,2,3,41.3934,-89.8722,ethanol,Mount Simon3,s136,IL,20633.0,-89.239,39.9199,0.0,1,3,2,0.0,s136,f1006469 - s136,source_to_storage,storage,N,,,GL,15.0,GL,0.0,s1,0,2.9318,0,50000000.0
279,Dover               ,fpp2914.03    ,1.0,2,3,40.52,-81.468,pp_coal,,ts37,OH,,-81.1971,40.5228,0.0,1,3,2,,,fpp2914.03     - ts37,source_to_ts_node,uniform_ts_node,N,,,GL,15.0,GL,0.0,s1,0,2.9318,0,50000000.0
280,Dover               ,fpp2914.04    ,1.0,2,3,40.52,-81.468,pp_coal,,ts37,OH,,-81.1971,40.5228,0.0,1,3,2,,,fpp2914.04     - ts37,source_to_ts_node,uniform_ts_node,N,,,GL,15.0,GL,0.0,s1,0,2.9318,0,50000000.0
281,LINAM RANCH GAS PLANT,f1005641,4.0,4,8,32.6953,-103.2853,ng_processing,Seven Rivers2,s192,TX,51068.0,-102.4437,31.7932,8.0,4,7,3,0.0,s192,f1005641 - s192,source_to_storage,storage,N,,,RM,15.0,RM,0.0,s1,0,1.8315,0,50000000.0
282,LINAM RANCH GAS PLANT,f1005641,4.0,4,8,32.6953,-103.2853,ng_processing,Leonard2,s100,NM,9346.0,-103.619,32.9469,4.0,4,8,4,0.0,s100,f1005641 - s100,source_to_storage,storage,N,,,RM,15.0,RM,0.0,s1,0,1.8315,0,50000000.0
283,LINAM RANCH GAS PLANT,f1005641,4.0,4,8,32.6953,-103.2853,ng_processing,Queen2,s171,NM,9346.0,-103.846,34.6309,4.0,4,8,4,0.0,s171,f1005641 - s171,source_to_storage,storage,N,,,RM,15.0,RM,0.0,s1,0,1.8315,0,50000000.0
284,TARGA WILDCAT GAS PROCESSING PLANT,f1013183,4.0,3,7,31.8052,-103.2412,ng_processing,Seven Rivers2,s192,TX,51068.0,-102.4437,31.7932,8.0,4,7,3,0.0,s192,f1013183 - s192,source_to_storage,storage,N,,,SWCA,15.0,SWCA,0.0,s1,0,2.5503,0,50000000.0
285,TARGA WILDCAT GAS PROCESSING PLANT,f1013183,4.0,3,7,31.8052,-103.2412,ng_processing,Leonard2,s100,NM,9346.0,-103.619,32.9469,4.0,4,8,4,0.0,s100,f1013183 - s100,source_to_storage,storage,N,,,SWCA,15.0,SWCA,0.0,s1,0,2.5503,0,50000000.0
286,TARGA WILDCAT GAS PROCESSING PLANT,f1013183,4.0,3,7,31.8052,-103.2412,ng_processing,Queen2,s171,NM,9346.0,-103.846,34.6309,4.0,4,8,4,0.0,s171,f1013183 - s171,source_to_storage,storage,N,,,SWCA,15.0,SWCA,0.0,s1,0,2.5503,0,50000000.0
287,facility_pp_coal_1924,fc1924_cluster,,3,7,32.5403,-95.8707,pp_coal,Paluxy2,s163,TX,8108.0,-95.4206,32.2673,6.0,2,7,3,0.0,s163,fc1924_cluster - s163,source_to_storage,storage,N,,,SWCA,15.0,SWCA,0.0,s1,0,2.5503,0,50000000.0
288,facility_pp_coal_1924,fc1924_cluster,,3,7,32.5403,-95.8707,pp_coal,Paluxy3,s164,TX,11534.0,-95.243,32.3169,6.0,2,7,3,0.0,s164,fc1924_cluster - s164,source_to_storage,storage,N,,,SWCA,15.0,SWCA,0.0,s1,0,2.5503,0,50000000.0
289,PLAINVIEW BIOENERY LLC,f1007819,4.0,3,7,34.1806,-101.6274,ethanol,Canyon3,s19,TX,49915.0,-102.4566,31.7628,8.0,4,7,3,0.0,s19,f1007819 - s19,source_to_storage,storage,N,,,SWCA,15.0,SWCA,0.0,s1,0,2.5503,0,50000000.0
290,PLAINVIEW BIOENERY LLC,f1007819,4.0,3,7,34.1806,-101.6274,ethanol,Canyon1,s17,TX,15157.0,-101.6575,34.6788,10.0,3,7,3,0.0,s17,f1007819 - s17,source_to_storage,storage,N,,,SWCA,15.0,SWCA,0.0,s1,0,2.5503,0,50000000.0
291,PLAINVIEW BIOENERY LLC,f1007819,4.0,3,7,34.1806,-101.6274,ethanol,Cisco1,s24,TX,15012.0,-101.6575,34.6788,10.0,3,7,3,0.0,s24,f1007819 - s24,source_to_storage,storage,N,,,SWCA,15.0,SWCA,0.0,s1,0,2.5503,0,50000000.0
292,PLAINVIEW BIOENERY LLC,f1007819,4.0,3,7,34.1806,-101.6274,ethanol,Wolfcamp1,s226,TX,15012.0,-101.642,34.6805,10.0,3,7,3,0.0,s226,f1007819 - s226,source_to_storage,storage,N,,,SWCA,15.0,SWCA,0.0,s1,0,2.5503,0,50000000.0
293,LINAM RANCH GAS PLANT,f1005641,4.0,4,8,32.6953,-103.2853,ng_processing,Queen1,s170,TX,51294.0,-101.642,34.6805,10.0,3,7,3,0.0,s170,f1005641 - s170,source_to_storage,storage,N,,,RM,15.0,RM,0.0,s1,0,1.8315,0,50000000.0
294,LINAM RANCH GAS PLANT,f1005641,4.0,4,8,32.6953,-103.2853,ng_processing,Seven Rivers1,s191,NM,9346.0,-103.6189,32.9649,4.0,4,8,4,0.0,s191,f1005641 - s191,source_to_storage,storage,N,,,RM,15.0,RM,0.0,s1,0,1.8315,0,50000000.0
295,LINAM RANCH GAS PLANT,f1005641,4.0,4,8,32.6953,-103.2853,ng_processing,Strawn1,s205,TX,51068.0,-102.444,31.7932,8.0,4,7,3,0.0,s205,f1005641 - s205,source_to_storage,storage,N,,,RM,15.0,RM,0.0,s1,0,1.8315,0,50000000.0
296,LINAM RANCH GAS PLANT,f1005641,4.0,4,8,32.6953,-103.2853,ng_processing,Fusselman1,s86,TX,51068.0,-102.444,31.7932,8.0,4,7,3,0.0,s86,f1005641 - s86,source_to_storage,storage,N,,,RM,15.0,RM,0.0,s1,0,1.8315,0,50000000.0
297,LINAM RANCH GAS PLANT,f1005641,4.0,4,8,32.6953,-103.2853,ng_processing,Leonard1,s99,TX,51294.0,-102.444,31.7932,8.0,4,7,3,0.0,s99,f1005641 - s99,source_to_storage,storage,N,,,RM,15.0,RM,0.0,s1,0,1.8315,0,50000000.0
298,LINAM RANCH GAS PLANT,f1005641,4.0,4,8,32.6953,-103.2853,ng_processing,Atoka1,s5,TX,51294.0,-102.444,31.7932,8.0,4,7,3,0.0,s5,f1005641 - s5,source_to_storage,storage,N,,,RM,15.0,RM,0.0,s1,0,1.8315,0,50000000.0
299,ORLA GAS PLANT,f1013400,4.0,3,7,31.8094,-103.8952,ng_processing,Canyon3,s19,TX,49915.0,-102.4566,31.7628,8.0,4,7,3,0.0,s19,f1013400 - s19,source_to_storage,storage,N,,,SWCA,15.0,SWCA,0.0,s1,0,2.5503,0,50000000.0
300,FREEPORT LNG PRETREATMENT FACILITY,f1013753,2.0,3,7,28.9849,-95.3087,ng_processing,Frio11,s80,TX,259.0,-95.674,28.9024,3.0,2,7,3,0.0,s80,f1013753 - s80,source_to_storage,storage,N,,,SWCA,15.0,SWCA,0.0,s1,0,2.5503,0,50000000.0
301,Petra Nova,fop006,2.0,3,7,29.4791,-95.6294,other_operational_facility,Frio1,s67,TX,4855.0,-95.6624,29.7957,3.0,2,7,3,0.0,s67,fop006 - s67,source_to_storage,storage,N,,,SWCA,15.0,SWCA,0.0,s1,0,2.5503,0,50000000.0
302,FREEPORT LNG PRETREATMENT FACILITY,f1013753,2.0,3,7,28.9849,-95.3087,ng_processing,Frio7b,s75,TX,1537.0,-95.0427,29.5431,3.0,2,7,3,0.0,s75,f1013753 - s75,source_to_storage,storage,N,,,SWCA,15.0,SWCA,0.0,s1,0,2.5503,0,50000000.0
303,FREEPORT LNG PRETREATMENT FACILITY,f1013753,2.0,3,7,28.9849,-95.3087,ng_processing,Frio7a,s74,TX,1537.0,-95.0427,29.5431,3.0,2,7,3,0.0,s74,f1013753 - s74,source_to_storage,storage,N,,,SWCA,15.0,SWCA,0.0,s1,0,2.5503,0,50000000.0
304,TARGA WILDCAT GAS PROCESSING PLANT,f1013183,4.0,3,7,31.8052,-103.2412,ng_processing,Canyon3,s19,TX,49915.0,-102.4566,31.7628,8.0,4,7,3,0.0,s19,f1013183 - s19,source_to_storage,storage,N,,,SWCA,15.0,SWCA,0.0,s1,0,2.5503,0,50000000.0
305,WARNER CO2 TREATMENT PLANT,f1009130,1.0,2,3,45.0344,-84.8469,ng_processing,St. Peter7,s199,MI,2100.0,-84.296,45.3721,0.0,1,3,2,0.0,s199,f1009130 - s199,source_to_storage,storage,N,,,GL,15.0,GL,0.0,s1,0,2.9318,0,50000000.0
306,RED HILLS GAS PROCESSING PLANT,f1011064,4.0,4,8,32.2104,-103.5214,ng_processing,Fusselman1,s86,TX,51068.0,-102.444,31.7932,8.0,4,7,3,0.0,s86,f1011064 - s86,source_to_storage,storage,N,,,RM,15.0,RM,0.0,s1,0,1.8315,0,50000000.0
307,RED HILLS GAS PROCESSING PLANT,f1011064,4.0,4,8,32.2104,-103.5214,ng_processing,Atoka1,s5,TX,51294.0,-102.444,31.7932,8.0,4,7,3,0.0,s5,f1011064 - s5,source_to_storage,storage,N,,,RM,15.0,RM,0.0,s1,0,1.8315,0,50000000.0
308,HOLCIM (US) INC. DEVIL\S SLIDE PLANT,f1004131,5.0,4,8,41.0633,-111.5317,cement,Tensleep5,s213,UT,4436.0,-111.1856,41.1392,0.0,5,8,4,0.0,s213,f1004131 - s213,source_to_storage,storage,N,,,RM,15.0,RM,0.0,s1,0,1.8315,0,50000000.0
309,Hobbs Generating Sta,fpp56458.0CHW-T,4.0,4,8,32.728,-103.309,pp_natgas,Canyon3,s19,TX,49915.0,-102.4566,31.7628,8.0,4,7,3,0.0,s19,fpp56458.0CHW-T - s19,source_to_storage,storage,N,,,RM,15.0,RM,0.0,s1,0,1.8315,0,50000000.0
310,NATIONAL CEMENT CO OF CALIFORNIA INC,f1006642,7.0,4,9,34.8199,-118.7487,cement,Stevens1,s204,CA,2393.0,-119.3053,35.4104,0.0,7,9,4,0.0,s204,f1006642 - s204,source_to_storage,storage,N,,,SWCA,20.0,SWCA,0.0,s1,0,3.4311,0,50000000.0
311,,ts3,7.0,4,9,33.6122,-117.6761,uniform_ts_node,Repetto2c,s177,CA,320.0,-118.1612,33.8864,0.0,7,9,4,0.0,s177,ts3 - s177,ts_node_to_storage,storage,N,,,SWCA,20.0,SWCA,0.0,s1,0,3.4311,0,50000000.0
312,,ts3,7.0,4,9,33.6122,-117.6761,uniform_ts_node,Repetto3c,s180,CA,125.0,-118.1612,33.8864,0.0,7,9,4,0.0,s180,ts3 - s180,ts_node_to_storage,storage,N,,,SWCA,20.0,SWCA,0.0,s1,0,3.4311,0,50000000.0
313,,ts3,7.0,4,9,33.6122,-117.6761,uniform_ts_node,Repetto3a,s178,CA,125.0,-118.1612,33.8864,0.0,7,9,4,0.0,s178,ts3 - s178,ts_node_to_storage,storage,N,,,SWCA,20.0,SWCA,0.0,s1,0,3.4311,0,50000000.0
314,,ts3,7.0,4,9,33.6122,-117.6761,uniform_ts_node,Repetto2b,s176,CA,320.0,-118.1612,33.8864,0.0,7,9,4,0.0,s176,ts3 - s176,ts_node_to_storage,storage,N,,,SWCA,20.0,SWCA,0.0,s1,0,3.4311,0,50000000.0
315,,ts3,7.0,4,9,33.6122,-117.6761,uniform_ts_node,Repetto3d,s181,CA,125.0,-118.1612,33.8864,0.0,7,9,4,0.0,s181,ts3 - s181,ts_node_to_storage,storage,N,,,SWCA,20.0,SWCA,0.0,s1,0,3.4311,0,50000000.0
316,,ts3,7.0,4,9,33.6122,-117.6761,uniform_ts_node,Repetto2a,s175,CA,320.0,-118.1612,33.8864,0.0,7,9,4,0.0,s175,ts3 - s175,ts_node_to_storage,storage,N,,,SWCA,20.0,SWCA,0.0,s1,0,3.4311,0,50000000.0
317,,ts3,7.0,4,9,33.6122,-117.6761,uniform_ts_node,Repetto3b,s179,CA,125.0,-118.1612,33.8864,0.0,7,9,4,0.0,s179,ts3 - s179,ts_node_to_storage,storage,N,,,SWCA,20.0,SWCA,0.0,s1,0,3.4311,0,50000000.0
318,,ts3,7.0,4,9,33.6122,-117.6761,uniform_ts_node,Repetto1,s174,CA,51.0,-118.1612,33.8864,0.0,7,9,4,0.0,s174,ts3 - s174,ts_node_to_storage,storage,N,,,SWCA,20.0,SWCA,0.0,s1,0,3.4311,0,50000000.0
319,Hobbs Generating Sta,fpp56458.0CHW-T,4.0,4,8,32.728,-103.309,pp_natgas,Leonard2,s100,NM,9346.0,-103.619,32.9469,4.0,4,8,4,0.0,s100,fpp56458.0CHW-T - s100,source_to_storage,storage,N,,,RM,20.0,RM,0.0,s1,0,2.4782,0,50000000.0
320,Hobbs Generating Sta,fpp56458.0CHW-T,4.0,4,8,32.728,-103.309,pp_natgas,Seven Rivers2,s192,TX,51068.0,-102.4437,31.7932,8.0,4,7,3,0.0,s192,fpp56458.0CHW-T - s192,source_to_storage,storage,N,,,RM,20.0,RM,0.0,s1,0,2.4782,0,50000000.0
321,Hobbs Generating Sta,fpp56458.0CHW-T,4.0,4,8,32.728,-103.309,pp_natgas,Queen2,s171,NM,9346.0,-103.846,34.6309,4.0,4,8,4,0.0,s171,fpp56458.0CHW-T - s171,source_to_storage,storage,N,,,RM,20.0,RM,0.0,s1,0,2.4782,0,50000000.0
322,ILLINOIS CEMENT CO,f1006738,1.0,2,3,41.3295,-89.0816,cement,,ts28,IL,,-88.8466,41.1859,0.0,1,3,2,,,f1006738 - ts28,source_to_ts_node,uniform_ts_node,N,,,GL,20.0,GL,0.0,s1,0,3.9539,0,50000000.0
323,Hobbs Generating Sta,fpp56458.0CHW-T,4.0,4,8,32.728,-103.309,pp_natgas,Queen1,s170,TX,51294.0,-101.642,34.6805,10.0,3,7,3,0.0,s170,fpp56458.0CHW-T - s170,source_to_storage,storage,N,,,RM,20.0,RM,0.0,s1,0,2.4782,0,50000000.0
324,Hobbs Generating Sta,fpp56458.0CHW-T,4.0,4,8,32.728,-103.309,pp_natgas,Fusselman1,s86,TX,51068.0,-102.444,31.7932,8.0,4,7,3,0.0,s86,fpp56458.0CHW-T - s86,source_to_storage,storage,N,,,RM,20.0,RM,0.0,s1,0,2.4782,0,50000000.0
325,Hobbs Generating Sta,fpp56458.0CHW-T,4.0,4,8,32.728,-103.309,pp_natgas,Atoka1,s5,TX,51294.0,-102.444,31.7932,8.0,4,7,3,0.0,s5,fpp56458.0CHW-T - s5,source_to_storage,storage,N,,,RM,20.0,RM,0.0,s1,0,2.4782,0,50000000.0
326,Hobbs Generating Sta,fpp56458.0CHW-T,4.0,4,8,32.728,-103.309,pp_natgas,Seven Rivers1,s191,NM,9346.0,-103.6189,32.9649,4.0,4,8,4,0.0,s191,fpp56458.0CHW-T - s191,source_to_storage,storage,N,,,RM,20.0,RM,0.0,s1,0,2.4782,0,50000000.0
327,Hobbs Generating Sta,fpp56458.0CHW-T,4.0,4,8,32.728,-103.309,pp_natgas,Strawn1,s205,TX,51068.0,-102.444,31.7932,8.0,4,7,3,0.0,s205,fpp56458.0CHW-T - s205,source_to_storage,storage,N,,,RM,20.0,RM,0.0,s1,0,2.4782,0,50000000.0
328,Hobbs Generating Sta,fpp56458.0CHW-T,4.0,4,8,32.728,-103.309,pp_natgas,Leonard1,s99,TX,51294.0,-102.444,31.7932,8.0,4,7,3,0.0,s99,fpp56458.0CHW-T - s99,source_to_storage,storage,N,,,RM,20.0,RM,0.0,s1,0,2.4782,0,50000000.0
329,facility_pp_natgas_1950,fc1950_cluster,,3,7,35.3237,-97.6598,pp_natgas,Arbuckle1,s1,OK,10229.0,-98.5544,36.3994,0.0,3,7,3,0.0,s1,fc1950_cluster - s1,source_to_storage,storage,N,,,GP,20.0,GP,0.0,s1,0,2.4782,0,50000000.0
330,KOCH FERITLIZER ENID LLC ENID NITROGEN PLT,f1002407,3.0,3,7,36.3795,-97.7651,ammonia,Arbuckle1,s1,OK,10229.0,-98.5544,36.3994,0.0,3,7,3,0.0,s1,f1002407 - s1,source_to_storage,storage,N,,,GP,20.0,GP,0.0,s1,0,2.4782,0,50000000.0
331,Holcim (US) Inc. - Portland Plant,f1003008,5.0,4,8,38.3286,-105.009,cement,Morrison3,s127,CO,24922.0,-103.7797,39.8853,0.0,5,8,4,0.0,s127,f1003008 - s127,source_to_storage,storage,N,,,RM,20.0,RM,0.0,s1,0,2.4782,0,50000000.0
332,facility_ammonia_2010,fc2010_cluster,,3,6,32.9281,-90.4072,ammonia,,ts52,MS,,-90.388,32.6973,0.0,2,6,3,,,fc2010_cluster - ts52,source_to_ts_node,operational_ts_node,N,,,SE,20.0,SE,0.0,s1,0,3.6871,0,50000000.0
333,"CF Industries Nitrogen, LLC - Yazoo City Facility",f1004183,2.0,3,6,32.9281,-90.4072,ammonia,,ts52,MS,,-90.388,32.6973,0.0,2,6,3,,,f1004183 - ts52,source_to_ts_node,operational_ts_node,N,,,SE,20.0,SE,0.0,s1,0,3.6871,0,50000000.0
334,Terrell Gas Processing,f1003128,4.0,3,7,30.3718,-101.8449,ng_processing,Queen1,s170,TX,51294.0,-101.642,34.6805,10.0,3,7,3,0.0,s170,f1003128 - s170,source_to_storage,storage,N,,,SWCA,20.0,SWCA,0.0,s1,0,3.4311,0,50000000.0
335,Terrell Gas Processing,f1003128,4.0,3,7,30.3718,-101.8449,ng_processing,Atoka1,s5,TX,51294.0,-102.444,31.7932,8.0,4,7,3,0.0,s5,f1003128 - s5,source_to_storage,storage,N,,,SWCA,20.0,SWCA,0.0,s1,0,3.4311,0,50000000.0
336,Terrell Gas Processing,f1003128,4.0,3,7,30.3718,-101.8449,ng_processing,Fusselman1,s86,TX,51068.0,-102.444,31.7932,8.0,4,7,3,0.0,s86,f1003128 - s86,source_to_storage,storage,N,,,SWCA,20.0,SWCA,0.0,s1,0,3.4311,0,50000000.0
337,Terrell Gas Processing,f1003128,4.0,3,7,30.3718,-101.8449,ng_processing,Strawn1,s205,TX,51068.0,-102.444,31.7932,8.0,4,7,3,0.0,s205,f1003128 - s205,source_to_storage,storage,N,,,SWCA,20.0,SWCA,0.0,s1,0,3.4311,0,50000000.0
338,Terrell Gas Processing,f1003128,4.0,3,7,30.3718,-101.8449,ng_processing,Leonard1,s99,TX,51294.0,-102.444,31.7932,8.0,4,7,3,0.0,s99,f1003128 - s99,source_to_storage,storage,N,,,SWCA,20.0,SWCA,0.0,s1,0,3.4311,0,50000000.0
339,Terrell Gas Processing,f1003128,4.0,3,7,30.3718,-101.8449,ng_processing,Seven Rivers1,s191,NM,9346.0,-103.6189,32.9649,4.0,4,8,4,0.0,s191,f1003128 - s191,source_to_storage,storage,N,,,SWCA,20.0,SWCA,0.0,s1,0,3.4311,0,50000000.0
340,facility_pp_natgas_1977,fc1977_cluster,,3,6,32.8966,-89.0562,pp_natgas,Eutaw1,s59,MS,29518.0,-89.8942,31.9943,0.0,2,6,3,0.0,s59,fc1977_cluster - s59,source_to_storage,storage,N,,,SE,20.0,SE,0.0,s1,0,3.6871,0,50000000.0
341,,ts56,5.0,4,8,43.6569,-106.2405,operational_ts_node,,p3302,WY,,-106.124,43.4396,0.0,5,8,4,,,ts56 - p3302,ts_node_to_demand,co2_eor,N,,,RM,20.0,RM,0.0,s1,0,2.4782,0,50000000.0
342,Green Plains Mount Vernon LLC,f1003377,1.0,2,3,37.9098,-87.7265,ethanol,Knox2,s93,IL,5560.0,-88.4987,38.1531,0.0,1,3,2,0.0,s93,f1003377 - s93,source_to_storage,storage,N,,,GL,20.0,GL,0.0,s1,0,3.9539,0,50000000.0
343,WARNER CO2 TREATMENT PLANT,f1009130,1.0,2,3,45.0344,-84.8469,ng_processing,St. Peter10,s202,MI,9200.0,-84.4233,44.0351,0.0,1,3,2,0.0,s202,f1009130 - s202,source_to_storage,storage,N,,,GL,20.0,GL,0.0,s1,0,3.9539,0,50000000.0
344,LONE STAR INDUSTRIES INC,f1005302,1.0,2,3,39.6166,-86.8686,cement,Knox3,s94,IN,4930.0,-87.1143,38.6993,0.0,1,3,2,0.0,s94,f1005302 - s94,source_to_storage,storage,N,,,GL,20.0,GL,0.0,s1,0,3.9539,0,50000000.0
345,,ts45,2.0,3,7,30.7654,-90.7576,operational_ts_node,Lower Tuscaloosa9,s109,MS,8003.0,-90.0943,31.3641,0.0,2,6,3,0.0,s109,ts45 - s109,ts_node_to_storage,storage,N,,,SE,20.0,SE,0.0,s1,0,3.6871,0,50000000.0
346,"Lone Star Industries, Inc. /dba/ BUZZI UNICEM USA",f1006110,4.0,3,7,32.25,-100.4583,cement,Strawn1,s205,TX,51068.0,-102.444,31.7932,8.0,4,7,3,0.0,s205,f1006110 - s205,source_to_storage,storage,N,,,SWCA,20.0,SWCA,0.0,s1,0,3.4311,0,50000000.0
347,"Lone Star Industries, Inc. /dba/ BUZZI UNICEM USA",f1006110,4.0,3,7,32.25,-100.4583,cement,Fusselman1,s86,TX,51068.0,-102.444,31.7932,8.0,4,7,3,0.0,s86,f1006110 - s86,source_to_storage,storage,N,,,SWCA,20.0,SWCA,0.0,s1,0,3.4311,0,50000000.0
348,"Lone Star Industries, Inc. /dba/ BUZZI UNICEM USA",f1006110,4.0,3,7,32.25,-100.4583,cement,Leonard1,s99,TX,51294.0,-102.444,31.7932,8.0,4,7,3,0.0,s99,f1006110 - s99,source_to_storage,storage,N,,,SWCA,20.0,SWCA,0.0,s1,0,3.4311,0,50000000.0
349,"Lone Star Industries, Inc. /dba/ BUZZI UNICEM USA",f1006110,4.0,3,7,32.25,-100.4583,cement,Seven Rivers1,s191,NM,9346.0,-103.6189,32.9649,4.0,4,8,4,0.0,s191,f1006110 - s191,source_to_storage,storage,N,,,SWCA,20.0,SWCA,0.0,s1,0,3.4311,0,50000000.0
350,"Lone Star Industries, Inc. /dba/ BUZZI UNICEM USA",f1006110,4.0,3,7,32.25,-100.4583,cement,Atoka1,s5,TX,51294.0,-102.444,31.7932,8.0,4,7,3,0.0,s5,f1006110 - s5,source_to_storage,storage,N,,,SWCA,20.0,SWCA,0.0,s1,0,3.4311,0,50000000.0
351,"Lone Star Industries, Inc. /dba/ BUZZI UNICEM USA",f1006110,4.0,3,7,32.25,-100.4583,cement,Queen1,s170,TX,51294.0,-101.642,34.6805,10.0,3,7,3,0.0,s170,f1006110 - s170,source_to_storage,storage,N,,,SWCA,20.0,SWCA,0.0,s1,0,3.4311,0,50000000.0
352,YOAKUM CRYOGENIC PLANT,f1009093,2.0,3,7,29.3421,-97.11,ng_processing,Frio1,s67,TX,4855.0,-95.6624,29.7957,3.0,2,7,3,0.0,s67,f1009093 - s67,source_to_storage,storage,N,,,SWCA,20.0,SWCA,0.0,s1,0,3.4311,0,50000000.0
353,LOBO PROCESSING PLANT,f1012781,4.0,3,7,31.7505,-103.5075,ng_processing,Fusselman1,s86,TX,51068.0,-102.444,31.7932,8.0,4,7,3,0.0,s86,f1012781 - s86,source_to_storage,storage,N,,,SWCA,20.0,SWCA,0.0,s1,0,3.4311,0,50000000.0
354,LOBO PROCESSING PLANT,f1012781,4.0,3,7,31.7505,-103.5075,ng_processing,Atoka1,s5,TX,51294.0,-102.444,31.7932,8.0,4,7,3,0.0,s5,f1012781 - s5,source_to_storage,storage,N,,,SWCA,20.0,SWCA,0.0,s1,0,3.4311,0,50000000.0
355,Holcim (US) Inc,f1004810,2.0,3,6,30.5349,-88.1121,cement,Eutaw1,s59,MS,29518.0,-89.8942,31.9943,0.0,2,6,3,0.0,s59,f1004810 - s59,source_to_storage,storage,N,,,SE,20.0,SE,0.0,s1,0,3.6871,0,50000000.0
356,ROADRUNNER GAS PROCESSING PLANT,f1013364,4.0,4,8,32.2659,-104.1124,ng_processing,Canyon3,s19,TX,49915.0,-102.4566,31.7628,8.0,4,7,3,0.0,s19,f1013364 - s19,source_to_storage,storage,N,,,RM,20.0,RM,0.0,s1,0,2.4782,0,50000000.0
357,AGRIUM US BORGER NITROGEN OPERATIONS,f1002380,3.0,3,7,35.6411,-101.4203,ammonia,,hsm_cent3,,,-101.5212,35.4048,,3,7,3,,,f1002380 - hsm_cent3,source_to_hsm_cent,hsm_centroid,Y,,423860.8657,SWCA,20.0,SWCA,0.0,s1,0,3.4311,0,50000000.0
358,Holcim (US) Inc,f1004810,2.0,3,6,30.5349,-88.1121,cement,Lower Tuscaloosa10,s110,MS,4393.0,-89.0783,30.7252,0.0,2,6,3,0.0,s110,f1004810 - s110,source_to_storage,storage,N,,,SE,20.0,SE,0.0,s1,0,3.6871,0,50000000.0
359,PANTHER GAS PLANT,f1012901,4.0,3,7,31.6411,-102.1938,ng_processing,,ts49,TX,,-102.0845,31.404,73.0,4,7,3,,,f1012901 - ts49,source_to_ts_node,operational_ts_node,N,,,SWCA,20.0,SWCA,0.0,s1,0,3.4311,0,50000000.0
360,"Lone Star Industries, Inc. /dba/ BUZZI UNICEM USA",f1006110,4.0,3,7,32.25,-100.4583,cement,Canyon3,s19,TX,49915.0,-102.4566,31.7628,8.0,4,7,3,0.0,s19,f1006110 - s19,source_to_storage,storage,N,,,SWCA,20.0,SWCA,0.0,s1,0,3.4311,0,50000000.0
361,ROADRUNNER GAS PROCESSING PLANT,f1013364,4.0,4,8,32.2659,-104.1124,ng_processing,Strawn1,s205,TX,51068.0,-102.444,31.7932,8.0,4,7,3,0.0,s205,f1013364 - s205,source_to_storage,storage,N,,,RM,20.0,RM,0.0,s1,0,2.4782,0,50000000.0
362,ROADRUNNER GAS PROCESSING PLANT,f1013364,4.0,4,8,32.2659,-104.1124,ng_processing,Leonard1,s99,TX,51294.0,-102.444,31.7932,8.0,4,7,3,0.0,s99,f1013364 - s99,source_to_storage,storage,N,,,RM,20.0,RM,0.0,s1,0,2.4782,0,50000000.0
363,ROADRUNNER GAS PROCESSING PLANT,f1013364,4.0,4,8,32.2659,-104.1124,ng_processing,Queen1,s170,TX,51294.0,-101.642,34.6805,10.0,3,7,3,0.0,s170,f1013364 - s170,source_to_storage,storage,N,,,RM,20.0,RM,0.0,s1,0,2.4782,0,50000000.0
364,ROADRUNNER GAS PROCESSING PLANT,f1013364,4.0,4,8,32.2659,-104.1124,ng_processing,Seven Rivers1,s191,NM,9346.0,-103.6189,32.9649,4.0,4,8,4,0.0,s191,f1013364 - s191,source_to_storage,storage,N,,,RM,20.0,RM,0.0,s1,0,2.4782,0,50000000.0
365,LOBO PROCESSING PLANT,f1012781,4.0,3,7,31.7505,-103.5075,ng_processing,Queen1,s170,TX,51294.0,-101.642,34.6805,10.0,3,7,3,0.0,s170,f1012781 - s170,source_to_storage,storage,N,,,SWCA,20.0,SWCA,0.0,s1,0,3.4311,0,50000000.0
366,LOBO PROCESSING PLANT,f1012781,4.0,3,7,31.7505,-103.5075,ng_processing,Seven Rivers1,s191,NM,9346.0,-103.6189,32.9649,4.0,4,8,4,0.0,s191,f1012781 - s191,source_to_storage,storage,N,,,SWCA,20.0,SWCA,0.0,s1,0,3.4311,0,50000000.0
367,LOBO PROCESSING PLANT,f1012781,4.0,3,7,31.7505,-103.5075,ng_processing,Strawn1,s205,TX,51068.0,-102.444,31.7932,8.0,4,7,3,0.0,s205,f1012781 - s205,source_to_storage,storage,N,,,SWCA,20.0,SWCA,0.0,s1,0,3.4311,0,50000000.0
368,LOBO PROCESSING PLANT,f1012781,4.0,3,7,31.7505,-103.5075,ng_processing,Leonard1,s99,TX,51294.0,-102.444,31.7932,8.0,4,7,3,0.0,s99,f1012781 - s99,source_to_storage,storage,N,,,SWCA,20.0,SWCA,0.0,s1,0,3.4311,0,50000000.0
369,LOBO PROCESSING PLANT,f1012781,4.0,3,7,31.7505,-103.5075,ng_processing,Seven Rivers2,s192,TX,51068.0,-102.4437,31.7932,8.0,4,7,3,0.0,s192,f1012781 - s192,source_to_storage,storage,N,,,SWCA,20.0,SWCA,0.0,s1,0,3.4311,0,50000000.0
370,LOBO PROCESSING PLANT,f1012781,4.0,3,7,31.7505,-103.5075,ng_processing,Queen2,s171,NM,9346.0,-103.846,34.6309,4.0,4,8,4,0.0,s171,f1012781 - s171,source_to_storage,storage,N,,,SWCA,20.0,SWCA,0.0,s1,0,3.4311,0,50000000.0
371,LOBO PROCESSING PLANT,f1012781,4.0,3,7,31.7505,-103.5075,ng_processing,Leonard2,s100,NM,9346.0,-103.619,32.9469,4.0,4,8,4,0.0,s100,f1012781 - s100,source_to_storage,storage,N,,,SWCA,20.0,SWCA,0.0,s1,0,3.4311,0,50000000.0
372,LONE STAR INDUSTRIES,f1006112,3.0,2,4,37.2676,-89.5385,cement,Knox1,s92,IL,10500.0,-88.8089,38.8847,0.0,1,3,2,0.0,s92,f1006112 - s92,source_to_storage,storage,N,,,GP,20.0,GP,0.0,s1,0,2.4782,0,50000000.0
373,,ts55,5.0,4,8,40.0975,-108.8773,operational_ts_node,Weber3,s221,CO,5712.0,-107.8178,40.6082,0.0,5,8,4,0.0,s221,ts55 - s221,ts_node_to_storage,storage,N,,,RM,20.0,RM,0.0,s1,0,2.4782,0,50000000.0
374,,ts45,2.0,3,7,30.7654,-90.7576,operational_ts_node,Eutaw1,s59,MS,29518.0,-89.8942,31.9943,0.0,2,6,3,0.0,s59,ts45 - s59,ts_node_to_storage,storage,N,,,SE,20.0,SE,0.0,s1,0,3.6871,0,50000000.0
375,facility_pp_coal_1934,fc1934_cluster,,2,3,39.0042,-85.2895,pp_coal,Mount Simon6,s139,IN,29370.0,-86.0531,40.2057,0.0,1,3,2,0.0,s139,fc1934_cluster - s139,source_to_storage,storage,N,,,GL,20.0,GL,0.0,s1,0,3.9539,0,50000000.0
376,Core Energy CO2-EOR,f1010117,1.0,2,3,45.113,-84.652,ng_processing,St. Peter10,s202,MI,9200.0,-84.4233,44.0351,0.0,1,3,2,0.0,s202,f1010117 - s202,source_to_storage,storage,N,,,GL,20.0,GL,0.0,s1,0,3.9539,0,50000000.0
377,NATIONAL HELIUM PLANT,f1008924,3.0,2,4,37.1592,-100.7625,ng_processing,Arbuckle1,s1,OK,10229.0,-98.5544,36.3994,0.0,3,7,3,0.0,s1,f1008924 - s1,source_to_storage,storage,N,,,GP,20.0,GP,0.0,s1,0,2.4782,0,50000000.0
378,facility_ng_processing_1993,fc1993_cluster,,2,4,37.1592,-100.7625,ng_processing,Arbuckle1,s1,OK,10229.0,-98.5544,36.3994,0.0,3,7,3,0.0,s1,fc1993_cluster - s1,source_to_storage,storage,N,,,GP,20.0,GP,0.0,s1,0,2.4782,0,50000000.0
379,facility_pp_coal_1934,fc1934_cluster,,2,3,39.0042,-85.2895,pp_coal,Mount Simon11,s144,KY,10350.0,-84.5965,38.2913,0.0,1,6,3,0.0,s144,fc1934_cluster - s144,source_to_storage,storage,N,,,GL,20.0,GL,0.0,s1,0,3.9539,0,50000000.0
380,facility_ng_processing_1985,fc1985_cluster,,4,8,38.1295,-104.8068,ng_processing,Morrison3,s127,CO,24922.0,-103.7797,39.8853,0.0,5,8,4,0.0,s127,fc1985_cluster - s127,source_to_storage,storage,N,,,RM,20.0,RM,0.0,s1,0,2.4782,0,50000000.0
381,FREEPORT LNG PRETREATMENT FACILITY,f1013753,2.0,3,7,28.9849,-95.3087,ng_processing,Frio10,s79,TX,2317.0,-96.5041,28.516,2.0,2,7,3,0.0,s79,f1013753 - s79,source_to_storage,storage,N,,,SWCA,20.0,SWCA,0.0,s1,0,3.4311,0,50000000.0
382,,ts27,1.0,2,3,38.321,-89.1261,uniform_ts_node,Mount Simon3,s136,IL,20633.0,-89.239,39.9199,0.0,1,3,2,0.0,s136,ts27 - s136,ts_node_to_storage,storage,N,,,GL,20.0,GL,0.0,s1,0,3.9539,0,50000000.0
383,facility_ethanol_1912,fc1912_cluster,,1,2,41.0308,-78.4298,ethanol,Rose Run3,s186,PA,8201.0,-78.8689,40.9262,0.0,1,2,1,0.0,s186,fc1912_cluster - s186,source_to_storage,storage,N,,,MA,20.0,MA,0.0,s1,0,4.7984,0,50000000.0
384,"Pennsylvania Grain Processing, LLC",f1003637,1.0,1,2,41.0308,-78.4298,ethanol,Rose Run3,s186,PA,8201.0,-78.8689,40.9262,0.0,1,2,1,0.0,s186,f1003637 - s186,source_to_storage,storage,N,,,MA,20.0,MA,0.0,s1,0,4.7984,0,50000000.0
385,,ts38,2.0,3,5,25.7975,-80.5225,uniform_ts_node,Cedar Keys-Lawson2,s22,FL,16981.0,-81.2459,26.7048,0.0,2,5,3,0.0,s22,ts38 - s22,ts_node_to_storage,storage,N,,,SE,20.0,SE,0.0,s1,0,3.6871,0,50000000.0
386,facility_beccs_2013,fc2013_cluster,,4,8,40.4534,-110.2953,beccs,Tensleep5,s213,UT,4436.0,-111.1856,41.1392,0.0,5,8,4,0.0,s213,fc2013_cluster - s213,source_to_storage,storage,N,,,RM,20.0,RM,0.0,s1,0,2.4782,0,50000000.0
387,facility_ethanol_1913,fc1913_cluster,,2,8,40.4534,-110.2953,ethanol,Tensleep5,s213,UT,4436.0,-111.1856,41.1392,0.0,5,8,4,0.0,s213,fc1913_cluster - s213,source_to_storage,storage,N,,,RM,20.0,RM,0.0,s1,0,2.4782,0,50000000.0
388,Terrell Gas Processing,f1003128,4.0,3,7,30.3718,-101.8449,ng_processing,Canyon3,s19,TX,49915.0,-102.4566,31.7628,8.0,4,7,3,0.0,s19,f1003128 - s19,source_to_storage,storage,N,,,SWCA,20.0,SWCA,0.0,s1,0,3.4311,0,50000000.0
389,LOBO PROCESSING PLANT,f1012781,4.0,3,7,31.7505,-103.5075,ng_processing,Canyon3,s19,TX,49915.0,-102.4566,31.7628,8.0,4,7,3,0.0,s19,f1012781 - s19,source_to_storage,storage,N,,,SWCA,20.0,SWCA,0.0,s1,0,3.4311,0,50000000.0
390,Air Products Port Arthur Facility,f1006402,2.0,3,7,29.866,-93.967,ammonia,Frio8,s76,TX,1200.0,-95.0137,29.322,3.0,2,7,3,0.0,s76,f1006402 - s76,source_to_storage,storage,N,,,SWCA,20.0,SWCA,0.0,s1,0,3.4311,0,50000000.0
391,Celanese Utilization Project,fop005,2.0,3,7,29.5603,-95.0535,other_operational_facility,,p4701,TX,,-95.0593,29.8337,3.0,2,7,3,,,fop005 - p4701,source_to_demand,co2_eor,N,,,SWCA,20.0,SWCA,0.0,s1,0,0.0,0,50000000.0
392,facility_beccs_2018,fc2018_cluster,,2,3,42.0372,-86.5322,beccs,Mount Simon6,s139,IN,29370.0,-86.0531,40.2057,0.0,1,3,2,0.0,s139,fc2018_cluster - s139,source_to_storage,storage,N,,,GL,20.0,GL,0.0,s1,0,3.9539,0,50000000.0
393,facility_ammonia_2009,fc2009_cluster,,3,3,42.0372,-86.5322,ammonia,Mount Simon6,s139,IN,29370.0,-86.0531,40.2057,0.0,1,3,2,0.0,s139,fc2009_cluster - s139,source_to_storage,storage,N,,,GL,20.0,GL,0.0,s1,0,3.9539,0,50000000.0
394,Air Products Port Arthur Facility,f1006402,2.0,3,7,29.866,-93.967,ammonia,Frio7b,s75,TX,1537.0,-95.0427,29.5431,3.0,2,7,3,0.0,s75,f1006402 - s75,source_to_storage,storage,N,,,SWCA,20.0,SWCA,0.0,s1,0,3.4311,0,50000000.0
395,Air Products Port Arthur Facility,f1006402,2.0,3,7,29.866,-93.967,ammonia,Frio7a,s74,TX,1537.0,-95.0427,29.5431,3.0,2,7,3,0.0,s74,f1006402 - s74,source_to_storage,storage,N,,,SWCA,20.0,SWCA,0.0,s1,0,3.4311,0,50000000.0
396,AGRIUM US BORGER NITROGEN OPERATIONS,f1002380,3.0,3,7,35.6411,-101.4203,ammonia,Wolfcamp1,s226,TX,15012.0,-101.642,34.6805,10.0,3,7,3,0.0,s226,f1002380 - s226,source_to_storage,storage,N,,,SWCA,20.0,SWCA,0.0,s1,0,3.4311,0,50000000.0
397,AGRIUM US BORGER NITROGEN OPERATIONS,f1002380,3.0,3,7,35.6411,-101.4203,ammonia,Canyon1,s17,TX,15157.0,-101.6575,34.6788,10.0,3,7,3,0.0,s17,f1002380 - s17,source_to_storage,storage,N,,,SWCA,20.0,SWCA,0.0,s1,0,3.4311,0,50000000.0
398,AGRIUM US BORGER NITROGEN OPERATIONS,f1002380,3.0,3,7,35.6411,-101.4203,ammonia,Cisco1,s24,TX,15012.0,-101.6575,34.6788,10.0,3,7,3,0.0,s24,f1002380 - s24,source_to_storage,storage,N,,,SWCA,20.0,SWCA,0.0,s1,0,3.4311,0,50000000.0
399,MOUNTAIN CEMENT CO,f1005978,5.0,4,8,41.2611,-105.6032,cement,Dakota9,s44,WY,5028.0,-104.5313,41.6629,0.0,5,8,4,0.0,s44,f1005978 - s44,source_to_storage,storage,N,,,RM,20.0,RM,0.0,s1,0,2.4782,0,50000000.0
400,MOUNTAIN CEMENT CO,f1005978,5.0,4,8,41.2611,-105.6032,cement,Entrada6,s55,WY,5028.0,-104.5313,41.6629,0.0,5,8,4,0.0,s55,f1005978 - s55,source_to_storage,storage,N,,,RM,20.0,RM,0.0,s1,0,2.4782,0,50000000.0
401,,ts72,2.0,3,7,29.0,-97.5,uniform_ts_node,Frio1,s67,TX,4855.0,-95.6624,29.7957,3.0,2,7,3,0.0,s67,ts72 - s67,ts_node_to_storage,storage,N,,,SWCA,20.0,SWCA,0.0,s1,0,3.4311,0,50000000.0
402,facility_pp_natgas_1959,fc1959_cluster,,4,9,34.3325,-118.2969,pp_natgas,Repetto2b,s176,CA,320.0,-118.1612,33.8864,0.0,7,9,4,0.0,s176,fc1959_cluster - s176,source_to_storage,storage,N,,,SWCA,20.0,SWCA,0.0,s1,0,3.4311,0,50000000.0
403,facility_pp_natgas_1959,fc1959_cluster,,4,9,34.3325,-118.2969,pp_natgas,Repetto2a,s175,CA,320.0,-118.1612,33.8864,0.0,7,9,4,0.0,s175,fc1959_cluster - s175,source_to_storage,storage,N,,,SWCA,20.0,SWCA,0.0,s1,0,3.4311,0,50000000.0
404,facility_pp_natgas_1959,fc1959_cluster,,4,9,34.3325,-118.2969,pp_natgas,Repetto3a,s178,CA,125.0,-118.1612,33.8864,0.0,7,9,4,0.0,s178,fc1959_cluster - s178,source_to_storage,storage,N,,,SWCA,20.0,SWCA,0.0,s1,0,3.4311,0,50000000.0
405,facility_pp_natgas_1959,fc1959_cluster,,4,9,34.3325,-118.2969,pp_natgas,Repetto3b,s179,CA,125.0,-118.1612,33.8864,0.0,7,9,4,0.0,s179,fc1959_cluster - s179,source_to_storage,storage,N,,,SWCA,20.0,SWCA,0.0,s1,0,3.4311,0,50000000.0
406,facility_pp_natgas_1959,fc1959_cluster,,4,9,34.3325,-118.2969,pp_natgas,Repetto3c,s180,CA,125.0,-118.1612,33.8864,0.0,7,9,4,0.0,s180,fc1959_cluster - s180,source_to_storage,storage,N,,,SWCA,20.0,SWCA,0.0,s1,0,3.4311,0,50000000.0
407,facility_pp_natgas_1959,fc1959_cluster,,4,9,34.3325,-118.2969,pp_natgas,Repetto3d,s181,CA,125.0,-118.1612,33.8864,0.0,7,9,4,0.0,s181,fc1959_cluster - s181,source_to_storage,storage,N,,,SWCA,20.0,SWCA,0.0,s1,0,3.4311,0,50000000.0
408,facility_pp_natgas_1959,fc1959_cluster,,4,9,34.3325,-118.2969,pp_natgas,Repetto2c,s177,CA,320.0,-118.1612,33.8864,0.0,7,9,4,0.0,s177,fc1959_cluster - s177,source_to_storage,storage,N,,,SWCA,20.0,SWCA,0.0,s1,0,3.4311,0,50000000.0
409,facility_pp_natgas_1959,fc1959_cluster,,4,9,34.3325,-118.2969,pp_natgas,Repetto1,s174,CA,51.0,-118.1612,33.8864,0.0,7,9,4,0.0,s174,fc1959_cluster - s174,source_to_storage,storage,N,,,SWCA,20.0,SWCA,0.0,s1,0,3.4311,0,50000000.0
410,ROADRUNNER GAS PROCESSING PLANT,f1013364,4.0,4,8,32.2659,-104.1124,ng_processing,Atoka1,s5,TX,51294.0,-102.444,31.7932,8.0,4,7,3,0.0,s5,f1013364 - s5,source_to_storage,storage,N,,,RM,20.0,RM,0.0,s1,0,2.4782,0,50000000.0
411,ROADRUNNER GAS PROCESSING PLANT,f1013364,4.0,4,8,32.2659,-104.1124,ng_processing,Fusselman1,s86,TX,51068.0,-102.444,31.7932,8.0,4,7,3,0.0,s86,f1013364 - s86,source_to_storage,storage,N,,,RM,20.0,RM,0.0,s1,0,2.4782,0,50000000.0
412,KOSMOS CEMENT CO,f1007997,1.0,3,6,38.0347,-85.906,cement,Knox5,s96,KY,2610.0,-87.2952,37.4824,0.0,1,6,3,0.0,s96,f1007997 - s96,source_to_storage,storage,N,,,SE,20.0,SE,0.0,s1,0,3.6871,0,50000000.0
413,Air Products Port Arthur Facility,f1006402,2.0,3,7,29.866,-93.967,ammonia,,ts46,TX,,-93.8362,30.1309,3.0,2,7,3,,,f1006402 - ts46,source_to_ts_node,operational_ts_node,N,,,SWCA,20.0,SWCA,0.0,s1,0,3.4311,0,50000000.0
414,Air Products Port Arthur Facility,f1006402,2.0,3,7,29.866,-93.967,ammonia,Frio3a,s69,TX,1193.0,-94.2397,30.2314,3.0,2,7,3,0.0,s69,f1006402 - s69,source_to_storage,storage,N,,,SWCA,20.0,SWCA,0.0,s1,0,3.4311,0,50000000.0
415,Air Products Port Arthur Facility,f1006402,2.0,3,7,29.866,-93.967,ammonia,Frio3b,s70,TX,1193.0,-94.2397,30.2314,3.0,2,7,3,0.0,s70,f1006402 - s70,source_to_storage,storage,N,,,SWCA,20.0,SWCA,0.0,s1,0,3.4311,0,50000000.0
416,Oak Grove (TX)      ,fpp6180.0OG2  ,4.0,3,7,31.18,-96.487,pp_coal,Paluxy3,s164,TX,11534.0,-95.243,32.3169,6.0,2,7,3,0.0,s164,fpp6180.0OG2   - s164,source_to_storage,storage,N,,,SWCA,20.0,SWCA,0.0,s1,0,3.4311,0,50000000.0
417,Oak Grove (TX)      ,fpp6180.0OG1  ,4.0,3,7,31.18,-96.487,pp_coal,Paluxy3,s164,TX,11534.0,-95.243,32.3169,6.0,2,7,3,0.0,s164,fpp6180.0OG1   - s164,source_to_storage,storage,N,,,SWCA,20.0,SWCA,0.0,s1,0,3.4311,0,50000000.0
418,Green Plains Mount Vernon LLC,f1003377,1.0,2,3,37.9098,-87.7265,ethanol,Knox5,s96,KY,2610.0,-87.2952,37.4824,0.0,1,6,3,0.0,s96,f1003377 - s96,source_to_storage,storage,N,,,GL,25.0,GL,0.0,s1,0,4.9067,0,50000000.0
419,TERRELL GAS PROCESSING,f1000002,2.0,3,7,40.3711,-85.1981,ng_processing,Mount Simon6,s139,IN,29370.0,-86.0531,40.2057,0.0,1,3,2,0.0,s139,f1000002 - s139,source_to_storage,storage,N,,,GL,25.0,GL,0.0,s1,0,4.9067,0,50000000.0
420,ContangoResources_LOST CABIN,f1002265,5.0,4,8,43.2811,-107.6012,ng_processing,,hsm_cent5,,,-107.5514,42.9928,,5,8,4,,,f1002265 - hsm_cent5,source_to_hsm_cent,hsm_centroid,Y,,664050.0628,RM,25.0,RM,0.0,s1,0,3.0799,0,50000000.0
421,,ts72,2.0,3,7,29.0,-97.5,uniform_ts_node,Frio2,s68,TX,4357.0,-97.9289,27.5054,4.0,2,7,3,0.0,s68,ts72 - s68,ts_node_to_storage,storage,N,,,SWCA,25.0,SWCA,0.0,s1,0,4.2673,0,50000000.0
422,Archer Daniels Midland Co.,f1005661,1.0,2,3,39.8675,-88.885,ethanol,,hsm_cent1,,,-89.1967,40.0416,,1,3,2,,,f1005661 - hsm_cent1,source_to_hsm_cent,hsm_centroid,N,,0.0,GL,25.0,GL,0.0,s1,0,4.9067,0,50000000.0
423,WOODSBORO PLANT,f1010643,2.0,3,7,28.176,-97.2817,ng_processing,,p4733,TX,,-97.3119,27.8798,4.0,2,7,3,,,f1010643 - p4733,source_to_demand,co2_eor,N,,,SWCA,25.0,SWCA,0.0,s1,0,4.2673,0,50000000.0
424,facility_ammonia_2009,fc2009_cluster,,3,3,42.0372,-86.5322,ammonia,St. Peter8,s200,MI,11160.0,-85.0621,42.4439,0.0,1,3,2,0.0,s200,fc2009_cluster - s200,source_to_storage,storage,N,,,GL,25.0,GL,0.0,s1,0,4.9067,0,50000000.0
425,facility_beccs_2018,fc2018_cluster,,2,3,42.0372,-86.5322,beccs,St. Peter8,s200,MI,11160.0,-85.0621,42.4439,0.0,1,3,2,0.0,s200,fc2018_cluster - s200,source_to_storage,storage,N,,,GL,25.0,GL,0.0,s1,0,4.9067,0,50000000.0
426,,ts59,5.0,4,8,40.1656,-103.5956,uniform_ts_node,Fountain2a,s65,CO,2794.0,-103.683,40.1835,0.0,5,8,4,0.0,s65,ts59 - s65,ts_node_to_storage,storage,N,,,RM,25.0,RM,0.0,s1,0,3.0799,0,50000000.0
427,,ts59,5.0,4,8,40.1656,-103.5956,uniform_ts_node,Lyons2,s112,CO,2784.0,-103.683,40.1835,0.0,5,8,4,0.0,s112,ts59 - s112,ts_node_to_storage,storage,N,,,RM,25.0,RM,0.0,s1,0,3.0799,0,50000000.0
428,,ts59,5.0,4,8,40.1656,-103.5956,uniform_ts_node,Fountain2b,s66,CO,2794.0,-103.683,40.1835,0.0,5,8,4,0.0,s66,ts59 - s66,ts_node_to_storage,storage,N,,,RM,25.0,RM,0.0,s1,0,3.0799,0,50000000.0
429,Petra Nova,fop006,2.0,3,7,29.4791,-95.6294,other_operational_facility,Frio10,s79,TX,2317.0,-96.5041,28.516,2.0,2,7,3,0.0,s79,fop006 - s79,source_to_storage,storage,N,,,SWCA,25.0,SWCA,0.0,s1,0,4.2673,0,50000000.0
430,facility_pp_coal_1922,fc1922_cluster,,1,2,40.5961,-79.1495,pp_coal,Rose Run3,s186,PA,8201.0,-78.8689,40.9262,0.0,1,2,1,0.0,s186,fc1922_cluster - s186,source_to_storage,storage,N,,,MA,25.0,MA,0.0,s1,0,5.9949,0,50000000.0
431,Holcim (US) INC JOPPA PLANT,f1000243,1.0,2,3,37.2168,-88.8798,cement,Knox5,s96,KY,2610.0,-87.2952,37.4824,0.0,1,6,3,0.0,s96,f1000243 - s96,source_to_storage,storage,N,,,GL,25.0,GL,0.0,s1,0,4.9067,0,50000000.0
432,facility_pp_natgas_1969,fc1969_cluster,,3,5,27.1011,-80.5366,pp_natgas,Cedar Keys-Lawson2,s22,FL,16981.0,-81.2459,26.7048,0.0,2,5,3,0.0,s22,fc1969_cluster - s22,source_to_storage,storage,N,,,SE,25.0,SE,0.0,s1,0,4.5619,0,50000000.0
433,facility_pp_coal_1924,fc1924_cluster,,3,7,32.5403,-95.8707,pp_coal,Paluxy1,s162,TX,409.0,-95.4224,32.4907,6.0,2,7,3,0.0,s162,fc1924_cluster - s162,source_to_storage,storage,N,,,SWCA,25.0,SWCA,0.0,s1,0,4.2673,0,50000000.0
434,TARGA PEMBROOK GAS PROCESSING PLANT,f1011558,4.0,3,7,31.6327,-101.8433,ng_processing,,ts49,TX,,-102.0845,31.404,73.0,4,7,3,,,f1011558 - ts49,source_to_ts_node,operational_ts_node,N,,,SWCA,25.0,SWCA,0.0,s1,0,4.2673,0,50000000.0
435,facility_pp_coal_1937,fc1937_cluster,,2,4,41.2529,-96.2171,pp_coal,,ts20,NE,,-96.5899,41.3846,0.0,3,4,2,,,fc1937_cluster - ts20,source_to_ts_node,uniform_ts_node,N,,,GP,25.0,GP,0.0,s1,0,3.0799,0,50000000.0
436,Green Plains Madison LLC,f1005170,1.0,2,3,38.68,-90.1719,ethanol,Knox1,s92,IL,10500.0,-88.8089,38.8847,0.0,1,3,2,0.0,s92,f1005170 - s92,source_to_storage,storage,N,,,GL,25.0,GL,0.0,s1,0,4.9067,0,50000000.0
437,MOUNTAIN CEMENT CO,f1005978,5.0,4,8,41.2611,-105.6032,cement,Dakota2,s37,CO,3054.0,-106.2868,40.6379,0.0,5,8,4,0.0,s37,f1005978 - s37,source_to_storage,storage,N,,,RM,25.0,RM,0.0,s1,0,3.0799,0,50000000.0
438,_agg_nonop_ng_processing6,f_agg_nonop_ng_processing6,2.0,3,7,28.6904,-97.8005,ng_processing,Frio2,s68,TX,4357.0,-97.9289,27.5054,4.0,2,7,3,0.0,s68,f_agg_nonop_ng_processing6 - s68,source_to_storage,storage,N,,,SWCA,25.0,SWCA,0.0,s1,0,4.2673,0,50000000.0
439,Petra Nova,fop006,2.0,3,7,29.4791,-95.6294,other_operational_facility,Frio9a,s77,TX,2342.0,-96.7746,28.605,2.0,2,7,3,0.0,s77,fop006 - s77,source_to_storage,storage,N,,,SWCA,25.0,SWCA,0.0,s1,0,4.2673,0,50000000.0
440,Petra Nova,fop006,2.0,3,7,29.4791,-95.6294,other_operational_facility,Frio9b,s78,TX,2342.0,-96.7746,28.605,2.0,2,7,3,0.0,s78,fop006 - s78,source_to_storage,storage,N,,,SWCA,25.0,SWCA,0.0,s1,0,4.2673,0,50000000.0
441,,ts31,1.0,3,6,38.0578,-85.4315,uniform_ts_node,Mount Simon6,s139,IN,29370.0,-86.0531,40.2057,0.0,1,3,2,0.0,s139,ts31 - s139,ts_node_to_storage,storage,N,,,SE,25.0,SE,0.0,s1,0,4.5619,0,50000000.0
442,JACKSON COUNTY GAS PLANT,f1011011,2.0,3,7,29.1077,-96.5409,ng_processing,Frio10,s79,TX,2317.0,-96.5041,28.516,2.0,2,7,3,0.0,s79,f1011011 - s79,source_to_storage,storage,N,,,SWCA,25.0,SWCA,0.0,s1,0,4.2673,0,50000000.0
443,facility_pp_coal_1936,fc1936_cluster,,3,6,38.3602,-84.8002,pp_coal,Mount Simon11,s144,KY,10350.0,-84.5965,38.2913,0.0,1,6,3,0.0,s144,fc1936_cluster - s144,source_to_storage,storage,N,,,SE,25.0,SE,0.0,s1,0,4.5619,0,50000000.0
444,LONE STAR INDUSTRIES INC,f1005302,1.0,2,3,39.6166,-86.8686,cement,Mount Simon5,s138,IN,5054.0,-86.9464,38.7475,0.0,1,3,2,0.0,s138,f1005302 - s138,source_to_storage,storage,N,,,GL,25.0,GL,0.0,s1,0,4.9067,0,50000000.0
445,LONE STAR INDUSTRIES INC,f1005302,1.0,2,3,39.6166,-86.8686,cement,Mount Simon6,s139,IN,29370.0,-86.0531,40.2057,0.0,1,3,2,0.0,s139,f1005302 - s139,source_to_storage,storage,N,,,GL,25.0,GL,0.0,s1,0,4.9067,0,50000000.0
446,ASH GROVE CEMENT COMPANY,f1002421,4.0,3,7,32.5199,-97.0068,cement,,ts58,TX,,-97.3799,32.575,5.0,4,7,3,,,f1002421 - ts58,source_to_ts_node,uniform_ts_node,N,,,SWCA,25.0,SWCA,0.0,s1,0,4.2673,0,50000000.0
447,TXI OPERATIONS,f1007792,4.0,3,7,32.4627,-97.0256,cement,,ts58,TX,,-97.3799,32.575,5.0,4,7,3,,,f1007792 - ts58,source_to_ts_node,uniform_ts_node,N,,,SWCA,25.0,SWCA,0.0,s1,0,4.2673,0,50000000.0
448,facility_pp_coal_1932,fc1932_cluster,,2,3,37.8836,-89.2386,pp_coal,Mount Simon3,s136,IL,20633.0,-89.239,39.9199,0.0,1,3,2,0.0,s136,fc1932_cluster - s136,source_to_storage,storage,N,,,GL,25.0,GL,0.0,s1,0,4.9067,0,50000000.0
449,facility_ng_processing_1986,fc1986_cluster,,3,7,31.6433,-102.7422,ng_processing,,p4410,TX,,-102.699,31.9612,8.0,4,7,3,,,fc1986_cluster - p4410,source_to_demand,co2_eor,N,,,SWCA,25.0,SWCA,0.0,s1,0,4.2673,0,50000000.0
450,,ts46,2.0,3,7,30.1309,-93.8362,operational_ts_node,Frio1,s67,TX,4855.0,-95.6624,29.7957,3.0,2,7,3,0.0,s67,ts46 - s67,ts_node_to_storage,storage,N,,,SWCA,25.0,SWCA,0.0,s1,0,4.2673,0,50000000.0
451,CEMEX MIAMI,f1004758,2.0,3,5,25.7865,-80.4211,cement,Cedar Keys-Lawson3,s23,FL,889.0,-80.7661,25.3186,0.0,2,5,3,0.0,s23,f1004758 - s23,source_to_storage,storage,N,,,SE,25.0,SE,0.0,s1,0,4.5619,0,50000000.0
452,GCC RIO GRANDE INC,f1003067,5.0,4,8,38.1291,-104.6067,cement,Dakota8,s43,CO,22831.0,-103.8294,39.9554,0.0,5,8,4,0.0,s43,f1003067 - s43,source_to_storage,storage,N,,,RM,25.0,RM,0.0,s1,0,3.0799,0,50000000.0
453,,ts53,5.0,4,8,42.1067,-108.417,operational_ts_node,Nugget2,s154,WY,22707.0,-108.4889,41.8307,0.0,5,8,4,0.0,s154,ts53 - s154,ts_node_to_storage,storage,N,,,RM,25.0,RM,0.0,s1,0,3.0799,0,50000000.0
454,Martin Lake         ,fpp6146.03    ,2.0,3,7,32.261,-94.571,pp_coal,Woodbine1,s228,TX,13575.0,-95.5742,31.6981,6.0,2,7,3,0.0,s228,fpp6146.03     - s228,source_to_storage,storage,N,,,SWCA,25.0,SWCA,0.0,s1,0,4.2673,0,50000000.0
455,_agg_nonop_ng_processing4,f_agg_nonop_ng_processing4,5.0,4,8,40.3049,-104.6614,ng_processing,Fountain1b,s64,CO,5044.0,-104.6681,40.1597,0.0,5,8,4,0.0,s64,f_agg_nonop_ng_processing4 - s64,source_to_storage,storage,N,,,RM,25.0,RM,0.0,s1,0,3.0799,0,50000000.0
456,GOLIAD GAS PLANT,f1010223,2.0,3,7,28.6181,-97.6381,ng_processing,Frio1,s67,TX,4855.0,-95.6624,29.7957,3.0,2,7,3,0.0,s67,f1010223 - s67,source_to_storage,storage,N,,,SWCA,25.0,SWCA,0.0,s1,0,4.2673,0,50000000.0
457,facility_pp_natgas_1944,fc1944_cluster,,4,8,39.7757,-104.5501,pp_natgas,Lyons2,s112,CO,2784.0,-103.683,40.1835,0.0,5,8,4,0.0,s112,fc1944_cluster - s112,source_to_storage,storage,N,,,RM,25.0,RM,0.0,s1,0,3.0799,0,50000000.0
458,facility_pp_natgas_1944,fc1944_cluster,,4,8,39.7757,-104.5501,pp_natgas,Fountain2b,s66,CO,2794.0,-103.683,40.1835,0.0,5,8,4,0.0,s66,fc1944_cluster - s66,source_to_storage,storage,N,,,RM,25.0,RM,0.0,s1,0,3.0799,0,50000000.0
459,facility_pp_natgas_1944,fc1944_cluster,,4,8,39.7757,-104.5501,pp_natgas,Fountain2a,s65,CO,2794.0,-103.683,40.1835,0.0,5,8,4,0.0,s65,fc1944_cluster - s65,source_to_storage,storage,N,,,RM,25.0,RM,0.0,s1,0,3.0799,0,50000000.0
460,THE ANDERSONS MARATHON HOLDINGS LLC MI,f1007933,1.0,2,3,42.2596,-84.7897,ethanol,St. Peter8,s200,MI,11160.0,-85.0621,42.4439,0.0,1,3,2,0.0,s200,f1007933 - s200,source_to_storage,storage,N,,,GL,25.0,GL,0.0,s1,0,4.9067,0,50000000.0
461,HOLCIM (US) INC STE GENEVIEVE PLANT,f1007563,3.0,2,4,38.1099,-90.2579,cement,Knox1,s92,IL,10500.0,-88.8089,38.8847,0.0,1,3,2,0.0,s92,f1007563 - s92,source_to_storage,storage,N,,,GP,25.0,GP,0.0,s1,0,3.0799,0,50000000.0
462,_agg_nonop_ng_processing4,f_agg_nonop_ng_processing4,5.0,4,8,40.3049,-104.6614,ng_processing,,p3907,CO,,-104.79,40.6282,0.0,5,8,4,,,f_agg_nonop_ng_processing4 - p3907,source_to_demand,co2_eor,N,,,RM,25.0,RM,0.0,s1,0,3.0799,0,50000000.0
463,Martin Lake         ,fpp6146.03    ,2.0,3,7,32.261,-94.571,pp_coal,Paluxy2,s163,TX,8108.0,-95.4206,32.2673,6.0,2,7,3,0.0,s163,fpp6146.03     - s163,source_to_storage,storage,N,,,SWCA,25.0,SWCA,0.0,s1,0,4.2673,0,50000000.0
464,_agg_nonop_ng_processing4,f_agg_nonop_ng_processing4,5.0,4,8,40.3049,-104.6614,ng_processing,Fountain2b,s66,CO,2794.0,-103.683,40.1835,0.0,5,8,4,0.0,s66,f_agg_nonop_ng_processing4 - s66,source_to_storage,storage,N,,,RM,25.0,RM,0.0,s1,0,3.0799,0,50000000.0
465,_agg_nonop_ng_processing4,f_agg_nonop_ng_processing4,5.0,4,8,40.3049,-104.6614,ng_processing,Lyons2,s112,CO,2784.0,-103.683,40.1835,0.0,5,8,4,0.0,s112,f_agg_nonop_ng_processing4 - s112,source_to_storage,storage,N,,,RM,25.0,RM,0.0,s1,0,3.0799,0,50000000.0
466,_agg_nonop_ng_processing4,f_agg_nonop_ng_processing4,5.0,4,8,40.3049,-104.6614,ng_processing,Fountain2a,s65,CO,2794.0,-103.683,40.1835,0.0,5,8,4,0.0,s65,f_agg_nonop_ng_processing4 - s65,source_to_storage,storage,N,,,RM,25.0,RM,0.0,s1,0,3.0799,0,50000000.0
467,,ts38,2.0,3,5,25.7975,-80.5225,uniform_ts_node,Cedar Keys-Lawson3,s23,FL,889.0,-80.7661,25.3186,0.0,2,5,3,0.0,s23,ts38 - s23,ts_node_to_storage,storage,N,,,SE,25.0,SE,0.0,s1,0,4.5619,0,50000000.0
468,ASH GROVE CEMENT-FOREMAN,f1007606,3.0,3,7,33.6936,-94.4166,cement,Paluxy3,s164,TX,11534.0,-95.243,32.3169,6.0,2,7,3,0.0,s164,f1007606 - s164,source_to_storage,storage,N,,,SE,25.0,SE,0.0,s1,0,4.5619,0,50000000.0
469,HOLCIM (US) Inc,f1002055,4.0,3,7,32.513,-96.9711,cement,,ts58,TX,,-97.3799,32.575,5.0,4,7,3,,,f1002055 - ts58,source_to_ts_node,uniform_ts_node,N,,,SWCA,25.0,SWCA,0.0,s1,0,4.2673,0,50000000.0
470,Petra Nova,fop006,2.0,3,7,29.4791,-95.6294,other_operational_facility,Frio8,s76,TX,1200.0,-95.0137,29.322,3.0,2,7,3,0.0,s76,fop006 - s76,source_to_storage,storage,N,,,SWCA,25.0,SWCA,0.0,s1,0,4.2673,0,50000000.0
471,Century Plant,f1004301,4.0,3,7,30.6082,-102.5785,ng_processing,Canyon3,s19,TX,49915.0,-102.4566,31.7628,8.0,4,7,3,0.0,s19,f1004301 - s19,source_to_storage,storage,N,,,SWCA,25.0,SWCA,0.0,s1,0,4.2673,0,50000000.0
472,Celanese Utilization Project,fop005,2.0,3,7,29.5603,-95.0535,other_operational_facility,Frio1,s67,TX,4855.0,-95.6624,29.7957,3.0,2,7,3,0.0,s67,fop005 - s67,source_to_storage,storage,N,,,SWCA,25.0,SWCA,0.0,s1,0,4.2673,0,50000000.0
473,HOLCIM (US) INC. DEVIL\S SLIDE PLANT,f1004131,5.0,4,8,41.0633,-111.5317,cement,Tensleep4,s212,WY,6902.0,-110.5927,41.9882,0.0,5,8,4,0.0,s212,f1004131 - s212,source_to_storage,storage,N,,,RM,25.0,RM,0.0,s1,0,3.0799,0,50000000.0
474,,ts18,3.0,3,7,35.639,-96.5454,uniform_ts_node,,p6004,OK,,-96.259,35.9157,0.0,3,7,3,,,ts18 - p6004,ts_node_to_demand,co2_eor,N,,,GP,25.0,GP,0.0,s1,0,3.0799,0,50000000.0
475,"LEHIGH CEMENT WEST, LLC.",f1002566,7.0,4,9,35.1228,-118.3693,cement,Stevens1,s204,CA,2393.0,-119.3053,35.4104,0.0,7,9,4,0.0,s204,f1002566 - s204,source_to_storage,storage,N,,,SWCA,50.0,SWCA,0.0,s1,0,9.0455,0,50000000.0
476,AL CORN CLEAN FUEL,f1005149,3.0,2,4,44.0494,-93.0174,ethanol,,ts25,MN,,-92.573,44.2227,0.0,3,4,2,,,f1005149 - ts25,source_to_ts_node,uniform_ts_node,N,,,GP,50.0,GP,0.0,s1,0,6.7731,0,50000000.0
477,facility_ethanol_1918,fc1918_cluster,,2,3,40.2174,-88.0168,ethanol,Mount Simon6,s139,IN,29370.0,-86.0531,40.2057,0.0,1,3,2,0.0,s139,fc1918_cluster - s139,source_to_storage,storage,N,,,GL,50.0,GL,0.0,s1,0,10.3839,0,50000000.0
478,facility_ethanol_1918,fc1918_cluster,,2,3,40.2174,-88.0168,ethanol,Mount Simon3,s136,IL,20633.0,-89.239,39.9199,0.0,1,3,2,0.0,s136,fc1918_cluster - s136,source_to_storage,storage,N,,,GL,50.0,GL,0.0,s1,0,10.3839,0,50000000.0
479,"GCC Permian, LLC",f1006363,4.0,3,7,31.7037,-102.3922,cement,,p4402,TX,,-102.637,32.0038,8.0,4,7,3,,,f1006363 - p4402,source_to_demand,co2_eor,N,,,SWCA,50.0,SWCA,0.0,s1,0,9.0455,0,50000000.0
480,MARQUIS ENERGY LLC,f1005374,1.0,2,3,41.2767,-89.3195,ethanol,,ts28,IL,,-88.8466,41.1859,0.0,1,3,2,,,f1005374 - ts28,source_to_ts_node,uniform_ts_node,N,,,GL,50.0,GL,0.0,s1,0,10.3839,0,50000000.0
481,"GCC Permian, LLC",f1006363,4.0,3,7,31.7037,-102.3922,cement,,p4410,TX,,-102.699,31.9612,8.0,4,7,3,,,f1006363 - p4410,source_to_demand,co2_eor,N,,,SWCA,50.0,SWCA,0.0,s1,0,9.0455,0,50000000.0
482,Blue Flint,fop003,6.0,2,4,47.4564,-101.1371,ethanol,Madison Gp-Mission Canyon1,s114,ND,29617.0,-102.248,47.524,0.0,6,4,2,0.0,s114,fop003 - s114,source_to_storage,storage,N,,,GP,50.0,GP,0.0,s1,0,6.7731,0,50000000.0
483,"CEMEX SOUTHEAST LLC, DEMOPOLIS PLANT",f1008033,2.0,3,6,32.5127,-87.8156,cement,Lower Tuscaloosa1,s101,AL,10592.0,-87.0544,31.4544,0.0,2,6,3,0.0,s101,f1008033 - s101,source_to_storage,storage,N,,,SE,50.0,SE,0.0,s1,0,9.7238,0,50000000.0
484,facility_ng_processing_1988,fc1988_cluster,,4,9,41.6603,-120.0975,ng_processing,,ts6,CA,,-120.3299,41.9847,0.0,7,9,4,,,fc1988_cluster - ts6,source_to_ts_node,uniform_ts_node,N,,,SWCA,50.0,SWCA,0.0,s1,0,9.0455,0,50000000.0
485,facility_ethanol_1915,fc1915_cluster,,2,9,41.6603,-120.0975,ethanol,,ts6,CA,,-120.3299,41.9847,0.0,7,9,4,,,fc1915_cluster - ts6,source_to_ts_node,uniform_ts_node,N,,,SWCA,50.0,SWCA,0.0,s1,0,9.0455,0,50000000.0
486,facility_beccs_2015,fc2015_cluster,,4,9,41.6603,-120.0975,beccs,,ts6,CA,,-120.3299,41.9847,0.0,7,9,4,,,fc2015_cluster - ts6,source_to_ts_node,uniform_ts_node,N,,,SWCA,50.0,SWCA,0.0,s1,0,9.0455,0,50000000.0
487,facility_ammonia_2006,fc2006_cluster,,3,9,41.6603,-120.0975,ammonia,,ts6,CA,,-120.3299,41.9847,0.0,7,9,4,,,fc2006_cluster - ts6,source_to_ts_node,uniform_ts_node,N,,,SWCA,50.0,SWCA,0.0,s1,0,9.0455,0,50000000.0
488,facility_pp_coal_1925,fc1925_cluster,,1,9,41.6603,-120.0975,pp_coal,,ts6,CA,,-120.3299,41.9847,0.0,7,9,4,,,fc1925_cluster - ts6,source_to_ts_node,uniform_ts_node,N,,,SWCA,50.0,SWCA,0.0,s1,0,9.0455,0,50000000.0
489,facility_pp_natgas_1948,fc1948_cluster,,4,8,40.1434,-111.7874,pp_natgas,Dakota5,s40,UT,10678.0,-110.4189,39.7311,0.0,5,8,4,0.0,s40,fc1948_cluster - s40,source_to_storage,storage,N,,,RM,50.0,RM,0.0,s1,0,6.7731,0,50000000.0
490,facility_pp_natgas_1948,fc1948_cluster,,4,8,40.1434,-111.7874,pp_natgas,Entrada2,s51,UT,10799.0,-110.4089,39.6458,0.0,5,8,4,0.0,s51,fc1948_cluster - s51,source_to_storage,storage,N,,,RM,50.0,RM,0.0,s1,0,6.7731,0,50000000.0
491,KOSMOS CEMENT CO,f1007997,1.0,3,6,38.0347,-85.906,cement,,ts31,KY,,-85.4315,38.0578,0.0,1,6,3,,,f1007997 - ts31,source_to_ts_node,uniform_ts_node,N,,,SE,50.0,SE,0.0,s1,0,9.7238,0,50000000.0
492,facility_ng_processing_1986,fc1986_cluster,,3,7,31.6433,-102.7422,ng_processing,,p4402,TX,,-102.637,32.0038,8.0,4,7,3,,,fc1986_cluster - p4402,source_to_demand,co2_eor,N,,,SWCA,50.0,SWCA,0.0,s1,0,9.0455,0,50000000.0
493,"Alto Pekin, LLC",f1000413,1.0,2,3,40.555,-89.6628,ethanol,Mount Simon3,s136,IL,20633.0,-89.239,39.9199,0.0,1,3,2,0.0,s136,f1000413 - s136,source_to_storage,storage,N,,,GL,50.0,GL,0.0,s1,0,10.3839,0,50000000.0
494,BECKVILLE GAS PROCESSING PLANT,f1012062,2.0,3,7,32.2356,-94.4861,ng_processing,Paluxy2,s163,TX,8108.0,-95.4206,32.2673,6.0,2,7,3,0.0,s163,f1012062 - s163,source_to_storage,storage,N,,,SWCA,50.0,SWCA,0.0,s1,0,9.0455,0,50000000.0
495,Green Plains Mount Vernon LLC,f1003377,1.0,2,3,37.9098,-87.7265,ethanol,Knox3,s94,IN,4930.0,-87.1143,38.6993,0.0,1,3,2,0.0,s94,f1003377 - s94,source_to_storage,storage,N,,,GL,50.0,GL,0.0,s1,0,10.3839,0,50000000.0
496,MOUNTAIN CEMENT CO,f1005978,5.0,4,8,41.2611,-105.6032,cement,Dakota8,s43,CO,22831.0,-103.8294,39.9554,0.0,5,8,4,0.0,s43,f1005978 - s43,source_to_storage,storage,N,,,RM,50.0,RM,0.0,s1,0,6.7731,0,50000000.0
497,Coal Creek          ,fpp6030.02    ,6.0,2,4,47.378,-101.157,pp_coal,Madison Gp-Mission Canyon1,s114,ND,29617.0,-102.248,47.524,0.0,6,4,2,0.0,s114,fpp6030.02     - s114,source_to_storage,storage,N,,,GP,50.0,GP,0.0,s1,0,6.7731,0,50000000.0
498,,ts33,1.0,2,3,43.7706,-84.5405,uniform_ts_node,St. Peter10,s202,MI,9200.0,-84.4233,44.0351,0.0,1,3,2,0.0,s202,ts33 - s202,ts_node_to_storage,storage,N,,,GL,50.0,GL,0.0,s1,0,10.3839,0,50000000.0
499,"DAKOTA ETHANOL, LLC",f1002585,6.0,2,4,43.9764,-96.9533,ethanol,,ts21,SD,,-96.615,44.2654,0.0,6,4,2,,,f1002585 - ts21,source_to_ts_node,uniform_ts_node,N,,,GP,50.0,GP,0.0,s1,0,6.7731,0,50000000.0
500,facility_ng_processing_1985,fc1985_cluster,,4,8,38.1295,-104.8068,ng_processing,Dakota6,s41,CO,2540.0,-104.9721,37.3544,0.0,5,8,4,0.0,s41,fc1985_cluster - s41,source_to_storage,storage,N,,,RM,50.0,RM,0.0,s1,0,6.7731,0,50000000.0
501,facility_pp_natgas_1949,fc1949_cluster,,4,8,39.563,-119.525,pp_natgas,,ts5,NV,,-119.3773,39.2008,0.0,5,8,4,,,fc1949_cluster - ts5,source_to_ts_node,uniform_ts_node,N,,,RM,50.0,RM,0.0,s1,0,6.7731,0,50000000.0
502,"South Bend Ethanol, LLC.",f1000415,1.0,2,3,41.6552,-86.2962,ethanol,St. Peter8,s200,MI,11160.0,-85.0621,42.4439,0.0,1,3,2,0.0,s200,f1000415 - s200,source_to_storage,storage,N,,,GL,50.0,GL,0.0,s1,0,10.3839,0,50000000.0
503,"Valero Renewable Fuels Company, LLC d/b/a Valero Mt. Vernon Plant",f1006490,1.0,2,3,37.9336,-87.8734,ethanol,Knox5,s96,KY,2610.0,-87.2952,37.4824,0.0,1,6,3,0.0,s96,f1006490 - s96,source_to_storage,storage,N,,,GL,50.0,GL,0.0,s1,0,10.3839,0,50000000.0
504,GCC RIO GRANDE INC,f1003067,5.0,4,8,38.1291,-104.6067,cement,Dakota6,s41,CO,2540.0,-104.9721,37.3544,0.0,5,8,4,0.0,s41,f1003067 - s41,source_to_storage,storage,N,,,RM,50.0,RM,0.0,s1,0,6.7731,0,50000000.0
505,JACKSON COUNTY GAS PLANT,f1011011,2.0,3,7,29.1077,-96.5409,ng_processing,Frio6,s73,TX,1889.0,-95.376,29.6715,3.0,2,7,3,0.0,s73,f1011011 - s73,source_to_storage,storage,N,,,SWCA,50.0,SWCA,0.0,s1,0,9.0455,0,50000000.0
506,RIVER CEMENT COMPANY DBA BUZZI UNICEM USA,f1003002,3.0,2,4,38.1804,-90.3366,cement,Knox1,s92,IL,10500.0,-88.8089,38.8847,0.0,1,3,2,0.0,s92,f1003002 - s92,source_to_storage,storage,N,,,GP,50.0,GP,0.0,s1,0,6.7731,0,50000000.0
507,MOUNTAIN CEMENT CO,f1005978,5.0,4,8,41.2611,-105.6032,cement,Morrison3,s127,CO,24922.0,-103.7797,39.8853,0.0,5,8,4,0.0,s127,f1005978 - s127,source_to_storage,storage,N,,,RM,50.0,RM,0.0,s1,0,6.7731,0,50000000.0
508,BECKVILLE GAS PROCESSING PLANT,f1012062,2.0,3,7,32.2356,-94.4861,ng_processing,Woodbine1,s228,TX,13575.0,-95.5742,31.6981,6.0,2,7,3,0.0,s228,f1012062 - s228,source_to_storage,storage,N,,,SWCA,50.0,SWCA,0.0,s1,0,9.0455,0,50000000.0
509,facility_ethanol_1918,fc1918_cluster,,2,3,40.2174,-88.0168,ethanol,Knox1,s92,IL,10500.0,-88.8089,38.8847,0.0,1,3,2,0.0,s92,fc1918_cluster - s92,source_to_storage,storage,N,,,GL,50.0,GL,0.0,s1,0,10.3839,0,50000000.0
510,facility_ng_processing_1987,fc1987_cluster,,3,7,30.7559,-95.4086,ng_processing,Paluxy3,s164,TX,11534.0,-95.243,32.3169,6.0,2,7,3,0.0,s164,fc1987_cluster - s164,source_to_storage,storage,N,,,SWCA,50.0,SWCA,0.0,s1,0,9.0455,0,50000000.0
511,Petra Nova,fop006,2.0,3,7,29.4791,-95.6294,other_operational_facility,Frio11,s80,TX,259.0,-95.674,28.9024,3.0,2,7,3,0.0,s80,fop006 - s80,source_to_storage,storage,N,,,SWCA,50.0,SWCA,0.0,s1,0,9.0455,0,50000000.0
512,Century Plant,f1004301,4.0,3,7,30.6082,-102.5785,ng_processing,Atoka1,s5,TX,51294.0,-102.444,31.7932,8.0,4,7,3,0.0,s5,f1004301 - s5,source_to_storage,storage,N,,,SWCA,50.0,SWCA,0.0,s1,0,9.0455,0,50000000.0
513,Century Plant,f1004301,4.0,3,7,30.6082,-102.5785,ng_processing,Queen1,s170,TX,51294.0,-101.642,34.6805,10.0,3,7,3,0.0,s170,f1004301 - s170,source_to_storage,storage,N,,,SWCA,50.0,SWCA,0.0,s1,0,9.0455,0,50000000.0
514,Century Plant,f1004301,4.0,3,7,30.6082,-102.5785,ng_processing,Seven Rivers1,s191,NM,9346.0,-103.6189,32.9649,4.0,4,8,4,0.0,s191,f1004301 - s191,source_to_storage,storage,N,,,SWCA,50.0,SWCA,0.0,s1,0,9.0455,0,50000000.0
515,Century Plant,f1004301,4.0,3,7,30.6082,-102.5785,ng_processing,Leonard1,s99,TX,51294.0,-102.444,31.7932,8.0,4,7,3,0.0,s99,f1004301 - s99,source_to_storage,storage,N,,,SWCA,50.0,SWCA,0.0,s1,0,9.0455,0,50000000.0
516,Century Plant,f1004301,4.0,3,7,30.6082,-102.5785,ng_processing,Fusselman1,s86,TX,51068.0,-102.444,31.7932,8.0,4,7,3,0.0,s86,f1004301 - s86,source_to_storage,storage,N,,,SWCA,50.0,SWCA,0.0,s1,0,9.0455,0,50000000.0
517,Century Plant,f1004301,4.0,3,7,30.6082,-102.5785,ng_processing,Strawn1,s205,TX,51068.0,-102.444,31.7932,8.0,4,7,3,0.0,s205,f1004301 - s205,source_to_storage,storage,N,,,SWCA,50.0,SWCA,0.0,s1,0,9.0455,0,50000000.0
518,Cargill Corn Milling North America,f1006425,3.0,2,4,41.534,-96.0979,ethanol,,ts20,NE,,-96.5899,41.3846,0.0,3,4,2,,,f1006425 - ts20,source_to_ts_node,uniform_ts_node,N,,,GP,50.0,GP,0.0,s1,0,6.7731,0,50000000.0
519,EAGLE-1 GAS PLANT,f1010118,2.0,3,7,29.1351,-96.6591,ng_processing,Frio10,s79,TX,2317.0,-96.5041,28.516,2.0,2,7,3,0.0,s79,f1010118 - s79,source_to_storage,storage,N,,,SWCA,50.0,SWCA,0.0,s1,0,9.0455,0,50000000.0
520,JACKSON LAKE GAS PLANT,f1013618,5.0,4,8,40.4527,-103.9559,ng_processing,,ts59,CO,,-103.5956,40.1656,0.0,5,8,4,,,f1013618 - ts59,source_to_ts_node,uniform_ts_node,N,,,RM,50.0,RM,0.0,s1,0,6.7731,0,50000000.0
521,"GCC Permian, LLC",f1006363,4.0,3,7,31.7037,-102.3922,cement,,ts49,TX,,-102.0845,31.404,73.0,4,7,3,,,f1006363 - ts49,source_to_ts_node,operational_ts_node,N,,,SWCA,50.0,SWCA,0.0,s1,0,9.0455,0,50000000.0
522,KOSMOS CEMENT CO,f1007997,1.0,3,6,38.0347,-85.906,cement,Mount Simon5,s138,IN,5054.0,-86.9464,38.7475,0.0,1,3,2,0.0,s138,f1007997 - s138,source_to_storage,storage,N,,,SE,50.0,SE,0.0,s1,0,9.7238,0,50000000.0
523,facility_pp_natgas_1948,fc1948_cluster,,4,8,40.1434,-111.7874,pp_natgas,Morrison7,s131,UT,8007.0,-110.0577,39.9471,0.0,5,8,4,0.0,s131,fc1948_cluster - s131,source_to_storage,storage,N,,,RM,50.0,RM,0.0,s1,0,6.7731,0,50000000.0
524,GOLIAD GAS PLANT,f1010223,2.0,3,7,28.6181,-97.6381,ng_processing,,ts72,TX,,-97.5,29.0,2.0,2,7,3,,,f1010223 - ts72,source_to_ts_node,uniform_ts_node,N,,,SWCA,50.0,SWCA,0.0,s1,0,9.0455,0,50000000.0
525,_agg_nonop_ng_processing7,f_agg_nonop_ng_processing7,4.0,3,7,31.3445,-96.2344,ng_processing,Paluxy2,s163,TX,8108.0,-95.4206,32.2673,6.0,2,7,3,0.0,s163,f_agg_nonop_ng_processing7 - s163,source_to_storage,storage,N,,,SWCA,50.0,SWCA,0.0,s1,0,9.0455,0,50000000.0
526,LAFARGE Paulding Plant (INCLUDING SYSTECH ENV CORP),f1007766,1.0,2,3,41.1809,-84.6048,cement,,ts32,IN,,-85.0039,40.9117,0.0,1,3,2,,,f1007766 - ts32,source_to_ts_node,uniform_ts_node,N,,,GL,50.0,GL,0.0,s1,0,10.3839,0,50000000.0
527,SIGNAL MOUNTAIN CEMENT CO,f1000247,1.0,3,6,35.1012,-85.3453,cement,,ts30,TN,,-85.8272,35.2015,0.0,1,6,3,,,f1000247 - ts30,source_to_ts_node,uniform_ts_node,N,,,SE,50.0,SE,0.0,s1,0,9.7238,0,50000000.0
528,"GCC Permian, LLC",f1006363,4.0,3,7,31.7037,-102.3922,cement,,p4412,TX,,-102.841,31.5659,8.0,4,7,3,,,f1006363 - p4412,source_to_demand,co2_eor,N,,,SWCA,50.0,SWCA,0.0,s1,0,9.0455,0,50000000.0
529,_agg_nonop_ng_processing6,f_agg_nonop_ng_processing6,2.0,3,7,28.6904,-97.8005,ng_processing,,ts72,TX,,-97.5,29.0,2.0,2,7,3,,,f_agg_nonop_ng_processing6 - ts72,source_to_ts_node,uniform_ts_node,N,,,SWCA,50.0,SWCA,0.0,s1,0,9.0455,0,50000000.0
530,Brooksville South Cement Plant,f1003303,2.0,3,5,28.5823,-82.4308,cement,Cedar Keys-Lawson2,s22,FL,16981.0,-81.2459,26.7048,0.0,2,5,3,0.0,s22,f1003303 - s22,source_to_storage,storage,N,,,SE,50.0,SE,0.0,s1,0,9.7238,0,50000000.0
531,TARMAC PENNSUCO COMPLEX,f1007052,2.0,3,5,25.8739,-80.3756,cement,Cedar Keys-Lawson3,s23,FL,889.0,-80.7661,25.3186,0.0,2,5,3,0.0,s23,f1007052 - s23,source_to_storage,storage,N,,,SE,50.0,SE,0.0,s1,0,9.7238,0,50000000.0
532,_agg_nonop_ng_processing1,f_agg_nonop_ng_processing1,2.0,3,7,31.8281,-94.2781,ng_processing,Paluxy2,s163,TX,8108.0,-95.4206,32.2673,6.0,2,7,3,0.0,s163,f_agg_nonop_ng_processing1 - s163,source_to_storage,storage,N,,,SWCA,50.0,SWCA,0.0,s1,0,9.0455,0,50000000.0
533,GOLIAD GAS PLANT,f1010223,2.0,3,7,28.6181,-97.6381,ng_processing,Frio9b,s78,TX,2342.0,-96.7746,28.605,2.0,2,7,3,0.0,s78,f1010223 - s78,source_to_storage,storage,N,,,SWCA,50.0,SWCA,0.0,s1,0,9.0455,0,50000000.0
534,GOLIAD GAS PLANT,f1010223,2.0,3,7,28.6181,-97.6381,ng_processing,Frio9a,s77,TX,2342.0,-96.7746,28.605,2.0,2,7,3,0.0,s77,f1010223 - s77,source_to_storage,storage,N,,,SWCA,50.0,SWCA,0.0,s1,0,9.0455,0,50000000.0
535,"Holcim (US), Inc.",f1004078,1.0,3,5,39.6524,-77.6805,cement,,ts41,PA,,-77.4375,40.0209,0.0,1,2,1,,,f1004078 - ts41,source_to_ts_node,uniform_ts_node,N,,,MA,50.0,MA,0.0,s1,0,13.1263,0,50000000.0
536,TARGA WILDCAT GAS PROCESSING PLANT,f1013183,4.0,3,7,31.8052,-103.2412,ng_processing,,p4412,TX,,-102.841,31.5659,8.0,4,7,3,,,f1013183 - p4412,source_to_demand,co2_eor,N,,,SWCA,50.0,SWCA,0.0,s1,0,0.0,0,50000000.0
537,,ts54,6.0,4,8,45.1121,-104.9217,operational_ts_node,Madison1,s118,WY,27700.0,-105.6614,43.8523,0.0,5,8,4,0.0,s118,ts54 - s118,ts_node_to_storage,storage,N,,,RM,50.0,RM,0.0,s1,0,6.7731,0,50000000.0
538,"SUWANNEE AMERICAN CEMENT COMPANY, LLC",f1003883,2.0,3,5,28.7609,-82.0254,cement,Cedar Keys-Lawson1,s21,FL,5666.0,-81.2325,27.8396,0.0,2,5,3,0.0,s21,f1003883 - s21,source_to_storage,storage,N,,,SE,50.0,SE,0.0,s1,0,9.7238,0,50000000.0
539,,ts54,6.0,4,8,45.1121,-104.9217,operational_ts_node,Minnelusa2,s123,MT,3611.0,-106.228,45.3843,0.0,6,8,4,0.0,s123,ts54 - s123,ts_node_to_storage,storage,N,,,RM,50.0,RM,0.0,s1,0,6.7731,0,50000000.0
540,facility_pp_coal_1936,fc1936_cluster,,3,6,38.3602,-84.8002,pp_coal,Mount Simon6,s139,IN,29370.0,-86.0531,40.2057,0.0,1,3,2,0.0,s139,fc1936_cluster - s139,source_to_storage,storage,N,,,SE,50.0,SE,0.0,s1,0,9.7238,0,50000000.0
541,Labadie             ,fpp2103.03    ,3.0,2,4,38.562,-90.838,pp_coal,Mount Simon3,s136,IL,20633.0,-89.239,39.9199,0.0,1,3,2,0.0,s136,fpp2103.03     - s136,source_to_storage,storage,N,,,GP,50.0,GP,0.0,s1,0,6.7731,0,50000000.0
542,Labadie             ,fpp2103.01    ,3.0,2,4,38.562,-90.838,pp_coal,Mount Simon3,s136,IL,20633.0,-89.239,39.9199,0.0,1,3,2,0.0,s136,fpp2103.01     - s136,source_to_storage,storage,N,,,GP,50.0,GP,0.0,s1,0,6.7731,0,50000000.0
543,facility_ng_processing_1985,fc1985_cluster,,4,8,38.1295,-104.8068,ng_processing,Dakota8,s43,CO,22831.0,-103.8294,39.9554,0.0,5,8,4,0.0,s43,fc1985_cluster - s43,source_to_storage,storage,N,,,RM,50.0,RM,0.0,s1,0,6.7731,0,50000000.0
544,_agg_nonop_ng_processing4,f_agg_nonop_ng_processing4,5.0,4,8,40.3049,-104.6614,ng_processing,Dakota8,s43,CO,22831.0,-103.8294,39.9554,0.0,5,8,4,0.0,s43,f_agg_nonop_ng_processing4 - s43,source_to_storage,storage,N,,,RM,50.0,RM,0.0,s1,0,6.7731,0,50000000.0
545,_agg_nonop_ng_processing4,f_agg_nonop_ng_processing4,5.0,4,8,40.3049,-104.6614,ng_processing,Morrison3,s127,CO,24922.0,-103.7797,39.8853,0.0,5,8,4,0.0,s127,f_agg_nonop_ng_processing4 - s127,source_to_storage,storage,N,,,RM,50.0,RM,0.0,s1,0,6.7731,0,50000000.0
546,CalPortland Company Mojave Plant,f1006842,7.0,4,9,35.0272,-118.3142,cement,Stevens1,s204,CA,2393.0,-119.3053,35.4104,0.0,7,9,4,0.0,s204,f1006842 - s204,source_to_storage,storage,N,,,SWCA,50.0,SWCA,0.0,s1,0,9.0455,0,50000000.0
547,MT. OLIVE GAS PLANT,f1012151,2.0,3,7,32.5742,-92.6816,ng_processing,,p4921,LA,,-92.1828,32.6582,0.0,2,7,3,,,f1012151 - p4921,source_to_demand,co2_eor,N,,,SE,50.0,SE,0.0,s1,0,9.7238,0,50000000.0
548,Brooksville South Cement Plant,f1003303,2.0,3,5,28.5823,-82.4308,cement,Cedar Keys-Lawson1,s21,FL,5666.0,-81.2325,27.8396,0.0,2,5,3,0.0,s21,f1003303 - s21,source_to_storage,storage,N,,,SE,50.0,SE,0.0,s1,0,9.7238,0,50000000.0
549,,ts52,2.0,3,6,32.6973,-90.388,operational_ts_node,Lower Tuscaloosa8,s108,MS,13379.0,-89.9133,32.3322,0.0,2,6,3,0.0,s108,ts52 - s108,ts_node_to_storage,storage,N,,,SE,50.0,SE,0.0,s1,0,9.7238,0,50000000.0
550,NEVADA CEMENT COMPANY,f1004174,5.0,4,8,39.62,-119.2628,cement,,ts5,NV,,-119.3773,39.2008,0.0,5,8,4,,,f1004174 - ts5,source_to_ts_node,uniform_ts_node,N,,,RM,50.0,RM,0.0,s1,0,6.7731,0,50000000.0
551,Marion Ethanol LLC d/b/a Poet Biorefining - Marion,f1004902,1.0,2,3,40.6186,-83.1595,ethanol,,hsm_cent1,,,-82.7942,40.2888,,1,3,2,,,f1004902 - hsm_cent1,source_to_hsm_cent,hsm_centroid,Y,,167719.0154,GL,50.0,GL,0.0,s1,0,10.3839,0,50000000.0
552,"RED TRAIL ENERGY, LLC",f1001157,6.0,2,4,46.8786,-102.296,ethanol,Madison Gp-Mission Canyon2,s115,ND,3536.0,-103.4377,47.2542,0.0,6,4,2,0.0,s115,f1001157 - s115,source_to_storage,storage,N,,0.0,GP,50.0,GP,0.0,s1,0,6.7731,0,50000000.0
553,"RED TRAIL ENERGY, LLC",f1001157,6.0,2,4,46.8786,-102.296,ethanol,Madison Gp-Mission Canyon1,s114,ND,29617.0,-102.248,47.524,0.0,6,4,2,0.0,s114,f1001157 - s114,source_to_storage,storage,N,,0.0,GP,50.0,GP,0.0,s1,0,6.7731,0,50000000.0
554,CEMEX CONSTRUCTION MATERIALS SOUTH LLC,f1007877,5.0,4,8,40.2022,-105.2367,cement,Dakota2,s37,CO,3054.0,-106.2868,40.6379,0.0,5,8,4,0.0,s37,f1007877 - s37,source_to_storage,storage,N,,,RM,50.0,RM,0.0,s1,0,6.7731,0,50000000.0
555,,ts54,6.0,4,8,45.1121,-104.9217,operational_ts_node,Minnelusa1,s122,WY,9960.0,-105.7231,43.9693,0.0,5,8,4,0.0,s122,ts54 - s122,ts_node_to_storage,storage,N,,,RM,50.0,RM,0.0,s1,0,6.7731,0,50000000.0
556,facility_pp_natgas_1969,fc1969_cluster,,3,5,27.1011,-80.5366,pp_natgas,Cedar Keys-Lawson1,s21,FL,5666.0,-81.2325,27.8396,0.0,2,5,3,0.0,s21,fc1969_cluster - s21,source_to_storage,storage,N,,,SE,50.0,SE,0.0,s1,0,9.7238,0,50000000.0
557,ARKALON ETHANOL LLC,f1006203,3.0,2,4,37.1071,-101.0308,ethanol,Arbuckle1,s1,OK,10229.0,-98.5544,36.3994,0.0,3,7,3,0.0,s1,f1006203 - s1,source_to_storage,storage,N,,,GP,50.0,GP,0.0,s1,0,6.7731,0,50000000.0
558,,ts71,3.0,2,4,41.4985,-103.1277,uniform_ts_node,Entrada7,s56,NE,8564.0,-103.2372,41.6698,0.0,3,4,2,0.0,s56,ts71 - s56,ts_node_to_storage,storage,N,,,GP,50.0,GP,0.0,s1,0,6.7731,0,50000000.0
559,,ts71,3.0,2,4,41.4985,-103.1277,uniform_ts_node,Dakota10,s45,NE,8564.0,-103.2372,41.6698,0.0,3,4,2,0.0,s45,ts71 - s45,ts_node_to_storage,storage,N,,,GP,50.0,GP,0.0,s1,0,6.7731,0,50000000.0
560,,ts48,4.0,3,7,32.7688,-101.2617,operational_ts_node,Atoka1,s5,TX,51294.0,-102.444,31.7932,8.0,4,7,3,0.0,s5,ts48 - s5,ts_node_to_storage,storage,N,,,SWCA,50.0,SWCA,0.0,s1,0,9.0455,0,50000000.0
561,,ts48,4.0,3,7,32.7688,-101.2617,operational_ts_node,Queen1,s170,TX,51294.0,-101.642,34.6805,10.0,3,7,3,0.0,s170,ts48 - s170,ts_node_to_storage,storage,N,,,SWCA,50.0,SWCA,0.0,s1,0,9.0455,0,50000000.0
562,,ts48,4.0,3,7,32.7688,-101.2617,operational_ts_node,Strawn1,s205,TX,51068.0,-102.444,31.7932,8.0,4,7,3,0.0,s205,ts48 - s205,ts_node_to_storage,storage,N,,,SWCA,50.0,SWCA,0.0,s1,0,9.0455,0,50000000.0
563,,ts48,4.0,3,7,32.7688,-101.2617,operational_ts_node,Seven Rivers1,s191,NM,9346.0,-103.6189,32.9649,4.0,4,8,4,0.0,s191,ts48 - s191,ts_node_to_storage,storage,N,,,SWCA,50.0,SWCA,0.0,s1,0,9.0455,0,50000000.0
564,,ts48,4.0,3,7,32.7688,-101.2617,operational_ts_node,Fusselman1,s86,TX,51068.0,-102.444,31.7932,8.0,4,7,3,0.0,s86,ts48 - s86,ts_node_to_storage,storage,N,,,SWCA,50.0,SWCA,0.0,s1,0,9.0455,0,50000000.0
565,,ts48,4.0,3,7,32.7688,-101.2617,operational_ts_node,Leonard1,s99,TX,51294.0,-102.444,31.7932,8.0,4,7,3,0.0,s99,ts48 - s99,ts_node_to_storage,storage,N,,,SWCA,50.0,SWCA,0.0,s1,0,9.0455,0,50000000.0
566,ONE EARTH ENERGY LLC,f1002356,1.0,2,3,40.4711,-88.3957,ethanol,Knox1,s92,IL,10500.0,-88.8089,38.8847,0.0,1,3,2,0.0,s92,f1002356 - s92,source_to_storage,storage,N,,,GL,50.0,GL,0.0,s1,0,10.3839,0,50000000.0
567,,ts70,2.0,3,6,32.4676,-86.5671,uniform_ts_node,Paluxy4,s165,AL,16568.0,-87.3213,31.4857,0.0,2,6,3,0.0,s165,ts70 - s165,ts_node_to_storage,storage,N,,,SE,50.0,SE,0.0,s1,0,9.7238,0,50000000.0
568,Lehigh Cement LLC,f1002517,1.0,2,3,38.4157,-85.7494,cement,,ts31,KY,,-85.4315,38.0578,0.0,1,6,3,,,f1002517 - ts31,source_to_ts_node,uniform_ts_node,N,,,GL,50.0,GL,0.0,s1,0,10.3839,0,50000000.0
569,Holcim (US) Inc. - Portland Plant,f1003008,5.0,4,8,38.3286,-105.009,cement,Dakota8,s43,CO,22831.0,-103.8294,39.9554,0.0,5,8,4,0.0,s43,f1003008 - s43,source_to_storage,storage,N,,,RM,50.0,RM,0.0,s1,0,6.7731,0,50000000.0
570,"Valero Renewable Fuels Company, LLC d/b/a Valero Mt. Vernon Plant",f1006490,1.0,2,3,37.9336,-87.8734,ethanol,Knox3,s94,IN,4930.0,-87.1143,38.6993,0.0,1,3,2,0.0,s94,f1006490 - s94,source_to_storage,storage,N,,,GL,50.0,GL,0.0,s1,0,10.3839,0,50000000.0
571,_agg_nonop_ng_processing5,f_agg_nonop_ng_processing5,4.0,3,7,31.4074,-103.3243,ng_processing,,p4412,TX,,-102.841,31.5659,8.0,4,7,3,,,f_agg_nonop_ng_processing5 - p4412,source_to_demand,co2_eor,N,,,SWCA,50.0,SWCA,0.0,s1,0,9.0455,0,50000000.0
572,Lehigh Cement LLC,f1002517,1.0,2,3,38.4157,-85.7494,cement,Mount Simon5,s138,IN,5054.0,-86.9464,38.7475,0.0,1,3,2,0.0,s138,f1002517 - s138,source_to_storage,storage,N,,,GL,50.0,GL,0.0,s1,0,10.3839,0,50000000.0
573,facility_pp_natgas_1960,fc1960_cluster,,4,9,37.9663,-121.6972,pp_natgas,Domengine1,s47,CA,2069.0,-121.3697,38.0495,0.0,7,9,4,0.0,s47,fc1960_cluster - s47,source_to_storage,storage,N,,,SWCA,50.0,SWCA,0.0,s1,0,9.0455,0,50000000.0
574,facility_ng_processing_1986,fc1986_cluster,,3,7,31.6433,-102.7422,ng_processing,Seven Rivers1,s191,NM,9346.0,-103.6189,32.9649,4.0,4,8,4,0.0,s191,fc1986_cluster - s191,source_to_storage,storage,N,,,SWCA,50.0,SWCA,0.0,s1,0,9.0455,0,50000000.0
575,facility_ng_processing_1986,fc1986_cluster,,3,7,31.6433,-102.7422,ng_processing,Queen1,s170,TX,51294.0,-101.642,34.6805,10.0,3,7,3,0.0,s170,fc1986_cluster - s170,source_to_storage,storage,N,,,SWCA,50.0,SWCA,0.0,s1,0,9.0455,0,50000000.0
576,facility_ng_processing_1986,fc1986_cluster,,3,7,31.6433,-102.7422,ng_processing,Leonard1,s99,TX,51294.0,-102.444,31.7932,8.0,4,7,3,0.0,s99,fc1986_cluster - s99,source_to_storage,storage,N,,,SWCA,50.0,SWCA,0.0,s1,0,9.0455,0,50000000.0
577,facility_ng_processing_1986,fc1986_cluster,,3,7,31.6433,-102.7422,ng_processing,Fusselman1,s86,TX,51068.0,-102.444,31.7932,8.0,4,7,3,0.0,s86,fc1986_cluster - s86,source_to_storage,storage,N,,,SWCA,50.0,SWCA,0.0,s1,0,9.0455,0,50000000.0
578,facility_ng_processing_1986,fc1986_cluster,,3,7,31.6433,-102.7422,ng_processing,Atoka1,s5,TX,51294.0,-102.444,31.7932,8.0,4,7,3,0.0,s5,fc1986_cluster - s5,source_to_storage,storage,N,,,SWCA,50.0,SWCA,0.0,s1,0,9.0455,0,50000000.0
579,facility_ng_processing_1986,fc1986_cluster,,3,7,31.6433,-102.7422,ng_processing,Strawn1,s205,TX,51068.0,-102.444,31.7932,8.0,4,7,3,0.0,s205,fc1986_cluster - s205,source_to_storage,storage,N,,,SWCA,50.0,SWCA,0.0,s1,0,9.0455,0,50000000.0
580,ZIA II GAS PLANT,f1011356,4.0,4,8,32.643,-103.8089,ng_processing,Seven Rivers2,s192,TX,51068.0,-102.4437,31.7932,8.0,4,7,3,0.0,s192,f1011356 - s192,source_to_storage,storage,N,,,RM,50.0,RM,0.0,s1,0,6.7731,0,50000000.0
581,ZIA II GAS PLANT,f1011356,4.0,4,8,32.643,-103.8089,ng_processing,Queen2,s171,NM,9346.0,-103.846,34.6309,4.0,4,8,4,0.0,s171,f1011356 - s171,source_to_storage,storage,N,,,RM,50.0,RM,0.0,s1,0,6.7731,0,50000000.0
582,ZIA II GAS PLANT,f1011356,4.0,4,8,32.643,-103.8089,ng_processing,Leonard2,s100,NM,9346.0,-103.619,32.9469,4.0,4,8,4,0.0,s100,f1011356 - s100,source_to_storage,storage,N,,,RM,50.0,RM,0.0,s1,0,6.7731,0,50000000.0
583,EAGLE-1 GAS PLANT,f1010118,2.0,3,7,29.1351,-96.6591,ng_processing,Frio2,s68,TX,4357.0,-97.9289,27.5054,4.0,2,7,3,0.0,s68,f1010118 - s68,source_to_storage,storage,N,,,SWCA,50.0,SWCA,0.0,s1,0,9.0455,0,50000000.0
584,ONE EARTH ENERGY LLC,f1002356,1.0,2,3,40.4711,-88.3957,ethanol,Mount Simon3,s136,IL,20633.0,-89.239,39.9199,0.0,1,3,2,0.0,s136,f1002356 - s136,source_to_storage,storage,N,,,GL,50.0,GL,0.0,s1,0,10.3839,0,50000000.0
585,_agg_nonop_ng_processing6,f_agg_nonop_ng_processing6,2.0,3,7,28.6904,-97.8005,ng_processing,Frio1,s67,TX,4855.0,-95.6624,29.7957,3.0,2,7,3,0.0,s67,f_agg_nonop_ng_processing6 - s67,source_to_storage,storage,N,,,SWCA,50.0,SWCA,0.0,s1,0,9.0455,0,50000000.0
586,"SUWANNEE AMERICAN CEMENT COMPANY, LLC",f1003883,2.0,3,5,28.7609,-82.0254,cement,Cedar Keys-Lawson2,s22,FL,16981.0,-81.2459,26.7048,0.0,2,5,3,0.0,s22,f1003883 - s22,source_to_storage,storage,N,,,SE,50.0,SE,0.0,s1,0,9.7238,0,50000000.0
587,facility_cement_1996,fc1996_cluster,,3,7,32.1724,-97.6149,cement,,ts58,TX,,-97.3799,32.575,5.0,4,7,3,,,fc1996_cluster - ts58,source_to_ts_node,uniform_ts_node,N,,,SWCA,50.0,SWCA,0.0,s1,0,9.0455,0,50000000.0
588,facility_pp_coal_1932,fc1932_cluster,,2,3,37.8836,-89.2386,pp_coal,,ts27,IL,,-89.1261,38.321,0.0,1,3,2,,,fc1932_cluster - ts27,source_to_ts_node,uniform_ts_node,N,,,GL,50.0,GL,0.0,s1,0,10.3839,0,50000000.0
589,KOCH FERITLIZER ENID LLC ENID NITROGEN PLT,f1002407,3.0,3,7,36.3795,-97.7651,ammonia,,p5505,OK,,-97.2641,36.1753,0.0,3,7,3,,,f1002407 - p5505,source_to_demand,co2_eor,N,,,GP,50.0,GP,0.0,s1,0,0.0,0,50000000.0
590,,ts4,7.0,4,9,36.4119,-118.4952,uniform_ts_node,Domengine1,s47,CA,2069.0,-121.3697,38.0495,0.0,7,9,4,0.0,s47,ts4 - s47,ts_node_to_storage,storage,N,,,SWCA,50.0,SWCA,0.0,s1,0,9.0455,0,50000000.0
591,facility_ethanol_1918,fc1918_cluster,,2,3,40.2174,-88.0168,ethanol,Mount Simon2,s135,IL,5957.0,-88.5947,39.0412,0.0,1,3,2,0.0,s135,fc1918_cluster - s135,source_to_storage,storage,N,,,GL,50.0,GL,0.0,s1,0,10.3839,0,50000000.0
592,"TALCO MIDSTREAM ASSETS, LTD. - HOLLY COMMON POINT #6 FACILITY",f1007449,4.0,3,7,32.9159,-96.7725,ng_processing,Paluxy3,s164,TX,11534.0,-95.243,32.3169,6.0,2,7,3,0.0,s164,f1007449 - s164,source_to_storage,storage,N,,,SWCA,50.0,SWCA,0.0,s1,0,9.0455,0,50000000.0
593,"TGG PIPELINE, LTD. - SHELBY #3 FACILITY",f1008595,4.0,3,7,32.9159,-96.7725,ng_processing,Paluxy3,s164,TX,11534.0,-95.243,32.3169,6.0,2,7,3,0.0,s164,f1008595 - s164,source_to_storage,storage,N,,,SWCA,50.0,SWCA,0.0,s1,0,9.0455,0,50000000.0
594,LONE STAR INDUSTRIES,f1006112,3.0,2,4,37.2676,-89.5385,cement,Knox2,s93,IL,5560.0,-88.4987,38.1531,0.0,1,3,2,0.0,s93,f1006112 - s93,source_to_storage,storage,N,,,GP,50.0,GP,0.0,s1,0,6.7731,0,50000000.0
595,facility_ng_processing_1986,fc1986_cluster,,3,7,31.6433,-102.7422,ng_processing,Seven Rivers2,s192,TX,51068.0,-102.4437,31.7932,8.0,4,7,3,0.0,s192,fc1986_cluster - s192,source_to_storage,storage,N,,,SWCA,50.0,SWCA,0.0,s1,0,9.0455,0,50000000.0
596,facility_ng_processing_1986,fc1986_cluster,,3,7,31.6433,-102.7422,ng_processing,Queen2,s171,NM,9346.0,-103.846,34.6309,4.0,4,8,4,0.0,s171,fc1986_cluster - s171,source_to_storage,storage,N,,,SWCA,50.0,SWCA,0.0,s1,0,9.0455,0,50000000.0
597,facility_ng_processing_1986,fc1986_cluster,,3,7,31.6433,-102.7422,ng_processing,Leonard2,s100,NM,9346.0,-103.619,32.9469,4.0,4,8,4,0.0,s100,fc1986_cluster - s100,source_to_storage,storage,N,,,SWCA,50.0,SWCA,0.0,s1,0,9.0455,0,50000000.0
598,BATTLE HORSE PLANT,f1013903,2.0,3,7,30.1619,-96.5631,ng_processing,Woodbine1,s228,TX,13575.0,-95.5742,31.6981,6.0,2,7,3,0.0,s228,f1013903 - s228,source_to_storage,storage,N,,,SWCA,50.0,SWCA,0.0,s1,0,9.0455,0,50000000.0
599,IRON HORSE PROCESSING PLANT,f1013647,3.0,3,7,35.146,-97.9218,ng_processing,Arbuckle1,s1,OK,10229.0,-98.5544,36.3994,0.0,3,7,3,0.0,s1,f1013647 - s1,source_to_storage,storage,N,,,GP,50.0,GP,0.0,s1,0,6.7731,0,50000000.0
600,Jal #3 Gas Plant,f1005897,4.0,4,8,32.1743,-103.1741,ng_processing,,p4410,TX,,-102.699,31.9612,8.0,4,7,3,,,f1005897 - p4410,source_to_demand,co2_eor,N,,,RM,50.0,RM,0.0,s1,0,0.0,0,50000000.0
601,Central Plains Cement Company,f1007216,3.0,3,7,36.1941,-95.8117,cement,,p6004,OK,,-96.259,35.9157,0.0,3,7,3,,,f1007216 - p6004,source_to_demand,co2_eor,N,,,GP,50.0,GP,0.0,s1,0,6.7731,0,50000000.0
602,FREEPORT LNG PRETREATMENT FACILITY,f1013753,2.0,3,7,28.9849,-95.3087,ng_processing,Frio6,s73,TX,1889.0,-95.376,29.6715,3.0,2,7,3,0.0,s73,f1013753 - s73,source_to_storage,storage,N,,,SWCA,50.0,SWCA,0.0,s1,0,9.0455,0,50000000.0
603,facility_pp_natgas_1971,fc1971_cluster,,2,3,42.3856,-85.5171,pp_natgas,St. Peter8,s200,MI,11160.0,-85.0621,42.4439,0.0,1,3,2,0.0,s200,fc1971_cluster - s200,source_to_storage,storage,N,,,GL,50.0,GL,0.0,s1,0,10.3839,0,50000000.0
604,_agg_nonop_ng_processing1,f_agg_nonop_ng_processing1,2.0,3,7,31.8281,-94.2781,ng_processing,Woodbine1,s228,TX,13575.0,-95.5742,31.6981,6.0,2,7,3,0.0,s228,f_agg_nonop_ng_processing1 - s228,source_to_storage,storage,N,,,SWCA,50.0,SWCA,0.0,s1,0,9.0455,0,50000000.0
605,facility_ng_processing_1987,fc1987_cluster,,3,7,30.7559,-95.4086,ng_processing,Frio1,s67,TX,4855.0,-95.6624,29.7957,3.0,2,7,3,0.0,s67,fc1987_cluster - s67,source_to_storage,storage,N,,,SWCA,50.0,SWCA,0.0,s1,0,9.0455,0,50000000.0
606,Blue Flint,fop003,6.0,2,4,47.4564,-101.1371,ethanol,,hsm_cent6,,,-100.4662,47.4458,,6,4,2,,,fop003 - hsm_cent6,source_to_hsm_cent,hsm_centroid,Y,,181437.0,GP,50.0,GP,0.0,s1,0,6.7731,0,50000000.0
607,EAGLE-1 GAS PLANT,f1010118,2.0,3,7,29.1351,-96.6591,ng_processing,Frio6,s73,TX,1889.0,-95.376,29.6715,3.0,2,7,3,0.0,s73,f1010118 - s73,source_to_storage,storage,N,,,SWCA,50.0,SWCA,0.0,s1,0,9.0455,0,50000000.0
608,facility_ng_processing_1986,fc1986_cluster,,3,7,31.6433,-102.7422,ng_processing,Canyon3,s19,TX,49915.0,-102.4566,31.7628,8.0,4,7,3,0.0,s19,fc1986_cluster - s19,source_to_storage,storage,N,,,SWCA,50.0,SWCA,0.0,s1,0,9.0455,0,50000000.0
609,_agg_nonop_ng_processing3,f_agg_nonop_ng_processing3,4.0,3,7,31.864,-101.8104,ng_processing,,p4406,TX,,-101.518,32.2604,8.0,4,7,3,,,f_agg_nonop_ng_processing3 - p4406,source_to_demand,co2_eor,N,,,SWCA,50.0,SWCA,0.0,s1,0,9.0455,0,50000000.0
610,,ts59,5.0,4,8,40.1656,-103.5956,uniform_ts_node,Fountain1b,s64,CO,5044.0,-104.6681,40.1597,0.0,5,8,4,0.0,s64,ts59 - s64,ts_node_to_storage,storage,N,,,RM,50.0,RM,0.0,s1,0,6.7731,0,50000000.0
611,CONTINENTAL CEMENT COMPANY LLC,f1005987,3.0,2,4,39.6791,-91.3142,cement,Mount Simon3,s136,IL,20633.0,-89.239,39.9199,0.0,1,3,2,0.0,s136,f1005987 - s136,source_to_storage,storage,N,,,GP,50.0,GP,0.0,s1,0,6.7731,0,50000000.0
612,,ts48,4.0,3,7,32.7688,-101.2617,operational_ts_node,Canyon3,s19,TX,49915.0,-102.4566,31.7628,8.0,4,7,3,0.0,s19,ts48 - s19,ts_node_to_storage,storage,N,,,SWCA,50.0,SWCA,0.0,s1,0,9.0455,0,50000000.0
613,facility_pp_natgas_1952,fc1952_cluster,,3,7,32.316,-102.1839,pp_natgas,,p4411,TX,,-101.912,32.7303,81.0,4,7,3,,,fc1952_cluster - p4411,source_to_demand,co2_eor,N,,,SWCA,50.0,SWCA,0.0,s1,0,9.0455,0,50000000.0
614,Valero Linden Plant,f1006245,1.0,2,3,40.2006,-86.91,ethanol,Mount Simon3,s136,IL,20633.0,-89.239,39.9199,0.0,1,3,2,0.0,s136,f1006245 - s136,source_to_storage,storage,N,,,GL,50.0,GL,0.0,s1,0,10.3839,0,50000000.0
615,Valero Linden Plant,f1006245,1.0,2,3,40.2006,-86.91,ethanol,Mount Simon6,s139,IN,29370.0,-86.0531,40.2057,0.0,1,3,2,0.0,s139,f1006245 - s139,source_to_storage,storage,N,,,GL,50.0,GL,0.0,s1,0,10.3839,0,50000000.0
616,JACKSON LAKE GAS PLANT,f1013618,5.0,4,8,40.4527,-103.9559,ng_processing,,p3905,CO,,-103.449,40.7334,0.0,5,8,4,,,f1013618 - p3905,source_to_demand,co2_eor,N,,,RM,50.0,RM,0.0,s1,0,6.7731,0,50000000.0
617,MOUNTAIN CEMENT CO,f1005978,5.0,4,8,41.2611,-105.6032,cement,Fountain1b,s64,CO,5044.0,-104.6681,40.1597,0.0,5,8,4,0.0,s64,f1005978 - s64,source_to_storage,storage,N,,,RM,50.0,RM,0.0,s1,0,6.7731,0,50000000.0
618,KOSMOS CEMENT CO,f1007997,1.0,3,6,38.0347,-85.906,cement,Knox3,s94,IN,4930.0,-87.1143,38.6993,0.0,1,3,2,0.0,s94,f1007997 - s94,source_to_storage,storage,N,,,SE,50.0,SE,0.0,s1,0,9.7238,0,50000000.0
619,Cheyenne Plant,f1005924,5.0,4,8,41.0949,-104.908,ammonia,,p3907,CO,,-104.79,40.6282,0.0,5,8,4,,,f1005924 - p3907,source_to_demand,co2_eor,N,,,RM,50.0,RM,0.0,s1,0,0.0,0,50000000.0
620,YOAKUM CRYOGENIC PLANT,f1009093,2.0,3,7,29.3421,-97.11,ng_processing,,ts72,TX,,-97.5,29.0,2.0,2,7,3,,,f1009093 - ts72,source_to_ts_node,uniform_ts_node,N,,,SWCA,50.0,SWCA,0.0,s1,0,9.0455,0,50000000.0
621,JACKSON COUNTY GAS PLANT,f1011011,2.0,3,7,29.1077,-96.5409,ng_processing,Frio2,s68,TX,4357.0,-97.9289,27.5054,4.0,2,7,3,0.0,s68,f1011011 - s68,source_to_storage,storage,N,,,SWCA,50.0,SWCA,0.0,s1,0,9.0455,0,50000000.0
622,Air Products Port Arthur Facility,f1006402,2.0,3,7,29.866,-93.967,ammonia,Frio6,s73,TX,1889.0,-95.376,29.6715,3.0,2,7,3,0.0,s73,f1006402 - s73,source_to_storage,storage,N,,,SWCA,50.0,SWCA,0.0,s1,0,9.0455,0,50000000.0
623,facility_pp_coal_1933,fc1933_cluster,,2,3,40.988,-81.3595,pp_coal,,ts37,OH,,-81.1971,40.5228,0.0,1,3,2,,,fc1933_cluster - ts37,source_to_ts_node,uniform_ts_node,N,,,GL,50.0,GL,0.0,s1,0,10.3839,0,50000000.0
624,Jal #3 Gas Plant,f1005897,4.0,4,8,32.1743,-103.1741,ng_processing,,p4402,TX,,-102.637,32.0038,8.0,4,7,3,,,f1005897 - p4402,source_to_demand,co2_eor,N,,,RM,50.0,RM,0.0,s1,0,0.0,0,50000000.0
625,TARGA WILDCAT GAS PROCESSING PLANT,f1013183,4.0,3,7,31.8052,-103.2412,ng_processing,,p4410,TX,,-102.699,31.9612,8.0,4,7,3,,,f1013183 - p4410,source_to_demand,co2_eor,N,,,SWCA,50.0,SWCA,0.0,s1,0,0.0,0,50000000.0
626,facility_pp_natgas_1978,fc1978_cluster,,3,6,32.3244,-86.015,pp_natgas,,ts70,AL,,-86.5671,32.4676,0.0,2,6,3,,,fc1978_cluster - ts70,source_to_ts_node,uniform_ts_node,N,,,SE,50.0,SE,0.0,s1,0,9.7238,0,50000000.0
627,,ts46,2.0,3,7,30.1309,-93.8362,operational_ts_node,Frio7b,s75,TX,1537.0,-95.0427,29.5431,3.0,2,7,3,0.0,s75,ts46 - s75,ts_node_to_storage,storage,N,,,SWCA,50.0,SWCA,0.0,s1,0,9.0455,0,50000000.0
628,,ts46,2.0,3,7,30.1309,-93.8362,operational_ts_node,Frio7a,s74,TX,1537.0,-95.0427,29.5431,3.0,2,7,3,0.0,s74,ts46 - s74,ts_node_to_storage,storage,N,,,SWCA,50.0,SWCA,0.0,s1,0,9.0455,0,50000000.0
629,,ts64,5.0,4,8,42.2721,-112.1273,uniform_ts_node,Tensleep5,s213,UT,4436.0,-111.1856,41.1392,0.0,5,8,4,0.0,s213,ts64 - s213,ts_node_to_storage,storage,N,,,RM,50.0,RM,0.0,s1,0,6.7731,0,50000000.0
630,Longview Power Plant,fpp56671.0MKA01,1.0,3,5,39.708,-79.959,pp_coal,Rose Run3,s186,PA,8201.0,-78.8689,40.9262,0.0,1,2,1,0.0,s186,fpp56671.0MKA01 - s186,source_to_storage,storage,N,,,MA,50.0,MA,0.0,s1,0,13.1263,0,50000000.0
631,BULLDOG GAS PLANT (PANOLA III),f1013924,2.0,3,7,32.1456,-94.2688,ng_processing,Paluxy2,s163,TX,8108.0,-95.4206,32.2673,6.0,2,7,3,0.0,s163,f1013924 - s163,source_to_storage,storage,N,,,SWCA,50.0,SWCA,0.0,s1,0,9.0455,0,50000000.0
632,LAS TIENDAS PLANT,f1010735,2.0,3,7,27.9605,-98.5941,ng_processing,Frio2,s68,TX,4357.0,-97.9289,27.5054,4.0,2,7,3,0.0,s68,f1010735 - s68,source_to_storage,storage,N,,,SWCA,50.0,SWCA,0.0,s1,0,9.0455,0,50000000.0
633,facility_pp_natgas_1948,fc1948_cluster,,4,8,40.1434,-111.7874,pp_natgas,Tensleep5,s213,UT,4436.0,-111.1856,41.1392,0.0,5,8,4,0.0,s213,fc1948_cluster - s213,source_to_storage,storage,N,,,RM,50.0,RM,0.0,s1,0,6.7731,0,50000000.0
634,facility_pp_natgas_1952,fc1952_cluster,,3,7,32.316,-102.1839,pp_natgas,,p4402,TX,,-102.637,32.0038,8.0,4,7,3,,,fc1952_cluster - p4402,source_to_demand,co2_eor,N,,,SWCA,50.0,SWCA,0.0,s1,0,9.0455,0,50000000.0
635,MERIT ENERGY 345 ARKOMA BASIN GB,f1012433,4.0,3,7,32.9348,-96.818,ng_processing,Paluxy3,s164,TX,11534.0,-95.243,32.3169,6.0,2,7,3,0.0,s164,f1012433 - s164,source_to_storage,storage,N,,,SWCA,50.0,SWCA,0.0,s1,0,9.0455,0,50000000.0
636,,ts71,3.0,2,4,41.4985,-103.1277,uniform_ts_node,Dakota8,s43,CO,22831.0,-103.8294,39.9554,0.0,5,8,4,0.0,s43,ts71 - s43,ts_node_to_storage,storage,N,,,GP,50.0,GP,0.0,s1,0,6.7731,0,50000000.0
637,SHELBY,f1010598,2.0,3,7,31.7954,-94.179,ng_processing,Paluxy2,s163,TX,8108.0,-95.4206,32.2673,6.0,2,7,3,0.0,s163,f1010598 - s163,source_to_storage,storage,N,,,SWCA,50.0,SWCA,0.0,s1,0,9.0455,0,50000000.0
638,PCS NITROGEN FERTILIZER LP - GEISMAR AGRICULTURAL NITROGEN & PHOSPHATE PLANT,f1003489,2.0,3,7,30.2258,-91.0532,ammonia,Lower Tuscaloosa7,s107,LA,2857.0,-90.4419,30.7702,0.0,2,7,3,0.0,s107,f1003489 - s107,source_to_storage,storage,N,,,SE,50.0,SE,0.0,s1,0,9.7238,0,50000000.0
639,THARALDSON ETHANOL PLANT I LLC,f1008006,6.0,2,4,46.9036,-97.2635,ethanol,,ts22,MN,,-96.6423,47.1634,0.0,3,4,2,,,f1008006 - ts22,source_to_ts_node,uniform_ts_node,N,,,GP,50.0,GP,0.0,s1,0,6.7731,0,50000000.0
640,KENEDY GAS PLANT,f1011012,2.0,3,7,28.7516,-98.0138,ng_processing,Frio2,s68,TX,4357.0,-97.9289,27.5054,4.0,2,7,3,0.0,s68,f1011012 - s68,source_to_storage,storage,N,,,SWCA,50.0,SWCA,0.0,s1,0,9.0455,0,50000000.0
641,,ts46,2.0,3,7,30.1309,-93.8362,operational_ts_node,Frio8,s76,TX,1200.0,-95.0137,29.322,3.0,2,7,3,0.0,s76,ts46 - s76,ts_node_to_storage,storage,N,,,SWCA,50.0,SWCA,0.0,s1,0,9.0455,0,50000000.0
642,THE ANDERSONS MARATHON HOLDINGS LLC MI,f1007933,1.0,2,3,42.2596,-84.7897,ethanol,Mount Simon6,s139,IN,29370.0,-86.0531,40.2057,0.0,1,3,2,0.0,s139,f1007933 - s139,source_to_storage,storage,N,,,GL,50.0,GL,0.0,s1,0,10.3839,0,50000000.0
643,Dyno Nobel Louisiana Ammonia LLC,f1012698,2.0,3,7,29.9648,-90.2646,ammonia,Lower Tuscaloosa7,s107,LA,2857.0,-90.4419,30.7702,0.0,2,7,3,0.0,s107,f1012698 - s107,source_to_storage,storage,N,,,SE,50.0,SE,0.0,s1,0,9.7238,0,50000000.0
644,ASH GROVE CEMENT COMPANY-Louisville,f1007552,3.0,2,4,41.0056,-96.1549,cement,,ts20,NE,,-96.5899,41.3846,0.0,3,4,2,,,f1007552 - ts20,source_to_ts_node,uniform_ts_node,N,,,GP,50.0,GP,0.0,s1,0,6.7731,0,50000000.0
645,,ts47,4.0,4,8,33.918,-104.5168,operational_ts_node,Leonard2,s100,NM,9346.0,-103.619,32.9469,4.0,4,8,4,0.0,s100,ts47 - s100,ts_node_to_storage,storage,N,,,RM,50.0,RM,0.0,s1,0,6.7731,0,50000000.0
646,,ts47,4.0,4,8,33.918,-104.5168,operational_ts_node,Seven Rivers2,s192,TX,51068.0,-102.4437,31.7932,8.0,4,7,3,0.0,s192,ts47 - s192,ts_node_to_storage,storage,N,,,RM,50.0,RM,0.0,s1,0,6.7731,0,50000000.0
647,,ts47,4.0,4,8,33.918,-104.5168,operational_ts_node,Queen2,s171,NM,9346.0,-103.846,34.6309,4.0,4,8,4,0.0,s171,ts47 - s171,ts_node_to_storage,storage,N,,,RM,50.0,RM,0.0,s1,0,6.7731,0,50000000.0
648,,ts71,3.0,2,4,41.4985,-103.1277,uniform_ts_node,Morrison3,s127,CO,24922.0,-103.7797,39.8853,0.0,5,8,4,0.0,s127,ts71 - s127,ts_node_to_storage,storage,N,,,GP,50.0,GP,0.0,s1,0,6.7731,0,50000000.0
649,facility_pp_coal_1923,fc1923_cluster,,4,8,40.8837,-108.3435,pp_coal,Weber2,s220,CO,5438.0,-108.3726,39.7949,0.0,5,8,4,0.0,s220,fc1923_cluster - s220,source_to_storage,storage,N,,,RM,50.0,RM,0.0,s1,0,6.7731,0,50000000.0
650,facility_pp_coal_1923,fc1923_cluster,,4,8,40.8837,-108.3435,pp_coal,Entrada1,s50,CO,9237.0,-108.0439,39.5866,0.0,5,8,4,0.0,s50,fc1923_cluster - s50,source_to_storage,storage,N,,,RM,50.0,RM,0.0,s1,0,6.7731,0,50000000.0
651,"PCS Nitrogen Ohio, L.P.",f1002229,1.0,2,3,40.7113,-84.1382,ammonia,Mount Simon6,s139,IN,29370.0,-86.0531,40.2057,0.0,1,3,2,0.0,s139,f1002229 - s139,source_to_storage,storage,N,,,GL,50.0,GL,0.0,s1,0,10.3839,0,50000000.0
652,LEHIGH CEMENT COMPANY LLC,f1002787,1.0,3,5,39.5603,-77.1714,cement,,ts41,PA,,-77.4375,40.0209,0.0,1,2,1,,,f1002787 - ts41,source_to_ts_node,uniform_ts_node,N,,,MA,50.0,MA,0.0,s1,0,13.1263,0,50000000.0
653,HOLCIM (US) INC STE GENEVIEVE PLANT,f1007563,3.0,2,4,38.1099,-90.2579,cement,Mount Simon2,s135,IL,5957.0,-88.5947,39.0412,0.0,1,3,2,0.0,s135,f1007563 - s135,source_to_storage,storage,N,,,GP,50.0,GP,0.0,s1,0,6.7731,0,50000000.0
654,Ash Grove Cement Company-LEAMINGTON,f1002530,5.0,4,8,39.5083,-112.2622,cement,Entrada2,s51,UT,10799.0,-110.4089,39.6458,0.0,5,8,4,0.0,s51,f1002530 - s51,source_to_storage,storage,N,,,RM,50.0,RM,0.0,s1,0,6.7731,0,50000000.0
655,Ash Grove Cement Company-LEAMINGTON,f1002530,5.0,4,8,39.5083,-112.2622,cement,Dakota5,s40,UT,10678.0,-110.4189,39.7311,0.0,5,8,4,0.0,s40,f1002530 - s40,source_to_storage,storage,N,,,RM,50.0,RM,0.0,s1,0,6.7731,0,50000000.0
656,,ts37,1.0,2,3,40.5228,-81.1971,uniform_ts_node,Rose Run3,s186,PA,8201.0,-78.8689,40.9262,0.0,1,2,1,0.0,s186,ts37 - s186,ts_node_to_storage,storage,N,,,GL,50.0,GL,0.0,s1,0,10.3839,0,50000000.0
657,LONE STAR INDUSTRIES INC,f1005302,1.0,2,3,39.6166,-86.8686,cement,Mount Simon2,s135,IL,5957.0,-88.5947,39.0412,0.0,1,3,2,0.0,s135,f1005302 - s135,source_to_storage,storage,N,,,GL,50.0,GL,0.0,s1,0,10.3839,0,50000000.0
658,LONE STAR INDUSTRIES INC,f1005302,1.0,2,3,39.6166,-86.8686,cement,Knox1,s92,IL,10500.0,-88.8089,38.8847,0.0,1,3,2,0.0,s92,f1005302 - s92,source_to_storage,storage,N,,,GL,50.0,GL,0.0,s1,0,10.3839,0,50000000.0
659,facility_pp_natgas_1974,fc1974_cluster,,2,3,40.4935,-81.1999,pp_natgas,Rose Run3,s186,PA,8201.0,-78.8689,40.9262,0.0,1,2,1,0.0,s186,fc1974_cluster - s186,source_to_storage,storage,N,,,GL,50.0,GL,0.0,s1,0,10.3839,0,50000000.0
660,FREEPORT LNG PRETREATMENT FACILITY,f1013753,2.0,3,7,28.9849,-95.3087,ng_processing,Frio9b,s78,TX,2342.0,-96.7746,28.605,2.0,2,7,3,0.0,s78,f1013753 - s78,source_to_storage,storage,N,,,SWCA,50.0,SWCA,0.0,s1,0,9.0455,0,50000000.0
661,FREEPORT LNG PRETREATMENT FACILITY,f1013753,2.0,3,7,28.9849,-95.3087,ng_processing,Frio9a,s77,TX,2342.0,-96.7746,28.605,2.0,2,7,3,0.0,s77,f1013753 - s77,source_to_storage,storage,N,,,SWCA,50.0,SWCA,0.0,s1,0,9.0455,0,50000000.0
662,KENEDY GAS PLANT,f1011012,2.0,3,7,28.7516,-98.0138,ng_processing,,ts72,TX,,-97.5,29.0,2.0,2,7,3,,,f1011012 - ts72,source_to_ts_node,uniform_ts_node,N,,,SWCA,50.0,SWCA,0.0,s1,0,9.0455,0,50000000.0
663,_agg_nonop_ng_processing3,f_agg_nonop_ng_processing3,4.0,3,7,31.864,-101.8104,ng_processing,,ts49,TX,,-102.0845,31.404,73.0,4,7,3,,,f_agg_nonop_ng_processing3 - ts49,source_to_ts_node,operational_ts_node,N,,,SWCA,50.0,SWCA,0.0,s1,0,9.0455,0,50000000.0
664,LONE STAR INDUSTRIES INC,f1005302,1.0,2,3,39.6166,-86.8686,cement,Mount Simon3,s136,IL,20633.0,-89.239,39.9199,0.0,1,3,2,0.0,s136,f1005302 - s136,source_to_storage,storage,N,,,GL,50.0,GL,0.0,s1,0,10.3839,0,50000000.0
665,Oklahoma Carbon Hub-EOR,fop004,3.0,3,7,36.7611,-96.7128,other_operational_facility,Arbuckle1,s1,OK,10229.0,-98.5544,36.3994,0.0,3,7,3,0.0,s1,fop004 - s1,source_to_storage,storage,N,,,GP,50.0,GP,0.0,s1,0,6.7731,0,50000000.0
666,YOAKUM CRYOGENIC PLANT,f1009093,2.0,3,7,29.3421,-97.11,ng_processing,Frio2,s68,TX,4357.0,-97.9289,27.5054,4.0,2,7,3,0.0,s68,f1009093 - s68,source_to_storage,storage,N,,,SWCA,50.0,SWCA,0.0,s1,0,9.0455,0,50000000.0
667,facility_pp_natgas_1975,fc1975_cluster,,2,3,39.7381,-86.5129,pp_natgas,Knox3,s94,IN,4930.0,-87.1143,38.6993,0.0,1,3,2,0.0,s94,fc1975_cluster - s94,source_to_storage,storage,N,,,GL,50.0,GL,0.0,s1,0,10.3839,0,50000000.0
668,PANTHER GAS PLANT,f1012901,4.0,3,7,31.6411,-102.1938,ng_processing,,p4402,TX,,-102.637,32.0038,8.0,4,7,3,,,f1012901 - p4402,source_to_demand,co2_eor,N,,,SWCA,50.0,SWCA,0.0,s1,0,9.0455,0,50000000.0
669,HOLCIM (US) Inc,f1002055,4.0,3,7,32.513,-96.9711,cement,Paluxy3,s164,TX,11534.0,-95.243,32.3169,6.0,2,7,3,0.0,s164,f1002055 - s164,source_to_storage,storage,N,,,SWCA,50.0,SWCA,0.0,s1,0,9.0455,0,50000000.0
670,ARCHER DANIEL MIDLAND COMPANY,f1002916,3.0,2,4,41.424,-97.2896,ethanol,,ts20,NE,,-96.5899,41.3846,0.0,3,4,2,,,f1002916 - ts20,source_to_ts_node,uniform_ts_node,N,,,GP,50.0,GP,0.0,s1,0,6.7731,0,50000000.0
671,LAFARGE Paulding Plant (INCLUDING SYSTECH ENV CORP),f1007766,1.0,2,3,41.1809,-84.6048,cement,Mount Simon8,s141,MI,4788.0,-83.6668,42.2254,0.0,1,3,2,0.0,s141,f1007766 - s141,source_to_storage,storage,N,,,GL,50.0,GL,0.0,s1,0,10.3839,0,50000000.0
672,LAFARGE Paulding Plant (INCLUDING SYSTECH ENV CORP),f1007766,1.0,2,3,41.1809,-84.6048,cement,St. Peter8,s200,MI,11160.0,-85.0621,42.4439,0.0,1,3,2,0.0,s200,f1007766 - s200,source_to_storage,storage,N,,,GL,50.0,GL,0.0,s1,0,10.3839,0,50000000.0
673,facility_pp_coal_1923,fc1923_cluster,,4,8,40.8837,-108.3435,pp_coal,Morrison7,s131,UT,8007.0,-110.0577,39.9471,0.0,5,8,4,0.0,s131,fc1923_cluster - s131,source_to_storage,storage,N,,,RM,50.0,RM,0.0,s1,0,6.7731,0,50000000.0
674,BATTLE HORSE PLANT,f1013903,2.0,3,7,30.1619,-96.5631,ng_processing,Frio1,s67,TX,4855.0,-95.6624,29.7957,3.0,2,7,3,0.0,s67,f1013903 - s67,source_to_storage,storage,N,,,SWCA,50.0,SWCA,0.0,s1,0,9.0455,0,50000000.0
675,"BARGATH, INC.- PARACHUTE",f1002943,5.0,4,8,39.4873,-108.1114,ng_processing,Entrada1,s50,CO,9237.0,-108.0439,39.5866,0.0,5,8,4,0.0,s50,f1002943 - s50,source_to_storage,storage,N,,,RM,50.0,RM,0.0,s1,0,6.7731,0,50000000.0
676,WE HEREFORD LLC,f1004799,3.0,3,7,34.8219,-102.3704,ethanol,Wolfcamp2,s227,NM,8502.0,-103.846,34.6309,4.0,4,8,4,0.0,s227,f1004799 - s227,source_to_storage,storage,N,,,SWCA,50.0,SWCA,0.0,s1,0,9.0455,0,50000000.0
677,WE HEREFORD LLC,f1004799,3.0,3,7,34.8219,-102.3704,ethanol,Canyon2,s18,NM,8502.0,-103.846,34.6309,4.0,4,8,4,0.0,s18,f1004799 - s18,source_to_storage,storage,N,,,SWCA,50.0,SWCA,0.0,s1,0,9.0455,0,50000000.0
678,SHELBY,f1010598,2.0,3,7,31.7954,-94.179,ng_processing,Woodbine1,s228,TX,13575.0,-95.5742,31.6981,6.0,2,7,3,0.0,s228,f1010598 - s228,source_to_storage,storage,N,,,SWCA,50.0,SWCA,0.0,s1,0,9.0455,0,50000000.0
679,Celanese Utilization Project,fop005,2.0,3,7,29.5603,-95.0535,other_operational_facility,,hsm_cent2,,,-95.3939,30.0067,,2,7,3,,,fop005 - hsm_cent2,source_to_hsm_cent,hsm_centroid,Y,,180000.0,SWCA,50.0,SWCA,0.0,s1,0,9.0455,0,50000000.0
680,PANTHER GAS PLANT,f1012901,4.0,3,7,31.6411,-102.1938,ng_processing,,p4410,TX,,-102.699,31.9612,8.0,4,7,3,,,f1012901 - p4410,source_to_demand,co2_eor,N,,,SWCA,50.0,SWCA,0.0,s1,0,9.0455,0,50000000.0
681,GCC DACOTAH,f1004539,6.0,2,4,44.089,-103.2676,cement,Madison Gp-Mission Canyon3,s116,SD,10420.0,-102.7355,45.3349,0.0,6,4,2,0.0,s116,f1004539 - s116,source_to_storage,storage,N,,,GP,50.0,GP,0.0,s1,0,6.7731,0,50000000.0
682,"CEMEX SOUTHEAST LLC, DEMOPOLIS PLANT",f1008033,2.0,3,6,32.5127,-87.8156,cement,Lower Tuscaloosa8,s108,MS,13379.0,-89.9133,32.3322,0.0,2,6,3,0.0,s108,f1008033 - s108,source_to_storage,storage,N,,,SE,50.0,SE,0.0,s1,0,9.7238,0,50000000.0
683,facility_ethanol_1914,fc1914_cluster,,3,7,34.6175,-102.0948,ethanol,Queen1,s170,TX,51294.0,-101.642,34.6805,10.0,3,7,3,0.0,s170,fc1914_cluster - s170,source_to_storage,storage,N,,,SWCA,50.0,SWCA,0.0,s1,0,9.0455,0,50000000.0
684,facility_ethanol_1914,fc1914_cluster,,3,7,34.6175,-102.0948,ethanol,Seven Rivers1,s191,NM,9346.0,-103.6189,32.9649,4.0,4,8,4,0.0,s191,fc1914_cluster - s191,source_to_storage,storage,N,,,SWCA,50.0,SWCA,0.0,s1,0,9.0455,0,50000000.0
685,facility_ethanol_1914,fc1914_cluster,,3,7,34.6175,-102.0948,ethanol,Fusselman1,s86,TX,51068.0,-102.444,31.7932,8.0,4,7,3,0.0,s86,fc1914_cluster - s86,source_to_storage,storage,N,,,SWCA,50.0,SWCA,0.0,s1,0,9.0455,0,50000000.0
686,facility_ethanol_1914,fc1914_cluster,,3,7,34.6175,-102.0948,ethanol,Strawn1,s205,TX,51068.0,-102.444,31.7932,8.0,4,7,3,0.0,s205,fc1914_cluster - s205,source_to_storage,storage,N,,,SWCA,50.0,SWCA,0.0,s1,0,9.0455,0,50000000.0
687,facility_ethanol_1914,fc1914_cluster,,3,7,34.6175,-102.0948,ethanol,Leonard1,s99,TX,51294.0,-102.444,31.7932,8.0,4,7,3,0.0,s99,fc1914_cluster - s99,source_to_storage,storage,N,,,SWCA,50.0,SWCA,0.0,s1,0,9.0455,0,50000000.0
688,facility_ethanol_1914,fc1914_cluster,,3,7,34.6175,-102.0948,ethanol,Atoka1,s5,TX,51294.0,-102.444,31.7932,8.0,4,7,3,0.0,s5,fc1914_cluster - s5,source_to_storage,storage,N,,,SWCA,50.0,SWCA,0.0,s1,0,9.0455,0,50000000.0
689,VERDIGRIS PLT,f1002275,3.0,3,7,36.2335,-95.7191,ammonia,,p6004,OK,,-96.259,35.9157,0.0,3,7,3,,,f1002275 - p6004,source_to_demand,co2_eor,N,,,GP,50.0,GP,0.0,s1,0,0.0,0,50000000.0
690,,nat001,5.0,4,8,37.32,-108.67,nat_co2_field,,ts50,NM,,-108.1461,36.9785,4.0,4,8,4,,,nat001 - ts50,nat_co2_to_ts_node,operational_ts_node,N,McElmo Dome,,RM,50.0,RM,0.0,s1,0,6.7731,0,50000000.0
691,facility_pp_natgas_1944,fc1944_cluster,,4,8,39.7757,-104.5501,pp_natgas,Morrison3,s127,CO,24922.0,-103.7797,39.8853,0.0,5,8,4,0.0,s127,fc1944_cluster - s127,source_to_storage,storage,N,,,RM,50.0,RM,0.0,s1,0,6.7731,0,50000000.0
692,WE HEREFORD LLC,f1004799,3.0,3,7,34.8219,-102.3704,ethanol,Cisco1,s24,TX,15012.0,-101.6575,34.6788,10.0,3,7,3,0.0,s24,f1004799 - s24,source_to_storage,storage,N,,,SWCA,50.0,SWCA,0.0,s1,0,9.0455,0,50000000.0
693,WE HEREFORD LLC,f1004799,3.0,3,7,34.8219,-102.3704,ethanol,Wolfcamp1,s226,TX,15012.0,-101.642,34.6805,10.0,3,7,3,0.0,s226,f1004799 - s226,source_to_storage,storage,N,,,SWCA,50.0,SWCA,0.0,s1,0,9.0455,0,50000000.0
694,WE HEREFORD LLC,f1004799,3.0,3,7,34.8219,-102.3704,ethanol,Canyon1,s17,TX,15157.0,-101.6575,34.6788,10.0,3,7,3,0.0,s17,f1004799 - s17,source_to_storage,storage,N,,,SWCA,50.0,SWCA,0.0,s1,0,9.0455,0,50000000.0
695,BULLDOG GAS PLANT (PANOLA III),f1013924,2.0,3,7,32.1456,-94.2688,ng_processing,Woodbine1,s228,TX,13575.0,-95.5742,31.6981,6.0,2,7,3,0.0,s228,f1013924 - s228,source_to_storage,storage,N,,,SWCA,50.0,SWCA,0.0,s1,0,9.0455,0,50000000.0
696,Orrville            ,fpp2935.07    ,1.0,2,3,40.851,-81.766,pp_coal,,ts37,OH,,-81.1971,40.5228,0.0,1,3,2,,,fpp2935.07     - ts37,source_to_ts_node,uniform_ts_node,N,,,GL,50.0,GL,0.0,s1,0,10.3839,0,50000000.0
697,Orrville            ,fpp2935.09    ,1.0,2,3,40.851,-81.766,pp_coal,,ts37,OH,,-81.1971,40.5228,0.0,1,3,2,,,fpp2935.09     - ts37,source_to_ts_node,uniform_ts_node,N,,,GL,50.0,GL,0.0,s1,0,10.3839,0,50000000.0
698,Orrville            ,fpp2935.08    ,1.0,2,3,40.851,-81.766,pp_coal,,ts37,OH,,-81.1971,40.5228,0.0,1,3,2,,,fpp2935.08     - ts37,source_to_ts_node,uniform_ts_node,N,,,GL,50.0,GL,0.0,s1,0,10.3839,0,50000000.0
699,facility_pp_natgas_1944,fc1944_cluster,,4,8,39.7757,-104.5501,pp_natgas,Dakota8,s43,CO,22831.0,-103.8294,39.9554,0.0,5,8,4,0.0,s43,fc1944_cluster - s43,source_to_storage,storage,N,,,RM,50.0,RM,0.0,s1,0,6.7731,0,50000000.0
700,facility_pp_natgas_1957,fc1957_cluster,,3,7,32.4107,-94.3281,pp_natgas,Paluxy2,s163,TX,8108.0,-95.4206,32.2673,6.0,2,7,3,0.0,s163,fc1957_cluster - s163,source_to_storage,storage,N,,,SWCA,50.0,SWCA,0.0,s1,0,9.0455,0,50000000.0
701,,ts52,2.0,3,6,32.6973,-90.388,operational_ts_node,,p4925,MS,,-90.2017,32.1787,0.0,2,6,3,,,ts52 - p4925,ts_node_to_demand,co2_eor,N,,,SE,50.0,SE,0.0,s1,0,9.7238,0,50000000.0
702,Hereford Ethanol Partners LP,f1000352,3.0,3,7,34.85,-102.2868,ethanol,Wolfcamp1,s226,TX,15012.0,-101.642,34.6805,10.0,3,7,3,0.0,s226,f1000352 - s226,source_to_storage,storage,N,,,SWCA,50.0,SWCA,0.0,s1,0,9.0455,0,50000000.0
703,Hereford Ethanol Partners LP,f1000352,3.0,3,7,34.85,-102.2868,ethanol,Cisco1,s24,TX,15012.0,-101.6575,34.6788,10.0,3,7,3,0.0,s24,f1000352 - s24,source_to_storage,storage,N,,,SWCA,50.0,SWCA,0.0,s1,0,9.0455,0,50000000.0
704,Hereford Ethanol Partners LP,f1000352,3.0,3,7,34.85,-102.2868,ethanol,Canyon1,s17,TX,15157.0,-101.6575,34.6788,10.0,3,7,3,0.0,s17,f1000352 - s17,source_to_storage,storage,N,,,SWCA,50.0,SWCA,0.0,s1,0,9.0455,0,50000000.0
705,SIMPLOT PHOSPHATES,f1003087,5.0,4,8,41.5414,-109.131,ammonia,Morrison7,s131,UT,8007.0,-110.0577,39.9471,0.0,5,8,4,0.0,s131,f1003087 - s131,source_to_storage,storage,N,,,RM,50.0,RM,0.0,s1,0,6.7731,0,50000000.0
706,facility_ammonia_2004,fc2004_cluster,,4,8,41.5414,-109.131,ammonia,Morrison7,s131,UT,8007.0,-110.0577,39.9471,0.0,5,8,4,0.0,s131,fc2004_cluster - s131,source_to_storage,storage,N,,,RM,50.0,RM,0.0,s1,0,6.7731,0,50000000.0
707,,ts48,4.0,3,7,32.7688,-101.2617,operational_ts_node,,p4411,TX,,-101.912,32.7303,81.0,4,7,3,,,ts48 - p4411,ts_node_to_demand,co2_eor,N,,,SWCA,50.0,SWCA,0.0,s1,0,9.0455,0,50000000.0
708,CEMEX CONSTRUCTION MATERIALS SOUTH LLC,f1007877,5.0,4,8,40.2022,-105.2367,cement,,p3907,CO,,-104.79,40.6282,0.0,5,8,4,,,f1007877 - p3907,source_to_demand,co2_eor,N,,,RM,50.0,RM,0.0,s1,0,6.7731,0,50000000.0
709,SIMPLOT PHOSPHATES,f1003087,5.0,4,8,41.5414,-109.131,ammonia,Nugget2,s154,WY,22707.0,-108.4889,41.8307,0.0,5,8,4,0.0,s154,f1003087 - s154,source_to_storage,storage,N,,,RM,50.0,RM,0.0,s1,0,6.7731,0,50000000.0
710,facility_ammonia_2004,fc2004_cluster,,4,8,41.5414,-109.131,ammonia,Nugget2,s154,WY,22707.0,-108.4889,41.8307,0.0,5,8,4,0.0,s154,fc2004_cluster - s154,source_to_storage,storage,N,,,RM,50.0,RM,0.0,s1,0,6.7731,0,50000000.0
711,TERRA INTERNATIONAL (OKLAHOMA) LLC,f1005788,3.0,3,7,36.4372,-99.4711,ammonia,Arbuckle4,s4,KS,32460.0,-99.2057,37.695,0.0,3,4,2,0.0,s4,f1005788 - s4,source_to_storage,storage,N,,,GP,50.0,GP,0.0,s1,0,6.7731,0,50000000.0
712,facility_pp_natgas_1975,fc1975_cluster,,2,3,39.7381,-86.5129,pp_natgas,Mount Simon6,s139,IN,29370.0,-86.0531,40.2057,0.0,1,3,2,0.0,s139,fc1975_cluster - s139,source_to_storage,storage,N,,,GL,50.0,GL,0.0,s1,0,10.3839,0,50000000.0
713,facility_pp_natgas_1975,fc1975_cluster,,2,3,39.7381,-86.5129,pp_natgas,Mount Simon5,s138,IN,5054.0,-86.9464,38.7475,0.0,1,3,2,0.0,s138,fc1975_cluster - s138,source_to_storage,storage,N,,,GL,50.0,GL,0.0,s1,0,10.3839,0,50000000.0
714,HOLCIM (US) INC. D/B/A LAFARGE ALPENA,f1005874,1.0,2,3,45.0722,-83.4048,cement,St. Peter10,s202,MI,9200.0,-84.4233,44.0351,0.0,1,3,2,0.0,s202,f1005874 - s202,source_to_storage,storage,N,,,GL,50.0,GL,0.0,s1,0,10.3839,0,50000000.0
715,facility_beccs_2013,fc2013_cluster,,4,8,40.4534,-110.2953,beccs,Tensleep4,s212,WY,6902.0,-110.5927,41.9882,0.0,5,8,4,0.0,s212,fc2013_cluster - s212,source_to_storage,storage,N,,,RM,50.0,RM,0.0,s1,0,6.7731,0,50000000.0
716,facility_ethanol_1913,fc1913_cluster,,2,8,40.4534,-110.2953,ethanol,Tensleep4,s212,WY,6902.0,-110.5927,41.9882,0.0,5,8,4,0.0,s212,fc1913_cluster - s212,source_to_storage,storage,N,,,RM,50.0,RM,0.0,s1,0,6.7731,0,50000000.0
717,"CEMEX SOUTHEAST LLC, DEMOPOLIS PLANT",f1008033,2.0,3,6,32.5127,-87.8156,cement,Eutaw2,s60,AL,8478.0,-87.6484,31.182,0.0,2,6,3,0.0,s60,f1008033 - s60,source_to_storage,storage,N,,,SE,50.0,SE,0.0,s1,0,9.7238,0,50000000.0
718,TARGA WILDCAT GAS PROCESSING PLANT,f1013183,4.0,3,7,31.8052,-103.2412,ng_processing,,p4402,TX,,-102.637,32.0038,8.0,4,7,3,,,f1013183 - p4402,source_to_demand,co2_eor,N,,,SWCA,50.0,SWCA,0.0,s1,0,0.0,0,50000000.0
719,JACKSON LAKE GAS PLANT,f1013618,5.0,4,8,40.4527,-103.9559,ng_processing,Morrison3,s127,CO,24922.0,-103.7797,39.8853,0.0,5,8,4,0.0,s127,f1013618 - s127,source_to_storage,storage,N,,,RM,50.0,RM,0.0,s1,0,6.7731,0,50000000.0
720,facility_pp_natgas_1957,fc1957_cluster,,3,7,32.4107,-94.3281,pp_natgas,Woodbine1,s228,TX,13575.0,-95.5742,31.6981,6.0,2,7,3,0.0,s228,fc1957_cluster - s228,source_to_storage,storage,N,,,SWCA,50.0,SWCA,0.0,s1,0,9.0455,0,50000000.0
721,SIMPLOT PHOSPHATES,f1003087,5.0,4,8,41.5414,-109.131,ammonia,Weber3,s221,CO,5712.0,-107.8178,40.6082,0.0,5,8,4,0.0,s221,f1003087 - s221,source_to_storage,storage,N,,,RM,50.0,RM,0.0,s1,0,6.7731,0,50000000.0
722,facility_ammonia_2004,fc2004_cluster,,4,8,41.5414,-109.131,ammonia,Weber3,s221,CO,5712.0,-107.8178,40.6082,0.0,5,8,4,0.0,s221,fc2004_cluster - s221,source_to_storage,storage,N,,,RM,50.0,RM,0.0,s1,0,6.7731,0,50000000.0
723,ASH GROVE CEMENT COMPANY,f1002421,4.0,3,7,32.5199,-97.0068,cement,Paluxy3,s164,TX,11534.0,-95.243,32.3169,6.0,2,7,3,0.0,s164,f1002421 - s164,source_to_storage,storage,N,,,SWCA,50.0,SWCA,0.0,s1,0,9.0455,0,50000000.0
724,LEHIGH CEMENT COMPANY LLC,f1003891,1.0,2,3,38.7391,-86.457,cement,Mount Simon11,s144,KY,10350.0,-84.5965,38.2913,0.0,1,6,3,0.0,s144,f1003891 - s144,source_to_storage,storage,N,,,GL,50.0,GL,0.0,s1,0,10.3839,0,50000000.0
725,JACKSON LAKE GAS PLANT,f1013618,5.0,4,8,40.4527,-103.9559,ng_processing,Dakota8,s43,CO,22831.0,-103.8294,39.9554,0.0,5,8,4,0.0,s43,f1013618 - s43,source_to_storage,storage,N,,,RM,50.0,RM,0.0,s1,0,6.7731,0,50000000.0
726,JACKSON LAKE GAS PLANT,f1013618,5.0,4,8,40.4527,-103.9559,ng_processing,Dakota10,s45,NE,8564.0,-103.2372,41.6698,0.0,3,4,2,0.0,s45,f1013618 - s45,source_to_storage,storage,N,,,RM,50.0,RM,0.0,s1,0,6.7731,0,50000000.0
727,JACKSON LAKE GAS PLANT,f1013618,5.0,4,8,40.4527,-103.9559,ng_processing,Entrada7,s56,NE,8564.0,-103.2372,41.6698,0.0,3,4,2,0.0,s56,f1013618 - s56,source_to_storage,storage,N,,,RM,50.0,RM,0.0,s1,0,6.7731,0,50000000.0
728,,ts48,4.0,3,7,32.7688,-101.2617,operational_ts_node,,p4406,TX,,-101.518,32.2604,8.0,4,7,3,,,ts48 - p4406,ts_node_to_demand,co2_eor,N,,,SWCA,50.0,SWCA,0.0,s1,0,9.0455,0,50000000.0
729,PANTHER GAS PLANT,f1012901,4.0,3,7,31.6411,-102.1938,ng_processing,,p4412,TX,,-102.841,31.5659,8.0,4,7,3,,,f1012901 - p4412,source_to_demand,co2_eor,N,,,SWCA,50.0,SWCA,0.0,s1,0,9.0455,0,50000000.0
730,Air Products Port Arthur Facility,f1006402,2.0,3,7,29.866,-93.967,ammonia,Frio1,s67,TX,4855.0,-95.6624,29.7957,3.0,2,7,3,0.0,s67,f1006402 - s67,source_to_storage,storage,N,,,SWCA,50.0,SWCA,0.0,s1,0,9.0455,0,50000000.0
731,COFFEYVILLE RESOURCES NITROGEN FERT.,f1002170,3.0,2,4,37.0454,-95.6052,ammonia,Arbuckle4,s4,KS,32460.0,-99.2057,37.695,0.0,3,4,2,0.0,s4,f1002170 - s4,source_to_storage,storage,N,,,GP,50.0,GP,0.0,s1,0,6.7731,0,50000000.0
732,facility_ammonia_2004,fc2004_cluster,,4,8,41.5414,-109.131,ammonia,Nugget1,s153,CO,5877.0,-107.939,40.6116,0.0,5,8,4,0.0,s153,fc2004_cluster - s153,source_to_storage,storage,N,,,RM,50.0,RM,0.0,s1,0,6.7731,0,50000000.0
733,SIMPLOT PHOSPHATES,f1003087,5.0,4,8,41.5414,-109.131,ammonia,Nugget1,s153,CO,5877.0,-107.939,40.6116,0.0,5,8,4,0.0,s153,f1003087 - s153,source_to_storage,storage,N,,,RM,50.0,RM,0.0,s1,0,6.7731,0,50000000.0
734,"Valero Renewable Fuels Company, LLC d/b/a Valero Mt. Vernon Plant",f1006490,1.0,2,3,37.9336,-87.8734,ethanol,Knox1,s92,IL,10500.0,-88.8089,38.8847,0.0,1,3,2,0.0,s92,f1006490 - s92,source_to_storage,storage,N,,,GL,50.0,GL,0.0,s1,0,10.3839,0,50000000.0
735,facility_pp_coal_1939,fc1939_cluster,,2,4,47.2681,-101.43,pp_coal,Madison Gp-Mission Canyon1,s114,ND,29617.0,-102.248,47.524,0.0,6,4,2,0.0,s114,fc1939_cluster - s114,source_to_storage,storage,N,,,GP,50.0,GP,0.0,s1,0,6.7731,0,50000000.0
736,JACKSON LAKE GAS PLANT,f1013618,5.0,4,8,40.4527,-103.9559,ng_processing,Dakota9,s44,WY,5028.0,-104.5313,41.6629,0.0,5,8,4,0.0,s44,f1013618 - s44,source_to_storage,storage,N,,,RM,50.0,RM,0.0,s1,0,6.7731,0,50000000.0
737,JACKSON LAKE GAS PLANT,f1013618,5.0,4,8,40.4527,-103.9559,ng_processing,Entrada6,s55,WY,5028.0,-104.5313,41.6629,0.0,5,8,4,0.0,s55,f1013618 - s55,source_to_storage,storage,N,,,RM,50.0,RM,0.0,s1,0,6.7731,0,50000000.0
738,Holcim (US) Inc,f1004810,2.0,3,6,30.5349,-88.1121,cement,Lower Tuscaloosa1,s101,AL,10592.0,-87.0544,31.4544,0.0,2,6,3,0.0,s101,f1004810 - s101,source_to_storage,storage,N,,,SE,50.0,SE,0.0,s1,0,9.7238,0,50000000.0
739,Celanese Utilization Project,fop005,2.0,3,7,29.5603,-95.0535,other_operational_facility,Frio3b,s70,TX,1193.0,-94.2397,30.2314,3.0,2,7,3,0.0,s70,fop005 - s70,source_to_storage,storage,N,,,SWCA,50.0,SWCA,0.0,s1,0,9.0455,0,50000000.0
740,Celanese Utilization Project,fop005,2.0,3,7,29.5603,-95.0535,other_operational_facility,Frio3a,s69,TX,1193.0,-94.2397,30.2314,3.0,2,7,3,0.0,s69,fop005 - s69,source_to_storage,storage,N,,,SWCA,50.0,SWCA,0.0,s1,0,9.0455,0,50000000.0
741,facility_pp_natgas_1954,fc1954_cluster,,3,7,36.1295,-95.6146,pp_natgas,,p6004,OK,,-96.259,35.9157,0.0,3,7,3,,,fc1954_cluster - p6004,source_to_demand,co2_eor,N,,,GP,50.0,GP,0.0,s1,0,6.7731,0,50000000.0
742,Green Plains Mount Vernon LLC,f1003377,1.0,2,3,37.9098,-87.7265,ethanol,Mount Simon5,s138,IN,5054.0,-86.9464,38.7475,0.0,1,3,2,0.0,s138,f1003377 - s138,source_to_storage,storage,N,,,GL,50.0,GL,0.0,s1,0,10.3839,0,50000000.0
743,facility_pp_natgas_1978,fc1978_cluster,,3,6,32.3244,-86.015,pp_natgas,Paluxy4,s165,AL,16568.0,-87.3213,31.4857,0.0,2,6,3,0.0,s165,fc1978_cluster - s165,source_to_storage,storage,N,,,SE,50.0,SE,0.0,s1,0,9.7238,0,50000000.0
744,facility_pp_natgas_1952,fc1952_cluster,,3,7,32.316,-102.1839,pp_natgas,,p4410,TX,,-102.699,31.9612,8.0,4,7,3,,,fc1952_cluster - p4410,source_to_demand,co2_eor,N,,,SWCA,50.0,SWCA,0.0,s1,0,9.0455,0,50000000.0
745,,ts51,4.0,4,8,36.5833,-104.0351,operational_ts_node,Dakota6,s41,CO,2540.0,-104.9721,37.3544,0.0,5,8,4,0.0,s41,ts51 - s41,ts_node_to_storage,storage,N,,,RM,50.0,RM,0.0,s1,0,6.7731,0,50000000.0
746,facility_pp_natgas_1952,fc1952_cluster,,3,7,32.316,-102.1839,pp_natgas,,p4406,TX,,-101.518,32.2604,8.0,4,7,3,,,fc1952_cluster - p4406,source_to_demand,co2_eor,N,,,SWCA,50.0,SWCA,0.0,s1,0,9.0455,0,50000000.0
747,TERRELL GAS PROCESSING,f1000002,2.0,3,7,40.3711,-85.1981,ng_processing,,ts32,IN,,-85.0039,40.9117,0.0,1,3,2,,,f1000002 - ts32,source_to_ts_node,uniform_ts_node,N,,,GL,50.0,GL,0.0,s1,0,10.3839,0,50000000.0
748,Petra Nova,fop006,2.0,3,7,29.4791,-95.6294,other_operational_facility,,hsm_cent2,,,-95.3939,30.0067,,2,7,3,,,fop006 - hsm_cent2,source_to_hsm_cent,hsm_centroid,Y,,1400000.0,SWCA,50.0,SWCA,0.0,s1,0,9.0455,0,50000000.0
749,TXI OPERATIONS,f1007792,4.0,3,7,32.4627,-97.0256,cement,Paluxy3,s164,TX,11534.0,-95.243,32.3169,6.0,2,7,3,0.0,s164,f1007792 - s164,source_to_storage,storage,N,,,SWCA,50.0,SWCA,0.0,s1,0,9.0455,0,50000000.0
750,_agg_nonop_ng_processing6,f_agg_nonop_ng_processing6,2.0,3,7,28.6904,-97.8005,ng_processing,Frio9b,s78,TX,2342.0,-96.7746,28.605,2.0,2,7,3,0.0,s78,f_agg_nonop_ng_processing6 - s78,source_to_storage,storage,N,,,SWCA,50.0,SWCA,0.0,s1,0,9.0455,0,50000000.0
751,_agg_nonop_ng_processing6,f_agg_nonop_ng_processing6,2.0,3,7,28.6904,-97.8005,ng_processing,Frio9a,s77,TX,2342.0,-96.7746,28.605,2.0,2,7,3,0.0,s77,f_agg_nonop_ng_processing6 - s77,source_to_storage,storage,N,,,SWCA,50.0,SWCA,0.0,s1,0,9.0455,0,50000000.0
752,Green Plains Mount Vernon LLC,f1003377,1.0,2,3,37.9098,-87.7265,ethanol,Knox1,s92,IL,10500.0,-88.8089,38.8847,0.0,1,3,2,0.0,s92,f1003377 - s92,source_to_storage,storage,N,,,GL,50.0,GL,0.0,s1,0,10.3839,0,50000000.0
753,facility_beccs_2013,fc2013_cluster,,4,8,40.4534,-110.2953,beccs,Nugget2,s154,WY,22707.0,-108.4889,41.8307,0.0,5,8,4,0.0,s154,fc2013_cluster - s154,source_to_storage,storage,N,,,RM,50.0,RM,0.0,s1,0,6.7731,0,50000000.0
754,facility_ethanol_1913,fc1913_cluster,,2,8,40.4534,-110.2953,ethanol,Nugget2,s154,WY,22707.0,-108.4889,41.8307,0.0,5,8,4,0.0,s154,fc1913_cluster - s154,source_to_storage,storage,N,,,RM,50.0,RM,0.0,s1,0,6.7731,0,50000000.0
755,facility_pp_coal_1930,fc1930_cluster,,2,3,38.5296,-87.4916,pp_coal,Knox6,s97,KY,1700.0,-87.624,37.5415,0.0,1,6,3,0.0,s97,fc1930_cluster - s97,source_to_storage,storage,N,,,GL,50.0,GL,0.0,s1,0,10.3839,0,50000000.0
756,facility_ng_processing_1987,fc1987_cluster,,3,7,30.7559,-95.4086,ng_processing,Paluxy2,s163,TX,8108.0,-95.4206,32.2673,6.0,2,7,3,0.0,s163,fc1987_cluster - s163,source_to_storage,storage,N,,,SWCA,50.0,SWCA,0.0,s1,0,9.0455,0,50000000.0
757,YOAKUM CRYOGENIC PLANT,f1009093,2.0,3,7,29.3421,-97.11,ng_processing,Frio9a,s77,TX,2342.0,-96.7746,28.605,2.0,2,7,3,0.0,s77,f1009093 - s77,source_to_storage,storage,N,,,SWCA,50.0,SWCA,0.0,s1,0,9.0455,0,50000000.0
758,YOAKUM CRYOGENIC PLANT,f1009093,2.0,3,7,29.3421,-97.11,ng_processing,Frio9b,s78,TX,2342.0,-96.7746,28.605,2.0,2,7,3,0.0,s78,f1009093 - s78,source_to_storage,storage,N,,,SWCA,50.0,SWCA,0.0,s1,0,9.0455,0,50000000.0
759,FirstEnergy Harrison,fpp3944.03    ,1.0,3,5,39.384,-80.333,pp_coal,Rose Run3,s186,PA,8201.0,-78.8689,40.9262,0.0,1,2,1,0.0,s186,fpp3944.03     - s186,source_to_storage,storage,N,,,MA,50.0,MA,0.0,s1,0,13.1263,0,50000000.0
760,FirstEnergy Harrison,fpp3944.01    ,1.0,3,5,39.384,-80.333,pp_coal,Rose Run3,s186,PA,8201.0,-78.8689,40.9262,0.0,1,2,1,0.0,s186,fpp3944.01     - s186,source_to_storage,storage,N,,,MA,50.0,MA,0.0,s1,0,13.1263,0,50000000.0
761,,ts52,2.0,3,6,32.6973,-90.388,operational_ts_node,Eutaw1,s59,MS,29518.0,-89.8942,31.9943,0.0,2,6,3,0.0,s59,ts52 - s59,ts_node_to_storage,storage,N,,,SE,50.0,SE,0.0,s1,0,9.7238,0,50000000.0
762,"Koch Fertilizer Ft. Dodge, LLC",f1007046,3.0,2,4,42.4994,-94.0172,ammonia,,hsm_cent3,,,-93.4961,42.0737,,3,4,2,,,f1007046 - hsm_cent3,source_to_hsm_cent,hsm_centroid,Y,,265142.876,GP,50.0,GP,0.0,s1,0,6.7731,0,50000000.0
763,SUWANNEE AMERICAN CEMENT,f1000533,2.0,3,5,29.9616,-82.8497,cement,Eutaw3,s61,FL,13014.0,-85.4061,30.5037,0.0,2,5,3,0.0,s61,f1000533 - s61,source_to_storage,storage,N,,,SE,50.0,SE,0.0,s1,0,9.7238,0,50000000.0
764,facility_pp_coal_1936,fc1936_cluster,,3,6,38.3602,-84.8002,pp_coal,,ts31,KY,,-85.4315,38.0578,0.0,1,6,3,,,fc1936_cluster - ts31,source_to_ts_node,uniform_ts_node,N,,,SE,50.0,SE,0.0,s1,0,9.7238,0,50000000.0
765,RIVER CEMENT COMPANY DBA BUZZI UNICEM USA,f1003002,3.0,2,4,38.1804,-90.3366,cement,Mount Simon2,s135,IL,5957.0,-88.5947,39.0412,0.0,1,3,2,0.0,s135,f1003002 - s135,source_to_storage,storage,N,,,GP,50.0,GP,0.0,s1,0,6.7731,0,50000000.0
766,,ts59,5.0,4,8,40.1656,-103.5956,uniform_ts_node,,p3905,CO,,-103.449,40.7334,0.0,5,8,4,,,ts59 - p3905,ts_node_to_demand,co2_eor,N,,,RM,50.0,RM,0.0,s1,0,6.7731,0,50000000.0
767,ALAMO GAS PLANT,f1012815,2.0,3,7,31.2816,-95.5197,ng_processing,Woodbine1,s228,TX,13575.0,-95.5742,31.6981,6.0,2,7,3,0.0,s228,f1012815 - s228,source_to_storage,storage,N,,,SWCA,50.0,SWCA,0.0,s1,0,9.0455,0,50000000.0
768,,ts72,2.0,3,7,29.0,-97.5,uniform_ts_node,Frio9a,s77,TX,2342.0,-96.7746,28.605,2.0,2,7,3,0.0,s77,ts72 - s77,ts_node_to_storage,storage,N,,,SWCA,50.0,SWCA,0.0,s1,0,9.0455,0,50000000.0
769,,ts72,2.0,3,7,29.0,-97.5,uniform_ts_node,Frio9b,s78,TX,2342.0,-96.7746,28.605,2.0,2,7,3,0.0,s78,ts72 - s78,ts_node_to_storage,storage,N,,,SWCA,50.0,SWCA,0.0,s1,0,9.0455,0,50000000.0
770,WOODSBORO PLANT,f1010643,2.0,3,7,28.176,-97.2817,ng_processing,Frio1,s67,TX,4855.0,-95.6624,29.7957,3.0,2,7,3,0.0,s67,f1010643 - s67,source_to_storage,storage,N,,,SWCA,50.0,SWCA,0.0,s1,0,9.0455,0,50000000.0
771,Green Plains Madison LLC,f1005170,1.0,2,3,38.68,-90.1719,ethanol,Mount Simon2,s135,IL,5957.0,-88.5947,39.0412,0.0,1,3,2,0.0,s135,f1005170 - s135,source_to_storage,storage,N,,,GL,50.0,GL,0.0,s1,0,10.3839,0,50000000.0
772,"TGG PIPELINE, LTD. - SHELBY #3 FACILITY",f1008595,4.0,3,7,32.9159,-96.7725,ng_processing,Paluxy2,s163,TX,8108.0,-95.4206,32.2673,6.0,2,7,3,0.0,s163,f1008595 - s163,source_to_storage,storage,N,,,SWCA,50.0,SWCA,0.0,s1,0,9.0455,0,50000000.0
773,"TALCO MIDSTREAM ASSETS, LTD. - HOLLY COMMON POINT #6 FACILITY",f1007449,4.0,3,7,32.9159,-96.7725,ng_processing,Paluxy2,s163,TX,8108.0,-95.4206,32.2673,6.0,2,7,3,0.0,s163,f1007449 - s163,source_to_storage,storage,N,,,SWCA,50.0,SWCA,0.0,s1,0,9.0455,0,50000000.0
774,,ts67,3.0,3,7,33.2042,-93.5084,uniform_ts_node,Paluxy3,s164,TX,11534.0,-95.243,32.3169,6.0,2,7,3,0.0,s164,ts67 - s164,ts_node_to_storage,storage,N,,,SE,50.0,SE,0.0,s1,0,9.7238,0,50000000.0
775,Holcim (US) Inc. - Portland Plant,f1003008,5.0,4,8,38.3286,-105.009,cement,Dakota6,s41,CO,2540.0,-104.9721,37.3544,0.0,5,8,4,0.0,s41,f1003008 - s41,source_to_storage,storage,N,,,RM,50.0,RM,0.0,s1,0,6.7731,0,50000000.0
776,_agg_nonop_ng_processing5,f_agg_nonop_ng_processing5,4.0,3,7,31.4074,-103.3243,ng_processing,Fusselman1,s86,TX,51068.0,-102.444,31.7932,8.0,4,7,3,0.0,s86,f_agg_nonop_ng_processing5 - s86,source_to_storage,storage,N,,,SWCA,50.0,SWCA,0.0,s1,0,9.0455,0,50000000.0
777,_agg_nonop_ng_processing5,f_agg_nonop_ng_processing5,4.0,3,7,31.4074,-103.3243,ng_processing,Atoka1,s5,TX,51294.0,-102.444,31.7932,8.0,4,7,3,0.0,s5,f_agg_nonop_ng_processing5 - s5,source_to_storage,storage,N,,,SWCA,50.0,SWCA,0.0,s1,0,9.0455,0,50000000.0
778,MERIT ENERGY 345 ARKOMA BASIN GB,f1012433,4.0,3,7,32.9348,-96.818,ng_processing,,ts58,TX,,-97.3799,32.575,5.0,4,7,3,,,f1012433 - ts58,source_to_ts_node,uniform_ts_node,N,,,SWCA,50.0,SWCA,0.0,s1,0,9.0455,0,50000000.0
779,,nat011,2.0,3,6,32.23,-89.5,nat_co2_field,,p4925,MS,,-90.2017,32.1787,0.0,2,6,3,,,nat011 - p4925,nat_co2_to_demand,co2_eor,N,Jackson Dome,,SE,50.0,SE,0.0,s1,0,9.7238,0,50000000.0
780,LOBO PROCESSING PLANT,f1012781,4.0,3,7,31.7505,-103.5075,ng_processing,,p4412,TX,,-102.841,31.5659,8.0,4,7,3,,,f1012781 - p4412,source_to_demand,co2_eor,N,,,SWCA,50.0,SWCA,0.0,s1,0,9.0455,0,50000000.0
781,PCS NITROGEN FERTILIZER LP - GEISMAR AGRICULTURAL NITROGEN & PHOSPHATE PLANT,f1003489,2.0,3,7,30.2258,-91.0532,ammonia,,ts45,LA,,-90.7576,30.7654,0.0,2,7,3,,,f1003489 - ts45,source_to_ts_node,operational_ts_node,N,,,SE,50.0,SE,0.0,s1,0,9.7238,0,50000000.0
782,MT. OLIVE GAS PLANT,f1012151,2.0,3,7,32.5742,-92.6816,ng_processing,,p4938,LA,,-92.6739,31.9784,0.0,2,7,3,,,f1012151 - p4938,source_to_demand,co2_eor,N,,,SE,50.0,SE,0.0,s1,0,9.7238,0,50000000.0
783,Hereford Ethanol Partners LP,f1000352,3.0,3,7,34.85,-102.2868,ethanol,Canyon2,s18,NM,8502.0,-103.846,34.6309,4.0,4,8,4,0.0,s18,f1000352 - s18,source_to_storage,storage,N,,,SWCA,50.0,SWCA,0.0,s1,0,9.0455,0,50000000.0
784,Hereford Ethanol Partners LP,f1000352,3.0,3,7,34.85,-102.2868,ethanol,Wolfcamp2,s227,NM,8502.0,-103.846,34.6309,4.0,4,8,4,0.0,s227,f1000352 - s227,source_to_storage,storage,N,,,SWCA,50.0,SWCA,0.0,s1,0,9.0455,0,50000000.0
785,facility_pp_natgas_1977,fc1977_cluster,,3,6,32.8966,-89.0562,pp_natgas,Paluxy4,s165,AL,16568.0,-87.3213,31.4857,0.0,2,6,3,0.0,s165,fc1977_cluster - s165,source_to_storage,storage,N,,,SE,50.0,SE,0.0,s1,0,9.7238,0,50000000.0
786,St Marys Cement INC,f1005629,1.0,2,3,45.3164,-85.2948,cement,St. Peter10,s202,MI,9200.0,-84.4233,44.0351,0.0,1,3,2,0.0,s202,f1005629 - s202,source_to_storage,storage,N,,,GL,50.0,GL,0.0,s1,0,10.3839,0,50000000.0
787,CONVERSE CENTRAL FACILITY,f1009181,2.0,3,7,31.9551,-93.6817,ng_processing,Paluxy3,s164,TX,11534.0,-95.243,32.3169,6.0,2,7,3,0.0,s164,f1009181 - s164,source_to_storage,storage,N,,,SE,50.0,SE,0.0,s1,0,9.7238,0,50000000.0
788,KOCH FERITLIZER ENID LLC ENID NITROGEN PLT,f1002407,3.0,3,7,36.3795,-97.7651,ammonia,Arbuckle4,s4,KS,32460.0,-99.2057,37.695,0.0,3,4,2,0.0,s4,f1002407 - s4,source_to_storage,storage,N,,,GP,50.0,GP,0.0,s1,0,6.7731,0,50000000.0
789,_agg_nonop_ng_processing5,f_agg_nonop_ng_processing5,4.0,3,7,31.4074,-103.3243,ng_processing,Strawn1,s205,TX,51068.0,-102.444,31.7932,8.0,4,7,3,0.0,s205,f_agg_nonop_ng_processing5 - s205,source_to_storage,storage,N,,,SWCA,50.0,SWCA,0.0,s1,0,9.0455,0,50000000.0
790,_agg_nonop_ng_processing5,f_agg_nonop_ng_processing5,4.0,3,7,31.4074,-103.3243,ng_processing,Seven Rivers1,s191,NM,9346.0,-103.6189,32.9649,4.0,4,8,4,0.0,s191,f_agg_nonop_ng_processing5 - s191,source_to_storage,storage,N,,,SWCA,50.0,SWCA,0.0,s1,0,9.0455,0,50000000.0
791,_agg_nonop_ng_processing5,f_agg_nonop_ng_processing5,4.0,3,7,31.4074,-103.3243,ng_processing,Queen1,s170,TX,51294.0,-101.642,34.6805,10.0,3,7,3,0.0,s170,f_agg_nonop_ng_processing5 - s170,source_to_storage,storage,N,,,SWCA,50.0,SWCA,0.0,s1,0,9.0455,0,50000000.0
792,_agg_nonop_ng_processing5,f_agg_nonop_ng_processing5,4.0,3,7,31.4074,-103.3243,ng_processing,Leonard1,s99,TX,51294.0,-102.444,31.7932,8.0,4,7,3,0.0,s99,f_agg_nonop_ng_processing5 - s99,source_to_storage,storage,N,,,SWCA,50.0,SWCA,0.0,s1,0,9.0455,0,50000000.0
793,_agg_nonop_ng_processing5,f_agg_nonop_ng_processing5,4.0,3,7,31.4074,-103.3243,ng_processing,Leonard2,s100,NM,9346.0,-103.619,32.9469,4.0,4,8,4,0.0,s100,f_agg_nonop_ng_processing5 - s100,source_to_storage,storage,N,,,SWCA,50.0,SWCA,0.0,s1,0,9.0455,0,50000000.0
794,_agg_nonop_ng_processing5,f_agg_nonop_ng_processing5,4.0,3,7,31.4074,-103.3243,ng_processing,Seven Rivers2,s192,TX,51068.0,-102.4437,31.7932,8.0,4,7,3,0.0,s192,f_agg_nonop_ng_processing5 - s192,source_to_storage,storage,N,,,SWCA,50.0,SWCA,0.0,s1,0,9.0455,0,50000000.0
795,_agg_nonop_ng_processing5,f_agg_nonop_ng_processing5,4.0,3,7,31.4074,-103.3243,ng_processing,Queen2,s171,NM,9346.0,-103.846,34.6309,4.0,4,8,4,0.0,s171,f_agg_nonop_ng_processing5 - s171,source_to_storage,storage,N,,,SWCA,50.0,SWCA,0.0,s1,0,9.0455,0,50000000.0
796,Iowa Fertilizer Company,f1012918,3.0,2,4,40.69,-91.23,ammonia,Mount Simon3,s136,IL,20633.0,-89.239,39.9199,0.0,1,3,2,0.0,s136,f1012918 - s136,source_to_storage,storage,N,,,GP,50.0,GP,0.0,s1,0,6.7731,0,50000000.0
797,facility_ng_processing_1986,fc1986_cluster,,3,7,31.6433,-102.7422,ng_processing,,ts49,TX,,-102.0845,31.404,73.0,4,7,3,,,fc1986_cluster - ts49,source_to_ts_node,operational_ts_node,N,,,SWCA,50.0,SWCA,0.0,s1,0,9.0455,0,50000000.0
798,,ts46,2.0,3,7,30.1309,-93.8362,operational_ts_node,Frio6,s73,TX,1889.0,-95.376,29.6715,3.0,2,7,3,0.0,s73,ts46 - s73,ts_node_to_storage,storage,N,,,SWCA,50.0,SWCA,0.0,s1,0,9.0455,0,50000000.0
799,ONE EARTH ENERGY LLC,f1002356,1.0,2,3,40.4711,-88.3957,ethanol,Mount Simon2,s135,IL,5957.0,-88.5947,39.0412,0.0,1,3,2,0.0,s135,f1002356 - s135,source_to_storage,storage,N,,,GL,50.0,GL,0.0,s1,0,10.3839,0,50000000.0
800,Petra Nova,fop006,2.0,3,7,29.4791,-95.6294,other_operational_facility,,p4701,TX,,-95.0593,29.8337,3.0,2,7,3,,,fop006 - p4701,source_to_demand,co2_eor,N,,,SWCA,50.0,SWCA,0.0,s1,0,0.0,0,50000000.0
801,BATTLEFIELD GAS PLANT,f1009840,2.0,3,7,31.9678,-93.6731,ng_processing,Paluxy3,s164,TX,11534.0,-95.243,32.3169,6.0,2,7,3,0.0,s164,f1009840 - s164,source_to_storage,storage,N,,,SE,50.0,SE,0.0,s1,0,9.7238,0,50000000.0
802,,ts52,2.0,3,6,32.6973,-90.388,operational_ts_node,,p4940,MS,,-91.0648,32.4766,0.0,2,6,3,,,ts52 - p4940,ts_node_to_demand,co2_eor,N,,,SE,50.0,SE,0.0,s1,0,9.7238,0,50000000.0
803,SOUTHWEST IOWA RENEWABLE ENERGY,f1001865,3.0,2,4,41.1675,-95.824,ethanol,,ts20,NE,,-96.5899,41.3846,0.0,3,4,2,,,f1001865 - ts20,source_to_ts_node,uniform_ts_node,N,,,GP,50.0,GP,0.0,s1,0,6.7731,0,50000000.0
804,_agg_nonop_ng_processing5,f_agg_nonop_ng_processing5,4.0,3,7,31.4074,-103.3243,ng_processing,Canyon3,s19,TX,49915.0,-102.4566,31.7628,8.0,4,7,3,0.0,s19,f_agg_nonop_ng_processing5 - s19,source_to_storage,storage,N,,,SWCA,50.0,SWCA,0.0,s1,0,9.0455,0,50000000.0
805,facility_pp_natgas_1977,fc1977_cluster,,3,6,32.8966,-89.0562,pp_natgas,Washita-Fredericksburg1,s215,AL,13025.0,-87.4539,31.3942,0.0,2,6,3,0.0,s215,fc1977_cluster - s215,source_to_storage,storage,N,,,SE,50.0,SE,0.0,s1,0,9.7238,0,50000000.0
806,"TGG PIPELINE, LTD. - SHELBY #3 FACILITY",f1008595,4.0,3,7,32.9159,-96.7725,ng_processing,,ts58,TX,,-97.3799,32.575,5.0,4,7,3,,,f1008595 - ts58,source_to_ts_node,uniform_ts_node,N,,,SWCA,50.0,SWCA,0.0,s1,0,9.0455,0,50000000.0
807,"TALCO MIDSTREAM ASSETS, LTD. - HOLLY COMMON POINT #6 FACILITY",f1007449,4.0,3,7,32.9159,-96.7725,ng_processing,,ts58,TX,,-97.3799,32.575,5.0,4,7,3,,,f1007449 - ts58,source_to_ts_node,uniform_ts_node,N,,,SWCA,50.0,SWCA,0.0,s1,0,9.0455,0,50000000.0
808,,ts54,6.0,4,8,45.1121,-104.9217,operational_ts_node,Madison Gp-Mission Canyon3,s116,SD,10420.0,-102.7355,45.3349,0.0,6,4,2,0.0,s116,ts54 - s116,ts_node_to_storage,storage,N,,,RM,50.0,RM,0.0,s1,0,6.7731,0,50000000.0
809,"CEMEX SOUTHEAST LLC, DEMOPOLIS PLANT",f1008033,2.0,3,6,32.5127,-87.8156,cement,Eutaw1,s59,MS,29518.0,-89.8942,31.9943,0.0,2,6,3,0.0,s59,f1008033 - s59,source_to_storage,storage,N,,,SE,50.0,SE,0.0,s1,0,9.7238,0,50000000.0
810,ASH GROVE CEMENT-FOREMAN,f1007606,3.0,3,7,33.6936,-94.4166,cement,Paluxy2,s163,TX,8108.0,-95.4206,32.2673,6.0,2,7,3,0.0,s163,f1007606 - s163,source_to_storage,storage,N,,,SE,50.0,SE,0.0,s1,0,9.7238,0,50000000.0
811,facility_pp_coal_1931,fc1931_cluster,,2,3,38.92,-82.1253,pp_coal,Mount Simon11,s144,KY,10350.0,-84.5965,38.2913,0.0,1,6,3,0.0,s144,fc1931_cluster - s144,source_to_storage,storage,N,,,GL,50.0,GL,0.0,s1,0,10.3839,0,50000000.0
812,"CF INDUSTRIES NITROGEN, LLC - DONALDSONVILLE NITROGEN COMPLEX",f1002301,2.0,3,7,30.0869,-90.9579,ammonia,Lower Tuscaloosa7,s107,LA,2857.0,-90.4419,30.7702,0.0,2,7,3,0.0,s107,f1002301 - s107,source_to_storage,storage,N,,,SE,50.0,SE,0.0,s1,0,9.7238,0,50000000.0
813,Valero Linden Plant,f1006245,1.0,2,3,40.2006,-86.91,ethanol,Knox3,s94,IN,4930.0,-87.1143,38.6993,0.0,1,3,2,0.0,s94,f1006245 - s94,source_to_storage,storage,N,,,GL,50.0,GL,0.0,s1,0,10.3839,0,50000000.0
814,,ts54,6.0,4,8,45.1121,-104.9217,operational_ts_node,Red River2,s173,MT,21307.0,-105.1281,47.5824,0.0,6,8,4,0.0,s173,ts54 - s173,ts_node_to_storage,storage,N,,,RM,50.0,RM,0.0,s1,0,6.7731,0,50000000.0
815,GOLIAD GAS PLANT,f1010223,2.0,3,7,28.6181,-97.6381,ng_processing,Frio10,s79,TX,2317.0,-96.5041,28.516,2.0,2,7,3,0.0,s79,f1010223 - s79,source_to_storage,storage,N,,,SWCA,50.0,SWCA,0.0,s1,0,9.0455,0,50000000.0
816,Celanese Utilization Project,fop005,2.0,3,7,29.5603,-95.0535,other_operational_facility,Frio10,s79,TX,2317.0,-96.5041,28.516,2.0,2,7,3,0.0,s79,fop005 - s79,source_to_storage,storage,N,,,SWCA,50.0,SWCA,0.0,s1,0,9.0455,0,50000000.0
817,facility_pp_natgas_1955,fc1955_cluster,,3,7,30.44,-92.9786,pp_natgas,Frio3a,s69,TX,1193.0,-94.2397,30.2314,3.0,2,7,3,0.0,s69,fc1955_cluster - s69,source_to_storage,storage,N,,,SE,50.0,SE,0.0,s1,0,9.7238,0,50000000.0
818,facility_pp_natgas_1955,fc1955_cluster,,3,7,30.44,-92.9786,pp_natgas,Frio3b,s70,TX,1193.0,-94.2397,30.2314,3.0,2,7,3,0.0,s70,fc1955_cluster - s70,source_to_storage,storage,N,,,SE,50.0,SE,0.0,s1,0,9.7238,0,50000000.0
819,"Alto Pekin, LLC",f1000413,1.0,2,3,40.555,-89.6628,ethanol,,hsm_cent1,,,-89.1967,40.0416,,1,3,2,,,f1000413 - hsm_cent1,source_to_hsm_cent,hsm_centroid,Y,,377313.709,GL,50.0,GL,0.0,s1,0,10.3839,0,50000000.0
820,Dyno Nobel Louisiana Ammonia LLC,f1012698,2.0,3,7,29.9648,-90.2646,ammonia,Eutaw1,s59,MS,29518.0,-89.8942,31.9943,0.0,2,6,3,0.0,s59,f1012698 - s59,source_to_storage,storage,N,,,SE,50.0,SE,0.0,s1,0,9.7238,0,50000000.0
821,facility_pp_natgas_1971,fc1971_cluster,,2,3,42.3856,-85.5171,pp_natgas,Mount Simon6,s139,IN,29370.0,-86.0531,40.2057,0.0,1,3,2,0.0,s139,fc1971_cluster - s139,source_to_storage,storage,N,,,GL,50.0,GL,0.0,s1,0,10.3839,0,50000000.0
822,ZIA II GAS PLANT,f1011356,4.0,4,8,32.643,-103.8089,ng_processing,Canyon3,s19,TX,49915.0,-102.4566,31.7628,8.0,4,7,3,0.0,s19,f1011356 - s19,source_to_storage,storage,N,,,RM,50.0,RM,0.0,s1,0,6.7731,0,50000000.0
823,facility_pp_natgas_1942,fc1942_cluster,,1,2,43.433,-76.3983,pp_natgas,,ts42,NY,,-76.6688,42.8399,0.0,1,2,1,,,fc1942_cluster - ts42,source_to_ts_node,uniform_ts_node,N,,,MA,50.0,MA,0.0,s1,0,13.1263,0,50000000.0
824,Lehigh Cement LLC,f1002517,1.0,2,3,38.4157,-85.7494,cement,Knox3,s94,IN,4930.0,-87.1143,38.6993,0.0,1,3,2,0.0,s94,f1002517 - s94,source_to_storage,storage,N,,,GL,50.0,GL,0.0,s1,0,10.3839,0,50000000.0
825,Dyno Nobel Louisiana Ammonia LLC,f1012698,2.0,3,7,29.9648,-90.2646,ammonia,Lower Tuscaloosa10,s110,MS,4393.0,-89.0783,30.7252,0.0,2,6,3,0.0,s110,f1012698 - s110,source_to_storage,storage,N,,,SE,50.0,SE,0.0,s1,0,9.7238,0,50000000.0
826,"Gavin Power, LLC    ",fpp8102.01    ,1.0,2,3,38.935,-82.116,pp_coal,Mount Simon11,s144,KY,10350.0,-84.5965,38.2913,0.0,1,6,3,0.0,s144,fpp8102.01     - s144,source_to_storage,storage,N,,,GL,50.0,GL,0.0,s1,0,10.3839,0,50000000.0
827,"Gavin Power, LLC    ",fpp8102.02    ,1.0,2,3,38.935,-82.116,pp_coal,Mount Simon11,s144,KY,10350.0,-84.5965,38.2913,0.0,1,6,3,0.0,s144,fpp8102.02     - s144,source_to_storage,storage,N,,,GL,50.0,GL,0.0,s1,0,10.3839,0,50000000.0
828,facility_pp_coal_1926,fc1926_cluster,,3,5,39.3094,-80.5448,pp_coal,Rose Run3,s186,PA,8201.0,-78.8689,40.9262,0.0,1,2,1,0.0,s186,fc1926_cluster - s186,source_to_storage,storage,N,,,MA,50.0,MA,0.0,s1,0,13.1263,0,50000000.0
829,KENEDY GAS PLANT,f1011012,2.0,3,7,28.7516,-98.0138,ng_processing,Frio1,s67,TX,4855.0,-95.6624,29.7957,3.0,2,7,3,0.0,s67,f1011012 - s67,source_to_storage,storage,N,,,SWCA,50.0,SWCA,0.0,s1,0,9.0455,0,50000000.0
830,"GCC Permian, LLC",f1006363,4.0,3,7,31.7037,-102.3922,cement,Strawn1,s205,TX,51068.0,-102.444,31.7932,8.0,4,7,3,0.0,s205,f1006363 - s205,source_to_storage,storage,N,,,SWCA,50.0,SWCA,0.0,s1,0,9.0455,0,50000000.0
831,"GCC Permian, LLC",f1006363,4.0,3,7,31.7037,-102.3922,cement,Seven Rivers1,s191,NM,9346.0,-103.6189,32.9649,4.0,4,8,4,0.0,s191,f1006363 - s191,source_to_storage,storage,N,,,SWCA,50.0,SWCA,0.0,s1,0,9.0455,0,50000000.0
832,"GCC Permian, LLC",f1006363,4.0,3,7,31.7037,-102.3922,cement,Leonard1,s99,TX,51294.0,-102.444,31.7932,8.0,4,7,3,0.0,s99,f1006363 - s99,source_to_storage,storage,N,,,SWCA,50.0,SWCA,0.0,s1,0,9.0455,0,50000000.0
833,"GCC Permian, LLC",f1006363,4.0,3,7,31.7037,-102.3922,cement,Fusselman1,s86,TX,51068.0,-102.444,31.7932,8.0,4,7,3,0.0,s86,f1006363 - s86,source_to_storage,storage,N,,,SWCA,50.0,SWCA,0.0,s1,0,9.0455,0,50000000.0
834,"GCC Permian, LLC",f1006363,4.0,3,7,31.7037,-102.3922,cement,Atoka1,s5,TX,51294.0,-102.444,31.7932,8.0,4,7,3,0.0,s5,f1006363 - s5,source_to_storage,storage,N,,,SWCA,50.0,SWCA,0.0,s1,0,9.0455,0,50000000.0
835,"GCC Permian, LLC",f1006363,4.0,3,7,31.7037,-102.3922,cement,Queen1,s170,TX,51294.0,-101.642,34.6805,10.0,3,7,3,0.0,s170,f1006363 - s170,source_to_storage,storage,N,,,SWCA,50.0,SWCA,0.0,s1,0,9.0455,0,50000000.0
836,Cheyenne Plant,f1005924,5.0,4,8,41.0949,-104.908,ammonia,Dakota2,s37,CO,3054.0,-106.2868,40.6379,0.0,5,8,4,0.0,s37,f1005924 - s37,source_to_storage,storage,N,,,RM,50.0,RM,0.0,s1,0,6.7731,0,50000000.0
837,MERIT ENERGY 345 ARKOMA BASIN GB,f1012433,4.0,3,7,32.9348,-96.818,ng_processing,Paluxy2,s163,TX,8108.0,-95.4206,32.2673,6.0,2,7,3,0.0,s163,f1012433 - s163,source_to_storage,storage,N,,,SWCA,50.0,SWCA,0.0,s1,0,9.0455,0,50000000.0
838,JACKSON COUNTY GAS PLANT,f1011011,2.0,3,7,29.1077,-96.5409,ng_processing,Frio7a,s74,TX,1537.0,-95.0427,29.5431,3.0,2,7,3,0.0,s74,f1011011 - s74,source_to_storage,storage,N,,,SWCA,50.0,SWCA,0.0,s1,0,9.0455,0,50000000.0
839,JACKSON COUNTY GAS PLANT,f1011011,2.0,3,7,29.1077,-96.5409,ng_processing,Frio7b,s75,TX,1537.0,-95.0427,29.5431,3.0,2,7,3,0.0,s75,f1011011 - s75,source_to_storage,storage,N,,,SWCA,50.0,SWCA,0.0,s1,0,9.0455,0,50000000.0
840,facility_ammonia_2004,fc2004_cluster,,4,8,41.5414,-109.131,ammonia,Tensleep4,s212,WY,6902.0,-110.5927,41.9882,0.0,5,8,4,0.0,s212,fc2004_cluster - s212,source_to_storage,storage,N,,,RM,50.0,RM,0.0,s1,0,6.7731,0,50000000.0
841,SIMPLOT PHOSPHATES,f1003087,5.0,4,8,41.5414,-109.131,ammonia,Tensleep4,s212,WY,6902.0,-110.5927,41.9882,0.0,5,8,4,0.0,s212,f1003087 - s212,source_to_storage,storage,N,,,RM,50.0,RM,0.0,s1,0,6.7731,0,50000000.0
842,Cheyenne Plant,f1005924,5.0,4,8,41.0949,-104.908,ammonia,Dakota10,s45,NE,8564.0,-103.2372,41.6698,0.0,3,4,2,0.0,s45,f1005924 - s45,source_to_storage,storage,N,,,RM,50.0,RM,0.0,s1,0,6.7731,0,50000000.0
843,Cheyenne Plant,f1005924,5.0,4,8,41.0949,-104.908,ammonia,Entrada7,s56,NE,8564.0,-103.2372,41.6698,0.0,3,4,2,0.0,s56,f1005924 - s56,source_to_storage,storage,N,,,RM,50.0,RM,0.0,s1,0,6.7731,0,50000000.0
844,ZIA II GAS PLANT,f1011356,4.0,4,8,32.643,-103.8089,ng_processing,Seven Rivers1,s191,NM,9346.0,-103.6189,32.9649,4.0,4,8,4,0.0,s191,f1011356 - s191,source_to_storage,storage,N,,,RM,50.0,RM,0.0,s1,0,6.7731,0,50000000.0
845,ZIA II GAS PLANT,f1011356,4.0,4,8,32.643,-103.8089,ng_processing,Queen1,s170,TX,51294.0,-101.642,34.6805,10.0,3,7,3,0.0,s170,f1011356 - s170,source_to_storage,storage,N,,,RM,50.0,RM,0.0,s1,0,6.7731,0,50000000.0
846,ZIA II GAS PLANT,f1011356,4.0,4,8,32.643,-103.8089,ng_processing,Leonard1,s99,TX,51294.0,-102.444,31.7932,8.0,4,7,3,0.0,s99,f1011356 - s99,source_to_storage,storage,N,,,RM,50.0,RM,0.0,s1,0,6.7731,0,50000000.0
847,ZIA II GAS PLANT,f1011356,4.0,4,8,32.643,-103.8089,ng_processing,Strawn1,s205,TX,51068.0,-102.444,31.7932,8.0,4,7,3,0.0,s205,f1011356 - s205,source_to_storage,storage,N,,,RM,50.0,RM,0.0,s1,0,6.7731,0,50000000.0
848,,ts31,1.0,3,6,38.0578,-85.4315,uniform_ts_node,Knox5,s96,KY,2610.0,-87.2952,37.4824,0.0,1,6,3,0.0,s96,ts31 - s96,ts_node_to_storage,storage,N,,,SE,50.0,SE,0.0,s1,0,9.7238,0,50000000.0
849,THARALDSON ETHANOL PLANT I LLC,f1008006,6.0,2,4,46.9036,-97.2635,ethanol,Red River1,s172,ND,55614.0,-101.1361,47.6146,0.0,6,4,2,0.0,s172,f1008006 - s172,source_to_storage,storage,N,,,GP,50.0,GP,0.0,s1,0,6.7731,0,50000000.0
850,LAFARGE Paulding Plant (INCLUDING SYSTECH ENV CORP),f1007766,1.0,2,3,41.1809,-84.6048,cement,Mount Simon7,s140,MI,5446.0,-85.7774,42.2856,0.0,1,3,2,0.0,s140,f1007766 - s140,source_to_storage,storage,N,,,GL,50.0,GL,0.0,s1,0,10.3839,0,50000000.0
851,ROBELINE PLANT,f1006682,2.0,3,7,31.6587,-93.325,ng_processing,,p4938,LA,,-92.6739,31.9784,0.0,2,7,3,,,f1006682 - p4938,source_to_demand,co2_eor,N,,,SE,50.0,SE,0.0,s1,0,9.7238,0,50000000.0
852,"BARGATH, INC.- PARACHUTE",f1002943,5.0,4,8,39.4873,-108.1114,ng_processing,Weber3,s221,CO,5712.0,-107.8178,40.6082,0.0,5,8,4,0.0,s221,f1002943 - s221,source_to_storage,storage,N,,,RM,50.0,RM,0.0,s1,0,6.7731,0,50000000.0
853,facility_pp_natgas_1955,fc1955_cluster,,3,7,30.44,-92.9786,pp_natgas,Frio1,s67,TX,4855.0,-95.6624,29.7957,3.0,2,7,3,0.0,s67,fc1955_cluster - s67,source_to_storage,storage,N,,,SE,50.0,SE,0.0,s1,0,9.7238,0,50000000.0
854,LONE STAR INDUSTRIES,f1006112,3.0,2,4,37.2676,-89.5385,cement,Mount Simon2,s135,IL,5957.0,-88.5947,39.0412,0.0,1,3,2,0.0,s135,f1006112 - s135,source_to_storage,storage,N,,,GP,50.0,GP,0.0,s1,0,6.7731,0,50000000.0
855,"GCC Permian, LLC",f1006363,4.0,3,7,31.7037,-102.3922,cement,Queen2,s171,NM,9346.0,-103.846,34.6309,4.0,4,8,4,0.0,s171,f1006363 - s171,source_to_storage,storage,N,,,SWCA,50.0,SWCA,0.0,s1,0,9.0455,0,50000000.0
856,"GCC Permian, LLC",f1006363,4.0,3,7,31.7037,-102.3922,cement,Seven Rivers2,s192,TX,51068.0,-102.4437,31.7932,8.0,4,7,3,0.0,s192,f1006363 - s192,source_to_storage,storage,N,,,SWCA,50.0,SWCA,0.0,s1,0,9.0455,0,50000000.0
857,"GCC Permian, LLC",f1006363,4.0,3,7,31.7037,-102.3922,cement,Leonard2,s100,NM,9346.0,-103.619,32.9469,4.0,4,8,4,0.0,s100,f1006363 - s100,source_to_storage,storage,N,,,SWCA,50.0,SWCA,0.0,s1,0,9.0455,0,50000000.0
858,Fairborn Cement Company LLC,f1006212,1.0,2,3,39.7779,-83.9661,cement,Mount Simon6,s139,IN,29370.0,-86.0531,40.2057,0.0,1,3,2,0.0,s139,f1006212 - s139,source_to_storage,storage,N,,,GL,50.0,GL,0.0,s1,0,10.3839,0,50000000.0
859,facility_pp_natgas_1955,fc1955_cluster,,3,7,30.44,-92.9786,pp_natgas,Frio4,s71,TX,694.0,-94.0547,30.0272,3.0,2,7,3,0.0,s71,fc1955_cluster - s71,source_to_storage,storage,N,,,SE,50.0,SE,0.0,s1,0,9.7238,0,50000000.0
860,ZIA II GAS PLANT,f1011356,4.0,4,8,32.643,-103.8089,ng_processing,Fusselman1,s86,TX,51068.0,-102.444,31.7932,8.0,4,7,3,0.0,s86,f1011356 - s86,source_to_storage,storage,N,,,RM,50.0,RM,0.0,s1,0,6.7731,0,50000000.0
861,ZIA II GAS PLANT,f1011356,4.0,4,8,32.643,-103.8089,ng_processing,Atoka1,s5,TX,51294.0,-102.444,31.7932,8.0,4,7,3,0.0,s5,f1011356 - s5,source_to_storage,storage,N,,,RM,50.0,RM,0.0,s1,0,6.7731,0,50000000.0
862,ONE EARTH ENERGY LLC,f1002356,1.0,2,3,40.4711,-88.3957,ethanol,Mount Simon6,s139,IN,29370.0,-86.0531,40.2057,0.0,1,3,2,0.0,s139,f1002356 - s139,source_to_storage,storage,N,,,GL,50.0,GL,0.0,s1,0,10.3839,0,50000000.0
863,DIAMOND CRYO,f1013544,4.0,3,7,31.0039,-103.755,ng_processing,Canyon3,s19,TX,49915.0,-102.4566,31.7628,8.0,4,7,3,0.0,s19,f1013544 - s19,source_to_storage,storage,N,,,SWCA,50.0,SWCA,0.0,s1,0,9.0455,0,50000000.0
864,"GCC Permian, LLC",f1006363,4.0,3,7,31.7037,-102.3922,cement,Canyon3,s19,TX,49915.0,-102.4566,31.7628,8.0,4,7,3,0.0,s19,f1006363 - s19,source_to_storage,storage,N,,,SWCA,50.0,SWCA,0.0,s1,0,9.0455,0,50000000.0
865,Lehigh Cement LLC,f1002517,1.0,2,3,38.4157,-85.7494,cement,Knox5,s96,KY,2610.0,-87.2952,37.4824,0.0,1,6,3,0.0,s96,f1002517 - s96,source_to_storage,storage,N,,,GL,50.0,GL,0.0,s1,0,10.3839,0,50000000.0
866,Martin Lake         ,fpp6146.03    ,2.0,3,7,32.261,-94.571,pp_coal,Paluxy1,s162,TX,409.0,-95.4224,32.4907,6.0,2,7,3,0.0,s162,fpp6146.03     - s162,source_to_storage,storage,N,,,SWCA,50.0,SWCA,0.0,s1,0,9.0455,0,50000000.0
867,JACKSON LAKE GAS PLANT,f1013618,5.0,4,8,40.4527,-103.9559,ng_processing,,p3907,CO,,-104.79,40.6282,0.0,5,8,4,,,f1013618 - p3907,source_to_demand,co2_eor,N,,,RM,50.0,RM,0.0,s1,0,6.7731,0,50000000.0
868,facility_ammonia_2010,fc2010_cluster,,3,6,32.9281,-90.4072,ammonia,Eutaw1,s59,MS,29518.0,-89.8942,31.9943,0.0,2,6,3,0.0,s59,fc2010_cluster - s59,source_to_storage,storage,N,,,SE,50.0,SE,0.0,s1,0,9.7238,0,50000000.0
869,"CF Industries Nitrogen, LLC - Yazoo City Facility",f1004183,2.0,3,6,32.9281,-90.4072,ammonia,Eutaw1,s59,MS,29518.0,-89.8942,31.9943,0.0,2,6,3,0.0,s59,f1004183 - s59,source_to_storage,storage,N,,,SE,50.0,SE,0.0,s1,0,9.7238,0,50000000.0
870,facility_ethanol_1918,fc1918_cluster,,2,3,40.2174,-88.0168,ethanol,Knox3,s94,IN,4930.0,-87.1143,38.6993,0.0,1,3,2,0.0,s94,fc1918_cluster - s94,source_to_storage,storage,N,,,GL,50.0,GL,0.0,s1,0,10.3839,0,50000000.0
871,facility_ethanol_1914,fc1914_cluster,,3,7,34.6175,-102.0948,ethanol,Canyon3,s19,TX,49915.0,-102.4566,31.7628,8.0,4,7,3,0.0,s19,fc1914_cluster - s19,source_to_storage,storage,N,,,SWCA,50.0,SWCA,0.0,s1,0,9.0455,0,50000000.0
872,facility_ethanol_1914,fc1914_cluster,,3,7,34.6175,-102.0948,ethanol,Wolfcamp1,s226,TX,15012.0,-101.642,34.6805,10.0,3,7,3,0.0,s226,fc1914_cluster - s226,source_to_storage,storage,N,,,SWCA,50.0,SWCA,0.0,s1,0,9.0455,0,50000000.0
873,facility_ethanol_1914,fc1914_cluster,,3,7,34.6175,-102.0948,ethanol,Cisco1,s24,TX,15012.0,-101.6575,34.6788,10.0,3,7,3,0.0,s24,fc1914_cluster - s24,source_to_storage,storage,N,,,SWCA,50.0,SWCA,0.0,s1,0,9.0455,0,50000000.0
874,facility_ethanol_1914,fc1914_cluster,,3,7,34.6175,-102.0948,ethanol,Canyon1,s17,TX,15157.0,-101.6575,34.6788,10.0,3,7,3,0.0,s17,fc1914_cluster - s17,source_to_storage,storage,N,,,SWCA,50.0,SWCA,0.0,s1,0,9.0455,0,50000000.0
875,facility_pp_natgas_1971,fc1971_cluster,,2,3,42.3856,-85.5171,pp_natgas,Mount Simon8,s141,MI,4788.0,-83.6668,42.2254,0.0,1,3,2,0.0,s141,fc1971_cluster - s141,source_to_storage,storage,N,,,GL,50.0,GL,0.0,s1,0,10.3839,0,50000000.0
876,WOODSBORO PLANT,f1010643,2.0,3,7,28.176,-97.2817,ng_processing,Frio12b,s82,TX,2121.0,-97.9446,26.8571,4.0,2,7,3,0.0,s82,f1010643 - s82,source_to_storage,storage,N,,,SWCA,50.0,SWCA,0.0,s1,0,9.0455,0,50000000.0
877,WOODSBORO PLANT,f1010643,2.0,3,7,28.176,-97.2817,ng_processing,Frio12a,s81,TX,2121.0,-97.9446,26.8571,4.0,2,7,3,0.0,s81,f1010643 - s81,source_to_storage,storage,N,,,SWCA,50.0,SWCA,0.0,s1,0,9.0455,0,50000000.0
878,Cheyenne Plant,f1005924,5.0,4,8,41.0949,-104.908,ammonia,Nugget2,s154,WY,22707.0,-108.4889,41.8307,0.0,5,8,4,0.0,s154,f1005924 - s154,source_to_storage,storage,N,,,RM,50.0,RM,0.0,s1,0,6.7731,0,50000000.0
879,facility_pp_natgas_1956,fc1956_cluster,,3,7,30.0051,-90.79,pp_natgas,Lower Tuscaloosa7,s107,LA,2857.0,-90.4419,30.7702,0.0,2,7,3,0.0,s107,fc1956_cluster - s107,source_to_storage,storage,N,,,SE,50.0,SE,0.0,s1,0,9.7238,0,50000000.0
880,"Valero Renewable Fuels Company, LLC d/b/a Valero Mt. Vernon Plant",f1006490,1.0,2,3,37.9336,-87.8734,ethanol,Mount Simon5,s138,IN,5054.0,-86.9464,38.7475,0.0,1,3,2,0.0,s138,f1006490 - s138,source_to_storage,storage,N,,,GL,50.0,GL,0.0,s1,0,10.3839,0,50000000.0
881,,ts49,4.0,3,7,31.404,-102.0845,operational_ts_node,,p4412,TX,,-102.841,31.5659,8.0,4,7,3,,,ts49 - p4412,ts_node_to_demand,co2_eor,N,,,SWCA,50.0,SWCA,0.0,s1,0,9.0455,0,50000000.0
882,LONE STAR INDUSTRIES,f1006112,3.0,2,4,37.2676,-89.5385,cement,Mount Simon3,s136,IL,20633.0,-89.239,39.9199,0.0,1,3,2,0.0,s136,f1006112 - s136,source_to_storage,storage,N,,,GP,50.0,GP,0.0,s1,0,6.7731,0,50000000.0
883,,ts70,2.0,3,6,32.4676,-86.5671,uniform_ts_node,Washita-Fredericksburg1,s215,AL,13025.0,-87.4539,31.3942,0.0,2,6,3,0.0,s215,ts70 - s215,ts_node_to_storage,storage,N,,,SE,50.0,SE,0.0,s1,0,9.7238,0,50000000.0
884,AGRIUM US BORGER NITROGEN OPERATIONS,f1002380,3.0,3,7,35.6411,-101.4203,ammonia,,ts66,TX,,-100.6543,35.3989,10.0,3,7,3,,,f1002380 - ts66,source_to_ts_node,uniform_ts_node,N,,,SWCA,50.0,SWCA,0.0,s1,0,9.0455,0,50000000.0
885,Celanese Utilization Project,fop005,2.0,3,7,29.5603,-95.0535,other_operational_facility,Frio11,s80,TX,259.0,-95.674,28.9024,3.0,2,7,3,0.0,s80,fop005 - s80,source_to_storage,storage,N,,,SWCA,50.0,SWCA,0.0,s1,0,9.0455,0,50000000.0
886,facility_ethanol_1918,fc1918_cluster,,2,3,40.2174,-88.0168,ethanol,Mount Simon5,s138,IN,5054.0,-86.9464,38.7475,0.0,1,3,2,0.0,s138,fc1918_cluster - s138,source_to_storage,storage,N,,,GL,50.0,GL,0.0,s1,0,10.3839,0,50000000.0
887,_agg_nonop_ng_processing0,f_agg_nonop_ng_processing0,2.0,3,7,32.2651,-93.3868,ng_processing,,p4938,LA,,-92.6739,31.9784,0.0,2,7,3,,,f_agg_nonop_ng_processing0 - p4938,source_to_demand,co2_eor,N,,,SE,50.0,SE,0.0,s1,0,9.7238,0,50000000.0
888,ARGOS CEMENT LLC. - ROBERTA PLANT,f1006659,2.0,3,6,33.1043,-86.7985,cement,,ts70,AL,,-86.5671,32.4676,0.0,2,6,3,,,f1006659 - ts70,source_to_ts_node,uniform_ts_node,N,,,SE,50.0,SE,0.0,s1,0,9.7238,0,50000000.0
889,Oak Grove (TX)      ,fpp6180.0OG2  ,4.0,3,7,31.18,-96.487,pp_coal,Paluxy2,s163,TX,8108.0,-95.4206,32.2673,6.0,2,7,3,0.0,s163,fpp6180.0OG2   - s163,source_to_storage,storage,N,,,SWCA,50.0,SWCA,0.0,s1,0,9.0455,0,50000000.0
890,Oak Grove (TX)      ,fpp6180.0OG1  ,4.0,3,7,31.18,-96.487,pp_coal,Paluxy2,s163,TX,8108.0,-95.4206,32.2673,6.0,2,7,3,0.0,s163,fpp6180.0OG1   - s163,source_to_storage,storage,N,,,SWCA,50.0,SWCA,0.0,s1,0,9.0455,0,50000000.0
891,Jal #3 Gas Plant,f1005897,4.0,4,8,32.1743,-103.1741,ng_processing,,p4412,TX,,-102.841,31.5659,8.0,4,7,3,,,f1005897 - p4412,source_to_demand,co2_eor,N,,,RM,50.0,RM,0.0,s1,0,0.0,0,50000000.0
892,DIAMOND CRYO,f1013544,4.0,3,7,31.0039,-103.755,ng_processing,Strawn1,s205,TX,51068.0,-102.444,31.7932,8.0,4,7,3,0.0,s205,f1013544 - s205,source_to_storage,storage,N,,,SWCA,50.0,SWCA,0.0,s1,0,9.0455,0,50000000.0
893,DIAMOND CRYO,f1013544,4.0,3,7,31.0039,-103.755,ng_processing,Fusselman1,s86,TX,51068.0,-102.444,31.7932,8.0,4,7,3,0.0,s86,f1013544 - s86,source_to_storage,storage,N,,,SWCA,50.0,SWCA,0.0,s1,0,9.0455,0,50000000.0
894,DIAMOND CRYO,f1013544,4.0,3,7,31.0039,-103.755,ng_processing,Seven Rivers1,s191,NM,9346.0,-103.6189,32.9649,4.0,4,8,4,0.0,s191,f1013544 - s191,source_to_storage,storage,N,,,SWCA,50.0,SWCA,0.0,s1,0,9.0455,0,50000000.0
895,DIAMOND CRYO,f1013544,4.0,3,7,31.0039,-103.755,ng_processing,Queen1,s170,TX,51294.0,-101.642,34.6805,10.0,3,7,3,0.0,s170,f1013544 - s170,source_to_storage,storage,N,,,SWCA,50.0,SWCA,0.0,s1,0,9.0455,0,50000000.0
896,DIAMOND CRYO,f1013544,4.0,3,7,31.0039,-103.755,ng_processing,Leonard1,s99,TX,51294.0,-102.444,31.7932,8.0,4,7,3,0.0,s99,f1013544 - s99,source_to_storage,storage,N,,,SWCA,50.0,SWCA,0.0,s1,0,9.0455,0,50000000.0
897,DIAMOND CRYO,f1013544,4.0,3,7,31.0039,-103.755,ng_processing,Atoka1,s5,TX,51294.0,-102.444,31.7932,8.0,4,7,3,0.0,s5,f1013544 - s5,source_to_storage,storage,N,,,SWCA,50.0,SWCA,0.0,s1,0,9.0455,0,50000000.0
898,PLEASANT HILL GAS TREATING FACILITY,f1009090,2.0,3,7,31.881,-93.4661,ng_processing,,p4938,LA,,-92.6739,31.9784,0.0,2,7,3,,,f1009090 - p4938,source_to_demand,co2_eor,N,,,SE,50.0,SE,0.0,s1,0,9.7238,0,50000000.0
899,WOODSBORO PLANT,f1010643,2.0,3,7,28.176,-97.2817,ng_processing,Frio13b,s84,TX,1762.0,-97.6582,26.7632,4.0,2,7,3,0.0,s84,f1010643 - s84,source_to_storage,storage,N,,,SWCA,50.0,SWCA,0.0,s1,0,9.0455,0,50000000.0
900,WOODSBORO PLANT,f1010643,2.0,3,7,28.176,-97.2817,ng_processing,Frio13a,s83,TX,1762.0,-97.6582,26.7632,4.0,2,7,3,0.0,s83,f1010643 - s83,source_to_storage,storage,N,,,SWCA,50.0,SWCA,0.0,s1,0,9.0455,0,50000000.0
901,WOODSBORO PLANT,f1010643,2.0,3,7,28.176,-97.2817,ng_processing,Frio13c,s85,TX,1762.0,-97.6582,26.7632,4.0,2,7,3,0.0,s85,f1010643 - s85,source_to_storage,storage,N,,,SWCA,50.0,SWCA,0.0,s1,0,9.0455,0,50000000.0
902,"PCS Nitrogen Ohio, L.P.",f1002229,1.0,2,3,40.7113,-84.1382,ammonia,,ts32,IN,,-85.0039,40.9117,0.0,1,3,2,,,f1002229 - ts32,source_to_ts_node,uniform_ts_node,N,,,GL,50.0,GL,0.0,s1,0,10.3839,0,50000000.0
903,facility_pp_natgas_1951,fc1951_cluster,,3,7,30.6883,-96.4717,pp_natgas,Paluxy3,s164,TX,11534.0,-95.243,32.3169,6.0,2,7,3,0.0,s164,fc1951_cluster - s164,source_to_storage,storage,N,,,SWCA,50.0,SWCA,0.0,s1,0,9.0455,0,50000000.0
904,JACKSON COUNTY GAS PLANT,f1011011,2.0,3,7,29.1077,-96.5409,ng_processing,Frio11,s80,TX,259.0,-95.674,28.9024,3.0,2,7,3,0.0,s80,f1011011 - s80,source_to_storage,storage,N,,,SWCA,50.0,SWCA,0.0,s1,0,9.0455,0,50000000.0
905,TARGA PEMBROOK GAS PROCESSING PLANT,f1011558,4.0,3,7,31.6327,-101.8433,ng_processing,,p4406,TX,,-101.518,32.2604,8.0,4,7,3,,,f1011558 - p4406,source_to_demand,co2_eor,N,,,SWCA,50.0,SWCA,0.0,s1,0,9.0455,0,50000000.0
906,ASH GROVE CEMENT CO-CHANUTE PLANT,f1002665,3.0,2,4,37.6988,-95.4597,cement,Arbuckle4,s4,KS,32460.0,-99.2057,37.695,0.0,3,4,2,0.0,s4,f1002665 - s4,source_to_storage,storage,N,,,GP,50.0,GP,0.0,s1,0,6.7731,0,50000000.0
907,facility_ammonia_2005,fc2005_cluster,,3,7,30.0058,-90.877,ammonia,Lower Tuscaloosa7,s107,LA,2857.0,-90.4419,30.7702,0.0,2,7,3,0.0,s107,fc2005_cluster - s107,source_to_storage,storage,N,,,SE,50.0,SE,0.0,s1,0,9.7238,0,50000000.0
908,Tampa Port Services,f1009795,2.0,3,7,30.0058,-90.877,ammonia,Lower Tuscaloosa7,s107,LA,2857.0,-90.4419,30.7702,0.0,2,7,3,0.0,s107,f1009795 - s107,source_to_storage,storage,N,,,SE,50.0,SE,0.0,s1,0,9.7238,0,50000000.0
909,Holcim (US) Inc,f1004810,2.0,3,6,30.5349,-88.1121,cement,Paluxy5,s166,FL,9820.0,-85.851,30.5223,0.0,2,5,3,0.0,s166,f1004810 - s166,source_to_storage,storage,N,,,SE,50.0,SE,0.0,s1,0,9.7238,0,50000000.0
910,,ts57,6.0,2,4,44.9071,-100.7778,uniform_ts_node,Madison Gp-Mission Canyon3,s116,SD,10420.0,-102.7355,45.3349,0.0,6,4,2,0.0,s116,ts57 - s116,ts_node_to_storage,storage,N,,,GP,50.0,GP,0.0,s1,0,6.7731,0,50000000.0
911,EL DORADO CHEMICAL COMPANY,f1003993,3.0,3,7,33.2252,-92.6471,ammonia,,p4921,LA,,-92.1828,32.6582,0.0,2,7,3,,,f1003993 - p4921,source_to_demand,co2_eor,N,,,SE,50.0,SE,0.0,s1,0,0.0,0,50000000.0
912,WEST BISTINEAU FACILITY,f1005693,2.0,3,7,32.2107,-93.4413,ng_processing,,p4938,LA,,-92.6739,31.9784,0.0,2,7,3,,,f1005693 - p4938,source_to_demand,co2_eor,N,,,SE,50.0,SE,0.0,s1,0,9.7238,0,50000000.0
913,,ts71,3.0,2,4,41.4985,-103.1277,uniform_ts_node,Entrada6,s55,WY,5028.0,-104.5313,41.6629,0.0,5,8,4,0.0,s55,ts71 - s55,ts_node_to_storage,storage,N,,,GP,50.0,GP,0.0,s1,0,6.7731,0,50000000.0
914,,ts71,3.0,2,4,41.4985,-103.1277,uniform_ts_node,Dakota9,s44,WY,5028.0,-104.5313,41.6629,0.0,5,8,4,0.0,s44,ts71 - s44,ts_node_to_storage,storage,N,,,GP,50.0,GP,0.0,s1,0,6.7731,0,50000000.0
915,Holcim (US) INC JOPPA PLANT,f1000243,1.0,2,3,37.2168,-88.8798,cement,Knox6,s97,KY,1700.0,-87.624,37.5415,0.0,1,6,3,0.0,s97,f1000243 - s97,source_to_storage,storage,N,,,GL,50.0,GL,0.0,s1,0,10.3839,0,50000000.0
916,ADM CORN PROCESSING,f1006208,3.0,2,4,41.8196,-90.2122,ethanol,Mount Simon3,s136,IL,20633.0,-89.239,39.9199,0.0,1,3,2,0.0,s136,f1006208 - s136,source_to_storage,storage,N,,,GP,50.0,GP,0.0,s1,0,6.7731,0,50000000.0
917,,ts63,5.0,4,8,37.9053,-111.4886,uniform_ts_node,Dakota5,s40,UT,10678.0,-110.4189,39.7311,0.0,5,8,4,0.0,s40,ts63 - s40,ts_node_to_storage,storage,N,,,RM,50.0,RM,0.0,s1,0,6.7731,0,50000000.0
918,,ts63,5.0,4,8,37.9053,-111.4886,uniform_ts_node,Entrada2,s51,UT,10799.0,-110.4089,39.6458,0.0,5,8,4,0.0,s51,ts63 - s51,ts_node_to_storage,storage,N,,,RM,50.0,RM,0.0,s1,0,6.7731,0,50000000.0
919,_agg_nonop_ng_processing4,f_agg_nonop_ng_processing4,5.0,4,8,40.3049,-104.6614,ng_processing,Dakota9,s44,WY,5028.0,-104.5313,41.6629,0.0,5,8,4,0.0,s44,f_agg_nonop_ng_processing4 - s44,source_to_storage,storage,N,,,RM,50.0,RM,0.0,s1,0,6.7731,0,50000000.0
920,_agg_nonop_ng_processing4,f_agg_nonop_ng_processing4,5.0,4,8,40.3049,-104.6614,ng_processing,Entrada6,s55,WY,5028.0,-104.5313,41.6629,0.0,5,8,4,0.0,s55,f_agg_nonop_ng_processing4 - s55,source_to_storage,storage,N,,,RM,50.0,RM,0.0,s1,0,6.7731,0,50000000.0
921,BIG RIVER RESOURCES WEST BURLINGTON LLC,f1002443,3.0,2,4,40.8312,-91.2206,ethanol,Mount Simon3,s136,IL,20633.0,-89.239,39.9199,0.0,1,3,2,0.0,s136,f1002443 - s136,source_to_storage,storage,N,,,GP,50.0,GP,0.0,s1,0,6.7731,0,50000000.0
922,"CF INDUSTRIES NITROGEN, LLC - DONALDSONVILLE NITROGEN COMPLEX",f1002301,2.0,3,7,30.0869,-90.9579,ammonia,,ts45,LA,,-90.7576,30.7654,0.0,2,7,3,,,f1002301 - ts45,source_to_ts_node,operational_ts_node,N,,,SE,50.0,SE,0.0,s1,0,9.7238,0,50000000.0
923,"Alto Pekin, LLC",f1000413,1.0,2,3,40.555,-89.6628,ethanol,Knox1,s92,IL,10500.0,-88.8089,38.8847,0.0,1,3,2,0.0,s92,f1000413 - s92,source_to_storage,storage,N,,,GL,50.0,GL,0.0,s1,0,10.3839,0,50000000.0
924,Holcim (US) Inc,f1004810,2.0,3,6,30.5349,-88.1121,cement,Lower Tuscaloosa3,s103,FL,9454.0,-85.8026,30.513,0.0,2,5,3,0.0,s103,f1004810 - s103,source_to_storage,storage,N,,,SE,50.0,SE,0.0,s1,0,9.7238,0,50000000.0
925,Coal Creek          ,fpp6030.02    ,6.0,2,4,47.378,-101.157,pp_coal,Basal Cambrian8,s14,ND,11350.0,-99.542,47.8512,0.0,6,4,2,0.0,s14,fpp6030.02     - s14,source_to_storage,storage,N,,,GP,50.0,GP,0.0,s1,0,6.7731,0,50000000.0
926,Valero Renewable Fuels LLC,f1004228,1.0,2,3,41.8165,-83.8357,ethanol,Mount Simon7,s140,MI,5446.0,-85.7774,42.2856,0.0,1,3,2,0.0,s140,f1004228 - s140,source_to_storage,storage,N,,,GL,50.0,GL,0.0,s1,0,10.3839,0,50000000.0
927,Valero Renewable Fuels LLC,f1004228,1.0,2,3,41.8165,-83.8357,ethanol,Mount Simon6,s139,IN,29370.0,-86.0531,40.2057,0.0,1,3,2,0.0,s139,f1004228 - s139,source_to_storage,storage,N,,,GL,50.0,GL,0.0,s1,0,10.3839,0,50000000.0
928,SHUTE CREEK FACILITY,f1002150,5.0,4,8,41.887,-110.0945,ng_processing,Tensleep5,s213,UT,4436.0,-111.1856,41.1392,0.0,5,8,4,0.0,s213,f1002150 - s213,source_to_storage,storage,N,,,RM,50.0,RM,0.0,s1,0,6.7731,0,50000000.0
929,Glacial Lakes Energy,f1005386,6.0,2,4,44.8762,-97.1137,ethanol,,ts21,SD,,-96.615,44.2654,0.0,6,4,2,,,f1005386 - ts21,source_to_ts_node,uniform_ts_node,N,,,GP,50.0,GP,0.0,s1,0,6.7731,0,50000000.0
930,"KOCH FERTILIZER DODGE CITY, LLC",f1006037,3.0,2,4,37.78,-100.0057,ammonia,Arbuckle4,s4,KS,32460.0,-99.2057,37.695,0.0,3,4,2,0.0,s4,f1006037 - s4,source_to_storage,storage,N,,,GP,50.0,GP,0.0,s1,0,6.7731,0,50000000.0
931,Blue Flint,fop003,6.0,2,4,47.4564,-101.1371,ethanol,Basal Cambrian8,s14,ND,11350.0,-99.542,47.8512,0.0,6,4,2,0.0,s14,fop003 - s14,source_to_storage,storage,N,,,GP,50.0,GP,0.0,s1,0,6.7731,0,50000000.0
932,MONARCH CEMENT COMPANY (THE),f1001701,3.0,2,4,37.7972,-95.4314,cement,Arbuckle4,s4,KS,32460.0,-99.2057,37.695,0.0,3,4,2,0.0,s4,f1001701 - s4,source_to_storage,storage,N,,,GP,50.0,GP,0.0,s1,0,6.7731,0,50000000.0
933,LAS TIENDAS PLANT,f1010735,2.0,3,7,27.9605,-98.5941,ng_processing,Frio12b,s82,TX,2121.0,-97.9446,26.8571,4.0,2,7,3,0.0,s82,f1010735 - s82,source_to_storage,storage,N,,,SWCA,50.0,SWCA,0.0,s1,0,9.0455,0,50000000.0
934,LAS TIENDAS PLANT,f1010735,2.0,3,7,27.9605,-98.5941,ng_processing,Frio12a,s81,TX,2121.0,-97.9446,26.8571,4.0,2,7,3,0.0,s81,f1010735 - s81,source_to_storage,storage,N,,,SWCA,50.0,SWCA,0.0,s1,0,9.0455,0,50000000.0
935,Dover               ,fpp2914.03    ,1.0,2,3,40.52,-81.468,pp_coal,Rose Run3,s186,PA,8201.0,-78.8689,40.9262,0.0,1,2,1,0.0,s186,fpp2914.03     - s186,source_to_storage,storage,N,,,GL,50.0,GL,0.0,s1,0,10.3839,0,50000000.0
936,Dover               ,fpp2914.04    ,1.0,2,3,40.52,-81.468,pp_coal,Rose Run3,s186,PA,8201.0,-78.8689,40.9262,0.0,1,2,1,0.0,s186,fpp2914.04     - s186,source_to_storage,storage,N,,,GL,50.0,GL,0.0,s1,0,10.3839,0,50000000.0
937,facility_ammonia_2010,fc2010_cluster,,3,6,32.9281,-90.4072,ammonia,,p4940,MS,,-91.0648,32.4766,0.0,2,6,3,,,fc2010_cluster - p4940,source_to_demand,co2_eor,N,,,SE,50.0,SE,0.0,s1,0,9.7238,0,50000000.0
938,"CF Industries Nitrogen, LLC - Yazoo City Facility",f1004183,2.0,3,6,32.9281,-90.4072,ammonia,,p4940,MS,,-91.0648,32.4766,0.0,2,6,3,,,f1004183 - p4940,source_to_demand,co2_eor,N,,,SE,50.0,SE,0.0,s1,0,9.7238,0,50000000.0
939,Lafarge Ravena Cement Plant,f1005360,1.0,1,2,42.5461,-73.6722,cement,,ts43,MA,,-72.8249,42.2012,0.0,1,1,1,,,f1005360 - ts43,source_to_ts_node,uniform_ts_node,N,,,MA,50.0,MA,0.0,s1,0,13.1263,0,50000000.0
940,_agg_nonop_ng_processing3,f_agg_nonop_ng_processing3,4.0,3,7,31.864,-101.8104,ng_processing,,p4402,TX,,-102.637,32.0038,8.0,4,7,3,,,f_agg_nonop_ng_processing3 - p4402,source_to_demand,co2_eor,N,,,SWCA,50.0,SWCA,0.0,s1,0,9.0455,0,50000000.0
941,facility_pp_natgas_1978,fc1978_cluster,,3,6,32.3244,-86.015,pp_natgas,Lower Tuscaloosa1,s101,AL,10592.0,-87.0544,31.4544,0.0,2,6,3,0.0,s101,fc1978_cluster - s101,source_to_storage,storage,N,,,SE,50.0,SE,0.0,s1,0,9.7238,0,50000000.0
942,Valero Linden Plant,f1006245,1.0,2,3,40.2006,-86.91,ethanol,Knox1,s92,IL,10500.0,-88.8089,38.8847,0.0,1,3,2,0.0,s92,f1006245 - s92,source_to_storage,storage,N,,,GL,50.0,GL,0.0,s1,0,10.3839,0,50000000.0
943,facility_pp_coal_1930,fc1930_cluster,,2,3,38.5296,-87.4916,pp_coal,Knox5,s96,KY,2610.0,-87.2952,37.4824,0.0,1,6,3,0.0,s96,fc1930_cluster - s96,source_to_storage,storage,N,,,GL,50.0,GL,0.0,s1,0,10.3839,0,50000000.0
944,HOLCIM (US) Inc,f1002055,4.0,3,7,32.513,-96.9711,cement,Paluxy2,s163,TX,8108.0,-95.4206,32.2673,6.0,2,7,3,0.0,s163,f1002055 - s163,source_to_storage,storage,N,,,SWCA,50.0,SWCA,0.0,s1,0,9.0455,0,50000000.0
945,LOBO PROCESSING PLANT,f1012781,4.0,3,7,31.7505,-103.5075,ng_processing,,p4410,TX,,-102.699,31.9612,8.0,4,7,3,,,f1012781 - p4410,source_to_demand,co2_eor,N,,,SWCA,50.0,SWCA,0.0,s1,0,9.0455,0,50000000.0
946,EL DORADO CHEMICAL COMPANY,f1003993,3.0,3,7,33.2252,-92.6471,ammonia,,ts67,AR,,-93.5084,33.2042,0.0,3,7,3,,,f1003993 - ts67,source_to_ts_node,uniform_ts_node,N,,,SE,50.0,SE,0.0,s1,0,9.7238,0,50000000.0
947,Holcim (US) Inc,f1004810,2.0,3,6,30.5349,-88.1121,cement,Washita-Fredericksburg2,s216,FL,10473.0,-85.7796,30.511,0.0,2,5,3,0.0,s216,f1004810 - s216,source_to_storage,storage,N,,,SE,50.0,SE,0.0,s1,0,9.7238,0,50000000.0
948,Holcim (US) Inc,f1004810,2.0,3,6,30.5349,-88.1121,cement,Eutaw3,s61,FL,13014.0,-85.4061,30.5037,0.0,2,5,3,0.0,s61,f1004810 - s61,source_to_storage,storage,N,,,SE,50.0,SE,0.0,s1,0,9.7238,0,50000000.0
949,Valero Linden Plant,f1006245,1.0,2,3,40.2006,-86.91,ethanol,Mount Simon2,s135,IL,5957.0,-88.5947,39.0412,0.0,1,3,2,0.0,s135,f1006245 - s135,source_to_storage,storage,N,,,GL,50.0,GL,0.0,s1,0,10.3839,0,50000000.0
950,"BARGATH, INC.- PARACHUTE",f1002943,5.0,4,8,39.4873,-108.1114,ng_processing,Entrada2,s51,UT,10799.0,-110.4089,39.6458,0.0,5,8,4,0.0,s51,f1002943 - s51,source_to_storage,storage,N,,,RM,50.0,RM,0.0,s1,0,6.7731,0,50000000.0
951,"BARGATH, INC.- PARACHUTE",f1002943,5.0,4,8,39.4873,-108.1114,ng_processing,Dakota5,s40,UT,10678.0,-110.4189,39.7311,0.0,5,8,4,0.0,s40,f1002943 - s40,source_to_storage,storage,N,,,RM,50.0,RM,0.0,s1,0,6.7731,0,50000000.0
952,Valero Linden Plant,f1006245,1.0,2,3,40.2006,-86.91,ethanol,Mount Simon5,s138,IN,5054.0,-86.9464,38.7475,0.0,1,3,2,0.0,s138,f1006245 - s138,source_to_storage,storage,N,,,GL,50.0,GL,0.0,s1,0,10.3839,0,50000000.0
953,ARGOS USA -Martinsburg,f1007566,1.0,3,5,39.4349,-77.9779,cement,,ts41,PA,,-77.4375,40.0209,0.0,1,2,1,,,f1007566 - ts41,source_to_ts_node,uniform_ts_node,N,,,MA,50.0,MA,0.0,s1,0,13.1263,0,50000000.0
954,facility_pp_natgas_1952,fc1952_cluster,,3,7,32.316,-102.1839,pp_natgas,Fusselman1,s86,TX,51068.0,-102.444,31.7932,8.0,4,7,3,0.0,s86,fc1952_cluster - s86,source_to_storage,storage,N,,,SWCA,50.0,SWCA,0.0,s1,0,9.0455,0,50000000.0
955,facility_pp_natgas_1952,fc1952_cluster,,3,7,32.316,-102.1839,pp_natgas,Leonard1,s99,TX,51294.0,-102.444,31.7932,8.0,4,7,3,0.0,s99,fc1952_cluster - s99,source_to_storage,storage,N,,,SWCA,50.0,SWCA,0.0,s1,0,9.0455,0,50000000.0
956,facility_pp_natgas_1952,fc1952_cluster,,3,7,32.316,-102.1839,pp_natgas,Atoka1,s5,TX,51294.0,-102.444,31.7932,8.0,4,7,3,0.0,s5,fc1952_cluster - s5,source_to_storage,storage,N,,,SWCA,50.0,SWCA,0.0,s1,0,9.0455,0,50000000.0
957,facility_pp_natgas_1952,fc1952_cluster,,3,7,32.316,-102.1839,pp_natgas,Seven Rivers1,s191,NM,9346.0,-103.6189,32.9649,4.0,4,8,4,0.0,s191,fc1952_cluster - s191,source_to_storage,storage,N,,,SWCA,50.0,SWCA,0.0,s1,0,9.0455,0,50000000.0
958,facility_pp_natgas_1952,fc1952_cluster,,3,7,32.316,-102.1839,pp_natgas,Strawn1,s205,TX,51068.0,-102.444,31.7932,8.0,4,7,3,0.0,s205,fc1952_cluster - s205,source_to_storage,storage,N,,,SWCA,50.0,SWCA,0.0,s1,0,9.0455,0,50000000.0
959,facility_pp_natgas_1952,fc1952_cluster,,3,7,32.316,-102.1839,pp_natgas,Queen1,s170,TX,51294.0,-101.642,34.6805,10.0,3,7,3,0.0,s170,fc1952_cluster - s170,source_to_storage,storage,N,,,SWCA,50.0,SWCA,0.0,s1,0,9.0455,0,50000000.0
960,"BARGATH, INC.- PARACHUTE",f1002943,5.0,4,8,39.4873,-108.1114,ng_processing,Morrison7,s131,UT,8007.0,-110.0577,39.9471,0.0,5,8,4,0.0,s131,f1002943 - s131,source_to_storage,storage,N,,,RM,75.0,RM,0.0001,s1,0,10.5514,0,50000000.0
961,"TGG PIPELINE, LTD. - SHELBY #3 FACILITY",f1008595,4.0,3,7,32.9159,-96.7725,ng_processing,Woodbine1,s228,TX,13575.0,-95.5742,31.6981,6.0,2,7,3,0.0,s228,f1008595 - s228,source_to_storage,storage,N,,,SWCA,75.0,SWCA,0.0001,s1,0,13.9063,0,50000000.0
962,"TALCO MIDSTREAM ASSETS, LTD. - HOLLY COMMON POINT #6 FACILITY",f1007449,4.0,3,7,32.9159,-96.7725,ng_processing,Woodbine1,s228,TX,13575.0,-95.5742,31.6981,6.0,2,7,3,0.0,s228,f1007449 - s228,source_to_storage,storage,N,,,SWCA,75.0,SWCA,0.0001,s1,0,13.9063,0,50000000.0
963,facility_pp_natgas_1952,fc1952_cluster,,3,7,32.316,-102.1839,pp_natgas,Seven Rivers2,s192,TX,51068.0,-102.4437,31.7932,8.0,4,7,3,0.0,s192,fc1952_cluster - s192,source_to_storage,storage,N,,,SWCA,75.0,SWCA,0.0001,s1,0,13.9063,0,50000000.0
964,facility_pp_natgas_1952,fc1952_cluster,,3,7,32.316,-102.1839,pp_natgas,Queen2,s171,NM,9346.0,-103.846,34.6309,4.0,4,8,4,0.0,s171,fc1952_cluster - s171,source_to_storage,storage,N,,,SWCA,75.0,SWCA,0.0001,s1,0,13.9063,0,50000000.0
965,facility_pp_natgas_1952,fc1952_cluster,,3,7,32.316,-102.1839,pp_natgas,Leonard2,s100,NM,9346.0,-103.619,32.9469,4.0,4,8,4,0.0,s100,fc1952_cluster - s100,source_to_storage,storage,N,,,SWCA,75.0,SWCA,0.0001,s1,0,13.9063,0,50000000.0
966,BECKVILLE GAS PROCESSING PLANT,f1012062,2.0,3,7,32.2356,-94.4861,ng_processing,Paluxy1,s162,TX,409.0,-95.4224,32.4907,6.0,2,7,3,0.0,s162,f1012062 - s162,source_to_storage,storage,N,,,SWCA,75.0,SWCA,0.0001,s1,0,13.9063,0,50000000.0
967,EAGLE-1 GAS PLANT,f1010118,2.0,3,7,29.1351,-96.6591,ng_processing,Frio7a,s74,TX,1537.0,-95.0427,29.5431,3.0,2,7,3,0.0,s74,f1010118 - s74,source_to_storage,storage,N,,,SWCA,75.0,SWCA,0.0001,s1,0,13.9063,0,50000000.0
968,EAGLE-1 GAS PLANT,f1010118,2.0,3,7,29.1351,-96.6591,ng_processing,Frio7b,s75,TX,1537.0,-95.0427,29.5431,3.0,2,7,3,0.0,s75,f1010118 - s75,source_to_storage,storage,N,,,SWCA,75.0,SWCA,0.0001,s1,0,13.9063,0,50000000.0
969,facility_cement_1995,fc1995_cluster,,4,8,39.0654,-109.9158,cement,Weber2,s220,CO,5438.0,-108.3726,39.7949,0.0,5,8,4,0.0,s220,fc1995_cluster - s220,source_to_storage,storage,N,,,RM,75.0,RM,0.0001,s1,0,10.5514,0,50000000.0
970,facility_cement_1995,fc1995_cluster,,4,8,39.0654,-109.9158,cement,Entrada1,s50,CO,9237.0,-108.0439,39.5866,0.0,5,8,4,0.0,s50,fc1995_cluster - s50,source_to_storage,storage,N,,,RM,75.0,RM,0.0001,s1,0,10.5514,0,50000000.0
971,facility_pp_natgas_1952,fc1952_cluster,,3,7,32.316,-102.1839,pp_natgas,Canyon3,s19,TX,49915.0,-102.4566,31.7628,8.0,4,7,3,0.0,s19,fc1952_cluster - s19,source_to_storage,storage,N,,,SWCA,75.0,SWCA,0.0001,s1,0,13.9063,0,50000000.0
972,Oklahoma Carbon Hub-EOR,fop004,3.0,3,7,36.7611,-96.7128,other_operational_facility,,p5505,OK,,-97.2641,36.1753,0.0,3,7,3,,,fop004 - p5505,source_to_demand,co2_eor,N,,,GP,75.0,GP,0.0001,s1,0,0.0,0,50000000.0
973,"CARDINAL ETHANOL, LLC",f1002882,1.0,2,3,40.1868,-84.8623,ethanol,,ts32,IN,,-85.0039,40.9117,0.0,1,3,2,,,f1002882 - ts32,source_to_ts_node,uniform_ts_node,N,,,GL,75.0,GL,0.0001,s1,0,15.8095,0,50000000.0
974,RED HILLS GAS PROCESSING PLANT,f1011064,4.0,4,8,32.2104,-103.5214,ng_processing,,p4410,TX,,-102.699,31.9612,8.0,4,7,3,,,f1011064 - p4410,source_to_demand,co2_eor,N,,,RM,75.0,RM,0.0001,s1,0,0.0,0,50000000.0
975,facility_pp_natgas_1978,fc1978_cluster,,3,6,32.3244,-86.015,pp_natgas,Washita-Fredericksburg1,s215,AL,13025.0,-87.4539,31.3942,0.0,2,6,3,0.0,s215,fc1978_cluster - s215,source_to_storage,storage,N,,,SE,75.0,SE,0.0002,s1,0,14.7412,0,50000000.0
976,ARTESIA GAS PLANT,f1002515,4.0,4,8,32.7564,-104.2111,ng_processing,Canyon3,s19,TX,49915.0,-102.4566,31.7628,8.0,4,7,3,0.0,s19,f1002515 - s19,source_to_storage,storage,N,,,RM,75.0,RM,0.0001,s1,0,10.5514,0,50000000.0
977,ASH GROVE CEMENT COMPANY,f1002421,4.0,3,7,32.5199,-97.0068,cement,Paluxy2,s163,TX,8108.0,-95.4206,32.2673,6.0,2,7,3,0.0,s163,f1002421 - s163,source_to_storage,storage,N,,,SWCA,75.0,SWCA,0.0001,s1,0,13.9063,0,50000000.0
978,TXI OPERATIONS,f1007792,4.0,3,7,32.4627,-97.0256,cement,Paluxy2,s163,TX,8108.0,-95.4206,32.2673,6.0,2,7,3,0.0,s163,f1007792 - s163,source_to_storage,storage,N,,,SWCA,75.0,SWCA,0.0001,s1,0,13.9063,0,50000000.0
979,KENEDY GAS PLANT,f1011012,2.0,3,7,28.7516,-98.0138,ng_processing,Frio9b,s78,TX,2342.0,-96.7746,28.605,2.0,2,7,3,0.0,s78,f1011012 - s78,source_to_storage,storage,N,,,SWCA,75.0,SWCA,0.0001,s1,0,13.9063,0,50000000.0
980,KENEDY GAS PLANT,f1011012,2.0,3,7,28.7516,-98.0138,ng_processing,Frio9a,s77,TX,2342.0,-96.7746,28.605,2.0,2,7,3,0.0,s77,f1011012 - s77,source_to_storage,storage,N,,,SWCA,75.0,SWCA,0.0001,s1,0,13.9063,0,50000000.0
981,,ts70,2.0,3,6,32.4676,-86.5671,uniform_ts_node,Lower Tuscaloosa1,s101,AL,10592.0,-87.0544,31.4544,0.0,2,6,3,0.0,s101,ts70 - s101,ts_node_to_storage,storage,N,,,SE,75.0,SE,0.0002,s1,0,14.7412,0,50000000.0
982,Holcim (US) INC JOPPA PLANT,f1000243,1.0,2,3,37.2168,-88.8798,cement,Mount Simon2,s135,IL,5957.0,-88.5947,39.0412,0.0,1,3,2,0.0,s135,f1000243 - s135,source_to_storage,storage,N,,,GL,75.0,GL,0.0001,s1,0,15.8095,0,50000000.0
983,ARTESIA GAS PLANT,f1002515,4.0,4,8,32.7564,-104.2111,ng_processing,Queen1,s170,TX,51294.0,-101.642,34.6805,10.0,3,7,3,0.0,s170,f1002515 - s170,source_to_storage,storage,N,,,RM,75.0,RM,0.0001,s1,0,10.5514,0,50000000.0
984,ARTESIA GAS PLANT,f1002515,4.0,4,8,32.7564,-104.2111,ng_processing,Seven Rivers1,s191,NM,9346.0,-103.6189,32.9649,4.0,4,8,4,0.0,s191,f1002515 - s191,source_to_storage,storage,N,,,RM,75.0,RM,0.0001,s1,0,10.5514,0,50000000.0
985,ARTESIA GAS PLANT,f1002515,4.0,4,8,32.7564,-104.2111,ng_processing,Strawn1,s205,TX,51068.0,-102.444,31.7932,8.0,4,7,3,0.0,s205,f1002515 - s205,source_to_storage,storage,N,,,RM,75.0,RM,0.0001,s1,0,10.5514,0,50000000.0
986,ARTESIA GAS PLANT,f1002515,4.0,4,8,32.7564,-104.2111,ng_processing,Leonard1,s99,TX,51294.0,-102.444,31.7932,8.0,4,7,3,0.0,s99,f1002515 - s99,source_to_storage,storage,N,,,RM,75.0,RM,0.0001,s1,0,10.5514,0,50000000.0
987,CEMEX Construction Materials Pacific LLC,f1002308,7.0,4,9,34.3965,-117.15,cement,Repetto1,s174,CA,51.0,-118.1612,33.8864,0.0,7,9,4,0.0,s174,f1002308 - s174,source_to_storage,storage,N,,,SWCA,75.0,SWCA,0.0001,s1,0,13.9063,0,50000000.0
988,CEMEX Construction Materials Pacific LLC,f1002308,7.0,4,9,34.3965,-117.15,cement,Repetto3d,s181,CA,125.0,-118.1612,33.8864,0.0,7,9,4,0.0,s181,f1002308 - s181,source_to_storage,storage,N,,,SWCA,75.0,SWCA,0.0001,s1,0,13.9063,0,50000000.0
989,CEMEX Construction Materials Pacific LLC,f1002308,7.0,4,9,34.3965,-117.15,cement,Repetto3c,s180,CA,125.0,-118.1612,33.8864,0.0,7,9,4,0.0,s180,f1002308 - s180,source_to_storage,storage,N,,,SWCA,75.0,SWCA,0.0001,s1,0,13.9063,0,50000000.0
990,CEMEX Construction Materials Pacific LLC,f1002308,7.0,4,9,34.3965,-117.15,cement,Repetto2a,s175,CA,320.0,-118.1612,33.8864,0.0,7,9,4,0.0,s175,f1002308 - s175,source_to_storage,storage,N,,,SWCA,75.0,SWCA,0.0001,s1,0,13.9063,0,50000000.0
991,CEMEX Construction Materials Pacific LLC,f1002308,7.0,4,9,34.3965,-117.15,cement,Repetto2b,s176,CA,320.0,-118.1612,33.8864,0.0,7,9,4,0.0,s176,f1002308 - s176,source_to_storage,storage,N,,,SWCA,75.0,SWCA,0.0001,s1,0,13.9063,0,50000000.0
992,CEMEX Construction Materials Pacific LLC,f1002308,7.0,4,9,34.3965,-117.15,cement,Repetto2c,s177,CA,320.0,-118.1612,33.8864,0.0,7,9,4,0.0,s177,f1002308 - s177,source_to_storage,storage,N,,,SWCA,75.0,SWCA,0.0001,s1,0,13.9063,0,50000000.0
993,CEMEX Construction Materials Pacific LLC,f1002308,7.0,4,9,34.3965,-117.15,cement,Repetto3a,s178,CA,125.0,-118.1612,33.8864,0.0,7,9,4,0.0,s178,f1002308 - s178,source_to_storage,storage,N,,,SWCA,75.0,SWCA,0.0001,s1,0,13.9063,0,50000000.0
994,CEMEX Construction Materials Pacific LLC,f1002308,7.0,4,9,34.3965,-117.15,cement,Repetto3b,s179,CA,125.0,-118.1612,33.8864,0.0,7,9,4,0.0,s179,f1002308 - s179,source_to_storage,storage,N,,,SWCA,75.0,SWCA,0.0001,s1,0,13.9063,0,50000000.0
995,EAGLE-1 GAS PLANT,f1010118,2.0,3,7,29.1351,-96.6591,ng_processing,,ts72,TX,,-97.5,29.0,2.0,2,7,3,,,f1010118 - ts72,source_to_ts_node,uniform_ts_node,N,,,SWCA,75.0,SWCA,0.0001,s1,0,13.9063,0,50000000.0
996,Davenport Plant,f1006077,3.0,2,4,41.4591,-90.6953,cement,Mount Simon3,s136,IL,20633.0,-89.239,39.9199,0.0,1,3,2,0.0,s136,f1006077 - s136,source_to_storage,storage,N,,,GP,75.0,GP,0.0001,s1,0,10.5514,0,50000000.0
997,facility_ng_processing_1987,fc1987_cluster,,3,7,30.7559,-95.4086,ng_processing,Frio3b,s70,TX,1193.0,-94.2397,30.2314,3.0,2,7,3,0.0,s70,fc1987_cluster - s70,source_to_storage,storage,N,,,SWCA,75.0,SWCA,0.0001,s1,0,13.9063,0,50000000.0
998,facility_ng_processing_1987,fc1987_cluster,,3,7,30.7559,-95.4086,ng_processing,Frio3a,s69,TX,1193.0,-94.2397,30.2314,3.0,2,7,3,0.0,s69,fc1987_cluster - s69,source_to_storage,storage,N,,,SWCA,75.0,SWCA,0.0001,s1,0,13.9063,0,50000000.0
999,TARGA WILDCAT GAS PROCESSING PLANT,f1013183,4.0,3,7,31.8052,-103.2412,ng_processing,,hsm_cent4,,,-103.5087,31.0875,,4,7,3,,,f1013183 - hsm_cent4,source_to_hsm_cent,hsm_centroid,Y,,87520.6,SWCA,75.0,SWCA,0.0001,s1,0,13.9063,0,50000000.0
1000,John E Amos         ,fpp3935.03    ,1.0,3,5,38.473,-81.823,pp_coal,Mount Simon11,s144,KY,10350.0,-84.5965,38.2913,0.0,1,6,3,0.0,s144,fpp3935.03     - s144,source_to_storage,storage,N,,,MA,75.0,MA,0.0003,s1,0,19.9921,0,50000000.0
1001,"GCC RIO GRANDE, INC. TIJERAS PLANT",f1009018,4.0,4,8,35.0713,-106.3923,cement,Morrison2,s126,NM,8520.0,-107.6527,36.3681,4.0,4,8,4,0.0,s126,f1009018 - s126,source_to_storage,storage,N,,,RM,75.0,RM,0.0001,s1,0,10.5514,0,50000000.0
1002,"GCC RIO GRANDE, INC. TIJERAS PLANT",f1009018,4.0,4,8,35.0713,-106.3923,cement,Mesaverde2,s120,NM,8455.0,-107.6517,36.3633,4.0,4,8,4,0.0,s120,f1009018 - s120,source_to_storage,storage,N,,,RM,75.0,RM,0.0001,s1,0,10.5514,0,50000000.0
1003,,ts54,6.0,4,8,45.1121,-104.9217,operational_ts_node,,p3304,WY,,-105.208,44.3853,0.0,5,8,4,,,ts54 - p3304,ts_node_to_demand,co2_eor,N,,,RM,75.0,RM,0.0001,s1,0,10.5514,0,50000000.0
1004,ASH GROVE CEMENT-FOREMAN,f1007606,3.0,3,7,33.6936,-94.4166,cement,Woodbine1,s228,TX,13575.0,-95.5742,31.6981,6.0,2,7,3,0.0,s228,f1007606 - s228,source_to_storage,storage,N,,,SE,75.0,SE,0.0002,s1,0,14.7412,0,50000000.0
1005,WE HEREFORD LLC,f1004799,3.0,3,7,34.8219,-102.3704,ethanol,Atoka1,s5,TX,51294.0,-102.444,31.7932,8.0,4,7,3,0.0,s5,f1004799 - s5,source_to_storage,storage,N,,,SWCA,75.0,SWCA,0.0001,s1,0,13.9063,0,50000000.0
1006,WE HEREFORD LLC,f1004799,3.0,3,7,34.8219,-102.3704,ethanol,Fusselman1,s86,TX,51068.0,-102.444,31.7932,8.0,4,7,3,0.0,s86,f1004799 - s86,source_to_storage,storage,N,,,SWCA,75.0,SWCA,0.0001,s1,0,13.9063,0,50000000.0
1007,WE HEREFORD LLC,f1004799,3.0,3,7,34.8219,-102.3704,ethanol,Leonard1,s99,TX,51294.0,-102.444,31.7932,8.0,4,7,3,0.0,s99,f1004799 - s99,source_to_storage,storage,N,,,SWCA,75.0,SWCA,0.0001,s1,0,13.9063,0,50000000.0
1008,WE HEREFORD LLC,f1004799,3.0,3,7,34.8219,-102.3704,ethanol,Queen1,s170,TX,51294.0,-101.642,34.6805,10.0,3,7,3,0.0,s170,f1004799 - s170,source_to_storage,storage,N,,,SWCA,75.0,SWCA,0.0001,s1,0,13.9063,0,50000000.0
1009,WE HEREFORD LLC,f1004799,3.0,3,7,34.8219,-102.3704,ethanol,Seven Rivers1,s191,NM,9346.0,-103.6189,32.9649,4.0,4,8,4,0.0,s191,f1004799 - s191,source_to_storage,storage,N,,,SWCA,75.0,SWCA,0.0001,s1,0,13.9063,0,50000000.0
1010,WE HEREFORD LLC,f1004799,3.0,3,7,34.8219,-102.3704,ethanol,Strawn1,s205,TX,51068.0,-102.444,31.7932,8.0,4,7,3,0.0,s205,f1004799 - s205,source_to_storage,storage,N,,,SWCA,75.0,SWCA,0.0001,s1,0,13.9063,0,50000000.0
1011,Celanese Utilization Project,fop005,2.0,3,7,29.5603,-95.0535,other_operational_facility,Frio9a,s77,TX,2342.0,-96.7746,28.605,2.0,2,7,3,0.0,s77,fop005 - s77,source_to_storage,storage,N,,,SWCA,75.0,SWCA,0.0001,s1,0,13.9063,0,50000000.0
1012,Celanese Utilization Project,fop005,2.0,3,7,29.5603,-95.0535,other_operational_facility,Frio9b,s78,TX,2342.0,-96.7746,28.605,2.0,2,7,3,0.0,s78,fop005 - s78,source_to_storage,storage,N,,,SWCA,75.0,SWCA,0.0001,s1,0,13.9063,0,50000000.0
1013,_agg_nonop_ng_processing3,f_agg_nonop_ng_processing3,4.0,3,7,31.864,-101.8104,ng_processing,,p4410,TX,,-102.699,31.9612,8.0,4,7,3,,,f_agg_nonop_ng_processing3 - p4410,source_to_demand,co2_eor,N,,,SWCA,75.0,SWCA,0.0001,s1,0,13.9063,0,50000000.0
1014,facility_ethanol_1914,fc1914_cluster,,3,7,34.6175,-102.0948,ethanol,Wolfcamp2,s227,NM,8502.0,-103.846,34.6309,4.0,4,8,4,0.0,s227,fc1914_cluster - s227,source_to_storage,storage,N,,,SWCA,75.0,SWCA,0.0001,s1,0,13.9063,0,50000000.0
1015,facility_ethanol_1914,fc1914_cluster,,3,7,34.6175,-102.0948,ethanol,Canyon2,s18,NM,8502.0,-103.846,34.6309,4.0,4,8,4,0.0,s18,fc1914_cluster - s18,source_to_storage,storage,N,,,SWCA,75.0,SWCA,0.0001,s1,0,13.9063,0,50000000.0
1016,PLEASANT HILL GAS TREATING FACILITY,f1009090,2.0,3,7,31.881,-93.4661,ng_processing,Paluxy3,s164,TX,11534.0,-95.243,32.3169,6.0,2,7,3,0.0,s164,f1009090 - s164,source_to_storage,storage,N,,,SE,75.0,SE,0.0002,s1,0,14.7412,0,50000000.0
1017,facility_pp_natgas_1956,fc1956_cluster,,3,7,30.0051,-90.79,pp_natgas,,ts45,LA,,-90.7576,30.7654,0.0,2,7,3,,,fc1956_cluster - ts45,source_to_ts_node,operational_ts_node,N,,,SE,75.0,SE,0.0002,s1,0,14.7412,0,50000000.0
1018,facility_ng_processing_1987,fc1987_cluster,,3,7,30.7559,-95.4086,ng_processing,Frio6,s73,TX,1889.0,-95.376,29.6715,3.0,2,7,3,0.0,s73,fc1987_cluster - s73,source_to_storage,storage,N,,,SWCA,75.0,SWCA,0.0001,s1,0,13.9063,0,50000000.0
1019,,ts49,4.0,3,7,31.404,-102.0845,operational_ts_node,,p4402,TX,,-102.637,32.0038,8.0,4,7,3,,,ts49 - p4402,ts_node_to_demand,co2_eor,N,,,SWCA,75.0,SWCA,0.0001,s1,0,13.9063,0,50000000.0
1020,Holcim (US) Inc,f1004810,2.0,3,6,30.5349,-88.1121,cement,Lower Tuscaloosa9,s109,MS,8003.0,-90.0943,31.3641,0.0,2,6,3,0.0,s109,f1004810 - s109,source_to_storage,storage,N,,,SE,75.0,SE,0.0002,s1,0,14.7412,0,50000000.0
1021,,ts31,1.0,3,6,38.0578,-85.4315,uniform_ts_node,Mount Simon5,s138,IN,5054.0,-86.9464,38.7475,0.0,1,3,2,0.0,s138,ts31 - s138,ts_node_to_storage,storage,N,,,SE,75.0,SE,0.0002,s1,0,14.7412,0,50000000.0
1022,Fairborn Cement Company LLC,f1006212,1.0,2,3,39.7779,-83.9661,cement,Mount Simon11,s144,KY,10350.0,-84.5965,38.2913,0.0,1,6,3,0.0,s144,f1006212 - s144,source_to_storage,storage,N,,,GL,75.0,GL,0.0001,s1,0,15.8095,0,50000000.0
1023,,ts49,4.0,3,7,31.404,-102.0845,operational_ts_node,,p4410,TX,,-102.699,31.9612,8.0,4,7,3,,,ts49 - p4410,ts_node_to_demand,co2_eor,N,,,SWCA,75.0,SWCA,0.0001,s1,0,13.9063,0,50000000.0
1024,FREEPORT LNG PRETREATMENT FACILITY,f1013753,2.0,3,7,28.9849,-95.3087,ng_processing,Frio1,s67,TX,4855.0,-95.6624,29.7957,3.0,2,7,3,0.0,s67,f1013753 - s67,source_to_storage,storage,N,,,SWCA,75.0,SWCA,0.0001,s1,0,13.9063,0,50000000.0
1025,facility_ammonia_2005,fc2005_cluster,,3,7,30.0058,-90.877,ammonia,,ts45,LA,,-90.7576,30.7654,0.0,2,7,3,,,fc2005_cluster - ts45,source_to_ts_node,operational_ts_node,N,,,SE,75.0,SE,0.0002,s1,0,14.7412,0,50000000.0
1026,Tampa Port Services,f1009795,2.0,3,7,30.0058,-90.877,ammonia,,ts45,LA,,-90.7576,30.7654,0.0,2,7,3,,,f1009795 - ts45,source_to_ts_node,operational_ts_node,N,,,SE,75.0,SE,0.0002,s1,0,14.7412,0,50000000.0
1027,ABSOLUTE ENERGY LLC,f1002627,3.0,2,4,43.4995,-92.9171,ethanol,,ts25,MN,,-92.573,44.2227,0.0,3,4,2,,,f1002627 - ts25,source_to_ts_node,uniform_ts_node,N,,,GP,75.0,GP,0.0001,s1,0,10.5514,0,50000000.0
1028,_agg_nonop_ng_processing5,f_agg_nonop_ng_processing5,4.0,3,7,31.4074,-103.3243,ng_processing,,p4410,TX,,-102.699,31.9612,8.0,4,7,3,,,f_agg_nonop_ng_processing5 - p4410,source_to_demand,co2_eor,N,,,SWCA,75.0,SWCA,0.0001,s1,0,13.9063,0,50000000.0
1029,TARGA PEMBROOK GAS PROCESSING PLANT,f1011558,4.0,3,7,31.6327,-101.8433,ng_processing,,p4402,TX,,-102.637,32.0038,8.0,4,7,3,,,f1011558 - p4402,source_to_demand,co2_eor,N,,,SWCA,75.0,SWCA,0.0001,s1,0,13.9063,0,50000000.0
1030,MERIT ENERGY 345 ARKOMA BASIN GB,f1012433,4.0,3,7,32.9348,-96.818,ng_processing,Woodbine1,s228,TX,13575.0,-95.5742,31.6981,6.0,2,7,3,0.0,s228,f1012433 - s228,source_to_storage,storage,N,,,SWCA,75.0,SWCA,0.0001,s1,0,13.9063,0,50000000.0
1031,facility_pp_coal_1934,fc1934_cluster,,2,3,39.0042,-85.2895,pp_coal,Mount Simon5,s138,IN,5054.0,-86.9464,38.7475,0.0,1,3,2,0.0,s138,fc1934_cluster - s138,source_to_storage,storage,N,,,GL,75.0,GL,0.0001,s1,0,15.8095,0,50000000.0
1032,facility_ammonia_2010,fc2010_cluster,,3,6,32.9281,-90.4072,ammonia,,p4925,MS,,-90.2017,32.1787,0.0,2,6,3,,,fc2010_cluster - p4925,source_to_demand,co2_eor,N,,,SE,75.0,SE,0.0002,s1,0,14.7412,0,50000000.0
1033,"CF Industries Nitrogen, LLC - Yazoo City Facility",f1004183,2.0,3,6,32.9281,-90.4072,ammonia,,p4925,MS,,-90.2017,32.1787,0.0,2,6,3,,,f1004183 - p4925,source_to_demand,co2_eor,N,,,SE,75.0,SE,0.0002,s1,0,14.7412,0,50000000.0
1034,facility_pp_coal_1933,fc1933_cluster,,2,3,40.988,-81.3595,pp_coal,Rose Run3,s186,PA,8201.0,-78.8689,40.9262,0.0,1,2,1,0.0,s186,fc1933_cluster - s186,source_to_storage,storage,N,,,GL,75.0,GL,0.0001,s1,0,15.8095,0,50000000.0
1035,PCS NITROGEN FERTILIZER LP - GEISMAR AGRICULTURAL NITROGEN & PHOSPHATE PLANT,f1003489,2.0,3,7,30.2258,-91.0532,ammonia,Lower Tuscaloosa9,s109,MS,8003.0,-90.0943,31.3641,0.0,2,6,3,0.0,s109,f1003489 - s109,source_to_storage,storage,N,,,SE,75.0,SE,0.0002,s1,0,14.7412,0,50000000.0
1036,"Valero Renewable Fuels Company, LLC d/b/a Valero Mt. Vernon Plant",f1006490,1.0,2,3,37.9336,-87.8734,ethanol,Mount Simon2,s135,IL,5957.0,-88.5947,39.0412,0.0,1,3,2,0.0,s135,f1006490 - s135,source_to_storage,storage,N,,,GL,75.0,GL,0.0001,s1,0,15.8095,0,50000000.0
1037,RED HILLS GAS PROCESSING PLANT,f1011064,4.0,4,8,32.2104,-103.5214,ng_processing,,p4402,TX,,-102.637,32.0038,8.0,4,7,3,,,f1011064 - p4402,source_to_demand,co2_eor,N,,,RM,75.0,RM,0.0001,s1,0,0.0,0,50000000.0
1038,Mountaineer         ,fpp6264.01    ,1.0,3,5,38.979,-81.934,pp_coal,Mount Simon11,s144,KY,10350.0,-84.5965,38.2913,0.0,1,6,3,0.0,s144,fpp6264.01     - s144,source_to_storage,storage,N,,,MA,75.0,MA,0.0003,s1,0,19.9921,0,50000000.0
1039,ARGOS USA -Martinsburg,f1007566,1.0,3,5,39.4349,-77.9779,cement,Rose Run3,s186,PA,8201.0,-78.8689,40.9262,0.0,1,2,1,0.0,s186,f1007566 - s186,source_to_storage,storage,N,,,MA,75.0,MA,0.0003,s1,0,19.9921,0,50000000.0
1040,SIMPLOT PHOSPHATES,f1003087,5.0,4,8,41.5414,-109.131,ammonia,,ts53,WY,,-108.417,42.1067,0.0,5,8,4,,,f1003087 - ts53,source_to_ts_node,operational_ts_node,N,,,RM,75.0,RM,0.0001,s1,0,10.5514,0,50000000.0
1041,facility_ammonia_2004,fc2004_cluster,,4,8,41.5414,-109.131,ammonia,,ts53,WY,,-108.417,42.1067,0.0,5,8,4,,,fc2004_cluster - ts53,source_to_ts_node,operational_ts_node,N,,,RM,75.0,RM,0.0001,s1,0,10.5514,0,50000000.0
1042,facility_pp_coal_1932,fc1932_cluster,,2,3,37.8836,-89.2386,pp_coal,Knox5,s96,KY,2610.0,-87.2952,37.4824,0.0,1,6,3,0.0,s96,fc1932_cluster - s96,source_to_storage,storage,N,,,GL,75.0,GL,0.0001,s1,0,15.8095,0,50000000.0
1043,CEMEX CONSTRUCTION MATERIALS SOUTH LLC,f1007877,5.0,4,8,40.2022,-105.2367,cement,Lyons2,s112,CO,2784.0,-103.683,40.1835,0.0,5,8,4,0.0,s112,f1007877 - s112,source_to_storage,storage,N,,,RM,75.0,RM,0.0001,s1,0,10.5514,0,50000000.0
1044,CEMEX CONSTRUCTION MATERIALS SOUTH LLC,f1007877,5.0,4,8,40.2022,-105.2367,cement,Fountain2b,s66,CO,2794.0,-103.683,40.1835,0.0,5,8,4,0.0,s66,f1007877 - s66,source_to_storage,storage,N,,,RM,75.0,RM,0.0001,s1,0,10.5514,0,50000000.0
1045,CEMEX CONSTRUCTION MATERIALS SOUTH LLC,f1007877,5.0,4,8,40.2022,-105.2367,cement,Fountain2a,s65,CO,2794.0,-103.683,40.1835,0.0,5,8,4,0.0,s65,f1007877 - s65,source_to_storage,storage,N,,,RM,75.0,RM,0.0001,s1,0,10.5514,0,50000000.0
1046,_agg_nonop_ng_processing6,f_agg_nonop_ng_processing6,2.0,3,7,28.6904,-97.8005,ng_processing,Frio10,s79,TX,2317.0,-96.5041,28.516,2.0,2,7,3,0.0,s79,f_agg_nonop_ng_processing6 - s79,source_to_storage,storage,N,,,SWCA,75.0,SWCA,0.0001,s1,0,13.9063,0,50000000.0
1047,ARTESIA GAS PLANT,f1002515,4.0,4,8,32.7564,-104.2111,ng_processing,Atoka1,s5,TX,51294.0,-102.444,31.7932,8.0,4,7,3,0.0,s5,f1002515 - s5,source_to_storage,storage,N,,,RM,75.0,RM,0.0001,s1,0,10.5514,0,50000000.0
1048,ARTESIA GAS PLANT,f1002515,4.0,4,8,32.7564,-104.2111,ng_processing,Fusselman1,s86,TX,51068.0,-102.444,31.7932,8.0,4,7,3,0.0,s86,f1002515 - s86,source_to_storage,storage,N,,,RM,75.0,RM,0.0001,s1,0,10.5514,0,50000000.0
1049,HOLCIM INCORPORATED,f1002204,3.0,3,7,34.7675,-96.6965,cement,,p6001,OK,,-96.6748,35.5418,0.0,3,7,3,,,f1002204 - p6001,source_to_demand,co2_eor,N,,,GP,75.0,GP,0.0001,s1,0,10.5514,0,50000000.0
1050,LOBO PROCESSING PLANT,f1012781,4.0,3,7,31.7505,-103.5075,ng_processing,,p4402,TX,,-102.637,32.0038,8.0,4,7,3,,,f1012781 - p4402,source_to_demand,co2_eor,N,,,SWCA,75.0,SWCA,0.0001,s1,0,13.9063,0,50000000.0
1051,ADVANSIX INCORPORATED - HOPEWELL,f1000630,1.0,3,5,37.1815,-77.1621,ammonia,,ts40,VA,,-78.148,37.2015,0.0,1,5,3,,,f1000630 - ts40,source_to_ts_node,uniform_ts_node,N,,,MA,75.0,MA,0.0003,s1,0,19.9921,0,50000000.0
1052,Hereford Ethanol Partners LP,f1000352,3.0,3,7,34.85,-102.2868,ethanol,Leonard1,s99,TX,51294.0,-102.444,31.7932,8.0,4,7,3,0.0,s99,f1000352 - s99,source_to_storage,storage,N,,,SWCA,75.0,SWCA,0.0001,s1,0,13.9063,0,50000000.0
1053,Hereford Ethanol Partners LP,f1000352,3.0,3,7,34.85,-102.2868,ethanol,Strawn1,s205,TX,51068.0,-102.444,31.7932,8.0,4,7,3,0.0,s205,f1000352 - s205,source_to_storage,storage,N,,,SWCA,75.0,SWCA,0.0001,s1,0,13.9063,0,50000000.0
1054,Hereford Ethanol Partners LP,f1000352,3.0,3,7,34.85,-102.2868,ethanol,Seven Rivers1,s191,NM,9346.0,-103.6189,32.9649,4.0,4,8,4,0.0,s191,f1000352 - s191,source_to_storage,storage,N,,,SWCA,75.0,SWCA,0.0001,s1,0,13.9063,0,50000000.0
1055,Hereford Ethanol Partners LP,f1000352,3.0,3,7,34.85,-102.2868,ethanol,Atoka1,s5,TX,51294.0,-102.444,31.7932,8.0,4,7,3,0.0,s5,f1000352 - s5,source_to_storage,storage,N,,,SWCA,75.0,SWCA,0.0001,s1,0,13.9063,0,50000000.0
1056,Hereford Ethanol Partners LP,f1000352,3.0,3,7,34.85,-102.2868,ethanol,Fusselman1,s86,TX,51068.0,-102.444,31.7932,8.0,4,7,3,0.0,s86,f1000352 - s86,source_to_storage,storage,N,,,SWCA,75.0,SWCA,0.0001,s1,0,13.9063,0,50000000.0
1057,Hereford Ethanol Partners LP,f1000352,3.0,3,7,34.85,-102.2868,ethanol,Queen1,s170,TX,51294.0,-101.642,34.6805,10.0,3,7,3,0.0,s170,f1000352 - s170,source_to_storage,storage,N,,,SWCA,75.0,SWCA,0.0001,s1,0,13.9063,0,50000000.0
1058,Green Plains Mount Vernon LLC,f1003377,1.0,2,3,37.9098,-87.7265,ethanol,Mount Simon2,s135,IL,5957.0,-88.5947,39.0412,0.0,1,3,2,0.0,s135,f1003377 - s135,source_to_storage,storage,N,,,GL,75.0,GL,0.0001,s1,0,15.8095,0,50000000.0
1059,J K Spruce          ,fpp7097.02    ,2.0,3,7,29.31,-98.32,pp_coal,,ts72,TX,,-97.5,29.0,2.0,2,7,3,,,fpp7097.02     - ts72,source_to_ts_node,uniform_ts_node,N,,,SWCA,75.0,SWCA,0.0001,s1,0,13.9063,0,50000000.0
1060,"KOCH FERTILIZER DODGE CITY, LLC",f1006037,3.0,2,4,37.78,-100.0057,ammonia,Arbuckle1,s1,OK,10229.0,-98.5544,36.3994,0.0,3,7,3,0.0,s1,f1006037 - s1,source_to_storage,storage,N,,,GP,75.0,GP,0.0001,s1,0,10.5514,0,50000000.0
1061,,ts69,4.0,4,8,34.4406,-107.2926,uniform_ts_node,Glorieta1,s88,NM,1834.0,-106.3594,35.3315,4.0,4,8,4,0.0,s88,ts69 - s88,ts_node_to_storage,storage,N,,,RM,75.0,RM,0.0001,s1,0,10.5514,0,50000000.0
1062,facility_pp_natgas_1975,fc1975_cluster,,2,3,39.7381,-86.5129,pp_natgas,Mount Simon2,s135,IL,5957.0,-88.5947,39.0412,0.0,1,3,2,0.0,s135,fc1975_cluster - s135,source_to_storage,storage,N,,,GL,75.0,GL,0.0001,s1,0,15.8095,0,50000000.0
1063,facility_pp_natgas_1975,fc1975_cluster,,2,3,39.7381,-86.5129,pp_natgas,Mount Simon3,s136,IL,20633.0,-89.239,39.9199,0.0,1,3,2,0.0,s136,fc1975_cluster - s136,source_to_storage,storage,N,,,GL,75.0,GL,0.0001,s1,0,15.8095,0,50000000.0
1064,EAGLE-1 GAS PLANT,f1010118,2.0,3,7,29.1351,-96.6591,ng_processing,Frio11,s80,TX,259.0,-95.674,28.9024,3.0,2,7,3,0.0,s80,f1010118 - s80,source_to_storage,storage,N,,,SWCA,75.0,SWCA,0.0001,s1,0,13.9063,0,50000000.0
1065,facility_pp_natgas_1977,fc1977_cluster,,3,6,32.8966,-89.0562,pp_natgas,Lower Tuscaloosa1,s101,AL,10592.0,-87.0544,31.4544,0.0,2,6,3,0.0,s101,fc1977_cluster - s101,source_to_storage,storage,N,,,SE,75.0,SE,0.0002,s1,0,14.7412,0,50000000.0
1066,,ts45,2.0,3,7,30.7654,-90.7576,operational_ts_node,Lower Tuscaloosa10,s110,MS,4393.0,-89.0783,30.7252,0.0,2,6,3,0.0,s110,ts45 - s110,ts_node_to_storage,storage,N,,,SE,75.0,SE,0.0002,s1,0,14.7412,0,50000000.0
1067,facility_pp_natgas_1975,fc1975_cluster,,2,3,39.7381,-86.5129,pp_natgas,Knox1,s92,IL,10500.0,-88.8089,38.8847,0.0,1,3,2,0.0,s92,fc1975_cluster - s92,source_to_storage,storage,N,,,GL,75.0,GL,0.0001,s1,0,15.8095,0,50000000.0
1068,ALAMO GAS PLANT,f1012815,2.0,3,7,31.2816,-95.5197,ng_processing,Paluxy1,s162,TX,409.0,-95.4224,32.4907,6.0,2,7,3,0.0,s162,f1012815 - s162,source_to_storage,storage,N,,,SWCA,75.0,SWCA,0.0001,s1,0,13.9063,0,50000000.0
1069,"LEHIGH CEMENT WEST, LLC.",f1002566,7.0,4,9,35.1228,-118.3693,cement,Domengine1,s47,CA,2069.0,-121.3697,38.0495,0.0,7,9,4,0.0,s47,f1002566 - s47,source_to_storage,storage,N,,,SWCA,75.0,SWCA,0.0001,s1,0,13.9063,0,50000000.0
1070,GOLIAD GAS PLANT,f1010223,2.0,3,7,28.6181,-97.6381,ng_processing,,p4733,TX,,-97.3119,27.8798,4.0,2,7,3,,,f1010223 - p4733,source_to_demand,co2_eor,N,,,SWCA,75.0,SWCA,0.0001,s1,0,13.9063,0,50000000.0
1071,,ts61,5.0,4,8,44.8643,-109.4599,uniform_ts_node,,p3402,WY,,-108.714,44.2821,0.0,5,8,4,,,ts61 - p3402,ts_node_to_demand,co2_eor,N,,,RM,75.0,RM,0.0001,s1,0,10.5514,0,50000000.0
1072,CAMPO VIEJO GAS PROCESSING PLANT,f1013609,4.0,3,7,33.1499,-102.9912,ng_processing,Wolfcamp1,s226,TX,15012.0,-101.642,34.6805,10.0,3,7,3,0.0,s226,f1013609 - s226,source_to_storage,storage,N,,,SWCA,75.0,SWCA,0.0001,s1,0,13.9063,0,50000000.0
1073,CAMPO VIEJO GAS PROCESSING PLANT,f1013609,4.0,3,7,33.1499,-102.9912,ng_processing,Cisco1,s24,TX,15012.0,-101.6575,34.6788,10.0,3,7,3,0.0,s24,f1013609 - s24,source_to_storage,storage,N,,,SWCA,75.0,SWCA,0.0001,s1,0,13.9063,0,50000000.0
1074,CAMPO VIEJO GAS PROCESSING PLANT,f1013609,4.0,3,7,33.1499,-102.9912,ng_processing,Canyon1,s17,TX,15157.0,-101.6575,34.6788,10.0,3,7,3,0.0,s17,f1013609 - s17,source_to_storage,storage,N,,,SWCA,75.0,SWCA,0.0001,s1,0,13.9063,0,50000000.0
1075,"BARGATH, INC.- PARACHUTE",f1002943,5.0,4,8,39.4873,-108.1114,ng_processing,Nugget1,s153,CO,5877.0,-107.939,40.6116,0.0,5,8,4,0.0,s153,f1002943 - s153,source_to_storage,storage,N,,,RM,75.0,RM,0.0001,s1,0,10.5514,0,50000000.0
1076,,ts18,3.0,3,7,35.639,-96.5454,uniform_ts_node,,p5505,OK,,-97.2641,36.1753,0.0,3,7,3,,,ts18 - p5505,ts_node_to_demand,co2_eor,N,,,GP,75.0,GP,0.0001,s1,0,10.5514,0,50000000.0
1077,PATRIOT RENEWABLE FUELS LLC,f1006469,1.0,2,3,41.3934,-89.8722,ethanol,,ts28,IL,,-88.8466,41.1859,0.0,1,3,2,,,f1006469 - ts28,source_to_ts_node,uniform_ts_node,N,,,GL,75.0,GL,0.0001,s1,0,15.8095,0,50000000.0
1078,CEMEX CONSTRUCTION MATERIALS SOUTH LLC,f1007877,5.0,4,8,40.2022,-105.2367,cement,Dakota9,s44,WY,5028.0,-104.5313,41.6629,0.0,5,8,4,0.0,s44,f1007877 - s44,source_to_storage,storage,N,,,RM,75.0,RM,0.0001,s1,0,10.5514,0,50000000.0
1079,CEMEX CONSTRUCTION MATERIALS SOUTH LLC,f1007877,5.0,4,8,40.2022,-105.2367,cement,Entrada6,s55,WY,5028.0,-104.5313,41.6629,0.0,5,8,4,0.0,s55,f1007877 - s55,source_to_storage,storage,N,,,RM,75.0,RM,0.0001,s1,0,10.5514,0,50000000.0
1080,YOAKUM CRYOGENIC PLANT,f1009093,2.0,3,7,29.3421,-97.11,ng_processing,Frio10,s79,TX,2317.0,-96.5041,28.516,2.0,2,7,3,0.0,s79,f1009093 - s79,source_to_storage,storage,N,,,SWCA,75.0,SWCA,0.0001,s1,0,13.9063,0,50000000.0
1081,ONE EARTH ENERGY LLC,f1002356,1.0,2,3,40.4711,-88.3957,ethanol,,ts28,IL,,-88.8466,41.1859,0.0,1,3,2,,,f1002356 - ts28,source_to_ts_node,uniform_ts_node,N,,,GL,75.0,GL,0.0001,s1,0,15.8095,0,50000000.0
1082,John E Amos         ,fpp3935.03    ,1.0,3,5,38.473,-81.823,pp_coal,,ts36,WV,,-81.7687,37.6841,0.0,1,5,3,,,fpp3935.03     - ts36,source_to_ts_node,uniform_ts_node,N,,,MA,75.0,MA,0.0003,s1,0,19.9921,0,50000000.0
1083,TARGA PEMBROOK GAS PROCESSING PLANT,f1011558,4.0,3,7,31.6327,-101.8433,ng_processing,,p4410,TX,,-102.699,31.9612,8.0,4,7,3,,,f1011558 - p4410,source_to_demand,co2_eor,N,,,SWCA,75.0,SWCA,0.0001,s1,0,13.9063,0,50000000.0
1084,_agg_nonop_ng_processing4,f_agg_nonop_ng_processing4,5.0,4,8,40.3049,-104.6614,ng_processing,Dakota2,s37,CO,3054.0,-106.2868,40.6379,0.0,5,8,4,0.0,s37,f_agg_nonop_ng_processing4 - s37,source_to_storage,storage,N,,,RM,75.0,RM,0.0001,s1,0,10.5514,0,50000000.0
1085,,ts64,5.0,4,8,42.2721,-112.1273,uniform_ts_node,Tensleep4,s212,WY,6902.0,-110.5927,41.9882,0.0,5,8,4,0.0,s212,ts64 - s212,ts_node_to_storage,storage,N,,,RM,75.0,RM,0.0001,s1,0,10.5514,0,50000000.0
1086,facility_cement_1997,fc1997_cluster,,4,9,34.7177,-117.6125,cement,Repetto3d,s181,CA,125.0,-118.1612,33.8864,0.0,7,9,4,0.0,s181,fc1997_cluster - s181,source_to_storage,storage,N,,,SWCA,75.0,SWCA,0.0001,s1,0,13.9063,0,50000000.0
1087,facility_cement_1997,fc1997_cluster,,4,9,34.7177,-117.6125,cement,Repetto3a,s178,CA,125.0,-118.1612,33.8864,0.0,7,9,4,0.0,s178,fc1997_cluster - s178,source_to_storage,storage,N,,,SWCA,75.0,SWCA,0.0001,s1,0,13.9063,0,50000000.0
1088,facility_cement_1997,fc1997_cluster,,4,9,34.7177,-117.6125,cement,Repetto2c,s177,CA,320.0,-118.1612,33.8864,0.0,7,9,4,0.0,s177,fc1997_cluster - s177,source_to_storage,storage,N,,,SWCA,75.0,SWCA,0.0001,s1,0,13.9063,0,50000000.0
1089,facility_cement_1997,fc1997_cluster,,4,9,34.7177,-117.6125,cement,Repetto3c,s180,CA,125.0,-118.1612,33.8864,0.0,7,9,4,0.0,s180,fc1997_cluster - s180,source_to_storage,storage,N,,,SWCA,75.0,SWCA,0.0001,s1,0,13.9063,0,50000000.0
1090,facility_cement_1997,fc1997_cluster,,4,9,34.7177,-117.6125,cement,Repetto3b,s179,CA,125.0,-118.1612,33.8864,0.0,7,9,4,0.0,s179,fc1997_cluster - s179,source_to_storage,storage,N,,,SWCA,75.0,SWCA,0.0001,s1,0,13.9063,0,50000000.0
1091,facility_cement_1997,fc1997_cluster,,4,9,34.7177,-117.6125,cement,Repetto2b,s176,CA,320.0,-118.1612,33.8864,0.0,7,9,4,0.0,s176,fc1997_cluster - s176,source_to_storage,storage,N,,,SWCA,75.0,SWCA,0.0001,s1,0,13.9063,0,50000000.0
1092,facility_cement_1997,fc1997_cluster,,4,9,34.7177,-117.6125,cement,Repetto2a,s175,CA,320.0,-118.1612,33.8864,0.0,7,9,4,0.0,s175,fc1997_cluster - s175,source_to_storage,storage,N,,,SWCA,75.0,SWCA,0.0001,s1,0,13.9063,0,50000000.0
1093,facility_cement_1997,fc1997_cluster,,4,9,34.7177,-117.6125,cement,Repetto1,s174,CA,51.0,-118.1612,33.8864,0.0,7,9,4,0.0,s174,fc1997_cluster - s174,source_to_storage,storage,N,,,SWCA,75.0,SWCA,0.0001,s1,0,13.9063,0,50000000.0
1094,GUARDIAN ENERGY LLC,f1000872,3.0,2,4,44.1119,-93.6786,ethanol,,ts25,MN,,-92.573,44.2227,0.0,3,4,2,,,f1000872 - ts25,source_to_ts_node,uniform_ts_node,N,,,GP,75.0,GP,0.0001,s1,0,10.5514,0,50000000.0
1095,CAMPO VIEJO GAS PROCESSING PLANT,f1013609,4.0,3,7,33.1499,-102.9912,ng_processing,Wolfcamp2,s227,NM,8502.0,-103.846,34.6309,4.0,4,8,4,0.0,s227,f1013609 - s227,source_to_storage,storage,N,,,SWCA,75.0,SWCA,0.0001,s1,0,13.9063,0,50000000.0
1096,CAMPO VIEJO GAS PROCESSING PLANT,f1013609,4.0,3,7,33.1499,-102.9912,ng_processing,Canyon2,s18,NM,8502.0,-103.846,34.6309,4.0,4,8,4,0.0,s18,f1013609 - s18,source_to_storage,storage,N,,,SWCA,75.0,SWCA,0.0001,s1,0,13.9063,0,50000000.0
1097,Celanese Utilization Project,fop005,2.0,3,7,29.5603,-95.0535,other_operational_facility,Frio4,s71,TX,694.0,-94.0547,30.0272,3.0,2,7,3,0.0,s71,fop005 - s71,source_to_storage,storage,N,,,SWCA,75.0,SWCA,0.0001,s1,0,13.9063,0,50000000.0
1098,facility_pp_natgas_1955,fc1955_cluster,,3,7,30.44,-92.9786,pp_natgas,,ts46,TX,,-93.8362,30.1309,3.0,2,7,3,,,fc1955_cluster - ts46,source_to_ts_node,operational_ts_node,N,,,SE,75.0,SE,0.0002,s1,0,14.7412,0,50000000.0
1099,Ash Grove Cement Company-LEAMINGTON,f1002530,5.0,4,8,39.5083,-112.2622,cement,Morrison7,s131,UT,8007.0,-110.0577,39.9471,0.0,5,8,4,0.0,s131,f1002530 - s131,source_to_storage,storage,N,,,RM,75.0,RM,0.0001,s1,0,10.5514,0,50000000.0
1100,CalPortland Company Oro Grande Plant,f1007927,7.0,4,9,34.6045,-117.3382,cement,Repetto1,s174,CA,51.0,-118.1612,33.8864,0.0,7,9,4,0.0,s174,f1007927 - s174,source_to_storage,storage,N,,,SWCA,75.0,SWCA,0.0001,s1,0,13.9063,0,50000000.0
1101,CalPortland Company Oro Grande Plant,f1007927,7.0,4,9,34.6045,-117.3382,cement,Repetto3d,s181,CA,125.0,-118.1612,33.8864,0.0,7,9,4,0.0,s181,f1007927 - s181,source_to_storage,storage,N,,,SWCA,75.0,SWCA,0.0001,s1,0,13.9063,0,50000000.0
1102,CalPortland Company Oro Grande Plant,f1007927,7.0,4,9,34.6045,-117.3382,cement,Repetto2a,s175,CA,320.0,-118.1612,33.8864,0.0,7,9,4,0.0,s175,f1007927 - s175,source_to_storage,storage,N,,,SWCA,75.0,SWCA,0.0001,s1,0,13.9063,0,50000000.0
1103,CalPortland Company Oro Grande Plant,f1007927,7.0,4,9,34.6045,-117.3382,cement,Repetto2b,s176,CA,320.0,-118.1612,33.8864,0.0,7,9,4,0.0,s176,f1007927 - s176,source_to_storage,storage,N,,,SWCA,75.0,SWCA,0.0001,s1,0,13.9063,0,50000000.0
1104,CalPortland Company Oro Grande Plant,f1007927,7.0,4,9,34.6045,-117.3382,cement,Repetto2c,s177,CA,320.0,-118.1612,33.8864,0.0,7,9,4,0.0,s177,f1007927 - s177,source_to_storage,storage,N,,,SWCA,75.0,SWCA,0.0001,s1,0,13.9063,0,50000000.0
1105,CalPortland Company Oro Grande Plant,f1007927,7.0,4,9,34.6045,-117.3382,cement,Repetto3b,s179,CA,125.0,-118.1612,33.8864,0.0,7,9,4,0.0,s179,f1007927 - s179,source_to_storage,storage,N,,,SWCA,75.0,SWCA,0.0001,s1,0,13.9063,0,50000000.0
1106,CalPortland Company Oro Grande Plant,f1007927,7.0,4,9,34.6045,-117.3382,cement,Repetto3c,s180,CA,125.0,-118.1612,33.8864,0.0,7,9,4,0.0,s180,f1007927 - s180,source_to_storage,storage,N,,,SWCA,75.0,SWCA,0.0001,s1,0,13.9063,0,50000000.0
1107,CalPortland Company Oro Grande Plant,f1007927,7.0,4,9,34.6045,-117.3382,cement,Repetto3a,s178,CA,125.0,-118.1612,33.8864,0.0,7,9,4,0.0,s178,f1007927 - s178,source_to_storage,storage,N,,,SWCA,75.0,SWCA,0.0001,s1,0,13.9063,0,50000000.0
1108,,ts32,1.0,2,3,40.9117,-85.0039,uniform_ts_node,Mount Simon8,s141,MI,4788.0,-83.6668,42.2254,0.0,1,3,2,0.0,s141,ts32 - s141,ts_node_to_storage,storage,N,,,GL,75.0,GL,0.0001,s1,0,15.8095,0,50000000.0
1109,,ts32,1.0,2,3,40.9117,-85.0039,uniform_ts_node,St. Peter8,s200,MI,11160.0,-85.0621,42.4439,0.0,1,3,2,0.0,s200,ts32 - s200,ts_node_to_storage,storage,N,,,GL,75.0,GL,0.0001,s1,0,15.8095,0,50000000.0
1110,,ts71,3.0,2,4,41.4985,-103.1277,uniform_ts_node,,p3905,CO,,-103.449,40.7334,0.0,5,8,4,,,ts71 - p3905,ts_node_to_demand,co2_eor,N,,,GP,75.0,GP,0.0001,s1,0,10.5514,0,50000000.0
1111,PANTHER GAS PLANT,f1012901,4.0,3,7,31.6411,-102.1938,ng_processing,Leonard1,s99,TX,51294.0,-102.444,31.7932,8.0,4,7,3,0.0,s99,f1012901 - s99,source_to_storage,storage,N,,,SWCA,75.0,SWCA,0.0001,s1,0,13.9063,0,50000000.0
1112,PANTHER GAS PLANT,f1012901,4.0,3,7,31.6411,-102.1938,ng_processing,Strawn1,s205,TX,51068.0,-102.444,31.7932,8.0,4,7,3,0.0,s205,f1012901 - s205,source_to_storage,storage,N,,,SWCA,75.0,SWCA,0.0001,s1,0,13.9063,0,50000000.0
1113,PANTHER GAS PLANT,f1012901,4.0,3,7,31.6411,-102.1938,ng_processing,Atoka1,s5,TX,51294.0,-102.444,31.7932,8.0,4,7,3,0.0,s5,f1012901 - s5,source_to_storage,storage,N,,,SWCA,75.0,SWCA,0.0001,s1,0,13.9063,0,50000000.0
1114,PANTHER GAS PLANT,f1012901,4.0,3,7,31.6411,-102.1938,ng_processing,Seven Rivers1,s191,NM,9346.0,-103.6189,32.9649,4.0,4,8,4,0.0,s191,f1012901 - s191,source_to_storage,storage,N,,,SWCA,75.0,SWCA,0.0001,s1,0,13.9063,0,50000000.0
1115,PANTHER GAS PLANT,f1012901,4.0,3,7,31.6411,-102.1938,ng_processing,Fusselman1,s86,TX,51068.0,-102.444,31.7932,8.0,4,7,3,0.0,s86,f1012901 - s86,source_to_storage,storage,N,,,SWCA,75.0,SWCA,0.0001,s1,0,13.9063,0,50000000.0
1116,PANTHER GAS PLANT,f1012901,4.0,3,7,31.6411,-102.1938,ng_processing,Queen1,s170,TX,51294.0,-101.642,34.6805,10.0,3,7,3,0.0,s170,f1012901 - s170,source_to_storage,storage,N,,,SWCA,75.0,SWCA,0.0001,s1,0,13.9063,0,50000000.0
1117,LEHIGH CEMENT CO LLC,f1006136,1.0,2,3,40.7345,-86.4334,cement,Mount Simon6,s139,IN,29370.0,-86.0531,40.2057,0.0,1,3,2,0.0,s139,f1006136 - s139,source_to_storage,storage,N,,,GL,75.0,GL,0.0001,s1,0,15.8095,0,50000000.0
1118,PCS NITROGEN FERTILIZER LP - GEISMAR AGRICULTURAL NITROGEN & PHOSPHATE PLANT,f1003489,2.0,3,7,30.2258,-91.0532,ammonia,Eutaw1,s59,MS,29518.0,-89.8942,31.9943,0.0,2,6,3,0.0,s59,f1003489 - s59,source_to_storage,storage,N,,,SE,75.0,SE,0.0002,s1,0,14.7412,0,50000000.0
1119,YOAKUM CRYOGENIC PLANT,f1009093,2.0,3,7,29.3421,-97.11,ng_processing,Frio6,s73,TX,1889.0,-95.376,29.6715,3.0,2,7,3,0.0,s73,f1009093 - s73,source_to_storage,storage,N,,,SWCA,75.0,SWCA,0.0001,s1,0,13.9063,0,50000000.0
1120,Labadie             ,fpp2103.03    ,3.0,2,4,38.562,-90.838,pp_coal,Knox1,s92,IL,10500.0,-88.8089,38.8847,0.0,1,3,2,0.0,s92,fpp2103.03     - s92,source_to_storage,storage,N,,,GP,75.0,GP,0.0001,s1,0,10.5514,0,50000000.0
1121,Labadie             ,fpp2103.01    ,3.0,2,4,38.562,-90.838,pp_coal,Knox1,s92,IL,10500.0,-88.8089,38.8847,0.0,1,3,2,0.0,s92,fpp2103.01     - s92,source_to_storage,storage,N,,,GP,75.0,GP,0.0001,s1,0,10.5514,0,50000000.0
1122,LONE STAR INDUSTRIES,f1006112,3.0,2,4,37.2676,-89.5385,cement,Knox5,s96,KY,2610.0,-87.2952,37.4824,0.0,1,6,3,0.0,s96,f1006112 - s96,source_to_storage,storage,N,,,GP,75.0,GP,0.0001,s1,0,10.5514,0,50000000.0
1123,LEHIGH CEMENT COMPANY LLC,f1003891,1.0,2,3,38.7391,-86.457,cement,Knox5,s96,KY,2610.0,-87.2952,37.4824,0.0,1,6,3,0.0,s96,f1003891 - s96,source_to_storage,storage,N,,,GL,75.0,GL,0.0001,s1,0,15.8095,0,50000000.0
1124,Central Plains Cement Company,f1007216,3.0,3,7,36.1941,-95.8117,cement,,ts18,OK,,-96.5454,35.639,0.0,3,7,3,,,f1007216 - ts18,source_to_ts_node,uniform_ts_node,N,,,GP,75.0,GP,0.0001,s1,0,10.5514,0,50000000.0
1125,LEHIGH CEMENT COMPANY LLC,f1003891,1.0,2,3,38.7391,-86.457,cement,Mount Simon2,s135,IL,5957.0,-88.5947,39.0412,0.0,1,3,2,0.0,s135,f1003891 - s135,source_to_storage,storage,N,,,GL,75.0,GL,0.0001,s1,0,15.8095,0,50000000.0
1126,LEHIGH CEMENT COMPANY LLC,f1003891,1.0,2,3,38.7391,-86.457,cement,Knox1,s92,IL,10500.0,-88.8089,38.8847,0.0,1,3,2,0.0,s92,f1003891 - s92,source_to_storage,storage,N,,,GL,75.0,GL,0.0001,s1,0,15.8095,0,50000000.0
1127,Cheyenne Plant,f1005924,5.0,4,8,41.0949,-104.908,ammonia,Fountain2b,s66,CO,2794.0,-103.683,40.1835,0.0,5,8,4,0.0,s66,f1005924 - s66,source_to_storage,storage,N,,,RM,75.0,RM,0.0001,s1,0,10.5514,0,50000000.0
1128,Cheyenne Plant,f1005924,5.0,4,8,41.0949,-104.908,ammonia,Lyons2,s112,CO,2784.0,-103.683,40.1835,0.0,5,8,4,0.0,s112,f1005924 - s112,source_to_storage,storage,N,,,RM,75.0,RM,0.0001,s1,0,10.5514,0,50000000.0
1129,Cheyenne Plant,f1005924,5.0,4,8,41.0949,-104.908,ammonia,Fountain2a,s65,CO,2794.0,-103.683,40.1835,0.0,5,8,4,0.0,s65,f1005924 - s65,source_to_storage,storage,N,,,RM,75.0,RM,0.0001,s1,0,10.5514,0,50000000.0
1130,THE ANDERSONS MARATHON HOLDINGS LLC IN,f1005969,1.0,2,3,40.719,-86.436,ethanol,Mount Simon6,s139,IN,29370.0,-86.0531,40.2057,0.0,1,3,2,0.0,s139,f1005969 - s139,source_to_storage,storage,N,,,GL,75.0,GL,0.0001,s1,0,15.8095,0,50000000.0
1131,PANTHER GAS PLANT,f1012901,4.0,3,7,31.6411,-102.1938,ng_processing,Seven Rivers2,s192,TX,51068.0,-102.4437,31.7932,8.0,4,7,3,0.0,s192,f1012901 - s192,source_to_storage,storage,N,,,SWCA,75.0,SWCA,0.0001,s1,0,13.9063,0,50000000.0
1132,PANTHER GAS PLANT,f1012901,4.0,3,7,31.6411,-102.1938,ng_processing,Queen2,s171,NM,9346.0,-103.846,34.6309,4.0,4,8,4,0.0,s171,f1012901 - s171,source_to_storage,storage,N,,,SWCA,75.0,SWCA,0.0001,s1,0,13.9063,0,50000000.0
1133,PANTHER GAS PLANT,f1012901,4.0,3,7,31.6411,-102.1938,ng_processing,Leonard2,s100,NM,9346.0,-103.619,32.9469,4.0,4,8,4,0.0,s100,f1012901 - s100,source_to_storage,storage,N,,,SWCA,75.0,SWCA,0.0001,s1,0,13.9063,0,50000000.0
1134,facility_pp_coal_1930,fc1930_cluster,,2,3,38.5296,-87.4916,pp_coal,Mount Simon6,s139,IN,29370.0,-86.0531,40.2057,0.0,1,3,2,0.0,s139,fc1930_cluster - s139,source_to_storage,storage,N,,,GL,75.0,GL,0.0001,s1,0,15.8095,0,50000000.0
1135,,ts72,2.0,3,7,29.0,-97.5,uniform_ts_node,Frio10,s79,TX,2317.0,-96.5041,28.516,2.0,2,7,3,0.0,s79,ts72 - s79,ts_node_to_storage,storage,N,,,SWCA,75.0,SWCA,0.0001,s1,0,13.9063,0,50000000.0
1136,,ts41,1.0,1,2,40.0209,-77.4375,uniform_ts_node,Rose Run3,s186,PA,8201.0,-78.8689,40.9262,0.0,1,2,1,0.0,s186,ts41 - s186,ts_node_to_storage,storage,N,,,MA,75.0,MA,0.0003,s1,0,19.9921,0,50000000.0
1137,_agg_nonop_ng_processing4,f_agg_nonop_ng_processing4,5.0,4,8,40.3049,-104.6614,ng_processing,,ts59,CO,,-103.5956,40.1656,0.0,5,8,4,,,f_agg_nonop_ng_processing4 - ts59,source_to_ts_node,uniform_ts_node,N,,,RM,75.0,RM,0.0001,s1,0,10.5514,0,50000000.0
1138,,ts22,3.0,2,4,47.1634,-96.6423,uniform_ts_node,Red River1,s172,ND,55614.0,-101.1361,47.6146,0.0,6,4,2,0.0,s172,ts22 - s172,ts_node_to_storage,storage,N,,,GP,75.0,GP,0.0001,s1,0,10.5514,0,50000000.0
1139,facility_cement_2000,fc2000_cluster,,2,3,40.74,-86.0745,cement,,ts32,IN,,-85.0039,40.9117,0.0,1,3,2,,,fc2000_cluster - ts32,source_to_ts_node,uniform_ts_node,N,,,GL,75.0,GL,0.0001,s1,0,15.8095,0,50000000.0
1140,KOCH FERITLIZER ENID LLC ENID NITROGEN PLT,f1002407,3.0,3,7,36.3795,-97.7651,ammonia,,hsm_cent3,,,-97.4936,35.5893,,3,7,3,,,f1002407 - hsm_cent3,source_to_hsm_cent,hsm_centroid,Y,,680000.0,GP,75.0,GP,0.0001,s1,0,10.5514,0,50000000.0
1141,facility_pp_natgas_1944,fc1944_cluster,,4,8,39.7757,-104.5501,pp_natgas,,ts59,CO,,-103.5956,40.1656,0.0,5,8,4,,,fc1944_cluster - ts59,source_to_ts_node,uniform_ts_node,N,,,RM,75.0,RM,0.0001,s1,0,10.5514,0,50000000.0
1142,facility_pp_natgas_1950,fc1950_cluster,,3,7,35.3237,-97.6598,pp_natgas,,p6001,OK,,-96.6748,35.5418,0.0,3,7,3,,,fc1950_cluster - p6001,source_to_demand,co2_eor,N,,,GP,75.0,GP,0.0001,s1,0,10.5514,0,50000000.0
1143,THE ANDERSONS MARATHON HOLDINGS LLC IN,f1005969,1.0,2,3,40.719,-86.436,ethanol,Mount Simon3,s136,IL,20633.0,-89.239,39.9199,0.0,1,3,2,0.0,s136,f1005969 - s136,source_to_storage,storage,N,,,GL,75.0,GL,0.0001,s1,0,15.8095,0,50000000.0
1144,HOLCIM (US) Inc,f1002055,4.0,3,7,32.513,-96.9711,cement,Woodbine1,s228,TX,13575.0,-95.5742,31.6981,6.0,2,7,3,0.0,s228,f1002055 - s228,source_to_storage,storage,N,,,SWCA,75.0,SWCA,0.0001,s1,0,13.9063,0,50000000.0
1145,LEHIGH CEMENT CO LLC,f1006136,1.0,2,3,40.7345,-86.4334,cement,Mount Simon3,s136,IL,20633.0,-89.239,39.9199,0.0,1,3,2,0.0,s136,f1006136 - s136,source_to_storage,storage,N,,,GL,75.0,GL,0.0001,s1,0,15.8095,0,50000000.0
1146,,ts4,7.0,4,9,36.4119,-118.4952,uniform_ts_node,Stevens1,s204,CA,2393.0,-119.3053,35.4104,0.0,7,9,4,0.0,s204,ts4 - s204,ts_node_to_storage,storage,N,,,SWCA,75.0,SWCA,0.0001,s1,0,13.9063,0,50000000.0
1147,PANTHER GAS PLANT,f1012901,4.0,3,7,31.6411,-102.1938,ng_processing,Canyon3,s19,TX,49915.0,-102.4566,31.7628,8.0,4,7,3,0.0,s19,f1012901 - s19,source_to_storage,storage,N,,,SWCA,75.0,SWCA,0.0001,s1,0,13.9063,0,50000000.0
1148,CEMEX SOUTHEAST LLC,f1005331,1.0,3,5,32.4152,-83.6333,cement,,ts34,GA,,-82.7898,31.9873,0.0,1,5,3,,,f1005331 - ts34,source_to_ts_node,uniform_ts_node,N,,,SE,75.0,SE,0.0002,s1,0,14.7412,0,50000000.0
1149,facility_pp_coal_1923,fc1923_cluster,,4,8,40.8837,-108.3435,pp_coal,Dakota5,s40,UT,10678.0,-110.4189,39.7311,0.0,5,8,4,0.0,s40,fc1923_cluster - s40,source_to_storage,storage,N,,,RM,75.0,RM,0.0001,s1,0,10.5514,0,50000000.0
1150,facility_pp_coal_1923,fc1923_cluster,,4,8,40.8837,-108.3435,pp_coal,Entrada2,s51,UT,10799.0,-110.4089,39.6458,0.0,5,8,4,0.0,s51,fc1923_cluster - s51,source_to_storage,storage,N,,,RM,75.0,RM,0.0001,s1,0,10.5514,0,50000000.0
1151,"Holcim (US), Inc.",f1004078,1.0,3,5,39.6524,-77.6805,cement,Rose Run3,s186,PA,8201.0,-78.8689,40.9262,0.0,1,2,1,0.0,s186,f1004078 - s186,source_to_storage,storage,N,,,MA,75.0,MA,0.0003,s1,0,19.9921,0,50000000.0
1152,_agg_nonop_ng_processing4,f_agg_nonop_ng_processing4,5.0,4,8,40.3049,-104.6614,ng_processing,Entrada7,s56,NE,8564.0,-103.2372,41.6698,0.0,3,4,2,0.0,s56,f_agg_nonop_ng_processing4 - s56,source_to_storage,storage,N,,,RM,75.0,RM,0.0001,s1,0,10.5514,0,50000000.0
1153,_agg_nonop_ng_processing4,f_agg_nonop_ng_processing4,5.0,4,8,40.3049,-104.6614,ng_processing,Dakota10,s45,NE,8564.0,-103.2372,41.6698,0.0,3,4,2,0.0,s45,f_agg_nonop_ng_processing4 - s45,source_to_storage,storage,N,,,RM,75.0,RM,0.0001,s1,0,10.5514,0,50000000.0
1154,_agg_nonop_ng_processing5,f_agg_nonop_ng_processing5,4.0,3,7,31.4074,-103.3243,ng_processing,,p4402,TX,,-102.637,32.0038,8.0,4,7,3,,,f_agg_nonop_ng_processing5 - p4402,source_to_demand,co2_eor,N,,,SWCA,75.0,SWCA,0.0001,s1,0,13.9063,0,50000000.0
1155,JACKSON COUNTY GAS PLANT,f1011011,2.0,3,7,29.1077,-96.5409,ng_processing,Frio8,s76,TX,1200.0,-95.0137,29.322,3.0,2,7,3,0.0,s76,f1011011 - s76,source_to_storage,storage,N,,,SWCA,75.0,SWCA,0.0001,s1,0,13.9063,0,50000000.0
1156,NATIONAL CEMENT CO OF CALIFORNIA INC,f1006642,7.0,4,9,34.8199,-118.7487,cement,Repetto1,s174,CA,51.0,-118.1612,33.8864,0.0,7,9,4,0.0,s174,f1006642 - s174,source_to_storage,storage,N,,,SWCA,75.0,SWCA,0.0001,s1,0,13.9063,0,50000000.0
1157,NATIONAL CEMENT CO OF CALIFORNIA INC,f1006642,7.0,4,9,34.8199,-118.7487,cement,Repetto3d,s181,CA,125.0,-118.1612,33.8864,0.0,7,9,4,0.0,s181,f1006642 - s181,source_to_storage,storage,N,,,SWCA,75.0,SWCA,0.0001,s1,0,13.9063,0,50000000.0
1158,NATIONAL CEMENT CO OF CALIFORNIA INC,f1006642,7.0,4,9,34.8199,-118.7487,cement,Repetto3c,s180,CA,125.0,-118.1612,33.8864,0.0,7,9,4,0.0,s180,f1006642 - s180,source_to_storage,storage,N,,,SWCA,75.0,SWCA,0.0001,s1,0,13.9063,0,50000000.0
1159,NATIONAL CEMENT CO OF CALIFORNIA INC,f1006642,7.0,4,9,34.8199,-118.7487,cement,Repetto2a,s175,CA,320.0,-118.1612,33.8864,0.0,7,9,4,0.0,s175,f1006642 - s175,source_to_storage,storage,N,,,SWCA,75.0,SWCA,0.0001,s1,0,13.9063,0,50000000.0
1160,NATIONAL CEMENT CO OF CALIFORNIA INC,f1006642,7.0,4,9,34.8199,-118.7487,cement,Repetto2b,s176,CA,320.0,-118.1612,33.8864,0.0,7,9,4,0.0,s176,f1006642 - s176,source_to_storage,storage,N,,,SWCA,75.0,SWCA,0.0001,s1,0,13.9063,0,50000000.0
1161,NATIONAL CEMENT CO OF CALIFORNIA INC,f1006642,7.0,4,9,34.8199,-118.7487,cement,Repetto2c,s177,CA,320.0,-118.1612,33.8864,0.0,7,9,4,0.0,s177,f1006642 - s177,source_to_storage,storage,N,,,SWCA,75.0,SWCA,0.0001,s1,0,13.9063,0,50000000.0
1162,NATIONAL CEMENT CO OF CALIFORNIA INC,f1006642,7.0,4,9,34.8199,-118.7487,cement,Repetto3b,s179,CA,125.0,-118.1612,33.8864,0.0,7,9,4,0.0,s179,f1006642 - s179,source_to_storage,storage,N,,,SWCA,75.0,SWCA,0.0001,s1,0,13.9063,0,50000000.0
1163,NATIONAL CEMENT CO OF CALIFORNIA INC,f1006642,7.0,4,9,34.8199,-118.7487,cement,Repetto3a,s178,CA,125.0,-118.1612,33.8864,0.0,7,9,4,0.0,s178,f1006642 - s178,source_to_storage,storage,N,,,SWCA,75.0,SWCA,0.0001,s1,0,13.9063,0,50000000.0
1164,LONE STAR IND INC DBA BUZZI UNICEM USA PRYOR CEMENT PLANT,f1004289,3.0,3,7,36.2962,-95.3312,cement,,p6004,OK,,-96.259,35.9157,0.0,3,7,3,,,f1004289 - p6004,source_to_demand,co2_eor,N,,,GP,75.0,GP,0.0001,s1,0,10.5514,0,50000000.0
1165,facility_pp_natgas_1959,fc1959_cluster,,4,9,34.3325,-118.2969,pp_natgas,Stevens1,s204,CA,2393.0,-119.3053,35.4104,0.0,7,9,4,0.0,s204,fc1959_cluster - s204,source_to_storage,storage,N,,,SWCA,75.0,SWCA,0.0001,s1,0,13.9063,0,50000000.0
1166,,ts42,1.0,1,2,42.8399,-76.6688,uniform_ts_node,Rose Run3,s186,PA,8201.0,-78.8689,40.9262,0.0,1,2,1,0.0,s186,ts42 - s186,ts_node_to_storage,storage,N,,,MA,75.0,MA,0.0003,s1,0,19.9921,0,50000000.0
1167,,ts59,5.0,4,8,40.1656,-103.5956,uniform_ts_node,Morrison3,s127,CO,24922.0,-103.7797,39.8853,0.0,5,8,4,0.0,s127,ts59 - s127,ts_node_to_storage,storage,N,,,RM,75.0,RM,0.0001,s1,0,10.5514,0,50000000.0
1168,BATTLE HORSE PLANT,f1013903,2.0,3,7,30.1619,-96.5631,ng_processing,Frio6,s73,TX,1889.0,-95.376,29.6715,3.0,2,7,3,0.0,s73,f1013903 - s73,source_to_storage,storage,N,,,SWCA,75.0,SWCA,0.0001,s1,0,13.9063,0,50000000.0
1169,WOODSBORO PLANT,f1010643,2.0,3,7,28.176,-97.2817,ng_processing,,ts72,TX,,-97.5,29.0,2.0,2,7,3,,,f1010643 - ts72,source_to_ts_node,uniform_ts_node,N,,,SWCA,75.0,SWCA,0.0001,s1,0,13.9063,0,50000000.0
1170,facility_pp_coal_1939,fc1939_cluster,,2,4,47.2681,-101.43,pp_coal,Basal Cambrian8,s14,ND,11350.0,-99.542,47.8512,0.0,6,4,2,0.0,s14,fc1939_cluster - s14,source_to_storage,storage,N,,,GP,75.0,GP,0.0001,s1,0,10.5514,0,50000000.0
1171,PANTHER GAS PLANT,f1012901,4.0,3,7,31.6411,-102.1938,ng_processing,,p4406,TX,,-101.518,32.2604,8.0,4,7,3,,,f1012901 - p4406,source_to_demand,co2_eor,N,,,SWCA,75.0,SWCA,0.0001,s1,0,13.9063,0,50000000.0
1172,facility_pp_natgas_1980,fc1980_cluster,,2,4,44.7936,-93.4428,pp_natgas,,ts25,MN,,-92.573,44.2227,0.0,3,4,2,,,fc1980_cluster - ts25,source_to_ts_node,uniform_ts_node,N,,,GP,75.0,GP,0.0001,s1,0,10.5514,0,50000000.0
1173,BATTLEFIELD GAS PLANT,f1009840,2.0,3,7,31.9678,-93.6731,ng_processing,,p4938,LA,,-92.6739,31.9784,0.0,2,7,3,,,f1009840 - p4938,source_to_demand,co2_eor,N,,,SE,75.0,SE,0.0002,s1,0,14.7412,0,50000000.0
1174,,ts31,1.0,3,6,38.0578,-85.4315,uniform_ts_node,Knox3,s94,IN,4930.0,-87.1143,38.6993,0.0,1,3,2,0.0,s94,ts31 - s94,ts_node_to_storage,storage,N,,,SE,75.0,SE,0.0002,s1,0,14.7412,0,50000000.0
1175,,ts59,5.0,4,8,40.1656,-103.5956,uniform_ts_node,Dakota8,s43,CO,22831.0,-103.8294,39.9554,0.0,5,8,4,0.0,s43,ts59 - s43,ts_node_to_storage,storage,N,,,RM,75.0,RM,0.0001,s1,0,10.5514,0,50000000.0
1176,,ts59,5.0,4,8,40.1656,-103.5956,uniform_ts_node,Entrada7,s56,NE,8564.0,-103.2372,41.6698,0.0,3,4,2,0.0,s56,ts59 - s56,ts_node_to_storage,storage,N,,,RM,75.0,RM,0.0001,s1,0,10.5514,0,50000000.0
1177,,ts59,5.0,4,8,40.1656,-103.5956,uniform_ts_node,Dakota10,s45,NE,8564.0,-103.2372,41.6698,0.0,3,4,2,0.0,s45,ts59 - s45,ts_node_to_storage,storage,N,,,RM,75.0,RM,0.0001,s1,0,10.5514,0,50000000.0
1178,facility_pp_natgas_1970,fc1970_cluster,,1,1,42.2449,-71.6779,pp_natgas,,ts43,MA,,-72.8249,42.2012,0.0,1,1,1,,,fc1970_cluster - ts43,source_to_ts_node,uniform_ts_node,N,,,NE,75.0,NE,0.0003,s1,0,26.8547,0,50000000.0
1179,JACKSON COUNTY GAS PLANT,f1011011,2.0,3,7,29.1077,-96.5409,ng_processing,,ts72,TX,,-97.5,29.0,2.0,2,7,3,,,f1011011 - ts72,source_to_ts_node,uniform_ts_node,N,,,SWCA,75.0,SWCA,0.0001,s1,0,13.9063,0,50000000.0
1180,"BARGATH, INC.- PARACHUTE",f1002943,5.0,4,8,39.4873,-108.1114,ng_processing,,ts55,CO,,-108.8773,40.0975,0.0,5,8,4,,,f1002943 - ts55,source_to_ts_node,operational_ts_node,N,,,RM,75.0,RM,0.0001,s1,0,10.5514,0,50000000.0
1181,HOLCIM (US) INC STE GENEVIEVE PLANT,f1007563,3.0,2,4,38.1099,-90.2579,cement,Knox2,s93,IL,5560.0,-88.4987,38.1531,0.0,1,3,2,0.0,s93,f1007563 - s93,source_to_storage,storage,N,,,GP,75.0,GP,0.0001,s1,0,10.5514,0,50000000.0
1182,SIMPLOT PHOSPHATES,f1003087,5.0,4,8,41.5414,-109.131,ammonia,Tensleep5,s213,UT,4436.0,-111.1856,41.1392,0.0,5,8,4,0.0,s213,f1003087 - s213,source_to_storage,storage,N,,,RM,75.0,RM,0.0001,s1,0,10.5514,0,50000000.0
1183,facility_ammonia_2004,fc2004_cluster,,4,8,41.5414,-109.131,ammonia,Tensleep5,s213,UT,4436.0,-111.1856,41.1392,0.0,5,8,4,0.0,s213,fc2004_cluster - s213,source_to_storage,storage,N,,,RM,75.0,RM,0.0001,s1,0,10.5514,0,50000000.0
1184,TARGA PEMBROOK GAS PROCESSING PLANT,f1011558,4.0,3,7,31.6327,-101.8433,ng_processing,,p4412,TX,,-102.841,31.5659,8.0,4,7,3,,,f1011558 - p4412,source_to_demand,co2_eor,N,,,SWCA,75.0,SWCA,0.0001,s1,0,13.9063,0,50000000.0
1185,HOLCIM (US) INC. DEVIL\S SLIDE PLANT,f1004131,5.0,4,8,41.0633,-111.5317,cement,Dakota5,s40,UT,10678.0,-110.4189,39.7311,0.0,5,8,4,0.0,s40,f1004131 - s40,source_to_storage,storage,N,,,RM,75.0,RM,0.0001,s1,0,10.5514,0,50000000.0
1186,HOLCIM (US) INC. DEVIL\S SLIDE PLANT,f1004131,5.0,4,8,41.0633,-111.5317,cement,Entrada2,s51,UT,10799.0,-110.4089,39.6458,0.0,5,8,4,0.0,s51,f1004131 - s51,source_to_storage,storage,N,,,RM,75.0,RM,0.0001,s1,0,10.5514,0,50000000.0
1187,"Lone Star Industries, Inc. /dba/ BUZZI UNICEM USA",f1006110,4.0,3,7,32.25,-100.4583,cement,,ts48,TX,,-101.2617,32.7688,81.0,4,7,3,,,f1006110 - ts48,source_to_ts_node,operational_ts_node,N,,,SWCA,75.0,SWCA,0.0001,s1,0,13.9063,0,50000000.0
1188,WEST BISTINEAU FACILITY,f1005693,2.0,3,7,32.2107,-93.4413,ng_processing,Paluxy3,s164,TX,11534.0,-95.243,32.3169,6.0,2,7,3,0.0,s164,f1005693 - s164,source_to_storage,storage,N,,,SE,75.0,SE,0.0002,s1,0,14.7412,0,50000000.0
1189,PRYOR CHEMICAL COMPANY,f1005867,3.0,3,7,36.2412,-95.2783,ammonia,,p6004,OK,,-96.259,35.9157,0.0,3,7,3,,,f1005867 - p6004,source_to_demand,co2_eor,N,,,GP,75.0,GP,0.0001,s1,0,0.0,0,50000000.0
1190,CONVERSE CENTRAL FACILITY,f1009181,2.0,3,7,31.9551,-93.6817,ng_processing,,p4938,LA,,-92.6739,31.9784,0.0,2,7,3,,,f1009181 - p4938,source_to_demand,co2_eor,N,,,SE,75.0,SE,0.0002,s1,0,14.7412,0,50000000.0
1191,facility_pp_natgas_1957,fc1957_cluster,,3,7,32.4107,-94.3281,pp_natgas,Paluxy1,s162,TX,409.0,-95.4224,32.4907,6.0,2,7,3,0.0,s162,fc1957_cluster - s162,source_to_storage,storage,N,,,SWCA,75.0,SWCA,0.0001,s1,0,13.9063,0,50000000.0
1192,,ts32,1.0,2,3,40.9117,-85.0039,uniform_ts_node,Mount Simon7,s140,MI,5446.0,-85.7774,42.2856,0.0,1,3,2,0.0,s140,ts32 - s140,ts_node_to_storage,storage,N,,,GL,75.0,GL,0.0001,s1,0,15.8095,0,50000000.0
1193,LEHIGH CEMENT COMPANY LLC,f1003891,1.0,2,3,38.7391,-86.457,cement,Knox4,s95,IN,1275.0,-87.6386,38.0852,0.0,1,3,2,0.0,s95,f1003891 - s95,source_to_storage,storage,N,,,GL,75.0,GL,0.0001,s1,0,15.8095,0,50000000.0
1194,HOLCIM (US) INC. DEVIL\S SLIDE PLANT,f1004131,5.0,4,8,41.0633,-111.5317,cement,Morrison7,s131,UT,8007.0,-110.0577,39.9471,0.0,5,8,4,0.0,s131,f1004131 - s131,source_to_storage,storage,N,,,RM,75.0,RM,0.0001,s1,0,10.5514,0,50000000.0
1195,Central Plains Cement Company,f1007216,3.0,3,7,36.1941,-95.8117,cement,Arbuckle4,s4,KS,32460.0,-99.2057,37.695,0.0,3,4,2,0.0,s4,f1007216 - s4,source_to_storage,storage,N,,,GP,75.0,GP,0.0001,s1,0,10.5514,0,50000000.0
1196,ASH GROVE CEMENT COMPANY,f1002421,4.0,3,7,32.5199,-97.0068,cement,Woodbine1,s228,TX,13575.0,-95.5742,31.6981,6.0,2,7,3,0.0,s228,f1002421 - s228,source_to_storage,storage,N,,,SWCA,75.0,SWCA,0.0001,s1,0,13.9063,0,50000000.0
1197,VERDIGRIS PLT,f1002275,3.0,3,7,36.2335,-95.7191,ammonia,Arbuckle4,s4,KS,32460.0,-99.2057,37.695,0.0,3,4,2,0.0,s4,f1002275 - s4,source_to_storage,storage,N,,,GP,75.0,GP,0.0001,s1,0,10.5514,0,50000000.0
1198,ROBELINE PLANT,f1006682,2.0,3,7,31.6587,-93.325,ng_processing,Paluxy3,s164,TX,11534.0,-95.243,32.3169,6.0,2,7,3,0.0,s164,f1006682 - s164,source_to_storage,storage,N,,,SE,75.0,SE,0.0002,s1,0,14.7412,0,50000000.0
1199,RED HILLS GAS PROCESSING PLANT,f1011064,4.0,4,8,32.2104,-103.5214,ng_processing,,p4412,TX,,-102.841,31.5659,8.0,4,7,3,,,f1011064 - p4412,source_to_demand,co2_eor,N,,,RM,75.0,RM,0.0001,s1,0,0.0,0,50000000.0
1200,TXI OPERATIONS,f1007792,4.0,3,7,32.4627,-97.0256,cement,Woodbine1,s228,TX,13575.0,-95.5742,31.6981,6.0,2,7,3,0.0,s228,f1007792 - s228,source_to_storage,storage,N,,,SWCA,75.0,SWCA,0.0001,s1,0,13.9063,0,50000000.0
1201,,nat004,5.0,4,8,37.7099,-108.7244,nat_co2_field,,ts50,NM,,-108.1461,36.9785,4.0,4,8,4,,,nat004 - ts50,nat_co2_to_ts_node,operational_ts_node,N,Doe Canyon,,RM,75.0,RM,0.0001,s1,0,10.5514,0,50000000.0
1202,,ts58,4.0,3,7,32.575,-97.3799,uniform_ts_node,Paluxy3,s164,TX,11534.0,-95.243,32.3169,6.0,2,7,3,0.0,s164,ts58 - s164,ts_node_to_storage,storage,N,,,SWCA,75.0,SWCA,0.0001,s1,0,13.9063,0,50000000.0
1203,WE HEREFORD LLC,f1004799,3.0,3,7,34.8219,-102.3704,ethanol,Canyon3,s19,TX,49915.0,-102.4566,31.7628,8.0,4,7,3,0.0,s19,f1004799 - s19,source_to_storage,storage,N,,,SWCA,75.0,SWCA,0.0001,s1,0,13.9063,0,50000000.0
1204,Holcim (US) INC JOPPA PLANT,f1000243,1.0,2,3,37.2168,-88.8798,cement,Knox4,s95,IN,1275.0,-87.6386,38.0852,0.0,1,3,2,0.0,s95,f1000243 - s95,source_to_storage,storage,N,,,GL,75.0,GL,0.0001,s1,0,15.8095,0,50000000.0
1205,NACOGDOCHES AMINE AND DEHYDRATION PLANT,f1013396,2.0,3,7,31.4888,-94.6387,ng_processing,Paluxy1,s162,TX,409.0,-95.4224,32.4907,6.0,2,7,3,0.0,s162,f1013396 - s162,source_to_storage,storage,N,,,SWCA,75.0,SWCA,0.0001,s1,0,13.9063,0,50000000.0
1206,_agg_nonop_ng_processing3,f_agg_nonop_ng_processing3,4.0,3,7,31.864,-101.8104,ng_processing,,p4411,TX,,-101.912,32.7303,81.0,4,7,3,,,f_agg_nonop_ng_processing3 - p4411,source_to_demand,co2_eor,N,,,SWCA,75.0,SWCA,0.0001,s1,0,13.9063,0,50000000.0
1207,FREEPORT LNG PRETREATMENT FACILITY,f1013753,2.0,3,7,28.9849,-95.3087,ng_processing,,p4701,TX,,-95.0593,29.8337,3.0,2,7,3,,,f1013753 - p4701,source_to_demand,co2_eor,N,,,SWCA,75.0,SWCA,0.0001,s1,0,13.9063,0,50000000.0
1208,"Lone Star Industries, Inc. /dba/ BUZZI UNICEM USA",f1006110,4.0,3,7,32.25,-100.4583,cement,,p4506,TX,,-99.5831,32.7198,72.0,4,7,3,,,f1006110 - p4506,source_to_demand,co2_eor,N,,,SWCA,75.0,SWCA,0.0001,s1,0,13.9063,0,50000000.0
1209,facility_pp_coal_1927,fc1927_cluster,,3,5,36.5997,-78.9417,pp_coal,,ts40,VA,,-78.148,37.2015,0.0,1,5,3,,,fc1927_cluster - ts40,source_to_ts_node,uniform_ts_node,N,,,MA,75.0,MA,0.0003,s1,0,19.9921,0,50000000.0
1210,facility_beccs_2014,fc2014_cluster,,3,7,32.5438,-97.3902,beccs,Paluxy3,s164,TX,11534.0,-95.243,32.3169,6.0,2,7,3,0.0,s164,fc2014_cluster - s164,source_to_storage,storage,N,,,SWCA,75.0,SWCA,0.0001,s1,0,13.9063,0,50000000.0
1211,facility_pp_coal_1932,fc1932_cluster,,2,3,37.8836,-89.2386,pp_coal,Knox6,s97,KY,1700.0,-87.624,37.5415,0.0,1,6,3,0.0,s97,fc1932_cluster - s97,source_to_storage,storage,N,,,GL,75.0,GL,0.0001,s1,0,15.8095,0,50000000.0
1212,,ts18,3.0,3,7,35.639,-96.5454,uniform_ts_node,Arbuckle1,s1,OK,10229.0,-98.5544,36.3994,0.0,3,7,3,0.0,s1,ts18 - s1,ts_node_to_storage,storage,N,,,GP,75.0,GP,0.0001,s1,0,10.5514,0,50000000.0
1213,ARGOS CEMENT LLC. - ROBERTA PLANT,f1006659,2.0,3,6,33.1043,-86.7985,cement,Paluxy4,s165,AL,16568.0,-87.3213,31.4857,0.0,2,6,3,0.0,s165,f1006659 - s165,source_to_storage,storage,N,,,SE,75.0,SE,0.0002,s1,0,14.7412,0,50000000.0
1214,facility_pp_natgas_1944,fc1944_cluster,,4,8,39.7757,-104.5501,pp_natgas,,p3907,CO,,-104.79,40.6282,0.0,5,8,4,,,fc1944_cluster - p3907,source_to_demand,co2_eor,N,,,RM,75.0,RM,0.0001,s1,0,10.5514,0,50000000.0
1215,ContangoResources_LOST CABIN,f1002265,5.0,4,8,43.2811,-107.6012,ng_processing,Madison1,s118,WY,27700.0,-105.6614,43.8523,0.0,5,8,4,0.0,s118,f1002265 - s118,source_to_storage,storage,N,,,RM,75.0,RM,0.0001,s1,0,10.5514,0,50000000.0
1216,Petra Nova,fop006,2.0,3,7,29.4791,-95.6294,other_operational_facility,Frio3b,s70,TX,1193.0,-94.2397,30.2314,3.0,2,7,3,0.0,s70,fop006 - s70,source_to_storage,storage,N,,,SWCA,75.0,SWCA,0.0001,s1,0,13.9063,0,50000000.0
1217,Petra Nova,fop006,2.0,3,7,29.4791,-95.6294,other_operational_facility,Frio3a,s69,TX,1193.0,-94.2397,30.2314,3.0,2,7,3,0.0,s69,fop006 - s69,source_to_storage,storage,N,,,SWCA,75.0,SWCA,0.0001,s1,0,13.9063,0,50000000.0
1218,,nat011,2.0,3,6,32.23,-89.5,nat_co2_field,,ts52,MS,,-90.388,32.6973,0.0,2,6,3,,,nat011 - ts52,nat_co2_to_ts_node,operational_ts_node,N,Jackson Dome,,SE,75.0,SE,0.0002,s1,0,14.7412,0,50000000.0
1219,LINAM RANCH GAS PLANT,f1005641,4.0,4,8,32.6953,-103.2853,ng_processing,,p4402,TX,,-102.637,32.0038,8.0,4,7,3,,,f1005641 - p4402,source_to_demand,co2_eor,N,,,RM,75.0,RM,0.0001,s1,0,0.0,0,50000000.0
1220,MOUNTAIN CEMENT CO,f1005978,5.0,4,8,41.2611,-105.6032,cement,,p3907,CO,,-104.79,40.6282,0.0,5,8,4,,,f1005978 - p3907,source_to_demand,co2_eor,N,,,RM,75.0,RM,0.0001,s1,0,10.5514,0,50000000.0
1221,"Alto Pekin, LLC",f1000413,1.0,2,3,40.555,-89.6628,ethanol,,ts28,IL,,-88.8466,41.1859,0.0,1,3,2,,,f1000413 - ts28,source_to_ts_node,uniform_ts_node,N,,,GL,75.0,GL,0.0001,s1,0,15.8095,0,50000000.0
1222,HOLCIM INCORPORATED,f1002204,3.0,3,7,34.7675,-96.6965,cement,,ts18,OK,,-96.5454,35.639,0.0,3,7,3,,,f1002204 - ts18,source_to_ts_node,uniform_ts_node,N,,,GP,75.0,GP,0.0001,s1,0,10.5514,0,50000000.0
1223,LINAM RANCH GAS PLANT,f1005641,4.0,4,8,32.6953,-103.2853,ng_processing,,p4410,TX,,-102.699,31.9612,8.0,4,7,3,,,f1005641 - p4410,source_to_demand,co2_eor,N,,,RM,75.0,RM,0.0001,s1,0,0.0,0,50000000.0
1224,facility_pp_natgas_1959,fc1959_cluster,,4,9,34.3325,-118.2969,pp_natgas,,ts3,CA,,-117.6761,33.6122,0.0,7,9,4,,,fc1959_cluster - ts3,source_to_ts_node,uniform_ts_node,N,,,SWCA,75.0,SWCA,0.0001,s1,0,13.9063,0,50000000.0
1225,ContangoResources_LOST CABIN,f1002265,5.0,4,8,43.2811,-107.6012,ng_processing,Nugget2,s154,WY,22707.0,-108.4889,41.8307,0.0,5,8,4,0.0,s154,f1002265 - s154,source_to_storage,storage,N,,,RM,75.0,RM,0.0001,s1,0,10.5514,0,50000000.0
1226,WEST FRENCHIE DRAW AMINE PLANT,f1004110,5.0,4,8,43.2873,-107.6215,ng_processing,Madison1,s118,WY,27700.0,-105.6614,43.8523,0.0,5,8,4,0.0,s118,f1004110 - s118,source_to_storage,storage,N,,,RM,75.0,RM,0.0001,s1,0,10.5514,0,50000000.0
1227,WEST FRENCHIE DRAW AMINE PLANT,f1004110,5.0,4,8,43.2873,-107.6215,ng_processing,Nugget2,s154,WY,22707.0,-108.4889,41.8307,0.0,5,8,4,0.0,s154,f1004110 - s154,source_to_storage,storage,N,,,RM,75.0,RM,0.0001,s1,0,10.5514,0,50000000.0
1228,facility_pp_coal_1923,fc1923_cluster,,4,8,40.8837,-108.3435,pp_coal,,ts55,CO,,-108.8773,40.0975,0.0,5,8,4,,,fc1923_cluster - ts55,source_to_ts_node,operational_ts_node,N,,,RM,75.0,RM,0.0001,s1,0,10.5514,0,50000000.0
1229,Green Plains Madison LLC,f1005170,1.0,2,3,38.68,-90.1719,ethanol,,ts27,IL,,-89.1261,38.321,0.0,1,3,2,,,f1005170 - ts27,source_to_ts_node,uniform_ts_node,N,,,GL,75.0,GL,0.0001,s1,0,15.8095,0,50000000.0
1230,facility_pp_natgas_1951,fc1951_cluster,,3,7,30.6883,-96.4717,pp_natgas,Frio1,s67,TX,4855.0,-95.6624,29.7957,3.0,2,7,3,0.0,s67,fc1951_cluster - s67,source_to_storage,storage,N,,,SWCA,75.0,SWCA,0.0001,s1,0,13.9063,0,50000000.0
1231,BATTLE HORSE PLANT,f1013903,2.0,3,7,30.1619,-96.5631,ng_processing,Frio9a,s77,TX,2342.0,-96.7746,28.605,2.0,2,7,3,0.0,s77,f1013903 - s77,source_to_storage,storage,N,,,SWCA,75.0,SWCA,0.0001,s1,0,13.9063,0,50000000.0
1232,BATTLE HORSE PLANT,f1013903,2.0,3,7,30.1619,-96.5631,ng_processing,Frio9b,s78,TX,2342.0,-96.7746,28.605,2.0,2,7,3,0.0,s78,f1013903 - s78,source_to_storage,storage,N,,,SWCA,75.0,SWCA,0.0001,s1,0,13.9063,0,50000000.0
1233,_agg_nonop_ng_processing0,f_agg_nonop_ng_processing0,2.0,3,7,32.2651,-93.3868,ng_processing,Paluxy3,s164,TX,11534.0,-95.243,32.3169,6.0,2,7,3,0.0,s164,f_agg_nonop_ng_processing0 - s164,source_to_storage,storage,N,,,SE,75.0,SE,0.0002,s1,0,14.7412,0,50000000.0
1234,facility_pp_coal_1932,fc1932_cluster,,2,3,37.8836,-89.2386,pp_coal,Knox4,s95,IN,1275.0,-87.6386,38.0852,0.0,1,3,2,0.0,s95,fc1932_cluster - s95,source_to_storage,storage,N,,,GL,75.0,GL,0.0001,s1,0,15.8095,0,50000000.0
1235,,ts27,1.0,2,3,38.321,-89.1261,uniform_ts_node,Knox4,s95,IN,1275.0,-87.6386,38.0852,0.0,1,3,2,0.0,s95,ts27 - s95,ts_node_to_storage,storage,N,,,GL,75.0,GL,0.0001,s1,0,15.8095,0,50000000.0
1236,THE ANDERSONS MARATHON HOLDINGS LLC OH,f1000035,1.0,2,3,40.0811,-84.5917,ethanol,,ts32,IN,,-85.0039,40.9117,0.0,1,3,2,,,f1000035 - ts32,source_to_ts_node,uniform_ts_node,N,,,GL,75.0,GL,0.0001,s1,0,15.8095,0,50000000.0
1237,ASH GROVE CEMENT COMPANY-MONTANA CITY,f1002531,6.0,4,8,46.5445,-111.9206,cement,Basal Cambrian1,s7,MT,8799.0,-111.3409,48.4353,0.0,6,8,4,0.0,s7,f1002531 - s7,source_to_storage,storage,N,,,RM,75.0,RM,0.0001,s1,0,10.5514,0,50000000.0
1238,"Lone Star Industries, Inc. /dba/ BUZZI UNICEM USA",f1006110,4.0,3,7,32.25,-100.4583,cement,,p4406,TX,,-101.518,32.2604,8.0,4,7,3,,,f1006110 - p4406,source_to_demand,co2_eor,N,,,SWCA,75.0,SWCA,0.0001,s1,0,13.9063,0,50000000.0
1239,CalPortland Company Mojave Plant,f1006842,7.0,4,9,35.0272,-118.3142,cement,Domengine1,s47,CA,2069.0,-121.3697,38.0495,0.0,7,9,4,0.0,s47,f1006842 - s47,source_to_storage,storage,N,,,SWCA,75.0,SWCA,0.0001,s1,0,13.9063,0,50000000.0
1240,Archer Daniels Midland Co.,f1005661,1.0,2,3,39.8675,-88.885,ethanol,Knox2,s93,IL,5560.0,-88.4987,38.1531,0.0,1,3,2,0.0,s93,f1005661 - s93,source_to_storage,storage,N,,0.0,GL,75.0,GL,0.0001,s1,0,15.8095,0,50000000.0
1241,_agg_nonop_ng_processing3,f_agg_nonop_ng_processing3,4.0,3,7,31.864,-101.8104,ng_processing,Canyon3,s19,TX,49915.0,-102.4566,31.7628,8.0,4,7,3,0.0,s19,f_agg_nonop_ng_processing3 - s19,source_to_storage,storage,N,,,SWCA,75.0,SWCA,0.0001,s1,0,13.9063,0,50000000.0
1242,VERDIGRIS PLT,f1002275,3.0,3,7,36.2335,-95.7191,ammonia,,ts18,OK,,-96.5454,35.639,0.0,3,7,3,,,f1002275 - ts18,source_to_ts_node,uniform_ts_node,N,,,GP,75.0,GP,0.0001,s1,0,10.5514,0,50000000.0
1243,facility_pp_natgas_1955,fc1955_cluster,,3,7,30.44,-92.9786,pp_natgas,Frio5,s72,TX,323.0,-94.046,29.782,3.0,2,7,3,0.0,s72,fc1955_cluster - s72,source_to_storage,storage,N,,,SE,75.0,SE,0.0002,s1,0,14.7412,0,50000000.0
1244,Hereford Ethanol Partners LP,f1000352,3.0,3,7,34.85,-102.2868,ethanol,Canyon3,s19,TX,49915.0,-102.4566,31.7628,8.0,4,7,3,0.0,s19,f1000352 - s19,source_to_storage,storage,N,,,SWCA,75.0,SWCA,0.0001,s1,0,13.9063,0,50000000.0
1245,facility_pp_natgas_1954,fc1954_cluster,,3,7,36.1295,-95.6146,pp_natgas,,ts18,OK,,-96.5454,35.639,0.0,3,7,3,,,fc1954_cluster - ts18,source_to_ts_node,uniform_ts_node,N,,,GP,75.0,GP,0.0001,s1,0,10.5514,0,50000000.0
1246,_agg_nonop_ng_processing3,f_agg_nonop_ng_processing3,4.0,3,7,31.864,-101.8104,ng_processing,Queen1,s170,TX,51294.0,-101.642,34.6805,10.0,3,7,3,0.0,s170,f_agg_nonop_ng_processing3 - s170,source_to_storage,storage,N,,,SWCA,75.0,SWCA,0.0001,s1,0,13.9063,0,50000000.0
1247,_agg_nonop_ng_processing3,f_agg_nonop_ng_processing3,4.0,3,7,31.864,-101.8104,ng_processing,Seven Rivers1,s191,NM,9346.0,-103.6189,32.9649,4.0,4,8,4,0.0,s191,f_agg_nonop_ng_processing3 - s191,source_to_storage,storage,N,,,SWCA,75.0,SWCA,0.0001,s1,0,13.9063,0,50000000.0
1248,_agg_nonop_ng_processing3,f_agg_nonop_ng_processing3,4.0,3,7,31.864,-101.8104,ng_processing,Atoka1,s5,TX,51294.0,-102.444,31.7932,8.0,4,7,3,0.0,s5,f_agg_nonop_ng_processing3 - s5,source_to_storage,storage,N,,,SWCA,75.0,SWCA,0.0001,s1,0,13.9063,0,50000000.0
1249,_agg_nonop_ng_processing3,f_agg_nonop_ng_processing3,4.0,3,7,31.864,-101.8104,ng_processing,Leonard1,s99,TX,51294.0,-102.444,31.7932,8.0,4,7,3,0.0,s99,f_agg_nonop_ng_processing3 - s99,source_to_storage,storage,N,,,SWCA,75.0,SWCA,0.0001,s1,0,13.9063,0,50000000.0
1250,_agg_nonop_ng_processing3,f_agg_nonop_ng_processing3,4.0,3,7,31.864,-101.8104,ng_processing,Strawn1,s205,TX,51068.0,-102.444,31.7932,8.0,4,7,3,0.0,s205,f_agg_nonop_ng_processing3 - s205,source_to_storage,storage,N,,,SWCA,75.0,SWCA,0.0001,s1,0,13.9063,0,50000000.0
1251,_agg_nonop_ng_processing3,f_agg_nonop_ng_processing3,4.0,3,7,31.864,-101.8104,ng_processing,Fusselman1,s86,TX,51068.0,-102.444,31.7932,8.0,4,7,3,0.0,s86,f_agg_nonop_ng_processing3 - s86,source_to_storage,storage,N,,,SWCA,75.0,SWCA,0.0001,s1,0,13.9063,0,50000000.0
1252,facility_pp_natgas_1952,fc1952_cluster,,3,7,32.316,-102.1839,pp_natgas,,ts48,TX,,-101.2617,32.7688,81.0,4,7,3,,,fc1952_cluster - ts48,source_to_ts_node,operational_ts_node,N,,,SWCA,75.0,SWCA,0.0001,s1,0,13.9063,0,50000000.0
1253,facility_pp_coal_1930,fc1930_cluster,,2,3,38.5296,-87.4916,pp_coal,Mount Simon11,s144,KY,10350.0,-84.5965,38.2913,0.0,1,6,3,0.0,s144,fc1930_cluster - s144,source_to_storage,storage,N,,,GL,75.0,GL,0.0001,s1,0,15.8095,0,50000000.0
1254,"CEMEX Construction Materials South, LLC",f1007663,2.0,3,7,29.675,-98.1828,cement,,ts72,TX,,-97.5,29.0,2.0,2,7,3,,,f1007663 - ts72,source_to_ts_node,uniform_ts_node,N,,,SWCA,75.0,SWCA,0.0001,s1,0,13.9063,0,50000000.0
1255,CEMEX Construction Materials Pacific LLC,f1002308,7.0,4,9,34.3965,-117.15,cement,,ts3,CA,,-117.6761,33.6122,0.0,7,9,4,,,f1002308 - ts3,source_to_ts_node,uniform_ts_node,N,,,SWCA,75.0,SWCA,0.0001,s1,0,13.9063,0,50000000.0
1256,LAS TIENDAS PLANT,f1010735,2.0,3,7,27.9605,-98.5941,ng_processing,Frio9a,s77,TX,2342.0,-96.7746,28.605,2.0,2,7,3,0.0,s77,f1010735 - s77,source_to_storage,storage,N,,,SWCA,75.0,SWCA,0.0001,s1,0,13.9063,0,50000000.0
1257,LAS TIENDAS PLANT,f1010735,2.0,3,7,27.9605,-98.5941,ng_processing,Frio9b,s78,TX,2342.0,-96.7746,28.605,2.0,2,7,3,0.0,s78,f1010735 - s78,source_to_storage,storage,N,,,SWCA,75.0,SWCA,0.0001,s1,0,13.9063,0,50000000.0
1258,ASH GROVE CEMENT-FOREMAN,f1007606,3.0,3,7,33.6936,-94.4166,cement,,ts67,AR,,-93.5084,33.2042,0.0,3,7,3,,,f1007606 - ts67,source_to_ts_node,uniform_ts_node,N,,,SE,75.0,SE,0.0002,s1,0,14.7412,0,50000000.0
1259,SHUTE CREEK FACILITY,f1002150,5.0,4,8,41.887,-110.0945,ng_processing,Morrison7,s131,UT,8007.0,-110.0577,39.9471,0.0,5,8,4,0.0,s131,f1002150 - s131,source_to_storage,storage,N,,,RM,75.0,RM,0.0001,s1,0,10.5514,0,50000000.0
1260,Century Plant,f1004301,4.0,3,7,30.6082,-102.5785,ng_processing,,ts49,TX,,-102.0845,31.404,73.0,4,7,3,,,f1004301 - ts49,source_to_ts_node,operational_ts_node,N,,,SWCA,75.0,SWCA,0.0001,s1,0,13.9063,0,50000000.0
1261,,ts55,5.0,4,8,40.0975,-108.8773,operational_ts_node,Nugget2,s154,WY,22707.0,-108.4889,41.8307,0.0,5,8,4,0.0,s154,ts55 - s154,ts_node_to_storage,storage,N,,,RM,75.0,RM,0.0001,s1,0,10.5514,0,50000000.0
1262,,ts71,3.0,2,4,41.4985,-103.1277,uniform_ts_node,Lyons2,s112,CO,2784.0,-103.683,40.1835,0.0,5,8,4,0.0,s112,ts71 - s112,ts_node_to_storage,storage,N,,,GP,75.0,GP,0.0001,s1,0,10.5514,0,50000000.0
1263,,ts71,3.0,2,4,41.4985,-103.1277,uniform_ts_node,Fountain2b,s66,CO,2794.0,-103.683,40.1835,0.0,5,8,4,0.0,s66,ts71 - s66,ts_node_to_storage,storage,N,,,GP,75.0,GP,0.0001,s1,0,10.5514,0,50000000.0
1264,,ts71,3.0,2,4,41.4985,-103.1277,uniform_ts_node,Fountain2a,s65,CO,2794.0,-103.683,40.1835,0.0,5,8,4,0.0,s65,ts71 - s65,ts_node_to_storage,storage,N,,,GP,75.0,GP,0.0001,s1,0,10.5514,0,50000000.0
1265,Dyno Nobel Louisiana Ammonia LLC,f1012698,2.0,3,7,29.9648,-90.2646,ammonia,,ts45,LA,,-90.7576,30.7654,0.0,2,7,3,,,f1012698 - ts45,source_to_ts_node,operational_ts_node,N,,,SE,75.0,SE,0.0002,s1,0,14.7412,0,50000000.0
1266,TARGA PEMBROOK GAS PROCESSING PLANT,f1011558,4.0,3,7,31.6327,-101.8433,ng_processing,Canyon3,s19,TX,49915.0,-102.4566,31.7628,8.0,4,7,3,0.0,s19,f1011558 - s19,source_to_storage,storage,N,,,SWCA,75.0,SWCA,0.0001,s1,0,13.9063,0,50000000.0
1267,E ENERGY ADAMS,f1002962,3.0,2,4,40.4842,-96.5459,ethanol,,ts20,NE,,-96.5899,41.3846,0.0,3,4,2,,,f1002962 - ts20,source_to_ts_node,uniform_ts_node,N,,,GP,75.0,GP,0.0001,s1,0,10.5514,0,50000000.0
1268,HOLCIM (US) INC STE GENEVIEVE PLANT,f1007563,3.0,2,4,38.1099,-90.2579,cement,,ts27,IL,,-89.1261,38.321,0.0,1,3,2,,,f1007563 - ts27,source_to_ts_node,uniform_ts_node,N,,,GP,75.0,GP,0.0001,s1,0,10.5514,0,50000000.0
1269,Holcim (US) Inc. - Portland Plant,f1003008,5.0,4,8,38.3286,-105.009,cement,Fountain1b,s64,CO,5044.0,-104.6681,40.1597,0.0,5,8,4,0.0,s64,f1003008 - s64,source_to_storage,storage,N,,,RM,75.0,RM,0.0001,s1,0,10.5514,0,50000000.0
1270,,ts59,5.0,4,8,40.1656,-103.5956,uniform_ts_node,Dakota9,s44,WY,5028.0,-104.5313,41.6629,0.0,5,8,4,0.0,s44,ts59 - s44,ts_node_to_storage,storage,N,,,RM,75.0,RM,0.0001,s1,0,10.5514,0,50000000.0
1271,,ts59,5.0,4,8,40.1656,-103.5956,uniform_ts_node,Entrada6,s55,WY,5028.0,-104.5313,41.6629,0.0,5,8,4,0.0,s55,ts59 - s55,ts_node_to_storage,storage,N,,,RM,75.0,RM,0.0001,s1,0,10.5514,0,50000000.0
1272,"CF INDUSTRIES NITROGEN, LLC - DONALDSONVILLE NITROGEN COMPLEX",f1002301,2.0,3,7,30.0869,-90.9579,ammonia,Lower Tuscaloosa9,s109,MS,8003.0,-90.0943,31.3641,0.0,2,6,3,0.0,s109,f1002301 - s109,source_to_storage,storage,N,,,SE,75.0,SE,0.0002,s1,0,14.7412,0,50000000.0
1273,_agg_nonop_ng_processing6,f_agg_nonop_ng_processing6,2.0,3,7,28.6904,-97.8005,ng_processing,,p4733,TX,,-97.3119,27.8798,4.0,2,7,3,,,f_agg_nonop_ng_processing6 - p4733,source_to_demand,co2_eor,N,,,SWCA,75.0,SWCA,0.0001,s1,0,13.9063,0,50000000.0
1274,facility_pp_natgas_1950,fc1950_cluster,,3,7,35.3237,-97.6598,pp_natgas,,p5505,OK,,-97.2641,36.1753,0.0,3,7,3,,,fc1950_cluster - p5505,source_to_demand,co2_eor,N,,,GP,75.0,GP,0.0001,s1,0,10.5514,0,50000000.0
1275,Valero Bloominburg Plant,f1002989,1.0,2,3,39.5975,-83.3904,ethanol,Mount Simon11,s144,KY,10350.0,-84.5965,38.2913,0.0,1,6,3,0.0,s144,f1002989 - s144,source_to_storage,storage,N,,,GL,75.0,GL,0.0001,s1,0,15.8095,0,50000000.0
1276,facility_pp_natgas_1977,fc1977_cluster,,3,6,32.8966,-89.0562,pp_natgas,Eutaw2,s60,AL,8478.0,-87.6484,31.182,0.0,2,6,3,0.0,s60,fc1977_cluster - s60,source_to_storage,storage,N,,,SE,75.0,SE,0.0002,s1,0,14.7412,0,50000000.0
1277,facility_pp_natgas_1952,fc1952_cluster,,3,7,32.316,-102.1839,pp_natgas,,ts49,TX,,-102.0845,31.404,73.0,4,7,3,,,fc1952_cluster - ts49,source_to_ts_node,operational_ts_node,N,,,SWCA,75.0,SWCA,0.0001,s1,0,13.9063,0,50000000.0
1278,RIVER CEMENT COMPANY DBA BUZZI UNICEM USA,f1003002,3.0,2,4,38.1804,-90.3366,cement,Knox2,s93,IL,5560.0,-88.4987,38.1531,0.0,1,3,2,0.0,s93,f1003002 - s93,source_to_storage,storage,N,,,GP,75.0,GP,0.0001,s1,0,10.5514,0,50000000.0
1279,_agg_nonop_ng_processing8,f_agg_nonop_ng_processing8,2.0,3,7,28.3253,-98.9059,ng_processing,Frio2,s68,TX,4357.0,-97.9289,27.5054,4.0,2,7,3,0.0,s68,f_agg_nonop_ng_processing8 - s68,source_to_storage,storage,N,,,SWCA,75.0,SWCA,0.0001,s1,0,13.9063,0,50000000.0
1280,,ts1,7.0,4,9,38.4485,-122.9892,uniform_ts_node,Starkey1,s203,CA,2069.0,-121.3697,38.0495,0.0,7,9,4,0.0,s203,ts1 - s203,ts_node_to_storage,storage,N,,,SWCA,75.0,SWCA,0.0001,s1,0,13.9063,0,50000000.0
1281,,ts1,7.0,4,9,38.4485,-122.9892,uniform_ts_node,Mokelumne River1,s124,CA,2069.0,-121.3697,38.0495,0.0,7,9,4,0.0,s124,ts1 - s124,ts_node_to_storage,storage,N,,,SWCA,75.0,SWCA,0.0001,s1,0,13.9063,0,50000000.0
1282,,ts1,7.0,4,9,38.4485,-122.9892,uniform_ts_node,Winters1a,s223,CA,2069.0,-121.3697,38.0495,0.0,7,9,4,0.0,s223,ts1 - s223,ts_node_to_storage,storage,N,,,SWCA,75.0,SWCA,0.0001,s1,0,13.9063,0,50000000.0
1283,,ts1,7.0,4,9,38.4485,-122.9892,uniform_ts_node,Winters1b,s224,CA,2069.0,-121.3697,38.0495,0.0,7,9,4,0.0,s224,ts1 - s224,ts_node_to_storage,storage,N,,,SWCA,75.0,SWCA,0.0001,s1,0,13.9063,0,50000000.0
1284,HOLCIM (US) INC. DEVIL\S SLIDE PLANT,f1004131,5.0,4,8,41.0633,-111.5317,cement,Nugget2,s154,WY,22707.0,-108.4889,41.8307,0.0,5,8,4,0.0,s154,f1004131 - s154,source_to_storage,storage,N,,,RM,75.0,RM,0.0001,s1,0,10.5514,0,50000000.0
1285,Hobbs Generating Sta,fpp56458.0CHW-T,4.0,4,8,32.728,-103.309,pp_natgas,,p4402,TX,,-102.637,32.0038,8.0,4,7,3,,,fpp56458.0CHW-T - p4402,source_to_demand,co2_eor,N,,,RM,75.0,RM,0.0001,s1,0,10.5514,0,50000000.0
1286,CONVERSE CENTRAL FACILITY,f1009181,2.0,3,7,31.9551,-93.6817,ng_processing,Paluxy2,s163,TX,8108.0,-95.4206,32.2673,6.0,2,7,3,0.0,s163,f1009181 - s163,source_to_storage,storage,N,,,SE,75.0,SE,0.0002,s1,0,14.7412,0,50000000.0
1287,TARGA PEMBROOK GAS PROCESSING PLANT,f1011558,4.0,3,7,31.6327,-101.8433,ng_processing,Strawn1,s205,TX,51068.0,-102.444,31.7932,8.0,4,7,3,0.0,s205,f1011558 - s205,source_to_storage,storage,N,,,SWCA,75.0,SWCA,0.0001,s1,0,13.9063,0,50000000.0
1288,TARGA PEMBROOK GAS PROCESSING PLANT,f1011558,4.0,3,7,31.6327,-101.8433,ng_processing,Seven Rivers1,s191,NM,9346.0,-103.6189,32.9649,4.0,4,8,4,0.0,s191,f1011558 - s191,source_to_storage,storage,N,,,SWCA,75.0,SWCA,0.0001,s1,0,13.9063,0,50000000.0
1289,TARGA PEMBROOK GAS PROCESSING PLANT,f1011558,4.0,3,7,31.6327,-101.8433,ng_processing,Queen1,s170,TX,51294.0,-101.642,34.6805,10.0,3,7,3,0.0,s170,f1011558 - s170,source_to_storage,storage,N,,,SWCA,75.0,SWCA,0.0001,s1,0,13.9063,0,50000000.0
1290,TARGA PEMBROOK GAS PROCESSING PLANT,f1011558,4.0,3,7,31.6327,-101.8433,ng_processing,Leonard1,s99,TX,51294.0,-102.444,31.7932,8.0,4,7,3,0.0,s99,f1011558 - s99,source_to_storage,storage,N,,,SWCA,75.0,SWCA,0.0001,s1,0,13.9063,0,50000000.0
1291,TARGA PEMBROOK GAS PROCESSING PLANT,f1011558,4.0,3,7,31.6327,-101.8433,ng_processing,Fusselman1,s86,TX,51068.0,-102.444,31.7932,8.0,4,7,3,0.0,s86,f1011558 - s86,source_to_storage,storage,N,,,SWCA,75.0,SWCA,0.0001,s1,0,13.9063,0,50000000.0
1292,TARGA PEMBROOK GAS PROCESSING PLANT,f1011558,4.0,3,7,31.6327,-101.8433,ng_processing,Atoka1,s5,TX,51294.0,-102.444,31.7932,8.0,4,7,3,0.0,s5,f1011558 - s5,source_to_storage,storage,N,,,SWCA,75.0,SWCA,0.0001,s1,0,13.9063,0,50000000.0
1293,BULLDOG GAS PLANT (PANOLA III),f1013924,2.0,3,7,32.1456,-94.2688,ng_processing,Paluxy1,s162,TX,409.0,-95.4224,32.4907,6.0,2,7,3,0.0,s162,f1013924 - s162,source_to_storage,storage,N,,,SWCA,75.0,SWCA,0.0001,s1,0,13.9063,0,50000000.0
1294,_agg_nonop_ng_processing3,f_agg_nonop_ng_processing3,4.0,3,7,31.864,-101.8104,ng_processing,,p4412,TX,,-102.841,31.5659,8.0,4,7,3,,,f_agg_nonop_ng_processing3 - p4412,source_to_demand,co2_eor,N,,,SWCA,75.0,SWCA,0.0001,s1,0,13.9063,0,50000000.0
1295,Green Plains Mount Vernon LLC,f1003377,1.0,2,3,37.9098,-87.7265,ethanol,Mount Simon11,s144,KY,10350.0,-84.5965,38.2913,0.0,1,6,3,0.0,s144,f1003377 - s144,source_to_storage,storage,N,,,GL,75.0,GL,0.0001,s1,0,15.8095,0,50000000.0
1296,TXI Hunter Cement Plant,f1007621,2.0,3,7,29.7999,-98.0365,cement,,ts72,TX,,-97.5,29.0,2.0,2,7,3,,,f1007621 - ts72,source_to_ts_node,uniform_ts_node,N,,,SWCA,75.0,SWCA,0.0001,s1,0,13.9063,0,50000000.0
1297,Hobbs Generating Sta,fpp56458.0CHW-T,4.0,4,8,32.728,-103.309,pp_natgas,,p4410,TX,,-102.699,31.9612,8.0,4,7,3,,,fpp56458.0CHW-T - p4410,source_to_demand,co2_eor,N,,,RM,75.0,RM,0.0001,s1,0,10.5514,0,50000000.0
1298,"Lone Star Industries, Inc. /dba/ BUZZI UNICEM USA",f1006110,4.0,3,7,32.25,-100.4583,cement,,p4405,TX,,-101.283,32.8612,81.0,4,7,3,,,f1006110 - p4405,source_to_demand,co2_eor,N,,,SWCA,75.0,SWCA,0.0001,s1,0,13.9063,0,50000000.0
1299,Oklahoma Carbon Hub-EOR,fop004,3.0,3,7,36.7611,-96.7128,other_operational_facility,,p6004,OK,,-96.259,35.9157,0.0,3,7,3,,,fop004 - p6004,source_to_demand,co2_eor,N,,,GP,75.0,GP,0.0001,s1,0,0.0,0,50000000.0
1300,"GCC Permian, LLC",f1006363,4.0,3,7,31.7037,-102.3922,cement,,p4406,TX,,-101.518,32.2604,8.0,4,7,3,,,f1006363 - p4406,source_to_demand,co2_eor,N,,,SWCA,75.0,SWCA,0.0001,s1,0,13.9063,0,50000000.0
1301,,ts45,2.0,3,7,30.7654,-90.7576,operational_ts_node,Lower Tuscaloosa8,s108,MS,13379.0,-89.9133,32.3322,0.0,2,6,3,0.0,s108,ts45 - s108,ts_node_to_storage,storage,N,,,SE,75.0,SE,0.0002,s1,0,14.7412,0,50000000.0
1302,ORLA GAS PLANT,f1013400,4.0,3,7,31.8094,-103.8952,ng_processing,,p4412,TX,,-102.841,31.5659,8.0,4,7,3,,,f1013400 - p4412,source_to_demand,co2_eor,N,,,SWCA,75.0,SWCA,0.0001,s1,0,13.9063,0,50000000.0
1303,BATTLEFIELD GAS PLANT,f1009840,2.0,3,7,31.9678,-93.6731,ng_processing,Paluxy2,s163,TX,8108.0,-95.4206,32.2673,6.0,2,7,3,0.0,s163,f1009840 - s163,source_to_storage,storage,N,,,SE,75.0,SE,0.0002,s1,0,14.7412,0,50000000.0
1304,Century Plant,f1004301,4.0,3,7,30.6082,-102.5785,ng_processing,,hsm_cent4,,,-103.5087,31.0875,,4,7,3,,,f1004301 - hsm_cent4,source_to_hsm_cent,hsm_centroid,Y,,5000000.0,SWCA,75.0,SWCA,0.0001,s1,0,13.9063,0,50000000.0
1305,Holcim (US) INC JOPPA PLANT,f1000243,1.0,2,3,37.2168,-88.8798,cement,Mount Simon3,s136,IL,20633.0,-89.239,39.9199,0.0,1,3,2,0.0,s136,f1000243 - s136,source_to_storage,storage,N,,,GL,75.0,GL,0.0001,s1,0,15.8095,0,50000000.0
1306,POET Biorefining-Chancellor,f1004526,6.0,2,4,43.3702,-96.9581,ethanol,,ts21,SD,,-96.615,44.2654,0.0,6,4,2,,,f1004526 - ts21,source_to_ts_node,uniform_ts_node,N,,,GP,75.0,GP,0.0001,s1,0,10.5514,0,50000000.0
1307,"RED TRAIL ENERGY, LLC",f1001157,6.0,2,4,46.8786,-102.296,ethanol,Madison Gp-Mission Canyon3,s116,SD,10420.0,-102.7355,45.3349,0.0,6,4,2,0.0,s116,f1001157 - s116,source_to_storage,storage,N,,0.0,GP,75.0,GP,0.0001,s1,0,10.5514,0,50000000.0
1308,Argos Cement LLC,f1005458,2.0,3,5,29.6907,-82.5821,cement,Eutaw3,s61,FL,13014.0,-85.4061,30.5037,0.0,2,5,3,0.0,s61,f1005458 - s61,source_to_storage,storage,N,,,SE,75.0,SE,0.0002,s1,0,14.7412,0,50000000.0
1309,"RED TRAIL ENERGY, LLC",f1001157,6.0,2,4,46.8786,-102.296,ethanol,Red River1,s172,ND,55614.0,-101.1361,47.6146,0.0,6,4,2,0.0,s172,f1001157 - s172,source_to_storage,storage,Y,,5000000.0,GP,75.0,GP,0.0001,s1,0,10.5514,0,50000000.0
1310,facility_pp_natgas_1952,fc1952_cluster,,3,7,32.316,-102.1839,pp_natgas,,p4405,TX,,-101.283,32.8612,81.0,4,7,3,,,fc1952_cluster - p4405,source_to_demand,co2_eor,N,,,SWCA,75.0,SWCA,0.0001,s1,0,13.9063,0,50000000.0
1311,ASH GROVE CEMENT COMPANY-DURKEE,f1002527,7.0,4,9,44.5423,-117.4205,cement,,ts12,OR,,-117.3894,45.4748,0.0,7,9,4,,,f1002527 - ts12,source_to_ts_node,uniform_ts_node,N,,,PN,75.0,PN,0.0002,s1,0,14.7412,0,50000000.0
1312,facility_pp_natgas_1952,fc1952_cluster,,3,7,32.316,-102.1839,pp_natgas,,p4412,TX,,-102.841,31.5659,8.0,4,7,3,,,fc1952_cluster - p4412,source_to_demand,co2_eor,N,,,SWCA,75.0,SWCA,0.0001,s1,0,13.9063,0,50000000.0
1313,MT. OLIVE GAS PLANT,f1012151,2.0,3,7,32.5742,-92.6816,ng_processing,,ts67,AR,,-93.5084,33.2042,0.0,3,7,3,,,f1012151 - ts67,source_to_ts_node,uniform_ts_node,N,,,SE,75.0,SE,0.0002,s1,0,14.7412,0,50000000.0
1314,GREEN PLAINS OBION LLC,f1006364,1.0,3,6,36.283,-89.1476,ethanol,Knox1,s92,IL,10500.0,-88.8089,38.8847,0.0,1,3,2,0.0,s92,f1006364 - s92,source_to_storage,storage,N,,,SE,75.0,SE,0.0002,s1,0,14.7412,0,50000000.0
1315,facility_ethanol_1919,fc1919_cluster,,3,6,36.283,-89.1476,ethanol,Knox1,s92,IL,10500.0,-88.8089,38.8847,0.0,1,3,2,0.0,s92,fc1919_cluster - s92,source_to_storage,storage,N,,,SE,75.0,SE,0.0002,s1,0,14.7412,0,50000000.0
1316,EAGLE-1 GAS PLANT,f1010118,2.0,3,7,29.1351,-96.6591,ng_processing,Frio8,s76,TX,1200.0,-95.0137,29.322,3.0,2,7,3,0.0,s76,f1010118 - s76,source_to_storage,storage,N,,,SWCA,75.0,SWCA,0.0001,s1,0,13.9063,0,50000000.0
1317,KOSMOS CEMENT CO,f1007997,1.0,3,6,38.0347,-85.906,cement,Knox4,s95,IN,1275.0,-87.6386,38.0852,0.0,1,3,2,0.0,s95,f1007997 - s95,source_to_storage,storage,N,,,SE,75.0,SE,0.0002,s1,0,14.7412,0,50000000.0
1318,facility_ethanol_1913,fc1913_cluster,,2,8,40.4534,-110.2953,ethanol,Nugget1,s153,CO,5877.0,-107.939,40.6116,0.0,5,8,4,0.0,s153,fc1913_cluster - s153,source_to_storage,storage,N,,,RM,75.0,RM,0.0001,s1,0,10.5514,0,50000000.0
1319,facility_beccs_2013,fc2013_cluster,,4,8,40.4534,-110.2953,beccs,Nugget1,s153,CO,5877.0,-107.939,40.6116,0.0,5,8,4,0.0,s153,fc2013_cluster - s153,source_to_storage,storage,N,,,RM,75.0,RM,0.0001,s1,0,10.5514,0,50000000.0
1320,"CF INDUSTRIES NITROGEN, LLC - DONALDSONVILLE NITROGEN COMPLEX",f1002301,2.0,3,7,30.0869,-90.9579,ammonia,Eutaw1,s59,MS,29518.0,-89.8942,31.9943,0.0,2,6,3,0.0,s59,f1002301 - s59,source_to_storage,storage,N,,,SE,75.0,SE,0.0002,s1,0,14.7412,0,50000000.0
1321,Mitsubishi Cement Corp Cushenbury Cement Plant,f1005662,7.0,4,9,34.4376,-116.891,cement,Repetto1,s174,CA,51.0,-118.1612,33.8864,0.0,7,9,4,0.0,s174,f1005662 - s174,source_to_storage,storage,N,,,SWCA,75.0,SWCA,0.0001,s1,0,13.9063,0,50000000.0
1322,Mitsubishi Cement Corp Cushenbury Cement Plant,f1005662,7.0,4,9,34.4376,-116.891,cement,Repetto3c,s180,CA,125.0,-118.1612,33.8864,0.0,7,9,4,0.0,s180,f1005662 - s180,source_to_storage,storage,N,,,SWCA,75.0,SWCA,0.0001,s1,0,13.9063,0,50000000.0
1323,Mitsubishi Cement Corp Cushenbury Cement Plant,f1005662,7.0,4,9,34.4376,-116.891,cement,Repetto3b,s179,CA,125.0,-118.1612,33.8864,0.0,7,9,4,0.0,s179,f1005662 - s179,source_to_storage,storage,N,,,SWCA,75.0,SWCA,0.0001,s1,0,13.9063,0,50000000.0
1324,Mitsubishi Cement Corp Cushenbury Cement Plant,f1005662,7.0,4,9,34.4376,-116.891,cement,Repetto2a,s175,CA,320.0,-118.1612,33.8864,0.0,7,9,4,0.0,s175,f1005662 - s175,source_to_storage,storage,N,,,SWCA,75.0,SWCA,0.0001,s1,0,13.9063,0,50000000.0
1325,Mitsubishi Cement Corp Cushenbury Cement Plant,f1005662,7.0,4,9,34.4376,-116.891,cement,Repetto2b,s176,CA,320.0,-118.1612,33.8864,0.0,7,9,4,0.0,s176,f1005662 - s176,source_to_storage,storage,N,,,SWCA,75.0,SWCA,0.0001,s1,0,13.9063,0,50000000.0
1326,Mitsubishi Cement Corp Cushenbury Cement Plant,f1005662,7.0,4,9,34.4376,-116.891,cement,Repetto2c,s177,CA,320.0,-118.1612,33.8864,0.0,7,9,4,0.0,s177,f1005662 - s177,source_to_storage,storage,N,,,SWCA,75.0,SWCA,0.0001,s1,0,13.9063,0,50000000.0
1327,Mitsubishi Cement Corp Cushenbury Cement Plant,f1005662,7.0,4,9,34.4376,-116.891,cement,Repetto3a,s178,CA,125.0,-118.1612,33.8864,0.0,7,9,4,0.0,s178,f1005662 - s178,source_to_storage,storage,N,,,SWCA,75.0,SWCA,0.0001,s1,0,13.9063,0,50000000.0
1328,Mitsubishi Cement Corp Cushenbury Cement Plant,f1005662,7.0,4,9,34.4376,-116.891,cement,Repetto3d,s181,CA,125.0,-118.1612,33.8864,0.0,7,9,4,0.0,s181,f1005662 - s181,source_to_storage,storage,N,,,SWCA,75.0,SWCA,0.0001,s1,0,13.9063,0,50000000.0
1329,CalPortland Company Rillito Plant,f1006669,5.0,4,8,32.4108,-111.1506,cement,,ts14,AZ,,-110.2396,31.8609,0.0,5,8,4,,,f1006669 - ts14,source_to_ts_node,uniform_ts_node,N,,,SWCA,75.0,SWCA,0.0001,s1,0,13.9063,0,50000000.0
1330,_agg_nonop_ng_processing0,f_agg_nonop_ng_processing0,2.0,3,7,32.2651,-93.3868,ng_processing,,ts67,AR,,-93.5084,33.2042,0.0,3,7,3,,,f_agg_nonop_ng_processing0 - ts67,source_to_ts_node,uniform_ts_node,N,,,SE,75.0,SE,0.0002,s1,0,14.7412,0,50000000.0
1331,LANCASTER RANCH COMPRESSOR STATION AND TREATING FACILITY,f1010032,2.0,3,7,28.726,-99.038,ng_processing,,hsm_cent2,,,-99.0523,29.6782,,2,7,3,,,f1010032 - hsm_cent2,source_to_hsm_cent,hsm_centroid,Y,,20583.2,SWCA,75.0,SWCA,0.0001,s1,0,13.9063,0,50000000.0
1332,,ts67,3.0,3,7,33.2042,-93.5084,uniform_ts_node,Paluxy2,s163,TX,8108.0,-95.4206,32.2673,6.0,2,7,3,0.0,s163,ts67 - s163,ts_node_to_storage,storage,N,,,SE,75.0,SE,0.0002,s1,0,14.7412,0,50000000.0
1333,Air Products Port Arthur Facility,f1006402,2.0,3,7,29.866,-93.967,ammonia,,p4701,TX,,-95.0593,29.8337,3.0,2,7,3,,,f1006402 - p4701,source_to_demand,co2_eor,N,,,SWCA,75.0,SWCA,0.0001,s1,0,0.0,0,50000000.0
1334,THE ANDERSONS MARATHON HOLDINGS LLC OH,f1000035,1.0,2,3,40.0811,-84.5917,ethanol,Mount Simon11,s144,KY,10350.0,-84.5965,38.2913,0.0,1,6,3,0.0,s144,f1000035 - s144,source_to_storage,storage,N,,,GL,75.0,GL,0.0001,s1,0,15.8095,0,50000000.0
1335,Core Energy CO2-EOR,f1010117,1.0,2,3,45.113,-84.652,ng_processing,,hsm_cent1,,,-85.3828,44.3178,,1,3,2,,,f1010117 - hsm_cent1,source_to_hsm_cent,hsm_centroid,Y,,400000.0,GL,75.0,GL,0.0001,s1,0,15.8095,0,50000000.0
1336,WE HEREFORD LLC,f1004799,3.0,3,7,34.8219,-102.3704,ethanol,Seven Rivers2,s192,TX,51068.0,-102.4437,31.7932,8.0,4,7,3,0.0,s192,f1004799 - s192,source_to_storage,storage,N,,,SWCA,75.0,SWCA,0.0001,s1,0,13.9063,0,50000000.0
1337,WE HEREFORD LLC,f1004799,3.0,3,7,34.8219,-102.3704,ethanol,Leonard2,s100,NM,9346.0,-103.619,32.9469,4.0,4,8,4,0.0,s100,f1004799 - s100,source_to_storage,storage,N,,,SWCA,75.0,SWCA,0.0001,s1,0,13.9063,0,50000000.0
1338,WE HEREFORD LLC,f1004799,3.0,3,7,34.8219,-102.3704,ethanol,Queen2,s171,NM,9346.0,-103.846,34.6309,4.0,4,8,4,0.0,s171,f1004799 - s171,source_to_storage,storage,N,,,SWCA,75.0,SWCA,0.0001,s1,0,13.9063,0,50000000.0
1339,NACOGDOCHES AMINE AND DEHYDRATION PLANT,f1013396,2.0,3,7,31.4888,-94.6387,ng_processing,Frio1,s67,TX,4855.0,-95.6624,29.7957,3.0,2,7,3,0.0,s67,f1013396 - s67,source_to_storage,storage,N,,,SWCA,75.0,SWCA,0.0001,s1,0,13.9063,0,50000000.0
1340,facility_cement_2000,fc2000_cluster,,2,3,40.74,-86.0745,cement,Mount Simon6,s139,IN,29370.0,-86.0531,40.2057,0.0,1,3,2,0.0,s139,fc2000_cluster - s139,source_to_storage,storage,N,,,GL,75.0,GL,0.0001,s1,0,15.8095,0,50000000.0
1341,Green Plains Madison LLC,f1005170,1.0,2,3,38.68,-90.1719,ethanol,Knox2,s93,IL,5560.0,-88.4987,38.1531,0.0,1,3,2,0.0,s93,f1005170 - s93,source_to_storage,storage,N,,,GL,75.0,GL,0.0001,s1,0,15.8095,0,50000000.0
1342,RIVER CEMENT COMPANY DBA BUZZI UNICEM USA,f1003002,3.0,2,4,38.1804,-90.3366,cement,,ts27,IL,,-89.1261,38.321,0.0,1,3,2,,,f1003002 - ts27,source_to_ts_node,uniform_ts_node,N,,,GP,75.0,GP,0.0001,s1,0,10.5514,0,50000000.0
1343,NUGEN ENERGY LLC,f1004765,6.0,2,4,43.4339,-97.2609,ethanol,,ts21,SD,,-96.615,44.2654,0.0,6,4,2,,,f1004765 - ts21,source_to_ts_node,uniform_ts_node,N,,,GP,75.0,GP,0.0001,s1,0,10.5514,0,50000000.0
1344,facility_pp_natgas_1950,fc1950_cluster,,3,7,35.3237,-97.6598,pp_natgas,,ts18,OK,,-96.5454,35.639,0.0,3,7,3,,,fc1950_cluster - ts18,source_to_ts_node,uniform_ts_node,N,,,GP,75.0,GP,0.0001,s1,0,10.5514,0,50000000.0
1345,Central Plains Cement Company,f1007216,3.0,3,7,36.1941,-95.8117,cement,,p6001,OK,,-96.6748,35.5418,0.0,3,7,3,,,f1007216 - p6001,source_to_demand,co2_eor,N,,,GP,75.0,GP,0.0001,s1,0,10.5514,0,50000000.0
1346,"GCC RIO GRANDE, INC. TIJERAS PLANT",f1009018,4.0,4,8,35.0713,-106.3923,cement,Entrada9,s58,NM,5705.0,-107.6036,36.5049,4.0,4,8,4,0.0,s58,f1009018 - s58,source_to_storage,storage,N,,,RM,75.0,RM,0.0001,s1,0,10.5514,0,50000000.0
1347,facility_ethanol_1914,fc1914_cluster,,3,7,34.6175,-102.0948,ethanol,Queen2,s171,NM,9346.0,-103.846,34.6309,4.0,4,8,4,0.0,s171,fc1914_cluster - s171,source_to_storage,storage,N,,,SWCA,75.0,SWCA,0.0001,s1,0,13.9063,0,50000000.0
1348,facility_ethanol_1914,fc1914_cluster,,3,7,34.6175,-102.0948,ethanol,Leonard2,s100,NM,9346.0,-103.619,32.9469,4.0,4,8,4,0.0,s100,fc1914_cluster - s100,source_to_storage,storage,N,,,SWCA,75.0,SWCA,0.0001,s1,0,13.9063,0,50000000.0
1349,facility_ethanol_1914,fc1914_cluster,,3,7,34.6175,-102.0948,ethanol,Seven Rivers2,s192,TX,51068.0,-102.4437,31.7932,8.0,4,7,3,0.0,s192,fc1914_cluster - s192,source_to_storage,storage,N,,,SWCA,75.0,SWCA,0.0001,s1,0,13.9063,0,50000000.0
1350,KENEDY GAS PLANT,f1011012,2.0,3,7,28.7516,-98.0138,ng_processing,Frio10,s79,TX,2317.0,-96.5041,28.516,2.0,2,7,3,0.0,s79,f1011012 - s79,source_to_storage,storage,N,,,SWCA,75.0,SWCA,0.0001,s1,0,13.9063,0,50000000.0
1351,ADM CORN PROCESSING,f1006047,3.0,2,4,41.9192,-91.6862,ethanol,,ts24,IA,,-92.7128,41.3438,0.0,3,4,2,,,f1006047 - ts24,source_to_ts_node,uniform_ts_node,N,,,GP,75.0,GP,0.0001,s1,0,10.5514,0,50000000.0
1352,facility_pp_coal_1938,fc1938_cluster,,2,4,41.4969,-91.4426,pp_coal,,ts24,IA,,-92.7128,41.3438,0.0,3,4,2,,,fc1938_cluster - ts24,source_to_ts_node,uniform_ts_node,N,,,GP,75.0,GP,0.0001,s1,0,10.5514,0,50000000.0
1353,facility_pp_coal_1934,fc1934_cluster,,2,3,39.0042,-85.2895,pp_coal,,ts31,KY,,-85.4315,38.0578,0.0,1,6,3,,,fc1934_cluster - ts31,source_to_ts_node,uniform_ts_node,N,,,GL,75.0,GL,0.0001,s1,0,15.8095,0,50000000.0
1354,DIAMOND CRYO,f1013544,4.0,3,7,31.0039,-103.755,ng_processing,,p4412,TX,,-102.841,31.5659,8.0,4,7,3,,,f1013544 - p4412,source_to_demand,co2_eor,N,,,SWCA,75.0,SWCA,0.0001,s1,0,13.9063,0,50000000.0
1355,"CF Industries Nitrogen, LLC-Port Neal Nitrogen Complex",f1006005,3.0,2,4,42.3279,-96.3649,ammonia,,ts20,NE,,-96.5899,41.3846,0.0,3,4,2,,,f1006005 - ts20,source_to_ts_node,uniform_ts_node,N,,,GP,75.0,GP,0.0001,s1,0,10.5514,0,50000000.0
1356,facility_ethanol_1913,fc1913_cluster,,2,8,40.4534,-110.2953,ethanol,Weber3,s221,CO,5712.0,-107.8178,40.6082,0.0,5,8,4,0.0,s221,fc1913_cluster - s221,source_to_storage,storage,N,,,RM,75.0,RM,0.0001,s1,0,10.5514,0,50000000.0
1357,facility_beccs_2013,fc2013_cluster,,4,8,40.4534,-110.2953,beccs,Weber3,s221,CO,5712.0,-107.8178,40.6082,0.0,5,8,4,0.0,s221,fc2013_cluster - s221,source_to_storage,storage,N,,,RM,75.0,RM,0.0001,s1,0,10.5514,0,50000000.0
1358,facility_ethanol_1913,fc1913_cluster,,2,8,40.4534,-110.2953,ethanol,Weber2,s220,CO,5438.0,-108.3726,39.7949,0.0,5,8,4,0.0,s220,fc1913_cluster - s220,source_to_storage,storage,N,,,RM,75.0,RM,0.0001,s1,0,10.5514,0,50000000.0
1359,facility_beccs_2013,fc2013_cluster,,4,8,40.4534,-110.2953,beccs,Entrada1,s50,CO,9237.0,-108.0439,39.5866,0.0,5,8,4,0.0,s50,fc2013_cluster - s50,source_to_storage,storage,N,,,RM,75.0,RM,0.0001,s1,0,10.5514,0,50000000.0
1360,facility_ethanol_1913,fc1913_cluster,,2,8,40.4534,-110.2953,ethanol,Entrada1,s50,CO,9237.0,-108.0439,39.5866,0.0,5,8,4,0.0,s50,fc1913_cluster - s50,source_to_storage,storage,N,,,RM,75.0,RM,0.0001,s1,0,10.5514,0,50000000.0
1361,facility_beccs_2013,fc2013_cluster,,4,8,40.4534,-110.2953,beccs,Weber2,s220,CO,5438.0,-108.3726,39.7949,0.0,5,8,4,0.0,s220,fc2013_cluster - s220,source_to_storage,storage,N,,,RM,75.0,RM,0.0001,s1,0,10.5514,0,50000000.0
1362,GOLIAD GAS PLANT,f1010223,2.0,3,7,28.6181,-97.6381,ng_processing,Frio12b,s82,TX,2121.0,-97.9446,26.8571,4.0,2,7,3,0.0,s82,f1010223 - s82,source_to_storage,storage,N,,,SWCA,75.0,SWCA,0.0001,s1,0,13.9063,0,50000000.0
1363,GOLIAD GAS PLANT,f1010223,2.0,3,7,28.6181,-97.6381,ng_processing,Frio12a,s81,TX,2121.0,-97.9446,26.8571,4.0,2,7,3,0.0,s81,f1010223 - s81,source_to_storage,storage,N,,,SWCA,75.0,SWCA,0.0001,s1,0,13.9063,0,50000000.0
1364,facility_ng_processing_1987,fc1987_cluster,,3,7,30.7559,-95.4086,ng_processing,,p4701,TX,,-95.0593,29.8337,3.0,2,7,3,,,fc1987_cluster - p4701,source_to_demand,co2_eor,N,,,SWCA,75.0,SWCA,0.0001,s1,0,13.9063,0,50000000.0
1365,"GCC RIO GRANDE, INC. TIJERAS PLANT",f1009018,4.0,4,8,35.0713,-106.3923,cement,,ts69,NM,,-107.2926,34.4406,4.0,4,8,4,,,f1009018 - ts69,source_to_ts_node,uniform_ts_node,N,,,RM,75.0,RM,0.0001,s1,0,10.5514,0,50000000.0
1366,CAPITOL CEMENT PLANT,f1004270,2.0,3,7,29.5453,-98.4211,cement,,ts72,TX,,-97.5,29.0,2.0,2,7,3,,,f1004270 - ts72,source_to_ts_node,uniform_ts_node,N,,,SWCA,75.0,SWCA,0.0001,s1,0,13.9063,0,50000000.0
1367,facility_pp_natgas_1982,fc1982_cluster,,2,4,42.231,-93.231,pp_natgas,,ts24,IA,,-92.7128,41.3438,0.0,3,4,2,,,fc1982_cluster - ts24,source_to_ts_node,uniform_ts_node,N,,,GP,75.0,GP,0.0001,s1,0,10.5514,0,50000000.0
1368,facility_pp_coal_1939,fc1939_cluster,,2,4,47.2681,-101.43,pp_coal,Madison Gp-Mission Canyon2,s115,ND,3536.0,-103.4377,47.2542,0.0,6,4,2,0.0,s115,fc1939_cluster - s115,source_to_storage,storage,N,,,GP,75.0,GP,0.0001,s1,0,10.5514,0,50000000.0
1369,facility_pp_natgas_1944,fc1944_cluster,,4,8,39.7757,-104.5501,pp_natgas,Lyons3,s113,CO,1590.0,-104.9346,38.4893,0.0,5,8,4,0.0,s113,fc1944_cluster - s113,source_to_storage,storage,N,,,RM,75.0,RM,0.0001,s1,0,10.5514,0,50000000.0
1370,SOUTH EDDY CRYO PLANT,f1012463,4.0,4,8,32.1613,-103.8284,ng_processing,,p4410,TX,,-102.699,31.9612,8.0,4,7,3,,,f1012463 - p4410,source_to_demand,co2_eor,N,,,RM,75.0,RM,0.0001,s1,0,10.5514,0,50000000.0
1371,CONVERSE CENTRAL FACILITY,f1009181,2.0,3,7,31.9551,-93.6817,ng_processing,Woodbine1,s228,TX,13575.0,-95.5742,31.6981,6.0,2,7,3,0.0,s228,f1009181 - s228,source_to_storage,storage,N,,,SE,75.0,SE,0.0002,s1,0,14.7412,0,50000000.0
1372,_agg_nonop_ng_processing1,f_agg_nonop_ng_processing1,2.0,3,7,31.8281,-94.2781,ng_processing,Paluxy1,s162,TX,409.0,-95.4224,32.4907,6.0,2,7,3,0.0,s162,f_agg_nonop_ng_processing1 - s162,source_to_storage,storage,N,,,SWCA,75.0,SWCA,0.0001,s1,0,13.9063,0,50000000.0
1373,NATIONAL CEMENT CO OF CALIFORNIA INC,f1006642,7.0,4,9,34.8199,-118.7487,cement,Domengine1,s47,CA,2069.0,-121.3697,38.0495,0.0,7,9,4,0.0,s47,f1006642 - s47,source_to_storage,storage,N,,,SWCA,75.0,SWCA,0.0001,s1,0,13.9063,0,50000000.0
1374,Alamo San Antonio Cement Plant,f1007208,2.0,3,7,29.6121,-98.3751,cement,,ts72,TX,,-97.5,29.0,2.0,2,7,3,,,f1007208 - ts72,source_to_ts_node,uniform_ts_node,N,,,SWCA,75.0,SWCA,0.0001,s1,0,13.9063,0,50000000.0
1375,"CEMEX SOUTHEAST LLC, DEMOPOLIS PLANT",f1008033,2.0,3,6,32.5127,-87.8156,cement,Lower Tuscaloosa9,s109,MS,8003.0,-90.0943,31.3641,0.0,2,6,3,0.0,s109,f1008033 - s109,source_to_storage,storage,N,,,SE,75.0,SE,0.0002,s1,0,14.7412,0,50000000.0
1376,CalPortland Company Mojave Plant,f1006842,7.0,4,9,35.0272,-118.3142,cement,Repetto2c,s177,CA,320.0,-118.1612,33.8864,0.0,7,9,4,0.0,s177,f1006842 - s177,source_to_storage,storage,N,,,SWCA,75.0,SWCA,0.0001,s1,0,13.9063,0,50000000.0
1377,CalPortland Company Mojave Plant,f1006842,7.0,4,9,35.0272,-118.3142,cement,Repetto3b,s179,CA,125.0,-118.1612,33.8864,0.0,7,9,4,0.0,s179,f1006842 - s179,source_to_storage,storage,N,,,SWCA,75.0,SWCA,0.0001,s1,0,13.9063,0,50000000.0
1378,CalPortland Company Mojave Plant,f1006842,7.0,4,9,35.0272,-118.3142,cement,Repetto3a,s178,CA,125.0,-118.1612,33.8864,0.0,7,9,4,0.0,s178,f1006842 - s178,source_to_storage,storage,N,,,SWCA,75.0,SWCA,0.0001,s1,0,13.9063,0,50000000.0
1379,CalPortland Company Mojave Plant,f1006842,7.0,4,9,35.0272,-118.3142,cement,Repetto2a,s175,CA,320.0,-118.1612,33.8864,0.0,7,9,4,0.0,s175,f1006842 - s175,source_to_storage,storage,N,,,SWCA,75.0,SWCA,0.0001,s1,0,13.9063,0,50000000.0
1380,CalPortland Company Mojave Plant,f1006842,7.0,4,9,35.0272,-118.3142,cement,Repetto3c,s180,CA,125.0,-118.1612,33.8864,0.0,7,9,4,0.0,s180,f1006842 - s180,source_to_storage,storage,N,,,SWCA,75.0,SWCA,0.0001,s1,0,13.9063,0,50000000.0
1381,CalPortland Company Mojave Plant,f1006842,7.0,4,9,35.0272,-118.3142,cement,Repetto3d,s181,CA,125.0,-118.1612,33.8864,0.0,7,9,4,0.0,s181,f1006842 - s181,source_to_storage,storage,N,,,SWCA,75.0,SWCA,0.0001,s1,0,13.9063,0,50000000.0
1382,CalPortland Company Mojave Plant,f1006842,7.0,4,9,35.0272,-118.3142,cement,Repetto2b,s176,CA,320.0,-118.1612,33.8864,0.0,7,9,4,0.0,s176,f1006842 - s176,source_to_storage,storage,N,,,SWCA,75.0,SWCA,0.0001,s1,0,13.9063,0,50000000.0
1383,CalPortland Company Mojave Plant,f1006842,7.0,4,9,35.0272,-118.3142,cement,Repetto1,s174,CA,51.0,-118.1612,33.8864,0.0,7,9,4,0.0,s174,f1006842 - s174,source_to_storage,storage,N,,,SWCA,75.0,SWCA,0.0001,s1,0,13.9063,0,50000000.0
1384,_agg_nonop_ng_processing7,f_agg_nonop_ng_processing7,4.0,3,7,31.3445,-96.2344,ng_processing,Paluxy1,s162,TX,409.0,-95.4224,32.4907,6.0,2,7,3,0.0,s162,f_agg_nonop_ng_processing7 - s162,source_to_storage,storage,N,,,SWCA,75.0,SWCA,0.0001,s1,0,13.9063,0,50000000.0
1385,ALAMO GAS PLANT,f1012815,2.0,3,7,31.2816,-95.5197,ng_processing,Frio1,s67,TX,4855.0,-95.6624,29.7957,3.0,2,7,3,0.0,s67,f1012815 - s67,source_to_storage,storage,N,,,SWCA,75.0,SWCA,0.0001,s1,0,13.9063,0,50000000.0
1386,RAMSEY GAS PLANT,f1010768,4.0,3,7,31.8775,-103.9376,ng_processing,,p4412,TX,,-102.841,31.5659,8.0,4,7,3,,,f1010768 - p4412,source_to_demand,co2_eor,N,,,SWCA,75.0,SWCA,0.0001,s1,0,13.9063,0,50000000.0
1387,,ts49,4.0,3,7,31.404,-102.0845,operational_ts_node,,p4406,TX,,-101.518,32.2604,8.0,4,7,3,,,ts49 - p4406,ts_node_to_demand,co2_eor,N,,,SWCA,75.0,SWCA,0.0001,s1,0,13.9063,0,50000000.0
1388,Century Plant,f1004301,4.0,3,7,30.6082,-102.5785,ng_processing,,p4412,TX,,-102.841,31.5659,8.0,4,7,3,,,f1004301 - p4412,source_to_demand,co2_eor,N,,,SWCA,75.0,SWCA,0.0001,s1,0,0.0,0,50000000.0
1389,LAS TIENDAS PLANT,f1010735,2.0,3,7,27.9605,-98.5941,ng_processing,Frio13c,s85,TX,1762.0,-97.6582,26.7632,4.0,2,7,3,0.0,s85,f1010735 - s85,source_to_storage,storage,N,,,SWCA,75.0,SWCA,0.0001,s1,0,13.9063,0,50000000.0
1390,LAS TIENDAS PLANT,f1010735,2.0,3,7,27.9605,-98.5941,ng_processing,Frio13a,s83,TX,1762.0,-97.6582,26.7632,4.0,2,7,3,0.0,s83,f1010735 - s83,source_to_storage,storage,N,,,SWCA,75.0,SWCA,0.0001,s1,0,13.9063,0,50000000.0
1391,LAS TIENDAS PLANT,f1010735,2.0,3,7,27.9605,-98.5941,ng_processing,Frio13b,s84,TX,1762.0,-97.6582,26.7632,4.0,2,7,3,0.0,s84,f1010735 - s84,source_to_storage,storage,N,,,SWCA,75.0,SWCA,0.0001,s1,0,13.9063,0,50000000.0
1392,facility_pp_natgas_1953,fc1953_cluster,,3,7,33.6792,-92.3787,pp_natgas,Eutaw1,s59,MS,29518.0,-89.8942,31.9943,0.0,2,6,3,0.0,s59,fc1953_cluster - s59,source_to_storage,storage,N,,,SE,75.0,SE,0.0002,s1,0,14.7412,0,50000000.0
1393,facility_ng_processing_1991,fc1991_cluster,,2,3,46.9315,-103.7662,ng_processing,Madison Gp-Mission Canyon3,s116,SD,10420.0,-102.7355,45.3349,0.0,6,4,2,0.0,s116,fc1991_cluster - s116,source_to_storage,storage,N,,,GP,75.0,GP,0.0001,s1,0,10.5514,0,50000000.0
1394,,ts70,2.0,3,6,32.4676,-86.5671,uniform_ts_node,Eutaw2,s60,AL,8478.0,-87.6484,31.182,0.0,2,6,3,0.0,s60,ts70 - s60,ts_node_to_storage,storage,N,,,SE,75.0,SE,0.0002,s1,0,14.7412,0,50000000.0
1395,Orrville            ,fpp2935.08    ,1.0,2,3,40.851,-81.766,pp_coal,Rose Run3,s186,PA,8201.0,-78.8689,40.9262,0.0,1,2,1,0.0,s186,fpp2935.08     - s186,source_to_storage,storage,N,,,GL,75.0,GL,0.0001,s1,0,15.8095,0,50000000.0
1396,Orrville            ,fpp2935.07    ,1.0,2,3,40.851,-81.766,pp_coal,Rose Run3,s186,PA,8201.0,-78.8689,40.9262,0.0,1,2,1,0.0,s186,fpp2935.07     - s186,source_to_storage,storage,N,,,GL,75.0,GL,0.0001,s1,0,15.8095,0,50000000.0
1397,Orrville            ,fpp2935.09    ,1.0,2,3,40.851,-81.766,pp_coal,Rose Run3,s186,PA,8201.0,-78.8689,40.9262,0.0,1,2,1,0.0,s186,fpp2935.09     - s186,source_to_storage,storage,N,,,GL,75.0,GL,0.0001,s1,0,15.8095,0,50000000.0
1398,BATTLEFIELD GAS PLANT,f1009840,2.0,3,7,31.9678,-93.6731,ng_processing,Woodbine1,s228,TX,13575.0,-95.5742,31.6981,6.0,2,7,3,0.0,s228,f1009840 - s228,source_to_storage,storage,N,,,SE,75.0,SE,0.0002,s1,0,14.7412,0,50000000.0
1399,ContangoResources_LOST CABIN,f1002265,5.0,4,8,43.2811,-107.6012,ng_processing,Minnelusa1,s122,WY,9960.0,-105.7231,43.9693,0.0,5,8,4,0.0,s122,f1002265 - s122,source_to_storage,storage,N,,,RM,75.0,RM,0.0001,s1,0,10.5514,0,50000000.0
1400,facility_pp_natgas_1954,fc1954_cluster,,3,7,36.1295,-95.6146,pp_natgas,Arbuckle4,s4,KS,32460.0,-99.2057,37.695,0.0,3,4,2,0.0,s4,fc1954_cluster - s4,source_to_storage,storage,N,,,GP,75.0,GP,0.0001,s1,0,10.5514,0,50000000.0
1401,KOSMOS CEMENT CO,f1007997,1.0,3,6,38.0347,-85.906,cement,Knox6,s97,KY,1700.0,-87.624,37.5415,0.0,1,6,3,0.0,s97,f1007997 - s97,source_to_storage,storage,N,,,SE,75.0,SE,0.0002,s1,0,14.7412,0,50000000.0
1402,Tampa Port Services,f1009795,2.0,3,7,30.0058,-90.877,ammonia,Lower Tuscaloosa9,s109,MS,8003.0,-90.0943,31.3641,0.0,2,6,3,0.0,s109,f1009795 - s109,source_to_storage,storage,N,,,SE,75.0,SE,0.0002,s1,0,14.7412,0,50000000.0
1403,facility_ammonia_2005,fc2005_cluster,,3,7,30.0058,-90.877,ammonia,Lower Tuscaloosa9,s109,MS,8003.0,-90.0943,31.3641,0.0,2,6,3,0.0,s109,fc2005_cluster - s109,source_to_storage,storage,N,,,SE,75.0,SE,0.0002,s1,0,14.7412,0,50000000.0
1404,facility_pp_natgas_1956,fc1956_cluster,,3,7,30.0051,-90.79,pp_natgas,Lower Tuscaloosa9,s109,MS,8003.0,-90.0943,31.3641,0.0,2,6,3,0.0,s109,fc1956_cluster - s109,source_to_storage,storage,N,,,SE,75.0,SE,0.0002,s1,0,14.7412,0,50000000.0
1405,CAMPO VIEJO GAS PROCESSING PLANT,f1013609,4.0,3,7,33.1499,-102.9912,ng_processing,,p4411,TX,,-101.912,32.7303,81.0,4,7,3,,,f1013609 - p4411,source_to_demand,co2_eor,N,,,SWCA,75.0,SWCA,0.0001,s1,0,0.0,0,50000000.0
1406,LEHIGH CEMENT COMPANY LLC,f1003891,1.0,2,3,38.7391,-86.457,cement,Knox2,s93,IL,5560.0,-88.4987,38.1531,0.0,1,3,2,0.0,s93,f1003891 - s93,source_to_storage,storage,N,,,GL,75.0,GL,0.0001,s1,0,15.8095,0,50000000.0
1407,,ts27,1.0,2,3,38.321,-89.1261,uniform_ts_node,Knox6,s97,KY,1700.0,-87.624,37.5415,0.0,1,6,3,0.0,s97,ts27 - s97,ts_node_to_storage,storage,N,,,GL,75.0,GL,0.0001,s1,0,15.8095,0,50000000.0
1408,WEST BISTINEAU FACILITY,f1005693,2.0,3,7,32.2107,-93.4413,ng_processing,,ts67,AR,,-93.5084,33.2042,0.0,3,7,3,,,f1005693 - ts67,source_to_ts_node,uniform_ts_node,N,,,SE,75.0,SE,0.0002,s1,0,14.7412,0,50000000.0
1409,WEST FRENCHIE DRAW AMINE PLANT,f1004110,5.0,4,8,43.2873,-107.6215,ng_processing,Minnelusa1,s122,WY,9960.0,-105.7231,43.9693,0.0,5,8,4,0.0,s122,f1004110 - s122,source_to_storage,storage,N,,,RM,75.0,RM,0.0001,s1,0,10.5514,0,50000000.0
1410,Prairie Creek       ,fpp1073.01    ,3.0,2,4,41.944,-91.639,pp_coal,,ts24,IA,,-92.7128,41.3438,0.0,3,4,2,,,fpp1073.01     - ts24,source_to_ts_node,uniform_ts_node,N,,,GP,75.0,GP,0.0001,s1,0,10.5514,0,50000000.0
1411,,ts28,1.0,2,3,41.1859,-88.8466,uniform_ts_node,Mount Simon6,s139,IN,29370.0,-86.0531,40.2057,0.0,1,3,2,0.0,s139,ts28 - s139,ts_node_to_storage,storage,N,,,GL,75.0,GL,0.0001,s1,0,15.8095,0,50000000.0
1412,Celanese Utilization Project,fop005,2.0,3,7,29.5603,-95.0535,other_operational_facility,Frio5,s72,TX,323.0,-94.046,29.782,3.0,2,7,3,0.0,s72,fop005 - s72,source_to_storage,storage,N,,,SWCA,75.0,SWCA,0.0001,s1,0,13.9063,0,50000000.0
1413,DIAMOND CRYO,f1013544,4.0,3,7,31.0039,-103.755,ng_processing,Seven Rivers2,s192,TX,51068.0,-102.4437,31.7932,8.0,4,7,3,0.0,s192,f1013544 - s192,source_to_storage,storage,N,,,SWCA,75.0,SWCA,0.0001,s1,0,13.9063,0,50000000.0
1414,DIAMOND CRYO,f1013544,4.0,3,7,31.0039,-103.755,ng_processing,Queen2,s171,NM,9346.0,-103.846,34.6309,4.0,4,8,4,0.0,s171,f1013544 - s171,source_to_storage,storage,N,,,SWCA,75.0,SWCA,0.0001,s1,0,13.9063,0,50000000.0
1415,DIAMOND CRYO,f1013544,4.0,3,7,31.0039,-103.755,ng_processing,Leonard2,s100,NM,9346.0,-103.619,32.9469,4.0,4,8,4,0.0,s100,f1013544 - s100,source_to_storage,storage,N,,,SWCA,75.0,SWCA,0.0001,s1,0,13.9063,0,50000000.0
1416,facility_pp_coal_1930,fc1930_cluster,,2,3,38.5296,-87.4916,pp_coal,Mount Simon3,s136,IL,20633.0,-89.239,39.9199,0.0,1,3,2,0.0,s136,fc1930_cluster - s136,source_to_storage,storage,N,,,GL,75.0,GL,0.0001,s1,0,15.8095,0,50000000.0
1417,"PCS Nitrogen Ohio, L.P.",f1002229,1.0,2,3,40.7113,-84.1382,ammonia,Mount Simon8,s141,MI,4788.0,-83.6668,42.2254,0.0,1,3,2,0.0,s141,f1002229 - s141,source_to_storage,storage,N,,,GL,75.0,GL,0.0001,s1,0,15.8095,0,50000000.0
1418,Green Plains York LLC,f1006694,3.0,2,4,40.6987,-97.5674,ethanol,,ts20,NE,,-96.5899,41.3846,0.0,3,4,2,,,f1006694 - ts20,source_to_ts_node,uniform_ts_node,N,,,GP,75.0,GP,0.0001,s1,0,10.5514,0,50000000.0
1419,,ts33,1.0,2,3,43.7706,-84.5405,uniform_ts_node,St. Peter8,s200,MI,11160.0,-85.0621,42.4439,0.0,1,3,2,0.0,s200,ts33 - s200,ts_node_to_storage,storage,N,,,GL,75.0,GL,0.0001,s1,0,15.8095,0,50000000.0
1420,"PCS Nitrogen Ohio, L.P.",f1002229,1.0,2,3,40.7113,-84.1382,ammonia,St. Peter8,s200,MI,11160.0,-85.0621,42.4439,0.0,1,3,2,0.0,s200,f1002229 - s200,source_to_storage,storage,N,,,GL,75.0,GL,0.0001,s1,0,15.8095,0,50000000.0
1421,TARGA TUPELO GAS PROCESSING PLANT,f1011130,3.0,3,7,34.5864,-96.288,ng_processing,,p6001,OK,,-96.6748,35.5418,0.0,3,7,3,,,f1011130 - p6001,source_to_demand,co2_eor,N,,,GP,75.0,GP,0.0001,s1,0,10.5514,0,50000000.0
1422,"South Bend Ethanol, LLC.",f1000415,1.0,2,3,41.6552,-86.2962,ethanol,Mount Simon8,s141,MI,4788.0,-83.6668,42.2254,0.0,1,3,2,0.0,s141,f1000415 - s141,source_to_storage,storage,N,,,GL,75.0,GL,0.0001,s1,0,15.8095,0,50000000.0
1423,_agg_nonop_ng_processing4,f_agg_nonop_ng_processing4,5.0,4,8,40.3049,-104.6614,ng_processing,,p3905,CO,,-103.449,40.7334,0.0,5,8,4,,,f_agg_nonop_ng_processing4 - p3905,source_to_demand,co2_eor,N,,,RM,75.0,RM,0.0001,s1,0,10.5514,0,50000000.0
1424,,ts49,4.0,3,7,31.404,-102.0845,operational_ts_node,Strawn1,s205,TX,51068.0,-102.444,31.7932,8.0,4,7,3,0.0,s205,ts49 - s205,ts_node_to_storage,storage,N,,,SWCA,75.0,SWCA,0.0001,s1,0,13.9063,0,50000000.0
1425,,ts49,4.0,3,7,31.404,-102.0845,operational_ts_node,Atoka1,s5,TX,51294.0,-102.444,31.7932,8.0,4,7,3,0.0,s5,ts49 - s5,ts_node_to_storage,storage,N,,,SWCA,75.0,SWCA,0.0001,s1,0,13.9063,0,50000000.0
1426,,ts49,4.0,3,7,31.404,-102.0845,operational_ts_node,Seven Rivers1,s191,NM,9346.0,-103.6189,32.9649,4.0,4,8,4,0.0,s191,ts49 - s191,ts_node_to_storage,storage,N,,,SWCA,75.0,SWCA,0.0001,s1,0,13.9063,0,50000000.0
1427,,ts49,4.0,3,7,31.404,-102.0845,operational_ts_node,Fusselman1,s86,TX,51068.0,-102.444,31.7932,8.0,4,7,3,0.0,s86,ts49 - s86,ts_node_to_storage,storage,N,,,SWCA,75.0,SWCA,0.0001,s1,0,13.9063,0,50000000.0
1428,,ts49,4.0,3,7,31.404,-102.0845,operational_ts_node,Queen1,s170,TX,51294.0,-101.642,34.6805,10.0,3,7,3,0.0,s170,ts49 - s170,ts_node_to_storage,storage,N,,,SWCA,75.0,SWCA,0.0001,s1,0,13.9063,0,50000000.0
1429,,ts49,4.0,3,7,31.404,-102.0845,operational_ts_node,Leonard1,s99,TX,51294.0,-102.444,31.7932,8.0,4,7,3,0.0,s99,ts49 - s99,ts_node_to_storage,storage,N,,,SWCA,75.0,SWCA,0.0001,s1,0,13.9063,0,50000000.0
1430,Hereford Ethanol Partners LP,f1000352,3.0,3,7,34.85,-102.2868,ethanol,Seven Rivers2,s192,TX,51068.0,-102.4437,31.7932,8.0,4,7,3,0.0,s192,f1000352 - s192,source_to_storage,storage,N,,,SWCA,75.0,SWCA,0.0001,s1,0,13.9063,0,50000000.0
1431,Hereford Ethanol Partners LP,f1000352,3.0,3,7,34.85,-102.2868,ethanol,Leonard2,s100,NM,9346.0,-103.619,32.9469,4.0,4,8,4,0.0,s100,f1000352 - s100,source_to_storage,storage,N,,,SWCA,75.0,SWCA,0.0001,s1,0,13.9063,0,50000000.0
1432,Hereford Ethanol Partners LP,f1000352,3.0,3,7,34.85,-102.2868,ethanol,Queen2,s171,NM,9346.0,-103.846,34.6309,4.0,4,8,4,0.0,s171,f1000352 - s171,source_to_storage,storage,N,,,SWCA,75.0,SWCA,0.0001,s1,0,13.9063,0,50000000.0
1433,MOUNTAIN CEMENT CO,f1005978,5.0,4,8,41.2611,-105.6032,cement,Weber3,s221,CO,5712.0,-107.8178,40.6082,0.0,5,8,4,0.0,s221,f1005978 - s221,source_to_storage,storage,N,,,RM,75.0,RM,0.0001,s1,0,10.5514,0,50000000.0
1434,,ts59,5.0,4,8,40.1656,-103.5956,uniform_ts_node,,p3907,CO,,-104.79,40.6282,0.0,5,8,4,,,ts59 - p3907,ts_node_to_demand,co2_eor,N,,,RM,75.0,RM,0.0001,s1,0,10.5514,0,50000000.0
1435,_agg_nonop_ng_processing3,f_agg_nonop_ng_processing3,4.0,3,7,31.864,-101.8104,ng_processing,,ts48,TX,,-101.2617,32.7688,81.0,4,7,3,,,f_agg_nonop_ng_processing3 - ts48,source_to_ts_node,operational_ts_node,N,,,SWCA,75.0,SWCA,0.0001,s1,0,13.9063,0,50000000.0
1436,LONE STAR IND INC DBA BUZZI UNICEM USA PRYOR CEMENT PLANT,f1004289,3.0,3,7,36.2962,-95.3312,cement,Arbuckle4,s4,KS,32460.0,-99.2057,37.695,0.0,3,4,2,0.0,s4,f1004289 - s4,source_to_storage,storage,N,,,GP,75.0,GP,0.0001,s1,0,10.5514,0,50000000.0
1437,facility_pp_natgas_1945,fc1945_cluster,,4,8,36.0224,-114.9251,pp_natgas,,ts9,NV,,-114.9436,37.0334,0.0,5,8,4,,,fc1945_cluster - ts9,source_to_ts_node,uniform_ts_node,N,,,RM,75.0,RM,0.0001,s1,0,10.5514,0,50000000.0
1438,SOUTH EDDY CRYO PLANT,f1012463,4.0,4,8,32.1613,-103.8284,ng_processing,,p4402,TX,,-102.637,32.0038,8.0,4,7,3,,,f1012463 - p4402,source_to_demand,co2_eor,N,,,RM,75.0,RM,0.0001,s1,0,10.5514,0,50000000.0
1439,MOUNTAIN CEMENT CO,f1005978,5.0,4,8,41.2611,-105.6032,cement,Nugget1,s153,CO,5877.0,-107.939,40.6116,0.0,5,8,4,0.0,s153,f1005978 - s153,source_to_storage,storage,N,,,RM,75.0,RM,0.0001,s1,0,10.5514,0,50000000.0
1440,,ts68,4.0,3,7,31.8461,-106.2709,uniform_ts_node,Strawn1,s205,TX,51068.0,-102.444,31.7932,8.0,4,7,3,0.0,s205,ts68 - s205,ts_node_to_storage,storage,N,,,SWCA,75.0,SWCA,0.0001,s1,0,13.9063,0,50000000.0
1441,,ts68,4.0,3,7,31.8461,-106.2709,uniform_ts_node,Seven Rivers1,s191,NM,9346.0,-103.6189,32.9649,4.0,4,8,4,0.0,s191,ts68 - s191,ts_node_to_storage,storage,N,,,SWCA,75.0,SWCA,0.0001,s1,0,13.9063,0,50000000.0
1442,,ts68,4.0,3,7,31.8461,-106.2709,uniform_ts_node,Queen1,s170,TX,51294.0,-101.642,34.6805,10.0,3,7,3,0.0,s170,ts68 - s170,ts_node_to_storage,storage,N,,,SWCA,75.0,SWCA,0.0001,s1,0,13.9063,0,50000000.0
1443,,ts68,4.0,3,7,31.8461,-106.2709,uniform_ts_node,Leonard1,s99,TX,51294.0,-102.444,31.7932,8.0,4,7,3,0.0,s99,ts68 - s99,ts_node_to_storage,storage,N,,,SWCA,75.0,SWCA,0.0001,s1,0,13.9063,0,50000000.0
1444,facility_pp_natgas_1956,fc1956_cluster,,3,7,30.0051,-90.79,pp_natgas,Eutaw1,s59,MS,29518.0,-89.8942,31.9943,0.0,2,6,3,0.0,s59,fc1956_cluster - s59,source_to_storage,storage,N,,,SE,75.0,SE,0.0002,s1,0,14.7412,0,50000000.0
1445,facility_pp_natgas_1956,fc1956_cluster,,3,7,30.0051,-90.79,pp_natgas,Lower Tuscaloosa10,s110,MS,4393.0,-89.0783,30.7252,0.0,2,6,3,0.0,s110,fc1956_cluster - s110,source_to_storage,storage,N,,,SE,75.0,SE,0.0002,s1,0,14.7412,0,50000000.0
1446,,ts49,4.0,3,7,31.404,-102.0845,operational_ts_node,Queen2,s171,NM,9346.0,-103.846,34.6309,4.0,4,8,4,0.0,s171,ts49 - s171,ts_node_to_storage,storage,N,,,SWCA,75.0,SWCA,0.0001,s1,0,13.9063,0,50000000.0
1447,,ts49,4.0,3,7,31.404,-102.0845,operational_ts_node,Leonard2,s100,NM,9346.0,-103.619,32.9469,4.0,4,8,4,0.0,s100,ts49 - s100,ts_node_to_storage,storage,N,,,SWCA,75.0,SWCA,0.0001,s1,0,13.9063,0,50000000.0
1448,,ts49,4.0,3,7,31.404,-102.0845,operational_ts_node,Seven Rivers2,s192,TX,51068.0,-102.4437,31.7932,8.0,4,7,3,0.0,s192,ts49 - s192,ts_node_to_storage,storage,N,,,SWCA,75.0,SWCA,0.0001,s1,0,13.9063,0,50000000.0
1449,facility_pp_natgas_1948,fc1948_cluster,,4,8,40.1434,-111.7874,pp_natgas,Tensleep4,s212,WY,6902.0,-110.5927,41.9882,0.0,5,8,4,0.0,s212,fc1948_cluster - s212,source_to_storage,storage,N,,,RM,75.0,RM,0.0001,s1,0,10.5514,0,50000000.0
1450,Tampa Port Services,f1009795,2.0,3,7,30.0058,-90.877,ammonia,Eutaw1,s59,MS,29518.0,-89.8942,31.9943,0.0,2,6,3,0.0,s59,f1009795 - s59,source_to_storage,storage,N,,,SE,75.0,SE,0.0002,s1,0,14.7412,0,50000000.0
1451,facility_ammonia_2005,fc2005_cluster,,3,7,30.0058,-90.877,ammonia,Eutaw1,s59,MS,29518.0,-89.8942,31.9943,0.0,2,6,3,0.0,s59,fc2005_cluster - s59,source_to_storage,storage,N,,,SE,75.0,SE,0.0002,s1,0,14.7412,0,50000000.0
1452,ORLA GAS PLANT,f1013400,4.0,3,7,31.8094,-103.8952,ng_processing,,p4410,TX,,-102.699,31.9612,8.0,4,7,3,,,f1013400 - p4410,source_to_demand,co2_eor,N,,,SWCA,75.0,SWCA,0.0001,s1,0,13.9063,0,50000000.0
1453,facility_pp_natgas_1951,fc1951_cluster,,3,7,30.6883,-96.4717,pp_natgas,Paluxy2,s163,TX,8108.0,-95.4206,32.2673,6.0,2,7,3,0.0,s163,fc1951_cluster - s163,source_to_storage,storage,N,,,SWCA,75.0,SWCA,0.0001,s1,0,13.9063,0,50000000.0
1454,facility_ammonia_2003,fc2003_cluster,,3,2,41.8328,-76.4434,ammonia,,ts42,NY,,-76.6688,42.8399,0.0,1,2,1,,,fc2003_cluster - ts42,source_to_ts_node,uniform_ts_node,N,,,MA,75.0,MA,0.0003,s1,0,19.9921,0,50000000.0
1455,facility_ng_processing_1984,fc1984_cluster,,4,2,41.8328,-76.4434,ng_processing,,ts42,NY,,-76.6688,42.8399,0.0,1,2,1,,,fc1984_cluster - ts42,source_to_ts_node,uniform_ts_node,N,,,MA,75.0,MA,0.0003,s1,0,19.9921,0,50000000.0
1456,facility_beccs_2012,fc2012_cluster,,1,2,41.8328,-76.4434,beccs,,ts42,NY,,-76.6688,42.8399,0.0,1,2,1,,,fc2012_cluster - ts42,source_to_ts_node,uniform_ts_node,N,,,MA,75.0,MA,0.0003,s1,0,19.9921,0,50000000.0
1457,_agg_nonop_ng_processing2,f_agg_nonop_ng_processing2,3.0,3,7,35.0734,-95.4912,ng_processing,,ts18,OK,,-96.5454,35.639,0.0,3,7,3,,,f_agg_nonop_ng_processing2 - ts18,source_to_ts_node,uniform_ts_node,N,,,GP,75.0,GP,0.0001,s1,0,10.5514,0,50000000.0
1458,Archer Daniels Midland Co.,f1005661,1.0,2,3,39.8675,-88.885,ethanol,Mount Simon6,s139,IN,29370.0,-86.0531,40.2057,0.0,1,3,2,0.0,s139,f1005661 - s139,source_to_storage,storage,N,,0.0,GL,75.0,GL,0.0001,s1,0,15.8095,0,50000000.0
1459,Green Plains Mount Vernon LLC,f1003377,1.0,2,3,37.9098,-87.7265,ethanol,Mount Simon6,s139,IN,29370.0,-86.0531,40.2057,0.0,1,3,2,0.0,s139,f1003377 - s139,source_to_storage,storage,N,,,GL,75.0,GL,0.0001,s1,0,15.8095,0,50000000.0
1460,facility_pp_coal_1934,fc1934_cluster,,2,3,39.0042,-85.2895,pp_coal,Knox3,s94,IN,4930.0,-87.1143,38.6993,0.0,1,3,2,0.0,s94,fc1934_cluster - s94,source_to_storage,storage,N,,,GL,75.0,GL,0.0001,s1,0,15.8095,0,50000000.0
1461,SOUTH EDDY CRYO PLANT,f1012463,4.0,4,8,32.1613,-103.8284,ng_processing,,p4412,TX,,-102.841,31.5659,8.0,4,7,3,,,f1012463 - p4412,source_to_demand,co2_eor,N,,,RM,75.0,RM,0.0001,s1,0,10.5514,0,50000000.0
1462,,ts57,6.0,2,4,44.9071,-100.7778,uniform_ts_node,Red River1,s172,ND,55614.0,-101.1361,47.6146,0.0,6,4,2,0.0,s172,ts57 - s172,ts_node_to_storage,storage,N,,,GP,75.0,GP,0.0001,s1,0,10.5514,0,50000000.0
1463,,ts68,4.0,3,7,31.8461,-106.2709,uniform_ts_node,Fusselman1,s86,TX,51068.0,-102.444,31.7932,8.0,4,7,3,0.0,s86,ts68 - s86,ts_node_to_storage,storage,N,,,SWCA,75.0,SWCA,0.0001,s1,0,13.9063,0,50000000.0
1464,,ts68,4.0,3,7,31.8461,-106.2709,uniform_ts_node,Atoka1,s5,TX,51294.0,-102.444,31.7932,8.0,4,7,3,0.0,s5,ts68 - s5,ts_node_to_storage,storage,N,,,SWCA,75.0,SWCA,0.0001,s1,0,13.9063,0,50000000.0
1465,,ts52,2.0,3,6,32.6973,-90.388,operational_ts_node,Lower Tuscaloosa9,s109,MS,8003.0,-90.0943,31.3641,0.0,2,6,3,0.0,s109,ts52 - s109,ts_node_to_storage,storage,N,,,SE,75.0,SE,0.0002,s1,0,14.7412,0,50000000.0
1466,facility_cement_2000,fc2000_cluster,,2,3,40.74,-86.0745,cement,Mount Simon7,s140,MI,5446.0,-85.7774,42.2856,0.0,1,3,2,0.0,s140,fc2000_cluster - s140,source_to_storage,storage,N,,,GL,75.0,GL,0.0001,s1,0,15.8095,0,50000000.0
1467,,ts68,4.0,3,7,31.8461,-106.2709,uniform_ts_node,Canyon3,s19,TX,49915.0,-102.4566,31.7628,8.0,4,7,3,0.0,s19,ts68 - s19,ts_node_to_storage,storage,N,,,SWCA,75.0,SWCA,0.0001,s1,0,13.9063,0,50000000.0
1468,,ts54,6.0,4,8,45.1121,-104.9217,operational_ts_node,Madison Gp-Mission Canyon1,s114,ND,29617.0,-102.248,47.524,0.0,6,4,2,0.0,s114,ts54 - s114,ts_node_to_storage,storage,N,,,RM,75.0,RM,0.0001,s1,0,10.5514,0,50000000.0
1469,,ts54,6.0,4,8,45.1121,-104.9217,operational_ts_node,Red River1,s172,ND,55614.0,-101.1361,47.6146,0.0,6,4,2,0.0,s172,ts54 - s172,ts_node_to_storage,storage,N,,,RM,75.0,RM,0.0001,s1,0,10.5514,0,50000000.0
1470,ONE EARTH ENERGY LLC,f1002356,1.0,2,3,40.4711,-88.3957,ethanol,Knox3,s94,IN,4930.0,-87.1143,38.6993,0.0,1,3,2,0.0,s94,f1002356 - s94,source_to_storage,storage,N,,,GL,75.0,GL,0.0001,s1,0,15.8095,0,50000000.0
1471,facility_pp_natgas_1947,fc1947_cluster,,4,8,32.225,-107.4082,pp_natgas,,ts68,TX,,-106.2709,31.8461,8.0,4,7,3,,,fc1947_cluster - ts68,source_to_ts_node,uniform_ts_node,N,,,RM,75.0,RM,0.0001,s1,0,10.5514,0,50000000.0
1472,,ts57,6.0,2,4,44.9071,-100.7778,uniform_ts_node,Basal Cambrian8,s14,ND,11350.0,-99.542,47.8512,0.0,6,4,2,0.0,s14,ts57 - s14,ts_node_to_storage,storage,N,,,GP,75.0,GP,0.0001,s1,0,10.5514,0,50000000.0
1473,,ts49,4.0,3,7,31.404,-102.0845,operational_ts_node,Canyon3,s19,TX,49915.0,-102.4566,31.7628,8.0,4,7,3,0.0,s19,ts49 - s19,ts_node_to_storage,storage,N,,,SWCA,75.0,SWCA,0.0001,s1,0,13.9063,0,50000000.0
1474,CalPortland Company Oro Grande Plant,f1007927,7.0,4,9,34.6045,-117.3382,cement,,ts3,CA,,-117.6761,33.6122,0.0,7,9,4,,,f1007927 - ts3,source_to_ts_node,uniform_ts_node,N,,,SWCA,75.0,SWCA,0.0001,s1,0,13.9063,0,50000000.0
1475,facility_cement_1996,fc1996_cluster,,3,7,32.1724,-97.6149,cement,Paluxy3,s164,TX,11534.0,-95.243,32.3169,6.0,2,7,3,0.0,s164,fc1996_cluster - s164,source_to_storage,storage,N,,,SWCA,75.0,SWCA,0.0001,s1,0,13.9063,0,50000000.0
1476,SUWANNEE AMERICAN CEMENT,f1000533,2.0,3,5,29.9616,-82.8497,cement,Lower Tuscaloosa5,s105,GA,2855.0,-84.4594,31.0081,0.0,1,5,3,0.0,s105,f1000533 - s105,source_to_storage,storage,N,,,SE,75.0,SE,0.0002,s1,0,14.7412,0,50000000.0
1477,LEHIGH CEMENT CO LLC,f1006136,1.0,2,3,40.7345,-86.4334,cement,Mount Simon7,s140,MI,5446.0,-85.7774,42.2856,0.0,1,3,2,0.0,s140,f1006136 - s140,source_to_storage,storage,N,,,GL,75.0,GL,0.0001,s1,0,15.8095,0,50000000.0
1478,VERDIGRIS PLT,f1002275,3.0,3,7,36.2335,-95.7191,ammonia,,p6001,OK,,-96.6748,35.5418,0.0,3,7,3,,,f1002275 - p6001,source_to_demand,co2_eor,N,,,GP,75.0,GP,0.0001,s1,0,0.0,0,50000000.0
1479,facility_pp_natgas_1953,fc1953_cluster,,3,7,33.6792,-92.3787,pp_natgas,,p4921,LA,,-92.1828,32.6582,0.0,2,7,3,,,fc1953_cluster - p4921,source_to_demand,co2_eor,N,,,SE,75.0,SE,0.0002,s1,0,14.7412,0,50000000.0
1480,facility_pp_natgas_1954,fc1954_cluster,,3,7,36.1295,-95.6146,pp_natgas,,p6001,OK,,-96.6748,35.5418,0.0,3,7,3,,,fc1954_cluster - p6001,source_to_demand,co2_eor,N,,,GP,75.0,GP,0.0001,s1,0,10.5514,0,50000000.0
1481,"Valero Renewable Fuels Company, LLC d/b/a Valero Mt. Vernon Plant",f1006490,1.0,2,3,37.9336,-87.8734,ethanol,Mount Simon11,s144,KY,10350.0,-84.5965,38.2913,0.0,1,6,3,0.0,s144,f1006490 - s144,source_to_storage,storage,N,,,GL,75.0,GL,0.0001,s1,0,15.8095,0,50000000.0
1482,Poet Biorefining-Big Stone,f1004713,6.0,2,4,45.3013,-96.5114,ethanol,,ts21,SD,,-96.615,44.2654,0.0,6,4,2,,,f1004713 - ts21,source_to_ts_node,uniform_ts_node,N,,,GP,75.0,GP,0.0001,s1,0,10.5514,0,50000000.0
1483,Dyno Nobel Louisiana Ammonia LLC,f1012698,2.0,3,7,29.9648,-90.2646,ammonia,Lower Tuscaloosa9,s109,MS,8003.0,-90.0943,31.3641,0.0,2,6,3,0.0,s109,f1012698 - s109,source_to_storage,storage,N,,,SE,75.0,SE,0.0002,s1,0,14.7412,0,50000000.0
1484,,ts56,5.0,4,8,43.6569,-106.2405,operational_ts_node,,p3304,WY,,-105.208,44.3853,0.0,5,8,4,,,ts56 - p3304,ts_node_to_demand,co2_eor,N,,,RM,75.0,RM,0.0001,s1,0,10.5514,0,50000000.0
1485,ONE EARTH ENERGY LLC,f1002356,1.0,2,3,40.4711,-88.3957,ethanol,Mount Simon5,s138,IN,5054.0,-86.9464,38.7475,0.0,1,3,2,0.0,s138,f1002356 - s138,source_to_storage,storage,N,,,GL,75.0,GL,0.0001,s1,0,15.8095,0,50000000.0
1486,J K Spruce          ,fpp7097.02    ,2.0,3,7,29.31,-98.32,pp_coal,Frio2,s68,TX,4357.0,-97.9289,27.5054,4.0,2,7,3,0.0,s68,fpp7097.02     - s68,source_to_storage,storage,N,,,SWCA,75.0,SWCA,0.0001,s1,0,13.9063,0,50000000.0
1487,"Alto Pekin, LLC",f1000413,1.0,2,3,40.555,-89.6628,ethanol,Mount Simon2,s135,IL,5957.0,-88.5947,39.0412,0.0,1,3,2,0.0,s135,f1000413 - s135,source_to_storage,storage,N,,,GL,75.0,GL,0.0001,s1,0,15.8095,0,50000000.0
1488,,ts16,6.0,4,8,48.9248,-114.1273,uniform_ts_node,Basal Cambrian1,s7,MT,8799.0,-111.3409,48.4353,0.0,6,8,4,0.0,s7,ts16 - s7,ts_node_to_storage,storage,N,,,RM,75.0,RM,0.0001,s1,0,10.5514,0,50000000.0
1489,Archer Daniels Midland Co.,f1005661,1.0,2,3,39.8675,-88.885,ethanol,Knox3,s94,IN,4930.0,-87.1143,38.6993,0.0,1,3,2,0.0,s94,f1005661 - s94,source_to_storage,storage,N,,0.0,GL,75.0,GL,0.0001,s1,0,15.8095,0,50000000.0
1490,ROBELINE PLANT,f1006682,2.0,3,7,31.6587,-93.325,ng_processing,Frio1,s67,TX,4855.0,-95.6624,29.7957,3.0,2,7,3,0.0,s67,f1006682 - s67,source_to_storage,storage,N,,,SE,75.0,SE,0.0002,s1,0,14.7412,0,50000000.0
1491,J K Spruce          ,fpp7097.02    ,2.0,3,7,29.31,-98.32,pp_coal,Frio1,s67,TX,4855.0,-95.6624,29.7957,3.0,2,7,3,0.0,s67,fpp7097.02     - s67,source_to_storage,storage,N,,,SWCA,75.0,SWCA,0.0001,s1,0,13.9063,0,50000000.0
1492,_agg_nonop_ng_processing6,f_agg_nonop_ng_processing6,2.0,3,7,28.6904,-97.8005,ng_processing,Frio12b,s82,TX,2121.0,-97.9446,26.8571,4.0,2,7,3,0.0,s82,f_agg_nonop_ng_processing6 - s82,source_to_storage,storage,N,,,SWCA,75.0,SWCA,0.0001,s1,0,13.9063,0,50000000.0
1493,_agg_nonop_ng_processing6,f_agg_nonop_ng_processing6,2.0,3,7,28.6904,-97.8005,ng_processing,Frio12a,s81,TX,2121.0,-97.9446,26.8571,4.0,2,7,3,0.0,s81,f_agg_nonop_ng_processing6 - s81,source_to_storage,storage,N,,,SWCA,75.0,SWCA,0.0001,s1,0,13.9063,0,50000000.0
1494,Archer Daniels Midland Co.,f1005661,1.0,2,3,39.8675,-88.885,ethanol,Mount Simon5,s138,IN,5054.0,-86.9464,38.7475,0.0,1,3,2,0.0,s138,f1005661 - s138,source_to_storage,storage,N,,0.0,GL,75.0,GL,0.0001,s1,0,15.8095,0,50000000.0
1495,"CEMEX SOUTHEAST LLC, DEMOPOLIS PLANT",f1008033,2.0,3,6,32.5127,-87.8156,cement,,ts70,AL,,-86.5671,32.4676,0.0,2,6,3,,,f1008033 - ts70,source_to_ts_node,uniform_ts_node,N,,,SE,75.0,SE,0.0002,s1,0,14.7412,0,50000000.0
1496,_agg_nonop_ng_processing2,f_agg_nonop_ng_processing2,3.0,3,7,35.0734,-95.4912,ng_processing,,p6004,OK,,-96.259,35.9157,0.0,3,7,3,,,f_agg_nonop_ng_processing2 - p6004,source_to_demand,co2_eor,N,,,GP,75.0,GP,0.0001,s1,0,10.5514,0,50000000.0
1497,facility_pp_natgas_1957,fc1957_cluster,,3,7,32.4107,-94.3281,pp_natgas,,ts67,AR,,-93.5084,33.2042,0.0,3,7,3,,,fc1957_cluster - ts67,source_to_ts_node,uniform_ts_node,N,,,SWCA,75.0,SWCA,0.0001,s1,0,13.9063,0,50000000.0
1498,RAMSEY GAS PLANT,f1010768,4.0,3,7,31.8775,-103.9376,ng_processing,,p4410,TX,,-102.699,31.9612,8.0,4,7,3,,,f1010768 - p4410,source_to_demand,co2_eor,N,,,SWCA,75.0,SWCA,0.0001,s1,0,13.9063,0,50000000.0
1499,Mitsubishi Cement Corp Cushenbury Cement Plant,f1005662,7.0,4,9,34.4376,-116.891,cement,,ts3,CA,,-117.6761,33.6122,0.0,7,9,4,,,f1005662 - ts3,source_to_ts_node,uniform_ts_node,N,,,SWCA,75.0,SWCA,0.0001,s1,0,13.9063,0,50000000.0
1500,Terrell Gas Processing,f1003128,4.0,3,7,30.3718,-101.8449,ng_processing,,ts49,TX,,-102.0845,31.404,73.0,4,7,3,,,f1003128 - ts49,source_to_ts_node,operational_ts_node,N,,,SWCA,75.0,SWCA,0.0001,s1,0,13.9063,0,50000000.0
1501,SIMPLOT PHOSPHATES,f1003087,5.0,4,8,41.5414,-109.131,ammonia,Dakota5,s40,UT,10678.0,-110.4189,39.7311,0.0,5,8,4,0.0,s40,f1003087 - s40,source_to_storage,storage,N,,,RM,75.0,RM,0.0001,s1,0,10.5514,0,50000000.0
1502,facility_ammonia_2004,fc2004_cluster,,4,8,41.5414,-109.131,ammonia,Dakota5,s40,UT,10678.0,-110.4189,39.7311,0.0,5,8,4,0.0,s40,fc2004_cluster - s40,source_to_storage,storage,N,,,RM,75.0,RM,0.0001,s1,0,10.5514,0,50000000.0
1503,SIMPLOT PHOSPHATES,f1003087,5.0,4,8,41.5414,-109.131,ammonia,Entrada2,s51,UT,10799.0,-110.4089,39.6458,0.0,5,8,4,0.0,s51,f1003087 - s51,source_to_storage,storage,N,,,RM,75.0,RM,0.0001,s1,0,10.5514,0,50000000.0
1504,facility_ammonia_2004,fc2004_cluster,,4,8,41.5414,-109.131,ammonia,Entrada2,s51,UT,10799.0,-110.4089,39.6458,0.0,5,8,4,0.0,s51,fc2004_cluster - s51,source_to_storage,storage,N,,,RM,75.0,RM,0.0001,s1,0,10.5514,0,50000000.0
1505,facility_pp_natgas_1953,fc1953_cluster,,3,7,33.6792,-92.3787,pp_natgas,,ts67,AR,,-93.5084,33.2042,0.0,3,7,3,,,fc1953_cluster - ts67,source_to_ts_node,uniform_ts_node,N,,,SE,75.0,SE,0.0002,s1,0,14.7412,0,50000000.0
1506,"CARDINAL ETHANOL, LLC",f1002882,1.0,2,3,40.1868,-84.8623,ethanol,Mount Simon11,s144,KY,10350.0,-84.5965,38.2913,0.0,1,6,3,0.0,s144,f1002882 - s144,source_to_storage,storage,N,,,GL,75.0,GL,0.0001,s1,0,15.8095,0,50000000.0
1507,LEHIGH CEMENT COMPANY LLC,f1003891,1.0,2,3,38.7391,-86.457,cement,,ts31,KY,,-85.4315,38.0578,0.0,1,6,3,,,f1003891 - ts31,source_to_ts_node,uniform_ts_node,N,,,GL,75.0,GL,0.0001,s1,0,15.8095,0,50000000.0
1508,THE ANDERSONS MARATHON HOLDINGS LLC IN,f1005969,1.0,2,3,40.719,-86.436,ethanol,Mount Simon7,s140,MI,5446.0,-85.7774,42.2856,0.0,1,3,2,0.0,s140,f1005969 - s140,source_to_storage,storage,N,,,GL,75.0,GL,0.0001,s1,0,15.8095,0,50000000.0
1509,"Valero Renewable Fuels Company, LLC d/b/a Valero Mt. Vernon Plant",f1006490,1.0,2,3,37.9336,-87.8734,ethanol,,ts27,IL,,-89.1261,38.321,0.0,1,3,2,,,f1006490 - ts27,source_to_ts_node,uniform_ts_node,N,,,GL,75.0,GL,0.0001,s1,0,15.8095,0,50000000.0
1510,ContangoResources_LOST CABIN,f1002265,5.0,4,8,43.2811,-107.6012,ng_processing,,ts56,WY,,-106.2405,43.6569,0.0,5,8,4,,,f1002265 - ts56,source_to_ts_node,operational_ts_node,N,,,RM,75.0,RM,0.0001,s1,0,10.5514,0,50000000.0
1511,GCC DACOTAH,f1004539,6.0,2,4,44.089,-103.2676,cement,Madison1,s118,WY,27700.0,-105.6614,43.8523,0.0,5,8,4,0.0,s118,f1004539 - s118,source_to_storage,storage,N,,,GP,75.0,GP,0.0001,s1,0,10.5514,0,50000000.0
1512,_agg_nonop_ng_processing5,f_agg_nonop_ng_processing5,4.0,3,7,31.4074,-103.3243,ng_processing,,ts49,TX,,-102.0845,31.404,73.0,4,7,3,,,f_agg_nonop_ng_processing5 - ts49,source_to_ts_node,operational_ts_node,N,,,SWCA,75.0,SWCA,0.0001,s1,0,13.9063,0,50000000.0
1513,,ts58,4.0,3,7,32.575,-97.3799,uniform_ts_node,Paluxy2,s163,TX,8108.0,-95.4206,32.2673,6.0,2,7,3,0.0,s163,ts58 - s163,ts_node_to_storage,storage,N,,,SWCA,75.0,SWCA,0.0001,s1,0,13.9063,0,50000000.0
1514,THE ANDERSONS MARATHON HOLDINGS LLC MI,f1007933,1.0,2,3,42.2596,-84.7897,ethanol,St. Peter10,s202,MI,9200.0,-84.4233,44.0351,0.0,1,3,2,0.0,s202,f1007933 - s202,source_to_storage,storage,N,,,GL,75.0,GL,0.0001,s1,0,15.8095,0,50000000.0
1515,facility_ng_processing_1987,fc1987_cluster,,3,7,30.7559,-95.4086,ng_processing,Frio7a,s74,TX,1537.0,-95.0427,29.5431,3.0,2,7,3,0.0,s74,fc1987_cluster - s74,source_to_storage,storage,N,,,SWCA,75.0,SWCA,0.0001,s1,0,13.9063,0,50000000.0
1516,facility_ng_processing_1987,fc1987_cluster,,3,7,30.7559,-95.4086,ng_processing,Frio7b,s75,TX,1537.0,-95.0427,29.5431,3.0,2,7,3,0.0,s75,fc1987_cluster - s75,source_to_storage,storage,N,,,SWCA,75.0,SWCA,0.0001,s1,0,13.9063,0,50000000.0
1517,GOLIAD GAS PLANT,f1010223,2.0,3,7,28.6181,-97.6381,ng_processing,Frio13a,s83,TX,1762.0,-97.6582,26.7632,4.0,2,7,3,0.0,s83,f1010223 - s83,source_to_storage,storage,N,,,SWCA,75.0,SWCA,0.0001,s1,0,13.9063,0,50000000.0
1518,GOLIAD GAS PLANT,f1010223,2.0,3,7,28.6181,-97.6381,ng_processing,Frio13b,s84,TX,1762.0,-97.6582,26.7632,4.0,2,7,3,0.0,s84,f1010223 - s84,source_to_storage,storage,N,,,SWCA,75.0,SWCA,0.0001,s1,0,13.9063,0,50000000.0
1519,GOLIAD GAS PLANT,f1010223,2.0,3,7,28.6181,-97.6381,ng_processing,Frio13c,s85,TX,1762.0,-97.6582,26.7632,4.0,2,7,3,0.0,s85,f1010223 - s85,source_to_storage,storage,N,,,SWCA,75.0,SWCA,0.0001,s1,0,13.9063,0,50000000.0
1520,,ts57,6.0,2,4,44.9071,-100.7778,uniform_ts_node,Madison Gp-Mission Canyon1,s114,ND,29617.0,-102.248,47.524,0.0,6,4,2,0.0,s114,ts57 - s114,ts_node_to_storage,storage,N,,,GP,75.0,GP,0.0001,s1,0,10.5514,0,50000000.0
1521,facility_pp_coal_1921,fc1921_cluster,,1,2,40.765,-76.1053,pp_coal,Rose Run3,s186,PA,8201.0,-78.8689,40.9262,0.0,1,2,1,0.0,s186,fc1921_cluster - s186,source_to_storage,storage,N,,,MA,75.0,MA,0.0003,s1,0,19.9921,0,50000000.0
1522,facility_ethanol_1919,fc1919_cluster,,3,6,36.283,-89.1476,ethanol,,ts65,TN,,-89.5434,35.2784,0.0,1,6,3,,,fc1919_cluster - ts65,source_to_ts_node,uniform_ts_node,N,,,SE,75.0,SE,0.0002,s1,0,14.7412,0,50000000.0
1523,GREEN PLAINS OBION LLC,f1006364,1.0,3,6,36.283,-89.1476,ethanol,,ts65,TN,,-89.5434,35.2784,0.0,1,6,3,,,f1006364 - ts65,source_to_ts_node,uniform_ts_node,N,,,SE,75.0,SE,0.0002,s1,0,14.7412,0,50000000.0
1524,facility_pp_natgas_1943,fc1943_cluster,,1,2,40.3855,-79.806,pp_natgas,,ts37,OH,,-81.1971,40.5228,0.0,1,3,2,,,fc1943_cluster - ts37,source_to_ts_node,uniform_ts_node,N,,,MA,75.0,MA,0.0003,s1,0,19.9921,0,50000000.0
1525,,ts27,1.0,2,3,38.321,-89.1261,uniform_ts_node,Knox5,s96,KY,2610.0,-87.2952,37.4824,0.0,1,6,3,0.0,s96,ts27 - s96,ts_node_to_storage,storage,N,,,GL,75.0,GL,0.0001,s1,0,15.8095,0,50000000.0
1526,TARGA WILDCAT GAS PROCESSING PLANT,f1013183,4.0,3,7,31.8052,-103.2412,ng_processing,,ts49,TX,,-102.0845,31.404,73.0,4,7,3,,,f1013183 - ts49,source_to_ts_node,operational_ts_node,N,,,SWCA,75.0,SWCA,0.0001,s1,0,13.9063,0,50000000.0
1527,_agg_nonop_ng_processing3,f_agg_nonop_ng_processing3,4.0,3,7,31.864,-101.8104,ng_processing,Leonard2,s100,NM,9346.0,-103.619,32.9469,4.0,4,8,4,0.0,s100,f_agg_nonop_ng_processing3 - s100,source_to_storage,storage,N,,,SWCA,75.0,SWCA,0.0001,s1,0,13.9063,0,50000000.0
1528,_agg_nonop_ng_processing3,f_agg_nonop_ng_processing3,4.0,3,7,31.864,-101.8104,ng_processing,Queen2,s171,NM,9346.0,-103.846,34.6309,4.0,4,8,4,0.0,s171,f_agg_nonop_ng_processing3 - s171,source_to_storage,storage,N,,,SWCA,75.0,SWCA,0.0001,s1,0,13.9063,0,50000000.0
1529,_agg_nonop_ng_processing3,f_agg_nonop_ng_processing3,4.0,3,7,31.864,-101.8104,ng_processing,Seven Rivers2,s192,TX,51068.0,-102.4437,31.7932,8.0,4,7,3,0.0,s192,f_agg_nonop_ng_processing3 - s192,source_to_storage,storage,N,,,SWCA,75.0,SWCA,0.0001,s1,0,13.9063,0,50000000.0
1530,facility_beccs_2014,fc2014_cluster,,3,7,32.5438,-97.3902,beccs,Paluxy2,s163,TX,8108.0,-95.4206,32.2673,6.0,2,7,3,0.0,s163,fc2014_cluster - s163,source_to_storage,storage,N,,,SWCA,75.0,SWCA,0.0001,s1,0,13.9063,0,50000000.0
1531,facility_cement_1997,fc1997_cluster,,4,9,34.7177,-117.6125,cement,Stevens1,s204,CA,2393.0,-119.3053,35.4104,0.0,7,9,4,0.0,s204,fc1997_cluster - s204,source_to_storage,storage,N,,,SWCA,75.0,SWCA,0.0001,s1,0,13.9063,0,50000000.0
1532,KENEDY GAS PLANT,f1011012,2.0,3,7,28.7516,-98.0138,ng_processing,,p4733,TX,,-97.3119,27.8798,4.0,2,7,3,,,f1011012 - p4733,source_to_demand,co2_eor,N,,,SWCA,75.0,SWCA,0.0001,s1,0,13.9063,0,50000000.0
1533,Labadie             ,fpp2103.03    ,3.0,2,4,38.562,-90.838,pp_coal,Mount Simon2,s135,IL,5957.0,-88.5947,39.0412,0.0,1,3,2,0.0,s135,fpp2103.03     - s135,source_to_storage,storage,N,,,GP,75.0,GP,0.0001,s1,0,10.5514,0,50000000.0
1534,Labadie             ,fpp2103.01    ,3.0,2,4,38.562,-90.838,pp_coal,Mount Simon2,s135,IL,5957.0,-88.5947,39.0412,0.0,1,3,2,0.0,s135,fpp2103.01     - s135,source_to_storage,storage,N,,,GP,75.0,GP,0.0001,s1,0,10.5514,0,50000000.0
1535,THARALDSON ETHANOL PLANT I LLC,f1008006,6.0,2,4,46.9036,-97.2635,ethanol,Basal Cambrian8,s14,ND,11350.0,-99.542,47.8512,0.0,6,4,2,0.0,s14,f1008006 - s14,source_to_storage,storage,N,,,GP,75.0,GP,0.0001,s1,0,10.5514,0,50000000.0
1536,WEST FRENCHIE DRAW AMINE PLANT,f1004110,5.0,4,8,43.2873,-107.6215,ng_processing,,ts56,WY,,-106.2405,43.6569,0.0,5,8,4,,,f1004110 - ts56,source_to_ts_node,operational_ts_node,N,,,RM,75.0,RM,0.0001,s1,0,10.5514,0,50000000.0
1537,SHELBY,f1010598,2.0,3,7,31.7954,-94.179,ng_processing,Paluxy1,s162,TX,409.0,-95.4224,32.4907,6.0,2,7,3,0.0,s162,f1010598 - s162,source_to_storage,storage,N,,,SWCA,75.0,SWCA,0.0001,s1,0,13.9063,0,50000000.0
1538,"TGG PIPELINE, LTD. - SHELBY #3 FACILITY",f1008595,4.0,3,7,32.9159,-96.7725,ng_processing,Paluxy1,s162,TX,409.0,-95.4224,32.4907,6.0,2,7,3,0.0,s162,f1008595 - s162,source_to_storage,storage,N,,,SWCA,75.0,SWCA,0.0001,s1,0,13.9063,0,50000000.0
1539,"TALCO MIDSTREAM ASSETS, LTD. - HOLLY COMMON POINT #6 FACILITY",f1007449,4.0,3,7,32.9159,-96.7725,ng_processing,Paluxy1,s162,TX,409.0,-95.4224,32.4907,6.0,2,7,3,0.0,s162,f1007449 - s162,source_to_storage,storage,N,,,SWCA,75.0,SWCA,0.0001,s1,0,13.9063,0,50000000.0
1540,_agg_nonop_ng_processing2,f_agg_nonop_ng_processing2,3.0,3,7,35.0734,-95.4912,ng_processing,,p6001,OK,,-96.6748,35.5418,0.0,3,7,3,,,f_agg_nonop_ng_processing2 - p6001,source_to_demand,co2_eor,N,,,GP,75.0,GP,0.0001,s1,0,10.5514,0,50000000.0
1541,LEHIGH CEMENT COMPANY LLC,f1003891,1.0,2,3,38.7391,-86.457,cement,Knox6,s97,KY,1700.0,-87.624,37.5415,0.0,1,6,3,0.0,s97,f1003891 - s97,source_to_storage,storage,N,,,GL,75.0,GL,0.0001,s1,0,15.8095,0,50000000.0
1542,facility_pp_natgas_1978,fc1978_cluster,,3,6,32.3244,-86.015,pp_natgas,Eutaw2,s60,AL,8478.0,-87.6484,31.182,0.0,2,6,3,0.0,s60,fc1978_cluster - s60,source_to_storage,storage,N,,,SE,75.0,SE,0.0002,s1,0,14.7412,0,50000000.0
1543,"SIOUXLAND ETHANOL, LLC",f1005683,3.0,2,4,42.452,-96.5918,ethanol,,ts20,NE,,-96.5899,41.3846,0.0,3,4,2,,,f1005683 - ts20,source_to_ts_node,uniform_ts_node,N,,,GP,75.0,GP,0.0001,s1,0,10.5514,0,50000000.0
1544,facility_pp_coal_1923,fc1923_cluster,,4,8,40.8837,-108.3435,pp_coal,Dakota2,s37,CO,3054.0,-106.2868,40.6379,0.0,5,8,4,0.0,s37,fc1923_cluster - s37,source_to_storage,storage,N,,,RM,75.0,RM,0.0001,s1,0,10.5514,0,50000000.0
1545,LEHIGH HANSON CEMENT SOUTH LLC,f1006234,2.0,3,6,33.5401,-86.5435,cement,,ts70,AL,,-86.5671,32.4676,0.0,2,6,3,,,f1006234 - ts70,source_to_ts_node,uniform_ts_node,N,,,SE,75.0,SE,0.0002,s1,0,14.7412,0,50000000.0
1546,"Valero Renewable Fuels Campany LLC, dba Valero Albion Plant",f1003150,3.0,2,4,41.6775,-97.9822,ethanol,,ts20,NE,,-96.5899,41.3846,0.0,3,4,2,,,f1003150 - ts20,source_to_ts_node,uniform_ts_node,N,,,GP,75.0,GP,0.0001,s1,0,10.5514,0,50000000.0
1547,"LEHIGH CEMENT WEST, LLC.",f1002566,7.0,4,9,35.1228,-118.3693,cement,Repetto2a,s175,CA,320.0,-118.1612,33.8864,0.0,7,9,4,0.0,s175,f1002566 - s175,source_to_storage,storage,N,,,SWCA,75.0,SWCA,0.0001,s1,0,13.9063,0,50000000.0
1548,"LEHIGH CEMENT WEST, LLC.",f1002566,7.0,4,9,35.1228,-118.3693,cement,Repetto2b,s176,CA,320.0,-118.1612,33.8864,0.0,7,9,4,0.0,s176,f1002566 - s176,source_to_storage,storage,N,,,SWCA,75.0,SWCA,0.0001,s1,0,13.9063,0,50000000.0
1549,"LEHIGH CEMENT WEST, LLC.",f1002566,7.0,4,9,35.1228,-118.3693,cement,Repetto2c,s177,CA,320.0,-118.1612,33.8864,0.0,7,9,4,0.0,s177,f1002566 - s177,source_to_storage,storage,N,,,SWCA,75.0,SWCA,0.0001,s1,0,13.9063,0,50000000.0
1550,"LEHIGH CEMENT WEST, LLC.",f1002566,7.0,4,9,35.1228,-118.3693,cement,Repetto3a,s178,CA,125.0,-118.1612,33.8864,0.0,7,9,4,0.0,s178,f1002566 - s178,source_to_storage,storage,N,,,SWCA,75.0,SWCA,0.0001,s1,0,13.9063,0,50000000.0
1551,"LEHIGH CEMENT WEST, LLC.",f1002566,7.0,4,9,35.1228,-118.3693,cement,Repetto3b,s179,CA,125.0,-118.1612,33.8864,0.0,7,9,4,0.0,s179,f1002566 - s179,source_to_storage,storage,N,,,SWCA,75.0,SWCA,0.0001,s1,0,13.9063,0,50000000.0
1552,"LEHIGH CEMENT WEST, LLC.",f1002566,7.0,4,9,35.1228,-118.3693,cement,Repetto3c,s180,CA,125.0,-118.1612,33.8864,0.0,7,9,4,0.0,s180,f1002566 - s180,source_to_storage,storage,N,,,SWCA,75.0,SWCA,0.0001,s1,0,13.9063,0,50000000.0
1553,"LEHIGH CEMENT WEST, LLC.",f1002566,7.0,4,9,35.1228,-118.3693,cement,Repetto3d,s181,CA,125.0,-118.1612,33.8864,0.0,7,9,4,0.0,s181,f1002566 - s181,source_to_storage,storage,N,,,SWCA,75.0,SWCA,0.0001,s1,0,13.9063,0,50000000.0
1554,"LEHIGH CEMENT WEST, LLC.",f1002566,7.0,4,9,35.1228,-118.3693,cement,Repetto1,s174,CA,51.0,-118.1612,33.8864,0.0,7,9,4,0.0,s174,f1002566 - s174,source_to_storage,storage,N,,,SWCA,75.0,SWCA,0.0001,s1,0,13.9063,0,50000000.0
1555,TARGA TUPELO GAS PROCESSING PLANT,f1011130,3.0,3,7,34.5864,-96.288,ng_processing,,ts18,OK,,-96.5454,35.639,0.0,3,7,3,,,f1011130 - ts18,source_to_ts_node,uniform_ts_node,N,,,GP,75.0,GP,0.0001,s1,0,10.5514,0,50000000.0
1556,PHOENIX CEMENT COMPANY\S CLARKDALE FACILITY,f1003643,5.0,4,8,34.7814,-112.0827,cement,,ts60,AZ,,-110.7599,34.7449,0.0,5,8,4,,,f1003643 - ts60,source_to_ts_node,uniform_ts_node,N,,,SWCA,75.0,SWCA,0.0001,s1,0,13.9063,0,50000000.0
1557,Terrell Gas Processing,f1003128,4.0,3,7,30.3718,-101.8449,ng_processing,,hsm_cent4,,,-100.8153,30.9963,,4,7,3,,,f1003128 - hsm_cent4,source_to_hsm_cent,hsm_centroid,Y,,500000.0,SWCA,75.0,SWCA,0.0001,s1,0,13.9063,0,50000000.0
1558,ORLA GAS PLANT,f1013400,4.0,3,7,31.8094,-103.8952,ng_processing,,p4402,TX,,-102.637,32.0038,8.0,4,7,3,,,f1013400 - p4402,source_to_demand,co2_eor,N,,,SWCA,75.0,SWCA,0.0001,s1,0,13.9063,0,50000000.0
1559,ContangoResources_LOST CABIN,f1002265,5.0,4,8,43.2811,-107.6012,ng_processing,,p3302,WY,,-106.124,43.4396,0.0,5,8,4,,,f1002265 - p3302,source_to_demand,co2_eor,N,,,RM,75.0,RM,0.0001,s1,0,0.0,0,50000000.0
1560,Petra Nova,fop006,2.0,3,7,29.4791,-95.6294,other_operational_facility,Frio4,s71,TX,694.0,-94.0547,30.0272,3.0,2,7,3,0.0,s71,fop006 - s71,source_to_storage,storage,N,,,SWCA,100.0,SWCA,0.0001,s1,0,18.7948,0,50000000.0
1561,Valero Bloominburg Plant,f1002989,1.0,2,3,39.5975,-83.3904,ethanol,Mount Simon6,s139,IN,29370.0,-86.0531,40.2057,0.0,1,3,2,0.0,s139,f1002989 - s139,source_to_storage,storage,N,,,GL,100.0,GL,0.0002,s1,0,21.2107,0,50000000.0
1562,facility_ammonia_2005,fc2005_cluster,,3,7,30.0058,-90.877,ammonia,Lower Tuscaloosa10,s110,MS,4393.0,-89.0783,30.7252,0.0,2,6,3,0.0,s110,fc2005_cluster - s110,source_to_storage,storage,N,,,SE,100.0,SE,0.0002,s1,0,19.7124,0,50000000.0
1563,Tampa Port Services,f1009795,2.0,3,7,30.0058,-90.877,ammonia,Lower Tuscaloosa10,s110,MS,4393.0,-89.0783,30.7252,0.0,2,6,3,0.0,s110,f1009795 - s110,source_to_storage,storage,N,,,SE,100.0,SE,0.0002,s1,0,19.7124,0,50000000.0
1564,IRON HORSE PROCESSING PLANT,f1013647,3.0,3,7,35.146,-97.9218,ng_processing,,p6001,OK,,-96.6748,35.5418,0.0,3,7,3,,,f1013647 - p6001,source_to_demand,co2_eor,N,,,GP,100.0,GP,0.0001,s1,0,14.3808,0,50000000.0
1565,_agg_nonop_ng_processing0,f_agg_nonop_ng_processing0,2.0,3,7,32.2651,-93.3868,ng_processing,,p4921,LA,,-92.1828,32.6582,0.0,2,7,3,,,f_agg_nonop_ng_processing0 - p4921,source_to_demand,co2_eor,N,,,SE,100.0,SE,0.0002,s1,0,19.7124,0,50000000.0
1566,PRYOR CHEMICAL COMPANY,f1005867,3.0,3,7,36.2412,-95.2783,ammonia,Arbuckle4,s4,KS,32460.0,-99.2057,37.695,0.0,3,4,2,0.0,s4,f1005867 - s4,source_to_storage,storage,N,,,GP,100.0,GP,0.0001,s1,0,14.3808,0,50000000.0
1567,"POET- Biorefining Fairmont, LLC",f1002073,3.0,2,4,40.6112,-97.6015,ethanol,,ts20,NE,,-96.5899,41.3846,0.0,3,4,2,,,f1002073 - ts20,source_to_ts_node,uniform_ts_node,N,,,GP,100.0,GP,0.0001,s1,0,14.3808,0,50000000.0
1568,"KOCH FERTILIZER BEATRICE, LLC",f1006575,3.0,2,4,40.3191,-96.8414,ammonia,,ts20,NE,,-96.5899,41.3846,0.0,3,4,2,,,f1006575 - ts20,source_to_ts_node,uniform_ts_node,N,,,GP,100.0,GP,0.0001,s1,0,14.3808,0,50000000.0
1569,LEHIGH CEMENT CO LLC,f1006136,1.0,2,3,40.7345,-86.4334,cement,,ts32,IN,,-85.0039,40.9117,0.0,1,3,2,,,f1006136 - ts32,source_to_ts_node,uniform_ts_node,N,,,GL,100.0,GL,0.0002,s1,0,21.2107,0,50000000.0
1570,,ts28,1.0,2,3,41.1859,-88.8466,uniform_ts_node,Knox1,s92,IL,10500.0,-88.8089,38.8847,0.0,1,3,2,0.0,s92,ts28 - s92,ts_node_to_storage,storage,N,,,GL,100.0,GL,0.0002,s1,0,21.2107,0,50000000.0
1571,TARGA PEMBROOK GAS PROCESSING PLANT,f1011558,4.0,3,7,31.6327,-101.8433,ng_processing,Queen2,s171,NM,9346.0,-103.846,34.6309,4.0,4,8,4,0.0,s171,f1011558 - s171,source_to_storage,storage,N,,,SWCA,100.0,SWCA,0.0001,s1,0,18.7948,0,50000000.0
1572,TARGA PEMBROOK GAS PROCESSING PLANT,f1011558,4.0,3,7,31.6327,-101.8433,ng_processing,Leonard2,s100,NM,9346.0,-103.619,32.9469,4.0,4,8,4,0.0,s100,f1011558 - s100,source_to_storage,storage,N,,,SWCA,100.0,SWCA,0.0001,s1,0,18.7948,0,50000000.0
1573,TARGA PEMBROOK GAS PROCESSING PLANT,f1011558,4.0,3,7,31.6327,-101.8433,ng_processing,Seven Rivers2,s192,TX,51068.0,-102.4437,31.7932,8.0,4,7,3,0.0,s192,f1011558 - s192,source_to_storage,storage,N,,,SWCA,100.0,SWCA,0.0001,s1,0,18.7948,0,50000000.0
1574,_agg_nonop_ng_processing3,f_agg_nonop_ng_processing3,4.0,3,7,31.864,-101.8104,ng_processing,,p4405,TX,,-101.283,32.8612,81.0,4,7,3,,,f_agg_nonop_ng_processing3 - p4405,source_to_demand,co2_eor,N,,,SWCA,100.0,SWCA,0.0001,s1,0,18.7948,0,50000000.0
1575,THE ANDERSONS MARATHON HOLDINGS LLC IN,f1005969,1.0,2,3,40.719,-86.436,ethanol,,ts32,IN,,-85.0039,40.9117,0.0,1,3,2,,,f1005969 - ts32,source_to_ts_node,uniform_ts_node,N,,,GL,100.0,GL,0.0002,s1,0,21.2107,0,50000000.0
1576,GCC RIO GRANDE INC,f1003067,5.0,4,8,38.1291,-104.6067,cement,Fountain1b,s64,CO,5044.0,-104.6681,40.1597,0.0,5,8,4,0.0,s64,f1003067 - s64,source_to_storage,storage,N,,,RM,100.0,RM,0.0001,s1,0,14.3808,0,50000000.0
1577,facility_pp_coal_1940,fc1940_cluster,,2,4,39.0692,-95.2106,pp_coal,Arbuckle4,s4,KS,32460.0,-99.2057,37.695,0.0,3,4,2,0.0,s4,fc1940_cluster - s4,source_to_storage,storage,N,,,GP,100.0,GP,0.0001,s1,0,14.3808,0,50000000.0
1578,,ts36,1.0,3,5,37.6841,-81.7687,uniform_ts_node,Mount Simon11,s144,KY,10350.0,-84.5965,38.2913,0.0,1,6,3,0.0,s144,ts36 - s144,ts_node_to_storage,storage,N,,,MA,100.0,MA,0.0003,s1,0,26.9676,0,50000000.0
1579,,ts27,1.0,2,3,38.321,-89.1261,uniform_ts_node,Knox3,s94,IN,4930.0,-87.1143,38.6993,0.0,1,3,2,0.0,s94,ts27 - s94,ts_node_to_storage,storage,N,,,GL,100.0,GL,0.0002,s1,0,21.2107,0,50000000.0
1580,Velma Gas Plant,f1007903,3.0,3,7,34.4615,-97.6905,ng_processing,Arbuckle1,s1,OK,10229.0,-98.5544,36.3994,0.0,3,7,3,0.0,s1,f1007903 - s1,source_to_storage,storage,N,,,GP,100.0,GP,0.0001,s1,0,14.3808,0,50000000.0
1581,WEST FRENCHIE DRAW AMINE PLANT,f1004110,5.0,4,8,43.2873,-107.6215,ng_processing,,p3302,WY,,-106.124,43.4396,0.0,5,8,4,,,f1004110 - p3302,source_to_demand,co2_eor,N,,,RM,100.0,RM,0.0001,s1,0,14.3808,0,50000000.0
1582,ASH GROVE CEMENT COMPANY-MONTANA CITY,f1002531,6.0,4,8,46.5445,-111.9206,cement,,ts15,MT,,-113.3399,46.0614,0.0,6,8,4,,,f1002531 - ts15,source_to_ts_node,uniform_ts_node,N,,,RM,100.0,RM,0.0001,s1,0,14.3808,0,50000000.0
1583,GREEN PLAINS SHENANDOAH LLC,f1004332,3.0,2,4,40.7549,-95.3953,ethanol,,ts20,NE,,-96.5899,41.3846,0.0,3,4,2,,,f1004332 - ts20,source_to_ts_node,uniform_ts_node,N,,,GP,100.0,GP,0.0001,s1,0,14.3808,0,50000000.0
1584,PLEASANT HILL GAS TREATING FACILITY,f1009090,2.0,3,7,31.881,-93.4661,ng_processing,Paluxy2,s163,TX,8108.0,-95.4206,32.2673,6.0,2,7,3,0.0,s163,f1009090 - s163,source_to_storage,storage,N,,,SE,100.0,SE,0.0002,s1,0,19.7124,0,50000000.0
1585,,ts17,3.0,2,4,41.3081,-100.4651,uniform_ts_node,Dakota10,s45,NE,8564.0,-103.2372,41.6698,0.0,3,4,2,0.0,s45,ts17 - s45,ts_node_to_storage,storage,N,,,GP,100.0,GP,0.0001,s1,0,14.3808,0,50000000.0
1586,,ts17,3.0,2,4,41.3081,-100.4651,uniform_ts_node,Entrada7,s56,NE,8564.0,-103.2372,41.6698,0.0,3,4,2,0.0,s56,ts17 - s56,ts_node_to_storage,storage,N,,,GP,100.0,GP,0.0001,s1,0,14.3808,0,50000000.0
1587,LAS TIENDAS PLANT,f1010735,2.0,3,7,27.9605,-98.5941,ng_processing,Frio10,s79,TX,2317.0,-96.5041,28.516,2.0,2,7,3,0.0,s79,f1010735 - s79,source_to_storage,storage,N,,,SWCA,100.0,SWCA,0.0001,s1,0,18.7948,0,50000000.0
1588,facility_cement_2000,fc2000_cluster,,2,3,40.74,-86.0745,cement,Mount Simon3,s136,IL,20633.0,-89.239,39.9199,0.0,1,3,2,0.0,s136,fc2000_cluster - s136,source_to_storage,storage,N,,,GL,100.0,GL,0.0002,s1,0,21.2107,0,50000000.0
1589,Thomas Hill         ,fpp2168.03    ,3.0,2,4,39.552,-92.638,pp_coal,,ts23,MO,,-92.8416,38.4726,0.0,3,4,2,,,fpp2168.03     - ts23,source_to_ts_node,uniform_ts_node,N,,,GP,100.0,GP,0.0001,s1,0,14.3808,0,50000000.0
1590,"Hankinson Renewable Energy, LLC",f1004702,6.0,2,4,46.0732,-96.8868,ethanol,,ts22,MN,,-96.6423,47.1634,0.0,3,4,2,,,f1004702 - ts22,source_to_ts_node,uniform_ts_node,N,,,GP,100.0,GP,0.0001,s1,0,14.3808,0,50000000.0
1591,facility_ethanol_1919,fc1919_cluster,,3,6,36.283,-89.1476,ethanol,Knox5,s96,KY,2610.0,-87.2952,37.4824,0.0,1,6,3,0.0,s96,fc1919_cluster - s96,source_to_storage,storage,N,,,SE,100.0,SE,0.0002,s1,0,19.7124,0,50000000.0
1592,GREEN PLAINS OBION LLC,f1006364,1.0,3,6,36.283,-89.1476,ethanol,Knox5,s96,KY,2610.0,-87.2952,37.4824,0.0,1,6,3,0.0,s96,f1006364 - s96,source_to_storage,storage,N,,,SE,100.0,SE,0.0002,s1,0,19.7124,0,50000000.0
1593,"Marquis Energy - Wisconsin, LLC",f1005051,1.0,2,3,43.9919,-90.0722,ethanol,,ts29,WI,,-88.5434,44.0574,0.0,1,3,2,,,f1005051 - ts29,source_to_ts_node,uniform_ts_node,N,,,GL,100.0,GL,0.0002,s1,0,21.2107,0,50000000.0
1594,,ts46,2.0,3,7,30.1309,-93.8362,operational_ts_node,,p4701,TX,,-95.0593,29.8337,3.0,2,7,3,,,ts46 - p4701,ts_node_to_demand,co2_eor,N,,,SWCA,100.0,SWCA,0.0001,s1,0,18.7948,0,50000000.0
1595,"PCS Nitrogen Ohio, L.P.",f1002229,1.0,2,3,40.7113,-84.1382,ammonia,,hsm_cent1,,,-82.7942,40.2888,,1,3,2,,,f1002229 - hsm_cent1,source_to_hsm_cent,hsm_centroid,Y,,525528.9261,GL,100.0,GL,0.0002,s1,0,21.2107,0,50000000.0
1596,TARGA PEMBROOK GAS PROCESSING PLANT,f1011558,4.0,3,7,31.6327,-101.8433,ng_processing,,p4411,TX,,-101.912,32.7303,81.0,4,7,3,,,f1011558 - p4411,source_to_demand,co2_eor,N,,,SWCA,100.0,SWCA,0.0001,s1,0,18.7948,0,50000000.0
1597,facility_ng_processing_1985,fc1985_cluster,,4,8,38.1295,-104.8068,ng_processing,Fountain1b,s64,CO,5044.0,-104.6681,40.1597,0.0,5,8,4,0.0,s64,fc1985_cluster - s64,source_to_storage,storage,N,,,RM,100.0,RM,0.0001,s1,0,14.3808,0,50000000.0
1598,ROBELINE PLANT,f1006682,2.0,3,7,31.6587,-93.325,ng_processing,Frio3a,s69,TX,1193.0,-94.2397,30.2314,3.0,2,7,3,0.0,s69,f1006682 - s69,source_to_storage,storage,N,,,SE,100.0,SE,0.0002,s1,0,19.7124,0,50000000.0
1599,ROBELINE PLANT,f1006682,2.0,3,7,31.6587,-93.325,ng_processing,Frio3b,s70,TX,1193.0,-94.2397,30.2314,3.0,2,7,3,0.0,s70,f1006682 - s70,source_to_storage,storage,N,,,SE,100.0,SE,0.0002,s1,0,19.7124,0,50000000.0
1600,facility_ng_processing_1987,fc1987_cluster,,3,7,30.7559,-95.4086,ng_processing,Frio4,s71,TX,694.0,-94.0547,30.0272,3.0,2,7,3,0.0,s71,fc1987_cluster - s71,source_to_storage,storage,N,,,SWCA,100.0,SWCA,0.0001,s1,0,18.7948,0,50000000.0
1601,"GCC Permian, LLC",f1006363,4.0,3,7,31.7037,-102.3922,cement,,p4411,TX,,-101.912,32.7303,81.0,4,7,3,,,f1006363 - p4411,source_to_demand,co2_eor,N,,,SWCA,100.0,SWCA,0.0001,s1,0,18.7948,0,50000000.0
1602,"South Bend Ethanol, LLC.",f1000415,1.0,2,3,41.6552,-86.2962,ethanol,Mount Simon3,s136,IL,20633.0,-89.239,39.9199,0.0,1,3,2,0.0,s136,f1000415 - s136,source_to_storage,storage,N,,,GL,100.0,GL,0.0002,s1,0,21.2107,0,50000000.0
1603,RAMSEY GAS PLANT,f1010768,4.0,3,7,31.8775,-103.9376,ng_processing,,p4402,TX,,-102.637,32.0038,8.0,4,7,3,,,f1010768 - p4402,source_to_demand,co2_eor,N,,,SWCA,100.0,SWCA,0.0001,s1,0,18.7948,0,50000000.0
1604,CEMEX CONSTRUCTION MATERIALS SOUTH LLC,f1007877,5.0,4,8,40.2022,-105.2367,cement,Nugget2,s154,WY,22707.0,-108.4889,41.8307,0.0,5,8,4,0.0,s154,f1007877 - s154,source_to_storage,storage,N,,,RM,100.0,RM,0.0001,s1,0,14.3808,0,50000000.0
1605,facility_pp_natgas_1944,fc1944_cluster,,4,8,39.7757,-104.5501,pp_natgas,Dakota2,s37,CO,3054.0,-106.2868,40.6379,0.0,5,8,4,0.0,s37,fc1944_cluster - s37,source_to_storage,storage,N,,,RM,100.0,RM,0.0001,s1,0,14.3808,0,50000000.0
1606,facility_pp_natgas_1964,fc1964_cluster,,3,5,38.1512,-77.4353,pp_natgas,,ts40,VA,,-78.148,37.2015,0.0,1,5,3,,,fc1964_cluster - ts40,source_to_ts_node,uniform_ts_node,N,,,MA,100.0,MA,0.0003,s1,0,26.9676,0,50000000.0
1607,LONE STAR INDUSTRIES,f1006112,3.0,2,4,37.2676,-89.5385,cement,,ts27,IL,,-89.1261,38.321,0.0,1,3,2,,,f1006112 - ts27,source_to_ts_node,uniform_ts_node,N,,,GP,100.0,GP,0.0001,s1,0,14.3808,0,50000000.0
1608,MERIT ENERGY 345 ARKOMA BASIN GB,f1012433,4.0,3,7,32.9348,-96.818,ng_processing,Paluxy1,s162,TX,409.0,-95.4224,32.4907,6.0,2,7,3,0.0,s162,f1012433 - s162,source_to_storage,storage,N,,,SWCA,100.0,SWCA,0.0001,s1,0,18.7948,0,50000000.0
1609,"CF INDUSTRIES NITROGEN, LLC - DONALDSONVILLE NITROGEN COMPLEX",f1002301,2.0,3,7,30.0869,-90.9579,ammonia,Lower Tuscaloosa10,s110,MS,4393.0,-89.0783,30.7252,0.0,2,6,3,0.0,s110,f1002301 - s110,source_to_storage,storage,N,,,SE,100.0,SE,0.0002,s1,0,19.7124,0,50000000.0
1610,TEXAS LEHIGH CEMENT COMPANY LP,f1002102,2.0,3,7,30.071,-97.8568,cement,,ts72,TX,,-97.5,29.0,2.0,2,7,3,,,f1002102 - ts72,source_to_ts_node,uniform_ts_node,N,,,SWCA,100.0,SWCA,0.0001,s1,0,18.7948,0,50000000.0
1611,facility_cement_1997,fc1997_cluster,,4,9,34.7177,-117.6125,cement,,ts3,CA,,-117.6761,33.6122,0.0,7,9,4,,,fc1997_cluster - ts3,source_to_ts_node,uniform_ts_node,N,,,SWCA,100.0,SWCA,0.0001,s1,0,18.7948,0,50000000.0
1612,PLEASANT HILL GAS TREATING FACILITY,f1009090,2.0,3,7,31.881,-93.4661,ng_processing,Woodbine1,s228,TX,13575.0,-95.5742,31.6981,6.0,2,7,3,0.0,s228,f1009090 - s228,source_to_storage,storage,N,,,SE,100.0,SE,0.0002,s1,0,19.7124,0,50000000.0
1613,,ts53,5.0,4,8,42.1067,-108.417,operational_ts_node,Weber3,s221,CO,5712.0,-107.8178,40.6082,0.0,5,8,4,0.0,s221,ts53 - s221,ts_node_to_storage,storage,N,,,RM,100.0,RM,0.0001,s1,0,14.3808,0,50000000.0
1614,PANTHER GAS PLANT,f1012901,4.0,3,7,31.6411,-102.1938,ng_processing,,p4411,TX,,-101.912,32.7303,81.0,4,7,3,,,f1012901 - p4411,source_to_demand,co2_eor,N,,,SWCA,100.0,SWCA,0.0001,s1,0,18.7948,0,50000000.0
1615,GREEN PLAINS OBION LLC,f1006364,1.0,3,6,36.283,-89.1476,ethanol,Knox2,s93,IL,5560.0,-88.4987,38.1531,0.0,1,3,2,0.0,s93,f1006364 - s93,source_to_storage,storage,N,,,SE,100.0,SE,0.0002,s1,0,19.7124,0,50000000.0
1616,facility_ethanol_1919,fc1919_cluster,,3,6,36.283,-89.1476,ethanol,Knox2,s93,IL,5560.0,-88.4987,38.1531,0.0,1,3,2,0.0,s93,fc1919_cluster - s93,source_to_storage,storage,N,,,SE,100.0,SE,0.0002,s1,0,19.7124,0,50000000.0
1617,facility_pp_natgas_1960,fc1960_cluster,,4,9,37.9663,-121.6972,pp_natgas,,ts1,CA,,-122.9892,38.4485,0.0,7,9,4,,,fc1960_cluster - ts1,source_to_ts_node,uniform_ts_node,N,,,SWCA,100.0,SWCA,0.0001,s1,0,18.7948,0,50000000.0
1618,"CARDINAL ETHANOL, LLC",f1002882,1.0,2,3,40.1868,-84.8623,ethanol,,hsm_cent1,,,-86.2813,39.894,,1,3,2,,,f1002882 - hsm_cent1,source_to_hsm_cent,hsm_centroid,Y,,216376.8294,GL,100.0,GL,0.0002,s1,0,21.2107,0,50000000.0
1619,HOLCIM INCORPORATED,f1002204,3.0,3,7,34.7675,-96.6965,cement,Arbuckle1,s1,OK,10229.0,-98.5544,36.3994,0.0,3,7,3,0.0,s1,f1002204 - s1,source_to_storage,storage,N,,,GP,100.0,GP,0.0001,s1,0,14.3808,0,50000000.0
1620,,ts53,5.0,4,8,42.1067,-108.417,operational_ts_node,Nugget1,s153,CO,5877.0,-107.939,40.6116,0.0,5,8,4,0.0,s153,ts53 - s153,ts_node_to_storage,storage,N,,,RM,100.0,RM,0.0001,s1,0,14.3808,0,50000000.0
1621,,ts64,5.0,4,8,42.2721,-112.1273,uniform_ts_node,Nugget2,s154,WY,22707.0,-108.4889,41.8307,0.0,5,8,4,0.0,s154,ts64 - s154,ts_node_to_storage,storage,N,,,RM,100.0,RM,0.0001,s1,0,14.3808,0,50000000.0
1622,facility_cement_2000,fc2000_cluster,,2,3,40.74,-86.0745,cement,St. Peter8,s200,MI,11160.0,-85.0621,42.4439,0.0,1,3,2,0.0,s200,fc2000_cluster - s200,source_to_storage,storage,N,,,GL,100.0,GL,0.0002,s1,0,21.2107,0,50000000.0
1623,,ts72,2.0,3,7,29.0,-97.5,uniform_ts_node,,p4733,TX,,-97.3119,27.8798,4.0,2,7,3,,,ts72 - p4733,ts_node_to_demand,co2_eor,N,,,SWCA,100.0,SWCA,0.0001,s1,0,18.7948,0,50000000.0
1624,YOAKUM CRYOGENIC PLANT,f1009093,2.0,3,7,29.3421,-97.11,ng_processing,Frio7a,s74,TX,1537.0,-95.0427,29.5431,3.0,2,7,3,0.0,s74,f1009093 - s74,source_to_storage,storage,N,,,SWCA,100.0,SWCA,0.0001,s1,0,18.7948,0,50000000.0
1625,YOAKUM CRYOGENIC PLANT,f1009093,2.0,3,7,29.3421,-97.11,ng_processing,Frio7b,s75,TX,1537.0,-95.0427,29.5431,3.0,2,7,3,0.0,s75,f1009093 - s75,source_to_storage,storage,N,,,SWCA,100.0,SWCA,0.0001,s1,0,18.7948,0,50000000.0
1626,facility_pp_natgas_1971,fc1971_cluster,,2,3,42.3856,-85.5171,pp_natgas,St. Peter10,s202,MI,9200.0,-84.4233,44.0351,0.0,1,3,2,0.0,s202,fc1971_cluster - s202,source_to_storage,storage,N,,,GL,100.0,GL,0.0002,s1,0,21.2107,0,50000000.0
1627,"KOCH FERTILIZER DODGE CITY, LLC",f1006037,3.0,2,4,37.78,-100.0057,ammonia,,p5309,KS,,-99.0321,38.6058,0.0,3,4,2,,,f1006037 - p5309,source_to_demand,co2_eor,N,,,GP,100.0,GP,0.0001,s1,0,0.0,0,50000000.0
1628,"Valero Renewable Fuels Company, LLC d/b/a Valero Mt. Vernon Plant",f1006490,1.0,2,3,37.9336,-87.8734,ethanol,Mount Simon6,s139,IN,29370.0,-86.0531,40.2057,0.0,1,3,2,0.0,s139,f1006490 - s139,source_to_storage,storage,N,,,GL,100.0,GL,0.0002,s1,0,21.2107,0,50000000.0
1629,PCS NITROGEN FERTILIZER LP - GEISMAR AGRICULTURAL NITROGEN & PHOSPHATE PLANT,f1003489,2.0,3,7,30.2258,-91.0532,ammonia,,hsm_cent2,,,-91.9594,31.0438,,2,7,3,,,f1003489 - hsm_cent2,source_to_hsm_cent,hsm_centroid,Y,,486356.3379,SE,100.0,SE,0.0002,s1,0,19.7124,0,50000000.0
1630,Holcim (US) INC JOPPA PLANT,f1000243,1.0,2,3,37.2168,-88.8798,cement,,ts27,IL,,-89.1261,38.321,0.0,1,3,2,,,f1000243 - ts27,source_to_ts_node,uniform_ts_node,N,,,GL,100.0,GL,0.0002,s1,0,21.2107,0,50000000.0
1631,PCS NITROGEN FERTILIZER LP - GEISMAR AGRICULTURAL NITROGEN & PHOSPHATE PLANT,f1003489,2.0,3,7,30.2258,-91.0532,ammonia,Lower Tuscaloosa10,s110,MS,4393.0,-89.0783,30.7252,0.0,2,6,3,0.0,s110,f1003489 - s110,source_to_storage,storage,N,,,SE,100.0,SE,0.0002,s1,0,19.7124,0,50000000.0
1632,"NE Nitro Geneva, LLC",f1013265,3.0,2,4,40.5389,-97.58,ammonia,,ts20,NE,,-96.5899,41.3846,0.0,3,4,2,,,f1013265 - ts20,source_to_ts_node,uniform_ts_node,N,,,GP,100.0,GP,0.0001,s1,0,14.3808,0,50000000.0
1633,,ts53,5.0,4,8,42.1067,-108.417,operational_ts_node,Tensleep4,s212,WY,6902.0,-110.5927,41.9882,0.0,5,8,4,0.0,s212,ts53 - s212,ts_node_to_storage,storage,N,,,RM,100.0,RM,0.0001,s1,0,14.3808,0,50000000.0
1634,,ts55,5.0,4,8,40.0975,-108.8773,operational_ts_node,Tensleep5,s213,UT,4436.0,-111.1856,41.1392,0.0,5,8,4,0.0,s213,ts55 - s213,ts_node_to_storage,storage,N,,,RM,100.0,RM,0.0001,s1,0,14.3808,0,50000000.0
1635,,ts46,2.0,3,7,30.1309,-93.8362,operational_ts_node,Woodbine1,s228,TX,13575.0,-95.5742,31.6981,6.0,2,7,3,0.0,s228,ts46 - s228,ts_node_to_storage,storage,N,,,SWCA,100.0,SWCA,0.0001,s1,0,18.7948,0,50000000.0
1636,facility_pp_natgas_1977,fc1977_cluster,,3,6,32.8966,-89.0562,pp_natgas,,ts52,MS,,-90.388,32.6973,0.0,2,6,3,,,fc1977_cluster - ts52,source_to_ts_node,operational_ts_node,N,,,SE,100.0,SE,0.0002,s1,0,19.7124,0,50000000.0
1637,facility_ethanol_1913,fc1913_cluster,,2,8,40.4534,-110.2953,ethanol,,ts55,CO,,-108.8773,40.0975,0.0,5,8,4,,,fc1913_cluster - ts55,source_to_ts_node,operational_ts_node,N,,,RM,100.0,RM,0.0001,s1,0,14.3808,0,50000000.0
1638,facility_beccs_2013,fc2013_cluster,,4,8,40.4534,-110.2953,beccs,,ts55,CO,,-108.8773,40.0975,0.0,5,8,4,,,fc2013_cluster - ts55,source_to_ts_node,operational_ts_node,N,,,RM,100.0,RM,0.0001,s1,0,14.3808,0,50000000.0
1639,facility_pp_coal_1935,fc1935_cluster,,3,6,33.5544,-86.9396,pp_coal,,ts70,AL,,-86.5671,32.4676,0.0,2,6,3,,,fc1935_cluster - ts70,source_to_ts_node,uniform_ts_node,N,,,SE,100.0,SE,0.0002,s1,0,19.7124,0,50000000.0
1640,BATTLE HORSE PLANT,f1013903,2.0,3,7,30.1619,-96.5631,ng_processing,Frio7a,s74,TX,1537.0,-95.0427,29.5431,3.0,2,7,3,0.0,s74,f1013903 - s74,source_to_storage,storage,N,,,SWCA,100.0,SWCA,0.0001,s1,0,18.7948,0,50000000.0
1641,BATTLE HORSE PLANT,f1013903,2.0,3,7,30.1619,-96.5631,ng_processing,Frio7b,s75,TX,1537.0,-95.0427,29.5431,3.0,2,7,3,0.0,s75,f1013903 - s75,source_to_storage,storage,N,,,SWCA,100.0,SWCA,0.0001,s1,0,18.7948,0,50000000.0
1642,BATTLE HORSE PLANT,f1013903,2.0,3,7,30.1619,-96.5631,ng_processing,Frio10,s79,TX,2317.0,-96.5041,28.516,2.0,2,7,3,0.0,s79,f1013903 - s79,source_to_storage,storage,N,,,SWCA,100.0,SWCA,0.0001,s1,0,18.7948,0,50000000.0
1643,Valero Renewable Fuels LLC Charles City,f1001967,3.0,2,4,43.0964,-92.745,ethanol,,ts25,MN,,-92.573,44.2227,0.0,3,4,2,,,f1001967 - ts25,source_to_ts_node,uniform_ts_node,N,,,GP,100.0,GP,0.0001,s1,0,14.3808,0,50000000.0
1644,Oklahoma Carbon Hub-EOR,fop004,3.0,3,7,36.7611,-96.7128,other_operational_facility,,ts18,OK,,-96.5454,35.639,0.0,3,7,3,,,fop004 - ts18,source_to_ts_node,uniform_ts_node,N,,,GP,100.0,GP,0.0001,s1,0,14.3808,0,50000000.0
1645,facility_ethanol_1917,fc1917_cluster,,2,1,44.2402,-70.6453,ethanol,,ts44,VT,,-71.8379,44.9967,0.0,1,1,1,,,fc1917_cluster - ts44,source_to_ts_node,uniform_ts_node,N,,,NE,100.0,NE,0.0003,s1,0,35.415,0,50000000.0
1646,facility_ammonia_2008,fc2008_cluster,,3,1,44.2402,-70.6453,ammonia,,ts44,VT,,-71.8379,44.9967,0.0,1,1,1,,,fc2008_cluster - ts44,source_to_ts_node,uniform_ts_node,N,,,NE,100.0,NE,0.0003,s1,0,35.415,0,50000000.0
1647,facility_beccs_2017,fc2017_cluster,,1,1,44.2402,-70.6453,beccs,,ts44,VT,,-71.8379,44.9967,0.0,1,1,1,,,fc2017_cluster - ts44,source_to_ts_node,uniform_ts_node,N,,,NE,100.0,NE,0.0003,s1,0,35.415,0,50000000.0
1648,facility_ng_processing_1990,fc1990_cluster,,4,1,44.2402,-70.6453,ng_processing,,ts44,VT,,-71.8379,44.9967,0.0,1,1,1,,,fc1990_cluster - ts44,source_to_ts_node,uniform_ts_node,N,,,NE,100.0,NE,0.0003,s1,0,35.415,0,50000000.0
1649,facility_pp_natgas_1966,fc1966_cluster,,3,5,35.4228,-81.0956,pp_natgas,,ts35,SC,,-82.2981,34.8411,0.0,1,5,3,,,fc1966_cluster - ts35,source_to_ts_node,uniform_ts_node,N,,,SE,100.0,SE,0.0002,s1,0,19.7124,0,50000000.0
1650,Marion Ethanol LLC d/b/a Poet Biorefining - Marion,f1004902,1.0,2,3,40.6186,-83.1595,ethanol,Mount Simon8,s141,MI,4788.0,-83.6668,42.2254,0.0,1,3,2,0.0,s141,f1004902 - s141,source_to_storage,storage,N,,,GL,100.0,GL,0.0002,s1,0,21.2107,0,50000000.0
1651,Marion Ethanol LLC d/b/a Poet Biorefining - Marion,f1004902,1.0,2,3,40.6186,-83.1595,ethanol,St. Peter8,s200,MI,11160.0,-85.0621,42.4439,0.0,1,3,2,0.0,s200,f1004902 - s200,source_to_storage,storage,N,,,GL,100.0,GL,0.0002,s1,0,21.2107,0,50000000.0
1652,GCC DACOTAH,f1004539,6.0,2,4,44.089,-103.2676,cement,Minnelusa1,s122,WY,9960.0,-105.7231,43.9693,0.0,5,8,4,0.0,s122,f1004539 - s122,source_to_storage,storage,N,,,GP,100.0,GP,0.0001,s1,0,14.3808,0,50000000.0
1653,MONARCH CEMENT COMPANY (THE),f1001701,3.0,2,4,37.7972,-95.4314,cement,,ts19,KS,,-96.5668,38.5117,0.0,3,4,2,,,f1001701 - ts19,source_to_ts_node,uniform_ts_node,N,,,GP,100.0,GP,0.0001,s1,0,14.3808,0,50000000.0
1654,GCC DACOTAH,f1004539,6.0,2,4,44.089,-103.2676,cement,Madison Gp-Mission Canyon4,s117,MT,42151.0,-105.8029,47.238,0.0,6,8,4,0.0,s117,f1004539 - s117,source_to_storage,storage,N,,,GP,100.0,GP,0.0001,s1,0,14.3808,0,50000000.0
1655,facility_pp_natgas_1979,fc1979_cluster,,3,6,34.6345,-87.0425,pp_natgas,,ts30,TN,,-85.8272,35.2015,0.0,1,6,3,,,fc1979_cluster - ts30,source_to_ts_node,uniform_ts_node,N,,,SE,100.0,SE,0.0002,s1,0,19.7124,0,50000000.0
1656,LEHIGH CEMENT CO LLC,f1005352,3.0,2,4,43.1788,-93.2118,cement,,ts25,MN,,-92.573,44.2227,0.0,3,4,2,,,f1005352 - ts25,source_to_ts_node,uniform_ts_node,N,,,GP,100.0,GP,0.0001,s1,0,14.3808,0,50000000.0
1657,Lehigh Cement LLC,f1002517,1.0,2,3,38.4157,-85.7494,cement,Knox4,s95,IN,1275.0,-87.6386,38.0852,0.0,1,3,2,0.0,s95,f1002517 - s95,source_to_storage,storage,N,,,GL,100.0,GL,0.0002,s1,0,21.2107,0,50000000.0
1658,Velma Gas Plant,f1007903,3.0,3,7,34.4615,-97.6905,ng_processing,,hsm_cent3,,,-97.4936,35.5893,,3,7,3,,,f1007903 - hsm_cent3,source_to_hsm_cent,hsm_centroid,Y,,15408.6403,GP,100.0,GP,0.0001,s1,0,14.3808,0,50000000.0
1659,LONE STAR INDUSTRIES,f1006112,3.0,2,4,37.2676,-89.5385,cement,Knox6,s97,KY,1700.0,-87.624,37.5415,0.0,1,6,3,0.0,s97,f1006112 - s97,source_to_storage,storage,N,,,GP,100.0,GP,0.0001,s1,0,14.3808,0,50000000.0
1660,KENEDY GAS PLANT,f1011012,2.0,3,7,28.7516,-98.0138,ng_processing,Frio12b,s82,TX,2121.0,-97.9446,26.8571,4.0,2,7,3,0.0,s82,f1011012 - s82,source_to_storage,storage,N,,,SWCA,100.0,SWCA,0.0001,s1,0,18.7948,0,50000000.0
1661,KENEDY GAS PLANT,f1011012,2.0,3,7,28.7516,-98.0138,ng_processing,Frio12a,s81,TX,2121.0,-97.9446,26.8571,4.0,2,7,3,0.0,s81,f1011012 - s81,source_to_storage,storage,N,,,SWCA,100.0,SWCA,0.0001,s1,0,18.7948,0,50000000.0
1662,LAS TIENDAS PLANT,f1010735,2.0,3,7,27.9605,-98.5941,ng_processing,,p4733,TX,,-97.3119,27.8798,4.0,2,7,3,,,f1010735 - p4733,source_to_demand,co2_eor,N,,,SWCA,100.0,SWCA,0.0001,s1,0,18.7948,0,50000000.0
1663,TXI Hunter Cement Plant,f1007621,2.0,3,7,29.7999,-98.0365,cement,Frio1,s67,TX,4855.0,-95.6624,29.7957,3.0,2,7,3,0.0,s67,f1007621 - s67,source_to_storage,storage,N,,,SWCA,100.0,SWCA,0.0001,s1,0,18.7948,0,50000000.0
1664,CAMPO VIEJO GAS PROCESSING PLANT,f1013609,4.0,3,7,33.1499,-102.9912,ng_processing,,hsm_cent4,,,-101.663,33.4656,,4,7,3,,,f1013609 - hsm_cent4,source_to_hsm_cent,hsm_centroid,Y,,43050.0,SWCA,100.0,SWCA,0.0001,s1,0,18.7948,0,50000000.0
1665,WEST BISTINEAU FACILITY,f1005693,2.0,3,7,32.2107,-93.4413,ng_processing,,p4921,LA,,-92.1828,32.6582,0.0,2,7,3,,,f1005693 - p4921,source_to_demand,co2_eor,N,,,SE,100.0,SE,0.0002,s1,0,19.7124,0,50000000.0
1666,LINAM RANCH GAS PLANT,f1005641,4.0,4,8,32.6953,-103.2853,ng_processing,,p4411,TX,,-101.912,32.7303,81.0,4,7,3,,,f1005641 - p4411,source_to_demand,co2_eor,N,,,RM,100.0,RM,0.0001,s1,0,0.0,0,50000000.0
1667,Petra Nova,fop006,2.0,3,7,29.4791,-95.6294,other_operational_facility,Woodbine1,s228,TX,13575.0,-95.5742,31.6981,6.0,2,7,3,0.0,s228,fop006 - s228,source_to_storage,storage,N,,,SWCA,100.0,SWCA,0.0001,s1,0,18.7948,0,50000000.0
1668,ARGOS CEMENT LLC. - ROBERTA PLANT,f1006659,2.0,3,6,33.1043,-86.7985,cement,Washita-Fredericksburg1,s215,AL,13025.0,-87.4539,31.3942,0.0,2,6,3,0.0,s215,f1006659 - s215,source_to_storage,storage,N,,,SE,100.0,SE,0.0002,s1,0,19.7124,0,50000000.0
1669,PLAINVIEW BIOENERY LLC,f1007819,4.0,3,7,34.1806,-101.6274,ethanol,Seven Rivers2,s192,TX,51068.0,-102.4437,31.7932,8.0,4,7,3,0.0,s192,f1007819 - s192,source_to_storage,storage,N,,,SWCA,100.0,SWCA,0.0001,s1,0,18.7948,0,50000000.0
1670,PLAINVIEW BIOENERY LLC,f1007819,4.0,3,7,34.1806,-101.6274,ethanol,Leonard2,s100,NM,9346.0,-103.619,32.9469,4.0,4,8,4,0.0,s100,f1007819 - s100,source_to_storage,storage,N,,,SWCA,100.0,SWCA,0.0001,s1,0,18.7948,0,50000000.0
1671,PLAINVIEW BIOENERY LLC,f1007819,4.0,3,7,34.1806,-101.6274,ethanol,Queen2,s171,NM,9346.0,-103.846,34.6309,4.0,4,8,4,0.0,s171,f1007819 - s171,source_to_storage,storage,N,,,SWCA,100.0,SWCA,0.0001,s1,0,18.7948,0,50000000.0
1672,_agg_nonop_ng_processing6,f_agg_nonop_ng_processing6,2.0,3,7,28.6904,-97.8005,ng_processing,Frio13b,s84,TX,1762.0,-97.6582,26.7632,4.0,2,7,3,0.0,s84,f_agg_nonop_ng_processing6 - s84,source_to_storage,storage,N,,,SWCA,100.0,SWCA,0.0001,s1,0,18.7948,0,50000000.0
1673,_agg_nonop_ng_processing6,f_agg_nonop_ng_processing6,2.0,3,7,28.6904,-97.8005,ng_processing,Frio13a,s83,TX,1762.0,-97.6582,26.7632,4.0,2,7,3,0.0,s83,f_agg_nonop_ng_processing6 - s83,source_to_storage,storage,N,,,SWCA,100.0,SWCA,0.0001,s1,0,18.7948,0,50000000.0
1674,_agg_nonop_ng_processing6,f_agg_nonop_ng_processing6,2.0,3,7,28.6904,-97.8005,ng_processing,Frio13c,s85,TX,1762.0,-97.6582,26.7632,4.0,2,7,3,0.0,s85,f_agg_nonop_ng_processing6 - s85,source_to_storage,storage,N,,,SWCA,100.0,SWCA,0.0001,s1,0,18.7948,0,50000000.0
1675,NACOGDOCHES AMINE AND DEHYDRATION PLANT,f1013396,2.0,3,7,31.4888,-94.6387,ng_processing,Frio3a,s69,TX,1193.0,-94.2397,30.2314,3.0,2,7,3,0.0,s69,f1013396 - s69,source_to_storage,storage,N,,,SWCA,100.0,SWCA,0.0001,s1,0,18.7948,0,50000000.0
1676,NACOGDOCHES AMINE AND DEHYDRATION PLANT,f1013396,2.0,3,7,31.4888,-94.6387,ng_processing,Frio3b,s70,TX,1193.0,-94.2397,30.2314,3.0,2,7,3,0.0,s70,f1013396 - s70,source_to_storage,storage,N,,,SWCA,100.0,SWCA,0.0001,s1,0,18.7948,0,50000000.0
1677,PLAINVIEW BIOENERY LLC,f1007819,4.0,3,7,34.1806,-101.6274,ethanol,Canyon2,s18,NM,8502.0,-103.846,34.6309,4.0,4,8,4,0.0,s18,f1007819 - s18,source_to_storage,storage,N,,,SWCA,100.0,SWCA,0.0001,s1,0,18.7948,0,50000000.0
1678,PLAINVIEW BIOENERY LLC,f1007819,4.0,3,7,34.1806,-101.6274,ethanol,Wolfcamp2,s227,NM,8502.0,-103.846,34.6309,4.0,4,8,4,0.0,s227,f1007819 - s227,source_to_storage,storage,N,,,SWCA,100.0,SWCA,0.0001,s1,0,18.7948,0,50000000.0
1679,Cheyenne Plant,f1005924,5.0,4,8,41.0949,-104.908,ammonia,,p3905,CO,,-103.449,40.7334,0.0,5,8,4,,,f1005924 - p3905,source_to_demand,co2_eor,N,,,RM,100.0,RM,0.0001,s1,0,0.0,0,50000000.0
1680,MOUNTAIN CEMENT CO,f1005978,5.0,4,8,41.2611,-105.6032,cement,Dakota10,s45,NE,8564.0,-103.2372,41.6698,0.0,3,4,2,0.0,s45,f1005978 - s45,source_to_storage,storage,N,,,RM,100.0,RM,0.0001,s1,0,14.3808,0,50000000.0
1681,MOUNTAIN CEMENT CO,f1005978,5.0,4,8,41.2611,-105.6032,cement,Entrada7,s56,NE,8564.0,-103.2372,41.6698,0.0,3,4,2,0.0,s56,f1005978 - s56,source_to_storage,storage,N,,,RM,100.0,RM,0.0001,s1,0,14.3808,0,50000000.0
1682,ZIA II GAS PLANT,f1011356,4.0,4,8,32.643,-103.8089,ng_processing,,p4410,TX,,-102.699,31.9612,8.0,4,7,3,,,f1011356 - p4410,source_to_demand,co2_eor,N,,,RM,100.0,RM,0.0001,s1,0,0.0,0,50000000.0
1683,facility_ethanol_1918,fc1918_cluster,,2,3,40.2174,-88.0168,ethanol,,ts28,IL,,-88.8466,41.1859,0.0,1,3,2,,,fc1918_cluster - ts28,source_to_ts_node,uniform_ts_node,N,,,GL,100.0,GL,0.0002,s1,0,21.2107,0,50000000.0
1684,_agg_nonop_ng_processing8,f_agg_nonop_ng_processing8,2.0,3,7,28.3253,-98.9059,ng_processing,Frio12a,s81,TX,2121.0,-97.9446,26.8571,4.0,2,7,3,0.0,s81,f_agg_nonop_ng_processing8 - s81,source_to_storage,storage,N,,,SWCA,100.0,SWCA,0.0001,s1,0,18.7948,0,50000000.0
1685,_agg_nonop_ng_processing8,f_agg_nonop_ng_processing8,2.0,3,7,28.3253,-98.9059,ng_processing,Frio12b,s82,TX,2121.0,-97.9446,26.8571,4.0,2,7,3,0.0,s82,f_agg_nonop_ng_processing8 - s82,source_to_storage,storage,N,,,SWCA,100.0,SWCA,0.0001,s1,0,18.7948,0,50000000.0
1686,Elite Octane,f1013287,3.0,2,4,41.4177,-95.0318,ethanol,,ts20,NE,,-96.5899,41.3846,0.0,3,4,2,,,f1013287 - ts20,source_to_ts_node,uniform_ts_node,N,,,GP,100.0,GP,0.0001,s1,0,14.3808,0,50000000.0
1687,Central Plains Cement Company,f1007216,3.0,3,7,36.1941,-95.8117,cement,,p5505,OK,,-97.2641,36.1753,0.0,3,7,3,,,f1007216 - p5505,source_to_demand,co2_eor,N,,,GP,100.0,GP,0.0001,s1,0,14.3808,0,50000000.0
1688,IRON HORSE PROCESSING PLANT,f1013647,3.0,3,7,35.146,-97.9218,ng_processing,,p5505,OK,,-97.2641,36.1753,0.0,3,7,3,,,f1013647 - p5505,source_to_demand,co2_eor,N,,,GP,100.0,GP,0.0001,s1,0,14.3808,0,50000000.0
1689,Coal Creek          ,fpp6030.02    ,6.0,2,4,47.378,-101.157,pp_coal,Madison Gp-Mission Canyon2,s115,ND,3536.0,-103.4377,47.2542,0.0,6,4,2,0.0,s115,fpp6030.02     - s115,source_to_storage,storage,N,,,GP,100.0,GP,0.0001,s1,0,14.3808,0,50000000.0
1690,"CEMEX Construction Materials South, LLC",f1007663,2.0,3,7,29.675,-98.1828,cement,Frio1,s67,TX,4855.0,-95.6624,29.7957,3.0,2,7,3,0.0,s67,f1007663 - s67,source_to_storage,storage,N,,,SWCA,100.0,SWCA,0.0001,s1,0,18.7948,0,50000000.0
1691,Green Plains Mount Vernon LLC,f1003377,1.0,2,3,37.9098,-87.7265,ethanol,,ts27,IL,,-89.1261,38.321,0.0,1,3,2,,,f1003377 - ts27,source_to_ts_node,uniform_ts_node,N,,,GL,100.0,GL,0.0002,s1,0,21.2107,0,50000000.0
1692,,ts59,5.0,4,8,40.1656,-103.5956,uniform_ts_node,Arbuckle3,s3,KS,3039.0,-101.817,39.2763,0.0,3,4,2,0.0,s3,ts59 - s3,ts_node_to_storage,storage,N,,,RM,100.0,RM,0.0001,s1,0,14.3808,0,50000000.0
1693,,nat002,5.0,4,8,34.5059,-109.3593,nat_co2_field,,ts60,AZ,,-110.7599,34.7449,0.0,5,8,4,,,nat002 - ts60,nat_co2_to_ts_node,uniform_ts_node,N,St. Johns,,SWCA,100.0,SWCA,0.0001,s1,0,18.7948,0,50000000.0
1694,Hobbs Generating Sta,fpp56458.0CHW-T,4.0,4,8,32.728,-103.309,pp_natgas,,p4411,TX,,-101.912,32.7303,81.0,4,7,3,,,fpp56458.0CHW-T - p4411,source_to_demand,co2_eor,N,,,RM,100.0,RM,0.0001,s1,0,14.3808,0,50000000.0
1695,ROBELINE PLANT,f1006682,2.0,3,7,31.6587,-93.325,ng_processing,Woodbine1,s228,TX,13575.0,-95.5742,31.6981,6.0,2,7,3,0.0,s228,f1006682 - s228,source_to_storage,storage,N,,,SE,100.0,SE,0.0002,s1,0,19.7124,0,50000000.0
1696,FREEPORT LNG PRETREATMENT FACILITY,f1013753,2.0,3,7,28.9849,-95.3087,ng_processing,Frio3b,s70,TX,1193.0,-94.2397,30.2314,3.0,2,7,3,0.0,s70,f1013753 - s70,source_to_storage,storage,N,,,SWCA,100.0,SWCA,0.0001,s1,0,18.7948,0,50000000.0
1697,FREEPORT LNG PRETREATMENT FACILITY,f1013753,2.0,3,7,28.9849,-95.3087,ng_processing,Frio3a,s69,TX,1193.0,-94.2397,30.2314,3.0,2,7,3,0.0,s69,f1013753 - s69,source_to_storage,storage,N,,,SWCA,100.0,SWCA,0.0001,s1,0,18.7948,0,50000000.0
1698,ASH GROVE CEMENT-FOREMAN,f1007606,3.0,3,7,33.6936,-94.4166,cement,Paluxy1,s162,TX,409.0,-95.4224,32.4907,6.0,2,7,3,0.0,s162,f1007606 - s162,source_to_storage,storage,N,,,SE,100.0,SE,0.0002,s1,0,19.7124,0,50000000.0
1699,WEST BISTINEAU FACILITY,f1005693,2.0,3,7,32.2107,-93.4413,ng_processing,Paluxy2,s163,TX,8108.0,-95.4206,32.2673,6.0,2,7,3,0.0,s163,f1005693 - s163,source_to_storage,storage,N,,,SE,100.0,SE,0.0002,s1,0,19.7124,0,50000000.0
1700,ZIA II GAS PLANT,f1011356,4.0,4,8,32.643,-103.8089,ng_processing,,p4402,TX,,-102.637,32.0038,8.0,4,7,3,,,f1011356 - p4402,source_to_demand,co2_eor,N,,,RM,100.0,RM,0.0001,s1,0,0.0,0,50000000.0
1701,,ts58,4.0,3,7,32.575,-97.3799,uniform_ts_node,Woodbine1,s228,TX,13575.0,-95.5742,31.6981,6.0,2,7,3,0.0,s228,ts58 - s228,ts_node_to_storage,storage,N,,,SWCA,100.0,SWCA,0.0001,s1,0,18.7948,0,50000000.0
1702,Celanese Utilization Project,fop005,2.0,3,7,29.5603,-95.0535,other_operational_facility,Woodbine1,s228,TX,13575.0,-95.5742,31.6981,6.0,2,7,3,0.0,s228,fop005 - s228,source_to_storage,storage,N,,,SWCA,100.0,SWCA,0.0001,s1,0,18.7948,0,50000000.0
1703,LONE STAR INDUSTRIES INC,f1005302,1.0,2,3,39.6166,-86.8686,cement,Knox2,s93,IL,5560.0,-88.4987,38.1531,0.0,1,3,2,0.0,s93,f1005302 - s93,source_to_storage,storage,N,,,GL,100.0,GL,0.0002,s1,0,21.2107,0,50000000.0
1704,facility_pp_natgas_1951,fc1951_cluster,,3,7,30.6883,-96.4717,pp_natgas,Frio6,s73,TX,1889.0,-95.376,29.6715,3.0,2,7,3,0.0,s73,fc1951_cluster - s73,source_to_storage,storage,N,,,SWCA,100.0,SWCA,0.0001,s1,0,18.7948,0,50000000.0
1705,SHELBY,f1010598,2.0,3,7,31.7954,-94.179,ng_processing,Frio1,s67,TX,4855.0,-95.6624,29.7957,3.0,2,7,3,0.0,s67,f1010598 - s67,source_to_storage,storage,N,,,SWCA,100.0,SWCA,0.0001,s1,0,18.7948,0,50000000.0
1706,LONE STAR IND INC DBA BUZZI UNICEM USA PRYOR CEMENT PLANT,f1004289,3.0,3,7,36.2962,-95.3312,cement,,ts18,OK,,-96.5454,35.639,0.0,3,7,3,,,f1004289 - ts18,source_to_ts_node,uniform_ts_node,N,,,GP,100.0,GP,0.0001,s1,0,14.3808,0,50000000.0
1707,facility_beccs_2014,fc2014_cluster,,3,7,32.5438,-97.3902,beccs,Woodbine1,s228,TX,13575.0,-95.5742,31.6981,6.0,2,7,3,0.0,s228,fc2014_cluster - s228,source_to_storage,storage,N,,,SWCA,100.0,SWCA,0.0001,s1,0,18.7948,0,50000000.0
1708,facility_pp_coal_1936,fc1936_cluster,,3,6,38.3602,-84.8002,pp_coal,Mount Simon5,s138,IN,5054.0,-86.9464,38.7475,0.0,1,3,2,0.0,s138,fc1936_cluster - s138,source_to_storage,storage,N,,,SE,100.0,SE,0.0002,s1,0,19.7124,0,50000000.0
1709,Blue Flint,fop003,6.0,2,4,47.4564,-101.1371,ethanol,Madison Gp-Mission Canyon2,s115,ND,3536.0,-103.4377,47.2542,0.0,6,4,2,0.0,s115,fop003 - s115,source_to_storage,storage,N,,,GP,100.0,GP,0.0001,s1,0,14.3808,0,50000000.0
1710,BATTLE HORSE PLANT,f1013903,2.0,3,7,30.1619,-96.5631,ng_processing,Paluxy3,s164,TX,11534.0,-95.243,32.3169,6.0,2,7,3,0.0,s164,f1013903 - s164,source_to_storage,storage,N,,,SWCA,100.0,SWCA,0.0001,s1,0,18.7948,0,50000000.0
1711,PRYOR CHEMICAL COMPANY,f1005867,3.0,3,7,36.2412,-95.2783,ammonia,,ts18,OK,,-96.5454,35.639,0.0,3,7,3,,,f1005867 - ts18,source_to_ts_node,uniform_ts_node,N,,,GP,100.0,GP,0.0001,s1,0,14.3808,0,50000000.0
1712,SHUTE CREEK FACILITY,f1002150,5.0,4,8,41.887,-110.0945,ng_processing,Weber3,s221,CO,5712.0,-107.8178,40.6082,0.0,5,8,4,0.0,s221,f1002150 - s221,source_to_storage,storage,N,,,RM,100.0,RM,0.0001,s1,0,14.3808,0,50000000.0
1713,HOMELAND ENERGY SOLUTIONS LLC,f1006141,3.0,2,4,43.0702,-92.205,ethanol,,ts25,MN,,-92.573,44.2227,0.0,3,4,2,,,f1006141 - ts25,source_to_ts_node,uniform_ts_node,N,,,GP,100.0,GP,0.0001,s1,0,14.3808,0,50000000.0
1714,CAMPO VIEJO GAS PROCESSING PLANT,f1013609,4.0,3,7,33.1499,-102.9912,ng_processing,,p4402,TX,,-102.637,32.0038,8.0,4,7,3,,,f1013609 - p4402,source_to_demand,co2_eor,N,,,SWCA,100.0,SWCA,0.0001,s1,0,0.0,0,50000000.0
1715,"RED TRAIL ENERGY, LLC",f1001157,6.0,2,4,46.8786,-102.296,ethanol,Madison Gp-Mission Canyon4,s117,MT,42151.0,-105.8029,47.238,0.0,6,8,4,0.0,s117,f1001157 - s117,source_to_storage,storage,N,,0.0,GP,100.0,GP,0.0001,s1,0,14.3808,0,50000000.0
1716,facility_pp_coal_1940,fc1940_cluster,,2,4,39.0692,-95.2106,pp_coal,,ts19,KS,,-96.5668,38.5117,0.0,3,4,2,,,fc1940_cluster - ts19,source_to_ts_node,uniform_ts_node,N,,,GP,100.0,GP,0.0001,s1,0,14.3808,0,50000000.0
1717,ASH GROVE CEMENT CO-CHANUTE PLANT,f1002665,3.0,2,4,37.6988,-95.4597,cement,,ts19,KS,,-96.5668,38.5117,0.0,3,4,2,,,f1002665 - ts19,source_to_ts_node,uniform_ts_node,N,,,GP,100.0,GP,0.0001,s1,0,14.3808,0,50000000.0
1718,"CEMEX Construction Materials South, LLC",f1007663,2.0,3,7,29.675,-98.1828,cement,Frio2,s68,TX,4357.0,-97.9289,27.5054,4.0,2,7,3,0.0,s68,f1007663 - s68,source_to_storage,storage,N,,,SWCA,100.0,SWCA,0.0001,s1,0,18.7948,0,50000000.0
1719,LINAM RANCH GAS PLANT,f1005641,4.0,4,8,32.6953,-103.2853,ng_processing,,p4412,TX,,-102.841,31.5659,8.0,4,7,3,,,f1005641 - p4412,source_to_demand,co2_eor,N,,,RM,100.0,RM,0.0001,s1,0,0.0,0,50000000.0
1720,SHUTE CREEK FACILITY,f1002150,5.0,4,8,41.887,-110.0945,ng_processing,Nugget1,s153,CO,5877.0,-107.939,40.6116,0.0,5,8,4,0.0,s153,f1002150 - s153,source_to_storage,storage,N,,,RM,100.0,RM,0.0001,s1,0,14.3808,0,50000000.0
1721,ARTESIA GAS PLANT,f1002515,4.0,4,8,32.7564,-104.2111,ng_processing,,ts47,NM,,-104.5168,33.918,4.0,4,8,4,,,f1002515 - ts47,source_to_ts_node,operational_ts_node,N,,,RM,100.0,RM,0.0001,s1,0,14.3808,0,50000000.0
1722,,ts71,3.0,2,4,41.4985,-103.1277,uniform_ts_node,Fountain1b,s64,CO,5044.0,-104.6681,40.1597,0.0,5,8,4,0.0,s64,ts71 - s64,ts_node_to_storage,storage,N,,,GP,100.0,GP,0.0001,s1,0,14.3808,0,50000000.0
1723,facility_pp_natgas_1976,fc1976_cluster,,2,3,38.573,-82.783,pp_natgas,,ts36,WV,,-81.7687,37.6841,0.0,1,5,3,,,fc1976_cluster - ts36,source_to_ts_node,uniform_ts_node,N,,,GL,100.0,GL,0.0002,s1,0,21.2107,0,50000000.0
1724,CEMEX CONSTRUCTION MATERIALS SOUTH LLC,f1007877,5.0,4,8,40.2022,-105.2367,cement,Dakota10,s45,NE,8564.0,-103.2372,41.6698,0.0,3,4,2,0.0,s45,f1007877 - s45,source_to_storage,storage,N,,,RM,100.0,RM,0.0001,s1,0,14.3808,0,50000000.0
1725,CEMEX CONSTRUCTION MATERIALS SOUTH LLC,f1007877,5.0,4,8,40.2022,-105.2367,cement,Entrada7,s56,NE,8564.0,-103.2372,41.6698,0.0,3,4,2,0.0,s56,f1007877 - s56,source_to_storage,storage,N,,,RM,100.0,RM,0.0001,s1,0,14.3808,0,50000000.0
1726,facility_pp_natgas_1981,fc1981_cluster,,2,4,37.0688,-94.648,pp_natgas,,ts62,MO,,-93.1948,36.7476,0.0,3,4,2,,,fc1981_cluster - ts62,source_to_ts_node,uniform_ts_node,N,,,GP,100.0,GP,0.0001,s1,0,14.3808,0,50000000.0
1727,Jal #3 Gas Plant,f1005897,4.0,4,8,32.1743,-103.1741,ng_processing,,p4411,TX,,-101.912,32.7303,81.0,4,7,3,,,f1005897 - p4411,source_to_demand,co2_eor,N,,,RM,100.0,RM,0.0001,s1,0,0.0,0,50000000.0
1728,facility_ng_processing_1992,fc1992_cluster,,4,6,34.5866,-87.0883,ng_processing,,ts30,TN,,-85.8272,35.2015,0.0,1,6,3,,,fc1992_cluster - ts30,source_to_ts_node,uniform_ts_node,N,,,SE,100.0,SE,0.0002,s1,0,19.7124,0,50000000.0
1729,facility_beccs_2019,fc2019_cluster,,3,6,34.5866,-87.0883,beccs,,ts30,TN,,-85.8272,35.2015,0.0,1,6,3,,,fc2019_cluster - ts30,source_to_ts_node,uniform_ts_node,N,,,SE,100.0,SE,0.0002,s1,0,19.7124,0,50000000.0
1730,ILLINOIS CEMENT CO,f1006738,1.0,2,3,41.3295,-89.0816,cement,Mount Simon6,s139,IN,29370.0,-86.0531,40.2057,0.0,1,3,2,0.0,s139,f1006738 - s139,source_to_storage,storage,N,,,GL,100.0,GL,0.0002,s1,0,21.2107,0,50000000.0
1731,ADM CORN PROCESSING,f1006208,3.0,2,4,41.8196,-90.2122,ethanol,,ts28,IL,,-88.8466,41.1859,0.0,1,3,2,,,f1006208 - ts28,source_to_ts_node,uniform_ts_node,N,,,GP,100.0,GP,0.0001,s1,0,14.3808,0,50000000.0
1732,facility_pp_coal_1935,fc1935_cluster,,3,6,33.5544,-86.9396,pp_coal,Paluxy4,s165,AL,16568.0,-87.3213,31.4857,0.0,2,6,3,0.0,s165,fc1935_cluster - s165,source_to_storage,storage,N,,,SE,100.0,SE,0.0002,s1,0,19.7124,0,50000000.0
1733,,ts72,2.0,3,7,29.0,-97.5,uniform_ts_node,Frio6,s73,TX,1889.0,-95.376,29.6715,3.0,2,7,3,0.0,s73,ts72 - s73,ts_node_to_storage,storage,N,,,SWCA,100.0,SWCA,0.0001,s1,0,18.7948,0,50000000.0
1734,facility_pp_natgas_1977,fc1977_cluster,,3,6,32.8966,-89.0562,pp_natgas,,p4925,MS,,-90.2017,32.1787,0.0,2,6,3,,,fc1977_cluster - p4925,source_to_demand,co2_eor,N,,,SE,100.0,SE,0.0002,s1,0,19.7124,0,50000000.0
1735,facility_cement_2001,fc2001_cluster,,3,6,34.073,-86.3138,cement,,ts30,TN,,-85.8272,35.2015,0.0,1,6,3,,,fc2001_cluster - ts30,source_to_ts_node,uniform_ts_node,N,,,SE,100.0,SE,0.0002,s1,0,19.7124,0,50000000.0
1736,TEXAS LEHIGH CEMENT COMPANY LP,f1002102,2.0,3,7,30.071,-97.8568,cement,Frio1,s67,TX,4855.0,-95.6624,29.7957,3.0,2,7,3,0.0,s67,f1002102 - s67,source_to_storage,storage,N,,,SWCA,100.0,SWCA,0.0001,s1,0,18.7948,0,50000000.0
1737,Jal #3 Gas Plant,f1005897,4.0,4,8,32.1743,-103.1741,ng_processing,,ts49,TX,,-102.0845,31.404,73.0,4,7,3,,,f1005897 - ts49,source_to_ts_node,operational_ts_node,N,,,RM,100.0,RM,0.0001,s1,0,14.3808,0,50000000.0
1738,facility_pp_coal_1936,fc1936_cluster,,3,6,38.3602,-84.8002,pp_coal,Knox5,s96,KY,2610.0,-87.2952,37.4824,0.0,1,6,3,0.0,s96,fc1936_cluster - s96,source_to_storage,storage,N,,,SE,100.0,SE,0.0002,s1,0,19.7124,0,50000000.0
1739,"RED TRAIL ENERGY, LLC",f1001157,6.0,2,4,46.8786,-102.296,ethanol,Red River2,s173,MT,21307.0,-105.1281,47.5824,0.0,6,8,4,0.0,s173,f1001157 - s173,source_to_storage,storage,N,,0.0,GP,100.0,GP,0.0001,s1,0,14.3808,0,50000000.0
1740,,ts53,5.0,4,8,42.1067,-108.417,operational_ts_node,Morrison7,s131,UT,8007.0,-110.0577,39.9471,0.0,5,8,4,0.0,s131,ts53 - s131,ts_node_to_storage,storage,N,,,RM,100.0,RM,0.0001,s1,0,14.3808,0,50000000.0
1741,Holcim (US) Inc,f1004810,2.0,3,6,30.5349,-88.1121,cement,Lower Tuscaloosa8,s108,MS,13379.0,-89.9133,32.3322,0.0,2,6,3,0.0,s108,f1004810 - s108,source_to_storage,storage,N,,,SE,100.0,SE,0.0002,s1,0,19.7124,0,50000000.0
1742,facility_cement_1996,fc1996_cluster,,3,7,32.1724,-97.6149,cement,Woodbine1,s228,TX,13575.0,-95.5742,31.6981,6.0,2,7,3,0.0,s228,fc1996_cluster - s228,source_to_storage,storage,N,,,SWCA,100.0,SWCA,0.0001,s1,0,18.7948,0,50000000.0
1743,facility_ng_processing_1986,fc1986_cluster,,3,7,31.6433,-102.7422,ng_processing,,p4406,TX,,-101.518,32.2604,8.0,4,7,3,,,fc1986_cluster - p4406,source_to_demand,co2_eor,N,,,SWCA,100.0,SWCA,0.0001,s1,0,18.7948,0,50000000.0
1744,EL DORADO CHEMICAL COMPANY,f1003993,3.0,3,7,33.2252,-92.6471,ammonia,Eutaw1,s59,MS,29518.0,-89.8942,31.9943,0.0,2,6,3,0.0,s59,f1003993 - s59,source_to_storage,storage,N,,,SE,100.0,SE,0.0002,s1,0,19.7124,0,50000000.0
1745,CEMEX SOUTHEAST LLC,f1005331,1.0,3,5,32.4152,-83.6333,cement,Lower Tuscaloosa5,s105,GA,2855.0,-84.4594,31.0081,0.0,1,5,3,0.0,s105,f1005331 - s105,source_to_storage,storage,N,,,SE,100.0,SE,0.0002,s1,0,19.7124,0,50000000.0
1746,facility_ethanol_1918,fc1918_cluster,,2,3,40.2174,-88.0168,ethanol,Knox2,s93,IL,5560.0,-88.4987,38.1531,0.0,1,3,2,0.0,s93,fc1918_cluster - s93,source_to_storage,storage,N,,,GL,100.0,GL,0.0002,s1,0,21.2107,0,50000000.0
1747,HOLCIM INCORPORATED,f1002204,3.0,3,7,34.7675,-96.6965,cement,,p6004,OK,,-96.259,35.9157,0.0,3,7,3,,,f1002204 - p6004,source_to_demand,co2_eor,N,,,GP,100.0,GP,0.0001,s1,0,14.3808,0,50000000.0
1748,facility_pp_natgas_1953,fc1953_cluster,,3,7,33.6792,-92.3787,pp_natgas,Lower Tuscaloosa8,s108,MS,13379.0,-89.9133,32.3322,0.0,2,6,3,0.0,s108,fc1953_cluster - s108,source_to_storage,storage,N,,,SE,100.0,SE,0.0002,s1,0,19.7124,0,50000000.0
1749,facility_ammonia_2009,fc2009_cluster,,3,3,42.0372,-86.5322,ammonia,Mount Simon8,s141,MI,4788.0,-83.6668,42.2254,0.0,1,3,2,0.0,s141,fc2009_cluster - s141,source_to_storage,storage,N,,,GL,100.0,GL,0.0002,s1,0,21.2107,0,50000000.0
1750,facility_beccs_2018,fc2018_cluster,,2,3,42.0372,-86.5322,beccs,Mount Simon8,s141,MI,4788.0,-83.6668,42.2254,0.0,1,3,2,0.0,s141,fc2018_cluster - s141,source_to_storage,storage,N,,,GL,100.0,GL,0.0002,s1,0,21.2107,0,50000000.0
1751,MARQUIS ENERGY LLC,f1005374,1.0,2,3,41.2767,-89.3195,ethanol,Knox1,s92,IL,10500.0,-88.8089,38.8847,0.0,1,3,2,0.0,s92,f1005374 - s92,source_to_storage,storage,N,,,GL,100.0,GL,0.0002,s1,0,21.2107,0,50000000.0
1752,"GOLDEN GRAIN ENERGY, LLC",f1002560,3.0,2,4,43.112,-93.231,ethanol,,ts25,MN,,-92.573,44.2227,0.0,3,4,2,,,f1002560 - ts25,source_to_ts_node,uniform_ts_node,N,,,GP,100.0,GP,0.0001,s1,0,14.3808,0,50000000.0
1753,facility_pp_natgas_1977,fc1977_cluster,,3,6,32.8966,-89.0562,pp_natgas,Lower Tuscaloosa9,s109,MS,8003.0,-90.0943,31.3641,0.0,2,6,3,0.0,s109,fc1977_cluster - s109,source_to_storage,storage,N,,,SE,100.0,SE,0.0002,s1,0,19.7124,0,50000000.0
1754,Hobbs Generating Sta,fpp56458.0CHW-T,4.0,4,8,32.728,-103.309,pp_natgas,Wolfcamp2,s227,NM,8502.0,-103.846,34.6309,4.0,4,8,4,0.0,s227,fpp56458.0CHW-T - s227,source_to_storage,storage,N,,,RM,100.0,RM,0.0001,s1,0,14.3808,0,50000000.0
1755,Hobbs Generating Sta,fpp56458.0CHW-T,4.0,4,8,32.728,-103.309,pp_natgas,Canyon2,s18,NM,8502.0,-103.846,34.6309,4.0,4,8,4,0.0,s18,fpp56458.0CHW-T - s18,source_to_storage,storage,N,,,RM,100.0,RM,0.0001,s1,0,14.3808,0,50000000.0
1756,Painesville         ,fpp2936.0ST2  ,1.0,2,3,41.727,-81.254,pp_coal,,ts37,OH,,-81.1971,40.5228,0.0,1,3,2,,,fpp2936.0ST2   - ts37,source_to_ts_node,uniform_ts_node,N,,,GL,100.0,GL,0.0002,s1,0,21.2107,0,50000000.0
1757,Painesville         ,fpp2936.03    ,1.0,2,3,41.727,-81.254,pp_coal,,ts37,OH,,-81.1971,40.5228,0.0,1,3,2,,,fpp2936.03     - ts37,source_to_ts_node,uniform_ts_node,N,,,GL,100.0,GL,0.0002,s1,0,21.2107,0,50000000.0
1758,Painesville         ,fpp2936.05    ,1.0,2,3,41.727,-81.254,pp_coal,,ts37,OH,,-81.1971,40.5228,0.0,1,3,2,,,fpp2936.05     - ts37,source_to_ts_node,uniform_ts_node,N,,,GL,100.0,GL,0.0002,s1,0,21.2107,0,50000000.0
1759,Painesville         ,fpp2936.07    ,1.0,2,3,41.727,-81.254,pp_coal,,ts37,OH,,-81.1971,40.5228,0.0,1,3,2,,,fpp2936.07     - ts37,source_to_ts_node,uniform_ts_node,N,,,GL,100.0,GL,0.0002,s1,0,21.2107,0,50000000.0
1760,,ts47,4.0,4,8,33.918,-104.5168,operational_ts_node,Canyon1,s17,TX,15157.0,-101.6575,34.6788,10.0,3,7,3,0.0,s17,ts47 - s17,ts_node_to_storage,storage,N,,,RM,100.0,RM,0.0001,s1,0,14.3808,0,50000000.0
1761,,ts47,4.0,4,8,33.918,-104.5168,operational_ts_node,Wolfcamp1,s226,TX,15012.0,-101.642,34.6805,10.0,3,7,3,0.0,s226,ts47 - s226,ts_node_to_storage,storage,N,,,RM,100.0,RM,0.0001,s1,0,14.3808,0,50000000.0
1762,,ts47,4.0,4,8,33.918,-104.5168,operational_ts_node,Cisco1,s24,TX,15012.0,-101.6575,34.6788,10.0,3,7,3,0.0,s24,ts47 - s24,ts_node_to_storage,storage,N,,,RM,100.0,RM,0.0001,s1,0,14.3808,0,50000000.0
1763,facility_cement_1996,fc1996_cluster,,3,7,32.1724,-97.6149,cement,Paluxy2,s163,TX,8108.0,-95.4206,32.2673,6.0,2,7,3,0.0,s163,fc1996_cluster - s163,source_to_storage,storage,N,,,SWCA,100.0,SWCA,0.0001,s1,0,18.7948,0,50000000.0
1764,,ts66,3.0,3,7,35.3989,-100.6543,uniform_ts_node,Arbuckle1,s1,OK,10229.0,-98.5544,36.3994,0.0,3,7,3,0.0,s1,ts66 - s1,ts_node_to_storage,storage,N,,,SWCA,100.0,SWCA,0.0001,s1,0,18.7948,0,50000000.0
1765,facility_pp_coal_1938,fc1938_cluster,,2,4,41.4969,-91.4426,pp_coal,Mount Simon3,s136,IL,20633.0,-89.239,39.9199,0.0,1,3,2,0.0,s136,fc1938_cluster - s136,source_to_storage,storage,N,,,GP,100.0,GP,0.0001,s1,0,14.3808,0,50000000.0
1766,CEMEX CONSTRUCTION MATERIALS SOUTH LLC,f1007877,5.0,4,8,40.2022,-105.2367,cement,Weber3,s221,CO,5712.0,-107.8178,40.6082,0.0,5,8,4,0.0,s221,f1007877 - s221,source_to_storage,storage,N,,,RM,100.0,RM,0.0001,s1,0,14.3808,0,50000000.0
1767,"RED TRAIL ENERGY, LLC",f1001157,6.0,2,4,46.8786,-102.296,ethanol,Basal Cambrian8,s14,ND,11350.0,-99.542,47.8512,0.0,6,4,2,0.0,s14,f1001157 - s14,source_to_storage,storage,N,,0.0,GP,100.0,GP,0.0001,s1,0,14.3808,0,50000000.0
1768,James H Miller Jr   ,fpp6002.04    ,2.0,3,6,33.632,-87.06,pp_coal,Paluxy4,s165,AL,16568.0,-87.3213,31.4857,0.0,2,6,3,0.0,s165,fpp6002.04     - s165,source_to_storage,storage,N,,,SE,100.0,SE,0.0002,s1,0,19.7124,0,50000000.0
1769,James H Miller Jr   ,fpp6002.03    ,2.0,3,6,33.632,-87.06,pp_coal,Paluxy4,s165,AL,16568.0,-87.3213,31.4857,0.0,2,6,3,0.0,s165,fpp6002.03     - s165,source_to_storage,storage,N,,,SE,100.0,SE,0.0002,s1,0,19.7124,0,50000000.0
1770,HOLCIM (US) Inc,f1002055,4.0,3,7,32.513,-96.9711,cement,Paluxy1,s162,TX,409.0,-95.4224,32.4907,6.0,2,7,3,0.0,s162,f1002055 - s162,source_to_storage,storage,N,,,SWCA,100.0,SWCA,0.0001,s1,0,18.7948,0,50000000.0
1771,,ts17,3.0,2,4,41.3081,-100.4651,uniform_ts_node,Morrison3,s127,CO,24922.0,-103.7797,39.8853,0.0,5,8,4,0.0,s127,ts17 - s127,ts_node_to_storage,storage,N,,,GP,100.0,GP,0.0001,s1,0,14.3808,0,50000000.0
1772,KOCH FERITLIZER ENID LLC ENID NITROGEN PLT,f1002407,3.0,3,7,36.3795,-97.7651,ammonia,,p6001,OK,,-96.6748,35.5418,0.0,3,7,3,,,f1002407 - p6001,source_to_demand,co2_eor,N,,,GP,100.0,GP,0.0001,s1,0,0.0,0,50000000.0
1773,TXI Hunter Cement Plant,f1007621,2.0,3,7,29.7999,-98.0365,cement,Frio2,s68,TX,4357.0,-97.9289,27.5054,4.0,2,7,3,0.0,s68,f1007621 - s68,source_to_storage,storage,N,,,SWCA,100.0,SWCA,0.0001,s1,0,18.7948,0,50000000.0
1774,"PCS Nitrogen Ohio, L.P.",f1002229,1.0,2,3,40.7113,-84.1382,ammonia,Mount Simon7,s140,MI,5446.0,-85.7774,42.2856,0.0,1,3,2,0.0,s140,f1002229 - s140,source_to_storage,storage,N,,,GL,100.0,GL,0.0002,s1,0,21.2107,0,50000000.0
1775,CEMEX CONSTRUCTION MATERIALS SOUTH LLC,f1007877,5.0,4,8,40.2022,-105.2367,cement,Nugget1,s153,CO,5877.0,-107.939,40.6116,0.0,5,8,4,0.0,s153,f1007877 - s153,source_to_storage,storage,N,,,RM,100.0,RM,0.0001,s1,0,14.3808,0,50000000.0
1776,CAMPO VIEJO GAS PROCESSING PLANT,f1013609,4.0,3,7,33.1499,-102.9912,ng_processing,,p4410,TX,,-102.699,31.9612,8.0,4,7,3,,,f1013609 - p4410,source_to_demand,co2_eor,N,,,SWCA,100.0,SWCA,0.0001,s1,0,0.0,0,50000000.0
1777,,ts48,4.0,3,7,32.7688,-101.2617,operational_ts_node,Wolfcamp1,s226,TX,15012.0,-101.642,34.6805,10.0,3,7,3,0.0,s226,ts48 - s226,ts_node_to_storage,storage,N,,,SWCA,100.0,SWCA,0.0001,s1,0,18.7948,0,50000000.0
1778,,ts48,4.0,3,7,32.7688,-101.2617,operational_ts_node,Cisco1,s24,TX,15012.0,-101.6575,34.6788,10.0,3,7,3,0.0,s24,ts48 - s24,ts_node_to_storage,storage,N,,,SWCA,100.0,SWCA,0.0001,s1,0,18.7948,0,50000000.0
1779,,ts48,4.0,3,7,32.7688,-101.2617,operational_ts_node,Canyon1,s17,TX,15157.0,-101.6575,34.6788,10.0,3,7,3,0.0,s17,ts48 - s17,ts_node_to_storage,storage,N,,,SWCA,100.0,SWCA,0.0001,s1,0,18.7948,0,50000000.0
1780,_agg_nonop_ng_processing0,f_agg_nonop_ng_processing0,2.0,3,7,32.2651,-93.3868,ng_processing,Paluxy2,s163,TX,8108.0,-95.4206,32.2673,6.0,2,7,3,0.0,s163,f_agg_nonop_ng_processing0 - s163,source_to_storage,storage,N,,,SE,100.0,SE,0.0002,s1,0,19.7124,0,50000000.0
1781,,ts67,3.0,3,7,33.2042,-93.5084,uniform_ts_node,Woodbine1,s228,TX,13575.0,-95.5742,31.6981,6.0,2,7,3,0.0,s228,ts67 - s228,ts_node_to_storage,storage,N,,,SE,100.0,SE,0.0002,s1,0,19.7124,0,50000000.0
1782,IRON HORSE PROCESSING PLANT,f1013647,3.0,3,7,35.146,-97.9218,ng_processing,,ts18,OK,,-96.5454,35.639,0.0,3,7,3,,,f1013647 - ts18,source_to_ts_node,uniform_ts_node,N,,,GP,100.0,GP,0.0001,s1,0,14.3808,0,50000000.0
1783,_agg_nonop_ng_processing1,f_agg_nonop_ng_processing1,2.0,3,7,31.8281,-94.2781,ng_processing,Frio1,s67,TX,4855.0,-95.6624,29.7957,3.0,2,7,3,0.0,s67,f_agg_nonop_ng_processing1 - s67,source_to_storage,storage,N,,,SWCA,100.0,SWCA,0.0001,s1,0,18.7948,0,50000000.0
1784,"South Bend Ethanol, LLC.",f1000415,1.0,2,3,41.6552,-86.2962,ethanol,,ts32,IN,,-85.0039,40.9117,0.0,1,3,2,,,f1000415 - ts32,source_to_ts_node,uniform_ts_node,N,,,GL,100.0,GL,0.0002,s1,0,21.2107,0,50000000.0
1785,Ash Grove Cement Company-LEAMINGTON,f1002530,5.0,4,8,39.5083,-112.2622,cement,Tensleep5,s213,UT,4436.0,-111.1856,41.1392,0.0,5,8,4,0.0,s213,f1002530 - s213,source_to_storage,storage,N,,,RM,100.0,RM,0.0001,s1,0,14.3808,0,50000000.0
1786,JACKSON LAKE GAS PLANT,f1013618,5.0,4,8,40.4527,-103.9559,ng_processing,,ts71,NE,,-103.1277,41.4985,0.0,3,4,2,,,f1013618 - ts71,source_to_ts_node,uniform_ts_node,N,,,RM,100.0,RM,0.0001,s1,0,14.3808,0,50000000.0
1787,"KAAPA Ethanol Ravenna, LLC",f1003096,3.0,2,4,41.0237,-98.8751,ethanol,,ts17,NE,,-100.4651,41.3081,0.0,3,4,2,,,f1003096 - ts17,source_to_ts_node,uniform_ts_node,N,,,GP,100.0,GP,0.0001,s1,0,14.3808,0,50000000.0
1788,facility_pp_natgas_1973,fc1973_cluster,,2,3,39.1845,-84.7372,pp_natgas,Mount Simon5,s138,IN,5054.0,-86.9464,38.7475,0.0,1,3,2,0.0,s138,fc1973_cluster - s138,source_to_storage,storage,N,,,GL,100.0,GL,0.0002,s1,0,21.2107,0,50000000.0
1789,LEHIGH CEMENT COMPANY LLC,f1002787,1.0,3,5,39.5603,-77.1714,cement,Rose Run3,s186,PA,8201.0,-78.8689,40.9262,0.0,1,2,1,0.0,s186,f1002787 - s186,source_to_storage,storage,N,,,MA,100.0,MA,0.0003,s1,0,26.9676,0,50000000.0
1790,Oklahoma Carbon Hub-EOR,fop004,3.0,3,7,36.7611,-96.7128,other_operational_facility,,p6001,OK,,-96.6748,35.5418,0.0,3,7,3,,,fop004 - p6001,source_to_demand,co2_eor,N,,,GP,100.0,GP,0.0001,s1,0,0.0,0,50000000.0
1791,Hobbs Generating Sta,fpp56458.0CHW-T,4.0,4,8,32.728,-103.309,pp_natgas,,p4412,TX,,-102.841,31.5659,8.0,4,7,3,,,fpp56458.0CHW-T - p4412,source_to_demand,co2_eor,N,,,RM,100.0,RM,0.0001,s1,0,14.3808,0,50000000.0
1792,,ts47,4.0,4,8,33.918,-104.5168,operational_ts_node,Canyon3,s19,TX,49915.0,-102.4566,31.7628,8.0,4,7,3,0.0,s19,ts47 - s19,ts_node_to_storage,storage,N,,,RM,100.0,RM,0.0001,s1,0,14.3808,0,50000000.0
1793,YOAKUM CRYOGENIC PLANT,f1009093,2.0,3,7,29.3421,-97.11,ng_processing,Frio11,s80,TX,259.0,-95.674,28.9024,3.0,2,7,3,0.0,s80,f1009093 - s80,source_to_storage,storage,N,,,SWCA,100.0,SWCA,0.0001,s1,0,18.7948,0,50000000.0
1794,ROBELINE PLANT,f1006682,2.0,3,7,31.6587,-93.325,ng_processing,Paluxy2,s163,TX,8108.0,-95.4206,32.2673,6.0,2,7,3,0.0,s163,f1006682 - s163,source_to_storage,storage,N,,,SE,100.0,SE,0.0002,s1,0,19.7124,0,50000000.0
1795,KOCH FERITLIZER ENID LLC ENID NITROGEN PLT,f1002407,3.0,3,7,36.3795,-97.7651,ammonia,,ts18,OK,,-96.5454,35.639,0.0,3,7,3,,,f1002407 - ts18,source_to_ts_node,uniform_ts_node,N,,,GP,100.0,GP,0.0001,s1,0,14.3808,0,50000000.0
1796,LANCASTER RANCH COMPRESSOR STATION AND TREATING FACILITY,f1010032,2.0,3,7,28.726,-99.038,ng_processing,Frio2,s68,TX,4357.0,-97.9289,27.5054,4.0,2,7,3,0.0,s68,f1010032 - s68,source_to_storage,storage,N,,,SWCA,100.0,SWCA,0.0001,s1,0,18.7948,0,50000000.0
1797,,ts17,3.0,2,4,41.3081,-100.4651,uniform_ts_node,Dakota8,s43,CO,22831.0,-103.8294,39.9554,0.0,5,8,4,0.0,s43,ts17 - s43,ts_node_to_storage,storage,N,,,GP,100.0,GP,0.0001,s1,0,14.3808,0,50000000.0
1798,facility_pp_natgas_1944,fc1944_cluster,,4,8,39.7757,-104.5501,pp_natgas,Entrada6,s55,WY,5028.0,-104.5313,41.6629,0.0,5,8,4,0.0,s55,fc1944_cluster - s55,source_to_storage,storage,N,,,RM,100.0,RM,0.0001,s1,0,14.3808,0,50000000.0
1799,facility_pp_natgas_1944,fc1944_cluster,,4,8,39.7757,-104.5501,pp_natgas,Dakota9,s44,WY,5028.0,-104.5313,41.6629,0.0,5,8,4,0.0,s44,fc1944_cluster - s44,source_to_storage,storage,N,,,RM,100.0,RM,0.0001,s1,0,14.3808,0,50000000.0
1800,BIG RIVER RESOURCES WEST BURLINGTON LLC,f1002443,3.0,2,4,40.8312,-91.2206,ethanol,,ts24,IA,,-92.7128,41.3438,0.0,3,4,2,,,f1002443 - ts24,source_to_ts_node,uniform_ts_node,N,,,GP,100.0,GP,0.0001,s1,0,14.3808,0,50000000.0
1801,ROADRUNNER GAS PROCESSING PLANT,f1013364,4.0,4,8,32.2659,-104.1124,ng_processing,,p4410,TX,,-102.699,31.9612,8.0,4,7,3,,,f1013364 - p4410,source_to_demand,co2_eor,N,,,RM,100.0,RM,0.0001,s1,0,14.3808,0,50000000.0
1802,facility_pp_coal_1923,fc1923_cluster,,4,8,40.8837,-108.3435,pp_coal,,ts53,WY,,-108.417,42.1067,0.0,5,8,4,,,fc1923_cluster - ts53,source_to_ts_node,operational_ts_node,N,,,RM,100.0,RM,0.0001,s1,0,14.3808,0,50000000.0
1803,,ts47,4.0,4,8,33.918,-104.5168,operational_ts_node,Strawn1,s205,TX,51068.0,-102.444,31.7932,8.0,4,7,3,0.0,s205,ts47 - s205,ts_node_to_storage,storage,N,,,RM,100.0,RM,0.0001,s1,0,14.3808,0,50000000.0
1804,,ts47,4.0,4,8,33.918,-104.5168,operational_ts_node,Seven Rivers1,s191,NM,9346.0,-103.6189,32.9649,4.0,4,8,4,0.0,s191,ts47 - s191,ts_node_to_storage,storage,N,,,RM,100.0,RM,0.0001,s1,0,14.3808,0,50000000.0
1805,,ts47,4.0,4,8,33.918,-104.5168,operational_ts_node,Leonard1,s99,TX,51294.0,-102.444,31.7932,8.0,4,7,3,0.0,s99,ts47 - s99,ts_node_to_storage,storage,N,,,RM,100.0,RM,0.0001,s1,0,14.3808,0,50000000.0
1806,,ts47,4.0,4,8,33.918,-104.5168,operational_ts_node,Fusselman1,s86,TX,51068.0,-102.444,31.7932,8.0,4,7,3,0.0,s86,ts47 - s86,ts_node_to_storage,storage,N,,,RM,100.0,RM,0.0001,s1,0,14.3808,0,50000000.0
1807,,ts47,4.0,4,8,33.918,-104.5168,operational_ts_node,Atoka1,s5,TX,51294.0,-102.444,31.7932,8.0,4,7,3,0.0,s5,ts47 - s5,ts_node_to_storage,storage,N,,,RM,100.0,RM,0.0001,s1,0,14.3808,0,50000000.0
1808,,ts47,4.0,4,8,33.918,-104.5168,operational_ts_node,Queen1,s170,TX,51294.0,-101.642,34.6805,10.0,3,7,3,0.0,s170,ts47 - s170,ts_node_to_storage,storage,N,,,RM,100.0,RM,0.0001,s1,0,14.3808,0,50000000.0
1809,Hobbs Generating Sta,fpp56458.0CHW-T,4.0,4,8,32.728,-103.309,pp_natgas,Wolfcamp1,s226,TX,15012.0,-101.642,34.6805,10.0,3,7,3,0.0,s226,fpp56458.0CHW-T - s226,source_to_storage,storage,N,,,RM,100.0,RM,0.0001,s1,0,14.3808,0,50000000.0
1810,Hobbs Generating Sta,fpp56458.0CHW-T,4.0,4,8,32.728,-103.309,pp_natgas,Cisco1,s24,TX,15012.0,-101.6575,34.6788,10.0,3,7,3,0.0,s24,fpp56458.0CHW-T - s24,source_to_storage,storage,N,,,RM,100.0,RM,0.0001,s1,0,14.3808,0,50000000.0
1811,Hobbs Generating Sta,fpp56458.0CHW-T,4.0,4,8,32.728,-103.309,pp_natgas,Canyon1,s17,TX,15157.0,-101.6575,34.6788,10.0,3,7,3,0.0,s17,fpp56458.0CHW-T - s17,source_to_storage,storage,N,,,RM,100.0,RM,0.0001,s1,0,14.3808,0,50000000.0
1812,WEST BISTINEAU FACILITY,f1005693,2.0,3,7,32.2107,-93.4413,ng_processing,Woodbine1,s228,TX,13575.0,-95.5742,31.6981,6.0,2,7,3,0.0,s228,f1005693 - s228,source_to_storage,storage,N,,,SE,100.0,SE,0.0002,s1,0,19.7124,0,50000000.0
1813,EL DORADO CHEMICAL COMPANY,f1003993,3.0,3,7,33.2252,-92.6471,ammonia,Lower Tuscaloosa8,s108,MS,13379.0,-89.9133,32.3322,0.0,2,6,3,0.0,s108,f1003993 - s108,source_to_storage,storage,N,,,SE,100.0,SE,0.0002,s1,0,19.7124,0,50000000.0
1814,BELLE ISLE BATTERY I PRODUCTION FACILITY,f1013406,2.0,3,7,29.5289,-91.4052,ng_processing,Lower Tuscaloosa7,s107,LA,2857.0,-90.4419,30.7702,0.0,2,7,3,0.0,s107,f1013406 - s107,source_to_storage,storage,N,,,SE,100.0,SE,0.0002,s1,0,19.7124,0,50000000.0
1815,,ts67,3.0,3,7,33.2042,-93.5084,uniform_ts_node,,p4921,LA,,-92.1828,32.6582,0.0,2,7,3,,,ts67 - p4921,ts_node_to_demand,co2_eor,N,,,SE,100.0,SE,0.0002,s1,0,19.7124,0,50000000.0
1816,ILLINOIS CEMENT CO,f1006738,1.0,2,3,41.3295,-89.0816,cement,Knox1,s92,IL,10500.0,-88.8089,38.8847,0.0,1,3,2,0.0,s92,f1006738 - s92,source_to_storage,storage,N,,,GL,100.0,GL,0.0002,s1,0,21.2107,0,50000000.0
1817,LEHIGH CEMENT CO LLC,f1006136,1.0,2,3,40.7345,-86.4334,cement,St. Peter8,s200,MI,11160.0,-85.0621,42.4439,0.0,1,3,2,0.0,s200,f1006136 - s200,source_to_storage,storage,N,,,GL,100.0,GL,0.0002,s1,0,21.2107,0,50000000.0
1818,facility_pp_coal_1923,fc1923_cluster,,4,8,40.8837,-108.3435,pp_coal,Tensleep4,s212,WY,6902.0,-110.5927,41.9882,0.0,5,8,4,0.0,s212,fc1923_cluster - s212,source_to_storage,storage,N,,,RM,100.0,RM,0.0001,s1,0,14.3808,0,50000000.0
1819,BULLDOG GAS PLANT (PANOLA III),f1013924,2.0,3,7,32.1456,-94.2688,ng_processing,,ts67,AR,,-93.5084,33.2042,0.0,3,7,3,,,f1013924 - ts67,source_to_ts_node,uniform_ts_node,N,,,SWCA,100.0,SWCA,0.0001,s1,0,18.7948,0,50000000.0
1820,PLEASANT HILL GAS TREATING FACILITY,f1009090,2.0,3,7,31.881,-93.4661,ng_processing,Frio1,s67,TX,4855.0,-95.6624,29.7957,3.0,2,7,3,0.0,s67,f1009090 - s67,source_to_storage,storage,N,,,SE,100.0,SE,0.0002,s1,0,19.7124,0,50000000.0
1821,James H Miller Jr   ,fpp6002.03    ,2.0,3,6,33.632,-87.06,pp_coal,,ts70,AL,,-86.5671,32.4676,0.0,2,6,3,,,fpp6002.03     - ts70,source_to_ts_node,uniform_ts_node,N,,,SE,100.0,SE,0.0002,s1,0,19.7124,0,50000000.0
1822,James H Miller Jr   ,fpp6002.04    ,2.0,3,6,33.632,-87.06,pp_coal,,ts70,AL,,-86.5671,32.4676,0.0,2,6,3,,,fpp6002.04     - ts70,source_to_ts_node,uniform_ts_node,N,,,SE,100.0,SE,0.0002,s1,0,19.7124,0,50000000.0
1823,VERDIGRIS PLT,f1002275,3.0,3,7,36.2335,-95.7191,ammonia,,p5505,OK,,-97.2641,36.1753,0.0,3,7,3,,,f1002275 - p5505,source_to_demand,co2_eor,N,,,GP,100.0,GP,0.0001,s1,0,0.0,0,50000000.0
1824,facility_pp_natgas_1978,fc1978_cluster,,3,6,32.3244,-86.015,pp_natgas,Lower Tuscaloosa5,s105,GA,2855.0,-84.4594,31.0081,0.0,1,5,3,0.0,s105,fc1978_cluster - s105,source_to_storage,storage,N,,,SE,100.0,SE,0.0002,s1,0,19.7124,0,50000000.0
1825,TARGA PEMBROOK GAS PROCESSING PLANT,f1011558,4.0,3,7,31.6327,-101.8433,ng_processing,,ts48,TX,,-101.2617,32.7688,81.0,4,7,3,,,f1011558 - ts48,source_to_ts_node,operational_ts_node,N,,,SWCA,100.0,SWCA,0.0001,s1,0,18.7948,0,50000000.0
1826,,ts55,5.0,4,8,40.0975,-108.8773,operational_ts_node,Tensleep4,s212,WY,6902.0,-110.5927,41.9882,0.0,5,8,4,0.0,s212,ts55 - s212,ts_node_to_storage,storage,N,,,RM,100.0,RM,0.0001,s1,0,14.3808,0,50000000.0
1827,ARTESIA GAS PLANT,f1002515,4.0,4,8,32.7564,-104.2111,ng_processing,Canyon2,s18,NM,8502.0,-103.846,34.6309,4.0,4,8,4,0.0,s18,f1002515 - s18,source_to_storage,storage,N,,,RM,100.0,RM,0.0001,s1,0,14.3808,0,50000000.0
1828,ARTESIA GAS PLANT,f1002515,4.0,4,8,32.7564,-104.2111,ng_processing,Wolfcamp2,s227,NM,8502.0,-103.846,34.6309,4.0,4,8,4,0.0,s227,f1002515 - s227,source_to_storage,storage,N,,,RM,100.0,RM,0.0001,s1,0,14.3808,0,50000000.0
1829,SIMPLOT PHOSPHATES,f1003087,5.0,4,8,41.5414,-109.131,ammonia,Entrada1,s50,CO,9237.0,-108.0439,39.5866,0.0,5,8,4,0.0,s50,f1003087 - s50,source_to_storage,storage,N,,,RM,100.0,RM,0.0001,s1,0,14.3808,0,50000000.0
1830,facility_ammonia_2004,fc2004_cluster,,4,8,41.5414,-109.131,ammonia,Entrada1,s50,CO,9237.0,-108.0439,39.5866,0.0,5,8,4,0.0,s50,fc2004_cluster - s50,source_to_storage,storage,N,,,RM,100.0,RM,0.0001,s1,0,14.3808,0,50000000.0
1831,"POET Biorefining- Iowa Falls, LLC",f1003573,3.0,2,4,42.5072,-93.2804,ethanol,,ts24,IA,,-92.7128,41.3438,0.0,3,4,2,,,f1003573 - ts24,source_to_ts_node,uniform_ts_node,N,,,GP,100.0,GP,0.0001,s1,0,14.3808,0,50000000.0
1832,SIMPLOT PHOSPHATES,f1003087,5.0,4,8,41.5414,-109.131,ammonia,Weber2,s220,CO,5438.0,-108.3726,39.7949,0.0,5,8,4,0.0,s220,f1003087 - s220,source_to_storage,storage,N,,,RM,100.0,RM,0.0001,s1,0,14.3808,0,50000000.0
1833,facility_ammonia_2004,fc2004_cluster,,4,8,41.5414,-109.131,ammonia,Weber2,s220,CO,5438.0,-108.3726,39.7949,0.0,5,8,4,0.0,s220,fc2004_cluster - s220,source_to_storage,storage,N,,,RM,100.0,RM,0.0001,s1,0,14.3808,0,50000000.0
1834,ASH GROVE CEMENT COMPANY,f1002421,4.0,3,7,32.5199,-97.0068,cement,Paluxy1,s162,TX,409.0,-95.4224,32.4907,6.0,2,7,3,0.0,s162,f1002421 - s162,source_to_storage,storage,N,,,SWCA,100.0,SWCA,0.0001,s1,0,18.7948,0,50000000.0
1835,Marion Ethanol LLC d/b/a Poet Biorefining - Marion,f1004902,1.0,2,3,40.6186,-83.1595,ethanol,Mount Simon6,s139,IN,29370.0,-86.0531,40.2057,0.0,1,3,2,0.0,s139,f1004902 - s139,source_to_storage,storage,N,,,GL,100.0,GL,0.0002,s1,0,21.2107,0,50000000.0
1836,facility_pp_coal_1923,fc1923_cluster,,4,8,40.8837,-108.3435,pp_coal,Tensleep5,s213,UT,4436.0,-111.1856,41.1392,0.0,5,8,4,0.0,s213,fc1923_cluster - s213,source_to_storage,storage,N,,,RM,100.0,RM,0.0001,s1,0,14.3808,0,50000000.0
1837,Coal Creek          ,fpp6030.02    ,6.0,2,4,47.378,-101.157,pp_coal,Red River1,s172,ND,55614.0,-101.1361,47.6146,0.0,6,4,2,0.0,s172,fpp6030.02     - s172,source_to_storage,storage,N,,,GP,100.0,GP,0.0001,s1,0,14.3808,0,50000000.0
1838,Air Products Port Arthur Facility,f1006402,2.0,3,7,29.866,-93.967,ammonia,,hsm_cent2,,,-95.3939,30.0067,,2,7,3,,,f1006402 - hsm_cent2,source_to_hsm_cent,hsm_centroid,Y,,1000000.0,SWCA,100.0,SWCA,0.0001,s1,0,18.7948,0,50000000.0
1839,CEMEX CONSTRUCTION MATERIALS SOUTH LLC,f1007877,5.0,4,8,40.2022,-105.2367,cement,,ts59,CO,,-103.5956,40.1656,0.0,5,8,4,,,f1007877 - ts59,source_to_ts_node,uniform_ts_node,N,,,RM,100.0,RM,0.0001,s1,0,14.3808,0,50000000.0
1840,LINAM RANCH GAS PLANT,f1005641,4.0,4,8,32.6953,-103.2853,ng_processing,Wolfcamp2,s227,NM,8502.0,-103.846,34.6309,4.0,4,8,4,0.0,s227,f1005641 - s227,source_to_storage,storage,N,,,RM,100.0,RM,0.0001,s1,0,14.3808,0,50000000.0
1841,LINAM RANCH GAS PLANT,f1005641,4.0,4,8,32.6953,-103.2853,ng_processing,Canyon2,s18,NM,8502.0,-103.846,34.6309,4.0,4,8,4,0.0,s18,f1005641 - s18,source_to_storage,storage,N,,,RM,100.0,RM,0.0001,s1,0,14.3808,0,50000000.0
1842,Lehigh Cement LLC,f1002517,1.0,2,3,38.4157,-85.7494,cement,Knox6,s97,KY,1700.0,-87.624,37.5415,0.0,1,6,3,0.0,s97,f1002517 - s97,source_to_storage,storage,N,,,GL,100.0,GL,0.0002,s1,0,21.2107,0,50000000.0
1843,BATTLEFIELD GAS PLANT,f1009840,2.0,3,7,31.9678,-93.6731,ng_processing,,ts67,AR,,-93.5084,33.2042,0.0,3,7,3,,,f1009840 - ts67,source_to_ts_node,uniform_ts_node,N,,,SE,100.0,SE,0.0002,s1,0,19.7124,0,50000000.0
1844,Oak Grove (TX)      ,fpp6180.0OG2  ,4.0,3,7,31.18,-96.487,pp_coal,Paluxy1,s162,TX,409.0,-95.4224,32.4907,6.0,2,7,3,0.0,s162,fpp6180.0OG2   - s162,source_to_storage,storage,N,,,SWCA,100.0,SWCA,0.0001,s1,0,18.7948,0,50000000.0
1845,Oak Grove (TX)      ,fpp6180.0OG1  ,4.0,3,7,31.18,-96.487,pp_coal,Paluxy1,s162,TX,409.0,-95.4224,32.4907,6.0,2,7,3,0.0,s162,fpp6180.0OG1   - s162,source_to_storage,storage,N,,,SWCA,100.0,SWCA,0.0001,s1,0,18.7948,0,50000000.0
1846,Longview Power Plant,fpp56671.0MKA01,1.0,3,5,39.708,-79.959,pp_coal,,ts37,OH,,-81.1971,40.5228,0.0,1,3,2,,,fpp56671.0MKA01 - ts37,source_to_ts_node,uniform_ts_node,N,,,MA,100.0,MA,0.0003,s1,0,26.9676,0,50000000.0
1847,SHUTE CREEK FACILITY,f1002150,5.0,4,8,41.887,-110.0945,ng_processing,Dakota5,s40,UT,10678.0,-110.4189,39.7311,0.0,5,8,4,0.0,s40,f1002150 - s40,source_to_storage,storage,N,,,RM,100.0,RM,0.0001,s1,0,14.3808,0,50000000.0
1848,SHELBY,f1010598,2.0,3,7,31.7954,-94.179,ng_processing,Frio3a,s69,TX,1193.0,-94.2397,30.2314,3.0,2,7,3,0.0,s69,f1010598 - s69,source_to_storage,storage,N,,,SWCA,100.0,SWCA,0.0001,s1,0,18.7948,0,50000000.0
1849,SHELBY,f1010598,2.0,3,7,31.7954,-94.179,ng_processing,Frio3b,s70,TX,1193.0,-94.2397,30.2314,3.0,2,7,3,0.0,s70,f1010598 - s70,source_to_storage,storage,N,,,SWCA,100.0,SWCA,0.0001,s1,0,18.7948,0,50000000.0
1850,EL DORADO CHEMICAL COMPANY,f1003993,3.0,3,7,33.2252,-92.6471,ammonia,,p4938,LA,,-92.6739,31.9784,0.0,2,7,3,,,f1003993 - p4938,source_to_demand,co2_eor,N,,,SE,100.0,SE,0.0002,s1,0,0.0,0,50000000.0
1851,COFFEYVILLE RESOURCES NITROGEN FERT.,f1002170,3.0,2,4,37.0454,-95.6052,ammonia,,p6004,OK,,-96.259,35.9157,0.0,3,7,3,,,f1002170 - p6004,source_to_demand,co2_eor,N,,,GP,100.0,GP,0.0001,s1,0,0.0,0,50000000.0
1852,THE ANDERSONS MARATHON HOLDINGS LLC IN,f1005969,1.0,2,3,40.719,-86.436,ethanol,Knox3,s94,IN,4930.0,-87.1143,38.6993,0.0,1,3,2,0.0,s94,f1005969 - s94,source_to_storage,storage,N,,,GL,100.0,GL,0.0002,s1,0,21.2107,0,50000000.0
1853,CAPITOL CEMENT PLANT,f1004270,2.0,3,7,29.5453,-98.4211,cement,Frio1,s67,TX,4855.0,-95.6624,29.7957,3.0,2,7,3,0.0,s67,f1004270 - s67,source_to_storage,storage,N,,,SWCA,100.0,SWCA,0.0001,s1,0,18.7948,0,50000000.0
1854,THE ANDERSONS MARATHON HOLDINGS LLC IN,f1005969,1.0,2,3,40.719,-86.436,ethanol,St. Peter8,s200,MI,11160.0,-85.0621,42.4439,0.0,1,3,2,0.0,s200,f1005969 - s200,source_to_storage,storage,N,,,GL,100.0,GL,0.0002,s1,0,21.2107,0,50000000.0
1855,ALAMO GAS PLANT,f1012815,2.0,3,7,31.2816,-95.5197,ng_processing,Frio3b,s70,TX,1193.0,-94.2397,30.2314,3.0,2,7,3,0.0,s70,f1012815 - s70,source_to_storage,storage,N,,,SWCA,100.0,SWCA,0.0001,s1,0,18.7948,0,50000000.0
1856,ALAMO GAS PLANT,f1012815,2.0,3,7,31.2816,-95.5197,ng_processing,Frio3a,s69,TX,1193.0,-94.2397,30.2314,3.0,2,7,3,0.0,s69,f1012815 - s69,source_to_storage,storage,N,,,SWCA,100.0,SWCA,0.0001,s1,0,18.7948,0,50000000.0
1857,CAPITOL CEMENT PLANT,f1004270,2.0,3,7,29.5453,-98.4211,cement,Frio2,s68,TX,4357.0,-97.9289,27.5054,4.0,2,7,3,0.0,s68,f1004270 - s68,source_to_storage,storage,N,,,SWCA,100.0,SWCA,0.0001,s1,0,18.7948,0,50000000.0
1858,facility_pp_natgas_1955,fc1955_cluster,,3,7,30.44,-92.9786,pp_natgas,Lower Tuscaloosa7,s107,LA,2857.0,-90.4419,30.7702,0.0,2,7,3,0.0,s107,fc1955_cluster - s107,source_to_storage,storage,N,,,SE,100.0,SE,0.0002,s1,0,19.7124,0,50000000.0
1859,Lehigh Cement Company LLC,f1000290,1.0,1,2,43.3064,-73.6208,cement,,ts43,MA,,-72.8249,42.2012,0.0,1,1,1,,,f1000290 - ts43,source_to_ts_node,uniform_ts_node,N,,,MA,100.0,MA,0.0003,s1,0,26.9676,0,50000000.0
1860,LEHIGH CEMENT/EVANSVILLE CEMENT PLT & QUARRY,f1005742,1.0,1,2,40.4725,-75.8952,cement,,ts41,PA,,-77.4375,40.0209,0.0,1,2,1,,,f1005742 - ts41,source_to_ts_node,uniform_ts_node,N,,,MA,100.0,MA,0.0003,s1,0,26.9676,0,50000000.0
1861,facility_pp_coal_1921,fc1921_cluster,,1,2,40.765,-76.1053,pp_coal,,ts41,PA,,-77.4375,40.0209,0.0,1,2,1,,,fc1921_cluster - ts41,source_to_ts_node,uniform_ts_node,N,,,MA,100.0,MA,0.0003,s1,0,26.9676,0,50000000.0
1862,facility_pp_natgas_1973,fc1973_cluster,,2,3,39.1845,-84.7372,pp_natgas,,ts31,KY,,-85.4315,38.0578,0.0,1,6,3,,,fc1973_cluster - ts31,source_to_ts_node,uniform_ts_node,N,,,GL,100.0,GL,0.0002,s1,0,21.2107,0,50000000.0
1863,LEHIGH CEMENT COMPANY LLC,f1003891,1.0,2,3,38.7391,-86.457,cement,Mount Simon3,s136,IL,20633.0,-89.239,39.9199,0.0,1,3,2,0.0,s136,f1003891 - s136,source_to_storage,storage,N,,,GL,100.0,GL,0.0002,s1,0,21.2107,0,50000000.0
1864,,ts27,1.0,2,3,38.321,-89.1261,uniform_ts_node,Mount Simon5,s138,IN,5054.0,-86.9464,38.7475,0.0,1,3,2,0.0,s138,ts27 - s138,ts_node_to_storage,storage,N,,,GL,100.0,GL,0.0002,s1,0,21.2107,0,50000000.0
1865,"POET Biorefining- Menlo, LLC",f1003834,3.0,2,4,41.5236,-94.3819,ethanol,,ts24,IA,,-92.7128,41.3438,0.0,3,4,2,,,f1003834 - ts24,source_to_ts_node,uniform_ts_node,N,,,GP,100.0,GP,0.0001,s1,0,14.3808,0,50000000.0
1866,LOBO PROCESSING PLANT,f1012781,4.0,3,7,31.7505,-103.5075,ng_processing,,ts49,TX,,-102.0845,31.404,73.0,4,7,3,,,f1012781 - ts49,source_to_ts_node,operational_ts_node,N,,,SWCA,100.0,SWCA,0.0001,s1,0,18.7948,0,50000000.0
1867,"CF Industries Nitrogen, LLC - Yazoo City Facility",f1004183,2.0,3,6,32.9281,-90.4072,ammonia,Lower Tuscaloosa9,s109,MS,8003.0,-90.0943,31.3641,0.0,2,6,3,0.0,s109,f1004183 - s109,source_to_storage,storage,N,,,SE,100.0,SE,0.0002,s1,0,19.7124,0,50000000.0
1868,facility_ammonia_2010,fc2010_cluster,,3,6,32.9281,-90.4072,ammonia,Lower Tuscaloosa9,s109,MS,8003.0,-90.0943,31.3641,0.0,2,6,3,0.0,s109,fc2010_cluster - s109,source_to_storage,storage,N,,,SE,100.0,SE,0.0002,s1,0,19.7124,0,50000000.0
1869,Alamo San Antonio Cement Plant,f1007208,2.0,3,7,29.6121,-98.3751,cement,Frio1,s67,TX,4855.0,-95.6624,29.7957,3.0,2,7,3,0.0,s67,f1007208 - s67,source_to_storage,storage,N,,,SWCA,100.0,SWCA,0.0001,s1,0,18.7948,0,50000000.0
1870,GREEN VALLEY CHEMICAL CORP,f1002790,3.0,2,4,41.0709,-94.3567,ammonia,,ts24,IA,,-92.7128,41.3438,0.0,3,4,2,,,f1002790 - ts24,source_to_ts_node,uniform_ts_node,N,,,GP,100.0,GP,0.0001,s1,0,14.3808,0,50000000.0
1871,SHUTE CREEK FACILITY,f1002150,5.0,4,8,41.887,-110.0945,ng_processing,,ts53,WY,,-108.417,42.1067,0.0,5,8,4,,,f1002150 - ts53,source_to_ts_node,operational_ts_node,N,,,RM,100.0,RM,0.0001,s1,0,14.3808,0,50000000.0
1872,Valero Renewable Fuels LLC,f1004228,1.0,2,3,41.8165,-83.8357,ethanol,,ts32,IN,,-85.0039,40.9117,0.0,1,3,2,,,f1004228 - ts32,source_to_ts_node,uniform_ts_node,N,,,GL,100.0,GL,0.0002,s1,0,21.2107,0,50000000.0
1873,CONVERSE CENTRAL FACILITY,f1009181,2.0,3,7,31.9551,-93.6817,ng_processing,,ts67,AR,,-93.5084,33.2042,0.0,3,7,3,,,f1009181 - ts67,source_to_ts_node,uniform_ts_node,N,,,SE,100.0,SE,0.0002,s1,0,19.7124,0,50000000.0
1874,LINAM RANCH GAS PLANT,f1005641,4.0,4,8,32.6953,-103.2853,ng_processing,Wolfcamp1,s226,TX,15012.0,-101.642,34.6805,10.0,3,7,3,0.0,s226,f1005641 - s226,source_to_storage,storage,N,,,RM,100.0,RM,0.0001,s1,0,14.3808,0,50000000.0
1875,LINAM RANCH GAS PLANT,f1005641,4.0,4,8,32.6953,-103.2853,ng_processing,Canyon1,s17,TX,15157.0,-101.6575,34.6788,10.0,3,7,3,0.0,s17,f1005641 - s17,source_to_storage,storage,N,,,RM,100.0,RM,0.0001,s1,0,14.3808,0,50000000.0
1876,LINAM RANCH GAS PLANT,f1005641,4.0,4,8,32.6953,-103.2853,ng_processing,Cisco1,s24,TX,15012.0,-101.6575,34.6788,10.0,3,7,3,0.0,s24,f1005641 - s24,source_to_storage,storage,N,,,RM,100.0,RM,0.0001,s1,0,14.3808,0,50000000.0
1877,MT. OLIVE GAS PLANT,f1012151,2.0,3,7,32.5742,-92.6816,ng_processing,Eutaw1,s59,MS,29518.0,-89.8942,31.9943,0.0,2,6,3,0.0,s59,f1012151 - s59,source_to_storage,storage,N,,,SE,100.0,SE,0.0002,s1,0,19.7124,0,50000000.0
1878,"Pennsylvania Grain Processing, LLC",f1003637,1.0,1,2,41.0308,-78.4298,ethanol,,ts41,PA,,-77.4375,40.0209,0.0,1,2,1,,,f1003637 - ts41,source_to_ts_node,uniform_ts_node,N,,,MA,100.0,MA,0.0003,s1,0,26.9676,0,50000000.0
1879,facility_ethanol_1912,fc1912_cluster,,1,2,41.0308,-78.4298,ethanol,,ts41,PA,,-77.4375,40.0209,0.0,1,2,1,,,fc1912_cluster - ts41,source_to_ts_node,uniform_ts_node,N,,,MA,100.0,MA,0.0003,s1,0,26.9676,0,50000000.0
1880,,ts66,3.0,3,7,35.3989,-100.6543,uniform_ts_node,Seven Rivers1,s191,NM,9346.0,-103.6189,32.9649,4.0,4,8,4,0.0,s191,ts66 - s191,ts_node_to_storage,storage,N,,,SWCA,100.0,SWCA,0.0001,s1,0,18.7948,0,50000000.0
1881,,ts66,3.0,3,7,35.3989,-100.6543,uniform_ts_node,Atoka1,s5,TX,51294.0,-102.444,31.7932,8.0,4,7,3,0.0,s5,ts66 - s5,ts_node_to_storage,storage,N,,,SWCA,100.0,SWCA,0.0001,s1,0,18.7948,0,50000000.0
1882,,ts66,3.0,3,7,35.3989,-100.6543,uniform_ts_node,Fusselman1,s86,TX,51068.0,-102.444,31.7932,8.0,4,7,3,0.0,s86,ts66 - s86,ts_node_to_storage,storage,N,,,SWCA,100.0,SWCA,0.0001,s1,0,18.7948,0,50000000.0
1883,,ts66,3.0,3,7,35.3989,-100.6543,uniform_ts_node,Strawn1,s205,TX,51068.0,-102.444,31.7932,8.0,4,7,3,0.0,s205,ts66 - s205,ts_node_to_storage,storage,N,,,SWCA,100.0,SWCA,0.0001,s1,0,18.7948,0,50000000.0
1884,,ts66,3.0,3,7,35.3989,-100.6543,uniform_ts_node,Queen1,s170,TX,51294.0,-101.642,34.6805,10.0,3,7,3,0.0,s170,ts66 - s170,ts_node_to_storage,storage,N,,,SWCA,100.0,SWCA,0.0001,s1,0,18.7948,0,50000000.0
1885,,ts66,3.0,3,7,35.3989,-100.6543,uniform_ts_node,Leonard1,s99,TX,51294.0,-102.444,31.7932,8.0,4,7,3,0.0,s99,ts66 - s99,ts_node_to_storage,storage,N,,,SWCA,100.0,SWCA,0.0001,s1,0,18.7948,0,50000000.0
1886,Alamo San Antonio Cement Plant,f1007208,2.0,3,7,29.6121,-98.3751,cement,Frio2,s68,TX,4357.0,-97.9289,27.5054,4.0,2,7,3,0.0,s68,f1007208 - s68,source_to_storage,storage,N,,,SWCA,100.0,SWCA,0.0001,s1,0,18.7948,0,50000000.0
1887,KENEDY GAS PLANT,f1011012,2.0,3,7,28.7516,-98.0138,ng_processing,Frio13a,s83,TX,1762.0,-97.6582,26.7632,4.0,2,7,3,0.0,s83,f1011012 - s83,source_to_storage,storage,N,,,SWCA,100.0,SWCA,0.0001,s1,0,18.7948,0,50000000.0
1888,KENEDY GAS PLANT,f1011012,2.0,3,7,28.7516,-98.0138,ng_processing,Frio13b,s84,TX,1762.0,-97.6582,26.7632,4.0,2,7,3,0.0,s84,f1011012 - s84,source_to_storage,storage,N,,,SWCA,100.0,SWCA,0.0001,s1,0,18.7948,0,50000000.0
1889,KENEDY GAS PLANT,f1011012,2.0,3,7,28.7516,-98.0138,ng_processing,Frio13c,s85,TX,1762.0,-97.6582,26.7632,4.0,2,7,3,0.0,s85,f1011012 - s85,source_to_storage,storage,N,,,SWCA,100.0,SWCA,0.0001,s1,0,18.7948,0,50000000.0
1890,LEHIGH CEMENT CO LLC,f1006136,1.0,2,3,40.7345,-86.4334,cement,Knox3,s94,IN,4930.0,-87.1143,38.6993,0.0,1,3,2,0.0,s94,f1006136 - s94,source_to_storage,storage,N,,,GL,100.0,GL,0.0002,s1,0,21.2107,0,50000000.0
1891,_agg_nonop_ng_processing8,f_agg_nonop_ng_processing8,2.0,3,7,28.3253,-98.9059,ng_processing,Frio9a,s77,TX,2342.0,-96.7746,28.605,2.0,2,7,3,0.0,s77,f_agg_nonop_ng_processing8 - s77,source_to_storage,storage,N,,,SWCA,100.0,SWCA,0.0001,s1,0,18.7948,0,50000000.0
1892,_agg_nonop_ng_processing8,f_agg_nonop_ng_processing8,2.0,3,7,28.3253,-98.9059,ng_processing,Frio9b,s78,TX,2342.0,-96.7746,28.605,2.0,2,7,3,0.0,s78,f_agg_nonop_ng_processing8 - s78,source_to_storage,storage,N,,,SWCA,100.0,SWCA,0.0001,s1,0,18.7948,0,50000000.0
1893,TXI OPERATIONS,f1007792,4.0,3,7,32.4627,-97.0256,cement,Paluxy1,s162,TX,409.0,-95.4224,32.4907,6.0,2,7,3,0.0,s162,f1007792 - s162,source_to_storage,storage,N,,,SWCA,100.0,SWCA,0.0001,s1,0,18.7948,0,50000000.0
1894,facility_pp_coal_1924,fc1924_cluster,,3,7,32.5403,-95.8707,pp_coal,,ts58,TX,,-97.3799,32.575,5.0,4,7,3,,,fc1924_cluster - ts58,source_to_ts_node,uniform_ts_node,N,,,SWCA,100.0,SWCA,0.0001,s1,0,18.7948,0,50000000.0
1895,TEXAS LEHIGH CEMENT COMPANY LP,f1002102,2.0,3,7,30.071,-97.8568,cement,Woodbine1,s228,TX,13575.0,-95.5742,31.6981,6.0,2,7,3,0.0,s228,f1002102 - s228,source_to_storage,storage,N,,,SWCA,100.0,SWCA,0.0001,s1,0,18.7948,0,50000000.0
1896,ARGOS CEMENT LLC. - ROBERTA PLANT,f1006659,2.0,3,6,33.1043,-86.7985,cement,Lower Tuscaloosa1,s101,AL,10592.0,-87.0544,31.4544,0.0,2,6,3,0.0,s101,f1006659 - s101,source_to_storage,storage,N,,,SE,100.0,SE,0.0002,s1,0,19.7124,0,50000000.0
1897,LONE STAR INDUSTRIES,f1006112,3.0,2,4,37.2676,-89.5385,cement,Knox4,s95,IN,1275.0,-87.6386,38.0852,0.0,1,3,2,0.0,s95,f1006112 - s95,source_to_storage,storage,N,,,GP,100.0,GP,0.0001,s1,0,14.3808,0,50000000.0
1898,_agg_nonop_ng_processing4,f_agg_nonop_ng_processing4,5.0,4,8,40.3049,-104.6614,ng_processing,Nugget2,s154,WY,22707.0,-108.4889,41.8307,0.0,5,8,4,0.0,s154,f_agg_nonop_ng_processing4 - s154,source_to_storage,storage,N,,,RM,100.0,RM,0.0001,s1,0,14.3808,0,50000000.0
1899,ALAMO GAS PLANT,f1012815,2.0,3,7,31.2816,-95.5197,ng_processing,Frio6,s73,TX,1889.0,-95.376,29.6715,3.0,2,7,3,0.0,s73,f1012815 - s73,source_to_storage,storage,N,,,SWCA,100.0,SWCA,0.0001,s1,0,18.7948,0,50000000.0
1900,BECKVILLE GAS PROCESSING PLANT,f1012062,2.0,3,7,32.2356,-94.4861,ng_processing,,ts67,AR,,-93.5084,33.2042,0.0,3,7,3,,,f1012062 - ts67,source_to_ts_node,uniform_ts_node,N,,,SWCA,100.0,SWCA,0.0001,s1,0,18.7948,0,50000000.0
1901,WEST FRENCHIE DRAW AMINE PLANT,f1004110,5.0,4,8,43.2873,-107.6215,ng_processing,,p3402,WY,,-108.714,44.2821,0.0,5,8,4,,,f1004110 - p3402,source_to_demand,co2_eor,N,,,RM,100.0,RM,0.0001,s1,0,14.3808,0,50000000.0
1902,facility_pp_natgas_1983,fc1983_cluster,,2,4,38.9282,-94.3718,pp_natgas,,ts23,MO,,-92.8416,38.4726,0.0,3,4,2,,,fc1983_cluster - ts23,source_to_ts_node,uniform_ts_node,N,,,GP,100.0,GP,0.0001,s1,0,14.3808,0,50000000.0
1903,,ts33,1.0,2,3,43.7706,-84.5405,uniform_ts_node,Mount Simon7,s140,MI,5446.0,-85.7774,42.2856,0.0,1,3,2,0.0,s140,ts33 - s140,ts_node_to_storage,storage,N,,,GL,100.0,GL,0.0002,s1,0,21.2107,0,50000000.0
1904,ROADRUNNER GAS PROCESSING PLANT,f1013364,4.0,4,8,32.2659,-104.1124,ng_processing,,p4402,TX,,-102.637,32.0038,8.0,4,7,3,,,f1013364 - p4402,source_to_demand,co2_eor,N,,,RM,100.0,RM,0.0001,s1,0,14.3808,0,50000000.0
1905,facility_pp_natgas_1944,fc1944_cluster,,4,8,39.7757,-104.5501,pp_natgas,,p3905,CO,,-103.449,40.7334,0.0,5,8,4,,,fc1944_cluster - p3905,source_to_demand,co2_eor,N,,,RM,100.0,RM,0.0001,s1,0,14.3808,0,50000000.0
1906,facility_pp_coal_1931,fc1931_cluster,,2,3,38.92,-82.1253,pp_coal,,ts36,WV,,-81.7687,37.6841,0.0,1,5,3,,,fc1931_cluster - ts36,source_to_ts_node,uniform_ts_node,N,,,GL,100.0,GL,0.0002,s1,0,21.2107,0,50000000.0
1907,HUSKER AG L L C,f1005369,3.0,2,4,42.3507,-97.708,ethanol,,ts20,NE,,-96.5899,41.3846,0.0,3,4,2,,,f1005369 - ts20,source_to_ts_node,uniform_ts_node,N,,,GP,100.0,GP,0.0001,s1,0,14.3808,0,50000000.0
1908,facility_pp_natgas_1950,fc1950_cluster,,3,7,35.3237,-97.6598,pp_natgas,,p6004,OK,,-96.259,35.9157,0.0,3,7,3,,,fc1950_cluster - p6004,source_to_demand,co2_eor,N,,,GP,100.0,GP,0.0001,s1,0,14.3808,0,50000000.0
1909,,ts34,1.0,3,5,31.9873,-82.7898,uniform_ts_node,Lower Tuscaloosa5,s105,GA,2855.0,-84.4594,31.0081,0.0,1,5,3,0.0,s105,ts34 - s105,ts_node_to_storage,storage,N,,,SE,100.0,SE,0.0002,s1,0,19.7124,0,50000000.0
1910,TERRELL GAS PROCESSING,f1000002,2.0,3,7,40.3711,-85.1981,ng_processing,Mount Simon11,s144,KY,10350.0,-84.5965,38.2913,0.0,1,6,3,0.0,s144,f1000002 - s144,source_to_storage,storage,N,,,GL,100.0,GL,0.0002,s1,0,21.2107,0,50000000.0
1911,Air Products Port Arthur Facility,f1006402,2.0,3,7,29.866,-93.967,ammonia,Woodbine1,s228,TX,13575.0,-95.5742,31.6981,6.0,2,7,3,0.0,s228,f1006402 - s228,source_to_storage,storage,N,,,SWCA,100.0,SWCA,0.0001,s1,0,18.7948,0,50000000.0
1912,facility_pp_coal_1939,fc1939_cluster,,2,4,47.2681,-101.43,pp_coal,Red River1,s172,ND,55614.0,-101.1361,47.6146,0.0,6,4,2,0.0,s172,fc1939_cluster - s172,source_to_storage,storage,N,,,GP,100.0,GP,0.0001,s1,0,14.3808,0,50000000.0
1913,facility_pp_natgas_1955,fc1955_cluster,,3,7,30.44,-92.9786,pp_natgas,Frio7b,s75,TX,1537.0,-95.0427,29.5431,3.0,2,7,3,0.0,s75,fc1955_cluster - s75,source_to_storage,storage,N,,,SE,100.0,SE,0.0002,s1,0,19.7124,0,50000000.0
1914,facility_pp_natgas_1955,fc1955_cluster,,3,7,30.44,-92.9786,pp_natgas,Frio7a,s74,TX,1537.0,-95.0427,29.5431,3.0,2,7,3,0.0,s74,fc1955_cluster - s74,source_to_storage,storage,N,,,SE,100.0,SE,0.0002,s1,0,19.7124,0,50000000.0
1915,ROADRUNNER GAS PROCESSING PLANT,f1013364,4.0,4,8,32.2659,-104.1124,ng_processing,,p4412,TX,,-102.841,31.5659,8.0,4,7,3,,,f1013364 - p4412,source_to_demand,co2_eor,N,,,RM,100.0,RM,0.0001,s1,0,14.3808,0,50000000.0
1916,WARNER CO2 TREATMENT PLANT,f1009130,1.0,2,3,45.0344,-84.8469,ng_processing,,ts33,MI,,-84.5405,43.7706,0.0,1,3,2,,,f1009130 - ts33,source_to_ts_node,uniform_ts_node,N,,,GL,100.0,GL,0.0002,s1,0,21.2107,0,50000000.0
1917,ContangoResources_LOST CABIN,f1002265,5.0,4,8,43.2811,-107.6012,ng_processing,,p3402,WY,,-108.714,44.2821,0.0,5,8,4,,,f1002265 - p3402,source_to_demand,co2_eor,N,,,RM,100.0,RM,0.0001,s1,0,0.0,0,50000000.0
1918,facility_pp_natgas_1955,fc1955_cluster,,3,7,30.44,-92.9786,pp_natgas,Lower Tuscaloosa9,s109,MS,8003.0,-90.0943,31.3641,0.0,2,6,3,0.0,s109,fc1955_cluster - s109,source_to_storage,storage,N,,,SE,100.0,SE,0.0002,s1,0,19.7124,0,50000000.0
1919,MT. OLIVE GAS PLANT,f1012151,2.0,3,7,32.5742,-92.6816,ng_processing,Lower Tuscaloosa8,s108,MS,13379.0,-89.9133,32.3322,0.0,2,6,3,0.0,s108,f1012151 - s108,source_to_storage,storage,N,,,SE,100.0,SE,0.0002,s1,0,19.7124,0,50000000.0
1920,,ts58,4.0,3,7,32.575,-97.3799,uniform_ts_node,,p4505,TX,,-98.8282,33.0055,9.0,4,7,3,,,ts58 - p4505,ts_node_to_demand,co2_eor,N,,,SWCA,100.0,SWCA,0.0001,s1,0,18.7948,0,50000000.0
1921,"CF INDUSTRIES NITROGEN, LLC - DONALDSONVILLE NITROGEN COMPLEX",f1002301,2.0,3,7,30.0869,-90.9579,ammonia,,hsm_cent2,,,-91.9594,31.0438,,2,7,3,,,f1002301 - hsm_cent2,source_to_hsm_cent,hsm_centroid,Y,,3187583.8667,SE,100.0,SE,0.0002,s1,0,19.7124,0,50000000.0
1922,SHELBY,f1010598,2.0,3,7,31.7954,-94.179,ng_processing,,p4938,LA,,-92.6739,31.9784,0.0,2,7,3,,,f1010598 - p4938,source_to_demand,co2_eor,N,,,SWCA,100.0,SWCA,0.0001,s1,0,18.7948,0,50000000.0
1923,facility_pp_coal_1930,fc1930_cluster,,2,3,38.5296,-87.4916,pp_coal,,ts27,IL,,-89.1261,38.321,0.0,1,3,2,,,fc1930_cluster - ts27,source_to_ts_node,uniform_ts_node,N,,,GL,100.0,GL,0.0002,s1,0,21.2107,0,50000000.0
1924,facility_pp_natgas_1944,fc1944_cluster,,4,8,39.7757,-104.5501,pp_natgas,Dakota10,s45,NE,8564.0,-103.2372,41.6698,0.0,3,4,2,0.0,s45,fc1944_cluster - s45,source_to_storage,storage,N,,,RM,100.0,RM,0.0001,s1,0,14.3808,0,50000000.0
1925,facility_pp_natgas_1944,fc1944_cluster,,4,8,39.7757,-104.5501,pp_natgas,Entrada7,s56,NE,8564.0,-103.2372,41.6698,0.0,3,4,2,0.0,s56,fc1944_cluster - s56,source_to_storage,storage,N,,,RM,100.0,RM,0.0001,s1,0,14.3808,0,50000000.0
1926,facility_pp_natgas_1969,fc1969_cluster,,3,5,27.1011,-80.5366,pp_natgas,,ts38,FL,,-80.5225,25.7975,0.0,2,5,3,,,fc1969_cluster - ts38,source_to_ts_node,uniform_ts_node,N,,,SE,100.0,SE,0.0002,s1,0,19.7124,0,50000000.0
1927,facility_pp_natgas_1955,fc1955_cluster,,3,7,30.44,-92.9786,pp_natgas,Frio8,s76,TX,1200.0,-95.0137,29.322,3.0,2,7,3,0.0,s76,fc1955_cluster - s76,source_to_storage,storage,N,,,SE,100.0,SE,0.0002,s1,0,19.7124,0,50000000.0
1928,"Gavin Power, LLC    ",fpp8102.01    ,1.0,2,3,38.935,-82.116,pp_coal,,ts36,WV,,-81.7687,37.6841,0.0,1,5,3,,,fpp8102.01     - ts36,source_to_ts_node,uniform_ts_node,N,,,GL,100.0,GL,0.0002,s1,0,21.2107,0,50000000.0
1929,"Gavin Power, LLC    ",fpp8102.02    ,1.0,2,3,38.935,-82.116,pp_coal,,ts36,WV,,-81.7687,37.6841,0.0,1,5,3,,,fpp8102.02     - ts36,source_to_ts_node,uniform_ts_node,N,,,GL,100.0,GL,0.0002,s1,0,21.2107,0,50000000.0
1930,,ts69,4.0,4,8,34.4406,-107.2926,uniform_ts_node,Mesaverde2,s120,NM,8455.0,-107.6517,36.3633,4.0,4,8,4,0.0,s120,ts69 - s120,ts_node_to_storage,storage,N,,,RM,100.0,RM,0.0001,s1,0,14.3808,0,50000000.0
1931,,ts69,4.0,4,8,34.4406,-107.2926,uniform_ts_node,Morrison2,s126,NM,8520.0,-107.6527,36.3681,4.0,4,8,4,0.0,s126,ts69 - s126,ts_node_to_storage,storage,N,,,RM,100.0,RM,0.0001,s1,0,14.3808,0,50000000.0
1932,facility_beccs_2014,fc2014_cluster,,3,7,32.5438,-97.3902,beccs,,p4505,TX,,-98.8282,33.0055,9.0,4,7,3,,,fc2014_cluster - p4505,source_to_demand,co2_eor,N,,,SWCA,100.0,SWCA,0.0001,s1,0,18.7948,0,50000000.0
1933,_agg_nonop_ng_processing0,f_agg_nonop_ng_processing0,2.0,3,7,32.2651,-93.3868,ng_processing,Woodbine1,s228,TX,13575.0,-95.5742,31.6981,6.0,2,7,3,0.0,s228,f_agg_nonop_ng_processing0 - s228,source_to_storage,storage,N,,,SE,100.0,SE,0.0002,s1,0,19.7124,0,50000000.0
1934,PLEASANT HILL GAS TREATING FACILITY,f1009090,2.0,3,7,31.881,-93.4661,ng_processing,Frio3a,s69,TX,1193.0,-94.2397,30.2314,3.0,2,7,3,0.0,s69,f1009090 - s69,source_to_storage,storage,N,,,SE,100.0,SE,0.0002,s1,0,19.7124,0,50000000.0
1935,PLEASANT HILL GAS TREATING FACILITY,f1009090,2.0,3,7,31.881,-93.4661,ng_processing,Frio3b,s70,TX,1193.0,-94.2397,30.2314,3.0,2,7,3,0.0,s70,f1009090 - s70,source_to_storage,storage,N,,,SE,100.0,SE,0.0002,s1,0,19.7124,0,50000000.0
1936,Iowa Fertilizer Company,f1012918,3.0,2,4,40.69,-91.23,ammonia,,ts24,IA,,-92.7128,41.3438,0.0,3,4,2,,,f1012918 - ts24,source_to_ts_node,uniform_ts_node,N,,,GP,100.0,GP,0.0001,s1,0,14.3808,0,50000000.0
1937,HOLCIM (US) INC. DEVIL\S SLIDE PLANT,f1004131,5.0,4,8,41.0633,-111.5317,cement,,ts64,ID,,-112.1273,42.2721,0.0,5,8,4,,,f1004131 - ts64,source_to_ts_node,uniform_ts_node,N,,,RM,100.0,RM,0.0001,s1,0,14.3808,0,50000000.0
1938,KOCH FERITLIZER ENID LLC ENID NITROGEN PLT,f1002407,3.0,3,7,36.3795,-97.7651,ammonia,,p6004,OK,,-96.259,35.9157,0.0,3,7,3,,,f1002407 - p6004,source_to_demand,co2_eor,N,,,GP,100.0,GP,0.0001,s1,0,0.0,0,50000000.0
1939,facility_ng_processing_1986,fc1986_cluster,,3,7,31.6433,-102.7422,ng_processing,,p4411,TX,,-101.912,32.7303,81.0,4,7,3,,,fc1986_cluster - p4411,source_to_demand,co2_eor,N,,,SWCA,100.0,SWCA,0.0001,s1,0,18.7948,0,50000000.0
1940,Oak Grove (TX)      ,fpp6180.0OG2  ,4.0,3,7,31.18,-96.487,pp_coal,Frio1,s67,TX,4855.0,-95.6624,29.7957,3.0,2,7,3,0.0,s67,fpp6180.0OG2   - s67,source_to_storage,storage,N,,,SWCA,100.0,SWCA,0.0001,s1,0,18.7948,0,50000000.0
1941,Oak Grove (TX)      ,fpp6180.0OG1  ,4.0,3,7,31.18,-96.487,pp_coal,Frio1,s67,TX,4855.0,-95.6624,29.7957,3.0,2,7,3,0.0,s67,fpp6180.0OG1   - s67,source_to_storage,storage,N,,,SWCA,100.0,SWCA,0.0001,s1,0,18.7948,0,50000000.0
1942,facility_pp_natgas_1978,fc1978_cluster,,3,6,32.3244,-86.015,pp_natgas,Eutaw3,s61,FL,13014.0,-85.4061,30.5037,0.0,2,5,3,0.0,s61,fc1978_cluster - s61,source_to_storage,storage,N,,,SE,100.0,SE,0.0002,s1,0,19.7124,0,50000000.0
1943,Blue Flint,fop003,6.0,2,4,47.4564,-101.1371,ethanol,Red River1,s172,ND,55614.0,-101.1361,47.6146,0.0,6,4,2,0.0,s172,fop003 - s172,source_to_storage,storage,N,,,GP,100.0,GP,0.0001,s1,0,14.3808,0,50000000.0
1944,"Valero Renewable Fuels Company, LLC d/b/a Valero Mt. Vernon Plant",f1006490,1.0,2,3,37.9336,-87.8734,ethanol,Mount Simon3,s136,IL,20633.0,-89.239,39.9199,0.0,1,3,2,0.0,s136,f1006490 - s136,source_to_storage,storage,N,,,GL,100.0,GL,0.0002,s1,0,21.2107,0,50000000.0
1945,Martin Lake         ,fpp6146.03    ,2.0,3,7,32.261,-94.571,pp_coal,,ts67,AR,,-93.5084,33.2042,0.0,3,7,3,,,fpp6146.03     - ts67,source_to_ts_node,uniform_ts_node,N,,,SWCA,100.0,SWCA,0.0001,s1,0,18.7948,0,50000000.0
1946,CONVERSE CENTRAL FACILITY,f1009181,2.0,3,7,31.9551,-93.6817,ng_processing,Frio1,s67,TX,4855.0,-95.6624,29.7957,3.0,2,7,3,0.0,s67,f1009181 - s67,source_to_storage,storage,N,,,SE,100.0,SE,0.0002,s1,0,19.7124,0,50000000.0
1947,EL DORADO CHEMICAL COMPANY,f1003993,3.0,3,7,33.2252,-92.6471,ammonia,Paluxy3,s164,TX,11534.0,-95.243,32.3169,6.0,2,7,3,0.0,s164,f1003993 - s164,source_to_storage,storage,N,,,SE,100.0,SE,0.0002,s1,0,19.7124,0,50000000.0
1948,"LEHIGH CEMENT WEST, LLC.",f1002566,7.0,4,9,35.1228,-118.3693,cement,,ts4,CA,,-118.4952,36.4119,0.0,7,9,4,,,f1002566 - ts4,source_to_ts_node,uniform_ts_node,N,,,SWCA,100.0,SWCA,0.0001,s1,0,18.7948,0,50000000.0
1949,CEMEX CONSTRUCTION MATERIALS SOUTH LLC,f1007877,5.0,4,8,40.2022,-105.2367,cement,Entrada1,s50,CO,9237.0,-108.0439,39.5866,0.0,5,8,4,0.0,s50,f1007877 - s50,source_to_storage,storage,N,,,RM,100.0,RM,0.0001,s1,0,14.3808,0,50000000.0
1950,facility_pp_coal_1932,fc1932_cluster,,2,3,37.8836,-89.2386,pp_coal,Knox3,s94,IN,4930.0,-87.1143,38.6993,0.0,1,3,2,0.0,s94,fc1932_cluster - s94,source_to_storage,storage,N,,,GL,100.0,GL,0.0002,s1,0,21.2107,0,50000000.0
1951,HEARTLAND CORN PRODUCTS,f1003907,3.0,2,4,44.5419,-94.3417,ethanol,,ts25,MN,,-92.573,44.2227,0.0,3,4,2,,,f1003907 - ts25,source_to_ts_node,uniform_ts_node,N,,,GP,100.0,GP,0.0001,s1,0,14.3808,0,50000000.0
1952,Trident,f1006185,6.0,4,8,45.9448,-111.4771,cement,,ts15,MT,,-113.3399,46.0614,0.0,6,8,4,,,f1006185 - ts15,source_to_ts_node,uniform_ts_node,N,,,RM,100.0,RM,0.0001,s1,0,14.3808,0,50000000.0
1953,facility_pp_natgas_1978,fc1978_cluster,,3,6,32.3244,-86.015,pp_natgas,Washita-Fredericksburg2,s216,FL,10473.0,-85.7796,30.511,0.0,2,5,3,0.0,s216,fc1978_cluster - s216,source_to_storage,storage,N,,,SE,100.0,SE,0.0002,s1,0,19.7124,0,50000000.0
1954,JACKSON LAKE GAS PLANT,f1013618,5.0,4,8,40.4527,-103.9559,ng_processing,Dakota2,s37,CO,3054.0,-106.2868,40.6379,0.0,5,8,4,0.0,s37,f1013618 - s37,source_to_storage,storage,N,,,RM,100.0,RM,0.0001,s1,0,14.3808,0,50000000.0
1955,_agg_nonop_ng_processing7,f_agg_nonop_ng_processing7,4.0,3,7,31.3445,-96.2344,ng_processing,Frio1,s67,TX,4855.0,-95.6624,29.7957,3.0,2,7,3,0.0,s67,f_agg_nonop_ng_processing7 - s67,source_to_storage,storage,N,,,SWCA,100.0,SWCA,0.0001,s1,0,18.7948,0,50000000.0
1956,,ts66,3.0,3,7,35.3989,-100.6543,uniform_ts_node,Canyon3,s19,TX,49915.0,-102.4566,31.7628,8.0,4,7,3,0.0,s19,ts66 - s19,ts_node_to_storage,storage,N,,,SWCA,100.0,SWCA,0.0001,s1,0,18.7948,0,50000000.0
1957,facility_pp_natgas_1972,fc1972_cluster,,2,3,42.7759,-88.8726,pp_natgas,,ts29,WI,,-88.5434,44.0574,0.0,1,3,2,,,fc1972_cluster - ts29,source_to_ts_node,uniform_ts_node,N,,,GL,100.0,GL,0.0002,s1,0,21.2107,0,50000000.0
1958,facility_cement_1995,fc1995_cluster,,4,8,39.0654,-109.9158,cement,,ts55,CO,,-108.8773,40.0975,0.0,5,8,4,,,fc1995_cluster - ts55,source_to_ts_node,operational_ts_node,N,,,RM,100.0,RM,0.0001,s1,0,14.3808,0,50000000.0
1959,_agg_nonop_ng_processing1,f_agg_nonop_ng_processing1,2.0,3,7,31.8281,-94.2781,ng_processing,Frio3a,s69,TX,1193.0,-94.2397,30.2314,3.0,2,7,3,0.0,s69,f_agg_nonop_ng_processing1 - s69,source_to_storage,storage,N,,,SWCA,100.0,SWCA,0.0001,s1,0,18.7948,0,50000000.0
1960,_agg_nonop_ng_processing1,f_agg_nonop_ng_processing1,2.0,3,7,31.8281,-94.2781,ng_processing,Frio3b,s70,TX,1193.0,-94.2397,30.2314,3.0,2,7,3,0.0,s70,f_agg_nonop_ng_processing1 - s70,source_to_storage,storage,N,,,SWCA,100.0,SWCA,0.0001,s1,0,18.7948,0,50000000.0
1961,facility_pp_natgas_1975,fc1975_cluster,,2,3,39.7381,-86.5129,pp_natgas,Mount Simon11,s144,KY,10350.0,-84.5965,38.2913,0.0,1,6,3,0.0,s144,fc1975_cluster - s144,source_to_storage,storage,N,,,GL,100.0,GL,0.0002,s1,0,21.2107,0,50000000.0
1962,Painesville         ,fpp2936.07    ,1.0,2,3,41.727,-81.254,pp_coal,Rose Run3,s186,PA,8201.0,-78.8689,40.9262,0.0,1,2,1,0.0,s186,fpp2936.07     - s186,source_to_storage,storage,N,,,GL,100.0,GL,0.0002,s1,0,21.2107,0,50000000.0
1963,Painesville         ,fpp2936.03    ,1.0,2,3,41.727,-81.254,pp_coal,Rose Run3,s186,PA,8201.0,-78.8689,40.9262,0.0,1,2,1,0.0,s186,fpp2936.03     - s186,source_to_storage,storage,N,,,GL,100.0,GL,0.0002,s1,0,21.2107,0,50000000.0
1964,Painesville         ,fpp2936.05    ,1.0,2,3,41.727,-81.254,pp_coal,Rose Run3,s186,PA,8201.0,-78.8689,40.9262,0.0,1,2,1,0.0,s186,fpp2936.05     - s186,source_to_storage,storage,N,,,GL,100.0,GL,0.0002,s1,0,21.2107,0,50000000.0
1965,Painesville         ,fpp2936.0ST2  ,1.0,2,3,41.727,-81.254,pp_coal,Rose Run3,s186,PA,8201.0,-78.8689,40.9262,0.0,1,2,1,0.0,s186,fpp2936.0ST2   - s186,source_to_storage,storage,N,,,GL,100.0,GL,0.0002,s1,0,21.2107,0,50000000.0
1966,Mountaineer         ,fpp6264.01    ,1.0,3,5,38.979,-81.934,pp_coal,,ts36,WV,,-81.7687,37.6841,0.0,1,5,3,,,fpp6264.01     - ts36,source_to_ts_node,uniform_ts_node,N,,,MA,100.0,MA,0.0003,s1,0,26.9676,0,50000000.0
1967,facility_pp_natgas_1978,fc1978_cluster,,3,6,32.3244,-86.015,pp_natgas,Paluxy5,s166,FL,9820.0,-85.851,30.5223,0.0,2,5,3,0.0,s166,fc1978_cluster - s166,source_to_storage,storage,N,,,SE,100.0,SE,0.0002,s1,0,19.7124,0,50000000.0
1968,facility_ng_processing_1987,fc1987_cluster,,3,7,30.7559,-95.4086,ng_processing,Paluxy1,s162,TX,409.0,-95.4224,32.4907,6.0,2,7,3,0.0,s162,fc1987_cluster - s162,source_to_storage,storage,N,,,SWCA,100.0,SWCA,0.0001,s1,0,18.7948,0,50000000.0
1969,J K Spruce          ,fpp7097.02    ,2.0,3,7,29.31,-98.32,pp_coal,Frio9b,s78,TX,2342.0,-96.7746,28.605,2.0,2,7,3,0.0,s78,fpp7097.02     - s78,source_to_storage,storage,N,,,SWCA,100.0,SWCA,0.0001,s1,0,18.7948,0,50000000.0
1970,J K Spruce          ,fpp7097.02    ,2.0,3,7,29.31,-98.32,pp_coal,Frio9a,s77,TX,2342.0,-96.7746,28.605,2.0,2,7,3,0.0,s77,fpp7097.02     - s77,source_to_storage,storage,N,,,SWCA,100.0,SWCA,0.0001,s1,0,18.7948,0,50000000.0
1971,BATTLEFIELD GAS PLANT,f1009840,2.0,3,7,31.9678,-93.6731,ng_processing,Frio1,s67,TX,4855.0,-95.6624,29.7957,3.0,2,7,3,0.0,s67,f1009840 - s67,source_to_storage,storage,N,,,SE,100.0,SE,0.0002,s1,0,19.7124,0,50000000.0
1972,"Lone Star Industries, Inc. /dba/ BUZZI UNICEM USA",f1006110,4.0,3,7,32.25,-100.4583,cement,,p4411,TX,,-101.912,32.7303,81.0,4,7,3,,,f1006110 - p4411,source_to_demand,co2_eor,N,,,SWCA,100.0,SWCA,0.0001,s1,0,18.7948,0,50000000.0
1973,DIAMOND CRYO,f1013544,4.0,3,7,31.0039,-103.755,ng_processing,,p4410,TX,,-102.699,31.9612,8.0,4,7,3,,,f1013544 - p4410,source_to_demand,co2_eor,N,,,SWCA,100.0,SWCA,0.0001,s1,0,18.7948,0,50000000.0
1974,"KOCH FERTILIZER DODGE CITY, LLC",f1006037,3.0,2,4,37.78,-100.0057,ammonia,,p5305,KS,,-99.3733,38.9887,0.0,3,4,2,,,f1006037 - p5305,source_to_demand,co2_eor,N,,,GP,100.0,GP,0.0001,s1,0,0.0,0,50000000.0
1975,,ts31,1.0,3,6,38.0578,-85.4315,uniform_ts_node,Knox4,s95,IN,1275.0,-87.6386,38.0852,0.0,1,3,2,0.0,s95,ts31 - s95,ts_node_to_storage,storage,N,,,SE,100.0,SE,0.0002,s1,0,19.7124,0,50000000.0
1976,facility_pp_natgas_1963,fc1963_cluster,,4,9,33.1509,-115.1744,pp_natgas,,ts8,CA,,-114.2466,34.2129,0.0,7,9,4,,,fc1963_cluster - ts8,source_to_ts_node,uniform_ts_node,N,,,SWCA,100.0,SWCA,0.0001,s1,0,18.7948,0,50000000.0
1977,CalPortland Company Oro Grande Plant,f1007927,7.0,4,9,34.6045,-117.3382,cement,Stevens1,s204,CA,2393.0,-119.3053,35.4104,0.0,7,9,4,0.0,s204,f1007927 - s204,source_to_storage,storage,N,,,SWCA,100.0,SWCA,0.0001,s1,0,18.7948,0,50000000.0
1978,MOUNTAIN CEMENT CO,f1005978,5.0,4,8,41.2611,-105.6032,cement,Fountain2b,s66,CO,2794.0,-103.683,40.1835,0.0,5,8,4,0.0,s66,f1005978 - s66,source_to_storage,storage,N,,,RM,100.0,RM,0.0001,s1,0,14.3808,0,50000000.0
1979,MOUNTAIN CEMENT CO,f1005978,5.0,4,8,41.2611,-105.6032,cement,Lyons2,s112,CO,2784.0,-103.683,40.1835,0.0,5,8,4,0.0,s112,f1005978 - s112,source_to_storage,storage,N,,,RM,100.0,RM,0.0001,s1,0,14.3808,0,50000000.0
1980,MOUNTAIN CEMENT CO,f1005978,5.0,4,8,41.2611,-105.6032,cement,Fountain2a,s65,CO,2794.0,-103.683,40.1835,0.0,5,8,4,0.0,s65,f1005978 - s65,source_to_storage,storage,N,,,RM,100.0,RM,0.0001,s1,0,14.3808,0,50000000.0
1981,MT. OLIVE GAS PLANT,f1012151,2.0,3,7,32.5742,-92.6816,ng_processing,Paluxy3,s164,TX,11534.0,-95.243,32.3169,6.0,2,7,3,0.0,s164,f1012151 - s164,source_to_storage,storage,N,,,SE,100.0,SE,0.0002,s1,0,19.7124,0,50000000.0
1982,facility_pp_natgas_1981,fc1981_cluster,,2,4,37.0688,-94.648,pp_natgas,Arbuckle4,s4,KS,32460.0,-99.2057,37.695,0.0,3,4,2,0.0,s4,fc1981_cluster - s4,source_to_storage,storage,N,,,GP,100.0,GP,0.0001,s1,0,14.3808,0,50000000.0
1983,NATIONAL CEMENT COMPANY INC.,f1007985,2.0,3,6,33.7336,-86.1552,cement,,ts70,AL,,-86.5671,32.4676,0.0,2,6,3,,,f1007985 - ts70,source_to_ts_node,uniform_ts_node,N,,,SE,100.0,SE,0.0002,s1,0,19.7124,0,50000000.0
1984,,ts51,4.0,4,8,36.5833,-104.0351,operational_ts_node,Canyon2,s18,NM,8502.0,-103.846,34.6309,4.0,4,8,4,0.0,s18,ts51 - s18,ts_node_to_storage,storage,N,,,RM,100.0,RM,0.0001,s1,0,14.3808,0,50000000.0
1985,,ts51,4.0,4,8,36.5833,-104.0351,operational_ts_node,Wolfcamp2,s227,NM,8502.0,-103.846,34.6309,4.0,4,8,4,0.0,s227,ts51 - s227,ts_node_to_storage,storage,N,,,RM,100.0,RM,0.0001,s1,0,14.3808,0,50000000.0
1986,facility_cement_1996,fc1996_cluster,,3,7,32.1724,-97.6149,cement,,p4505,TX,,-98.8282,33.0055,9.0,4,7,3,,,fc1996_cluster - p4505,source_to_demand,co2_eor,N,,,SWCA,100.0,SWCA,0.0001,s1,0,18.7948,0,50000000.0
1987,TARGA PEMBROOK GAS PROCESSING PLANT,f1011558,4.0,3,7,31.6327,-101.8433,ng_processing,,p4405,TX,,-101.283,32.8612,81.0,4,7,3,,,f1011558 - p4405,source_to_demand,co2_eor,N,,,SWCA,100.0,SWCA,0.0001,s1,0,18.7948,0,50000000.0
1988,facility_pp_coal_1939,fc1939_cluster,,2,4,47.2681,-101.43,pp_coal,Madison Gp-Mission Canyon3,s116,SD,10420.0,-102.7355,45.3349,0.0,6,4,2,0.0,s116,fc1939_cluster - s116,source_to_storage,storage,N,,,GP,100.0,GP,0.0001,s1,0,14.3808,0,50000000.0
1989,facility_pp_coal_1926,fc1926_cluster,,3,5,39.3094,-80.5448,pp_coal,,ts37,OH,,-81.1971,40.5228,0.0,1,3,2,,,fc1926_cluster - ts37,source_to_ts_node,uniform_ts_node,N,,,MA,100.0,MA,0.0003,s1,0,26.9676,0,50000000.0
1990,LONE STAR IND INC DBA BUZZI UNICEM USA PRYOR CEMENT PLANT,f1004289,3.0,3,7,36.2962,-95.3312,cement,,p6001,OK,,-96.6748,35.5418,0.0,3,7,3,,,f1004289 - p6001,source_to_demand,co2_eor,N,,,GP,100.0,GP,0.0001,s1,0,14.3808,0,50000000.0
1991,"GCC RIO GRANDE, INC. TIJERAS PLANT",f1009018,4.0,4,8,35.0713,-106.3923,cement,Canyon2,s18,NM,8502.0,-103.846,34.6309,4.0,4,8,4,0.0,s18,f1009018 - s18,source_to_storage,storage,N,,,RM,100.0,RM,0.0001,s1,0,14.3808,0,50000000.0
1992,"GCC RIO GRANDE, INC. TIJERAS PLANT",f1009018,4.0,4,8,35.0713,-106.3923,cement,Wolfcamp2,s227,NM,8502.0,-103.846,34.6309,4.0,4,8,4,0.0,s227,f1009018 - s227,source_to_storage,storage,N,,,RM,100.0,RM,0.0001,s1,0,14.3808,0,50000000.0
1993,ZIA II GAS PLANT,f1011356,4.0,4,8,32.643,-103.8089,ng_processing,Wolfcamp2,s227,NM,8502.0,-103.846,34.6309,4.0,4,8,4,0.0,s227,f1011356 - s227,source_to_storage,storage,N,,,RM,100.0,RM,0.0001,s1,0,14.3808,0,50000000.0
1994,ZIA II GAS PLANT,f1011356,4.0,4,8,32.643,-103.8089,ng_processing,Canyon2,s18,NM,8502.0,-103.846,34.6309,4.0,4,8,4,0.0,s18,f1011356 - s18,source_to_storage,storage,N,,,RM,100.0,RM,0.0001,s1,0,14.3808,0,50000000.0
1995,WEST FRENCHIE DRAW AMINE PLANT,f1004110,5.0,4,8,43.2873,-107.6215,ng_processing,,ts53,WY,,-108.417,42.1067,0.0,5,8,4,,,f1004110 - ts53,source_to_ts_node,operational_ts_node,N,,,RM,100.0,RM,0.0001,s1,0,14.3808,0,50000000.0
1996,FirstEnergy Harrison,fpp3944.03    ,1.0,3,5,39.384,-80.333,pp_coal,,ts37,OH,,-81.1971,40.5228,0.0,1,3,2,,,fpp3944.03     - ts37,source_to_ts_node,uniform_ts_node,N,,,MA,100.0,MA,0.0003,s1,0,26.9676,0,50000000.0
1997,FirstEnergy Harrison,fpp3944.01    ,1.0,3,5,39.384,-80.333,pp_coal,,ts37,OH,,-81.1971,40.5228,0.0,1,3,2,,,fpp3944.01     - ts37,source_to_ts_node,uniform_ts_node,N,,,MA,100.0,MA,0.0003,s1,0,26.9676,0,50000000.0
1998,ContangoResources_LOST CABIN,f1002265,5.0,4,8,43.2811,-107.6012,ng_processing,,ts53,WY,,-108.417,42.1067,0.0,5,8,4,,,f1002265 - ts53,source_to_ts_node,operational_ts_node,N,,,RM,100.0,RM,0.0001,s1,0,14.3808,0,50000000.0
1999,facility_pp_natgas_1954,fc1954_cluster,,3,7,36.1295,-95.6146,pp_natgas,,p5505,OK,,-97.2641,36.1753,0.0,3,7,3,,,fc1954_cluster - p5505,source_to_demand,co2_eor,N,,,GP,100.0,GP,0.0001,s1,0,14.3808,0,50000000.0
2000,TARGA TUPELO GAS PROCESSING PLANT,f1011130,3.0,3,7,34.5864,-96.288,ng_processing,Paluxy3,s164,TX,11534.0,-95.243,32.3169,6.0,2,7,3,0.0,s164,f1011130 - s164,source_to_storage,storage,N,,,GP,100.0,GP,0.0001,s1,0,14.3808,0,50000000.0
2001,LONE STAR INDUSTRIES INC,f1005302,1.0,2,3,39.6166,-86.8686,cement,Knox4,s95,IN,1275.0,-87.6386,38.0852,0.0,1,3,2,0.0,s95,f1005302 - s95,source_to_storage,storage,N,,,GL,100.0,GL,0.0002,s1,0,21.2107,0,50000000.0
2002,"POET Biorefining- Arthur, LLC",f1006534,3.0,2,4,42.3311,-95.3467,ethanol,,ts20,NE,,-96.5899,41.3846,0.0,3,4,2,,,f1006534 - ts20,source_to_ts_node,uniform_ts_node,N,,,GP,100.0,GP,0.0001,s1,0,14.3808,0,50000000.0
2003,PRYOR CHEMICAL COMPANY,f1005867,3.0,3,7,36.2412,-95.2783,ammonia,,p6001,OK,,-96.6748,35.5418,0.0,3,7,3,,,f1005867 - p6001,source_to_demand,co2_eor,N,,,GP,100.0,GP,0.0001,s1,0,0.0,0,50000000.0
2004,,ts18,3.0,3,7,35.639,-96.5454,uniform_ts_node,Arbuckle4,s4,KS,32460.0,-99.2057,37.695,0.0,3,4,2,0.0,s4,ts18 - s4,ts_node_to_storage,storage,N,,,GP,100.0,GP,0.0001,s1,0,14.3808,0,50000000.0
2005,AGRIUM US BORGER NITROGEN OPERATIONS,f1002380,3.0,3,7,35.6411,-101.4203,ammonia,Arbuckle4,s4,KS,32460.0,-99.2057,37.695,0.0,3,4,2,0.0,s4,f1002380 - s4,source_to_storage,storage,N,,,SWCA,100.0,SWCA,0.0001,s1,0,18.7948,0,50000000.0
2006,facility_cement_1995,fc1995_cluster,,4,8,39.0654,-109.9158,cement,Nugget1,s153,CO,5877.0,-107.939,40.6116,0.0,5,8,4,0.0,s153,fc1995_cluster - s153,source_to_storage,storage,N,,,RM,100.0,RM,0.0001,s1,0,14.3808,0,50000000.0
2007,PLEASANT HILL GAS TREATING FACILITY,f1009090,2.0,3,7,31.881,-93.4661,ng_processing,,ts67,AR,,-93.5084,33.2042,0.0,3,7,3,,,f1009090 - ts67,source_to_ts_node,uniform_ts_node,N,,,SE,100.0,SE,0.0002,s1,0,19.7124,0,50000000.0
2008,,ts28,1.0,2,3,41.1859,-88.8466,uniform_ts_node,Mount Simon2,s135,IL,5957.0,-88.5947,39.0412,0.0,1,3,2,0.0,s135,ts28 - s135,ts_node_to_storage,storage,N,,,GL,100.0,GL,0.0002,s1,0,21.2107,0,50000000.0
2009,Archer Daniels Midland Co.,f1005661,1.0,2,3,39.8675,-88.885,ethanol,,ts28,IL,,-88.8466,41.1859,0.0,1,3,2,,,f1005661 - ts28,source_to_ts_node,uniform_ts_node,N,,0.0,GL,100.0,GL,0.0002,s1,0,21.2107,0,50000000.0
2010,facility_pp_natgas_1978,fc1978_cluster,,3,6,32.3244,-86.015,pp_natgas,Lower Tuscaloosa3,s103,FL,9454.0,-85.8026,30.513,0.0,2,5,3,0.0,s103,fc1978_cluster - s103,source_to_storage,storage,N,,,SE,100.0,SE,0.0002,s1,0,19.7124,0,50000000.0
2011,facility_cement_2000,fc2000_cluster,,2,3,40.74,-86.0745,cement,Mount Simon8,s141,MI,4788.0,-83.6668,42.2254,0.0,1,3,2,0.0,s141,fc2000_cluster - s141,source_to_storage,storage,N,,,GL,100.0,GL,0.0002,s1,0,21.2107,0,50000000.0
2012,PLEASANT HILL GAS TREATING FACILITY,f1009090,2.0,3,7,31.881,-93.4661,ng_processing,,p4921,LA,,-92.1828,32.6582,0.0,2,7,3,,,f1009090 - p4921,source_to_demand,co2_eor,N,,,SE,100.0,SE,0.0002,s1,0,19.7124,0,50000000.0
2013,AGRIUM US BORGER NITROGEN OPERATIONS,f1002380,3.0,3,7,35.6411,-101.4203,ammonia,Wolfcamp2,s227,NM,8502.0,-103.846,34.6309,4.0,4,8,4,0.0,s227,f1002380 - s227,source_to_storage,storage,N,,,SWCA,100.0,SWCA,0.0001,s1,0,18.7948,0,50000000.0
2014,AGRIUM US BORGER NITROGEN OPERATIONS,f1002380,3.0,3,7,35.6411,-101.4203,ammonia,Canyon2,s18,NM,8502.0,-103.846,34.6309,4.0,4,8,4,0.0,s18,f1002380 - s18,source_to_storage,storage,N,,,SWCA,100.0,SWCA,0.0001,s1,0,18.7948,0,50000000.0
2015,Petra Nova,fop006,2.0,3,7,29.4791,-95.6294,other_operational_facility,Frio2,s68,TX,4357.0,-97.9289,27.5054,4.0,2,7,3,0.0,s68,fop006 - s68,source_to_storage,storage,N,,,SWCA,100.0,SWCA,0.0001,s1,0,18.7948,0,50000000.0
2016,Tate & Lyle-Loudon,f1000401,1.0,3,6,35.7433,-84.3208,ethanol,,ts30,TN,,-85.8272,35.2015,0.0,1,6,3,,,f1000401 - ts30,source_to_ts_node,uniform_ts_node,N,,,SE,100.0,SE,0.0002,s1,0,19.7124,0,50000000.0
2017,Drake Cement,f1001689,5.0,4,8,34.9853,-112.3704,cement,,ts60,AZ,,-110.7599,34.7449,0.0,5,8,4,,,f1001689 - ts60,source_to_ts_node,uniform_ts_node,N,,,SWCA,100.0,SWCA,0.0001,s1,0,18.7948,0,50000000.0
2018,Oklahoma Carbon Hub-EOR,fop004,3.0,3,7,36.7611,-96.7128,other_operational_facility,,hsm_cent3,,,-97.4936,35.5893,,3,7,3,,,fop004 - hsm_cent3,source_to_hsm_cent,hsm_centroid,Y,,750000.0,GP,100.0,GP,0.0001,s1,0,14.3808,0,50000000.0
2019,,ts49,4.0,3,7,31.404,-102.0845,operational_ts_node,,p4411,TX,,-101.912,32.7303,81.0,4,7,3,,,ts49 - p4411,ts_node_to_demand,co2_eor,N,,,SWCA,100.0,SWCA,0.0001,s1,0,18.7948,0,50000000.0
2020,TARGA TUPELO GAS PROCESSING PLANT,f1011130,3.0,3,7,34.5864,-96.288,ng_processing,,p6004,OK,,-96.259,35.9157,0.0,3,7,3,,,f1011130 - p6004,source_to_demand,co2_eor,N,,,GP,100.0,GP,0.0001,s1,0,14.3808,0,50000000.0
2021,Central Plains Cement Company,f1007216,3.0,3,7,36.1941,-95.8117,cement,Arbuckle1,s1,OK,10229.0,-98.5544,36.3994,0.0,3,7,3,0.0,s1,f1007216 - s1,source_to_storage,storage,N,,,GP,100.0,GP,0.0001,s1,0,14.3808,0,50000000.0
2022,,nat011,2.0,3,6,32.23,-89.5,nat_co2_field,,p4940,MS,,-91.0648,32.4766,0.0,2,6,3,,,nat011 - p4940,nat_co2_to_demand,co2_eor,N,Jackson Dome,,SE,100.0,SE,0.0002,s1,0,19.7124,0,50000000.0
2023,LOUIS DREYFUS COMMODITIES GRAND JUNCTION LLC,f1003855,3.0,2,4,42.052,-94.2423,ethanol,,ts24,IA,,-92.7128,41.3438,0.0,3,4,2,,,f1003855 - ts24,source_to_ts_node,uniform_ts_node,N,,,GP,100.0,GP,0.0001,s1,0,14.3808,0,50000000.0
2024,BATTLE HORSE PLANT,f1013903,2.0,3,7,30.1619,-96.5631,ng_processing,,p4701,TX,,-95.0593,29.8337,3.0,2,7,3,,,f1013903 - p4701,source_to_demand,co2_eor,N,,,SWCA,100.0,SWCA,0.0001,s1,0,18.7948,0,50000000.0
2025,facility_pp_coal_1934,fc1934_cluster,,2,3,39.0042,-85.2895,pp_coal,Knox5,s96,KY,2610.0,-87.2952,37.4824,0.0,1,6,3,0.0,s96,fc1934_cluster - s96,source_to_storage,storage,N,,,GL,100.0,GL,0.0002,s1,0,21.2107,0,50000000.0
2026,facility_ammonia_2007,fc2007_cluster,,3,5,34.1237,-80.9141,ammonia,,ts35,SC,,-82.2981,34.8411,0.0,1,5,3,,,fc2007_cluster - ts35,source_to_ts_node,uniform_ts_node,N,,,SE,100.0,SE,0.0002,s1,0,19.7124,0,50000000.0
2027,facility_ethanol_1916,fc1916_cluster,,2,5,34.1237,-80.9141,ethanol,,ts35,SC,,-82.2981,34.8411,0.0,1,5,3,,,fc1916_cluster - ts35,source_to_ts_node,uniform_ts_node,N,,,SE,100.0,SE,0.0002,s1,0,19.7124,0,50000000.0
2028,facility_ng_processing_1989,fc1989_cluster,,4,5,34.1237,-80.9141,ng_processing,,ts35,SC,,-82.2981,34.8411,0.0,1,5,3,,,fc1989_cluster - ts35,source_to_ts_node,uniform_ts_node,N,,,SE,100.0,SE,0.0002,s1,0,19.7124,0,50000000.0
2029,facility_beccs_2016,fc2016_cluster,,3,5,34.1237,-80.9141,beccs,,ts35,SC,,-82.2981,34.8411,0.0,1,5,3,,,fc2016_cluster - ts35,source_to_ts_node,uniform_ts_node,N,,,SE,100.0,SE,0.0002,s1,0,19.7124,0,50000000.0
2030,THE ANDERSONS MARATHON HOLDINGS LLC IN,f1005969,1.0,2,3,40.719,-86.436,ethanol,Knox1,s92,IL,10500.0,-88.8089,38.8847,0.0,1,3,2,0.0,s92,f1005969 - s92,source_to_storage,storage,N,,,GL,100.0,GL,0.0002,s1,0,21.2107,0,50000000.0
2031,,ts56,5.0,4,8,43.6569,-106.2405,operational_ts_node,Minnelusa2,s123,MT,3611.0,-106.228,45.3843,0.0,6,8,4,0.0,s123,ts56 - s123,ts_node_to_storage,storage,N,,,RM,100.0,RM,0.0001,s1,0,14.3808,0,50000000.0
2032,GCC DACOTAH,f1004539,6.0,2,4,44.089,-103.2676,cement,Dakota10,s45,NE,8564.0,-103.2372,41.6698,0.0,3,4,2,0.0,s45,f1004539 - s45,source_to_storage,storage,N,,,GP,100.0,GP,0.0001,s1,0,14.3808,0,50000000.0
2033,GCC DACOTAH,f1004539,6.0,2,4,44.089,-103.2676,cement,Entrada7,s56,NE,8564.0,-103.2372,41.6698,0.0,3,4,2,0.0,s56,f1004539 - s56,source_to_storage,storage,N,,,GP,100.0,GP,0.0001,s1,0,14.3808,0,50000000.0
2034,CONVERSE CENTRAL FACILITY,f1009181,2.0,3,7,31.9551,-93.6817,ng_processing,Frio3a,s69,TX,1193.0,-94.2397,30.2314,3.0,2,7,3,0.0,s69,f1009181 - s69,source_to_storage,storage,N,,,SE,100.0,SE,0.0002,s1,0,19.7124,0,50000000.0
2035,CONVERSE CENTRAL FACILITY,f1009181,2.0,3,7,31.9551,-93.6817,ng_processing,Frio3b,s70,TX,1193.0,-94.2397,30.2314,3.0,2,7,3,0.0,s70,f1009181 - s70,source_to_storage,storage,N,,,SE,100.0,SE,0.0002,s1,0,19.7124,0,50000000.0
2036,Core Energy CO2-EOR,f1010117,1.0,2,3,45.113,-84.652,ng_processing,,ts33,MI,,-84.5405,43.7706,0.0,1,3,2,,,f1010117 - ts33,source_to_ts_node,uniform_ts_node,N,,,GL,100.0,GL,0.0002,s1,0,21.2107,0,50000000.0
2037,THE ANDERSONS MARATHON HOLDINGS LLC IN,f1005969,1.0,2,3,40.719,-86.436,ethanol,Mount Simon2,s135,IL,5957.0,-88.5947,39.0412,0.0,1,3,2,0.0,s135,f1005969 - s135,source_to_storage,storage,N,,,GL,100.0,GL,0.0002,s1,0,21.2107,0,50000000.0
2038,ADM CORN PROCESSING,f1006047,3.0,2,4,41.9192,-91.6862,ethanol,,hsm_cent3,,,-93.4961,42.0737,,3,4,2,,,f1006047 - hsm_cent3,source_to_hsm_cent,hsm_centroid,Y,,4610654.6982,GP,100.0,GP,0.0001,s1,0,14.3808,0,50000000.0
2039,Valero Hartley Plant,f1002690,3.0,2,4,43.1829,-95.5057,ethanol,,ts21,SD,,-96.615,44.2654,0.0,6,4,2,,,f1002690 - ts21,source_to_ts_node,uniform_ts_node,N,,,GP,100.0,GP,0.0001,s1,0,14.3808,0,50000000.0
2040,THE ANDERSONS MARATHON HOLDINGS LLC IN,f1005969,1.0,2,3,40.719,-86.436,ethanol,Mount Simon5,s138,IN,5054.0,-86.9464,38.7475,0.0,1,3,2,0.0,s138,f1005969 - s138,source_to_storage,storage,N,,,GL,100.0,GL,0.0002,s1,0,21.2107,0,50000000.0
2041,ADVANSIX INCORPORATED - HOPEWELL,f1000630,1.0,3,5,37.1815,-77.1621,ammonia,,hsm_cent1,,,-78.8184,37.5209,,1,5,3,,,f1000630 - hsm_cent1,source_to_hsm_cent,hsm_centroid,Y,,642530.8165,MA,100.0,MA,0.0003,s1,0,26.9676,0,50000000.0
2042,,ts22,3.0,2,4,47.1634,-96.6423,uniform_ts_node,Basal Cambrian8,s14,ND,11350.0,-99.542,47.8512,0.0,6,4,2,0.0,s14,ts22 - s14,ts_node_to_storage,storage,N,,,GP,100.0,GP,0.0001,s1,0,14.3808,0,50000000.0
2043,Labadie             ,fpp2103.03    ,3.0,2,4,38.562,-90.838,pp_coal,,ts27,IL,,-89.1261,38.321,0.0,1,3,2,,,fpp2103.03     - ts27,source_to_ts_node,uniform_ts_node,N,,,GP,100.0,GP,0.0001,s1,0,14.3808,0,50000000.0
2044,Labadie             ,fpp2103.01    ,3.0,2,4,38.562,-90.838,pp_coal,,ts27,IL,,-89.1261,38.321,0.0,1,3,2,,,fpp2103.01     - ts27,source_to_ts_node,uniform_ts_node,N,,,GP,100.0,GP,0.0001,s1,0,14.3808,0,50000000.0
2045,ZIA II GAS PLANT,f1011356,4.0,4,8,32.643,-103.8089,ng_processing,,p4412,TX,,-102.841,31.5659,8.0,4,7,3,,,f1011356 - p4412,source_to_demand,co2_eor,N,,,RM,100.0,RM,0.0001,s1,0,0.0,0,50000000.0
2046,facility_pp_natgas_1958,fc1958_cluster,,3,7,26.234,-98.0175,pp_natgas,Frio9b,s78,TX,2342.0,-96.7746,28.605,2.0,2,7,3,0.0,s78,fc1958_cluster - s78,source_to_storage,storage,N,,,SWCA,100.0,SWCA,0.0001,s1,0,18.7948,0,50000000.0
2047,facility_pp_natgas_1958,fc1958_cluster,,3,7,26.234,-98.0175,pp_natgas,Frio9a,s77,TX,2342.0,-96.7746,28.605,2.0,2,7,3,0.0,s77,fc1958_cluster - s77,source_to_storage,storage,N,,,SWCA,100.0,SWCA,0.0001,s1,0,18.7948,0,50000000.0
2048,,ts72,2.0,3,7,29.0,-97.5,uniform_ts_node,Frio12b,s82,TX,2121.0,-97.9446,26.8571,4.0,2,7,3,0.0,s82,ts72 - s82,ts_node_to_storage,storage,N,,,SWCA,100.0,SWCA,0.0001,s1,0,18.7948,0,50000000.0
2049,,ts72,2.0,3,7,29.0,-97.5,uniform_ts_node,Frio12a,s81,TX,2121.0,-97.9446,26.8571,4.0,2,7,3,0.0,s81,ts72 - s81,ts_node_to_storage,storage,N,,,SWCA,100.0,SWCA,0.0001,s1,0,18.7948,0,50000000.0
2050,BELLE ISLE BATTERY I PRODUCTION FACILITY,f1013406,2.0,3,7,29.5289,-91.4052,ng_processing,,ts45,LA,,-90.7576,30.7654,0.0,2,7,3,,,f1013406 - ts45,source_to_ts_node,operational_ts_node,N,,,SE,100.0,SE,0.0002,s1,0,19.7124,0,50000000.0
2051,PLAINVIEW BIOENERY LLC,f1007819,4.0,3,7,34.1806,-101.6274,ethanol,,p4405,TX,,-101.283,32.8612,81.0,4,7,3,,,f1007819 - p4405,source_to_demand,co2_eor,N,,,SWCA,100.0,SWCA,0.0001,s1,0,18.7948,0,50000000.0
2052,YOAKUM CRYOGENIC PLANT,f1009093,2.0,3,7,29.3421,-97.11,ng_processing,Frio8,s76,TX,1200.0,-95.0137,29.322,3.0,2,7,3,0.0,s76,f1009093 - s76,source_to_storage,storage,N,,,SWCA,100.0,SWCA,0.0001,s1,0,18.7948,0,50000000.0
2053,facility_ng_processing_1987,fc1987_cluster,,3,7,30.7559,-95.4086,ng_processing,Frio5,s72,TX,323.0,-94.046,29.782,3.0,2,7,3,0.0,s72,fc1987_cluster - s72,source_to_storage,storage,N,,,SWCA,100.0,SWCA,0.0001,s1,0,18.7948,0,50000000.0
2054,WARNER CO2 TREATMENT PLANT,f1009130,1.0,2,3,45.0344,-84.8469,ng_processing,St. Peter8,s200,MI,11160.0,-85.0621,42.4439,0.0,1,3,2,0.0,s200,f1009130 - s200,source_to_storage,storage,N,,,GL,100.0,GL,0.0002,s1,0,21.2107,0,50000000.0
2055,"East Dubuque Nitrogen Fertilizers, LLC",f1005502,1.0,2,3,42.4431,-90.5569,ammonia,Mount Simon3,s136,IL,20633.0,-89.239,39.9199,0.0,1,3,2,0.0,s136,f1005502 - s136,source_to_storage,storage,N,,,GL,100.0,GL,0.0002,s1,0,21.2107,0,50000000.0
2056,LEHIGH CEMENT CO LLC,f1006136,1.0,2,3,40.7345,-86.4334,cement,Knox1,s92,IL,10500.0,-88.8089,38.8847,0.0,1,3,2,0.0,s92,f1006136 - s92,source_to_storage,storage,N,,,GL,100.0,GL,0.0002,s1,0,21.2107,0,50000000.0
2057,Century Plant,f1004301,4.0,3,7,30.6082,-102.5785,ng_processing,,p4410,TX,,-102.699,31.9612,8.0,4,7,3,,,f1004301 - p4410,source_to_demand,co2_eor,N,,,SWCA,100.0,SWCA,0.0001,s1,0,0.0,0,50000000.0
2058,BULLDOG GAS PLANT (PANOLA III),f1013924,2.0,3,7,32.1456,-94.2688,ng_processing,,p4938,LA,,-92.6739,31.9784,0.0,2,7,3,,,f1013924 - p4938,source_to_demand,co2_eor,N,,,SWCA,100.0,SWCA,0.0001,s1,0,18.7948,0,50000000.0
2059,COFFEYVILLE RESOURCES NITROGEN FERT.,f1002170,3.0,2,4,37.0454,-95.6052,ammonia,Arbuckle1,s1,OK,10229.0,-98.5544,36.3994,0.0,3,7,3,0.0,s1,f1002170 - s1,source_to_storage,storage,N,,,GP,100.0,GP,0.0001,s1,0,14.3808,0,50000000.0
2060,,nat009,5.0,4,8,42.3336,-110.2829,nat_co2_field,,ts64,ID,,-112.1273,42.2721,0.0,5,8,4,,,nat009 - ts64,nat_co2_to_ts_node,uniform_ts_node,N,BPLB Basinal,,RM,100.0,RM,0.0001,s1,0,14.3808,0,50000000.0
2061,,ts65,1.0,3,6,35.2784,-89.5434,uniform_ts_node,Eutaw1,s59,MS,29518.0,-89.8942,31.9943,0.0,2,6,3,0.0,s59,ts65 - s59,ts_node_to_storage,storage,N,,,SE,100.0,SE,0.0002,s1,0,19.7124,0,50000000.0
2062,BATTLEFIELD GAS PLANT,f1009840,2.0,3,7,31.9678,-93.6731,ng_processing,Frio3a,s69,TX,1193.0,-94.2397,30.2314,3.0,2,7,3,0.0,s69,f1009840 - s69,source_to_storage,storage,N,,,SE,100.0,SE,0.0002,s1,0,19.7124,0,50000000.0
2063,BATTLEFIELD GAS PLANT,f1009840,2.0,3,7,31.9678,-93.6731,ng_processing,Frio3b,s70,TX,1193.0,-94.2397,30.2314,3.0,2,7,3,0.0,s70,f1009840 - s70,source_to_storage,storage,N,,,SE,100.0,SE,0.0002,s1,0,19.7124,0,50000000.0
2064,MT. OLIVE GAS PLANT,f1012151,2.0,3,7,32.5742,-92.6816,ng_processing,Lower Tuscaloosa9,s109,MS,8003.0,-90.0943,31.3641,0.0,2,6,3,0.0,s109,f1012151 - s109,source_to_storage,storage,N,,,SE,100.0,SE,0.0002,s1,0,19.7124,0,50000000.0
2065,facility_pp_coal_1936,fc1936_cluster,,3,6,38.3602,-84.8002,pp_coal,Knox3,s94,IN,4930.0,-87.1143,38.6993,0.0,1,3,2,0.0,s94,fc1936_cluster - s94,source_to_storage,storage,N,,,SE,100.0,SE,0.0002,s1,0,19.7124,0,50000000.0
2066,LEHIGH CEMENT CO LLC,f1006136,1.0,2,3,40.7345,-86.4334,cement,Mount Simon2,s135,IL,5957.0,-88.5947,39.0412,0.0,1,3,2,0.0,s135,f1006136 - s135,source_to_storage,storage,N,,,GL,100.0,GL,0.0002,s1,0,21.2107,0,50000000.0
2067,LEHIGH HANSON CEMENT SOUTH LLC,f1006234,2.0,3,6,33.5401,-86.5435,cement,Paluxy4,s165,AL,16568.0,-87.3213,31.4857,0.0,2,6,3,0.0,s165,f1006234 - s165,source_to_storage,storage,N,,,SE,100.0,SE,0.0002,s1,0,19.7124,0,50000000.0
2068,MT. OLIVE GAS PLANT,f1012151,2.0,3,7,32.5742,-92.6816,ng_processing,,p4940,MS,,-91.0648,32.4766,0.0,2,6,3,,,f1012151 - p4940,source_to_demand,co2_eor,N,,,SE,100.0,SE,0.0002,s1,0,19.7124,0,50000000.0
2069,facility_pp_natgas_1968,fc1968_cluster,,3,5,32.3143,-81.2233,pp_natgas,,ts34,GA,,-82.7898,31.9873,0.0,1,5,3,,,fc1968_cluster - ts34,source_to_ts_node,uniform_ts_node,N,,,SE,100.0,SE,0.0002,s1,0,19.7124,0,50000000.0
2070,,ts31,1.0,3,6,38.0578,-85.4315,uniform_ts_node,Knox6,s97,KY,1700.0,-87.624,37.5415,0.0,1,6,3,0.0,s97,ts31 - s97,ts_node_to_storage,storage,N,,,SE,100.0,SE,0.0002,s1,0,19.7124,0,50000000.0
2071,"BARGATH, INC.- PARACHUTE",f1002943,5.0,4,8,39.4873,-108.1114,ng_processing,Dakota2,s37,CO,3054.0,-106.2868,40.6379,0.0,5,8,4,0.0,s37,f1002943 - s37,source_to_storage,storage,N,,,RM,100.0,RM,0.0001,s1,0,14.3808,0,50000000.0
2072,Cheyenne Plant,f1005924,5.0,4,8,41.0949,-104.908,ammonia,,ts59,CO,,-103.5956,40.1656,0.0,5,8,4,,,f1005924 - ts59,source_to_ts_node,uniform_ts_node,N,,,RM,100.0,RM,0.0001,s1,0,14.3808,0,50000000.0
2073,LEHIGH CEMENT CO LLC,f1006136,1.0,2,3,40.7345,-86.4334,cement,Mount Simon5,s138,IN,5054.0,-86.9464,38.7475,0.0,1,3,2,0.0,s138,f1006136 - s138,source_to_storage,storage,N,,,GL,100.0,GL,0.0002,s1,0,21.2107,0,50000000.0
2074,MARQUIS ENERGY LLC,f1005374,1.0,2,3,41.2767,-89.3195,ethanol,Mount Simon6,s139,IN,29370.0,-86.0531,40.2057,0.0,1,3,2,0.0,s139,f1005374 - s139,source_to_storage,storage,N,,,GL,100.0,GL,0.0002,s1,0,21.2107,0,50000000.0
2075,Velma Gas Plant,f1007903,3.0,3,7,34.4615,-97.6905,ng_processing,,p6001,OK,,-96.6748,35.5418,0.0,3,7,3,,,f1007903 - p6001,source_to_demand,co2_eor,N,,,GP,100.0,GP,0.0001,s1,0,0.0,0,50000000.0
2076,THE ANDERSONS MARATHON HOLDINGS LLC MI,f1007933,1.0,2,3,42.2596,-84.7897,ethanol,,ts32,IN,,-85.0039,40.9117,0.0,1,3,2,,,f1007933 - ts32,source_to_ts_node,uniform_ts_node,N,,,GL,100.0,GL,0.0002,s1,0,21.2107,0,50000000.0
2077,_agg_nonop_ng_processing1,f_agg_nonop_ng_processing1,2.0,3,7,31.8281,-94.2781,ng_processing,,p4938,LA,,-92.6739,31.9784,0.0,2,7,3,,,f_agg_nonop_ng_processing1 - p4938,source_to_demand,co2_eor,N,,,SWCA,100.0,SWCA,0.0001,s1,0,18.7948,0,50000000.0
2078,LAFARGE NA WHITEHALL PLANT,f1005639,1.0,1,2,40.6876,-75.5063,cement,Rose Run3,s186,PA,8201.0,-78.8689,40.9262,0.0,1,2,1,0.0,s186,f1005639 - s186,source_to_storage,storage,N,,,MA,100.0,MA,0.0003,s1,0,26.9676,0,50000000.0
2079,BATTLE HORSE PLANT,f1013903,2.0,3,7,30.1619,-96.5631,ng_processing,Frio11,s80,TX,259.0,-95.674,28.9024,3.0,2,7,3,0.0,s80,f1013903 - s80,source_to_storage,storage,N,,,SWCA,100.0,SWCA,0.0001,s1,0,18.7948,0,50000000.0
2080,BATTLE HORSE PLANT,f1013903,2.0,3,7,30.1619,-96.5631,ng_processing,Frio8,s76,TX,1200.0,-95.0137,29.322,3.0,2,7,3,0.0,s76,f1013903 - s76,source_to_storage,storage,N,,,SWCA,100.0,SWCA,0.0001,s1,0,18.7948,0,50000000.0
2081,TERRELL GAS PROCESSING,f1000002,2.0,3,7,40.3711,-85.1981,ng_processing,Mount Simon8,s141,MI,4788.0,-83.6668,42.2254,0.0,1,3,2,0.0,s141,f1000002 - s141,source_to_storage,storage,N,,,GL,100.0,GL,0.0002,s1,0,21.2107,0,50000000.0
2082,TERRELL GAS PROCESSING,f1000002,2.0,3,7,40.3711,-85.1981,ng_processing,St. Peter8,s200,MI,11160.0,-85.0621,42.4439,0.0,1,3,2,0.0,s200,f1000002 - s200,source_to_storage,storage,N,,,GL,100.0,GL,0.0002,s1,0,21.2107,0,50000000.0
2083,facility_pp_natgas_1951,fc1951_cluster,,3,7,30.6883,-96.4717,pp_natgas,Frio9a,s77,TX,2342.0,-96.7746,28.605,2.0,2,7,3,0.0,s77,fc1951_cluster - s77,source_to_storage,storage,N,,,SWCA,100.0,SWCA,0.0001,s1,0,18.7948,0,50000000.0
2084,facility_pp_natgas_1951,fc1951_cluster,,3,7,30.6883,-96.4717,pp_natgas,Frio9b,s78,TX,2342.0,-96.7746,28.605,2.0,2,7,3,0.0,s78,fc1951_cluster - s78,source_to_storage,storage,N,,,SWCA,100.0,SWCA,0.0001,s1,0,18.7948,0,50000000.0
2085,James H Miller Jr   ,fpp6002.03    ,2.0,3,6,33.632,-87.06,pp_coal,Washita-Fredericksburg1,s215,AL,13025.0,-87.4539,31.3942,0.0,2,6,3,0.0,s215,fpp6002.03     - s215,source_to_storage,storage,N,,,SE,100.0,SE,0.0002,s1,0,19.7124,0,50000000.0
2086,James H Miller Jr   ,fpp6002.04    ,2.0,3,6,33.632,-87.06,pp_coal,Washita-Fredericksburg1,s215,AL,13025.0,-87.4539,31.3942,0.0,2,6,3,0.0,s215,fpp6002.04     - s215,source_to_storage,storage,N,,,SE,100.0,SE,0.0002,s1,0,19.7124,0,50000000.0
2087,GREEN PLAINS OBION LLC,f1006364,1.0,3,6,36.283,-89.1476,ethanol,Knox6,s97,KY,1700.0,-87.624,37.5415,0.0,1,6,3,0.0,s97,f1006364 - s97,source_to_storage,storage,N,,,SE,100.0,SE,0.0002,s1,0,19.7124,0,50000000.0
2088,facility_ethanol_1919,fc1919_cluster,,3,6,36.283,-89.1476,ethanol,Knox6,s97,KY,1700.0,-87.624,37.5415,0.0,1,6,3,0.0,s97,fc1919_cluster - s97,source_to_storage,storage,N,,,SE,100.0,SE,0.0002,s1,0,19.7124,0,50000000.0
2089,"RED TRAIL ENERGY, LLC",f1001157,6.0,2,4,46.8786,-102.296,ethanol,,hsm_cent6,,,-100.4662,47.4458,,6,4,2,,,f1001157 - hsm_cent6,source_to_hsm_cent,hsm_centroid,N,,0.0,GP,100.0,GP,0.0001,s1,0,14.3808,0,50000000.0
2090,"CEMEX SOUTHEAST LLC, DEMOPOLIS PLANT",f1008033,2.0,3,6,32.5127,-87.8156,cement,Lower Tuscaloosa2,s102,AL,2571.0,-87.9806,30.7369,0.0,2,6,3,0.0,s102,f1008033 - s102,source_to_storage,storage,N,,,SE,100.0,SE,0.0002,s1,0,19.7124,0,50000000.0
2091,"CEMEX SOUTHEAST LLC, DEMOPOLIS PLANT",f1008033,2.0,3,6,32.5127,-87.8156,cement,Lower Tuscaloosa10,s110,MS,4393.0,-89.0783,30.7252,0.0,2,6,3,0.0,s110,f1008033 - s110,source_to_storage,storage,N,,,SE,100.0,SE,0.0002,s1,0,19.7124,0,50000000.0
2092,PANTHER GAS PLANT,f1012901,4.0,3,7,31.6411,-102.1938,ng_processing,,ts48,TX,,-101.2617,32.7688,81.0,4,7,3,,,f1012901 - ts48,source_to_ts_node,operational_ts_node,N,,,SWCA,100.0,SWCA,0.0001,s1,0,18.7948,0,50000000.0
2093,Labadie             ,fpp2103.01    ,3.0,2,4,38.562,-90.838,pp_coal,Knox2,s93,IL,5560.0,-88.4987,38.1531,0.0,1,3,2,0.0,s93,fpp2103.01     - s93,source_to_storage,storage,N,,,GP,100.0,GP,0.0001,s1,0,14.3808,0,50000000.0
2094,Labadie             ,fpp2103.03    ,3.0,2,4,38.562,-90.838,pp_coal,Knox2,s93,IL,5560.0,-88.4987,38.1531,0.0,1,3,2,0.0,s93,fpp2103.03     - s93,source_to_storage,storage,N,,,GP,100.0,GP,0.0001,s1,0,14.3808,0,50000000.0
2095,LANCASTER RANCH COMPRESSOR STATION AND TREATING FACILITY,f1010032,2.0,3,7,28.726,-99.038,ng_processing,,ts72,TX,,-97.5,29.0,2.0,2,7,3,,,f1010032 - ts72,source_to_ts_node,uniform_ts_node,N,,,SWCA,100.0,SWCA,0.0001,s1,0,18.7948,0,50000000.0
2096,Central Plains Cement Company LLC,f1004385,3.0,2,4,39.1442,-94.3948,cement,,ts23,MO,,-92.8416,38.4726,0.0,3,4,2,,,f1004385 - ts23,source_to_ts_node,uniform_ts_node,N,,,GP,100.0,GP,0.0001,s1,0,14.3808,0,50000000.0
2097,THE ANDERSONS MARATHON HOLDINGS LLC OH,f1000035,1.0,2,3,40.0811,-84.5917,ethanol,,hsm_cent1,,,-82.7942,40.2888,,1,3,2,,,f1000035 - hsm_cent1,source_to_hsm_cent,hsm_centroid,Y,,213259.6133,GL,100.0,GL,0.0002,s1,0,21.2107,0,50000000.0
2098,DIAMOND CRYO,f1013544,4.0,3,7,31.0039,-103.755,ng_processing,,p4402,TX,,-102.637,32.0038,8.0,4,7,3,,,f1013544 - p4402,source_to_demand,co2_eor,N,,,SWCA,100.0,SWCA,0.0001,s1,0,18.7948,0,50000000.0
2099,facility_ammonia_2011,fc2011_cluster,,2,4,40.7666,-94.3889,ammonia,,ts24,IA,,-92.7128,41.3438,0.0,3,4,2,,,fc2011_cluster - ts24,source_to_ts_node,uniform_ts_node,N,,,GP,100.0,GP,0.0001,s1,0,14.3808,0,50000000.0
2100,Fairborn Cement Company LLC,f1006212,1.0,2,3,39.7779,-83.9661,cement,,ts32,IN,,-85.0039,40.9117,0.0,1,3,2,,,f1006212 - ts32,source_to_ts_node,uniform_ts_node,N,,,GL,100.0,GL,0.0002,s1,0,21.2107,0,50000000.0
2101,YOAKUM CRYOGENIC PLANT,f1009093,2.0,3,7,29.3421,-97.11,ng_processing,Woodbine1,s228,TX,13575.0,-95.5742,31.6981,6.0,2,7,3,0.0,s228,f1009093 - s228,source_to_storage,storage,N,,,SWCA,100.0,SWCA,0.0001,s1,0,18.7948,0,50000000.0
2102,,ts59,5.0,4,8,40.1656,-103.5956,uniform_ts_node,,ts71,,,-103.1277,41.4985,,3,4,2,,,ts59 - ts71,ts_node_to_ts_node,uniform_ts_node,N,,,RM,100.0,RM,0.0001,s1,0,14.3808,0,50000000.0
2103,,ts71,3.0,2,4,41.4985,-103.1277,uniform_ts_node,,ts59,,,-103.5956,40.1656,,5,8,4,,,ts71 - ts59,ts_node_to_ts_node,uniform_ts_node,N,,,GP,100.0,GP,0.0001,s1,0,14.3808,0,50000000.0
2104,,ts48,4.0,3,7,32.7688,-101.2617,operational_ts_node,,p4402,TX,,-102.637,32.0038,8.0,4,7,3,,,ts48 - p4402,ts_node_to_demand,co2_eor,N,,,SWCA,100.0,SWCA,0.0001,s1,0,18.7948,0,50000000.0
2105,CHEROKEE NITROGEN,f1007770,2.0,3,6,34.803,-87.9397,ammonia,,ts65,TN,,-89.5434,35.2784,0.0,1,6,3,,,f1007770 - ts65,source_to_ts_node,uniform_ts_node,N,,,SE,100.0,SE,0.0002,s1,0,19.7124,0,50000000.0
2106,TEXAS LEHIGH CEMENT COMPANY LP,f1002102,2.0,3,7,30.071,-97.8568,cement,Frio2,s68,TX,4357.0,-97.9289,27.5054,4.0,2,7,3,0.0,s68,f1002102 - s68,source_to_storage,storage,N,,,SWCA,100.0,SWCA,0.0001,s1,0,18.7948,0,50000000.0
2107,ROBELINE PLANT,f1006682,2.0,3,7,31.6587,-93.325,ng_processing,,p4921,LA,,-92.1828,32.6582,0.0,2,7,3,,,f1006682 - p4921,source_to_demand,co2_eor,N,,,SE,100.0,SE,0.0002,s1,0,19.7124,0,50000000.0
2108,Cheyenne Plant,f1005924,5.0,4,8,41.0949,-104.908,ammonia,,ts71,NE,,-103.1277,41.4985,0.0,3,4,2,,,f1005924 - ts71,source_to_ts_node,uniform_ts_node,N,,,RM,100.0,RM,0.0001,s1,0,14.3808,0,50000000.0
2109,CONTINENTAL CEMENT COMPANY LLC,f1005987,3.0,2,4,39.6791,-91.3142,cement,Knox1,s92,IL,10500.0,-88.8089,38.8847,0.0,1,3,2,0.0,s92,f1005987 - s92,source_to_storage,storage,N,,,GP,100.0,GP,0.0001,s1,0,14.3808,0,50000000.0
2110,Argos Cement LLC,f1005458,2.0,3,5,29.6907,-82.5821,cement,Lower Tuscaloosa5,s105,GA,2855.0,-84.4594,31.0081,0.0,1,5,3,0.0,s105,f1005458 - s105,source_to_storage,storage,N,,,SE,100.0,SE,0.0002,s1,0,19.7124,0,50000000.0
2111,Trident,f1006185,6.0,4,8,45.9448,-111.4771,cement,Basal Cambrian1,s7,MT,8799.0,-111.3409,48.4353,0.0,6,8,4,0.0,s7,f1006185 - s7,source_to_storage,storage,N,,,RM,100.0,RM,0.0001,s1,0,14.3808,0,50000000.0
2112,LEHIGH CEMENT/EVANSVILLE CEMENT PLT & QUARRY,f1005742,1.0,1,2,40.4725,-75.8952,cement,Rose Run3,s186,PA,8201.0,-78.8689,40.9262,0.0,1,2,1,0.0,s186,f1005742 - s186,source_to_storage,storage,N,,,MA,100.0,MA,0.0003,s1,0,26.9676,0,50000000.0
2113,NACOGDOCHES AMINE AND DEHYDRATION PLANT,f1013396,2.0,3,7,31.4888,-94.6387,ng_processing,Frio6,s73,TX,1889.0,-95.376,29.6715,3.0,2,7,3,0.0,s73,f1013396 - s73,source_to_storage,storage,N,,,SWCA,100.0,SWCA,0.0001,s1,0,18.7948,0,50000000.0
2114,,nat009,5.0,4,8,42.3336,-110.2829,nat_co2_field,,ts53,WY,,-108.417,42.1067,0.0,5,8,4,,,nat009 - ts53,nat_co2_to_ts_node,operational_ts_node,N,BPLB Basinal,,RM,100.0,RM,0.0001,s1,0,14.3808,0,50000000.0
2115,LAS TIENDAS PLANT,f1010735,2.0,3,7,27.9605,-98.5941,ng_processing,Frio1,s67,TX,4855.0,-95.6624,29.7957,3.0,2,7,3,0.0,s67,f1010735 - s67,source_to_storage,storage,N,,,SWCA,100.0,SWCA,0.0001,s1,0,18.7948,0,50000000.0
2116,Century Plant,f1004301,4.0,3,7,30.6082,-102.5785,ng_processing,,p4402,TX,,-102.637,32.0038,8.0,4,7,3,,,f1004301 - p4402,source_to_demand,co2_eor,N,,,SWCA,100.0,SWCA,0.0001,s1,0,0.0,0,50000000.0
2117,Poet Biorefining Fairbank LLC,f1004079,3.0,2,4,42.6393,-92.0311,ethanol,,ts24,IA,,-92.7128,41.3438,0.0,3,4,2,,,f1004079 - ts24,source_to_ts_node,uniform_ts_node,N,,,GP,100.0,GP,0.0001,s1,0,14.3808,0,50000000.0
2118,facility_cement_1994,fc1994_cluster,,1,2,40.5505,-75.6906,cement,Rose Run3,s186,PA,8201.0,-78.8689,40.9262,0.0,1,2,1,0.0,s186,fc1994_cluster - s186,source_to_storage,storage,N,,,MA,100.0,MA,0.0003,s1,0,26.9676,0,50000000.0
2119,KEYSTONE CEMENT COMPANY,f1005622,1.0,1,2,40.7154,-75.4009,cement,Rose Run3,s186,PA,8201.0,-78.8689,40.9262,0.0,1,2,1,0.0,s186,f1005622 - s186,source_to_storage,storage,N,,,MA,100.0,MA,0.0003,s1,0,26.9676,0,50000000.0
2120,,ts34,1.0,3,5,31.9873,-82.7898,uniform_ts_node,Eutaw3,s61,FL,13014.0,-85.4061,30.5037,0.0,2,5,3,0.0,s61,ts34 - s61,ts_node_to_storage,storage,N,,,SE,100.0,SE,0.0002,s1,0,19.7124,0,50000000.0
2121,Jal #3 Gas Plant,f1005897,4.0,4,8,32.1743,-103.1741,ng_processing,,p4406,TX,,-101.518,32.2604,8.0,4,7,3,,,f1005897 - p4406,source_to_demand,co2_eor,N,,,RM,100.0,RM,0.0001,s1,0,0.0,0,50000000.0
2122,,ts69,4.0,4,8,34.4406,-107.2926,uniform_ts_node,Entrada9,s58,NM,5705.0,-107.6036,36.5049,4.0,4,8,4,0.0,s58,ts69 - s58,ts_node_to_storage,storage,N,,,RM,100.0,RM,0.0001,s1,0,14.3808,0,50000000.0
2123,Valero Lakota Plant,f1005306,3.0,2,4,43.3839,-94.1471,ethanol,,hsm_cent3,,,-93.4961,42.0737,,3,4,2,,,f1005306 - hsm_cent3,source_to_hsm_cent,hsm_centroid,Y,,94617.5934,GP,100.0,GP,0.0001,s1,0,14.3808,0,50000000.0
2124,EAGLE-1 GAS PLANT,f1010118,2.0,3,7,29.1351,-96.6591,ng_processing,,p4733,TX,,-97.3119,27.8798,4.0,2,7,3,,,f1010118 - p4733,source_to_demand,co2_eor,N,,,SWCA,100.0,SWCA,0.0001,s1,0,18.7948,0,50000000.0
2125,facility_pp_coal_1935,fc1935_cluster,,3,6,33.5544,-86.9396,pp_coal,Washita-Fredericksburg1,s215,AL,13025.0,-87.4539,31.3942,0.0,2,6,3,0.0,s215,fc1935_cluster - s215,source_to_storage,storage,N,,,SE,100.0,SE,0.0002,s1,0,19.7124,0,50000000.0
2126,TERRELL GAS PROCESSING,f1000002,2.0,3,7,40.3711,-85.1981,ng_processing,Mount Simon7,s140,MI,5446.0,-85.7774,42.2856,0.0,1,3,2,0.0,s140,f1000002 - s140,source_to_storage,storage,N,,,GL,100.0,GL,0.0002,s1,0,21.2107,0,50000000.0
2127,CalPortland Company Mojave Plant,f1006842,7.0,4,9,35.0272,-118.3142,cement,,ts4,CA,,-118.4952,36.4119,0.0,7,9,4,,,f1006842 - ts4,source_to_ts_node,uniform_ts_node,N,,,SWCA,100.0,SWCA,0.0001,s1,0,18.7948,0,50000000.0
2128,TERRA INTERNATIONAL (OKLAHOMA) LLC,f1005788,3.0,3,7,36.4372,-99.4711,ammonia,Wolfcamp1,s226,TX,15012.0,-101.642,34.6805,10.0,3,7,3,0.0,s226,f1005788 - s226,source_to_storage,storage,N,,,GP,100.0,GP,0.0001,s1,0,14.3808,0,50000000.0
2129,TERRA INTERNATIONAL (OKLAHOMA) LLC,f1005788,3.0,3,7,36.4372,-99.4711,ammonia,Canyon1,s17,TX,15157.0,-101.6575,34.6788,10.0,3,7,3,0.0,s17,f1005788 - s17,source_to_storage,storage,N,,,GP,100.0,GP,0.0001,s1,0,14.3808,0,50000000.0
2130,TERRA INTERNATIONAL (OKLAHOMA) LLC,f1005788,3.0,3,7,36.4372,-99.4711,ammonia,Cisco1,s24,TX,15012.0,-101.6575,34.6788,10.0,3,7,3,0.0,s24,f1005788 - s24,source_to_storage,storage,N,,,GP,100.0,GP,0.0001,s1,0,14.3808,0,50000000.0
2131,"POET Biorefining Shell Rock, LLC.",f1003970,3.0,2,4,42.7363,-92.6174,ethanol,,ts24,IA,,-92.7128,41.3438,0.0,3,4,2,,,f1003970 - ts24,source_to_ts_node,uniform_ts_node,N,,,GP,100.0,GP,0.0001,s1,0,14.3808,0,50000000.0
2132,Lehigh Cement LLC,f1002517,1.0,2,3,38.4157,-85.7494,cement,Mount Simon2,s135,IL,5957.0,-88.5947,39.0412,0.0,1,3,2,0.0,s135,f1002517 - s135,source_to_storage,storage,N,,,GL,100.0,GL,0.0002,s1,0,21.2107,0,50000000.0
2133,Lehigh Cement LLC,f1002517,1.0,2,3,38.4157,-85.7494,cement,Knox1,s92,IL,10500.0,-88.8089,38.8847,0.0,1,3,2,0.0,s92,f1002517 - s92,source_to_storage,storage,N,,,GL,100.0,GL,0.0002,s1,0,21.2107,0,50000000.0
2134,VERDIGRIS PLT,f1002275,3.0,3,7,36.2335,-95.7191,ammonia,Arbuckle1,s1,OK,10229.0,-98.5544,36.3994,0.0,3,7,3,0.0,s1,f1002275 - s1,source_to_storage,storage,N,,,GP,100.0,GP,0.0001,s1,0,14.3808,0,50000000.0
2135,"PCS NITROGEN FERTILIZER, L.P.",f1004340,1.0,3,5,33.47,-81.97,ammonia,,ts35,SC,,-82.2981,34.8411,0.0,1,5,3,,,f1004340 - ts35,source_to_ts_node,uniform_ts_node,N,,,SE,100.0,SE,0.0002,s1,0,19.7124,0,50000000.0
2136,AGRIUM US BORGER NITROGEN OPERATIONS,f1002380,3.0,3,7,35.6411,-101.4203,ammonia,Arbuckle1,s1,OK,10229.0,-98.5544,36.3994,0.0,3,7,3,0.0,s1,f1002380 - s1,source_to_storage,storage,N,,,SWCA,100.0,SWCA,0.0001,s1,0,18.7948,0,50000000.0
2137,CEMEX CONSTRUCTION MATERIALS SOUTH LLC,f1007877,5.0,4,8,40.2022,-105.2367,cement,Lyons3,s113,CO,1590.0,-104.9346,38.4893,0.0,5,8,4,0.0,s113,f1007877 - s113,source_to_storage,storage,N,,,RM,100.0,RM,0.0001,s1,0,14.3808,0,50000000.0
2138,,ts48,4.0,3,7,32.7688,-101.2617,operational_ts_node,,p4506,TX,,-99.5831,32.7198,72.0,4,7,3,,,ts48 - p4506,ts_node_to_demand,co2_eor,N,,,SWCA,100.0,SWCA,0.0001,s1,0,18.7948,0,50000000.0
2139,Davenport Plant,f1006077,3.0,2,4,41.4591,-90.6953,cement,,ts28,IL,,-88.8466,41.1859,0.0,1,3,2,,,f1006077 - ts28,source_to_ts_node,uniform_ts_node,N,,,GP,100.0,GP,0.0001,s1,0,14.3808,0,50000000.0
2140,facility_pp_natgas_1955,fc1955_cluster,,3,7,30.44,-92.9786,pp_natgas,Frio6,s73,TX,1889.0,-95.376,29.6715,3.0,2,7,3,0.0,s73,fc1955_cluster - s73,source_to_storage,storage,N,,,SE,100.0,SE,0.0002,s1,0,19.7124,0,50000000.0
2141,_agg_nonop_ng_processing8,f_agg_nonop_ng_processing8,2.0,3,7,28.3253,-98.9059,ng_processing,,ts72,TX,,-97.5,29.0,2.0,2,7,3,,,f_agg_nonop_ng_processing8 - ts72,source_to_ts_node,uniform_ts_node,N,,,SWCA,100.0,SWCA,0.0001,s1,0,18.7948,0,50000000.0
2142,ZIA II GAS PLANT,f1011356,4.0,4,8,32.643,-103.8089,ng_processing,,ts47,NM,,-104.5168,33.918,4.0,4,8,4,,,f1011356 - ts47,source_to_ts_node,operational_ts_node,N,,,RM,100.0,RM,0.0001,s1,0,14.3808,0,50000000.0
2143,ARKALON ETHANOL LLC,f1006203,3.0,2,4,37.1071,-101.0308,ethanol,Arbuckle3,s3,KS,3039.0,-101.817,39.2763,0.0,3,4,2,0.0,s3,f1006203 - s3,source_to_storage,storage,N,,,GP,100.0,GP,0.0001,s1,0,14.3808,0,50000000.0
2144,_agg_nonop_ng_processing8,f_agg_nonop_ng_processing8,2.0,3,7,28.3253,-98.9059,ng_processing,Frio13c,s85,TX,1762.0,-97.6582,26.7632,4.0,2,7,3,0.0,s85,f_agg_nonop_ng_processing8 - s85,source_to_storage,storage,N,,,SWCA,100.0,SWCA,0.0001,s1,0,18.7948,0,50000000.0
2145,_agg_nonop_ng_processing8,f_agg_nonop_ng_processing8,2.0,3,7,28.3253,-98.9059,ng_processing,Frio13b,s84,TX,1762.0,-97.6582,26.7632,4.0,2,7,3,0.0,s84,f_agg_nonop_ng_processing8 - s84,source_to_storage,storage,N,,,SWCA,100.0,SWCA,0.0001,s1,0,18.7948,0,50000000.0
2146,_agg_nonop_ng_processing8,f_agg_nonop_ng_processing8,2.0,3,7,28.3253,-98.9059,ng_processing,Frio13a,s83,TX,1762.0,-97.6582,26.7632,4.0,2,7,3,0.0,s83,f_agg_nonop_ng_processing8 - s83,source_to_storage,storage,N,,,SWCA,100.0,SWCA,0.0001,s1,0,18.7948,0,50000000.0
2147,SHUTE CREEK FACILITY,f1002150,5.0,4,8,41.887,-110.0945,ng_processing,Entrada2,s51,UT,10799.0,-110.4089,39.6458,0.0,5,8,4,0.0,s51,f1002150 - s51,source_to_storage,storage,N,,,RM,100.0,RM,0.0001,s1,0,14.3808,0,50000000.0
2148,facility_ethanol_1914,fc1914_cluster,,3,7,34.6175,-102.0948,ethanol,,ts66,TX,,-100.6543,35.3989,10.0,3,7,3,,,fc1914_cluster - ts66,source_to_ts_node,uniform_ts_node,N,,,SWCA,100.0,SWCA,0.0001,s1,0,18.7948,0,50000000.0
2149,,ts33,1.0,2,3,43.7706,-84.5405,uniform_ts_node,St. Peter7,s199,MI,2100.0,-84.296,45.3721,0.0,1,3,2,0.0,s199,ts33 - s199,ts_node_to_storage,storage,N,,,GL,100.0,GL,0.0002,s1,0,21.2107,0,50000000.0
2150,Valero Lakota Plant,f1005306,3.0,2,4,43.3839,-94.1471,ethanol,,ts25,MN,,-92.573,44.2227,0.0,3,4,2,,,f1005306 - ts25,source_to_ts_node,uniform_ts_node,N,,,GP,100.0,GP,0.0001,s1,0,14.3808,0,50000000.0
2151,ROANOKE CEMENT CO - CLOVERDALE,f1000633,1.0,3,5,37.4604,-79.9948,cement,,ts36,WV,,-81.7687,37.6841,0.0,1,5,3,,,f1000633 - ts36,source_to_ts_node,uniform_ts_node,N,,,MA,100.0,MA,0.0003,s1,0,26.9676,0,50000000.0
2152,TERRA INTERNATIONAL (OKLAHOMA) LLC,f1005788,3.0,3,7,36.4372,-99.4711,ammonia,,ts66,TX,,-100.6543,35.3989,10.0,3,7,3,,,f1005788 - ts66,source_to_ts_node,uniform_ts_node,N,,,GP,100.0,GP,0.0001,s1,0,14.3808,0,50000000.0
2153,LAS TIENDAS PLANT,f1010735,2.0,3,7,27.9605,-98.5941,ng_processing,,ts72,TX,,-97.5,29.0,2.0,2,7,3,,,f1010735 - ts72,source_to_ts_node,uniform_ts_node,N,,,SWCA,100.0,SWCA,0.0001,s1,0,18.7948,0,50000000.0
2154,,ts67,3.0,3,7,33.2042,-93.5084,uniform_ts_node,,p4938,LA,,-92.6739,31.9784,0.0,2,7,3,,,ts67 - p4938,ts_node_to_demand,co2_eor,N,,,SE,100.0,SE,0.0002,s1,0,19.7124,0,50000000.0
2155,BATTLE HORSE PLANT,f1013903,2.0,3,7,30.1619,-96.5631,ng_processing,Frio3b,s70,TX,1193.0,-94.2397,30.2314,3.0,2,7,3,0.0,s70,f1013903 - s70,source_to_storage,storage,N,,,SWCA,100.0,SWCA,0.0001,s1,0,18.7948,0,50000000.0
2156,BATTLE HORSE PLANT,f1013903,2.0,3,7,30.1619,-96.5631,ng_processing,Frio3a,s69,TX,1193.0,-94.2397,30.2314,3.0,2,7,3,0.0,s69,f1013903 - s69,source_to_storage,storage,N,,,SWCA,100.0,SWCA,0.0001,s1,0,18.7948,0,50000000.0
2157,Green Plains Mount Vernon LLC,f1003377,1.0,2,3,37.9098,-87.7265,ethanol,Mount Simon3,s136,IL,20633.0,-89.239,39.9199,0.0,1,3,2,0.0,s136,f1003377 - s136,source_to_storage,storage,N,,,GL,100.0,GL,0.0002,s1,0,21.2107,0,50000000.0
2158,LONE STAR INDUSTRIES INC,f1005302,1.0,2,3,39.6166,-86.8686,cement,Mount Simon11,s144,KY,10350.0,-84.5965,38.2913,0.0,1,6,3,0.0,s144,f1005302 - s144,source_to_storage,storage,N,,,GL,100.0,GL,0.0002,s1,0,21.2107,0,50000000.0
2159,BATTLE HORSE PLANT,f1013903,2.0,3,7,30.1619,-96.5631,ng_processing,,ts72,TX,,-97.5,29.0,2.0,2,7,3,,,f1013903 - ts72,source_to_ts_node,uniform_ts_node,N,,,SWCA,100.0,SWCA,0.0001,s1,0,18.7948,0,50000000.0
2160,BATTLE HORSE PLANT,f1013903,2.0,3,7,30.1619,-96.5631,ng_processing,Frio2,s68,TX,4357.0,-97.9289,27.5054,4.0,2,7,3,0.0,s68,f1013903 - s68,source_to_storage,storage,N,,,SWCA,100.0,SWCA,0.0001,s1,0,18.7948,0,50000000.0
2161,Marion Ethanol LLC d/b/a Poet Biorefining - Marion,f1004902,1.0,2,3,40.6186,-83.1595,ethanol,,ts32,IN,,-85.0039,40.9117,0.0,1,3,2,,,f1004902 - ts32,source_to_ts_node,uniform_ts_node,N,,,GL,100.0,GL,0.0002,s1,0,21.2107,0,50000000.0
2162,,ts46,2.0,3,7,30.1309,-93.8362,operational_ts_node,Paluxy3,s164,TX,11534.0,-95.243,32.3169,6.0,2,7,3,0.0,s164,ts46 - s164,ts_node_to_storage,storage,N,,,SWCA,100.0,SWCA,0.0001,s1,0,18.7948,0,50000000.0
2163,FREEPORT LNG PRETREATMENT FACILITY,f1013753,2.0,3,7,28.9849,-95.3087,ng_processing,Frio2,s68,TX,4357.0,-97.9289,27.5054,4.0,2,7,3,0.0,s68,f1013753 - s68,source_to_storage,storage,N,,,SWCA,100.0,SWCA,0.0001,s1,0,18.7948,0,50000000.0
2164,facility_pp_coal_1922,fc1922_cluster,,1,2,40.5961,-79.1495,pp_coal,,ts41,PA,,-77.4375,40.0209,0.0,1,2,1,,,fc1922_cluster - ts41,source_to_ts_node,uniform_ts_node,N,,,MA,100.0,MA,0.0003,s1,0,26.9676,0,50000000.0
2165,GCC DACOTAH,f1004539,6.0,2,4,44.089,-103.2676,cement,,p3304,WY,,-105.208,44.3853,0.0,5,8,4,,,f1004539 - p3304,source_to_demand,co2_eor,N,,,GP,100.0,GP,0.0001,s1,0,14.3808,0,50000000.0
2166,,ts33,1.0,2,3,43.7706,-84.5405,uniform_ts_node,Mount Simon8,s141,MI,4788.0,-83.6668,42.2254,0.0,1,3,2,0.0,s141,ts33 - s141,ts_node_to_storage,storage,N,,,GL,100.0,GL,0.0002,s1,0,21.2107,0,50000000.0
2167,,ts56,5.0,4,8,43.6569,-106.2405,operational_ts_node,Nugget2,s154,WY,22707.0,-108.4889,41.8307,0.0,5,8,4,0.0,s154,ts56 - s154,ts_node_to_storage,storage,N,,,RM,100.0,RM,0.0001,s1,0,14.3808,0,50000000.0
2168,WOODSBORO PLANT,f1010643,2.0,3,7,28.176,-97.2817,ng_processing,Frio11,s80,TX,259.0,-95.674,28.9024,3.0,2,7,3,0.0,s80,f1010643 - s80,source_to_storage,storage,N,,,SWCA,100.0,SWCA,0.0001,s1,0,18.7948,0,50000000.0
2169,facility_cement_2000,fc2000_cluster,,2,3,40.74,-86.0745,cement,Knox3,s94,IN,4930.0,-87.1143,38.6993,0.0,1,3,2,0.0,s94,fc2000_cluster - s94,source_to_storage,storage,N,,,GL,100.0,GL,0.0002,s1,0,21.2107,0,50000000.0
2170,facility_cement_1994,fc1994_cluster,,1,2,40.5505,-75.6906,cement,,ts41,PA,,-77.4375,40.0209,0.0,1,2,1,,,fc1994_cluster - ts41,source_to_ts_node,uniform_ts_node,N,,,MA,100.0,MA,0.0003,s1,0,26.9676,0,50000000.0
2171,NACOGDOCHES AMINE AND DEHYDRATION PLANT,f1013396,2.0,3,7,31.4888,-94.6387,ng_processing,Frio4,s71,TX,694.0,-94.0547,30.0272,3.0,2,7,3,0.0,s71,f1013396 - s71,source_to_storage,storage,N,,,SWCA,100.0,SWCA,0.0001,s1,0,18.7948,0,50000000.0
2172,ROBELINE PLANT,f1006682,2.0,3,7,31.6587,-93.325,ng_processing,Frio4,s71,TX,694.0,-94.0547,30.0272,3.0,2,7,3,0.0,s71,f1006682 - s71,source_to_storage,storage,N,,,SE,100.0,SE,0.0002,s1,0,19.7124,0,50000000.0
2173,Coal Creek          ,fpp6030.02    ,6.0,2,4,47.378,-101.157,pp_coal,Madison Gp-Mission Canyon3,s116,SD,10420.0,-102.7355,45.3349,0.0,6,4,2,0.0,s116,fpp6030.02     - s116,source_to_storage,storage,N,,,GP,100.0,GP,0.0001,s1,0,14.3808,0,50000000.0
2174,ONE EARTH ENERGY LLC,f1002356,1.0,2,3,40.4711,-88.3957,ethanol,Knox2,s93,IL,5560.0,-88.4987,38.1531,0.0,1,3,2,0.0,s93,f1002356 - s93,source_to_storage,storage,N,,,GL,100.0,GL,0.0002,s1,0,21.2107,0,50000000.0
2175,"GCC Permian, LLC",f1006363,4.0,3,7,31.7037,-102.3922,cement,,ts48,TX,,-101.2617,32.7688,81.0,4,7,3,,,f1006363 - ts48,source_to_ts_node,operational_ts_node,N,,,SWCA,100.0,SWCA,0.0001,s1,0,18.7948,0,50000000.0
2176,"Hankinson Renewable Energy, LLC",f1004702,6.0,2,4,46.0732,-96.8868,ethanol,Red River1,s172,ND,55614.0,-101.1361,47.6146,0.0,6,4,2,0.0,s172,f1004702 - s172,source_to_storage,storage,N,,,GP,100.0,GP,0.0001,s1,0,14.3808,0,50000000.0
2177,KOSMOS CEMENT CO,f1007997,1.0,3,6,38.0347,-85.906,cement,Mount Simon2,s135,IL,5957.0,-88.5947,39.0412,0.0,1,3,2,0.0,s135,f1007997 - s135,source_to_storage,storage,N,,,SE,100.0,SE,0.0002,s1,0,19.7124,0,50000000.0
2178,KOSMOS CEMENT CO,f1007997,1.0,3,6,38.0347,-85.906,cement,Knox1,s92,IL,10500.0,-88.8089,38.8847,0.0,1,3,2,0.0,s92,f1007997 - s92,source_to_storage,storage,N,,,SE,100.0,SE,0.0002,s1,0,19.7124,0,50000000.0
2179,BATTLEFIELD GAS PLANT,f1009840,2.0,3,7,31.9678,-93.6731,ng_processing,,p4921,LA,,-92.1828,32.6582,0.0,2,7,3,,,f1009840 - p4921,source_to_demand,co2_eor,N,,,SE,100.0,SE,0.0002,s1,0,19.7124,0,50000000.0
2180,Hereford Ethanol Partners LP,f1000352,3.0,3,7,34.85,-102.2868,ethanol,,ts66,TX,,-100.6543,35.3989,10.0,3,7,3,,,f1000352 - ts66,source_to_ts_node,uniform_ts_node,N,,,SWCA,100.0,SWCA,0.0001,s1,0,18.7948,0,50000000.0
2181,,nat007,5.0,4,8,37.6832,-105.1922,nat_co2_field,,ts51,NM,,-104.0351,36.5833,4.0,4,8,4,,,nat007 - ts51,nat_co2_to_ts_node,operational_ts_node,N,Sheep Mountain,,RM,100.0,RM,0.0001,s1,0,14.3808,0,50000000.0
2182,facility_ng_processing_1987,fc1987_cluster,,3,7,30.7559,-95.4086,ng_processing,Frio8,s76,TX,1200.0,-95.0137,29.322,3.0,2,7,3,0.0,s76,fc1987_cluster - s76,source_to_storage,storage,N,,,SWCA,100.0,SWCA,0.0001,s1,0,18.7948,0,50000000.0
2183,Lehigh Cement Co. LLC Nazareth,f1001835,1.0,1,2,40.7297,-75.3008,cement,Rose Run3,s186,PA,8201.0,-78.8689,40.9262,0.0,1,2,1,0.0,s186,f1001835 - s186,source_to_storage,storage,N,,,MA,100.0,MA,0.0003,s1,0,26.9676,0,50000000.0
2184,TXI Hunter Cement Plant,f1007621,2.0,3,7,29.7999,-98.0365,cement,Frio9a,s77,TX,2342.0,-96.7746,28.605,2.0,2,7,3,0.0,s77,f1007621 - s77,source_to_storage,storage,N,,,SWCA,100.0,SWCA,0.0001,s1,0,18.7948,0,50000000.0
2185,TXI Hunter Cement Plant,f1007621,2.0,3,7,29.7999,-98.0365,cement,Frio9b,s78,TX,2342.0,-96.7746,28.605,2.0,2,7,3,0.0,s78,f1007621 - s78,source_to_storage,storage,N,,,SWCA,100.0,SWCA,0.0001,s1,0,18.7948,0,50000000.0
2186,HERCULES CEMENT STOCKERTOWN PLT QUARRY,f1006450,1.0,1,2,40.7504,-75.2711,cement,Rose Run3,s186,PA,8201.0,-78.8689,40.9262,0.0,1,2,1,0.0,s186,f1006450 - s186,source_to_storage,storage,N,,,MA,100.0,MA,0.0003,s1,0,26.9676,0,50000000.0
2187,,ts72,2.0,3,7,29.0,-97.5,uniform_ts_node,Frio11,s80,TX,259.0,-95.674,28.9024,3.0,2,7,3,0.0,s80,ts72 - s80,ts_node_to_storage,storage,N,,,SWCA,100.0,SWCA,0.0001,s1,0,18.7948,0,50000000.0
2188,PANTHER GAS PLANT,f1012901,4.0,3,7,31.6411,-102.1938,ng_processing,,p4405,TX,,-101.283,32.8612,81.0,4,7,3,,,f1012901 - p4405,source_to_demand,co2_eor,N,,,SWCA,100.0,SWCA,0.0001,s1,0,18.7948,0,50000000.0
2189,ZIA II GAS PLANT,f1011356,4.0,4,8,32.643,-103.8089,ng_processing,Canyon1,s17,TX,15157.0,-101.6575,34.6788,10.0,3,7,3,0.0,s17,f1011356 - s17,source_to_storage,storage,N,,,RM,100.0,RM,0.0001,s1,0,14.3808,0,50000000.0
2190,ZIA II GAS PLANT,f1011356,4.0,4,8,32.643,-103.8089,ng_processing,Wolfcamp1,s226,TX,15012.0,-101.642,34.6805,10.0,3,7,3,0.0,s226,f1011356 - s226,source_to_storage,storage,N,,,RM,100.0,RM,0.0001,s1,0,14.3808,0,50000000.0
2191,ZIA II GAS PLANT,f1011356,4.0,4,8,32.643,-103.8089,ng_processing,Cisco1,s24,TX,15012.0,-101.6575,34.6788,10.0,3,7,3,0.0,s24,f1011356 - s24,source_to_storage,storage,N,,,RM,100.0,RM,0.0001,s1,0,14.3808,0,50000000.0
2192,CONVERSE CENTRAL FACILITY,f1009181,2.0,3,7,31.9551,-93.6817,ng_processing,Paluxy1,s162,TX,409.0,-95.4224,32.4907,6.0,2,7,3,0.0,s162,f1009181 - s162,source_to_storage,storage,N,,,SE,100.0,SE,0.0002,s1,0,19.7124,0,50000000.0
2193,CONVERSE CENTRAL FACILITY,f1009181,2.0,3,7,31.9551,-93.6817,ng_processing,,p4921,LA,,-92.1828,32.6582,0.0,2,7,3,,,f1009181 - p4921,source_to_demand,co2_eor,N,,,SE,100.0,SE,0.0002,s1,0,19.7124,0,50000000.0
2194,Valero Renewable Fuels LLC,f1004228,1.0,2,3,41.8165,-83.8357,ethanol,St. Peter10,s202,MI,9200.0,-84.4233,44.0351,0.0,1,3,2,0.0,s202,f1004228 - s202,source_to_storage,storage,N,,,GL,100.0,GL,0.0002,s1,0,21.2107,0,50000000.0
2195,Thomas Hill         ,fpp2168.03    ,3.0,2,4,39.552,-92.638,pp_coal,Mount Simon3,s136,IL,20633.0,-89.239,39.9199,0.0,1,3,2,0.0,s136,fpp2168.03     - s136,source_to_storage,storage,N,,,GP,100.0,GP,0.0001,s1,0,14.3808,0,50000000.0
2196,Mountaineer         ,fpp6264.01    ,1.0,3,5,38.979,-81.934,pp_coal,Rose Run3,s186,PA,8201.0,-78.8689,40.9262,0.0,1,2,1,0.0,s186,fpp6264.01     - s186,source_to_storage,storage,N,,,MA,100.0,MA,0.0003,s1,0,26.9676,0,50000000.0
2197,Argos Cement LLC,f1005458,2.0,3,5,29.6907,-82.5821,cement,Cedar Keys-Lawson1,s21,FL,5666.0,-81.2325,27.8396,0.0,2,5,3,0.0,s21,f1005458 - s21,source_to_storage,storage,N,,,SE,100.0,SE,0.0002,s1,0,19.7124,0,50000000.0
2198,,ts70,2.0,3,6,32.4676,-86.5671,uniform_ts_node,Eutaw3,s61,FL,13014.0,-85.4061,30.5037,0.0,2,5,3,0.0,s61,ts70 - s61,ts_node_to_storage,storage,N,,,SE,125.0,SE,0.0002,s1,0,24.8513,0,50000000.0
2199,PLAINVIEW BIOENERY LLC,f1007819,4.0,3,7,34.1806,-101.6274,ethanol,,ts48,TX,,-101.2617,32.7688,81.0,4,7,3,,,f1007819 - ts48,source_to_ts_node,operational_ts_node,N,,,SWCA,125.0,SWCA,0.0001,s1,0,23.8632,0,50000000.0
2200,facility_pp_natgas_1958,fc1958_cluster,,3,7,26.234,-98.0175,pp_natgas,Frio10,s79,TX,2317.0,-96.5041,28.516,2.0,2,7,3,0.0,s79,fc1958_cluster - s79,source_to_storage,storage,N,,,SWCA,125.0,SWCA,0.0001,s1,0,23.8632,0,50000000.0
2201,,ts48,4.0,3,7,32.7688,-101.2617,operational_ts_node,,p4410,TX,,-102.699,31.9612,8.0,4,7,3,,,ts48 - p4410,ts_node_to_demand,co2_eor,N,,,SWCA,125.0,SWCA,0.0001,s1,0,23.8632,0,50000000.0
2202,,ts72,2.0,3,7,29.0,-97.5,uniform_ts_node,Frio13b,s84,TX,1762.0,-97.6582,26.7632,4.0,2,7,3,0.0,s84,ts72 - s84,ts_node_to_storage,storage,N,,,SWCA,125.0,SWCA,0.0001,s1,0,23.8632,0,50000000.0
2203,,ts72,2.0,3,7,29.0,-97.5,uniform_ts_node,Frio13a,s83,TX,1762.0,-97.6582,26.7632,4.0,2,7,3,0.0,s83,ts72 - s83,ts_node_to_storage,storage,N,,,SWCA,125.0,SWCA,0.0001,s1,0,23.8632,0,50000000.0
2204,,ts72,2.0,3,7,29.0,-97.5,uniform_ts_node,Frio13c,s85,TX,1762.0,-97.6582,26.7632,4.0,2,7,3,0.0,s85,ts72 - s85,ts_node_to_storage,storage,N,,,SWCA,125.0,SWCA,0.0001,s1,0,23.8632,0,50000000.0
2205,,ts70,2.0,3,6,32.4676,-86.5671,uniform_ts_node,Washita-Fredericksburg2,s216,FL,10473.0,-85.7796,30.511,0.0,2,5,3,0.0,s216,ts70 - s216,ts_node_to_storage,storage,N,,,SE,125.0,SE,0.0002,s1,0,24.8513,0,50000000.0
2206,facility_beccs_2020,fc2020_cluster,,2,4,42.8794,-97.2121,beccs,,ts21,SD,,-96.615,44.2654,0.0,6,4,2,,,fc2020_cluster - ts21,source_to_ts_node,uniform_ts_node,N,,,GP,125.0,GP,0.0002,s1,0,18.4114,0,50000000.0
2207,facility_cement_2002,fc2002_cluster,,2,4,39.7827,-93.6421,cement,,ts23,MO,,-92.8416,38.4726,0.0,3,4,2,,,fc2002_cluster - ts23,source_to_ts_node,uniform_ts_node,N,,,GP,125.0,GP,0.0002,s1,0,18.4114,0,50000000.0
2208,"KOCH FERTILIZER DODGE CITY, LLC",f1006037,3.0,2,4,37.78,-100.0057,ammonia,,hsm_cent3,,,-98.3786,38.4928,,3,4,2,,,f1006037 - hsm_cent3,source_to_hsm_cent,hsm_centroid,Y,,288752.0602,GP,125.0,GP,0.0002,s1,0,18.4114,0,50000000.0
2209,PLAINVIEW BIOENERY LLC,f1007819,4.0,3,7,34.1806,-101.6274,ethanol,,ts66,TX,,-100.6543,35.3989,10.0,3,7,3,,,f1007819 - ts66,source_to_ts_node,uniform_ts_node,N,,,SWCA,125.0,SWCA,0.0001,s1,0,23.8632,0,50000000.0
2210,RED HILLS GAS PROCESSING PLANT,f1011064,4.0,4,8,32.2104,-103.5214,ng_processing,,ts49,TX,,-102.0845,31.404,73.0,4,7,3,,,f1011064 - ts49,source_to_ts_node,operational_ts_node,N,,,RM,125.0,RM,0.0002,s1,0,18.4114,0,50000000.0
2211,facility_ammonia_2004,fc2004_cluster,,4,8,41.5414,-109.131,ammonia,,ts55,CO,,-108.8773,40.0975,0.0,5,8,4,,,fc2004_cluster - ts55,source_to_ts_node,operational_ts_node,N,,,RM,125.0,RM,0.0002,s1,0,18.4114,0,50000000.0
2212,SIMPLOT PHOSPHATES,f1003087,5.0,4,8,41.5414,-109.131,ammonia,,ts55,CO,,-108.8773,40.0975,0.0,5,8,4,,,f1003087 - ts55,source_to_ts_node,operational_ts_node,N,,,RM,125.0,RM,0.0002,s1,0,18.4114,0,50000000.0
2213,,ts70,2.0,3,6,32.4676,-86.5671,uniform_ts_node,Paluxy5,s166,FL,9820.0,-85.851,30.5223,0.0,2,5,3,0.0,s166,ts70 - s166,ts_node_to_storage,storage,N,,,SE,125.0,SE,0.0002,s1,0,24.8513,0,50000000.0
2214,JACKSON COUNTY GAS PLANT,f1011011,2.0,3,7,29.1077,-96.5409,ng_processing,,p4733,TX,,-97.3119,27.8798,4.0,2,7,3,,,f1011011 - p4733,source_to_demand,co2_eor,N,,,SWCA,125.0,SWCA,0.0001,s1,0,23.8632,0,50000000.0
2215,_agg_nonop_ng_processing8,f_agg_nonop_ng_processing8,2.0,3,7,28.3253,-98.9059,ng_processing,Frio10,s79,TX,2317.0,-96.5041,28.516,2.0,2,7,3,0.0,s79,f_agg_nonop_ng_processing8 - s79,source_to_storage,storage,N,,,SWCA,125.0,SWCA,0.0001,s1,0,23.8632,0,50000000.0
2216,FREEPORT LNG PRETREATMENT FACILITY,f1013753,2.0,3,7,28.9849,-95.3087,ng_processing,Frio5,s72,TX,323.0,-94.046,29.782,3.0,2,7,3,0.0,s72,f1013753 - s72,source_to_storage,storage,N,,,SWCA,125.0,SWCA,0.0001,s1,0,23.8632,0,50000000.0
2217,,ts46,2.0,3,7,30.1309,-93.8362,operational_ts_node,Paluxy2,s163,TX,8108.0,-95.4206,32.2673,6.0,2,7,3,0.0,s163,ts46 - s163,ts_node_to_storage,storage,N,,,SWCA,125.0,SWCA,0.0001,s1,0,23.8632,0,50000000.0
2218,,ts70,2.0,3,6,32.4676,-86.5671,uniform_ts_node,Lower Tuscaloosa3,s103,FL,9454.0,-85.8026,30.513,0.0,2,5,3,0.0,s103,ts70 - s103,ts_node_to_storage,storage,N,,,SE,125.0,SE,0.0002,s1,0,24.8513,0,50000000.0
2219,US Nitrogen LLC,f1012789,1.0,3,6,36.1939,-83.0027,ammonia,,ts35,SC,,-82.2981,34.8411,0.0,1,5,3,,,f1012789 - ts35,source_to_ts_node,uniform_ts_node,N,,,SE,125.0,SE,0.0002,s1,0,24.8513,0,50000000.0
2220,"PCS NITROGEN FERTILIZER, L.P.",f1004340,1.0,3,5,33.47,-81.97,ammonia,,hsm_cent1,,,-83.4352,32.6398,,1,5,3,,,f1004340 - hsm_cent1,source_to_hsm_cent,hsm_centroid,Y,,459242.6944,SE,125.0,SE,0.0002,s1,0,24.8513,0,50000000.0
2221,,ts72,2.0,3,7,29.0,-97.5,uniform_ts_node,Frio7a,s74,TX,1537.0,-95.0427,29.5431,3.0,2,7,3,0.0,s74,ts72 - s74,ts_node_to_storage,storage,N,,,SWCA,125.0,SWCA,0.0001,s1,0,23.8632,0,50000000.0
2222,,ts72,2.0,3,7,29.0,-97.5,uniform_ts_node,Frio7b,s75,TX,1537.0,-95.0427,29.5431,3.0,2,7,3,0.0,s75,ts72 - s75,ts_node_to_storage,storage,N,,,SWCA,125.0,SWCA,0.0001,s1,0,23.8632,0,50000000.0
2223,ROANOKE CEMENT CO - CLOVERDALE,f1000633,1.0,3,5,37.4604,-79.9948,cement,,ts40,VA,,-78.148,37.2015,0.0,1,5,3,,,f1000633 - ts40,source_to_ts_node,uniform_ts_node,N,,,MA,125.0,MA,0.0003,s1,0,34.0206,0,50000000.0
2224,DIAMOND CRYO,f1013544,4.0,3,7,31.0039,-103.755,ng_processing,,ts49,TX,,-102.0845,31.404,73.0,4,7,3,,,f1013544 - ts49,source_to_ts_node,operational_ts_node,N,,,SWCA,125.0,SWCA,0.0001,s1,0,23.8632,0,50000000.0
2225,CAMPO VIEJO GAS PROCESSING PLANT,f1013609,4.0,3,7,33.1499,-102.9912,ng_processing,,ts47,NM,,-104.5168,33.918,4.0,4,8,4,,,f1013609 - ts47,source_to_ts_node,operational_ts_node,N,,,SWCA,125.0,SWCA,0.0001,s1,0,23.8632,0,50000000.0
2226,Marion Ethanol LLC d/b/a Poet Biorefining - Marion,f1004902,1.0,2,3,40.6186,-83.1595,ethanol,,ts37,OH,,-81.1971,40.5228,0.0,1,3,2,,,f1004902 - ts37,source_to_ts_node,uniform_ts_node,N,,,GL,125.0,GL,0.0002,s1,0,26.7893,0,50000000.0
2227,Petra Nova,fop006,2.0,3,7,29.4791,-95.6294,other_operational_facility,Frio5,s72,TX,323.0,-94.046,29.782,3.0,2,7,3,0.0,s72,fop006 - s72,source_to_storage,storage,N,,,SWCA,125.0,SWCA,0.0001,s1,0,23.8632,0,50000000.0
2228,,ts48,4.0,3,7,32.7688,-101.2617,operational_ts_node,Leonard2,s100,NM,9346.0,-103.619,32.9469,4.0,4,8,4,0.0,s100,ts48 - s100,ts_node_to_storage,storage,N,,,SWCA,125.0,SWCA,0.0001,s1,0,23.8632,0,50000000.0
2229,,ts48,4.0,3,7,32.7688,-101.2617,operational_ts_node,Seven Rivers2,s192,TX,51068.0,-102.4437,31.7932,8.0,4,7,3,0.0,s192,ts48 - s192,ts_node_to_storage,storage,N,,,SWCA,125.0,SWCA,0.0001,s1,0,23.8632,0,50000000.0
2230,,ts48,4.0,3,7,32.7688,-101.2617,operational_ts_node,Queen2,s171,NM,9346.0,-103.846,34.6309,4.0,4,8,4,0.0,s171,ts48 - s171,ts_node_to_storage,storage,N,,,SWCA,125.0,SWCA,0.0001,s1,0,23.8632,0,50000000.0
2231,Green Plains Fairmont LLC,f1005526,3.0,2,4,43.664,-94.4926,ethanol,,ts25,MN,,-92.573,44.2227,0.0,3,4,2,,,f1005526 - ts25,source_to_ts_node,uniform_ts_node,N,,,GP,125.0,GP,0.0002,s1,0,18.4114,0,50000000.0
2232,Celanese Utilization Project,fop005,2.0,3,7,29.5603,-95.0535,other_operational_facility,,ts46,TX,,-93.8362,30.1309,3.0,2,7,3,,,fop005 - ts46,source_to_ts_node,operational_ts_node,N,,,SWCA,125.0,SWCA,0.0001,s1,0,23.8632,0,50000000.0
2233,,ts45,2.0,3,7,30.7654,-90.7576,operational_ts_node,,p4925,MS,,-90.2017,32.1787,0.0,2,6,3,,,ts45 - p4925,ts_node_to_demand,co2_eor,N,,,SE,125.0,SE,0.0002,s1,0,24.8513,0,50000000.0
2234,"POET Biorefining Shell Rock, LLC.",f1003970,3.0,2,4,42.7363,-92.6174,ethanol,,ts25,MN,,-92.573,44.2227,0.0,3,4,2,,,f1003970 - ts25,source_to_ts_node,uniform_ts_node,N,,,GP,125.0,GP,0.0002,s1,0,18.4114,0,50000000.0
2235,facility_ng_processing_1987,fc1987_cluster,,3,7,30.7559,-95.4086,ng_processing,,ts46,TX,,-93.8362,30.1309,3.0,2,7,3,,,fc1987_cluster - ts46,source_to_ts_node,operational_ts_node,N,,,SWCA,125.0,SWCA,0.0001,s1,0,23.8632,0,50000000.0
2236,CAMPO VIEJO GAS PROCESSING PLANT,f1013609,4.0,3,7,33.1499,-102.9912,ng_processing,,ts48,TX,,-101.2617,32.7688,81.0,4,7,3,,,f1013609 - ts48,source_to_ts_node,operational_ts_node,N,,,SWCA,125.0,SWCA,0.0001,s1,0,23.8632,0,50000000.0
2237,facility_pp_coal_1928,fc1928_cluster,,3,5,33.4509,-80.2326,pp_coal,,ts39,NC,,-78.8067,34.3752,0.0,1,5,3,,,fc1928_cluster - ts39,source_to_ts_node,uniform_ts_node,N,,,SE,125.0,SE,0.0002,s1,0,24.8513,0,50000000.0
2238,NATIONAL CEMENT COMPANY INC.,f1007985,2.0,3,6,33.7336,-86.1552,cement,,ts30,TN,,-85.8272,35.2015,0.0,1,6,3,,,f1007985 - ts30,source_to_ts_node,uniform_ts_node,N,,,SE,125.0,SE,0.0002,s1,0,24.8513,0,50000000.0
2239,NATIONAL CEMENT CO OF CALIFORNIA INC,f1006642,7.0,4,9,34.8199,-118.7487,cement,,ts3,CA,,-117.6761,33.6122,0.0,7,9,4,,,f1006642 - ts3,source_to_ts_node,uniform_ts_node,N,,,SWCA,125.0,SWCA,0.0001,s1,0,23.8632,0,50000000.0
2240,,ts52,2.0,3,6,32.6973,-90.388,operational_ts_node,,p4921,LA,,-92.1828,32.6582,0.0,2,7,3,,,ts52 - p4921,ts_node_to_demand,co2_eor,N,,,SE,125.0,SE,0.0002,s1,0,24.8513,0,50000000.0
2241,Velma Gas Plant,f1007903,3.0,3,7,34.4615,-97.6905,ng_processing,,ts18,OK,,-96.5454,35.639,0.0,3,7,3,,,f1007903 - ts18,source_to_ts_node,uniform_ts_node,N,,,GP,125.0,GP,0.0002,s1,0,18.4114,0,50000000.0
2242,Davenport Plant,f1006077,3.0,2,4,41.4591,-90.6953,cement,,ts24,IA,,-92.7128,41.3438,0.0,3,4,2,,,f1006077 - ts24,source_to_ts_node,uniform_ts_node,N,,,GP,125.0,GP,0.0002,s1,0,18.4114,0,50000000.0
2243,WE HEREFORD LLC,f1004799,3.0,3,7,34.8219,-102.3704,ethanol,,ts66,TX,,-100.6543,35.3989,10.0,3,7,3,,,f1004799 - ts66,source_to_ts_node,uniform_ts_node,N,,,SWCA,125.0,SWCA,0.0001,s1,0,23.8632,0,50000000.0
2244,"Koch Fertilizer Ft. Dodge, LLC",f1007046,3.0,2,4,42.4994,-94.0172,ammonia,,ts24,IA,,-92.7128,41.3438,0.0,3,4,2,,,f1007046 - ts24,source_to_ts_node,uniform_ts_node,N,,,GP,125.0,GP,0.0002,s1,0,18.4114,0,50000000.0
2245,,ts17,3.0,2,4,41.3081,-100.4651,uniform_ts_node,Arbuckle3,s3,KS,3039.0,-101.817,39.2763,0.0,3,4,2,0.0,s3,ts17 - s3,ts_node_to_storage,storage,N,,,GP,125.0,GP,0.0002,s1,0,18.4114,0,50000000.0
2246,,ts38,2.0,3,5,25.7975,-80.5225,uniform_ts_node,Cedar Keys-Lawson1,s21,FL,5666.0,-81.2325,27.8396,0.0,2,5,3,0.0,s21,ts38 - s21,ts_node_to_storage,storage,N,,,SE,125.0,SE,0.0002,s1,0,24.8513,0,50000000.0
2247,CalPortland Company Mojave Plant,f1006842,7.0,4,9,35.0272,-118.3142,cement,,ts3,CA,,-117.6761,33.6122,0.0,7,9,4,,,f1006842 - ts3,source_to_ts_node,uniform_ts_node,N,,,SWCA,125.0,SWCA,0.0001,s1,0,23.8632,0,50000000.0
2248,SHELBY,f1010598,2.0,3,7,31.7954,-94.179,ng_processing,,ts67,AR,,-93.5084,33.2042,0.0,3,7,3,,,f1010598 - ts67,source_to_ts_node,uniform_ts_node,N,,,SWCA,125.0,SWCA,0.0001,s1,0,23.8632,0,50000000.0
2249,NACOGDOCHES AMINE AND DEHYDRATION PLANT,f1013396,2.0,3,7,31.4888,-94.6387,ng_processing,,ts46,TX,,-93.8362,30.1309,3.0,2,7,3,,,f1013396 - ts46,source_to_ts_node,operational_ts_node,N,,,SWCA,125.0,SWCA,0.0001,s1,0,23.8632,0,50000000.0
2250,,ts71,3.0,2,4,41.4985,-103.1277,uniform_ts_node,,p3907,CO,,-104.79,40.6282,0.0,5,8,4,,,ts71 - p3907,ts_node_to_demand,co2_eor,N,,,GP,125.0,GP,0.0002,s1,0,18.4114,0,50000000.0
2251,_agg_nonop_ng_processing1,f_agg_nonop_ng_processing1,2.0,3,7,31.8281,-94.2781,ng_processing,,ts67,AR,,-93.5084,33.2042,0.0,3,7,3,,,f_agg_nonop_ng_processing1 - ts67,source_to_ts_node,uniform_ts_node,N,,,SWCA,125.0,SWCA,0.0001,s1,0,23.8632,0,50000000.0
2252,,ts51,4.0,4,8,36.5833,-104.0351,operational_ts_node,Morrison3,s127,CO,24922.0,-103.7797,39.8853,0.0,5,8,4,0.0,s127,ts51 - s127,ts_node_to_storage,storage,N,,,RM,125.0,RM,0.0002,s1,0,18.4114,0,50000000.0
2253,,ts51,4.0,4,8,36.5833,-104.0351,operational_ts_node,Canyon1,s17,TX,15157.0,-101.6575,34.6788,10.0,3,7,3,0.0,s17,ts51 - s17,ts_node_to_storage,storage,N,,,RM,125.0,RM,0.0002,s1,0,18.4114,0,50000000.0
2254,,ts51,4.0,4,8,36.5833,-104.0351,operational_ts_node,Cisco1,s24,TX,15012.0,-101.6575,34.6788,10.0,3,7,3,0.0,s24,ts51 - s24,ts_node_to_storage,storage,N,,,RM,125.0,RM,0.0002,s1,0,18.4114,0,50000000.0
2255,,ts51,4.0,4,8,36.5833,-104.0351,operational_ts_node,Wolfcamp1,s226,TX,15012.0,-101.642,34.6805,10.0,3,7,3,0.0,s226,ts51 - s226,ts_node_to_storage,storage,N,,,RM,125.0,RM,0.0002,s1,0,18.4114,0,50000000.0
2256,,ts51,4.0,4,8,36.5833,-104.0351,operational_ts_node,Arbuckle4,s4,KS,32460.0,-99.2057,37.695,0.0,3,4,2,0.0,s4,ts51 - s4,ts_node_to_storage,storage,N,,,RM,125.0,RM,0.0002,s1,0,18.4114,0,50000000.0
2257,THE ANDERSONS MARATHON HOLDINGS LLC MI,f1007933,1.0,2,3,42.2596,-84.7897,ethanol,,ts33,MI,,-84.5405,43.7706,0.0,1,3,2,,,f1007933 - ts33,source_to_ts_node,uniform_ts_node,N,,,GL,125.0,GL,0.0002,s1,0,26.7893,0,50000000.0
2258,facility_pp_natgas_1971,fc1971_cluster,,2,3,42.3856,-85.5171,pp_natgas,,ts32,IN,,-85.0039,40.9117,0.0,1,3,2,,,fc1971_cluster - ts32,source_to_ts_node,uniform_ts_node,N,,,GL,125.0,GL,0.0002,s1,0,26.7893,0,50000000.0
2259,,ts5,5.0,4,8,39.2008,-119.3773,uniform_ts_node,Starkey1,s203,CA,2069.0,-121.3697,38.0495,0.0,7,9,4,0.0,s203,ts5 - s203,ts_node_to_storage,storage,N,,,RM,125.0,RM,0.0002,s1,0,18.4114,0,50000000.0
2260,,ts5,5.0,4,8,39.2008,-119.3773,uniform_ts_node,Mokelumne River1,s124,CA,2069.0,-121.3697,38.0495,0.0,7,9,4,0.0,s124,ts5 - s124,ts_node_to_storage,storage,N,,,RM,125.0,RM,0.0002,s1,0,18.4114,0,50000000.0
2261,,ts5,5.0,4,8,39.2008,-119.3773,uniform_ts_node,Winters1a,s223,CA,2069.0,-121.3697,38.0495,0.0,7,9,4,0.0,s223,ts5 - s223,ts_node_to_storage,storage,N,,,RM,125.0,RM,0.0002,s1,0,18.4114,0,50000000.0
2262,,ts5,5.0,4,8,39.2008,-119.3773,uniform_ts_node,Winters1b,s224,CA,2069.0,-121.3697,38.0495,0.0,7,9,4,0.0,s224,ts5 - s224,ts_node_to_storage,storage,N,,,RM,125.0,RM,0.0002,s1,0,18.4114,0,50000000.0
2263,,ts49,4.0,3,7,31.404,-102.0845,operational_ts_node,,ts48,,,-101.2617,32.7688,,4,7,3,,,ts49 - ts48,ts_node_to_ts_node,operational_ts_node,Y,,20507319.5269,SWCA,125.0,SWCA,0.0001,s1,0,23.8632,0,50000000.0
2264,,ts48,4.0,3,7,32.7688,-101.2617,operational_ts_node,,ts49,,,-102.0845,31.404,,4,7,3,,,ts48 - ts49,ts_node_to_ts_node,operational_ts_node,N,,0.0,SWCA,125.0,SWCA,0.0001,s1,0,23.8632,0,50000000.0
2265,Dyno Nobel,f1005766,7.0,4,9,45.9112,-122.8242,ammonia,,ts7,OR,,-121.3615,44.7701,0.0,7,9,4,,,f1005766 - ts7,source_to_ts_node,uniform_ts_node,N,,,PN,125.0,PN,0.0002,s1,0,24.8513,0,50000000.0
2266,facility_pp_coal_1922,fc1922_cluster,,1,2,40.5961,-79.1495,pp_coal,,ts37,OH,,-81.1971,40.5228,0.0,1,3,2,,,fc1922_cluster - ts37,source_to_ts_node,uniform_ts_node,N,,,MA,125.0,MA,0.0003,s1,0,34.0206,0,50000000.0
2267,facility_pp_coal_1929,fc1929_cluster,,1,1,43.1195,-71.1265,pp_coal,,ts43,MA,,-72.8249,42.2012,0.0,1,1,1,,,fc1929_cluster - ts43,source_to_ts_node,uniform_ts_node,N,,,NE,125.0,NE,0.0003,s1,0,43.9794,0,50000000.0
2268,SHUTE CREEK FACILITY,f1002150,5.0,4,8,41.887,-110.0945,ng_processing,,ts64,ID,,-112.1273,42.2721,0.0,5,8,4,,,f1002150 - ts64,source_to_ts_node,uniform_ts_node,N,,,RM,125.0,RM,0.0002,s1,0,18.4114,0,50000000.0
2269,,ts58,4.0,3,7,32.575,-97.3799,uniform_ts_node,Paluxy1,s162,TX,409.0,-95.4224,32.4907,6.0,2,7,3,0.0,s162,ts58 - s162,ts_node_to_storage,storage,N,,,SWCA,125.0,SWCA,0.0001,s1,0,23.8632,0,50000000.0
2270,ROBELINE PLANT,f1006682,2.0,3,7,31.6587,-93.325,ng_processing,,ts67,AR,,-93.5084,33.2042,0.0,3,7,3,,,f1006682 - ts67,source_to_ts_node,uniform_ts_node,N,,,SE,125.0,SE,0.0002,s1,0,24.8513,0,50000000.0
2271,Labadie             ,fpp2103.01    ,3.0,2,4,38.562,-90.838,pp_coal,,ts23,MO,,-92.8416,38.4726,0.0,3,4,2,,,fpp2103.01     - ts23,source_to_ts_node,uniform_ts_node,N,,,GP,125.0,GP,0.0002,s1,0,18.4114,0,50000000.0
2272,Labadie             ,fpp2103.03    ,3.0,2,4,38.562,-90.838,pp_coal,,ts23,MO,,-92.8416,38.4726,0.0,3,4,2,,,fpp2103.03     - ts23,source_to_ts_node,uniform_ts_node,N,,,GP,125.0,GP,0.0002,s1,0,18.4114,0,50000000.0
2273,facility_ethanol_1920,fc1920_cluster,,2,4,42.4466,-95.0554,ethanol,,ts20,NE,,-96.5899,41.3846,0.0,3,4,2,,,fc1920_cluster - ts20,source_to_ts_node,uniform_ts_node,N,,,GP,125.0,GP,0.0002,s1,0,18.4114,0,50000000.0
2274,,ts63,5.0,4,8,37.9053,-111.4886,uniform_ts_node,Morrison7,s131,UT,8007.0,-110.0577,39.9471,0.0,5,8,4,0.0,s131,ts63 - s131,ts_node_to_storage,storage,N,,,RM,125.0,RM,0.0002,s1,0,18.4114,0,50000000.0
2275,,ts70,2.0,3,6,32.4676,-86.5671,uniform_ts_node,Lower Tuscaloosa8,s108,MS,13379.0,-89.9133,32.3322,0.0,2,6,3,0.0,s108,ts70 - s108,ts_node_to_storage,storage,N,,,SE,125.0,SE,0.0002,s1,0,24.8513,0,50000000.0
2276,Hobbs Generating Sta,fpp56458.0CHW-T,4.0,4,8,32.728,-103.309,pp_natgas,,ts47,NM,,-104.5168,33.918,4.0,4,8,4,,,fpp56458.0CHW-T - ts47,source_to_ts_node,operational_ts_node,N,,,RM,125.0,RM,0.0002,s1,0,18.4114,0,50000000.0
2277,GCC DACOTAH,f1004539,6.0,2,4,44.089,-103.2676,cement,,ts54,MT,,-104.9217,45.1121,0.0,6,8,4,,,f1004539 - ts54,source_to_ts_node,operational_ts_node,N,,,GP,125.0,GP,0.0002,s1,0,18.4114,0,50000000.0
2278,facility_pp_natgas_1971,fc1971_cluster,,2,3,42.3856,-85.5171,pp_natgas,,ts33,MI,,-84.5405,43.7706,0.0,1,3,2,,,fc1971_cluster - ts33,source_to_ts_node,uniform_ts_node,N,,,GL,125.0,GL,0.0002,s1,0,26.7893,0,50000000.0
2279,facility_pp_natgas_1961,fc1961_cluster,,4,9,45.8007,-119.6938,pp_natgas,,ts7,OR,,-121.3615,44.7701,0.0,7,9,4,,,fc1961_cluster - ts7,source_to_ts_node,uniform_ts_node,N,,,PN,125.0,PN,0.0002,s1,0,24.8513,0,50000000.0
2280,VERDIGRIS PLT,f1002275,3.0,3,7,36.2335,-95.7191,ammonia,,hsm_cent3,,,-97.4936,35.5893,,3,7,3,,,f1002275 - hsm_cent3,source_to_hsm_cent,hsm_centroid,Y,,1046701.0115,GP,125.0,GP,0.0002,s1,0,18.4114,0,50000000.0
2281,_agg_nonop_ng_processing7,f_agg_nonop_ng_processing7,4.0,3,7,31.3445,-96.2344,ng_processing,,ts58,TX,,-97.3799,32.575,5.0,4,7,3,,,f_agg_nonop_ng_processing7 - ts58,source_to_ts_node,uniform_ts_node,N,,,SWCA,125.0,SWCA,0.0001,s1,0,23.8632,0,50000000.0
2282,"LITTLE SIOUX CORN PROCESSORS, LLC",f1002995,3.0,2,4,42.8208,-95.7609,ethanol,,ts20,NE,,-96.5899,41.3846,0.0,3,4,2,,,f1002995 - ts20,source_to_ts_node,uniform_ts_node,N,,,GP,125.0,GP,0.0002,s1,0,18.4114,0,50000000.0
2283,Archer Daniels Midland Co.,f1005661,1.0,2,3,39.8675,-88.885,ethanol,,ts27,IL,,-89.1261,38.321,0.0,1,3,2,,,f1005661 - ts27,source_to_ts_node,uniform_ts_node,N,,0.0,GL,125.0,GL,0.0002,s1,0,26.7893,0,50000000.0
2284,facility_beccs_2020,fc2020_cluster,,2,4,42.8794,-97.2121,beccs,,ts20,NE,,-96.5899,41.3846,0.0,3,4,2,,,fc2020_cluster - ts20,source_to_ts_node,uniform_ts_node,N,,,GP,125.0,GP,0.0002,s1,0,18.4114,0,50000000.0
2285,FREEPORT LNG PRETREATMENT FACILITY,f1013753,2.0,3,7,28.9849,-95.3087,ng_processing,Frio4,s71,TX,694.0,-94.0547,30.0272,3.0,2,7,3,0.0,s71,f1013753 - s71,source_to_storage,storage,N,,,SWCA,125.0,SWCA,0.0001,s1,0,23.8632,0,50000000.0
2286,facility_beccs_2018,fc2018_cluster,,2,3,42.0372,-86.5322,beccs,Mount Simon3,s136,IL,20633.0,-89.239,39.9199,0.0,1,3,2,0.0,s136,fc2018_cluster - s136,source_to_storage,storage,N,,,GL,125.0,GL,0.0002,s1,0,26.7893,0,50000000.0
2287,facility_ammonia_2009,fc2009_cluster,,3,3,42.0372,-86.5322,ammonia,Mount Simon3,s136,IL,20633.0,-89.239,39.9199,0.0,1,3,2,0.0,s136,fc2009_cluster - s136,source_to_storage,storage,N,,,GL,125.0,GL,0.0002,s1,0,26.7893,0,50000000.0
2288,,ts55,5.0,4,8,40.0975,-108.8773,operational_ts_node,Dakota2,s37,CO,3054.0,-106.2868,40.6379,0.0,5,8,4,0.0,s37,ts55 - s37,ts_node_to_storage,storage,N,,,RM,125.0,RM,0.0002,s1,0,18.4114,0,50000000.0
2289,XTO - BOYSCOUT BOARDWALK,f1013949,3.0,3,7,35.2683,-92.5579,ng_processing,,ts62,MO,,-93.1948,36.7476,0.0,3,4,2,,,f1013949 - ts62,source_to_ts_node,uniform_ts_node,N,,,SE,125.0,SE,0.0002,s1,0,24.8513,0,50000000.0
2290,"LITTLE SIOUX CORN PROCESSORS, LLC",f1002995,3.0,2,4,42.8208,-95.7609,ethanol,,ts21,SD,,-96.615,44.2654,0.0,6,4,2,,,f1002995 - ts21,source_to_ts_node,uniform_ts_node,N,,,GP,125.0,GP,0.0002,s1,0,18.4114,0,50000000.0
2291,,ts53,5.0,4,8,42.1067,-108.417,operational_ts_node,Dakota2,s37,CO,3054.0,-106.2868,40.6379,0.0,5,8,4,0.0,s37,ts53 - s37,ts_node_to_storage,storage,N,,,RM,125.0,RM,0.0002,s1,0,18.4114,0,50000000.0
2292,,ts66,3.0,3,7,35.3989,-100.6543,uniform_ts_node,Arbuckle4,s4,KS,32460.0,-99.2057,37.695,0.0,3,4,2,0.0,s4,ts66 - s4,ts_node_to_storage,storage,N,,,SWCA,125.0,SWCA,0.0001,s1,0,23.8632,0,50000000.0
2293,HOLCIM (US) INC. D/B/A LAFARGE ALPENA,f1005874,1.0,2,3,45.0722,-83.4048,cement,,ts33,MI,,-84.5405,43.7706,0.0,1,3,2,,,f1005874 - ts33,source_to_ts_node,uniform_ts_node,N,,,GL,125.0,GL,0.0002,s1,0,26.7893,0,50000000.0
2294,,ts70,2.0,3,6,32.4676,-86.5671,uniform_ts_node,Eutaw1,s59,MS,29518.0,-89.8942,31.9943,0.0,2,6,3,0.0,s59,ts70 - s59,ts_node_to_storage,storage,N,,,SE,125.0,SE,0.0002,s1,0,24.8513,0,50000000.0
2295,facility_pp_natgas_1967,fc1967_cluster,,3,5,33.8361,-84.852,pp_natgas,,ts30,TN,,-85.8272,35.2015,0.0,1,6,3,,,fc1967_cluster - ts30,source_to_ts_node,uniform_ts_node,N,,,SE,125.0,SE,0.0002,s1,0,24.8513,0,50000000.0
2296,Oak Grove (TX)      ,fpp6180.0OG1  ,4.0,3,7,31.18,-96.487,pp_coal,,ts58,TX,,-97.3799,32.575,5.0,4,7,3,,,fpp6180.0OG1   - ts58,source_to_ts_node,uniform_ts_node,N,,,SWCA,125.0,SWCA,0.0001,s1,0,23.8632,0,50000000.0
2297,Oak Grove (TX)      ,fpp6180.0OG2  ,4.0,3,7,31.18,-96.487,pp_coal,,ts58,TX,,-97.3799,32.575,5.0,4,7,3,,,fpp6180.0OG2   - ts58,source_to_ts_node,uniform_ts_node,N,,,SWCA,125.0,SWCA,0.0001,s1,0,23.8632,0,50000000.0
2298,ROBELINE PLANT,f1006682,2.0,3,7,31.6587,-93.325,ng_processing,,ts46,TX,,-93.8362,30.1309,3.0,2,7,3,,,f1006682 - ts46,source_to_ts_node,operational_ts_node,N,,,SE,125.0,SE,0.0002,s1,0,24.8513,0,50000000.0
2299,ORLA GAS PLANT,f1013400,4.0,3,7,31.8094,-103.8952,ng_processing,,ts49,TX,,-102.0845,31.404,73.0,4,7,3,,,f1013400 - ts49,source_to_ts_node,operational_ts_node,N,,,SWCA,125.0,SWCA,0.0001,s1,0,23.8632,0,50000000.0
2300,,ts67,3.0,3,7,33.2042,-93.5084,uniform_ts_node,Paluxy1,s162,TX,409.0,-95.4224,32.4907,6.0,2,7,3,0.0,s162,ts67 - s162,ts_node_to_storage,storage,N,,,SE,125.0,SE,0.0002,s1,0,24.8513,0,50000000.0
2301,LINAM RANCH GAS PLANT,f1005641,4.0,4,8,32.6953,-103.2853,ng_processing,,ts47,NM,,-104.5168,33.918,4.0,4,8,4,,,f1005641 - ts47,source_to_ts_node,operational_ts_node,N,,,RM,125.0,RM,0.0002,s1,0,18.4114,0,50000000.0
2302,facility_pp_natgas_1972,fc1972_cluster,,2,3,42.7759,-88.8726,pp_natgas,,ts28,IL,,-88.8466,41.1859,0.0,1,3,2,,,fc1972_cluster - ts28,source_to_ts_node,uniform_ts_node,N,,,GL,125.0,GL,0.0002,s1,0,26.7893,0,50000000.0
2303,COFFEYVILLE RESOURCES NITROGEN FERT.,f1002170,3.0,2,4,37.0454,-95.6052,ammonia,,ts18,OK,,-96.5454,35.639,0.0,3,7,3,,,f1002170 - ts18,source_to_ts_node,uniform_ts_node,N,,,GP,125.0,GP,0.0002,s1,0,18.4114,0,50000000.0
2304,facility_beccs_2018,fc2018_cluster,,2,3,42.0372,-86.5322,beccs,,ts32,IN,,-85.0039,40.9117,0.0,1,3,2,,,fc2018_cluster - ts32,source_to_ts_node,uniform_ts_node,N,,,GL,125.0,GL,0.0002,s1,0,26.7893,0,50000000.0
2305,facility_ammonia_2009,fc2009_cluster,,3,3,42.0372,-86.5322,ammonia,,ts32,IN,,-85.0039,40.9117,0.0,1,3,2,,,fc2009_cluster - ts32,source_to_ts_node,uniform_ts_node,N,,,GL,125.0,GL,0.0002,s1,0,26.7893,0,50000000.0
2306,Valero Linden Plant,f1006245,1.0,2,3,40.2006,-86.91,ethanol,,ts32,IN,,-85.0039,40.9117,0.0,1,3,2,,,f1006245 - ts32,source_to_ts_node,uniform_ts_node,N,,,GL,125.0,GL,0.0002,s1,0,26.7893,0,50000000.0
2307,LAFARGE NA WHITEHALL PLANT,f1005639,1.0,1,2,40.6876,-75.5063,cement,,ts41,PA,,-77.4375,40.0209,0.0,1,2,1,,,f1005639 - ts41,source_to_ts_node,uniform_ts_node,N,,,MA,125.0,MA,0.0003,s1,0,34.0206,0,50000000.0
2308,,ts49,4.0,3,7,31.404,-102.0845,operational_ts_node,,p4405,TX,,-101.283,32.8612,81.0,4,7,3,,,ts49 - p4405,ts_node_to_demand,co2_eor,N,,,SWCA,125.0,SWCA,0.0001,s1,0,23.8632,0,50000000.0
2309,NATIONAL CEMENT CO OF CALIFORNIA INC,f1006642,7.0,4,9,34.8199,-118.7487,cement,,ts4,CA,,-118.4952,36.4119,0.0,7,9,4,,,f1006642 - ts4,source_to_ts_node,uniform_ts_node,N,,,SWCA,125.0,SWCA,0.0001,s1,0,23.8632,0,50000000.0
2310,,ts59,5.0,4,8,40.1656,-103.5956,uniform_ts_node,Dakota2,s37,CO,3054.0,-106.2868,40.6379,0.0,5,8,4,0.0,s37,ts59 - s37,ts_node_to_storage,storage,N,,,RM,125.0,RM,0.0002,s1,0,18.4114,0,50000000.0
2311,"Lone Star Industries, Inc. /dba/ BUZZI UNICEM USA",f1006110,4.0,3,7,32.25,-100.4583,cement,,ts49,TX,,-102.0845,31.404,73.0,4,7,3,,,f1006110 - ts49,source_to_ts_node,operational_ts_node,N,,,SWCA,125.0,SWCA,0.0001,s1,0,23.8632,0,50000000.0
2312,GCC RIO GRANDE INC,f1003067,5.0,4,8,38.1291,-104.6067,cement,,ts51,NM,,-104.0351,36.5833,4.0,4,8,4,,,f1003067 - ts51,source_to_ts_node,operational_ts_node,N,,,RM,125.0,RM,0.0002,s1,0,18.4114,0,50000000.0
2313,"LEHIGH CEMENT WEST, LLC.",f1002566,7.0,4,9,35.1228,-118.3693,cement,,ts3,CA,,-117.6761,33.6122,0.0,7,9,4,,,f1002566 - ts3,source_to_ts_node,uniform_ts_node,N,,,SWCA,125.0,SWCA,0.0001,s1,0,23.8632,0,50000000.0
2314,,ts53,5.0,4,8,42.1067,-108.417,operational_ts_node,Tensleep5,s213,UT,4436.0,-111.1856,41.1392,0.0,5,8,4,0.0,s213,ts53 - s213,ts_node_to_storage,storage,N,,,RM,125.0,RM,0.0002,s1,0,18.4114,0,50000000.0
2315,BIG RIVER UNITED ENERGY LLC,f1005626,3.0,2,4,42.4872,-91.1633,ethanol,,ts24,IA,,-92.7128,41.3438,0.0,3,4,2,,,f1005626 - ts24,source_to_ts_node,uniform_ts_node,N,,,GP,125.0,GP,0.0002,s1,0,18.4114,0,50000000.0
2316,,ts59,5.0,4,8,40.1656,-103.5956,uniform_ts_node,Lyons3,s113,CO,1590.0,-104.9346,38.4893,0.0,5,8,4,0.0,s113,ts59 - s113,ts_node_to_storage,storage,N,,,RM,125.0,RM,0.0002,s1,0,18.4114,0,50000000.0
2317,facility_cement_2001,fc2001_cluster,,3,6,34.073,-86.3138,cement,,ts70,AL,,-86.5671,32.4676,0.0,2,6,3,,,fc2001_cluster - ts70,source_to_ts_node,uniform_ts_node,N,,,SE,125.0,SE,0.0002,s1,0,24.8513,0,50000000.0
2318,,ts19,3.0,2,4,38.5117,-96.5668,uniform_ts_node,Arbuckle1,s1,OK,10229.0,-98.5544,36.3994,0.0,3,7,3,0.0,s1,ts19 - s1,ts_node_to_storage,storage,N,,,GP,125.0,GP,0.0002,s1,0,18.4114,0,50000000.0
2319,Poet Biorefining Fairbank LLC,f1004079,3.0,2,4,42.6393,-92.0311,ethanol,,ts25,MN,,-92.573,44.2227,0.0,3,4,2,,,f1004079 - ts25,source_to_ts_node,uniform_ts_node,N,,,GP,125.0,GP,0.0002,s1,0,18.4114,0,50000000.0
2320,"PCS NITROGEN FERTILIZER, L.P.",f1004340,1.0,3,5,33.47,-81.97,ammonia,,ts34,GA,,-82.7898,31.9873,0.0,1,5,3,,,f1004340 - ts34,source_to_ts_node,uniform_ts_node,N,,,SE,125.0,SE,0.0002,s1,0,24.8513,0,50000000.0
2321,St Marys Cement INC,f1005629,1.0,2,3,45.3164,-85.2948,cement,,ts33,MI,,-84.5405,43.7706,0.0,1,3,2,,,f1005629 - ts33,source_to_ts_node,uniform_ts_node,N,,,GL,125.0,GL,0.0002,s1,0,26.7893,0,50000000.0
2322,Tate & Lyle-Loudon,f1000401,1.0,3,6,35.7433,-84.3208,ethanol,,hsm_cent1,,,-86.3507,35.8584,,1,6,3,,,f1000401 - hsm_cent1,source_to_hsm_cent,hsm_centroid,Y,,439376.6821,SE,125.0,SE,0.0002,s1,0,24.8513,0,50000000.0
2323,Green Plains Fairmont LLC,f1005526,3.0,2,4,43.664,-94.4926,ethanol,,ts21,SD,,-96.615,44.2654,0.0,6,4,2,,,f1005526 - ts21,source_to_ts_node,uniform_ts_node,N,,,GP,125.0,GP,0.0002,s1,0,18.4114,0,50000000.0
2324,RAMSEY GAS PLANT,f1010768,4.0,3,7,31.8775,-103.9376,ng_processing,,ts49,TX,,-102.0845,31.404,73.0,4,7,3,,,f1010768 - ts49,source_to_ts_node,operational_ts_node,N,,,SWCA,125.0,SWCA,0.0001,s1,0,23.8632,0,50000000.0
2325,LINAM RANCH GAS PLANT,f1005641,4.0,4,8,32.6953,-103.2853,ng_processing,,ts49,TX,,-102.0845,31.404,73.0,4,7,3,,,f1005641 - ts49,source_to_ts_node,operational_ts_node,N,,,RM,125.0,RM,0.0002,s1,0,18.4114,0,50000000.0
2326,facility_pp_natgas_1975,fc1975_cluster,,2,3,39.7381,-86.5129,pp_natgas,,ts32,IN,,-85.0039,40.9117,0.0,1,3,2,,,fc1975_cluster - ts32,source_to_ts_node,uniform_ts_node,N,,,GL,125.0,GL,0.0002,s1,0,26.7893,0,50000000.0
2327,St Marys Cement INC,f1005629,1.0,2,3,45.3164,-85.2948,cement,St. Peter8,s200,MI,11160.0,-85.0621,42.4439,0.0,1,3,2,0.0,s200,f1005629 - s200,source_to_storage,storage,N,,,GL,125.0,GL,0.0002,s1,0,26.7893,0,50000000.0
2328,,ts1,7.0,4,9,38.4485,-122.9892,uniform_ts_node,Domengine1,s47,CA,2069.0,-121.3697,38.0495,0.0,7,9,4,0.0,s47,ts1 - s47,ts_node_to_storage,storage,N,,,SWCA,125.0,SWCA,0.0001,s1,0,23.8632,0,50000000.0
2329,HEARTLAND CORN PRODUCTS,f1003907,3.0,2,4,44.5419,-94.3417,ethanol,,ts21,SD,,-96.615,44.2654,0.0,6,4,2,,,f1003907 - ts21,source_to_ts_node,uniform_ts_node,N,,,GP,125.0,GP,0.0002,s1,0,18.4114,0,50000000.0
2330,facility_pp_natgas_1961,fc1961_cluster,,4,9,45.8007,-119.6938,pp_natgas,,ts12,OR,,-117.3894,45.4748,0.0,7,9,4,,,fc1961_cluster - ts12,source_to_ts_node,uniform_ts_node,N,,,PN,125.0,PN,0.0002,s1,0,24.8513,0,50000000.0
2331,,nat003,4.0,4,8,35.11,-103.13,nat_co2_field,,ts47,NM,,-104.5168,33.918,4.0,4,8,4,,,nat003 - ts47,nat_co2_to_ts_node,operational_ts_node,N,Bravo Dome,,RM,125.0,RM,0.0002,s1,0,18.4114,0,50000000.0
2332,"POET Biorefining- Menlo, LLC",f1003834,3.0,2,4,41.5236,-94.3819,ethanol,,ts20,NE,,-96.5899,41.3846,0.0,3,4,2,,,f1003834 - ts20,source_to_ts_node,uniform_ts_node,N,,,GP,125.0,GP,0.0002,s1,0,18.4114,0,50000000.0
2333,,nat003,4.0,4,8,35.11,-103.13,nat_co2_field,,ts51,NM,,-104.0351,36.5833,4.0,4,8,4,,,nat003 - ts51,nat_co2_to_ts_node,operational_ts_node,N,Bravo Dome,,RM,125.0,RM,0.0002,s1,0,18.4114,0,50000000.0
2334,Mountaineer         ,fpp6264.01    ,1.0,3,5,38.979,-81.934,pp_coal,,ts37,OH,,-81.1971,40.5228,0.0,1,3,2,,,fpp6264.01     - ts37,source_to_ts_node,uniform_ts_node,N,,,MA,125.0,MA,0.0003,s1,0,34.0206,0,50000000.0
2335,COFFEYVILLE RESOURCES NITROGEN FERT.,f1002170,3.0,2,4,37.0454,-95.6052,ammonia,,ts19,KS,,-96.5668,38.5117,0.0,3,4,2,,,f1002170 - ts19,source_to_ts_node,uniform_ts_node,N,,,GP,125.0,GP,0.0002,s1,0,18.4114,0,50000000.0
2336,SOUTH EDDY CRYO PLANT,f1012463,4.0,4,8,32.1613,-103.8284,ng_processing,,ts49,TX,,-102.0845,31.404,73.0,4,7,3,,,f1012463 - ts49,source_to_ts_node,operational_ts_node,N,,,RM,125.0,RM,0.0002,s1,0,18.4114,0,50000000.0
2337,_agg_nonop_ng_processing4,f_agg_nonop_ng_processing4,5.0,4,8,40.3049,-104.6614,ng_processing,,ts71,NE,,-103.1277,41.4985,0.0,3,4,2,,,f_agg_nonop_ng_processing4 - ts71,source_to_ts_node,uniform_ts_node,N,,,RM,125.0,RM,0.0002,s1,0,18.4114,0,50000000.0
2338,"Cargill, Incorporated",f1011065,3.0,2,4,42.5091,-94.3138,ethanol,,ts24,IA,,-92.7128,41.3438,0.0,3,4,2,,,f1011065 - ts24,source_to_ts_node,uniform_ts_node,N,,,GP,125.0,GP,0.0002,s1,0,18.4114,0,50000000.0
2339,,ts70,2.0,3,6,32.4676,-86.5671,uniform_ts_node,Lower Tuscaloosa5,s105,GA,2855.0,-84.4594,31.0081,0.0,1,5,3,0.0,s105,ts70 - s105,ts_node_to_storage,storage,N,,,SE,125.0,SE,0.0002,s1,0,24.8513,0,50000000.0
2340,Valero Fort Dodge Plant,f1002379,3.0,2,4,42.5314,-94.2933,ethanol,,ts24,IA,,-92.7128,41.3438,0.0,3,4,2,,,f1002379 - ts24,source_to_ts_node,uniform_ts_node,N,,,GP,125.0,GP,0.0002,s1,0,18.4114,0,50000000.0
2341,facility_ng_processing_1985,fc1985_cluster,,4,8,38.1295,-104.8068,ng_processing,,ts51,NM,,-104.0351,36.5833,4.0,4,8,4,,,fc1985_cluster - ts51,source_to_ts_node,operational_ts_node,N,,,RM,125.0,RM,0.0002,s1,0,18.4114,0,50000000.0
2342,facility_pp_coal_1930,fc1930_cluster,,2,3,38.5296,-87.4916,pp_coal,,ts31,KY,,-85.4315,38.0578,0.0,1,6,3,,,fc1930_cluster - ts31,source_to_ts_node,uniform_ts_node,N,,,GL,125.0,GL,0.0002,s1,0,26.7893,0,50000000.0
2343,,ts72,2.0,3,7,29.0,-97.5,uniform_ts_node,Frio8,s76,TX,1200.0,-95.0137,29.322,3.0,2,7,3,0.0,s76,ts72 - s76,ts_node_to_storage,storage,N,,,SWCA,125.0,SWCA,0.0001,s1,0,23.8632,0,50000000.0
2344,Hobbs Generating Sta,fpp56458.0CHW-T,4.0,4,8,32.728,-103.309,pp_natgas,,ts49,TX,,-102.0845,31.404,73.0,4,7,3,,,fpp56458.0CHW-T - ts49,source_to_ts_node,operational_ts_node,N,,,RM,125.0,RM,0.0002,s1,0,18.4114,0,50000000.0
2345,facility_ng_processing_1986,fc1986_cluster,,3,7,31.6433,-102.7422,ng_processing,,ts48,TX,,-101.2617,32.7688,81.0,4,7,3,,,fc1986_cluster - ts48,source_to_ts_node,operational_ts_node,N,,,SWCA,125.0,SWCA,0.0001,s1,0,23.8632,0,50000000.0
2346,,ts56,5.0,4,8,43.6569,-106.2405,operational_ts_node,Dakota9,s44,WY,5028.0,-104.5313,41.6629,0.0,5,8,4,0.0,s44,ts56 - s44,ts_node_to_storage,storage,N,,,RM,125.0,RM,0.0002,s1,0,18.4114,0,50000000.0
2347,,ts56,5.0,4,8,43.6569,-106.2405,operational_ts_node,Entrada6,s55,WY,5028.0,-104.5313,41.6629,0.0,5,8,4,0.0,s55,ts56 - s55,ts_node_to_storage,storage,N,,,RM,125.0,RM,0.0002,s1,0,18.4114,0,50000000.0
2348,EL DORADO CHEMICAL COMPANY,f1003993,3.0,3,7,33.2252,-92.6471,ammonia,,hsm_cent3,,,-92.4428,34.8948,,3,7,3,,,f1003993 - hsm_cent3,source_to_hsm_cent,hsm_centroid,Y,,990947.7505,SE,125.0,SE,0.0002,s1,0,24.8513,0,50000000.0
2349,Petra Nova,fop006,2.0,3,7,29.4791,-95.6294,other_operational_facility,,ts46,TX,,-93.8362,30.1309,3.0,2,7,3,,,fop006 - ts46,source_to_ts_node,operational_ts_node,N,,,SWCA,125.0,SWCA,0.0001,s1,0,23.8632,0,50000000.0
2350,SHELBY,f1010598,2.0,3,7,31.7954,-94.179,ng_processing,,ts46,TX,,-93.8362,30.1309,3.0,2,7,3,,,f1010598 - ts46,source_to_ts_node,operational_ts_node,N,,,SWCA,125.0,SWCA,0.0001,s1,0,23.8632,0,50000000.0
2351,facility_pp_natgas_1964,fc1964_cluster,,3,5,38.1512,-77.4353,pp_natgas,Waste Gate1,s218,MD,904.0,-75.3531,38.4393,0.0,1,5,3,0.0,s218,fc1964_cluster - s218,source_to_storage,storage,N,,,MA,125.0,MA,0.0003,s1,0,34.0206,0,50000000.0
2352,facility_cement_1995,fc1995_cluster,,4,8,39.0654,-109.9158,cement,,ts63,UT,,-111.4886,37.9053,0.0,5,8,4,,,fc1995_cluster - ts63,source_to_ts_node,uniform_ts_node,N,,,RM,125.0,RM,0.0002,s1,0,18.4114,0,50000000.0
2353,ROADRUNNER GAS PROCESSING PLANT,f1013364,4.0,4,8,32.2659,-104.1124,ng_processing,,ts47,NM,,-104.5168,33.918,4.0,4,8,4,,,f1013364 - ts47,source_to_ts_node,operational_ts_node,N,,,RM,125.0,RM,0.0002,s1,0,18.4114,0,50000000.0
2354,,ts52,2.0,3,6,32.6973,-90.388,operational_ts_node,Paluxy4,s165,AL,16568.0,-87.3213,31.4857,0.0,2,6,3,0.0,s165,ts52 - s165,ts_node_to_storage,storage,N,,,SE,125.0,SE,0.0002,s1,0,24.8513,0,50000000.0
2355,CONTINENTAL CEMENT COMPANY LLC,f1005987,3.0,2,4,39.6791,-91.3142,cement,,ts23,MO,,-92.8416,38.4726,0.0,3,4,2,,,f1005987 - ts23,source_to_ts_node,uniform_ts_node,N,,,GP,125.0,GP,0.0002,s1,0,18.4114,0,50000000.0
2356,KEYSTONE CEMENT COMPANY,f1005622,1.0,1,2,40.7154,-75.4009,cement,,ts41,PA,,-77.4375,40.0209,0.0,1,2,1,,,f1005622 - ts41,source_to_ts_node,uniform_ts_node,N,,,MA,125.0,MA,0.0003,s1,0,34.0206,0,50000000.0
2357,,nat002,5.0,4,8,34.5059,-109.3593,nat_co2_field,,ts69,NM,,-107.2926,34.4406,4.0,4,8,4,,,nat002 - ts69,nat_co2_to_ts_node,uniform_ts_node,N,St. Johns,,SWCA,125.0,SWCA,0.0001,s1,0,23.8632,0,50000000.0
2358,,ts52,2.0,3,6,32.6973,-90.388,operational_ts_node,Lower Tuscaloosa7,s107,LA,2857.0,-90.4419,30.7702,0.0,2,7,3,0.0,s107,ts52 - s107,ts_node_to_storage,storage,N,,,SE,125.0,SE,0.0002,s1,0,24.8513,0,50000000.0
2359,LINAM RANCH GAS PLANT,f1005641,4.0,4,8,32.6953,-103.2853,ng_processing,,ts48,TX,,-101.2617,32.7688,81.0,4,7,3,,,f1005641 - ts48,source_to_ts_node,operational_ts_node,N,,,RM,125.0,RM,0.0002,s1,0,18.4114,0,50000000.0
2360,,ts71,3.0,2,4,41.4985,-103.1277,uniform_ts_node,Arbuckle3,s3,KS,3039.0,-101.817,39.2763,0.0,3,4,2,0.0,s3,ts71 - s3,ts_node_to_storage,storage,N,,,GP,125.0,GP,0.0002,s1,0,18.4114,0,50000000.0
2361,,ts61,5.0,4,8,44.8643,-109.4599,uniform_ts_node,Nugget2,s154,WY,22707.0,-108.4889,41.8307,0.0,5,8,4,0.0,s154,ts61 - s154,ts_node_to_storage,storage,N,,,RM,125.0,RM,0.0002,s1,0,18.4114,0,50000000.0
2362,GREEN VALLEY CHEMICAL CORP,f1002790,3.0,2,4,41.0709,-94.3567,ammonia,,ts20,NE,,-96.5899,41.3846,0.0,3,4,2,,,f1002790 - ts20,source_to_ts_node,uniform_ts_node,N,,,GP,125.0,GP,0.0002,s1,0,18.4114,0,50000000.0
2363,,ts52,2.0,3,6,32.6973,-90.388,operational_ts_node,Lower Tuscaloosa1,s101,AL,10592.0,-87.0544,31.4544,0.0,2,6,3,0.0,s101,ts52 - s101,ts_node_to_storage,storage,N,,,SE,125.0,SE,0.0002,s1,0,24.8513,0,50000000.0
2364,,ts52,2.0,3,6,32.6973,-90.388,operational_ts_node,Washita-Fredericksburg1,s215,AL,13025.0,-87.4539,31.3942,0.0,2,6,3,0.0,s215,ts52 - s215,ts_node_to_storage,storage,N,,,SE,125.0,SE,0.0002,s1,0,24.8513,0,50000000.0
2365,,ts5,5.0,4,8,39.2008,-119.3773,uniform_ts_node,Domengine1,s47,CA,2069.0,-121.3697,38.0495,0.0,7,9,4,0.0,s47,ts5 - s47,ts_node_to_storage,storage,N,,,RM,125.0,RM,0.0002,s1,0,18.4114,0,50000000.0
2366,,ts51,4.0,4,8,36.5833,-104.0351,operational_ts_node,Lyons3,s113,CO,1590.0,-104.9346,38.4893,0.0,5,8,4,0.0,s113,ts51 - s113,ts_node_to_storage,storage,N,,,RM,125.0,RM,0.0002,s1,0,18.4114,0,50000000.0
2367,Petra Nova,fop006,2.0,3,7,29.4791,-95.6294,other_operational_facility,,ts72,TX,,-97.5,29.0,2.0,2,7,3,,,fop006 - ts72,source_to_ts_node,uniform_ts_node,N,,,SWCA,125.0,SWCA,0.0001,s1,0,23.8632,0,50000000.0
2368,,ts47,4.0,4,8,33.918,-104.5168,operational_ts_node,Glorieta1,s88,NM,1834.0,-106.3594,35.3315,4.0,4,8,4,0.0,s88,ts47 - s88,ts_node_to_storage,storage,N,,,RM,125.0,RM,0.0002,s1,0,18.4114,0,50000000.0
2369,,ts68,4.0,3,7,31.8461,-106.2709,uniform_ts_node,Queen2,s171,NM,9346.0,-103.846,34.6309,4.0,4,8,4,0.0,s171,ts68 - s171,ts_node_to_storage,storage,N,,,SWCA,125.0,SWCA,0.0001,s1,0,23.8632,0,50000000.0
2370,,ts68,4.0,3,7,31.8461,-106.2709,uniform_ts_node,Seven Rivers2,s192,TX,51068.0,-102.4437,31.7932,8.0,4,7,3,0.0,s192,ts68 - s192,ts_node_to_storage,storage,N,,,SWCA,125.0,SWCA,0.0001,s1,0,23.8632,0,50000000.0
2371,,ts68,4.0,3,7,31.8461,-106.2709,uniform_ts_node,Leonard2,s100,NM,9346.0,-103.619,32.9469,4.0,4,8,4,0.0,s100,ts68 - s100,ts_node_to_storage,storage,N,,,SWCA,125.0,SWCA,0.0001,s1,0,23.8632,0,50000000.0
2372,Jal #3 Gas Plant,f1005897,4.0,4,8,32.1743,-103.1741,ng_processing,,ts48,TX,,-101.2617,32.7688,81.0,4,7,3,,,f1005897 - ts48,source_to_ts_node,operational_ts_node,N,,,RM,125.0,RM,0.0002,s1,0,18.4114,0,50000000.0
2373,Hobbs Generating Sta,fpp56458.0CHW-T,4.0,4,8,32.728,-103.309,pp_natgas,,ts48,TX,,-101.2617,32.7688,81.0,4,7,3,,,fpp56458.0CHW-T - ts48,source_to_ts_node,operational_ts_node,N,,,RM,125.0,RM,0.0002,s1,0,18.4114,0,50000000.0
2374,Drake Cement,f1001689,5.0,4,8,34.9853,-112.3704,cement,,ts8,CA,,-114.2466,34.2129,0.0,7,9,4,,,f1001689 - ts8,source_to_ts_node,uniform_ts_node,N,,,SWCA,125.0,SWCA,0.0001,s1,0,23.8632,0,50000000.0
2375,CEMEX CONSTRUCTION MATERIALS ATLANTIC LLC,f1004721,1.0,3,6,36.0225,-83.8344,cement,,ts35,SC,,-82.2981,34.8411,0.0,1,5,3,,,f1004721 - ts35,source_to_ts_node,uniform_ts_node,N,,,SE,125.0,SE,0.0002,s1,0,24.8513,0,50000000.0
2376,facility_cement_2002,fc2002_cluster,,2,4,39.7827,-93.6421,cement,,ts24,IA,,-92.7128,41.3438,0.0,3,4,2,,,fc2002_cluster - ts24,source_to_ts_node,uniform_ts_node,N,,,GP,125.0,GP,0.0002,s1,0,18.4114,0,50000000.0
2377,,ts61,5.0,4,8,44.8643,-109.4599,uniform_ts_node,Tensleep4,s212,WY,6902.0,-110.5927,41.9882,0.0,5,8,4,0.0,s212,ts61 - s212,ts_node_to_storage,storage,N,,,RM,125.0,RM,0.0002,s1,0,18.4114,0,50000000.0
2378,,ts53,5.0,4,8,42.1067,-108.417,operational_ts_node,Weber2,s220,CO,5438.0,-108.3726,39.7949,0.0,5,8,4,0.0,s220,ts53 - s220,ts_node_to_storage,storage,N,,,RM,125.0,RM,0.0002,s1,0,18.4114,0,50000000.0
2379,,ts53,5.0,4,8,42.1067,-108.417,operational_ts_node,Entrada1,s50,CO,9237.0,-108.0439,39.5866,0.0,5,8,4,0.0,s50,ts53 - s50,ts_node_to_storage,storage,N,,,RM,125.0,RM,0.0002,s1,0,18.4114,0,50000000.0
2380,Ash Grove Cement Company-LEAMINGTON,f1002530,5.0,4,8,39.5083,-112.2622,cement,,ts63,UT,,-111.4886,37.9053,0.0,5,8,4,,,f1002530 - ts63,source_to_ts_node,uniform_ts_node,N,,,RM,125.0,RM,0.0002,s1,0,18.4114,0,50000000.0
2381,,ts3,7.0,4,9,33.6122,-117.6761,uniform_ts_node,Stevens1,s204,CA,2393.0,-119.3053,35.4104,0.0,7,9,4,0.0,s204,ts3 - s204,ts_node_to_storage,storage,N,,,SWCA,125.0,SWCA,0.0001,s1,0,23.8632,0,50000000.0
2382,Elite Octane,f1013287,3.0,2,4,41.4177,-95.0318,ethanol,,ts24,IA,,-92.7128,41.3438,0.0,3,4,2,,,f1013287 - ts24,source_to_ts_node,uniform_ts_node,N,,,GP,125.0,GP,0.0002,s1,0,18.4114,0,50000000.0
2383,,ts45,2.0,3,7,30.7654,-90.7576,operational_ts_node,,p4940,MS,,-91.0648,32.4766,0.0,2,6,3,,,ts45 - p4940,ts_node_to_demand,co2_eor,N,,,SE,125.0,SE,0.0002,s1,0,24.8513,0,50000000.0
2384,HEARTLAND CORN PRODUCTS,f1003907,3.0,2,4,44.5419,-94.3417,ethanol,,hsm_cent3,,,-94.3052,46.2761,,3,4,2,,,f1003907 - hsm_cent3,source_to_hsm_cent,hsm_centroid,Y,,591172.6949,GP,125.0,GP,0.0002,s1,0,18.4114,0,50000000.0
2385,,ts54,6.0,4,8,45.1121,-104.9217,operational_ts_node,,ts56,,,-106.2405,43.6569,,5,8,4,,,ts54 - ts56,ts_node_to_ts_node,operational_ts_node,N,,0.0,RM,125.0,RM,0.0002,s1,0,18.4114,0,50000000.0
2386,,ts56,5.0,4,8,43.6569,-106.2405,operational_ts_node,,ts54,,,-104.9217,45.1121,,6,8,4,,,ts56 - ts54,ts_node_to_ts_node,operational_ts_node,Y,,18331113.8319,RM,125.0,RM,0.0002,s1,0,18.4114,0,50000000.0
2387,_agg_nonop_ng_processing1,f_agg_nonop_ng_processing1,2.0,3,7,31.8281,-94.2781,ng_processing,,ts46,TX,,-93.8362,30.1309,3.0,2,7,3,,,f_agg_nonop_ng_processing1 - ts46,source_to_ts_node,operational_ts_node,N,,,SWCA,125.0,SWCA,0.0001,s1,0,23.8632,0,50000000.0
2388,,nat005,2.0,3,7,30.842,-97.2495,nat_co2_field,,ts58,TX,,-97.3799,32.575,5.0,4,7,3,,,nat005 - ts58,nat_co2_to_ts_node,uniform_ts_node,N,Val Verde,,SWCA,125.0,SWCA,0.0001,s1,0,23.8632,0,50000000.0
2389,PRYOR CHEMICAL COMPANY,f1005867,3.0,3,7,36.2412,-95.2783,ammonia,,ts62,MO,,-93.1948,36.7476,0.0,3,4,2,,,f1005867 - ts62,source_to_ts_node,uniform_ts_node,N,,,GP,125.0,GP,0.0002,s1,0,18.4114,0,50000000.0
2390,HOLCIM (US) INC.,f1006815,1.0,3,5,33.273,-80.4359,cement,,ts39,NC,,-78.8067,34.3752,0.0,1,5,3,,,f1006815 - ts39,source_to_ts_node,uniform_ts_node,N,,,SE,125.0,SE,0.0002,s1,0,24.8513,0,50000000.0
2391,,ts61,5.0,4,8,44.8643,-109.4599,uniform_ts_node,Madison1,s118,WY,27700.0,-105.6614,43.8523,0.0,5,8,4,0.0,s118,ts61 - s118,ts_node_to_storage,storage,N,,,RM,125.0,RM,0.0002,s1,0,18.4114,0,50000000.0
2392,,ts52,2.0,3,6,32.6973,-90.388,operational_ts_node,Eutaw2,s60,AL,8478.0,-87.6484,31.182,0.0,2,6,3,0.0,s60,ts52 - s60,ts_node_to_storage,storage,N,,,SE,125.0,SE,0.0002,s1,0,24.8513,0,50000000.0
2393,,ts56,5.0,4,8,43.6569,-106.2405,operational_ts_node,Madison Gp-Mission Canyon4,s117,MT,42151.0,-105.8029,47.238,0.0,6,8,4,0.0,s117,ts56 - s117,ts_node_to_storage,storage,N,,,RM,125.0,RM,0.0002,s1,0,18.4114,0,50000000.0
2394,ARKALON ETHANOL LLC,f1006203,3.0,2,4,37.1071,-101.0308,ethanol,,ts66,TX,,-100.6543,35.3989,10.0,3,7,3,,,f1006203 - ts66,source_to_ts_node,uniform_ts_node,N,,,GP,125.0,GP,0.0002,s1,0,18.4114,0,50000000.0
2395,facility_pp_natgas_1946,fc1946_cluster,,4,8,33.2658,-112.4756,pp_natgas,,ts8,CA,,-114.2466,34.2129,0.0,7,9,4,,,fc1946_cluster - ts8,source_to_ts_node,uniform_ts_node,N,,,SWCA,125.0,SWCA,0.0001,s1,0,23.8632,0,50000000.0
2396,"Gavin Power, LLC    ",fpp8102.02    ,1.0,2,3,38.935,-82.116,pp_coal,,ts37,OH,,-81.1971,40.5228,0.0,1,3,2,,,fpp8102.02     - ts37,source_to_ts_node,uniform_ts_node,N,,,GL,125.0,GL,0.0002,s1,0,26.7893,0,50000000.0
2397,"Gavin Power, LLC    ",fpp8102.01    ,1.0,2,3,38.935,-82.116,pp_coal,,ts37,OH,,-81.1971,40.5228,0.0,1,3,2,,,fpp8102.01     - ts37,source_to_ts_node,uniform_ts_node,N,,,GL,125.0,GL,0.0002,s1,0,26.7893,0,50000000.0
2398,"KAAPA Ethanol Ravenna, LLC",f1003096,3.0,2,4,41.0237,-98.8751,ethanol,,ts20,NE,,-96.5899,41.3846,0.0,3,4,2,,,f1003096 - ts20,source_to_ts_node,uniform_ts_node,N,,,GP,125.0,GP,0.0002,s1,0,18.4114,0,50000000.0
2399,,ts70,2.0,3,6,32.4676,-86.5671,uniform_ts_node,Lower Tuscaloosa2,s102,AL,2571.0,-87.9806,30.7369,0.0,2,6,3,0.0,s102,ts70 - s102,ts_node_to_storage,storage,N,,,SE,125.0,SE,0.0002,s1,0,24.8513,0,50000000.0
2400,,ts61,5.0,4,8,44.8643,-109.4599,uniform_ts_node,Minnelusa1,s122,WY,9960.0,-105.7231,43.9693,0.0,5,8,4,0.0,s122,ts61 - s122,ts_node_to_storage,storage,N,,,RM,125.0,RM,0.0002,s1,0,18.4114,0,50000000.0
2401,facility_ethanol_1916,fc1916_cluster,,2,5,34.1237,-80.9141,ethanol,,ts39,NC,,-78.8067,34.3752,0.0,1,5,3,,,fc1916_cluster - ts39,source_to_ts_node,uniform_ts_node,N,,,SE,125.0,SE,0.0002,s1,0,24.8513,0,50000000.0
2402,facility_beccs_2016,fc2016_cluster,,3,5,34.1237,-80.9141,beccs,,ts39,NC,,-78.8067,34.3752,0.0,1,5,3,,,fc2016_cluster - ts39,source_to_ts_node,uniform_ts_node,N,,,SE,125.0,SE,0.0002,s1,0,24.8513,0,50000000.0
2403,facility_ammonia_2007,fc2007_cluster,,3,5,34.1237,-80.9141,ammonia,,ts39,NC,,-78.8067,34.3752,0.0,1,5,3,,,fc2007_cluster - ts39,source_to_ts_node,uniform_ts_node,N,,,SE,125.0,SE,0.0002,s1,0,24.8513,0,50000000.0
2404,facility_ng_processing_1989,fc1989_cluster,,4,5,34.1237,-80.9141,ng_processing,,ts39,NC,,-78.8067,34.3752,0.0,1,5,3,,,fc1989_cluster - ts39,source_to_ts_node,uniform_ts_node,N,,,SE,125.0,SE,0.0002,s1,0,24.8513,0,50000000.0
2405,facility_pp_natgas_1983,fc1983_cluster,,2,4,38.9282,-94.3718,pp_natgas,,ts19,KS,,-96.5668,38.5117,0.0,3,4,2,,,fc1983_cluster - ts19,source_to_ts_node,uniform_ts_node,N,,,GP,125.0,GP,0.0002,s1,0,18.4114,0,50000000.0
2406,facility_pp_natgas_1973,fc1973_cluster,,2,3,39.1845,-84.7372,pp_natgas,,ts32,IN,,-85.0039,40.9117,0.0,1,3,2,,,fc1973_cluster - ts32,source_to_ts_node,uniform_ts_node,N,,,GL,125.0,GL,0.0002,s1,0,26.7893,0,50000000.0
2407,,ts61,5.0,4,8,44.8643,-109.4599,uniform_ts_node,Minnelusa2,s123,MT,3611.0,-106.228,45.3843,0.0,6,8,4,0.0,s123,ts61 - s123,ts_node_to_storage,storage,N,,,RM,125.0,RM,0.0002,s1,0,18.4114,0,50000000.0
2408,,ts31,1.0,3,6,38.0578,-85.4315,uniform_ts_node,Mount Simon2,s135,IL,5957.0,-88.5947,39.0412,0.0,1,3,2,0.0,s135,ts31 - s135,ts_node_to_storage,storage,N,,,SE,125.0,SE,0.0002,s1,0,24.8513,0,50000000.0
2409,,ts31,1.0,3,6,38.0578,-85.4315,uniform_ts_node,Knox1,s92,IL,10500.0,-88.8089,38.8847,0.0,1,3,2,0.0,s92,ts31 - s92,ts_node_to_storage,storage,N,,,SE,125.0,SE,0.0002,s1,0,24.8513,0,50000000.0
2410,,ts62,3.0,2,4,36.7476,-93.1948,uniform_ts_node,,ts23,,,-92.8416,38.4726,,3,4,2,,,ts62 - ts23,ts_node_to_ts_node,uniform_ts_node,N,,,GP,125.0,GP,0.0002,s1,0,18.4114,0,50000000.0
2411,,ts23,3.0,2,4,38.4726,-92.8416,uniform_ts_node,,ts62,,,-93.1948,36.7476,,3,4,2,,,ts23 - ts62,ts_node_to_ts_node,uniform_ts_node,N,,,GP,125.0,GP,0.0002,s1,0,18.4114,0,50000000.0
2412,Valero Renewable Fuels LLC Charles City,f1001967,3.0,2,4,43.0964,-92.745,ethanol,,ts24,IA,,-92.7128,41.3438,0.0,3,4,2,,,f1001967 - ts24,source_to_ts_node,uniform_ts_node,N,,,GP,125.0,GP,0.0002,s1,0,18.4114,0,50000000.0
2413,facility_ammonia_2011,fc2011_cluster,,2,4,40.7666,-94.3889,ammonia,,ts20,NE,,-96.5899,41.3846,0.0,3,4,2,,,fc2011_cluster - ts20,source_to_ts_node,uniform_ts_node,N,,,GP,125.0,GP,0.0002,s1,0,18.4114,0,50000000.0
2414,facility_pp_coal_1931,fc1931_cluster,,2,3,38.92,-82.1253,pp_coal,,ts37,OH,,-81.1971,40.5228,0.0,1,3,2,,,fc1931_cluster - ts37,source_to_ts_node,uniform_ts_node,N,,,GL,125.0,GL,0.0002,s1,0,26.7893,0,50000000.0
2415,LONE STAR IND INC DBA BUZZI UNICEM USA PRYOR CEMENT PLANT,f1004289,3.0,3,7,36.2962,-95.3312,cement,,ts62,MO,,-93.1948,36.7476,0.0,3,4,2,,,f1004289 - ts62,source_to_ts_node,uniform_ts_node,N,,,GP,125.0,GP,0.0002,s1,0,18.4114,0,50000000.0
2416,Valero Linden Plant,f1006245,1.0,2,3,40.2006,-86.91,ethanol,,ts28,IL,,-88.8466,41.1859,0.0,1,3,2,,,f1006245 - ts28,source_to_ts_node,uniform_ts_node,N,,,GL,125.0,GL,0.0002,s1,0,26.7893,0,50000000.0
2417,ADVANSIX INCORPORATED - HOPEWELL,f1000630,1.0,3,5,37.1815,-77.1621,ammonia,Waste Gate1,s218,MD,904.0,-75.3531,38.4393,0.0,1,5,3,0.0,s218,f1000630 - s218,source_to_storage,storage,N,,,MA,125.0,MA,0.0003,s1,0,34.0206,0,50000000.0
2418,CHEROKEE NITROGEN,f1007770,2.0,3,6,34.803,-87.9397,ammonia,,ts30,TN,,-85.8272,35.2015,0.0,1,6,3,,,f1007770 - ts30,source_to_ts_node,uniform_ts_node,N,,,SE,125.0,SE,0.0002,s1,0,24.8513,0,50000000.0
2419,GIANT CEMENT COMPANY,f1003770,1.0,3,5,33.2428,-80.4422,cement,,ts39,NC,,-78.8067,34.3752,0.0,1,5,3,,,f1003770 - ts39,source_to_ts_node,uniform_ts_node,N,,,SE,125.0,SE,0.0002,s1,0,24.8513,0,50000000.0
2420,Lehigh Cement Co. LLC Nazareth,f1001835,1.0,1,2,40.7297,-75.3008,cement,,ts41,PA,,-77.4375,40.0209,0.0,1,2,1,,,f1001835 - ts41,source_to_ts_node,uniform_ts_node,N,,,MA,125.0,MA,0.0003,s1,0,34.0206,0,50000000.0
2421,Oklahoma Carbon Hub-EOR,fop004,3.0,3,7,36.7611,-96.7128,other_operational_facility,,ts19,KS,,-96.5668,38.5117,0.0,3,4,2,,,fop004 - ts19,source_to_ts_node,uniform_ts_node,N,,,GP,125.0,GP,0.0002,s1,0,18.4114,0,50000000.0
2422,LEHIGH HANSON CEMENT SOUTH LLC,f1006234,2.0,3,6,33.5401,-86.5435,cement,,ts30,TN,,-85.8272,35.2015,0.0,1,6,3,,,f1006234 - ts30,source_to_ts_node,uniform_ts_node,N,,,SE,125.0,SE,0.0002,s1,0,24.8513,0,50000000.0
2423,,ts50,4.0,4,8,36.9785,-108.1461,operational_ts_node,Entrada1,s50,CO,9237.0,-108.0439,39.5866,0.0,5,8,4,0.0,s50,ts50 - s50,ts_node_to_storage,storage,N,,,RM,125.0,RM,0.0002,s1,0,18.4114,0,50000000.0
2424,"South Bend Ethanol, LLC.",f1000415,1.0,2,3,41.6552,-86.2962,ethanol,,hsm_cent1,,,-86.2813,39.894,,1,3,2,,,f1000415 - hsm_cent1,source_to_hsm_cent,hsm_centroid,Y,,143421.8057,GL,125.0,GL,0.0002,s1,0,26.7893,0,50000000.0
2425,facility_ng_processing_1993,fc1993_cluster,,2,4,37.1592,-100.7625,ng_processing,,ts66,TX,,-100.6543,35.3989,10.0,3,7,3,,,fc1993_cluster - ts66,source_to_ts_node,uniform_ts_node,N,,,GP,125.0,GP,0.0002,s1,0,18.4114,0,50000000.0
2426,NATIONAL HELIUM PLANT,f1008924,3.0,2,4,37.1592,-100.7625,ng_processing,,ts66,TX,,-100.6543,35.3989,10.0,3,7,3,,,f1008924 - ts66,source_to_ts_node,uniform_ts_node,N,,,GP,125.0,GP,0.0002,s1,0,18.4114,0,50000000.0
2427,HOMELAND ENERGY SOLUTIONS LLC,f1006141,3.0,2,4,43.0702,-92.205,ethanol,,ts24,IA,,-92.7128,41.3438,0.0,3,4,2,,,f1006141 - ts24,source_to_ts_node,uniform_ts_node,N,,,GP,125.0,GP,0.0002,s1,0,18.4114,0,50000000.0
2428,,ts70,2.0,3,6,32.4676,-86.5671,uniform_ts_node,Lower Tuscaloosa9,s109,MS,8003.0,-90.0943,31.3641,0.0,2,6,3,0.0,s109,ts70 - s109,ts_node_to_storage,storage,N,,,SE,125.0,SE,0.0002,s1,0,24.8513,0,50000000.0
2429,PLEASANT HILL GAS TREATING FACILITY,f1009090,2.0,3,7,31.881,-93.4661,ng_processing,,ts46,TX,,-93.8362,30.1309,3.0,2,7,3,,,f1009090 - ts46,source_to_ts_node,operational_ts_node,N,,,SE,125.0,SE,0.0002,s1,0,24.8513,0,50000000.0
2430,,ts52,2.0,3,6,32.6973,-90.388,operational_ts_node,Lower Tuscaloosa10,s110,MS,4393.0,-89.0783,30.7252,0.0,2,6,3,0.0,s110,ts52 - s110,ts_node_to_storage,storage,N,,,SE,125.0,SE,0.0002,s1,0,24.8513,0,50000000.0
2431,Trident,f1006185,6.0,4,8,45.9448,-111.4771,cement,,ts61,WY,,-109.4599,44.8643,0.0,5,8,4,,,f1006185 - ts61,source_to_ts_node,uniform_ts_node,N,,,RM,125.0,RM,0.0002,s1,0,18.4114,0,50000000.0
2432,Argos Cement LLC - Harleyville Plant,f1002750,1.0,3,5,33.2262,-80.4528,cement,,ts39,NC,,-78.8067,34.3752,0.0,1,5,3,,,f1002750 - ts39,source_to_ts_node,uniform_ts_node,N,,,SE,125.0,SE,0.0002,s1,0,24.8513,0,50000000.0
2433,,ts53,5.0,4,8,42.1067,-108.417,operational_ts_node,Dakota5,s40,UT,10678.0,-110.4189,39.7311,0.0,5,8,4,0.0,s40,ts53 - s40,ts_node_to_storage,storage,N,,,RM,125.0,RM,0.0002,s1,0,18.4114,0,50000000.0
2434,,ts53,5.0,4,8,42.1067,-108.417,operational_ts_node,Entrada2,s51,UT,10799.0,-110.4089,39.6458,0.0,5,8,4,0.0,s51,ts53 - s51,ts_node_to_storage,storage,N,,,RM,125.0,RM,0.0002,s1,0,18.4114,0,50000000.0
2435,,ts32,1.0,2,3,40.9117,-85.0039,uniform_ts_node,Mount Simon11,s144,KY,10350.0,-84.5965,38.2913,0.0,1,6,3,0.0,s144,ts32 - s144,ts_node_to_storage,storage,N,,,GL,125.0,GL,0.0002,s1,0,26.7893,0,50000000.0
2436,"East Dubuque Nitrogen Fertilizers, LLC",f1005502,1.0,2,3,42.4431,-90.5569,ammonia,,ts28,IL,,-88.8466,41.1859,0.0,1,3,2,,,f1005502 - ts28,source_to_ts_node,uniform_ts_node,N,,,GL,125.0,GL,0.0002,s1,0,26.7893,0,50000000.0
2437,US Nitrogen LLC,f1012789,1.0,3,6,36.1939,-83.0027,ammonia,,ts36,WV,,-81.7687,37.6841,0.0,1,5,3,,,f1012789 - ts36,source_to_ts_node,uniform_ts_node,N,,,SE,125.0,SE,0.0002,s1,0,24.8513,0,50000000.0
2438,,ts51,4.0,4,8,36.5833,-104.0351,operational_ts_node,Glorieta1,s88,NM,1834.0,-106.3594,35.3315,4.0,4,8,4,0.0,s88,ts51 - s88,ts_node_to_storage,storage,N,,,RM,125.0,RM,0.0002,s1,0,18.4114,0,50000000.0
2439,Central Plains Cement Company LLC,f1004385,3.0,2,4,39.1442,-94.3948,cement,,ts19,KS,,-96.5668,38.5117,0.0,3,4,2,,,f1004385 - ts19,source_to_ts_node,uniform_ts_node,N,,,GP,125.0,GP,0.0002,s1,0,18.4114,0,50000000.0
2440,HERCULES CEMENT STOCKERTOWN PLT QUARRY,f1006450,1.0,1,2,40.7504,-75.2711,cement,,ts41,PA,,-77.4375,40.0209,0.0,1,2,1,,,f1006450 - ts41,source_to_ts_node,uniform_ts_node,N,,,MA,125.0,MA,0.0003,s1,0,34.0206,0,50000000.0
2441,"POET Biorefining- Iowa Falls, LLC",f1003573,3.0,2,4,42.5072,-93.2804,ethanol,,ts25,MN,,-92.573,44.2227,0.0,3,4,2,,,f1003573 - ts25,source_to_ts_node,uniform_ts_node,N,,,GP,125.0,GP,0.0002,s1,0,18.4114,0,50000000.0
2442,,ts48,4.0,3,7,32.7688,-101.2617,operational_ts_node,,p4412,TX,,-102.841,31.5659,8.0,4,7,3,,,ts48 - p4412,ts_node_to_demand,co2_eor,N,,,SWCA,125.0,SWCA,0.0001,s1,0,23.8632,0,50000000.0
2443,SUWANNEE AMERICAN CEMENT,f1000533,2.0,3,5,29.9616,-82.8497,cement,Washita-Fredericksburg2,s216,FL,10473.0,-85.7796,30.511,0.0,2,5,3,0.0,s216,f1000533 - s216,source_to_storage,storage,N,,,SE,125.0,SE,0.0002,s1,0,24.8513,0,50000000.0
2444,Green Plains Mount Vernon LLC,f1003377,1.0,2,3,37.9098,-87.7265,ethanol,,ts31,KY,,-85.4315,38.0578,0.0,1,6,3,,,f1003377 - ts31,source_to_ts_node,uniform_ts_node,N,,,GL,125.0,GL,0.0002,s1,0,26.7893,0,50000000.0
2445,Valero Bloominburg Plant,f1002989,1.0,2,3,39.5975,-83.3904,ethanol,,ts32,IN,,-85.0039,40.9117,0.0,1,3,2,,,f1002989 - ts32,source_to_ts_node,uniform_ts_node,N,,,GL,125.0,GL,0.0002,s1,0,26.7893,0,50000000.0
2446,TERRA INTERNATIONAL (OKLAHOMA) LLC,f1005788,3.0,3,7,36.4372,-99.4711,ammonia,,hsm_cent3,,,-97.4936,35.5893,,3,7,3,,,f1005788 - hsm_cent3,source_to_hsm_cent,hsm_centroid,Y,,428475.3535,GP,125.0,GP,0.0002,s1,0,18.4114,0,50000000.0
2447,Thomas Hill         ,fpp2168.03    ,3.0,2,4,39.552,-92.638,pp_coal,,ts24,IA,,-92.7128,41.3438,0.0,3,4,2,,,fpp2168.03     - ts24,source_to_ts_node,uniform_ts_node,N,,,GP,125.0,GP,0.0002,s1,0,18.4114,0,50000000.0
2448,CEMEX CONSTRUCTION MATERIALS ATLANTIC LLC,f1004721,1.0,3,6,36.0225,-83.8344,cement,,ts30,TN,,-85.8272,35.2015,0.0,1,6,3,,,f1004721 - ts30,source_to_ts_node,uniform_ts_node,N,,,SE,125.0,SE,0.0002,s1,0,24.8513,0,50000000.0
2449,"Marquis Energy - Wisconsin, LLC",f1005051,1.0,2,3,43.9919,-90.0722,ethanol,,ts25,MN,,-92.573,44.2227,0.0,3,4,2,,,f1005051 - ts25,source_to_ts_node,uniform_ts_node,N,,,GL,150.0,GL,0.0002,s1,0,33.0483,0,50000000.0
2450,,ts28,1.0,2,3,41.1859,-88.8466,uniform_ts_node,Knox3,s94,IN,4930.0,-87.1143,38.6993,0.0,1,3,2,0.0,s94,ts28 - s94,ts_node_to_storage,storage,N,,,GL,150.0,GL,0.0002,s1,0,33.0483,0,50000000.0
2451,Dyno Nobel Louisiana Ammonia LLC,f1012698,2.0,3,7,29.9648,-90.2646,ammonia,,hsm_cent2,,,-91.9594,31.0438,,2,7,3,,,f1012698 - hsm_cent2,source_to_hsm_cent,hsm_centroid,Y,,283013.5493,SE,150.0,SE,0.0002,s1,0,30.6015,0,50000000.0
2452,,nat011,2.0,3,6,32.23,-89.5,nat_co2_field,,ts45,LA,,-90.7576,30.7654,0.0,2,7,3,,,nat011 - ts45,nat_co2_to_ts_node,operational_ts_node,N,Jackson Dome,,SE,150.0,SE,0.0002,s1,0,30.6015,0,50000000.0
2453,BIG RIVER RESOURCES WEST BURLINGTON LLC,f1002443,3.0,2,4,40.8312,-91.2206,ethanol,,ts28,IL,,-88.8466,41.1859,0.0,1,3,2,,,f1002443 - ts28,source_to_ts_node,uniform_ts_node,N,,,GP,150.0,GP,0.0001,s1,0,23.1965,0,50000000.0
2454,"Hankinson Renewable Energy, LLC",f1004702,6.0,2,4,46.0732,-96.8868,ethanol,,ts21,SD,,-96.615,44.2654,0.0,6,4,2,,,f1004702 - ts21,source_to_ts_node,uniform_ts_node,N,,,GP,150.0,GP,0.0001,s1,0,23.1965,0,50000000.0
2455,"GOLDEN GRAIN ENERGY, LLC",f1002560,3.0,2,4,43.112,-93.231,ethanol,,ts24,IA,,-92.7128,41.3438,0.0,3,4,2,,,f1002560 - ts24,source_to_ts_node,uniform_ts_node,N,,,GP,150.0,GP,0.0001,s1,0,23.1965,0,50000000.0
2456,"SIOUXLAND ETHANOL, LLC",f1005683,3.0,2,4,42.452,-96.5918,ethanol,,ts21,SD,,-96.615,44.2654,0.0,6,4,2,,,f1005683 - ts21,source_to_ts_node,uniform_ts_node,N,,,GP,150.0,GP,0.0001,s1,0,23.1965,0,50000000.0
2457,,ts27,1.0,2,3,38.321,-89.1261,uniform_ts_node,Mount Simon6,s139,IN,29370.0,-86.0531,40.2057,0.0,1,3,2,0.0,s139,ts27 - s139,ts_node_to_storage,storage,N,,,GL,150.0,GL,0.0002,s1,0,33.0483,0,50000000.0
2458,,ts28,1.0,2,3,41.1859,-88.8466,uniform_ts_node,Mount Simon5,s138,IN,5054.0,-86.9464,38.7475,0.0,1,3,2,0.0,s138,ts28 - s138,ts_node_to_storage,storage,N,,,GL,150.0,GL,0.0002,s1,0,33.0483,0,50000000.0
2459,,ts56,5.0,4,8,43.6569,-106.2405,operational_ts_node,Entrada7,s56,NE,8564.0,-103.2372,41.6698,0.0,3,4,2,0.0,s56,ts56 - s56,ts_node_to_storage,storage,N,,,RM,150.0,RM,0.0001,s1,0,23.1965,0,50000000.0
2460,,ts56,5.0,4,8,43.6569,-106.2405,operational_ts_node,Dakota10,s45,NE,8564.0,-103.2372,41.6698,0.0,3,4,2,0.0,s45,ts56 - s45,ts_node_to_storage,storage,N,,,RM,150.0,RM,0.0001,s1,0,23.1965,0,50000000.0
2461,CONVERSE CENTRAL FACILITY,f1009181,2.0,3,7,31.9551,-93.6817,ng_processing,,ts46,TX,,-93.8362,30.1309,3.0,2,7,3,,,f1009181 - ts46,source_to_ts_node,operational_ts_node,N,,,SE,150.0,SE,0.0002,s1,0,30.6015,0,50000000.0
2462,,ts31,1.0,3,6,38.0578,-85.4315,uniform_ts_node,Knox2,s93,IL,5560.0,-88.4987,38.1531,0.0,1,3,2,0.0,s93,ts31 - s93,ts_node_to_storage,storage,N,,,SE,150.0,SE,0.0002,s1,0,30.6015,0,50000000.0
2463,"KOCH FERTILIZER BEATRICE, LLC",f1006575,3.0,2,4,40.3191,-96.8414,ammonia,,ts19,KS,,-96.5668,38.5117,0.0,3,4,2,,,f1006575 - ts19,source_to_ts_node,uniform_ts_node,N,,,GP,150.0,GP,0.0001,s1,0,23.1965,0,50000000.0
2464,facility_pp_natgas_1943,fc1943_cluster,,1,2,40.3855,-79.806,pp_natgas,,ts41,PA,,-77.4375,40.0209,0.0,1,2,1,,,fc1943_cluster - ts41,source_to_ts_node,uniform_ts_node,N,,,MA,150.0,MA,0.0004,s1,0,41.7041,0,50000000.0
2465,,ts71,3.0,2,4,41.4985,-103.1277,uniform_ts_node,Madison1,s118,WY,27700.0,-105.6614,43.8523,0.0,5,8,4,0.0,s118,ts71 - s118,ts_node_to_storage,storage,N,,,GP,150.0,GP,0.0001,s1,0,23.1965,0,50000000.0
2466,,ts72,2.0,3,7,29.0,-97.5,uniform_ts_node,Woodbine1,s228,TX,13575.0,-95.5742,31.6981,6.0,2,7,3,0.0,s228,ts72 - s228,ts_node_to_storage,storage,N,,,SWCA,150.0,SWCA,0.0001,s1,0,29.5623,0,50000000.0
2467,BATTLEFIELD GAS PLANT,f1009840,2.0,3,7,31.9678,-93.6731,ng_processing,,ts46,TX,,-93.8362,30.1309,3.0,2,7,3,,,f1009840 - ts46,source_to_ts_node,operational_ts_node,N,,,SE,150.0,SE,0.0002,s1,0,30.6015,0,50000000.0
2468,SUWANNEE AMERICAN CEMENT,f1000533,2.0,3,5,29.9616,-82.8497,cement,Lower Tuscaloosa3,s103,FL,9454.0,-85.8026,30.513,0.0,2,5,3,0.0,s103,f1000533 - s103,source_to_storage,storage,N,,,SE,150.0,SE,0.0002,s1,0,30.6015,0,50000000.0
2469,ALAMO GAS PLANT,f1012815,2.0,3,7,31.2816,-95.5197,ng_processing,,ts46,TX,,-93.8362,30.1309,3.0,2,7,3,,,f1012815 - ts46,source_to_ts_node,operational_ts_node,N,,,SWCA,150.0,SWCA,0.0001,s1,0,29.5623,0,50000000.0
2470,facility_cement_1997,fc1997_cluster,,4,9,34.7177,-117.6125,cement,,ts4,CA,,-118.4952,36.4119,0.0,7,9,4,,,fc1997_cluster - ts4,source_to_ts_node,uniform_ts_node,N,,,SWCA,150.0,SWCA,0.0001,s1,0,29.5623,0,50000000.0
2471,,nat005,2.0,3,7,30.842,-97.2495,nat_co2_field,,ts72,TX,,-97.5,29.0,2.0,2,7,3,,,nat005 - ts72,nat_co2_to_ts_node,uniform_ts_node,N,Val Verde,,SWCA,150.0,SWCA,0.0001,s1,0,29.5623,0,50000000.0
2472,,ts58,4.0,3,7,32.575,-97.3799,uniform_ts_node,,p4506,TX,,-99.5831,32.7198,72.0,4,7,3,,,ts58 - p4506,ts_node_to_demand,co2_eor,N,,,SWCA,150.0,SWCA,0.0001,s1,0,29.5623,0,50000000.0
2473,SOUTH EDDY CRYO PLANT,f1012463,4.0,4,8,32.1613,-103.8284,ng_processing,,ts47,NM,,-104.5168,33.918,4.0,4,8,4,,,f1012463 - ts47,source_to_ts_node,operational_ts_node,N,,,RM,150.0,RM,0.0001,s1,0,23.1965,0,50000000.0
2474,VALERO ALBERT CITY PLANT,f1002505,3.0,2,4,42.7754,-94.9424,ethanol,,ts20,NE,,-96.5899,41.3846,0.0,3,4,2,,,f1002505 - ts20,source_to_ts_node,uniform_ts_node,N,,,GP,150.0,GP,0.0001,s1,0,23.1965,0,50000000.0
2475,,ts15,6.0,4,8,46.0614,-113.3399,uniform_ts_node,Basal Cambrian1,s7,MT,8799.0,-111.3409,48.4353,0.0,6,8,4,0.0,s7,ts15 - s7,ts_node_to_storage,storage,N,,,RM,150.0,RM,0.0001,s1,0,23.1965,0,50000000.0
2476,Iowa Fertilizer Company,f1012918,3.0,2,4,40.69,-91.23,ammonia,,ts28,IL,,-88.8466,41.1859,0.0,1,3,2,,,f1012918 - ts28,source_to_ts_node,uniform_ts_node,N,,,GP,150.0,GP,0.0001,s1,0,23.1965,0,50000000.0
2477,Poet Biorefining-Big Stone,f1004713,6.0,2,4,45.3013,-96.5114,ethanol,,ts22,MN,,-96.6423,47.1634,0.0,3,4,2,,,f1004713 - ts22,source_to_ts_node,uniform_ts_node,N,,,GP,150.0,GP,0.0001,s1,0,23.1965,0,50000000.0
2478,PHOENIX CEMENT COMPANY\S CLARKDALE FACILITY,f1003643,5.0,4,8,34.7814,-112.0827,cement,,ts8,CA,,-114.2466,34.2129,0.0,7,9,4,,,f1003643 - ts8,source_to_ts_node,uniform_ts_node,N,,,SWCA,150.0,SWCA,0.0001,s1,0,29.5623,0,50000000.0
2479,MOUNTAIN CEMENT CO,f1005978,5.0,4,8,41.2611,-105.6032,cement,,ts71,NE,,-103.1277,41.4985,0.0,3,4,2,,,f1005978 - ts71,source_to_ts_node,uniform_ts_node,N,,,RM,150.0,RM,0.0001,s1,0,23.1965,0,50000000.0
2480,,ts51,4.0,4,8,36.5833,-104.0351,operational_ts_node,Dakota8,s43,CO,22831.0,-103.8294,39.9554,0.0,5,8,4,0.0,s43,ts51 - s43,ts_node_to_storage,storage,N,,,RM,150.0,RM,0.0001,s1,0,23.1965,0,50000000.0
2481,LEHIGH CEMENT CO LLC,f1006136,1.0,2,3,40.7345,-86.4334,cement,,ts28,IL,,-88.8466,41.1859,0.0,1,3,2,,,f1006136 - ts28,source_to_ts_node,uniform_ts_node,N,,,GL,150.0,GL,0.0002,s1,0,33.0483,0,50000000.0
2482,LOUIS DREYFUS COMMODITIES GRAND JUNCTION LLC,f1003855,3.0,2,4,42.052,-94.2423,ethanol,,ts20,NE,,-96.5899,41.3846,0.0,3,4,2,,,f1003855 - ts20,source_to_ts_node,uniform_ts_node,N,,,GP,150.0,GP,0.0001,s1,0,23.1965,0,50000000.0
2483,Green Plains York LLC,f1006694,3.0,2,4,40.6987,-97.5674,ethanol,,hsm_cent3,,,-99.7956,41.5355,,3,4,2,,,f1006694 - hsm_cent3,source_to_hsm_cent,hsm_centroid,Y,,287927.8492,GP,150.0,GP,0.0001,s1,0,23.1965,0,50000000.0
2484,THE ANDERSONS MARATHON HOLDINGS LLC IN,f1005969,1.0,2,3,40.719,-86.436,ethanol,,ts28,IL,,-88.8466,41.1859,0.0,1,3,2,,,f1005969 - ts28,source_to_ts_node,uniform_ts_node,N,,,GL,150.0,GL,0.0002,s1,0,33.0483,0,50000000.0
2485,Holcim (US) Inc,f1004810,2.0,3,6,30.5349,-88.1121,cement,Lower Tuscaloosa7,s107,LA,2857.0,-90.4419,30.7702,0.0,2,7,3,0.0,s107,f1004810 - s107,source_to_storage,storage,N,,,SE,150.0,SE,0.0002,s1,0,30.6015,0,50000000.0
2486,ROADRUNNER GAS PROCESSING PLANT,f1013364,4.0,4,8,32.2659,-104.1124,ng_processing,,ts68,TX,,-106.2709,31.8461,8.0,4,7,3,,,f1013364 - ts68,source_to_ts_node,uniform_ts_node,N,,,RM,150.0,RM,0.0001,s1,0,23.1965,0,50000000.0
2487,MOUNTAIN CEMENT CO,f1005978,5.0,4,8,41.2611,-105.6032,cement,,ts59,CO,,-103.5956,40.1656,0.0,5,8,4,,,f1005978 - ts59,source_to_ts_node,uniform_ts_node,N,,,RM,150.0,RM,0.0001,s1,0,23.1965,0,50000000.0
2488,James H Miller Jr   ,fpp6002.03    ,2.0,3,6,33.632,-87.06,pp_coal,,ts30,TN,,-85.8272,35.2015,0.0,1,6,3,,,fpp6002.03     - ts30,source_to_ts_node,uniform_ts_node,N,,,SE,150.0,SE,0.0002,s1,0,30.6015,0,50000000.0
2489,James H Miller Jr   ,fpp6002.04    ,2.0,3,6,33.632,-87.06,pp_coal,,ts30,TN,,-85.8272,35.2015,0.0,1,6,3,,,fpp6002.04     - ts30,source_to_ts_node,uniform_ts_node,N,,,SE,150.0,SE,0.0002,s1,0,30.6015,0,50000000.0
2490,Tate & Lyle-Loudon,f1000401,1.0,3,6,35.7433,-84.3208,ethanol,,ts35,SC,,-82.2981,34.8411,0.0,1,5,3,,,f1000401 - ts35,source_to_ts_node,uniform_ts_node,N,,,SE,150.0,SE,0.0002,s1,0,30.6015,0,50000000.0
2491,LEHIGH CEMENT CO LLC,f1005352,3.0,2,4,43.1788,-93.2118,cement,,ts24,IA,,-92.7128,41.3438,0.0,3,4,2,,,f1005352 - ts24,source_to_ts_node,uniform_ts_node,N,,,GP,150.0,GP,0.0001,s1,0,23.1965,0,50000000.0
2492,,ts54,6.0,4,8,45.1121,-104.9217,operational_ts_node,,p3302,WY,,-106.124,43.4396,0.0,5,8,4,,,ts54 - p3302,ts_node_to_demand,co2_eor,N,,,RM,150.0,RM,0.0001,s1,0,23.1965,0,50000000.0
2493,facility_pp_natgas_1964,fc1964_cluster,,3,5,38.1512,-77.4353,pp_natgas,,ts41,PA,,-77.4375,40.0209,0.0,1,2,1,,,fc1964_cluster - ts41,source_to_ts_node,uniform_ts_node,N,,,MA,150.0,MA,0.0004,s1,0,41.7041,0,50000000.0
2494,,ts56,5.0,4,8,43.6569,-106.2405,operational_ts_node,,p3402,WY,,-108.714,44.2821,0.0,5,8,4,,,ts56 - p3402,ts_node_to_demand,co2_eor,N,,,RM,150.0,RM,0.0001,s1,0,23.1965,0,50000000.0
2495,"Valero Renewable Fuels Campany LLC, dba Valero Albion Plant",f1003150,3.0,2,4,41.6775,-97.9822,ethanol,,ts17,NE,,-100.4651,41.3081,0.0,3,4,2,,,f1003150 - ts17,source_to_ts_node,uniform_ts_node,N,,,GP,150.0,GP,0.0001,s1,0,23.1965,0,50000000.0
2496,facility_pp_natgas_1975,fc1975_cluster,,2,3,39.7381,-86.5129,pp_natgas,,ts31,KY,,-85.4315,38.0578,0.0,1,6,3,,,fc1975_cluster - ts31,source_to_ts_node,uniform_ts_node,N,,,GL,150.0,GL,0.0002,s1,0,33.0483,0,50000000.0
2497,,ts54,6.0,4,8,45.1121,-104.9217,operational_ts_node,Madison Gp-Mission Canyon2,s115,ND,3536.0,-103.4377,47.2542,0.0,6,4,2,0.0,s115,ts54 - s115,ts_node_to_storage,storage,N,,,RM,150.0,RM,0.0001,s1,0,23.1965,0,50000000.0
2498,,ts48,4.0,3,7,32.7688,-101.2617,operational_ts_node,Canyon2,s18,NM,8502.0,-103.846,34.6309,4.0,4,8,4,0.0,s18,ts48 - s18,ts_node_to_storage,storage,N,,,SWCA,150.0,SWCA,0.0001,s1,0,29.5623,0,50000000.0
2499,,ts48,4.0,3,7,32.7688,-101.2617,operational_ts_node,Wolfcamp2,s227,NM,8502.0,-103.846,34.6309,4.0,4,8,4,0.0,s227,ts48 - s227,ts_node_to_storage,storage,N,,,SWCA,150.0,SWCA,0.0001,s1,0,29.5623,0,50000000.0
2500,facility_pp_coal_1935,fc1935_cluster,,3,6,33.5544,-86.9396,pp_coal,,ts30,TN,,-85.8272,35.2015,0.0,1,6,3,,,fc1935_cluster - ts30,source_to_ts_node,uniform_ts_node,N,,,SE,150.0,SE,0.0002,s1,0,30.6015,0,50000000.0
2501,facility_pp_coal_1926,fc1926_cluster,,3,5,39.3094,-80.5448,pp_coal,,ts36,WV,,-81.7687,37.6841,0.0,1,5,3,,,fc1926_cluster - ts36,source_to_ts_node,uniform_ts_node,N,,,MA,150.0,MA,0.0004,s1,0,41.7041,0,50000000.0
2502,,ts32,1.0,2,3,40.9117,-85.0039,uniform_ts_node,Mount Simon3,s136,IL,20633.0,-89.239,39.9199,0.0,1,3,2,0.0,s136,ts32 - s136,ts_node_to_storage,storage,N,,,GL,150.0,GL,0.0002,s1,0,33.0483,0,50000000.0
2503,,ts71,3.0,2,4,41.4985,-103.1277,uniform_ts_node,Nugget2,s154,WY,22707.0,-108.4889,41.8307,0.0,5,8,4,0.0,s154,ts71 - s154,ts_node_to_storage,storage,N,,,GP,150.0,GP,0.0001,s1,0,23.1965,0,50000000.0
2504,,ts24,3.0,2,4,41.3438,-92.7128,uniform_ts_node,Mount Simon3,s136,IL,20633.0,-89.239,39.9199,0.0,1,3,2,0.0,s136,ts24 - s136,ts_node_to_storage,storage,N,,,GP,150.0,GP,0.0001,s1,0,23.1965,0,50000000.0
2505,PRYOR CHEMICAL COMPANY,f1005867,3.0,3,7,36.2412,-95.2783,ammonia,,hsm_cent3,,,-97.4936,35.5893,,3,7,3,,,f1005867 - hsm_cent3,source_to_hsm_cent,hsm_centroid,Y,,95043.5034,GP,150.0,GP,0.0001,s1,0,23.1965,0,50000000.0
2506,facility_pp_natgas_1945,fc1945_cluster,,4,8,36.0224,-114.9251,pp_natgas,,ts8,CA,,-114.2466,34.2129,0.0,7,9,4,,,fc1945_cluster - ts8,source_to_ts_node,uniform_ts_node,N,,,RM,150.0,RM,0.0001,s1,0,23.1965,0,50000000.0
2507,RED HILLS GAS PROCESSING PLANT,f1011064,4.0,4,8,32.2104,-103.5214,ng_processing,,ts47,NM,,-104.5168,33.918,4.0,4,8,4,,,f1011064 - ts47,source_to_ts_node,operational_ts_node,N,,,RM,150.0,RM,0.0001,s1,0,23.1965,0,50000000.0
2508,facility_pp_natgas_1951,fc1951_cluster,,3,7,30.6883,-96.4717,pp_natgas,,ts72,TX,,-97.5,29.0,2.0,2,7,3,,,fc1951_cluster - ts72,source_to_ts_node,uniform_ts_node,N,,,SWCA,150.0,SWCA,0.0001,s1,0,29.5623,0,50000000.0
2509,CAMPO VIEJO GAS PROCESSING PLANT,f1013609,4.0,3,7,33.1499,-102.9912,ng_processing,,ts49,TX,,-102.0845,31.404,73.0,4,7,3,,,f1013609 - ts49,source_to_ts_node,operational_ts_node,N,,,SWCA,150.0,SWCA,0.0001,s1,0,29.5623,0,50000000.0
2510,Valero Bloominburg Plant,f1002989,1.0,2,3,39.5975,-83.3904,ethanol,,ts37,OH,,-81.1971,40.5228,0.0,1,3,2,,,f1002989 - ts37,source_to_ts_node,uniform_ts_node,N,,,GL,150.0,GL,0.0002,s1,0,33.0483,0,50000000.0
2511,Velma Gas Plant,f1007903,3.0,3,7,34.4615,-97.6905,ng_processing,,ts58,TX,,-97.3799,32.575,5.0,4,7,3,,,f1007903 - ts58,source_to_ts_node,uniform_ts_node,N,,,GP,150.0,GP,0.0001,s1,0,23.1965,0,50000000.0
2512,,ts66,3.0,3,7,35.3989,-100.6543,uniform_ts_node,Canyon2,s18,NM,8502.0,-103.846,34.6309,4.0,4,8,4,0.0,s18,ts66 - s18,ts_node_to_storage,storage,N,,,SWCA,150.0,SWCA,0.0001,s1,0,29.5623,0,50000000.0
2513,,ts66,3.0,3,7,35.3989,-100.6543,uniform_ts_node,Wolfcamp2,s227,NM,8502.0,-103.846,34.6309,4.0,4,8,4,0.0,s227,ts66 - s227,ts_node_to_storage,storage,N,,,SWCA,150.0,SWCA,0.0001,s1,0,29.5623,0,50000000.0
2514,"Valero Renewable Fuels Company, LLC d/b/a Valero Mt. Vernon Plant",f1006490,1.0,2,3,37.9336,-87.8734,ethanol,,ts31,KY,,-85.4315,38.0578,0.0,1,6,3,,,f1006490 - ts31,source_to_ts_node,uniform_ts_node,N,,,GL,150.0,GL,0.0002,s1,0,33.0483,0,50000000.0
2515,ZIA II GAS PLANT,f1011356,4.0,4,8,32.643,-103.8089,ng_processing,,ts49,TX,,-102.0845,31.404,73.0,4,7,3,,,f1011356 - ts49,source_to_ts_node,operational_ts_node,N,,,RM,150.0,RM,0.0001,s1,0,23.1965,0,50000000.0
2516,,ts71,3.0,2,4,41.4985,-103.1277,uniform_ts_node,Minnelusa1,s122,WY,9960.0,-105.7231,43.9693,0.0,5,8,4,0.0,s122,ts71 - s122,ts_node_to_storage,storage,N,,,GP,150.0,GP,0.0001,s1,0,23.1965,0,50000000.0
2517,,ts19,3.0,2,4,38.5117,-96.5668,uniform_ts_node,,p5309,KS,,-99.0321,38.6058,0.0,3,4,2,,,ts19 - p5309,ts_node_to_demand,co2_eor,N,,,GP,150.0,GP,0.0001,s1,0,23.1965,0,50000000.0
2518,Holcim (US) Inc. - Portland Plant,f1003008,5.0,4,8,38.3286,-105.009,cement,,ts51,NM,,-104.0351,36.5833,4.0,4,8,4,,,f1003008 - ts51,source_to_ts_node,operational_ts_node,N,,,RM,150.0,RM,0.0001,s1,0,23.1965,0,50000000.0
2519,,ts50,4.0,4,8,36.9785,-108.1461,operational_ts_node,Glorieta1,s88,NM,1834.0,-106.3594,35.3315,4.0,4,8,4,0.0,s88,ts50 - s88,ts_node_to_storage,storage,N,,,RM,150.0,RM,0.0001,s1,0,23.1965,0,50000000.0
2520,ADM CORN PROCESSING,f1006208,3.0,2,4,41.8196,-90.2122,ethanol,,ts24,IA,,-92.7128,41.3438,0.0,3,4,2,,,f1006208 - ts24,source_to_ts_node,uniform_ts_node,N,,,GP,150.0,GP,0.0001,s1,0,23.1965,0,50000000.0
2521,FREEPORT LNG PRETREATMENT FACILITY,f1013753,2.0,3,7,28.9849,-95.3087,ng_processing,,ts72,TX,,-97.5,29.0,2.0,2,7,3,,,f1013753 - ts72,source_to_ts_node,uniform_ts_node,N,,,SWCA,150.0,SWCA,0.0001,s1,0,29.5623,0,50000000.0
2522,ROADRUNNER GAS PROCESSING PLANT,f1013364,4.0,4,8,32.2659,-104.1124,ng_processing,,ts49,TX,,-102.0845,31.404,73.0,4,7,3,,,f1013364 - ts49,source_to_ts_node,operational_ts_node,N,,,RM,150.0,RM,0.0001,s1,0,23.1965,0,50000000.0
2523,LONE STAR INDUSTRIES INC,f1005302,1.0,2,3,39.6166,-86.8686,cement,,ts32,IN,,-85.0039,40.9117,0.0,1,3,2,,,f1005302 - ts32,source_to_ts_node,uniform_ts_node,N,,,GL,150.0,GL,0.0002,s1,0,33.0483,0,50000000.0
2524,VALERO ALBERT CITY PLANT,f1002505,3.0,2,4,42.7754,-94.9424,ethanol,,ts21,SD,,-96.615,44.2654,0.0,6,4,2,,,f1002505 - ts21,source_to_ts_node,uniform_ts_node,N,,,GP,150.0,GP,0.0001,s1,0,23.1965,0,50000000.0
2525,LONE STAR INDUSTRIES INC,f1005302,1.0,2,3,39.6166,-86.8686,cement,,ts31,KY,,-85.4315,38.0578,0.0,1,6,3,,,f1005302 - ts31,source_to_ts_node,uniform_ts_node,N,,,GL,150.0,GL,0.0002,s1,0,33.0483,0,50000000.0
2526,,ts67,3.0,3,7,33.2042,-93.5084,uniform_ts_node,Eutaw1,s59,MS,29518.0,-89.8942,31.9943,0.0,2,6,3,0.0,s59,ts67 - s59,ts_node_to_storage,storage,N,,,SE,150.0,SE,0.0002,s1,0,30.6015,0,50000000.0
2527,"GCC RIO GRANDE, INC. TIJERAS PLANT",f1009018,4.0,4,8,35.0713,-106.3923,cement,,ts47,NM,,-104.5168,33.918,4.0,4,8,4,,,f1009018 - ts47,source_to_ts_node,operational_ts_node,N,,,RM,150.0,RM,0.0001,s1,0,23.1965,0,50000000.0
2528,TARGA WILDCAT GAS PROCESSING PLANT,f1013183,4.0,3,7,31.8052,-103.2412,ng_processing,,ts48,TX,,-101.2617,32.7688,81.0,4,7,3,,,f1013183 - ts48,source_to_ts_node,operational_ts_node,N,,,SWCA,150.0,SWCA,0.0001,s1,0,29.5623,0,50000000.0
2529,MT. OLIVE GAS PLANT,f1012151,2.0,3,7,32.5742,-92.6816,ng_processing,,ts52,MS,,-90.388,32.6973,0.0,2,6,3,,,f1012151 - ts52,source_to_ts_node,operational_ts_node,N,,,SE,150.0,SE,0.0002,s1,0,30.6015,0,50000000.0
2530,,ts23,3.0,2,4,38.4726,-92.8416,uniform_ts_node,Mount Simon3,s136,IL,20633.0,-89.239,39.9199,0.0,1,3,2,0.0,s136,ts23 - s136,ts_node_to_storage,storage,N,,,GP,150.0,GP,0.0001,s1,0,23.1965,0,50000000.0
2531,facility_pp_natgas_1953,fc1953_cluster,,3,7,33.6792,-92.3787,pp_natgas,,ts52,MS,,-90.388,32.6973,0.0,2,6,3,,,fc1953_cluster - ts52,source_to_ts_node,operational_ts_node,N,,,SE,150.0,SE,0.0002,s1,0,30.6015,0,50000000.0
2532,facility_pp_coal_1940,fc1940_cluster,,2,4,39.0692,-95.2106,pp_coal,,ts23,MO,,-92.8416,38.4726,0.0,3,4,2,,,fc1940_cluster - ts23,source_to_ts_node,uniform_ts_node,N,,,GP,150.0,GP,0.0001,s1,0,23.1965,0,50000000.0
2533,facility_pp_coal_1934,fc1934_cluster,,2,3,39.0042,-85.2895,pp_coal,,ts32,IN,,-85.0039,40.9117,0.0,1,3,2,,,fc1934_cluster - ts32,source_to_ts_node,uniform_ts_node,N,,,GL,150.0,GL,0.0002,s1,0,33.0483,0,50000000.0
2534,COFFEYVILLE RESOURCES NITROGEN FERT.,f1002170,3.0,2,4,37.0454,-95.6052,ammonia,,ts62,MO,,-93.1948,36.7476,0.0,3,4,2,,,f1002170 - ts62,source_to_ts_node,uniform_ts_node,N,,,GP,150.0,GP,0.0001,s1,0,23.1965,0,50000000.0
2535,,ts67,3.0,3,7,33.2042,-93.5084,uniform_ts_node,Lower Tuscaloosa8,s108,MS,13379.0,-89.9133,32.3322,0.0,2,6,3,0.0,s108,ts67 - s108,ts_node_to_storage,storage,N,,,SE,150.0,SE,0.0002,s1,0,30.6015,0,50000000.0
2536,facility_pp_natgas_1955,fc1955_cluster,,3,7,30.44,-92.9786,pp_natgas,,ts45,LA,,-90.7576,30.7654,0.0,2,7,3,,,fc1955_cluster - ts45,source_to_ts_node,operational_ts_node,N,,,SE,150.0,SE,0.0002,s1,0,30.6015,0,50000000.0
2537,"East Dubuque Nitrogen Fertilizers, LLC",f1005502,1.0,2,3,42.4431,-90.5569,ammonia,,ts24,IA,,-92.7128,41.3438,0.0,3,4,2,,,f1005502 - ts24,source_to_ts_node,uniform_ts_node,N,,,GL,150.0,GL,0.0002,s1,0,33.0483,0,50000000.0
2538,Longview Power Plant,fpp56671.0MKA01,1.0,3,5,39.708,-79.959,pp_coal,,ts41,PA,,-77.4375,40.0209,0.0,1,2,1,,,fpp56671.0MKA01 - ts41,source_to_ts_node,uniform_ts_node,N,,,MA,150.0,MA,0.0004,s1,0,41.7041,0,50000000.0
2539,facility_pp_coal_1929,fc1929_cluster,,1,1,43.1195,-71.1265,pp_coal,,ts44,VT,,-71.8379,44.9967,0.0,1,1,1,,,fc1929_cluster - ts44,source_to_ts_node,uniform_ts_node,N,,,NE,150.0,NE,0.0004,s1,0,53.0629,0,50000000.0
2540,facility_cement_1998,fc1998_cluster,,3,5,32.6372,-80.6053,cement,,ts34,GA,,-82.7898,31.9873,0.0,1,5,3,,,fc1998_cluster - ts34,source_to_ts_node,uniform_ts_node,N,,,SE,150.0,SE,0.0002,s1,0,30.6015,0,50000000.0
2541,"CF Industries Nitrogen, LLC-Port Neal Nitrogen Complex",f1006005,3.0,2,4,42.3279,-96.3649,ammonia,,ts21,SD,,-96.615,44.2654,0.0,6,4,2,,,f1006005 - ts21,source_to_ts_node,uniform_ts_node,N,,,GP,150.0,GP,0.0001,s1,0,23.1965,0,50000000.0
2542,GCC DACOTAH,f1004539,6.0,2,4,44.089,-103.2676,cement,,ts57,SD,,-100.7778,44.9071,0.0,6,4,2,,,f1004539 - ts57,source_to_ts_node,uniform_ts_node,N,,,GP,150.0,GP,0.0001,s1,0,23.1965,0,50000000.0
2543,,ts45,2.0,3,7,30.7654,-90.7576,operational_ts_node,,ts52,,,-90.388,32.6973,,2,6,3,,,ts45 - ts52,ts_node_to_ts_node,operational_ts_node,N,,0.0,SE,150.0,SE,0.0002,s1,0,30.6015,0,50000000.0
2544,,ts52,2.0,3,6,32.6973,-90.388,operational_ts_node,,ts45,,,-90.7576,30.7654,,2,7,3,,,ts52 - ts45,ts_node_to_ts_node,operational_ts_node,Y,,18331113.8319,SE,150.0,SE,0.0002,s1,0,30.6015,0,50000000.0
2545,"South Bend Ethanol, LLC.",f1000415,1.0,2,3,41.6552,-86.2962,ethanol,,ts28,IL,,-88.8466,41.1859,0.0,1,3,2,,,f1000415 - ts28,source_to_ts_node,uniform_ts_node,N,,,GL,150.0,GL,0.0002,s1,0,33.0483,0,50000000.0
2546,EL DORADO CHEMICAL COMPANY,f1003993,3.0,3,7,33.2252,-92.6471,ammonia,,ts52,MS,,-90.388,32.6973,0.0,2,6,3,,,f1003993 - ts52,source_to_ts_node,operational_ts_node,N,,,SE,150.0,SE,0.0002,s1,0,30.6015,0,50000000.0
2547,ARTESIA GAS PLANT,f1002515,4.0,4,8,32.7564,-104.2111,ng_processing,,ts68,TX,,-106.2709,31.8461,8.0,4,7,3,,,f1002515 - ts68,source_to_ts_node,uniform_ts_node,N,,,RM,150.0,RM,0.0001,s1,0,23.1965,0,50000000.0
2548,,ts53,5.0,4,8,42.1067,-108.417,operational_ts_node,Madison1,s118,WY,27700.0,-105.6614,43.8523,0.0,5,8,4,0.0,s118,ts53 - s118,ts_node_to_storage,storage,N,,,RM,150.0,RM,0.0001,s1,0,23.1965,0,50000000.0
2549,facility_pp_coal_1938,fc1938_cluster,,2,4,41.4969,-91.4426,pp_coal,,ts28,IL,,-88.8466,41.1859,0.0,1,3,2,,,fc1938_cluster - ts28,source_to_ts_node,uniform_ts_node,N,,,GP,150.0,GP,0.0001,s1,0,23.1965,0,50000000.0
2550,NACOGDOCHES AMINE AND DEHYDRATION PLANT,f1013396,2.0,3,7,31.4888,-94.6387,ng_processing,,ts67,AR,,-93.5084,33.2042,0.0,3,7,3,,,f1013396 - ts67,source_to_ts_node,uniform_ts_node,N,,,SWCA,150.0,SWCA,0.0001,s1,0,29.5623,0,50000000.0
2551,facility_ammonia_2003,fc2003_cluster,,3,2,41.8328,-76.4434,ammonia,,ts41,PA,,-77.4375,40.0209,0.0,1,2,1,,,fc2003_cluster - ts41,source_to_ts_node,uniform_ts_node,N,,,MA,150.0,MA,0.0004,s1,0,41.7041,0,50000000.0
2552,facility_beccs_2012,fc2012_cluster,,1,2,41.8328,-76.4434,beccs,,ts41,PA,,-77.4375,40.0209,0.0,1,2,1,,,fc2012_cluster - ts41,source_to_ts_node,uniform_ts_node,N,,,MA,150.0,MA,0.0004,s1,0,41.7041,0,50000000.0
2553,facility_ng_processing_1984,fc1984_cluster,,4,2,41.8328,-76.4434,ng_processing,,ts41,PA,,-77.4375,40.0209,0.0,1,2,1,,,fc1984_cluster - ts41,source_to_ts_node,uniform_ts_node,N,,,MA,150.0,MA,0.0004,s1,0,41.7041,0,50000000.0
2554,RIVER CEMENT COMPANY DBA BUZZI UNICEM USA,f1003002,3.0,2,4,38.1804,-90.3366,cement,,ts23,MO,,-92.8416,38.4726,0.0,3,4,2,,,f1003002 - ts23,source_to_ts_node,uniform_ts_node,N,,,GP,150.0,GP,0.0001,s1,0,23.1965,0,50000000.0
2555,,ts64,5.0,4,8,42.2721,-112.1273,uniform_ts_node,Morrison7,s131,UT,8007.0,-110.0577,39.9471,0.0,5,8,4,0.0,s131,ts64 - s131,ts_node_to_storage,storage,N,,,RM,150.0,RM,0.0001,s1,0,23.1965,0,50000000.0
2556,RAMSEY GAS PLANT,f1010768,4.0,3,7,31.8775,-103.9376,ng_processing,,ts68,TX,,-106.2709,31.8461,8.0,4,7,3,,,f1010768 - ts68,source_to_ts_node,uniform_ts_node,N,,,SWCA,150.0,SWCA,0.0001,s1,0,29.5623,0,50000000.0
2557,Valero Hartley Plant,f1002690,3.0,2,4,43.1829,-95.5057,ethanol,,ts20,NE,,-96.5899,41.3846,0.0,3,4,2,,,f1002690 - ts20,source_to_ts_node,uniform_ts_node,N,,,GP,150.0,GP,0.0001,s1,0,23.1965,0,50000000.0
2558,RED HILLS GAS PROCESSING PLANT,f1011064,4.0,4,8,32.2104,-103.5214,ng_processing,,ts48,TX,,-101.2617,32.7688,81.0,4,7,3,,,f1011064 - ts48,source_to_ts_node,operational_ts_node,N,,,RM,150.0,RM,0.0001,s1,0,23.1965,0,50000000.0
2559,facility_ethanol_1914,fc1914_cluster,,3,7,34.6175,-102.0948,ethanol,,ts48,TX,,-101.2617,32.7688,81.0,4,7,3,,,fc1914_cluster - ts48,source_to_ts_node,operational_ts_node,N,,,SWCA,150.0,SWCA,0.0001,s1,0,29.5623,0,50000000.0
2560,,ts34,1.0,3,5,31.9873,-82.7898,uniform_ts_node,Washita-Fredericksburg2,s216,FL,10473.0,-85.7796,30.511,0.0,2,5,3,0.0,s216,ts34 - s216,ts_node_to_storage,storage,N,,,SE,150.0,SE,0.0002,s1,0,30.6015,0,50000000.0
2561,,ts65,1.0,3,6,35.2784,-89.5434,uniform_ts_node,Knox1,s92,IL,10500.0,-88.8089,38.8847,0.0,1,3,2,0.0,s92,ts65 - s92,ts_node_to_storage,storage,N,,,SE,150.0,SE,0.0002,s1,0,30.6015,0,50000000.0
2562,CONTINENTAL CEMENT COMPANY LLC,f1005987,3.0,2,4,39.6791,-91.3142,cement,,ts24,IA,,-92.7128,41.3438,0.0,3,4,2,,,f1005987 - ts24,source_to_ts_node,uniform_ts_node,N,,,GP,150.0,GP,0.0001,s1,0,23.1965,0,50000000.0
2563,WE HEREFORD LLC,f1004799,3.0,3,7,34.8219,-102.3704,ethanol,,ts47,NM,,-104.5168,33.918,4.0,4,8,4,,,f1004799 - ts47,source_to_ts_node,operational_ts_node,N,,,SWCA,150.0,SWCA,0.0001,s1,0,29.5623,0,50000000.0
2564,facility_pp_natgas_1967,fc1967_cluster,,3,5,33.8361,-84.852,pp_natgas,,ts70,AL,,-86.5671,32.4676,0.0,2,6,3,,,fc1967_cluster - ts70,source_to_ts_node,uniform_ts_node,N,,,SE,150.0,SE,0.0002,s1,0,30.6015,0,50000000.0
2565,,ts34,1.0,3,5,31.9873,-82.7898,uniform_ts_node,Paluxy5,s166,FL,9820.0,-85.851,30.5223,0.0,2,5,3,0.0,s166,ts34 - s166,ts_node_to_storage,storage,N,,,SE,150.0,SE,0.0002,s1,0,30.6015,0,50000000.0
2566,Valero Lakota Plant,f1005306,3.0,2,4,43.3839,-94.1471,ethanol,,ts21,SD,,-96.615,44.2654,0.0,6,4,2,,,f1005306 - ts21,source_to_ts_node,uniform_ts_node,N,,,GP,150.0,GP,0.0001,s1,0,23.1965,0,50000000.0
2567,facility_ng_processing_1991,fc1991_cluster,,2,3,46.9315,-103.7662,ng_processing,,ts54,MT,,-104.9217,45.1121,0.0,6,8,4,,,fc1991_cluster - ts54,source_to_ts_node,operational_ts_node,N,,,GP,150.0,GP,0.0001,s1,0,23.1965,0,50000000.0
2568,E ENERGY ADAMS,f1002962,3.0,2,4,40.4842,-96.5459,ethanol,,ts19,KS,,-96.5668,38.5117,0.0,3,4,2,,,f1002962 - ts19,source_to_ts_node,uniform_ts_node,N,,,GP,150.0,GP,0.0001,s1,0,23.1965,0,50000000.0
2569,,ts59,5.0,4,8,40.1656,-103.5956,uniform_ts_node,Nugget2,s154,WY,22707.0,-108.4889,41.8307,0.0,5,8,4,0.0,s154,ts59 - s154,ts_node_to_storage,storage,N,,,RM,150.0,RM,0.0001,s1,0,23.1965,0,50000000.0
2570,,ts17,3.0,2,4,41.3081,-100.4651,uniform_ts_node,,ts71,,,-103.1277,41.4985,,3,4,2,,,ts17 - ts71,ts_node_to_ts_node,uniform_ts_node,N,,,GP,150.0,GP,0.0001,s1,0,23.1965,0,50000000.0
2571,,ts71,3.0,2,4,41.4985,-103.1277,uniform_ts_node,,ts17,,,-100.4651,41.3081,,3,4,2,,,ts71 - ts17,ts_node_to_ts_node,uniform_ts_node,N,,,GP,150.0,GP,0.0001,s1,0,23.1965,0,50000000.0
2572,facility_pp_natgas_1981,fc1981_cluster,,2,4,37.0688,-94.648,pp_natgas,,ts23,MO,,-92.8416,38.4726,0.0,3,4,2,,,fc1981_cluster - ts23,source_to_ts_node,uniform_ts_node,N,,,GP,150.0,GP,0.0001,s1,0,23.1965,0,50000000.0
2573,ASH GROVE CEMENT COMPANY-DURKEE,f1002527,7.0,4,9,44.5423,-117.4205,cement,,ts11,ID,,-116.5079,42.6576,0.0,5,8,4,,,f1002527 - ts11,source_to_ts_node,uniform_ts_node,N,,,PN,150.0,PN,0.0002,s1,0,30.6015,0,50000000.0
2574,LONE STAR INDUSTRIES,f1006112,3.0,2,4,37.2676,-89.5385,cement,,ts65,TN,,-89.5434,35.2784,0.0,1,6,3,,,f1006112 - ts65,source_to_ts_node,uniform_ts_node,N,,,GP,150.0,GP,0.0001,s1,0,23.1965,0,50000000.0
2575,,ts70,2.0,3,6,32.4676,-86.5671,uniform_ts_node,Lower Tuscaloosa10,s110,MS,4393.0,-89.0783,30.7252,0.0,2,6,3,0.0,s110,ts70 - s110,ts_node_to_storage,storage,N,,,SE,150.0,SE,0.0002,s1,0,30.6015,0,50000000.0
2576,,ts45,2.0,3,7,30.7654,-90.7576,operational_ts_node,Lower Tuscaloosa2,s102,AL,2571.0,-87.9806,30.7369,0.0,2,6,3,0.0,s102,ts45 - s102,ts_node_to_storage,storage,N,,,SE,150.0,SE,0.0002,s1,0,30.6015,0,50000000.0
2577,,ts28,1.0,2,3,41.1859,-88.8466,uniform_ts_node,Mount Simon7,s140,MI,5446.0,-85.7774,42.2856,0.0,1,3,2,0.0,s140,ts28 - s140,ts_node_to_storage,storage,N,,,GL,150.0,GL,0.0002,s1,0,33.0483,0,50000000.0
2578,,ts45,2.0,3,7,30.7654,-90.7576,operational_ts_node,Paluxy4,s165,AL,16568.0,-87.3213,31.4857,0.0,2,6,3,0.0,s165,ts45 - s165,ts_node_to_storage,storage,N,,,SE,150.0,SE,0.0002,s1,0,30.6015,0,50000000.0
2579,ORLA GAS PLANT,f1013400,4.0,3,7,31.8094,-103.8952,ng_processing,,ts68,TX,,-106.2709,31.8461,8.0,4,7,3,,,f1013400 - ts68,source_to_ts_node,uniform_ts_node,N,,,SWCA,150.0,SWCA,0.0001,s1,0,29.5623,0,50000000.0
2580,POET Biorefining-Chancellor,f1004526,6.0,2,4,43.3702,-96.9581,ethanol,,ts20,NE,,-96.5899,41.3846,0.0,3,4,2,,,f1004526 - ts20,source_to_ts_node,uniform_ts_node,N,,,GP,150.0,GP,0.0001,s1,0,23.1965,0,50000000.0
2581,,ts61,5.0,4,8,44.8643,-109.4599,uniform_ts_node,Madison Gp-Mission Canyon4,s117,MT,42151.0,-105.8029,47.238,0.0,6,8,4,0.0,s117,ts61 - s117,ts_node_to_storage,storage,N,,,RM,150.0,RM,0.0001,s1,0,23.1965,0,50000000.0
2582,SHUTE CREEK FACILITY,f1002150,5.0,4,8,41.887,-110.0945,ng_processing,,ts55,CO,,-108.8773,40.0975,0.0,5,8,4,,,f1002150 - ts55,source_to_ts_node,operational_ts_node,N,,,RM,150.0,RM,0.0001,s1,0,23.1965,0,50000000.0
2583,BIG RIVER UNITED ENERGY LLC,f1005626,3.0,2,4,42.4872,-91.1633,ethanol,,ts25,MN,,-92.573,44.2227,0.0,3,4,2,,,f1005626 - ts25,source_to_ts_node,uniform_ts_node,N,,,GP,150.0,GP,0.0001,s1,0,23.1965,0,50000000.0
2584,,ts71,3.0,2,4,41.4985,-103.1277,uniform_ts_node,Dakota2,s37,CO,3054.0,-106.2868,40.6379,0.0,5,8,4,0.0,s37,ts71 - s37,ts_node_to_storage,storage,N,,,GP,150.0,GP,0.0001,s1,0,23.1965,0,50000000.0
2585,"Koch Fertilizer Ft. Dodge, LLC",f1007046,3.0,2,4,42.4994,-94.0172,ammonia,,ts25,MN,,-92.573,44.2227,0.0,3,4,2,,,f1007046 - ts25,source_to_ts_node,uniform_ts_node,N,,,GP,150.0,GP,0.0001,s1,0,23.1965,0,50000000.0
2586,Holcim (US) INC JOPPA PLANT,f1000243,1.0,2,3,37.2168,-88.8798,cement,,ts65,TN,,-89.5434,35.2784,0.0,1,6,3,,,f1000243 - ts65,source_to_ts_node,uniform_ts_node,N,,,GL,150.0,GL,0.0002,s1,0,33.0483,0,50000000.0
2587,,ts33,1.0,2,3,43.7706,-84.5405,uniform_ts_node,Mount Simon6,s139,IN,29370.0,-86.0531,40.2057,0.0,1,3,2,0.0,s139,ts33 - s139,ts_node_to_storage,storage,N,,,GL,150.0,GL,0.0002,s1,0,33.0483,0,50000000.0
2588,SUWANNEE AMERICAN CEMENT,f1000533,2.0,3,5,29.9616,-82.8497,cement,,ts34,GA,,-82.7898,31.9873,0.0,1,5,3,,,f1000533 - ts34,source_to_ts_node,uniform_ts_node,N,,,SE,150.0,SE,0.0002,s1,0,30.6015,0,50000000.0
2589,,nat003,4.0,4,8,35.11,-103.13,nat_co2_field,,ts66,TX,,-100.6543,35.3989,10.0,3,7,3,,,nat003 - ts66,nat_co2_to_ts_node,uniform_ts_node,N,Bravo Dome,,RM,150.0,RM,0.0001,s1,0,23.1965,0,50000000.0
2590,"Cargill, Incorporated",f1011065,3.0,2,4,42.5091,-94.3138,ethanol,,ts20,NE,,-96.5899,41.3846,0.0,3,4,2,,,f1011065 - ts20,source_to_ts_node,uniform_ts_node,N,,,GP,150.0,GP,0.0001,s1,0,23.1965,0,50000000.0
2591,Valero Renewable Fuels LLC,f1004228,1.0,2,3,41.8165,-83.8357,ethanol,,ts33,MI,,-84.5405,43.7706,0.0,1,3,2,,,f1004228 - ts33,source_to_ts_node,uniform_ts_node,N,,,GL,150.0,GL,0.0002,s1,0,33.0483,0,50000000.0
2592,facility_pp_natgas_1954,fc1954_cluster,,3,7,36.1295,-95.6146,pp_natgas,,ts62,MO,,-93.1948,36.7476,0.0,3,4,2,,,fc1954_cluster - ts62,source_to_ts_node,uniform_ts_node,N,,,GP,150.0,GP,0.0001,s1,0,23.1965,0,50000000.0
2593,ASH GROVE CEMENT CO-CHANUTE PLANT,f1002665,3.0,2,4,37.6988,-95.4597,cement,,ts62,MO,,-93.1948,36.7476,0.0,3,4,2,,,f1002665 - ts62,source_to_ts_node,uniform_ts_node,N,,,GP,150.0,GP,0.0001,s1,0,23.1965,0,50000000.0
2594,"BARGATH, INC.- PARACHUTE",f1002943,5.0,4,8,39.4873,-108.1114,ng_processing,,hsm_cent5,,,-105.5477,38.9964,,5,8,4,,,f1002943 - hsm_cent5,source_to_hsm_cent,hsm_centroid,Y,,96150.9739,RM,150.0,RM,0.0001,s1,0,23.1965,0,50000000.0
2595,,ts45,2.0,3,7,30.7654,-90.7576,operational_ts_node,,p4938,LA,,-92.6739,31.9784,0.0,2,7,3,,,ts45 - p4938,ts_node_to_demand,co2_eor,N,,,SE,150.0,SE,0.0002,s1,0,30.6015,0,50000000.0
2596,ALAMO GAS PLANT,f1012815,2.0,3,7,31.2816,-95.5197,ng_processing,,ts58,TX,,-97.3799,32.575,5.0,4,7,3,,,f1012815 - ts58,source_to_ts_node,uniform_ts_node,N,,,SWCA,150.0,SWCA,0.0001,s1,0,29.5623,0,50000000.0
2597,facility_pp_natgas_1944,fc1944_cluster,,4,8,39.7757,-104.5501,pp_natgas,,ts71,NE,,-103.1277,41.4985,0.0,3,4,2,,,fc1944_cluster - ts71,source_to_ts_node,uniform_ts_node,N,,,RM,150.0,RM,0.0001,s1,0,23.1965,0,50000000.0
2598,,ts45,2.0,3,7,30.7654,-90.7576,operational_ts_node,Lower Tuscaloosa1,s101,AL,10592.0,-87.0544,31.4544,0.0,2,6,3,0.0,s101,ts45 - s101,ts_node_to_storage,storage,N,,,SE,150.0,SE,0.0002,s1,0,30.6015,0,50000000.0
2599,facility_pp_natgas_1951,fc1951_cluster,,3,7,30.6883,-96.4717,pp_natgas,,ts58,TX,,-97.3799,32.575,5.0,4,7,3,,,fc1951_cluster - ts58,source_to_ts_node,uniform_ts_node,N,,,SWCA,150.0,SWCA,0.0001,s1,0,29.5623,0,50000000.0
2600,,ts45,2.0,3,7,30.7654,-90.7576,operational_ts_node,Washita-Fredericksburg1,s215,AL,13025.0,-87.4539,31.3942,0.0,2,6,3,0.0,s215,ts45 - s215,ts_node_to_storage,storage,N,,,SE,150.0,SE,0.0002,s1,0,30.6015,0,50000000.0
2601,,ts45,2.0,3,7,30.7654,-90.7576,operational_ts_node,Eutaw2,s60,AL,8478.0,-87.6484,31.182,0.0,2,6,3,0.0,s60,ts45 - s60,ts_node_to_storage,storage,N,,,SE,150.0,SE,0.0002,s1,0,30.6015,0,50000000.0
2602,FirstEnergy Harrison,fpp3944.01    ,1.0,3,5,39.384,-80.333,pp_coal,,ts36,WV,,-81.7687,37.6841,0.0,1,5,3,,,fpp3944.01     - ts36,source_to_ts_node,uniform_ts_node,N,,,MA,150.0,MA,0.0004,s1,0,41.7041,0,50000000.0
2603,FirstEnergy Harrison,fpp3944.03    ,1.0,3,5,39.384,-80.333,pp_coal,,ts36,WV,,-81.7687,37.6841,0.0,1,5,3,,,fpp3944.03     - ts36,source_to_ts_node,uniform_ts_node,N,,,MA,150.0,MA,0.0004,s1,0,41.7041,0,50000000.0
2604,facility_pp_natgas_1941,fc1941_cluster,,1,2,40.849,-74.8738,pp_natgas,,ts43,MA,,-72.8249,42.2012,0.0,1,1,1,,,fc1941_cluster - ts43,source_to_ts_node,uniform_ts_node,N,,,MA,150.0,MA,0.0004,s1,0,41.7041,0,50000000.0
2605,CalPortland Company Oro Grande Plant,f1007927,7.0,4,9,34.6045,-117.3382,cement,,ts4,CA,,-118.4952,36.4119,0.0,7,9,4,,,f1007927 - ts4,source_to_ts_node,uniform_ts_node,N,,,SWCA,150.0,SWCA,0.0001,s1,0,29.5623,0,50000000.0
2606,HOLCIM (US) INC STE GENEVIEVE PLANT,f1007563,3.0,2,4,38.1099,-90.2579,cement,,ts23,MO,,-92.8416,38.4726,0.0,3,4,2,,,f1007563 - ts23,source_to_ts_node,uniform_ts_node,N,,,GP,150.0,GP,0.0001,s1,0,23.1965,0,50000000.0
2607,,ts34,1.0,3,5,31.9873,-82.7898,uniform_ts_node,Lower Tuscaloosa1,s101,AL,10592.0,-87.0544,31.4544,0.0,2,6,3,0.0,s101,ts34 - s101,ts_node_to_storage,storage,N,,,SE,150.0,SE,0.0002,s1,0,30.6015,0,50000000.0
2608,BULLDOG GAS PLANT (PANOLA III),f1013924,2.0,3,7,32.1456,-94.2688,ng_processing,,ts46,TX,,-93.8362,30.1309,3.0,2,7,3,,,f1013924 - ts46,source_to_ts_node,operational_ts_node,N,,,SWCA,150.0,SWCA,0.0001,s1,0,29.5623,0,50000000.0
2609,,ts48,4.0,3,7,32.7688,-101.2617,operational_ts_node,,p4505,TX,,-98.8282,33.0055,9.0,4,7,3,,,ts48 - p4505,ts_node_to_demand,co2_eor,N,,,SWCA,150.0,SWCA,0.0001,s1,0,29.5623,0,50000000.0
2610,,ts69,4.0,4,8,34.4406,-107.2926,uniform_ts_node,Canyon2,s18,NM,8502.0,-103.846,34.6309,4.0,4,8,4,0.0,s18,ts69 - s18,ts_node_to_storage,storage,N,,,RM,150.0,RM,0.0001,s1,0,23.1965,0,50000000.0
2611,,ts69,4.0,4,8,34.4406,-107.2926,uniform_ts_node,Wolfcamp2,s227,NM,8502.0,-103.846,34.6309,4.0,4,8,4,0.0,s227,ts69 - s227,ts_node_to_storage,storage,N,,,RM,150.0,RM,0.0001,s1,0,23.1965,0,50000000.0
2612,,ts27,1.0,2,3,38.321,-89.1261,uniform_ts_node,Mount Simon11,s144,KY,10350.0,-84.5965,38.2913,0.0,1,6,3,0.0,s144,ts27 - s144,ts_node_to_storage,storage,N,,,GL,150.0,GL,0.0002,s1,0,33.0483,0,50000000.0
2613,,ts46,2.0,3,7,30.1309,-93.8362,operational_ts_node,Frio11,s80,TX,259.0,-95.674,28.9024,3.0,2,7,3,0.0,s80,ts46 - s80,ts_node_to_storage,storage,N,,,SWCA,150.0,SWCA,0.0001,s1,0,29.5623,0,50000000.0
2614,facility_pp_natgas_1946,fc1946_cluster,,4,8,33.2658,-112.4756,pp_natgas,,ts60,AZ,,-110.7599,34.7449,0.0,5,8,4,,,fc1946_cluster - ts60,source_to_ts_node,uniform_ts_node,N,,,SWCA,150.0,SWCA,0.0001,s1,0,29.5623,0,50000000.0
2615,,ts55,5.0,4,8,40.0975,-108.8773,operational_ts_node,,ts53,,,-108.417,42.1067,,5,8,4,,,ts55 - ts53,ts_node_to_ts_node,operational_ts_node,Y,,23696322.8372,RM,150.0,RM,0.0001,s1,0,23.1965,0,50000000.0
2616,,ts53,5.0,4,8,42.1067,-108.417,operational_ts_node,,ts55,,,-108.8773,40.0975,,5,8,4,,,ts53 - ts55,ts_node_to_ts_node,operational_ts_node,N,,0.0,RM,150.0,RM,0.0001,s1,0,23.1965,0,50000000.0
2617,GREEN PLAINS OBION LLC,f1006364,1.0,3,6,36.283,-89.1476,ethanol,,ts27,IL,,-89.1261,38.321,0.0,1,3,2,,,f1006364 - ts27,source_to_ts_node,uniform_ts_node,N,,,SE,150.0,SE,0.0002,s1,0,30.6015,0,50000000.0
2618,facility_ethanol_1919,fc1919_cluster,,3,6,36.283,-89.1476,ethanol,,ts27,IL,,-89.1261,38.321,0.0,1,3,2,,,fc1919_cluster - ts27,source_to_ts_node,uniform_ts_node,N,,,SE,150.0,SE,0.0002,s1,0,30.6015,0,50000000.0
2619,CEMEX CONSTRUCTION MATERIALS SOUTH LLC,f1007877,5.0,4,8,40.2022,-105.2367,cement,,ts71,NE,,-103.1277,41.4985,0.0,3,4,2,,,f1007877 - ts71,source_to_ts_node,uniform_ts_node,N,,,RM,150.0,RM,0.0001,s1,0,23.1965,0,50000000.0
2620,Valero Fort Dodge Plant,f1002379,3.0,2,4,42.5314,-94.2933,ethanol,,ts20,NE,,-96.5899,41.3846,0.0,3,4,2,,,f1002379 - ts20,source_to_ts_node,uniform_ts_node,N,,,GP,150.0,GP,0.0001,s1,0,23.1965,0,50000000.0
2621,,ts52,2.0,3,6,32.6973,-90.388,operational_ts_node,,p4938,LA,,-92.6739,31.9784,0.0,2,7,3,,,ts52 - p4938,ts_node_to_demand,co2_eor,N,,,SE,150.0,SE,0.0002,s1,0,30.6015,0,50000000.0
2622,Hereford Ethanol Partners LP,f1000352,3.0,3,7,34.85,-102.2868,ethanol,,ts47,NM,,-104.5168,33.918,4.0,4,8,4,,,f1000352 - ts47,source_to_ts_node,operational_ts_node,N,,,SWCA,150.0,SWCA,0.0001,s1,0,29.5623,0,50000000.0
2623,,ts46,2.0,3,7,30.1309,-93.8362,operational_ts_node,Lower Tuscaloosa7,s107,LA,2857.0,-90.4419,30.7702,0.0,2,7,3,0.0,s107,ts46 - s107,ts_node_to_storage,storage,N,,,SWCA,150.0,SWCA,0.0001,s1,0,29.5623,0,50000000.0
2624,facility_pp_natgas_1982,fc1982_cluster,,2,4,42.231,-93.231,pp_natgas,,ts25,MN,,-92.573,44.2227,0.0,3,4,2,,,fc1982_cluster - ts25,source_to_ts_node,uniform_ts_node,N,,,GP,150.0,GP,0.0001,s1,0,23.1965,0,50000000.0
2625,MONARCH CEMENT COMPANY (THE),f1001701,3.0,2,4,37.7972,-95.4314,cement,,ts62,MO,,-93.1948,36.7476,0.0,3,4,2,,,f1001701 - ts62,source_to_ts_node,uniform_ts_node,N,,,GP,150.0,GP,0.0001,s1,0,23.1965,0,50000000.0
2626,WEST FRENCHIE DRAW AMINE PLANT,f1004110,5.0,4,8,43.2873,-107.6215,ng_processing,,ts61,WY,,-109.4599,44.8643,0.0,5,8,4,,,f1004110 - ts61,source_to_ts_node,uniform_ts_node,N,,,RM,150.0,RM,0.0001,s1,0,23.1965,0,50000000.0
2627,facility_ethanol_1920,fc1920_cluster,,2,4,42.4466,-95.0554,ethanol,,ts24,IA,,-92.7128,41.3438,0.0,3,4,2,,,fc1920_cluster - ts24,source_to_ts_node,uniform_ts_node,N,,,GP,150.0,GP,0.0001,s1,0,23.1965,0,50000000.0
2628,,ts53,5.0,4,8,42.1067,-108.417,operational_ts_node,Minnelusa1,s122,WY,9960.0,-105.7231,43.9693,0.0,5,8,4,0.0,s122,ts53 - s122,ts_node_to_storage,storage,N,,,RM,150.0,RM,0.0001,s1,0,23.1965,0,50000000.0
2629,Fairborn Cement Company LLC,f1006212,1.0,2,3,39.7779,-83.9661,cement,,ts31,KY,,-85.4315,38.0578,0.0,1,6,3,,,f1006212 - ts31,source_to_ts_node,uniform_ts_node,N,,,GL,150.0,GL,0.0002,s1,0,33.0483,0,50000000.0
2630,,ts63,5.0,4,8,37.9053,-111.4886,uniform_ts_node,Dakota3,s38,CO,2904.0,-107.842,37.1965,0.0,5,8,4,0.0,s38,ts63 - s38,ts_node_to_storage,storage,N,,,RM,150.0,RM,0.0001,s1,0,23.1965,0,50000000.0
2631,ContangoResources_LOST CABIN,f1002265,5.0,4,8,43.2811,-107.6012,ng_processing,,ts61,WY,,-109.4599,44.8643,0.0,5,8,4,,,f1002265 - ts61,source_to_ts_node,uniform_ts_node,N,,,RM,150.0,RM,0.0001,s1,0,23.1965,0,50000000.0
2632,Jal #3 Gas Plant,f1005897,4.0,4,8,32.1743,-103.1741,ng_processing,,ts47,NM,,-104.5168,33.918,4.0,4,8,4,,,f1005897 - ts47,source_to_ts_node,operational_ts_node,N,,,RM,150.0,RM,0.0001,s1,0,23.1965,0,50000000.0
2633,HUSKER AG L L C,f1005369,3.0,2,4,42.3507,-97.708,ethanol,,ts21,SD,,-96.615,44.2654,0.0,6,4,2,,,f1005369 - ts21,source_to_ts_node,uniform_ts_node,N,,,GP,150.0,GP,0.0001,s1,0,23.1965,0,50000000.0
2634,VERDIGRIS PLT,f1002275,3.0,3,7,36.2335,-95.7191,ammonia,,ts62,MO,,-93.1948,36.7476,0.0,3,4,2,,,f1002275 - ts62,source_to_ts_node,uniform_ts_node,N,,,GP,150.0,GP,0.0001,s1,0,23.1965,0,50000000.0
2635,Green Plains Madison LLC,f1005170,1.0,2,3,38.68,-90.1719,ethanol,,ts23,MO,,-92.8416,38.4726,0.0,3,4,2,,,f1005170 - ts23,source_to_ts_node,uniform_ts_node,N,,,GL,150.0,GL,0.0002,s1,0,33.0483,0,50000000.0
2636,facility_pp_coal_1924,fc1924_cluster,,3,7,32.5403,-95.8707,pp_coal,,ts67,AR,,-93.5084,33.2042,0.0,3,7,3,,,fc1924_cluster - ts67,source_to_ts_node,uniform_ts_node,N,,,SWCA,150.0,SWCA,0.0001,s1,0,29.5623,0,50000000.0
2637,,ts46,2.0,3,7,30.1309,-93.8362,operational_ts_node,Lower Tuscaloosa9,s109,MS,8003.0,-90.0943,31.3641,0.0,2,6,3,0.0,s109,ts46 - s109,ts_node_to_storage,storage,N,,,SWCA,150.0,SWCA,0.0001,s1,0,29.5623,0,50000000.0
2638,SOUTH EDDY CRYO PLANT,f1012463,4.0,4,8,32.1613,-103.8284,ng_processing,,ts68,TX,,-106.2709,31.8461,8.0,4,7,3,,,f1012463 - ts68,source_to_ts_node,uniform_ts_node,N,,,RM,150.0,RM,0.0001,s1,0,23.1965,0,50000000.0
2639,facility_pp_natgas_1981,fc1981_cluster,,2,4,37.0688,-94.648,pp_natgas,,ts18,OK,,-96.5454,35.639,0.0,3,7,3,,,fc1981_cluster - ts18,source_to_ts_node,uniform_ts_node,N,,,GP,150.0,GP,0.0001,s1,0,23.1965,0,50000000.0
2640,facility_ethanol_1918,fc1918_cluster,,2,3,40.2174,-88.0168,ethanol,,ts27,IL,,-89.1261,38.321,0.0,1,3,2,,,fc1918_cluster - ts27,source_to_ts_node,uniform_ts_node,N,,,GL,150.0,GL,0.0002,s1,0,33.0483,0,50000000.0
2641,facility_pp_natgas_1981,fc1981_cluster,,2,4,37.0688,-94.648,pp_natgas,,ts19,KS,,-96.5668,38.5117,0.0,3,4,2,,,fc1981_cluster - ts19,source_to_ts_node,uniform_ts_node,N,,,GP,150.0,GP,0.0001,s1,0,23.1965,0,50000000.0
2642,,ts46,2.0,3,7,30.1309,-93.8362,operational_ts_node,Frio10,s79,TX,2317.0,-96.5041,28.516,2.0,2,7,3,0.0,s79,ts46 - s79,ts_node_to_storage,storage,N,,,SWCA,150.0,SWCA,0.0001,s1,0,29.5623,0,50000000.0
2643,GREEN PLAINS SHENANDOAH LLC,f1004332,3.0,2,4,40.7549,-95.3953,ethanol,,ts24,IA,,-92.7128,41.3438,0.0,3,4,2,,,f1004332 - ts24,source_to_ts_node,uniform_ts_node,N,,,GP,150.0,GP,0.0001,s1,0,23.1965,0,50000000.0
2644,,ts30,1.0,3,6,35.2015,-85.8272,uniform_ts_node,Knox5,s96,KY,2610.0,-87.2952,37.4824,0.0,1,6,3,0.0,s96,ts30 - s96,ts_node_to_storage,storage,N,,,SE,150.0,SE,0.0002,s1,0,30.6015,0,50000000.0
2645,,ts46,2.0,3,7,30.1309,-93.8362,operational_ts_node,,p4938,LA,,-92.6739,31.9784,0.0,2,7,3,,,ts46 - p4938,ts_node_to_demand,co2_eor,N,,,SWCA,150.0,SWCA,0.0001,s1,0,29.5623,0,50000000.0
2646,facility_pp_natgas_1959,fc1959_cluster,,4,9,34.3325,-118.2969,pp_natgas,,ts4,CA,,-118.4952,36.4119,0.0,7,9,4,,,fc1959_cluster - ts4,source_to_ts_node,uniform_ts_node,N,,,SWCA,150.0,SWCA,0.0001,s1,0,29.5623,0,50000000.0
2647,facility_pp_natgas_1962,fc1962_cluster,,4,9,46.529,-123.0091,pp_natgas,,ts7,OR,,-121.3615,44.7701,0.0,7,9,4,,,fc1962_cluster - ts7,source_to_ts_node,uniform_ts_node,N,,,PN,150.0,PN,0.0002,s1,0,30.6015,0,50000000.0
2648,,ts50,4.0,4,8,36.9785,-108.1461,operational_ts_node,Weber2,s220,CO,5438.0,-108.3726,39.7949,0.0,5,8,4,0.0,s220,ts50 - s220,ts_node_to_storage,storage,N,,,RM,150.0,RM,0.0001,s1,0,23.1965,0,50000000.0
2649,RAMSEY GAS PLANT,f1010768,4.0,3,7,31.8775,-103.9376,ng_processing,,ts47,NM,,-104.5168,33.918,4.0,4,8,4,,,f1010768 - ts47,source_to_ts_node,operational_ts_node,N,,,SWCA,150.0,SWCA,0.0001,s1,0,29.5623,0,50000000.0
2650,Valero Fort Dodge Plant,f1002379,3.0,2,4,42.5314,-94.2933,ethanol,,ts25,MN,,-92.573,44.2227,0.0,3,4,2,,,f1002379 - ts25,source_to_ts_node,uniform_ts_node,N,,,GP,150.0,GP,0.0001,s1,0,23.1965,0,50000000.0
2651,WEST BISTINEAU FACILITY,f1005693,2.0,3,7,32.2107,-93.4413,ng_processing,,ts46,TX,,-93.8362,30.1309,3.0,2,7,3,,,f1005693 - ts46,source_to_ts_node,operational_ts_node,N,,,SE,150.0,SE,0.0002,s1,0,30.6015,0,50000000.0
2652,,ts34,1.0,3,5,31.9873,-82.7898,uniform_ts_node,Paluxy4,s165,AL,16568.0,-87.3213,31.4857,0.0,2,6,3,0.0,s165,ts34 - s165,ts_node_to_storage,storage,N,,,SE,150.0,SE,0.0002,s1,0,30.6015,0,50000000.0
2653,GUARDIAN ENERGY LLC,f1000872,3.0,2,4,44.1119,-93.6786,ethanol,,ts21,SD,,-96.615,44.2654,0.0,6,4,2,,,f1000872 - ts21,source_to_ts_node,uniform_ts_node,N,,,GP,150.0,GP,0.0001,s1,0,23.1965,0,50000000.0
2654,facility_ethanol_1914,fc1914_cluster,,3,7,34.6175,-102.0948,ethanol,,ts47,NM,,-104.5168,33.918,4.0,4,8,4,,,fc1914_cluster - ts47,source_to_ts_node,operational_ts_node,N,,,SWCA,150.0,SWCA,0.0001,s1,0,29.5623,0,50000000.0
2655,,ts32,1.0,2,3,40.9117,-85.0039,uniform_ts_node,Mount Simon5,s138,IN,5054.0,-86.9464,38.7475,0.0,1,3,2,0.0,s138,ts32 - s138,ts_node_to_storage,storage,N,,,GL,150.0,GL,0.0002,s1,0,33.0483,0,50000000.0
2656,facility_pp_natgas_1941,fc1941_cluster,,1,2,40.849,-74.8738,pp_natgas,,ts41,PA,,-77.4375,40.0209,0.0,1,2,1,,,fc1941_cluster - ts41,source_to_ts_node,uniform_ts_node,N,,,MA,150.0,MA,0.0004,s1,0,41.7041,0,50000000.0
2657,THE ANDERSONS MARATHON HOLDINGS LLC MI,f1007933,1.0,2,3,42.2596,-84.7897,ethanol,,hsm_cent1,,,-85.3828,44.3178,,1,3,2,,,f1007933 - hsm_cent1,source_to_hsm_cent,hsm_centroid,Y,,235309.8716,GL,150.0,GL,0.0002,s1,0,33.0483,0,50000000.0
2658,LEHIGH CEMENT COMPANY LLC,f1003891,1.0,2,3,38.7391,-86.457,cement,,ts27,IL,,-89.1261,38.321,0.0,1,3,2,,,f1003891 - ts27,source_to_ts_node,uniform_ts_node,N,,,GL,150.0,GL,0.0002,s1,0,33.0483,0,50000000.0
2659,facility_ng_processing_1992,fc1992_cluster,,4,6,34.5866,-87.0883,ng_processing,,ts65,TN,,-89.5434,35.2784,0.0,1,6,3,,,fc1992_cluster - ts65,source_to_ts_node,uniform_ts_node,N,,,SE,150.0,SE,0.0002,s1,0,30.6015,0,50000000.0
2660,facility_beccs_2019,fc2019_cluster,,3,6,34.5866,-87.0883,beccs,,ts65,TN,,-89.5434,35.2784,0.0,1,6,3,,,fc2019_cluster - ts65,source_to_ts_node,uniform_ts_node,N,,,SE,150.0,SE,0.0002,s1,0,30.6015,0,50000000.0
2661,,ts56,5.0,4,8,43.6569,-106.2405,operational_ts_node,Madison Gp-Mission Canyon3,s116,SD,10420.0,-102.7355,45.3349,0.0,6,4,2,0.0,s116,ts56 - s116,ts_node_to_storage,storage,N,,,RM,150.0,RM,0.0001,s1,0,23.1965,0,50000000.0
2662,NUGEN ENERGY LLC,f1004765,6.0,2,4,43.4339,-97.2609,ethanol,,ts20,NE,,-96.5899,41.3846,0.0,3,4,2,,,f1004765 - ts20,source_to_ts_node,uniform_ts_node,N,,,GP,150.0,GP,0.0001,s1,0,23.1965,0,50000000.0
2663,facility_cement_1999,fc1999_cluster,,1,1,44.084,-69.1572,cement,,ts44,VT,,-71.8379,44.9967,0.0,1,1,1,,,fc1999_cluster - ts44,source_to_ts_node,uniform_ts_node,N,,,NE,150.0,NE,0.0004,s1,0,53.0629,0,50000000.0
2664,John E Amos         ,fpp3935.03    ,1.0,3,5,38.473,-81.823,pp_coal,,ts37,OH,,-81.1971,40.5228,0.0,1,3,2,,,fpp3935.03     - ts37,source_to_ts_node,uniform_ts_node,N,,,MA,150.0,MA,0.0004,s1,0,41.7041,0,50000000.0
2665,PATRIOT RENEWABLE FUELS LLC,f1006469,1.0,2,3,41.3934,-89.8722,ethanol,,ts24,IA,,-92.7128,41.3438,0.0,3,4,2,,,f1006469 - ts24,source_to_ts_node,uniform_ts_node,N,,,GL,150.0,GL,0.0002,s1,0,33.0483,0,50000000.0
2666,Lehigh Cement Company LLC,f1000290,1.0,1,2,43.3064,-73.6208,cement,,ts44,VT,,-71.8379,44.9967,0.0,1,1,1,,,f1000290 - ts44,source_to_ts_node,uniform_ts_node,N,,,MA,150.0,MA,0.0004,s1,0,41.7041,0,50000000.0
2667,,ts34,1.0,3,5,31.9873,-82.7898,uniform_ts_node,Lower Tuscaloosa3,s103,FL,9454.0,-85.8026,30.513,0.0,2,5,3,0.0,s103,ts34 - s103,ts_node_to_storage,storage,N,,,SE,150.0,SE,0.0002,s1,0,30.6015,0,50000000.0
2668,facility_pp_natgas_1976,fc1976_cluster,,2,3,38.573,-82.783,pp_natgas,,ts31,KY,,-85.4315,38.0578,0.0,1,6,3,,,fc1976_cluster - ts31,source_to_ts_node,uniform_ts_node,N,,,GL,150.0,GL,0.0002,s1,0,33.0483,0,50000000.0
2669,facility_pp_coal_1921,fc1921_cluster,,1,2,40.765,-76.1053,pp_coal,,ts42,NY,,-76.6688,42.8399,0.0,1,2,1,,,fc1921_cluster - ts42,source_to_ts_node,uniform_ts_node,N,,,MA,150.0,MA,0.0004,s1,0,41.7041,0,50000000.0
2670,facility_cement_2000,fc2000_cluster,,2,3,40.74,-86.0745,cement,,ts28,IL,,-88.8466,41.1859,0.0,1,3,2,,,fc2000_cluster - ts28,source_to_ts_node,uniform_ts_node,N,,,GL,150.0,GL,0.0002,s1,0,33.0483,0,50000000.0
2671,facility_pp_natgas_1963,fc1963_cluster,,4,9,33.1509,-115.1744,pp_natgas,,ts3,CA,,-117.6761,33.6122,0.0,7,9,4,,,fc1963_cluster - ts3,source_to_ts_node,uniform_ts_node,N,,,SWCA,150.0,SWCA,0.0001,s1,0,29.5623,0,50000000.0
2672,,ts64,5.0,4,8,42.2721,-112.1273,uniform_ts_node,Dakota5,s40,UT,10678.0,-110.4189,39.7311,0.0,5,8,4,0.0,s40,ts64 - s40,ts_node_to_storage,storage,N,,,RM,150.0,RM,0.0001,s1,0,23.1965,0,50000000.0
2673,facility_pp_natgas_1977,fc1977_cluster,,3,6,32.8966,-89.0562,pp_natgas,,ts70,AL,,-86.5671,32.4676,0.0,2,6,3,,,fc1977_cluster - ts70,source_to_ts_node,uniform_ts_node,N,,,SE,150.0,SE,0.0002,s1,0,30.6015,0,50000000.0
2674,"CF Industries Nitrogen, LLC-Port Neal Nitrogen Complex",f1006005,3.0,2,4,42.3279,-96.3649,ammonia,,hsm_cent3,,,-93.4961,42.0737,,3,4,2,,,f1006005 - hsm_cent3,source_to_hsm_cent,hsm_centroid,Y,,976893.175,GP,150.0,GP,0.0001,s1,0,23.1965,0,50000000.0
2675,MONARCH CEMENT COMPANY (THE),f1001701,3.0,2,4,37.7972,-95.4314,cement,,ts23,MO,,-92.8416,38.4726,0.0,3,4,2,,,f1001701 - ts23,source_to_ts_node,uniform_ts_node,N,,,GP,150.0,GP,0.0001,s1,0,23.1965,0,50000000.0
2676,"Cargill, Incorporated",f1011065,3.0,2,4,42.5091,-94.3138,ethanol,,ts25,MN,,-92.573,44.2227,0.0,3,4,2,,,f1011065 - ts25,source_to_ts_node,uniform_ts_node,N,,,GP,150.0,GP,0.0001,s1,0,23.1965,0,50000000.0
2677,facility_pp_natgas_1979,fc1979_cluster,,3,6,34.6345,-87.0425,pp_natgas,,ts65,TN,,-89.5434,35.2784,0.0,1,6,3,,,fc1979_cluster - ts65,source_to_ts_node,uniform_ts_node,N,,,SE,150.0,SE,0.0002,s1,0,30.6015,0,50000000.0
2678,,ts32,1.0,2,3,40.9117,-85.0039,uniform_ts_node,Knox3,s94,IN,4930.0,-87.1143,38.6993,0.0,1,3,2,0.0,s94,ts32 - s94,ts_node_to_storage,storage,N,,,GL,150.0,GL,0.0002,s1,0,33.0483,0,50000000.0
2679,ZIA II GAS PLANT,f1011356,4.0,4,8,32.643,-103.8089,ng_processing,,ts48,TX,,-101.2617,32.7688,81.0,4,7,3,,,f1011356 - ts48,source_to_ts_node,operational_ts_node,N,,,RM,150.0,RM,0.0001,s1,0,23.1965,0,50000000.0
2680,THE ANDERSONS MARATHON HOLDINGS LLC OH,f1000035,1.0,2,3,40.0811,-84.5917,ethanol,,ts31,KY,,-85.4315,38.0578,0.0,1,6,3,,,f1000035 - ts31,source_to_ts_node,uniform_ts_node,N,,,GL,150.0,GL,0.0002,s1,0,33.0483,0,50000000.0
2681,facility_pp_natgas_1966,fc1966_cluster,,3,5,35.4228,-81.0956,pp_natgas,,ts39,NC,,-78.8067,34.3752,0.0,1,5,3,,,fc1966_cluster - ts39,source_to_ts_node,uniform_ts_node,N,,,SE,150.0,SE,0.0002,s1,0,30.6015,0,50000000.0
2682,"Pennsylvania Grain Processing, LLC",f1003637,1.0,1,2,41.0308,-78.4298,ethanol,,ts37,OH,,-81.1971,40.5228,0.0,1,3,2,,,f1003637 - ts37,source_to_ts_node,uniform_ts_node,N,,,MA,150.0,MA,0.0004,s1,0,41.7041,0,50000000.0
2683,facility_ethanol_1912,fc1912_cluster,,1,2,41.0308,-78.4298,ethanol,,ts37,OH,,-81.1971,40.5228,0.0,1,3,2,,,fc1912_cluster - ts37,source_to_ts_node,uniform_ts_node,N,,,MA,150.0,MA,0.0004,s1,0,41.7041,0,50000000.0
2684,,ts64,5.0,4,8,42.2721,-112.1273,uniform_ts_node,Entrada2,s51,UT,10799.0,-110.4089,39.6458,0.0,5,8,4,0.0,s51,ts64 - s51,ts_node_to_storage,storage,N,,,RM,150.0,RM,0.0001,s1,0,23.1965,0,50000000.0
2685,,ts53,5.0,4,8,42.1067,-108.417,operational_ts_node,,p3302,WY,,-106.124,43.4396,0.0,5,8,4,,,ts53 - p3302,ts_node_to_demand,co2_eor,N,,,RM,150.0,RM,0.0001,s1,0,23.1965,0,50000000.0
2686,Holcim (US) Inc. - Portland Plant,f1003008,5.0,4,8,38.3286,-105.009,cement,,ts59,CO,,-103.5956,40.1656,0.0,5,8,4,,,f1003008 - ts59,source_to_ts_node,uniform_ts_node,N,,,RM,150.0,RM,0.0001,s1,0,23.1965,0,50000000.0
2687,,ts37,1.0,2,3,40.5228,-81.1971,uniform_ts_node,Mount Simon8,s141,MI,4788.0,-83.6668,42.2254,0.0,1,3,2,0.0,s141,ts37 - s141,ts_node_to_storage,storage,N,,,GL,150.0,GL,0.0002,s1,0,33.0483,0,50000000.0
2688,,ts37,1.0,2,3,40.5228,-81.1971,uniform_ts_node,St. Peter8,s200,MI,11160.0,-85.0621,42.4439,0.0,1,3,2,0.0,s200,ts37 - s200,ts_node_to_storage,storage,N,,,GL,150.0,GL,0.0002,s1,0,33.0483,0,50000000.0
2689,facility_ethanol_1920,fc1920_cluster,,2,4,42.4466,-95.0554,ethanol,,ts21,SD,,-96.615,44.2654,0.0,6,4,2,,,fc1920_cluster - ts21,source_to_ts_node,uniform_ts_node,N,,,GP,150.0,GP,0.0001,s1,0,23.1965,0,50000000.0
2690,"POET Biorefining- Arthur, LLC",f1006534,3.0,2,4,42.3311,-95.3467,ethanol,,ts21,SD,,-96.615,44.2654,0.0,6,4,2,,,f1006534 - ts21,source_to_ts_node,uniform_ts_node,N,,,GP,150.0,GP,0.0001,s1,0,23.1965,0,50000000.0
2691,,ts65,1.0,3,6,35.2784,-89.5434,uniform_ts_node,Knox5,s96,KY,2610.0,-87.2952,37.4824,0.0,1,6,3,0.0,s96,ts65 - s96,ts_node_to_storage,storage,N,,,SE,150.0,SE,0.0002,s1,0,30.6015,0,50000000.0
2692,LOBO PROCESSING PLANT,f1012781,4.0,3,7,31.7505,-103.5075,ng_processing,,ts48,TX,,-101.2617,32.7688,81.0,4,7,3,,,f1012781 - ts48,source_to_ts_node,operational_ts_node,N,,,SWCA,150.0,SWCA,0.0001,s1,0,29.5623,0,50000000.0
2693,,ts51,4.0,4,8,36.5833,-104.0351,operational_ts_node,Mesaverde2,s120,NM,8455.0,-107.6517,36.3633,4.0,4,8,4,0.0,s120,ts51 - s120,ts_node_to_storage,storage,N,,,RM,150.0,RM,0.0001,s1,0,23.1965,0,50000000.0
2694,,ts51,4.0,4,8,36.5833,-104.0351,operational_ts_node,Morrison2,s126,NM,8520.0,-107.6527,36.3681,4.0,4,8,4,0.0,s126,ts51 - s126,ts_node_to_storage,storage,N,,,RM,150.0,RM,0.0001,s1,0,23.1965,0,50000000.0
2695,facility_pp_natgas_1948,fc1948_cluster,,4,8,40.1434,-111.7874,pp_natgas,,ts64,ID,,-112.1273,42.2721,0.0,5,8,4,,,fc1948_cluster - ts64,source_to_ts_node,uniform_ts_node,N,,,RM,150.0,RM,0.0001,s1,0,23.1965,0,50000000.0
2696,,ts63,5.0,4,8,37.9053,-111.4886,uniform_ts_node,Hermosa1a,s90,CO,1466.0,-108.3301,37.164,0.0,5,8,4,0.0,s90,ts63 - s90,ts_node_to_storage,storage,N,,,RM,150.0,RM,0.0001,s1,0,23.1965,0,50000000.0
2697,,ts63,5.0,4,8,37.9053,-111.4886,uniform_ts_node,Hermosa1b,s91,CO,1466.0,-108.3301,37.164,0.0,5,8,4,0.0,s91,ts63 - s91,ts_node_to_storage,storage,N,,,RM,150.0,RM,0.0001,s1,0,23.1965,0,50000000.0
2698,,ts65,1.0,3,6,35.2784,-89.5434,uniform_ts_node,Lower Tuscaloosa8,s108,MS,13379.0,-89.9133,32.3322,0.0,2,6,3,0.0,s108,ts65 - s108,ts_node_to_storage,storage,N,,,SE,150.0,SE,0.0002,s1,0,30.6015,0,50000000.0
2699,BIG RIVER UNITED ENERGY LLC,f1005626,3.0,2,4,42.4872,-91.1633,ethanol,,ts28,IL,,-88.8466,41.1859,0.0,1,3,2,,,f1005626 - ts28,source_to_ts_node,uniform_ts_node,N,,,GP,150.0,GP,0.0001,s1,0,23.1965,0,50000000.0
2700,Central Plains Cement Company,f1007216,3.0,3,7,36.1941,-95.8117,cement,,ts62,MO,,-93.1948,36.7476,0.0,3,4,2,,,f1007216 - ts62,source_to_ts_node,uniform_ts_node,N,,,GP,150.0,GP,0.0001,s1,0,23.1965,0,50000000.0
2701,"CEMEX SOUTHEAST LLC, DEMOPOLIS PLANT",f1008033,2.0,3,6,32.5127,-87.8156,cement,,ts52,MS,,-90.388,32.6973,0.0,2,6,3,,,f1008033 - ts52,source_to_ts_node,operational_ts_node,N,,,SE,150.0,SE,0.0002,s1,0,30.6015,0,50000000.0
2702,_agg_nonop_ng_processing0,f_agg_nonop_ng_processing0,2.0,3,7,32.2651,-93.3868,ng_processing,,ts46,TX,,-93.8362,30.1309,3.0,2,7,3,,,f_agg_nonop_ng_processing0 - ts46,source_to_ts_node,operational_ts_node,N,,,SE,150.0,SE,0.0002,s1,0,30.6015,0,50000000.0
2703,,ts67,3.0,3,7,33.2042,-93.5084,uniform_ts_node,,p4940,MS,,-91.0648,32.4766,0.0,2,6,3,,,ts67 - p4940,ts_node_to_demand,co2_eor,N,,,SE,175.0,SE,0.0003,s1,0,36.5084,0,50000000.0
2704,facility_ng_processing_1992,fc1992_cluster,,4,6,34.5866,-87.0883,ng_processing,,ts70,AL,,-86.5671,32.4676,0.0,2,6,3,,,fc1992_cluster - ts70,source_to_ts_node,uniform_ts_node,N,,,SE,175.0,SE,0.0003,s1,0,36.5084,0,50000000.0
2705,facility_beccs_2019,fc2019_cluster,,3,6,34.5866,-87.0883,beccs,,ts70,AL,,-86.5671,32.4676,0.0,2,6,3,,,fc2019_cluster - ts70,source_to_ts_node,uniform_ts_node,N,,,SE,175.0,SE,0.0003,s1,0,36.5084,0,50000000.0
2706,,ts50,4.0,4,8,36.9785,-108.1461,operational_ts_node,Dakota6,s41,CO,2540.0,-104.9721,37.3544,0.0,5,8,4,0.0,s41,ts50 - s41,ts_node_to_storage,storage,N,,,RM,175.0,RM,0.0003,s1,0,27.8053,0,50000000.0
2707,ABSOLUTE ENERGY LLC,f1002627,3.0,2,4,43.4995,-92.9171,ethanol,,ts24,IA,,-92.7128,41.3438,0.0,3,4,2,,,f1002627 - ts24,source_to_ts_node,uniform_ts_node,N,,,GP,175.0,GP,0.0003,s1,0,27.8053,0,50000000.0
2708,,ts65,1.0,3,6,35.2784,-89.5434,uniform_ts_node,Knox2,s93,IL,5560.0,-88.4987,38.1531,0.0,1,3,2,0.0,s93,ts65 - s93,ts_node_to_storage,storage,N,,,SE,175.0,SE,0.0003,s1,0,36.5084,0,50000000.0
2709,CONTINENTAL CEMENT COMPANY LLC,f1005987,3.0,2,4,39.6791,-91.3142,cement,,ts27,IL,,-89.1261,38.321,0.0,1,3,2,,,f1005987 - ts27,source_to_ts_node,uniform_ts_node,N,,,GP,175.0,GP,0.0003,s1,0,27.8053,0,50000000.0
2710,,ts28,1.0,2,3,41.1859,-88.8466,uniform_ts_node,Knox2,s93,IL,5560.0,-88.4987,38.1531,0.0,1,3,2,0.0,s93,ts28 - s93,ts_node_to_storage,storage,N,,,GL,175.0,GL,0.0003,s1,0,39.3153,0,50000000.0
2711,SHUTE CREEK FACILITY,f1002150,5.0,4,8,41.887,-110.0945,ng_processing,,hsm_cent5,,,-107.5514,42.9928,,5,8,4,,,f1002150 - hsm_cent5,source_to_hsm_cent,hsm_centroid,Y,,1599053.7,RM,175.0,RM,0.0003,s1,0,27.8053,0,50000000.0
2712,,nat004,5.0,4,8,37.7099,-108.7244,nat_co2_field,,ts63,UT,,-111.4886,37.9053,0.0,5,8,4,,,nat004 - ts63,nat_co2_to_ts_node,uniform_ts_node,N,Doe Canyon,,RM,175.0,RM,0.0003,s1,0,27.8053,0,50000000.0
2713,LONE STAR INDUSTRIES INC,f1005302,1.0,2,3,39.6166,-86.8686,cement,,ts28,IL,,-88.8466,41.1859,0.0,1,3,2,,,f1005302 - ts28,source_to_ts_node,uniform_ts_node,N,,,GL,175.0,GL,0.0003,s1,0,39.3153,0,50000000.0
2714,facility_beccs_2013,fc2013_cluster,,4,8,40.4534,-110.2953,beccs,,ts53,WY,,-108.417,42.1067,0.0,5,8,4,,,fc2013_cluster - ts53,source_to_ts_node,operational_ts_node,N,,,RM,175.0,RM,0.0003,s1,0,27.8053,0,50000000.0
2715,facility_ethanol_1913,fc1913_cluster,,2,8,40.4534,-110.2953,ethanol,,ts53,WY,,-108.417,42.1067,0.0,5,8,4,,,fc1913_cluster - ts53,source_to_ts_node,operational_ts_node,N,,,RM,175.0,RM,0.0003,s1,0,27.8053,0,50000000.0
2716,LONE STAR INDUSTRIES INC,f1005302,1.0,2,3,39.6166,-86.8686,cement,,ts27,IL,,-89.1261,38.321,0.0,1,3,2,,,f1005302 - ts27,source_to_ts_node,uniform_ts_node,N,,,GL,175.0,GL,0.0003,s1,0,39.3153,0,50000000.0
2717,BECKVILLE GAS PROCESSING PLANT,f1012062,2.0,3,7,32.2356,-94.4861,ng_processing,,ts46,TX,,-93.8362,30.1309,3.0,2,7,3,,,f1012062 - ts46,source_to_ts_node,operational_ts_node,N,,,SWCA,175.0,SWCA,0.0003,s1,0,35.1883,0,50000000.0
2718,ORLA GAS PLANT,f1013400,4.0,3,7,31.8094,-103.8952,ng_processing,,ts47,NM,,-104.5168,33.918,4.0,4,8,4,,,f1013400 - ts47,source_to_ts_node,operational_ts_node,N,,,SWCA,175.0,SWCA,0.0003,s1,0,35.1883,0,50000000.0
2719,Mitsubishi Cement Corp Cushenbury Cement Plant,f1005662,7.0,4,9,34.4376,-116.891,cement,,ts8,CA,,-114.2466,34.2129,0.0,7,9,4,,,f1005662 - ts8,source_to_ts_node,uniform_ts_node,N,,,SWCA,175.0,SWCA,0.0003,s1,0,35.1883,0,50000000.0
2720,"East Dubuque Nitrogen Fertilizers, LLC",f1005502,1.0,2,3,42.4431,-90.5569,ammonia,,ts29,WI,,-88.5434,44.0574,0.0,1,3,2,,,f1005502 - ts29,source_to_ts_node,uniform_ts_node,N,,,GL,175.0,GL,0.0003,s1,0,39.3153,0,50000000.0
2721,GCC DACOTAH,f1004539,6.0,2,4,44.089,-103.2676,cement,,ts56,WY,,-106.2405,43.6569,0.0,5,8,4,,,f1004539 - ts56,source_to_ts_node,operational_ts_node,N,,,GP,175.0,GP,0.0003,s1,0,27.8053,0,50000000.0
2722,,ts59,5.0,4,8,40.1656,-103.5956,uniform_ts_node,Arbuckle4,s4,KS,32460.0,-99.2057,37.695,0.0,3,4,2,0.0,s4,ts59 - s4,ts_node_to_storage,storage,N,,,RM,175.0,RM,0.0003,s1,0,27.8053,0,50000000.0
2723,"NE Nitro Geneva, LLC",f1013265,3.0,2,4,40.5389,-97.58,ammonia,,ts19,KS,,-96.5668,38.5117,0.0,3,4,2,,,f1013265 - ts19,source_to_ts_node,uniform_ts_node,N,,,GP,175.0,GP,0.0003,s1,0,27.8053,0,50000000.0
2724,"CF Industries Nitrogen, LLC - Yazoo City Facility",f1004183,2.0,3,6,32.9281,-90.4072,ammonia,,ts45,LA,,-90.7576,30.7654,0.0,2,7,3,,,f1004183 - ts45,source_to_ts_node,operational_ts_node,N,,,SE,175.0,SE,0.0003,s1,0,36.5084,0,50000000.0
2725,facility_ammonia_2010,fc2010_cluster,,3,6,32.9281,-90.4072,ammonia,,ts45,LA,,-90.7576,30.7654,0.0,2,7,3,,,fc2010_cluster - ts45,source_to_ts_node,operational_ts_node,N,,,SE,175.0,SE,0.0003,s1,0,36.5084,0,50000000.0
2726,facility_pp_natgas_1960,fc1960_cluster,,4,9,37.9663,-121.6972,pp_natgas,,ts5,NV,,-119.3773,39.2008,0.0,5,8,4,,,fc1960_cluster - ts5,source_to_ts_node,uniform_ts_node,N,,,SWCA,175.0,SWCA,0.0003,s1,0,35.1883,0,50000000.0
2727,VALERO ALBERT CITY PLANT,f1002505,3.0,2,4,42.7754,-94.9424,ethanol,,ts24,IA,,-92.7128,41.3438,0.0,3,4,2,,,f1002505 - ts24,source_to_ts_node,uniform_ts_node,N,,,GP,175.0,GP,0.0003,s1,0,27.8053,0,50000000.0
2728,ASH GROVE CEMENT CO-CHANUTE PLANT,f1002665,3.0,2,4,37.6988,-95.4597,cement,,ts23,MO,,-92.8416,38.4726,0.0,3,4,2,,,f1002665 - ts23,source_to_ts_node,uniform_ts_node,N,,,GP,175.0,GP,0.0003,s1,0,27.8053,0,50000000.0
2729,"CARDINAL ETHANOL, LLC",f1002882,1.0,2,3,40.1868,-84.8623,ethanol,,ts31,KY,,-85.4315,38.0578,0.0,1,6,3,,,f1002882 - ts31,source_to_ts_node,uniform_ts_node,N,,,GL,175.0,GL,0.0003,s1,0,39.3153,0,50000000.0
2730,"POET Biorefining- Arthur, LLC",f1006534,3.0,2,4,42.3311,-95.3467,ethanol,,ts24,IA,,-92.7128,41.3438,0.0,3,4,2,,,f1006534 - ts24,source_to_ts_node,uniform_ts_node,N,,,GP,175.0,GP,0.0003,s1,0,27.8053,0,50000000.0
2731,GCC RIO GRANDE INC,f1003067,5.0,4,8,38.1291,-104.6067,cement,,ts59,CO,,-103.5956,40.1656,0.0,5,8,4,,,f1003067 - ts59,source_to_ts_node,uniform_ts_node,N,,,RM,175.0,RM,0.0003,s1,0,27.8053,0,50000000.0
2732,,ts53,5.0,4,8,42.1067,-108.417,operational_ts_node,,p3402,WY,,-108.714,44.2821,0.0,5,8,4,,,ts53 - p3402,ts_node_to_demand,co2_eor,N,,,RM,175.0,RM,0.0003,s1,0,27.8053,0,50000000.0
2733,,ts51,4.0,4,8,36.5833,-104.0351,operational_ts_node,Dakota3,s38,CO,2904.0,-107.842,37.1965,0.0,5,8,4,0.0,s38,ts51 - s38,ts_node_to_storage,storage,N,,,RM,175.0,RM,0.0003,s1,0,27.8053,0,50000000.0
2734,,ts52,2.0,3,6,32.6973,-90.388,operational_ts_node,Lower Tuscaloosa2,s102,AL,2571.0,-87.9806,30.7369,0.0,2,6,3,0.0,s102,ts52 - s102,ts_node_to_storage,storage,N,,,SE,175.0,SE,0.0003,s1,0,36.5084,0,50000000.0
2735,HOLCIM (US) INC.,f1006815,1.0,3,5,33.273,-80.4359,cement,,ts35,SC,,-82.2981,34.8411,0.0,1,5,3,,,f1006815 - ts35,source_to_ts_node,uniform_ts_node,N,,,SE,175.0,SE,0.0003,s1,0,36.5084,0,50000000.0
2736,,ts56,5.0,4,8,43.6569,-106.2405,operational_ts_node,Red River2,s173,MT,21307.0,-105.1281,47.5824,0.0,6,8,4,0.0,s173,ts56 - s173,ts_node_to_storage,storage,N,,,RM,175.0,RM,0.0003,s1,0,27.8053,0,50000000.0
2737,facility_pp_coal_1928,fc1928_cluster,,3,5,33.4509,-80.2326,pp_coal,,ts35,SC,,-82.2981,34.8411,0.0,1,5,3,,,fc1928_cluster - ts35,source_to_ts_node,uniform_ts_node,N,,,SE,175.0,SE,0.0003,s1,0,36.5084,0,50000000.0
2738,,ts37,1.0,2,3,40.5228,-81.1971,uniform_ts_node,Mount Simon11,s144,KY,10350.0,-84.5965,38.2913,0.0,1,6,3,0.0,s144,ts37 - s144,ts_node_to_storage,storage,N,,,GL,175.0,GL,0.0003,s1,0,39.3153,0,50000000.0
2739,"Koch Fertilizer Ft. Dodge, LLC",f1007046,3.0,2,4,42.4994,-94.0172,ammonia,,ts20,NE,,-96.5899,41.3846,0.0,3,4,2,,,f1007046 - ts20,source_to_ts_node,uniform_ts_node,N,,,GP,175.0,GP,0.0003,s1,0,27.8053,0,50000000.0
2740,Celanese Utilization Project,fop005,2.0,3,7,29.5603,-95.0535,other_operational_facility,,ts72,TX,,-97.5,29.0,2.0,2,7,3,,,fop005 - ts72,source_to_ts_node,uniform_ts_node,N,,,SWCA,175.0,SWCA,0.0003,s1,0,35.1883,0,50000000.0
2741,facility_pp_natgas_1948,fc1948_cluster,,4,8,40.1434,-111.7874,pp_natgas,,ts55,CO,,-108.8773,40.0975,0.0,5,8,4,,,fc1948_cluster - ts55,source_to_ts_node,operational_ts_node,N,,,RM,175.0,RM,0.0003,s1,0,27.8053,0,50000000.0
2742,facility_pp_natgas_1979,fc1979_cluster,,3,6,34.6345,-87.0425,pp_natgas,,ts70,AL,,-86.5671,32.4676,0.0,2,6,3,,,fc1979_cluster - ts70,source_to_ts_node,uniform_ts_node,N,,,SE,175.0,SE,0.0003,s1,0,36.5084,0,50000000.0
2743,_agg_nonop_ng_processing5,f_agg_nonop_ng_processing5,4.0,3,7,31.4074,-103.3243,ng_processing,,ts48,TX,,-101.2617,32.7688,81.0,4,7,3,,,f_agg_nonop_ng_processing5 - ts48,source_to_ts_node,operational_ts_node,N,,,SWCA,175.0,SWCA,0.0003,s1,0,35.1883,0,50000000.0
2744,Valero Bloominburg Plant,f1002989,1.0,2,3,39.5975,-83.3904,ethanol,,ts31,KY,,-85.4315,38.0578,0.0,1,6,3,,,f1002989 - ts31,source_to_ts_node,uniform_ts_node,N,,,GL,175.0,GL,0.0003,s1,0,39.3153,0,50000000.0
2745,TARGA TUPELO GAS PROCESSING PLANT,f1011130,3.0,3,7,34.5864,-96.288,ng_processing,,ts58,TX,,-97.3799,32.575,5.0,4,7,3,,,f1011130 - ts58,source_to_ts_node,uniform_ts_node,N,,,GP,175.0,GP,0.0003,s1,0,27.8053,0,50000000.0
2746,Prairie Creek       ,fpp1073.01    ,3.0,2,4,41.944,-91.639,pp_coal,,ts28,IL,,-88.8466,41.1859,0.0,1,3,2,,,fpp1073.01     - ts28,source_to_ts_node,uniform_ts_node,N,,,GP,175.0,GP,0.0003,s1,0,27.8053,0,50000000.0
2747,Lafarge Ravena Cement Plant,f1005360,1.0,1,2,42.5461,-73.6722,cement,,ts42,NY,,-76.6688,42.8399,0.0,1,2,1,,,f1005360 - ts42,source_to_ts_node,uniform_ts_node,N,,,MA,175.0,MA,0.0004,s1,0,49.5981,0,50000000.0
2748,XTO - BOYSCOUT BOARDWALK,f1013949,3.0,3,7,35.2683,-92.5579,ng_processing,,ts67,AR,,-93.5084,33.2042,0.0,3,7,3,,,f1013949 - ts67,source_to_ts_node,uniform_ts_node,N,,,SE,175.0,SE,0.0003,s1,0,36.5084,0,50000000.0
2749,GIANT CEMENT COMPANY,f1003770,1.0,3,5,33.2428,-80.4422,cement,,ts35,SC,,-82.2981,34.8411,0.0,1,5,3,,,f1003770 - ts35,source_to_ts_node,uniform_ts_node,N,,,SE,175.0,SE,0.0003,s1,0,36.5084,0,50000000.0
2750,Martin Lake         ,fpp6146.03    ,2.0,3,7,32.261,-94.571,pp_coal,,ts46,TX,,-93.8362,30.1309,3.0,2,7,3,,,fpp6146.03     - ts46,source_to_ts_node,operational_ts_node,N,,,SWCA,175.0,SWCA,0.0003,s1,0,35.1883,0,50000000.0
2751,,ts60,5.0,4,8,34.7449,-110.7599,uniform_ts_node,Mesaverde2,s120,NM,8455.0,-107.6517,36.3633,4.0,4,8,4,0.0,s120,ts60 - s120,ts_node_to_storage,storage,N,,,SWCA,175.0,SWCA,0.0003,s1,0,35.1883,0,50000000.0
2752,,ts60,5.0,4,8,34.7449,-110.7599,uniform_ts_node,Morrison2,s126,NM,8520.0,-107.6527,36.3681,4.0,4,8,4,0.0,s126,ts60 - s126,ts_node_to_storage,storage,N,,,SWCA,175.0,SWCA,0.0003,s1,0,35.1883,0,50000000.0
2753,ZIA II GAS PLANT,f1011356,4.0,4,8,32.643,-103.8089,ng_processing,,ts68,TX,,-106.2709,31.8461,8.0,4,7,3,,,f1011356 - ts68,source_to_ts_node,uniform_ts_node,N,,,RM,175.0,RM,0.0003,s1,0,27.8053,0,50000000.0
2754,Argos Cement LLC - Harleyville Plant,f1002750,1.0,3,5,33.2262,-80.4528,cement,,ts35,SC,,-82.2981,34.8411,0.0,1,5,3,,,f1002750 - ts35,source_to_ts_node,uniform_ts_node,N,,,SE,175.0,SE,0.0003,s1,0,36.5084,0,50000000.0
2755,WE HEREFORD LLC,f1004799,3.0,3,7,34.8219,-102.3704,ethanol,,ts51,NM,,-104.0351,36.5833,4.0,4,8,4,,,f1004799 - ts51,source_to_ts_node,operational_ts_node,N,,,SWCA,175.0,SWCA,0.0003,s1,0,35.1883,0,50000000.0
2756,,ts19,3.0,2,4,38.5117,-96.5668,uniform_ts_node,,p5305,KS,,-99.3733,38.9887,0.0,3,4,2,,,ts19 - p5305,ts_node_to_demand,co2_eor,N,,,GP,175.0,GP,0.0003,s1,0,27.8053,0,50000000.0
2757,,ts53,5.0,4,8,42.1067,-108.417,operational_ts_node,,ts56,,,-106.2405,43.6569,,5,8,4,,,ts53 - ts56,ts_node_to_ts_node,operational_ts_node,Y,,23696322.8372,RM,175.0,RM,0.0003,s1,0,27.8053,0,50000000.0
2758,,ts56,5.0,4,8,43.6569,-106.2405,operational_ts_node,,ts53,,,-108.417,42.1067,,5,8,4,,,ts56 - ts53,ts_node_to_ts_node,operational_ts_node,N,,0.0,RM,175.0,RM,0.0003,s1,0,27.8053,0,50000000.0
2759,,ts30,1.0,3,6,35.2015,-85.8272,uniform_ts_node,Knox6,s97,KY,1700.0,-87.624,37.5415,0.0,1,6,3,0.0,s97,ts30 - s97,ts_node_to_storage,storage,N,,,SE,175.0,SE,0.0003,s1,0,36.5084,0,50000000.0
2760,facility_pp_natgas_1947,fc1947_cluster,,4,8,32.225,-107.4082,pp_natgas,,ts69,NM,,-107.2926,34.4406,4.0,4,8,4,,,fc1947_cluster - ts69,source_to_ts_node,uniform_ts_node,N,,,RM,175.0,RM,0.0003,s1,0,27.8053,0,50000000.0
2761,"PCS Nitrogen Ohio, L.P.",f1002229,1.0,2,3,40.7113,-84.1382,ammonia,,ts37,OH,,-81.1971,40.5228,0.0,1,3,2,,,f1002229 - ts37,source_to_ts_node,uniform_ts_node,N,,,GL,175.0,GL,0.0003,s1,0,39.3153,0,50000000.0
2762,HOLCIM (US) INC. DEVIL\S SLIDE PLANT,f1004131,5.0,4,8,41.0633,-111.5317,cement,,ts55,CO,,-108.8773,40.0975,0.0,5,8,4,,,f1004131 - ts55,source_to_ts_node,operational_ts_node,N,,,RM,175.0,RM,0.0003,s1,0,27.8053,0,50000000.0
2763,IRON HORSE PROCESSING PLANT,f1013647,3.0,3,7,35.146,-97.9218,ng_processing,,ts66,TX,,-100.6543,35.3989,10.0,3,7,3,,,f1013647 - ts66,source_to_ts_node,uniform_ts_node,N,,,GP,175.0,GP,0.0003,s1,0,27.8053,0,50000000.0
2764,CHEROKEE NITROGEN,f1007770,2.0,3,6,34.803,-87.9397,ammonia,,hsm_cent2,,,-86.8305,32.7777,,2,6,3,,,f1007770 - hsm_cent2,source_to_hsm_cent,hsm_centroid,Y,,116550.5151,SE,175.0,SE,0.0003,s1,0,36.5084,0,50000000.0
2765,Fairborn Cement Company LLC,f1006212,1.0,2,3,39.7779,-83.9661,cement,,ts37,OH,,-81.1971,40.5228,0.0,1,3,2,,,f1006212 - ts37,source_to_ts_node,uniform_ts_node,N,,,GL,175.0,GL,0.0003,s1,0,39.3153,0,50000000.0
2766,"RED TRAIL ENERGY, LLC",f1001157,6.0,2,4,46.8786,-102.296,ethanol,,ts57,SD,,-100.7778,44.9071,0.0,6,4,2,,,f1001157 - ts57,source_to_ts_node,uniform_ts_node,N,,0.0,GP,175.0,GP,0.0003,s1,0,27.8053,0,50000000.0
2767,ONE EARTH ENERGY LLC,f1002356,1.0,2,3,40.4711,-88.3957,ethanol,,ts27,IL,,-89.1261,38.321,0.0,1,3,2,,,f1002356 - ts27,source_to_ts_node,uniform_ts_node,N,,,GL,175.0,GL,0.0003,s1,0,39.3153,0,50000000.0
2768,"Pennsylvania Grain Processing, LLC",f1003637,1.0,1,2,41.0308,-78.4298,ethanol,,ts42,NY,,-76.6688,42.8399,0.0,1,2,1,,,f1003637 - ts42,source_to_ts_node,uniform_ts_node,N,,,MA,175.0,MA,0.0004,s1,0,49.5981,0,50000000.0
2769,facility_ethanol_1912,fc1912_cluster,,1,2,41.0308,-78.4298,ethanol,,ts42,NY,,-76.6688,42.8399,0.0,1,2,1,,,fc1912_cluster - ts42,source_to_ts_node,uniform_ts_node,N,,,MA,175.0,MA,0.0004,s1,0,49.5981,0,50000000.0
2770,ADM CORN PROCESSING,f1006047,3.0,2,4,41.9192,-91.6862,ethanol,,ts28,IL,,-88.8466,41.1859,0.0,1,3,2,,,f1006047 - ts28,source_to_ts_node,uniform_ts_node,N,,,GP,175.0,GP,0.0003,s1,0,27.8053,0,50000000.0
2771,facility_pp_coal_1927,fc1927_cluster,,3,5,36.5997,-78.9417,pp_coal,,ts39,NC,,-78.8067,34.3752,0.0,1,5,3,,,fc1927_cluster - ts39,source_to_ts_node,uniform_ts_node,N,,,MA,175.0,MA,0.0004,s1,0,49.5981,0,50000000.0
2772,SOUTH EDDY CRYO PLANT,f1012463,4.0,4,8,32.1613,-103.8284,ng_processing,,ts48,TX,,-101.2617,32.7688,81.0,4,7,3,,,f1012463 - ts48,source_to_ts_node,operational_ts_node,N,,,RM,175.0,RM,0.0003,s1,0,27.8053,0,50000000.0
2773,Hereford Ethanol Partners LP,f1000352,3.0,3,7,34.85,-102.2868,ethanol,,ts51,NM,,-104.0351,36.5833,4.0,4,8,4,,,f1000352 - ts51,source_to_ts_node,operational_ts_node,N,,,SWCA,175.0,SWCA,0.0003,s1,0,35.1883,0,50000000.0
2774,,ts46,2.0,3,7,30.1309,-93.8362,operational_ts_node,Frio9b,s78,TX,2342.0,-96.7746,28.605,2.0,2,7,3,0.0,s78,ts46 - s78,ts_node_to_storage,storage,N,,,SWCA,175.0,SWCA,0.0003,s1,0,35.1883,0,50000000.0
2775,,ts46,2.0,3,7,30.1309,-93.8362,operational_ts_node,Frio9a,s77,TX,2342.0,-96.7746,28.605,2.0,2,7,3,0.0,s77,ts46 - s77,ts_node_to_storage,storage,N,,,SWCA,175.0,SWCA,0.0003,s1,0,35.1883,0,50000000.0
2776,VALERO ALBERT CITY PLANT,f1002505,3.0,2,4,42.7754,-94.9424,ethanol,,ts25,MN,,-92.573,44.2227,0.0,3,4,2,,,f1002505 - ts25,source_to_ts_node,uniform_ts_node,N,,,GP,175.0,GP,0.0003,s1,0,27.8053,0,50000000.0
2777,ASH GROVE CEMENT CO-CHANUTE PLANT,f1002665,3.0,2,4,37.6988,-95.4597,cement,,ts18,OK,,-96.5454,35.639,0.0,3,7,3,,,f1002665 - ts18,source_to_ts_node,uniform_ts_node,N,,,GP,175.0,GP,0.0003,s1,0,27.8053,0,50000000.0
2778,,ts45,2.0,3,7,30.7654,-90.7576,operational_ts_node,,p4921,LA,,-92.1828,32.6582,0.0,2,7,3,,,ts45 - p4921,ts_node_to_demand,co2_eor,N,,,SE,175.0,SE,0.0003,s1,0,36.5084,0,50000000.0
2779,ARTESIA GAS PLANT,f1002515,4.0,4,8,32.7564,-104.2111,ng_processing,,ts49,TX,,-102.0845,31.404,73.0,4,7,3,,,f1002515 - ts49,source_to_ts_node,operational_ts_node,N,,,RM,175.0,RM,0.0003,s1,0,27.8053,0,50000000.0
2780,facility_ng_processing_1985,fc1985_cluster,,4,8,38.1295,-104.8068,ng_processing,,ts59,CO,,-103.5956,40.1656,0.0,5,8,4,,,fc1985_cluster - ts59,source_to_ts_node,uniform_ts_node,N,,,RM,175.0,RM,0.0003,s1,0,27.8053,0,50000000.0
2781,ARGOS CEMENT LLC. - ROBERTA PLANT,f1006659,2.0,3,6,33.1043,-86.7985,cement,,ts30,TN,,-85.8272,35.2015,0.0,1,6,3,,,f1006659 - ts30,source_to_ts_node,uniform_ts_node,N,,,SE,175.0,SE,0.0003,s1,0,36.5084,0,50000000.0
2782,ARGOS USA -Martinsburg,f1007566,1.0,3,5,39.4349,-77.9779,cement,,ts40,VA,,-78.148,37.2015,0.0,1,5,3,,,f1007566 - ts40,source_to_ts_node,uniform_ts_node,N,,,MA,175.0,MA,0.0004,s1,0,49.5981,0,50000000.0
2783,Hereford Ethanol Partners LP,f1000352,3.0,3,7,34.85,-102.2868,ethanol,,ts48,TX,,-101.2617,32.7688,81.0,4,7,3,,,f1000352 - ts48,source_to_ts_node,operational_ts_node,N,,,SWCA,175.0,SWCA,0.0003,s1,0,35.1883,0,50000000.0
2784,WE HEREFORD LLC,f1004799,3.0,3,7,34.8219,-102.3704,ethanol,,ts48,TX,,-101.2617,32.7688,81.0,4,7,3,,,f1004799 - ts48,source_to_ts_node,operational_ts_node,N,,,SWCA,175.0,SWCA,0.0003,s1,0,35.1883,0,50000000.0
2785,MOUNTAIN CEMENT CO,f1005978,5.0,4,8,41.2611,-105.6032,cement,,ts53,WY,,-108.417,42.1067,0.0,5,8,4,,,f1005978 - ts53,source_to_ts_node,operational_ts_node,N,,,RM,175.0,RM,0.0003,s1,0,27.8053,0,50000000.0
2786,Green Plains York LLC,f1006694,3.0,2,4,40.6987,-97.5674,ethanol,,ts17,NE,,-100.4651,41.3081,0.0,3,4,2,,,f1006694 - ts17,source_to_ts_node,uniform_ts_node,N,,,GP,175.0,GP,0.0003,s1,0,27.8053,0,50000000.0
2787,"POET- Biorefining Fairmont, LLC",f1002073,3.0,2,4,40.6112,-97.6015,ethanol,,ts19,KS,,-96.5668,38.5117,0.0,3,4,2,,,f1002073 - ts19,source_to_ts_node,uniform_ts_node,N,,,GP,175.0,GP,0.0003,s1,0,27.8053,0,50000000.0
2788,"POET- Biorefining Fairmont, LLC",f1002073,3.0,2,4,40.6112,-97.6015,ethanol,,ts17,NE,,-100.4651,41.3081,0.0,3,4,2,,,f1002073 - ts17,source_to_ts_node,uniform_ts_node,N,,,GP,175.0,GP,0.0003,s1,0,27.8053,0,50000000.0
2789,,ts51,4.0,4,8,36.5833,-104.0351,operational_ts_node,Entrada9,s58,NM,5705.0,-107.6036,36.5049,4.0,4,8,4,0.0,s58,ts51 - s58,ts_node_to_storage,storage,N,,,RM,175.0,RM,0.0003,s1,0,27.8053,0,50000000.0
2790,,ts17,3.0,2,4,41.3081,-100.4651,uniform_ts_node,Fountain2a,s65,CO,2794.0,-103.683,40.1835,0.0,5,8,4,0.0,s65,ts17 - s65,ts_node_to_storage,storage,N,,,GP,175.0,GP,0.0003,s1,0,27.8053,0,50000000.0
2791,,ts17,3.0,2,4,41.3081,-100.4651,uniform_ts_node,Fountain2b,s66,CO,2794.0,-103.683,40.1835,0.0,5,8,4,0.0,s66,ts17 - s66,ts_node_to_storage,storage,N,,,GP,175.0,GP,0.0003,s1,0,27.8053,0,50000000.0
2792,,ts17,3.0,2,4,41.3081,-100.4651,uniform_ts_node,Lyons2,s112,CO,2784.0,-103.683,40.1835,0.0,5,8,4,0.0,s112,ts17 - s112,ts_node_to_storage,storage,N,,,GP,175.0,GP,0.0003,s1,0,27.8053,0,50000000.0
2793,,ts51,4.0,4,8,36.5833,-104.0351,operational_ts_node,Arbuckle3,s3,KS,3039.0,-101.817,39.2763,0.0,3,4,2,0.0,s3,ts51 - s3,ts_node_to_storage,storage,N,,,RM,175.0,RM,0.0003,s1,0,27.8053,0,50000000.0
2794,facility_pp_natgas_1948,fc1948_cluster,,4,8,40.1434,-111.7874,pp_natgas,,ts63,UT,,-111.4886,37.9053,0.0,5,8,4,,,fc1948_cluster - ts63,source_to_ts_node,uniform_ts_node,N,,,RM,175.0,RM,0.0003,s1,0,27.8053,0,50000000.0
2795,facility_ammonia_2009,fc2009_cluster,,3,3,42.0372,-86.5322,ammonia,,ts33,MI,,-84.5405,43.7706,0.0,1,3,2,,,fc2009_cluster - ts33,source_to_ts_node,uniform_ts_node,N,,,GL,175.0,GL,0.0003,s1,0,39.3153,0,50000000.0
2796,facility_beccs_2018,fc2018_cluster,,2,3,42.0372,-86.5322,beccs,,ts33,MI,,-84.5405,43.7706,0.0,1,3,2,,,fc2018_cluster - ts33,source_to_ts_node,uniform_ts_node,N,,,GL,175.0,GL,0.0003,s1,0,39.3153,0,50000000.0
2797,Lehigh Cement Company LLC,f1000290,1.0,1,2,43.3064,-73.6208,cement,,ts42,NY,,-76.6688,42.8399,0.0,1,2,1,,,f1000290 - ts42,source_to_ts_node,uniform_ts_node,N,,,MA,175.0,MA,0.0004,s1,0,49.5981,0,50000000.0
2798,,ts29,1.0,2,3,44.0574,-88.5434,uniform_ts_node,St. Peter8,s200,MI,11160.0,-85.0621,42.4439,0.0,1,3,2,0.0,s200,ts29 - s200,ts_node_to_storage,storage,N,,,GL,175.0,GL,0.0003,s1,0,39.3153,0,50000000.0
2799,HOLCIM INCORPORATED,f1002204,3.0,3,7,34.7675,-96.6965,cement,,ts58,TX,,-97.3799,32.575,5.0,4,7,3,,,f1002204 - ts58,source_to_ts_node,uniform_ts_node,N,,,GP,175.0,GP,0.0003,s1,0,27.8053,0,50000000.0
2800,,ts46,2.0,3,7,30.1309,-93.8362,operational_ts_node,Eutaw1,s59,MS,29518.0,-89.8942,31.9943,0.0,2,6,3,0.0,s59,ts46 - s59,ts_node_to_storage,storage,N,,,SWCA,175.0,SWCA,0.0003,s1,0,35.1883,0,50000000.0
2801,,ts40,1.0,3,5,37.2015,-78.148,uniform_ts_node,Waste Gate1,s218,MD,904.0,-75.3531,38.4393,0.0,1,5,3,0.0,s218,ts40 - s218,ts_node_to_storage,storage,N,,,MA,175.0,MA,0.0004,s1,0,49.5981,0,50000000.0
2802,facility_beccs_2013,fc2013_cluster,,4,8,40.4534,-110.2953,beccs,,ts64,ID,,-112.1273,42.2721,0.0,5,8,4,,,fc2013_cluster - ts64,source_to_ts_node,uniform_ts_node,N,,,RM,175.0,RM,0.0003,s1,0,27.8053,0,50000000.0
2803,facility_ethanol_1913,fc1913_cluster,,2,8,40.4534,-110.2953,ethanol,,ts64,ID,,-112.1273,42.2721,0.0,5,8,4,,,fc1913_cluster - ts64,source_to_ts_node,uniform_ts_node,N,,,RM,175.0,RM,0.0003,s1,0,27.8053,0,50000000.0
2804,Holcim (US) Inc,f1004810,2.0,3,6,30.5349,-88.1121,cement,,ts45,LA,,-90.7576,30.7654,0.0,2,7,3,,,f1004810 - ts45,source_to_ts_node,operational_ts_node,N,,,SE,175.0,SE,0.0003,s1,0,36.5084,0,50000000.0
2805,,ts72,2.0,3,7,29.0,-97.5,uniform_ts_node,,p4701,TX,,-95.0593,29.8337,3.0,2,7,3,,,ts72 - p4701,ts_node_to_demand,co2_eor,N,,,SWCA,175.0,SWCA,0.0003,s1,0,35.1883,0,50000000.0
2806,"Alto Pekin, LLC",f1000413,1.0,2,3,40.555,-89.6628,ethanol,,ts27,IL,,-89.1261,38.321,0.0,1,3,2,,,f1000413 - ts27,source_to_ts_node,uniform_ts_node,N,,,GL,175.0,GL,0.0003,s1,0,39.3153,0,50000000.0
2807,facility_pp_natgas_1975,fc1975_cluster,,2,3,39.7381,-86.5129,pp_natgas,,ts28,IL,,-88.8466,41.1859,0.0,1,3,2,,,fc1975_cluster - ts28,source_to_ts_node,uniform_ts_node,N,,,GL,175.0,GL,0.0003,s1,0,39.3153,0,50000000.0
2808,ARTESIA GAS PLANT,f1002515,4.0,4,8,32.7564,-104.2111,ng_processing,,hsm_cent5,,,-106.1128,34.4096,,5,8,4,,,f1002515 - hsm_cent5,source_to_hsm_cent,hsm_centroid,Y,,15622.7089,RM,175.0,RM,0.0003,s1,0,27.8053,0,50000000.0
2809,ARTESIA GAS PLANT,f1002515,4.0,4,8,32.7564,-104.2111,ng_processing,,hsm_cent4,,,-106.1128,34.4096,,4,8,4,,,f1002515 - hsm_cent4,source_to_hsm_cent,hsm_centroid,Y,,15622.7089,RM,175.0,RM,0.0003,s1,0,27.8053,0,50000000.0
2810,,ts32,1.0,2,3,40.9117,-85.0039,uniform_ts_node,Knox1,s92,IL,10500.0,-88.8089,38.8847,0.0,1,3,2,0.0,s92,ts32 - s92,ts_node_to_storage,storage,N,,,GL,175.0,GL,0.0003,s1,0,39.3153,0,50000000.0
2811,,ts32,1.0,2,3,40.9117,-85.0039,uniform_ts_node,Mount Simon2,s135,IL,5957.0,-88.5947,39.0412,0.0,1,3,2,0.0,s135,ts32 - s135,ts_node_to_storage,storage,N,,,GL,175.0,GL,0.0003,s1,0,39.3153,0,50000000.0
2812,,nat001,5.0,4,8,37.32,-108.67,nat_co2_field,,ts63,UT,,-111.4886,37.9053,0.0,5,8,4,,,nat001 - ts63,nat_co2_to_ts_node,uniform_ts_node,N,McElmo Dome,,RM,175.0,RM,0.0003,s1,0,27.8053,0,50000000.0
2813,,ts30,1.0,3,6,35.2015,-85.8272,uniform_ts_node,Mount Simon11,s144,KY,10350.0,-84.5965,38.2913,0.0,1,6,3,0.0,s144,ts30 - s144,ts_node_to_storage,storage,N,,,SE,175.0,SE,0.0003,s1,0,36.5084,0,50000000.0
2814,facility_cement_1998,fc1998_cluster,,3,5,32.6372,-80.6053,cement,,ts39,NC,,-78.8067,34.3752,0.0,1,5,3,,,fc1998_cluster - ts39,source_to_ts_node,uniform_ts_node,N,,,SE,175.0,SE,0.0003,s1,0,36.5084,0,50000000.0
2815,,ts67,3.0,3,7,33.2042,-93.5084,uniform_ts_node,Lower Tuscaloosa9,s109,MS,8003.0,-90.0943,31.3641,0.0,2,6,3,0.0,s109,ts67 - s109,ts_node_to_storage,storage,N,,,SE,175.0,SE,0.0003,s1,0,36.5084,0,50000000.0
2816,HUSKER AG L L C,f1005369,3.0,2,4,42.3507,-97.708,ethanol,,ts17,NE,,-100.4651,41.3081,0.0,3,4,2,,,f1005369 - ts17,source_to_ts_node,uniform_ts_node,N,,,GP,175.0,GP,0.0003,s1,0,27.8053,0,50000000.0
2817,"NE Nitro Geneva, LLC",f1013265,3.0,2,4,40.5389,-97.58,ammonia,,ts17,NE,,-100.4651,41.3081,0.0,3,4,2,,,f1013265 - ts17,source_to_ts_node,uniform_ts_node,N,,,GP,175.0,GP,0.0003,s1,0,27.8053,0,50000000.0
2818,AGRIUM US BORGER NITROGEN OPERATIONS,f1002380,3.0,3,7,35.6411,-101.4203,ammonia,,ts51,NM,,-104.0351,36.5833,4.0,4,8,4,,,f1002380 - ts51,source_to_ts_node,operational_ts_node,N,,,SWCA,175.0,SWCA,0.0003,s1,0,35.1883,0,50000000.0
2819,Valero Bloominburg Plant,f1002989,1.0,2,3,39.5975,-83.3904,ethanol,,ts36,WV,,-81.7687,37.6841,0.0,1,5,3,,,f1002989 - ts36,source_to_ts_node,uniform_ts_node,N,,,GL,175.0,GL,0.0003,s1,0,39.3153,0,50000000.0
2820,CEMEX Construction Materials Pacific LLC,f1002308,7.0,4,9,34.3965,-117.15,cement,,ts4,CA,,-118.4952,36.4119,0.0,7,9,4,,,f1002308 - ts4,source_to_ts_node,uniform_ts_node,N,,,SWCA,175.0,SWCA,0.0003,s1,0,35.1883,0,50000000.0
2821,DIAMOND CRYO,f1013544,4.0,3,7,31.0039,-103.755,ng_processing,,ts68,TX,,-106.2709,31.8461,8.0,4,7,3,,,f1013544 - ts68,source_to_ts_node,uniform_ts_node,N,,,SWCA,175.0,SWCA,0.0003,s1,0,35.1883,0,50000000.0
2822,Argos Cement LLC,f1005458,2.0,3,5,29.6907,-82.5821,cement,,ts34,GA,,-82.7898,31.9873,0.0,1,5,3,,,f1005458 - ts34,source_to_ts_node,uniform_ts_node,N,,,SE,175.0,SE,0.0003,s1,0,36.5084,0,50000000.0
2823,,ts31,1.0,3,6,38.0578,-85.4315,uniform_ts_node,Mount Simon3,s136,IL,20633.0,-89.239,39.9199,0.0,1,3,2,0.0,s136,ts31 - s136,ts_node_to_storage,storage,N,,,SE,175.0,SE,0.0003,s1,0,36.5084,0,50000000.0
2824,FirstEnergy Harrison,fpp3944.03    ,1.0,3,5,39.384,-80.333,pp_coal,,ts41,PA,,-77.4375,40.0209,0.0,1,2,1,,,fpp3944.03     - ts41,source_to_ts_node,uniform_ts_node,N,,,MA,175.0,MA,0.0004,s1,0,49.5981,0,50000000.0
2825,FirstEnergy Harrison,fpp3944.01    ,1.0,3,5,39.384,-80.333,pp_coal,,ts41,PA,,-77.4375,40.0209,0.0,1,2,1,,,fpp3944.01     - ts41,source_to_ts_node,uniform_ts_node,N,,,MA,175.0,MA,0.0004,s1,0,49.5981,0,50000000.0
2826,Glacial Lakes Energy,f1005386,6.0,2,4,44.8762,-97.1137,ethanol,,ts22,MN,,-96.6423,47.1634,0.0,3,4,2,,,f1005386 - ts22,source_to_ts_node,uniform_ts_node,N,,,GP,175.0,GP,0.0003,s1,0,27.8053,0,50000000.0
2827,Valero Lakota Plant,f1005306,3.0,2,4,43.3839,-94.1471,ethanol,,ts24,IA,,-92.7128,41.3438,0.0,3,4,2,,,f1005306 - ts24,source_to_ts_node,uniform_ts_node,N,,,GP,175.0,GP,0.0003,s1,0,27.8053,0,50000000.0
2828,,ts50,4.0,4,8,36.9785,-108.1461,operational_ts_node,Entrada2,s51,UT,10799.0,-110.4089,39.6458,0.0,5,8,4,0.0,s51,ts50 - s51,ts_node_to_storage,storage,N,,,RM,175.0,RM,0.0003,s1,0,27.8053,0,50000000.0
2829,"East Dubuque Nitrogen Fertilizers, LLC",f1005502,1.0,2,3,42.4431,-90.5569,ammonia,,ts25,MN,,-92.573,44.2227,0.0,3,4,2,,,f1005502 - ts25,source_to_ts_node,uniform_ts_node,N,,,GL,175.0,GL,0.0003,s1,0,39.3153,0,50000000.0
2830,facility_pp_natgas_1976,fc1976_cluster,,2,3,38.573,-82.783,pp_natgas,,ts37,OH,,-81.1971,40.5228,0.0,1,3,2,,,fc1976_cluster - ts37,source_to_ts_node,uniform_ts_node,N,,,GL,175.0,GL,0.0003,s1,0,39.3153,0,50000000.0
2831,,ts65,1.0,3,6,35.2784,-89.5434,uniform_ts_node,Knox6,s97,KY,1700.0,-87.624,37.5415,0.0,1,6,3,0.0,s97,ts65 - s97,ts_node_to_storage,storage,N,,,SE,175.0,SE,0.0003,s1,0,36.5084,0,50000000.0
2832,,ts17,3.0,2,4,41.3081,-100.4651,uniform_ts_node,,p3905,CO,,-103.449,40.7334,0.0,5,8,4,,,ts17 - p3905,ts_node_to_demand,co2_eor,N,,,GP,175.0,GP,0.0003,s1,0,27.8053,0,50000000.0
2833,facility_pp_natgas_1957,fc1957_cluster,,3,7,32.4107,-94.3281,pp_natgas,,ts46,TX,,-93.8362,30.1309,3.0,2,7,3,,,fc1957_cluster - ts46,source_to_ts_node,operational_ts_node,N,,,SWCA,175.0,SWCA,0.0003,s1,0,35.1883,0,50000000.0
2834,Argos Cement LLC - Harleyville Plant,f1002750,1.0,3,5,33.2262,-80.4528,cement,,ts34,GA,,-82.7898,31.9873,0.0,1,5,3,,,f1002750 - ts34,source_to_ts_node,uniform_ts_node,N,,,SE,175.0,SE,0.0003,s1,0,36.5084,0,50000000.0
2835,facility_pp_natgas_1980,fc1980_cluster,,2,4,44.7936,-93.4428,pp_natgas,,ts21,SD,,-96.615,44.2654,0.0,6,4,2,,,fc1980_cluster - ts21,source_to_ts_node,uniform_ts_node,N,,,GP,175.0,GP,0.0003,s1,0,27.8053,0,50000000.0
2836,,ts57,6.0,2,4,44.9071,-100.7778,uniform_ts_node,Madison Gp-Mission Canyon4,s117,MT,42151.0,-105.8029,47.238,0.0,6,8,4,0.0,s117,ts57 - s117,ts_node_to_storage,storage,N,,,GP,175.0,GP,0.0003,s1,0,27.8053,0,50000000.0
2837,facility_pp_natgas_1967,fc1967_cluster,,3,5,33.8361,-84.852,pp_natgas,,ts35,SC,,-82.2981,34.8411,0.0,1,5,3,,,fc1967_cluster - ts35,source_to_ts_node,uniform_ts_node,N,,,SE,175.0,SE,0.0003,s1,0,36.5084,0,50000000.0
2838,LAFARGE NA WHITEHALL PLANT,f1005639,1.0,1,2,40.6876,-75.5063,cement,,ts42,NY,,-76.6688,42.8399,0.0,1,2,1,,,f1005639 - ts42,source_to_ts_node,uniform_ts_node,N,,,MA,175.0,MA,0.0004,s1,0,49.5981,0,50000000.0
2839,SOUTHWEST IOWA RENEWABLE ENERGY,f1001865,3.0,2,4,41.1675,-95.824,ethanol,,ts24,IA,,-92.7128,41.3438,0.0,3,4,2,,,f1001865 - ts24,source_to_ts_node,uniform_ts_node,N,,,GP,175.0,GP,0.0003,s1,0,27.8053,0,50000000.0
2840,LOBO PROCESSING PLANT,f1012781,4.0,3,7,31.7505,-103.5075,ng_processing,,ts47,NM,,-104.5168,33.918,4.0,4,8,4,,,f1012781 - ts47,source_to_ts_node,operational_ts_node,N,,,SWCA,175.0,SWCA,0.0003,s1,0,35.1883,0,50000000.0
2841,Green Plains York LLC,f1006694,3.0,2,4,40.6987,-97.5674,ethanol,,ts19,KS,,-96.5668,38.5117,0.0,3,4,2,,,f1006694 - ts19,source_to_ts_node,uniform_ts_node,N,,,GP,175.0,GP,0.0003,s1,0,27.8053,0,50000000.0
2842,KEYSTONE CEMENT COMPANY,f1005622,1.0,1,2,40.7154,-75.4009,cement,,ts42,NY,,-76.6688,42.8399,0.0,1,2,1,,,f1005622 - ts42,source_to_ts_node,uniform_ts_node,N,,,MA,175.0,MA,0.0004,s1,0,49.5981,0,50000000.0
2843,HERCULES CEMENT STOCKERTOWN PLT QUARRY,f1006450,1.0,1,2,40.7504,-75.2711,cement,,ts43,MA,,-72.8249,42.2012,0.0,1,1,1,,,f1006450 - ts43,source_to_ts_node,uniform_ts_node,N,,,MA,175.0,MA,0.0004,s1,0,49.5981,0,50000000.0
2844,GIANT CEMENT COMPANY,f1003770,1.0,3,5,33.2428,-80.4422,cement,,ts34,GA,,-82.7898,31.9873,0.0,1,5,3,,,f1003770 - ts34,source_to_ts_node,uniform_ts_node,N,,,SE,175.0,SE,0.0003,s1,0,36.5084,0,50000000.0
2845,facility_ammonia_2004,fc2004_cluster,,4,8,41.5414,-109.131,ammonia,,ts64,ID,,-112.1273,42.2721,0.0,5,8,4,,,fc2004_cluster - ts64,source_to_ts_node,uniform_ts_node,N,,,RM,175.0,RM,0.0003,s1,0,27.8053,0,50000000.0
2846,SIMPLOT PHOSPHATES,f1003087,5.0,4,8,41.5414,-109.131,ammonia,,ts64,ID,,-112.1273,42.2721,0.0,5,8,4,,,f1003087 - ts64,source_to_ts_node,uniform_ts_node,N,,,RM,175.0,RM,0.0003,s1,0,27.8053,0,50000000.0
2847,TERRELL GAS PROCESSING,f1000002,2.0,3,7,40.3711,-85.1981,ng_processing,,ts31,KY,,-85.4315,38.0578,0.0,1,6,3,,,f1000002 - ts31,source_to_ts_node,uniform_ts_node,N,,,GL,175.0,GL,0.0003,s1,0,39.3153,0,50000000.0
2848,facility_pp_natgas_1951,fc1951_cluster,,3,7,30.6883,-96.4717,pp_natgas,,ts46,TX,,-93.8362,30.1309,3.0,2,7,3,,,fc1951_cluster - ts46,source_to_ts_node,operational_ts_node,N,,,SWCA,175.0,SWCA,0.0003,s1,0,35.1883,0,50000000.0
2849,facility_pp_natgas_1966,fc1966_cluster,,3,5,35.4228,-81.0956,pp_natgas,,ts36,WV,,-81.7687,37.6841,0.0,1,5,3,,,fc1966_cluster - ts36,source_to_ts_node,uniform_ts_node,N,,,SE,175.0,SE,0.0003,s1,0,36.5084,0,50000000.0
2850,,ts69,4.0,4,8,34.4406,-107.2926,uniform_ts_node,,ts47,,,-104.5168,33.918,,4,8,4,,,ts69 - ts47,ts_node_to_ts_node,operational_ts_node,N,,,RM,175.0,RM,0.0003,s1,0,27.8053,0,50000000.0
2851,,ts47,4.0,4,8,33.918,-104.5168,operational_ts_node,,ts69,,,-107.2926,34.4406,,4,8,4,,,ts47 - ts69,ts_node_to_ts_node,uniform_ts_node,N,,,RM,175.0,RM,0.0003,s1,0,27.8053,0,50000000.0
2852,CEMEX CONSTRUCTION MATERIALS ATLANTIC LLC,f1004721,1.0,3,6,36.0225,-83.8344,cement,,ts36,WV,,-81.7687,37.6841,0.0,1,5,3,,,f1004721 - ts36,source_to_ts_node,uniform_ts_node,N,,,SE,175.0,SE,0.0003,s1,0,36.5084,0,50000000.0
2853,HERCULES CEMENT STOCKERTOWN PLT QUARRY,f1006450,1.0,1,2,40.7504,-75.2711,cement,,ts42,NY,,-76.6688,42.8399,0.0,1,2,1,,,f1006450 - ts42,source_to_ts_node,uniform_ts_node,N,,,MA,175.0,MA,0.0004,s1,0,49.5981,0,50000000.0
2854,LOBO PROCESSING PLANT,f1012781,4.0,3,7,31.7505,-103.5075,ng_processing,,ts68,TX,,-106.2709,31.8461,8.0,4,7,3,,,f1012781 - ts68,source_to_ts_node,uniform_ts_node,N,,,SWCA,175.0,SWCA,0.0003,s1,0,35.1883,0,50000000.0
2855,,ts63,5.0,4,8,37.9053,-111.4886,uniform_ts_node,Entrada9,s58,NM,5705.0,-107.6036,36.5049,4.0,4,8,4,0.0,s58,ts63 - s58,ts_node_to_storage,storage,N,,,RM,175.0,RM,0.0003,s1,0,27.8053,0,50000000.0
2856,Oak Grove (TX)      ,fpp6180.0OG1  ,4.0,3,7,31.18,-96.487,pp_coal,,ts72,TX,,-97.5,29.0,2.0,2,7,3,,,fpp6180.0OG1   - ts72,source_to_ts_node,uniform_ts_node,N,,,SWCA,175.0,SWCA,0.0003,s1,0,35.1883,0,50000000.0
2857,Oak Grove (TX)      ,fpp6180.0OG2  ,4.0,3,7,31.18,-96.487,pp_coal,,ts72,TX,,-97.5,29.0,2.0,2,7,3,,,fpp6180.0OG2   - ts72,source_to_ts_node,uniform_ts_node,N,,,SWCA,175.0,SWCA,0.0003,s1,0,35.1883,0,50000000.0
2858,KOCH FERITLIZER ENID LLC ENID NITROGEN PLT,f1002407,3.0,3,7,36.3795,-97.7651,ammonia,,ts19,KS,,-96.5668,38.5117,0.0,3,4,2,,,f1002407 - ts19,source_to_ts_node,uniform_ts_node,N,,,GP,175.0,GP,0.0003,s1,0,27.8053,0,50000000.0
2859,facility_pp_natgas_1946,fc1946_cluster,,4,8,33.2658,-112.4756,pp_natgas,,ts14,AZ,,-110.2396,31.8609,0.0,5,8,4,,,fc1946_cluster - ts14,source_to_ts_node,uniform_ts_node,N,,,SWCA,175.0,SWCA,0.0003,s1,0,35.1883,0,50000000.0
2860,MONARCH CEMENT COMPANY (THE),f1001701,3.0,2,4,37.7972,-95.4314,cement,,ts18,OK,,-96.5454,35.639,0.0,3,7,3,,,f1001701 - ts18,source_to_ts_node,uniform_ts_node,N,,,GP,175.0,GP,0.0003,s1,0,27.8053,0,50000000.0
2861,RED HILLS GAS PROCESSING PLANT,f1011064,4.0,4,8,32.2104,-103.5214,ng_processing,,ts68,TX,,-106.2709,31.8461,8.0,4,7,3,,,f1011064 - ts68,source_to_ts_node,uniform_ts_node,N,,,RM,175.0,RM,0.0003,s1,0,27.8053,0,50000000.0
2862,,ts23,3.0,2,4,38.4726,-92.8416,uniform_ts_node,Knox1,s92,IL,10500.0,-88.8089,38.8847,0.0,1,3,2,0.0,s92,ts23 - s92,ts_node_to_storage,storage,N,,,GP,175.0,GP,0.0003,s1,0,27.8053,0,50000000.0
2863,Lehigh Cement Co. LLC Nazareth,f1001835,1.0,1,2,40.7297,-75.3008,cement,,ts42,NY,,-76.6688,42.8399,0.0,1,2,1,,,f1001835 - ts42,source_to_ts_node,uniform_ts_node,N,,,MA,175.0,MA,0.0004,s1,0,49.5981,0,50000000.0
2864,HOLCIM (US) INC.,f1006815,1.0,3,5,33.273,-80.4359,cement,,ts34,GA,,-82.7898,31.9873,0.0,1,5,3,,,f1006815 - ts34,source_to_ts_node,uniform_ts_node,N,,,SE,175.0,SE,0.0003,s1,0,36.5084,0,50000000.0
2865,BATTLE HORSE PLANT,f1013903,2.0,3,7,30.1619,-96.5631,ng_processing,,ts46,TX,,-93.8362,30.1309,3.0,2,7,3,,,f1013903 - ts46,source_to_ts_node,operational_ts_node,N,,,SWCA,175.0,SWCA,0.0003,s1,0,35.1883,0,50000000.0
2866,,ts46,2.0,3,7,30.1309,-93.8362,operational_ts_node,Paluxy1,s162,TX,409.0,-95.4224,32.4907,6.0,2,7,3,0.0,s162,ts46 - s162,ts_node_to_storage,storage,N,,,SWCA,175.0,SWCA,0.0003,s1,0,35.1883,0,50000000.0
2867,Valero Hartley Plant,f1002690,3.0,2,4,43.1829,-95.5057,ethanol,,ts25,MN,,-92.573,44.2227,0.0,3,4,2,,,f1002690 - ts25,source_to_ts_node,uniform_ts_node,N,,,GP,175.0,GP,0.0003,s1,0,27.8053,0,50000000.0
2868,,ts51,4.0,4,8,36.5833,-104.0351,operational_ts_node,Mesaverde1,s119,CO,2024.0,-107.7899,37.1892,0.0,5,8,4,0.0,s119,ts51 - s119,ts_node_to_storage,storage,N,,,RM,175.0,RM,0.0003,s1,0,27.8053,0,50000000.0
2869,Valero Renewable Fuels LLC,f1004228,1.0,2,3,41.8165,-83.8357,ethanol,,ts37,OH,,-81.1971,40.5228,0.0,1,3,2,,,f1004228 - ts37,source_to_ts_node,uniform_ts_node,N,,,GL,175.0,GL,0.0003,s1,0,39.3153,0,50000000.0
2870,Lehigh Cement Co. LLC Nazareth,f1001835,1.0,1,2,40.7297,-75.3008,cement,,ts43,MA,,-72.8249,42.2012,0.0,1,1,1,,,f1001835 - ts43,source_to_ts_node,uniform_ts_node,N,,,MA,175.0,MA,0.0004,s1,0,49.5981,0,50000000.0
2871,CalPortland Company Rillito Plant,f1006669,5.0,4,8,32.4108,-111.1506,cement,,ts60,AZ,,-110.7599,34.7449,0.0,5,8,4,,,f1006669 - ts60,source_to_ts_node,uniform_ts_node,N,,,SWCA,175.0,SWCA,0.0003,s1,0,35.1883,0,50000000.0
2872,,ts66,3.0,3,7,35.3989,-100.6543,uniform_ts_node,Leonard2,s100,NM,9346.0,-103.619,32.9469,4.0,4,8,4,0.0,s100,ts66 - s100,ts_node_to_storage,storage,N,,,SWCA,175.0,SWCA,0.0003,s1,0,35.1883,0,50000000.0
2873,,ts66,3.0,3,7,35.3989,-100.6543,uniform_ts_node,Queen2,s171,NM,9346.0,-103.846,34.6309,4.0,4,8,4,0.0,s171,ts66 - s171,ts_node_to_storage,storage,N,,,SWCA,175.0,SWCA,0.0003,s1,0,35.1883,0,50000000.0
2874,,ts66,3.0,3,7,35.3989,-100.6543,uniform_ts_node,Seven Rivers2,s192,TX,51068.0,-102.4437,31.7932,8.0,4,7,3,0.0,s192,ts66 - s192,ts_node_to_storage,storage,N,,,SWCA,175.0,SWCA,0.0003,s1,0,35.1883,0,50000000.0
2875,ROBELINE PLANT,f1006682,2.0,3,7,31.6587,-93.325,ng_processing,,ts45,LA,,-90.7576,30.7654,0.0,2,7,3,,,f1006682 - ts45,source_to_ts_node,operational_ts_node,N,,,SE,175.0,SE,0.0003,s1,0,36.5084,0,50000000.0
2876,,ts51,4.0,4,8,36.5833,-104.0351,operational_ts_node,Morrison1,s125,CO,1958.0,-107.7904,37.1956,0.0,5,8,4,0.0,s125,ts51 - s125,ts_node_to_storage,storage,N,,,RM,175.0,RM,0.0003,s1,0,27.8053,0,50000000.0
2877,TARGA WILDCAT GAS PROCESSING PLANT,f1013183,4.0,3,7,31.8052,-103.2412,ng_processing,,ts47,NM,,-104.5168,33.918,4.0,4,8,4,,,f1013183 - ts47,source_to_ts_node,operational_ts_node,N,,,SWCA,175.0,SWCA,0.0003,s1,0,35.1883,0,50000000.0
2878,ARCHER DANIEL MIDLAND COMPANY,f1002916,3.0,2,4,41.424,-97.2896,ethanol,,ts17,NE,,-100.4651,41.3081,0.0,3,4,2,,,f1002916 - ts17,source_to_ts_node,uniform_ts_node,N,,,GP,175.0,GP,0.0003,s1,0,27.8053,0,50000000.0
2879,FREEPORT LNG PRETREATMENT FACILITY,f1013753,2.0,3,7,28.9849,-95.3087,ng_processing,,ts46,TX,,-93.8362,30.1309,3.0,2,7,3,,,f1013753 - ts46,source_to_ts_node,operational_ts_node,N,,,SWCA,175.0,SWCA,0.0003,s1,0,35.1883,0,50000000.0
2880,Mitsubishi Cement Corp Cushenbury Cement Plant,f1005662,7.0,4,9,34.4376,-116.891,cement,,ts4,CA,,-118.4952,36.4119,0.0,7,9,4,,,f1005662 - ts4,source_to_ts_node,uniform_ts_node,N,,,SWCA,175.0,SWCA,0.0003,s1,0,35.1883,0,50000000.0
2881,,ts4,7.0,4,9,36.4119,-118.4952,uniform_ts_node,Winters1b,s224,CA,2069.0,-121.3697,38.0495,0.0,7,9,4,0.0,s224,ts4 - s224,ts_node_to_storage,storage,N,,,SWCA,175.0,SWCA,0.0003,s1,0,35.1883,0,50000000.0
2882,,ts4,7.0,4,9,36.4119,-118.4952,uniform_ts_node,Winters1a,s223,CA,2069.0,-121.3697,38.0495,0.0,7,9,4,0.0,s223,ts4 - s223,ts_node_to_storage,storage,N,,,SWCA,175.0,SWCA,0.0003,s1,0,35.1883,0,50000000.0
2883,,ts4,7.0,4,9,36.4119,-118.4952,uniform_ts_node,Starkey1,s203,CA,2069.0,-121.3697,38.0495,0.0,7,9,4,0.0,s203,ts4 - s203,ts_node_to_storage,storage,N,,,SWCA,175.0,SWCA,0.0003,s1,0,35.1883,0,50000000.0
2884,,ts4,7.0,4,9,36.4119,-118.4952,uniform_ts_node,Mokelumne River1,s124,CA,2069.0,-121.3697,38.0495,0.0,7,9,4,0.0,s124,ts4 - s124,ts_node_to_storage,storage,N,,,SWCA,175.0,SWCA,0.0003,s1,0,35.1883,0,50000000.0
2885,facility_ethanol_1918,fc1918_cluster,,2,3,40.2174,-88.0168,ethanol,,ts32,IN,,-85.0039,40.9117,0.0,1,3,2,,,fc1918_cluster - ts32,source_to_ts_node,uniform_ts_node,N,,,GL,175.0,GL,0.0003,s1,0,39.3153,0,50000000.0
2886,,ts4,7.0,4,9,36.4119,-118.4952,uniform_ts_node,Repetto2a,s175,CA,320.0,-118.1612,33.8864,0.0,7,9,4,0.0,s175,ts4 - s175,ts_node_to_storage,storage,N,,,SWCA,175.0,SWCA,0.0003,s1,0,35.1883,0,50000000.0
2887,,ts4,7.0,4,9,36.4119,-118.4952,uniform_ts_node,Repetto2c,s177,CA,320.0,-118.1612,33.8864,0.0,7,9,4,0.0,s177,ts4 - s177,ts_node_to_storage,storage,N,,,SWCA,175.0,SWCA,0.0003,s1,0,35.1883,0,50000000.0
2888,,ts4,7.0,4,9,36.4119,-118.4952,uniform_ts_node,Repetto3a,s178,CA,125.0,-118.1612,33.8864,0.0,7,9,4,0.0,s178,ts4 - s178,ts_node_to_storage,storage,N,,,SWCA,175.0,SWCA,0.0003,s1,0,35.1883,0,50000000.0
2889,,ts4,7.0,4,9,36.4119,-118.4952,uniform_ts_node,Repetto3d,s181,CA,125.0,-118.1612,33.8864,0.0,7,9,4,0.0,s181,ts4 - s181,ts_node_to_storage,storage,N,,,SWCA,175.0,SWCA,0.0003,s1,0,35.1883,0,50000000.0
2890,,ts4,7.0,4,9,36.4119,-118.4952,uniform_ts_node,Repetto3b,s179,CA,125.0,-118.1612,33.8864,0.0,7,9,4,0.0,s179,ts4 - s179,ts_node_to_storage,storage,N,,,SWCA,175.0,SWCA,0.0003,s1,0,35.1883,0,50000000.0
2891,,ts4,7.0,4,9,36.4119,-118.4952,uniform_ts_node,Repetto3c,s180,CA,125.0,-118.1612,33.8864,0.0,7,9,4,0.0,s180,ts4 - s180,ts_node_to_storage,storage,N,,,SWCA,175.0,SWCA,0.0003,s1,0,35.1883,0,50000000.0
2892,,ts4,7.0,4,9,36.4119,-118.4952,uniform_ts_node,Repetto2b,s176,CA,320.0,-118.1612,33.8864,0.0,7,9,4,0.0,s176,ts4 - s176,ts_node_to_storage,storage,N,,,SWCA,175.0,SWCA,0.0003,s1,0,35.1883,0,50000000.0
2893,,ts4,7.0,4,9,36.4119,-118.4952,uniform_ts_node,Repetto1,s174,CA,51.0,-118.1612,33.8864,0.0,7,9,4,0.0,s174,ts4 - s174,ts_node_to_storage,storage,N,,,SWCA,175.0,SWCA,0.0003,s1,0,35.1883,0,50000000.0
2894,"GCC RIO GRANDE, INC. TIJERAS PLANT",f1009018,4.0,4,8,35.0713,-106.3923,cement,,ts50,NM,,-108.1461,36.9785,4.0,4,8,4,,,f1009018 - ts50,source_to_ts_node,operational_ts_node,N,,,RM,175.0,RM,0.0003,s1,0,27.8053,0,50000000.0
2895,,ts29,1.0,2,3,44.0574,-88.5434,uniform_ts_node,Mount Simon7,s140,MI,5446.0,-85.7774,42.2856,0.0,1,3,2,0.0,s140,ts29 - s140,ts_node_to_storage,storage,N,,,GL,175.0,GL,0.0003,s1,0,39.3153,0,50000000.0
2896,facility_pp_natgas_1983,fc1983_cluster,,2,4,38.9282,-94.3718,pp_natgas,,ts62,MO,,-93.1948,36.7476,0.0,3,4,2,,,fc1983_cluster - ts62,source_to_ts_node,uniform_ts_node,N,,,GP,175.0,GP,0.0003,s1,0,27.8053,0,50000000.0
2897,Martin Lake         ,fpp6146.03    ,2.0,3,7,32.261,-94.571,pp_coal,,ts58,TX,,-97.3799,32.575,5.0,4,7,3,,,fpp6146.03     - ts58,source_to_ts_node,uniform_ts_node,N,,,SWCA,175.0,SWCA,0.0003,s1,0,35.1883,0,50000000.0
2898,Prairie Creek       ,fpp1073.01    ,3.0,2,4,41.944,-91.639,pp_coal,,ts25,MN,,-92.573,44.2227,0.0,3,4,2,,,fpp1073.01     - ts25,source_to_ts_node,uniform_ts_node,N,,,GP,175.0,GP,0.0003,s1,0,27.8053,0,50000000.0
2899,_agg_nonop_ng_processing7,f_agg_nonop_ng_processing7,4.0,3,7,31.3445,-96.2344,ng_processing,,ts46,TX,,-93.8362,30.1309,3.0,2,7,3,,,f_agg_nonop_ng_processing7 - ts46,source_to_ts_node,operational_ts_node,N,,,SWCA,175.0,SWCA,0.0003,s1,0,35.1883,0,50000000.0
2900,VERDIGRIS PLT,f1002275,3.0,3,7,36.2335,-95.7191,ammonia,,ts19,KS,,-96.5668,38.5117,0.0,3,4,2,,,f1002275 - ts19,source_to_ts_node,uniform_ts_node,N,,,GP,175.0,GP,0.0003,s1,0,27.8053,0,50000000.0
2901,CEMEX Construction Materials Pacific LLC,f1002308,7.0,4,9,34.3965,-117.15,cement,,ts8,CA,,-114.2466,34.2129,0.0,7,9,4,,,f1002308 - ts8,source_to_ts_node,uniform_ts_node,N,,,SWCA,175.0,SWCA,0.0003,s1,0,35.1883,0,50000000.0
2902,PLAINVIEW BIOENERY LLC,f1007819,4.0,3,7,34.1806,-101.6274,ethanol,,ts47,NM,,-104.5168,33.918,4.0,4,8,4,,,f1007819 - ts47,source_to_ts_node,operational_ts_node,N,,,SWCA,175.0,SWCA,0.0003,s1,0,35.1883,0,50000000.0
2903,,ts63,5.0,4,8,37.9053,-111.4886,uniform_ts_node,Weber2,s220,CO,5438.0,-108.3726,39.7949,0.0,5,8,4,0.0,s220,ts63 - s220,ts_node_to_storage,storage,N,,,RM,175.0,RM,0.0003,s1,0,27.8053,0,50000000.0
2904,,ts63,5.0,4,8,37.9053,-111.4886,uniform_ts_node,Entrada1,s50,CO,9237.0,-108.0439,39.5866,0.0,5,8,4,0.0,s50,ts63 - s50,ts_node_to_storage,storage,N,,,RM,175.0,RM,0.0003,s1,0,27.8053,0,50000000.0
2905,facility_pp_coal_1939,fc1939_cluster,,2,4,47.2681,-101.43,pp_coal,,ts57,SD,,-100.7778,44.9071,0.0,6,4,2,,,fc1939_cluster - ts57,source_to_ts_node,uniform_ts_node,N,,,GP,175.0,GP,0.0003,s1,0,27.8053,0,50000000.0
2906,,ts3,7.0,4,9,33.6122,-117.6761,uniform_ts_node,Domengine1,s47,CA,2069.0,-121.3697,38.0495,0.0,7,9,4,0.0,s47,ts3 - s47,ts_node_to_storage,storage,N,,,SWCA,175.0,SWCA,0.0003,s1,0,35.1883,0,50000000.0
2907,,ts18,3.0,3,7,35.639,-96.5454,uniform_ts_node,Paluxy3,s164,TX,11534.0,-95.243,32.3169,6.0,2,7,3,0.0,s164,ts18 - s164,ts_node_to_storage,storage,N,,,GP,175.0,GP,0.0003,s1,0,27.8053,0,50000000.0
2908,ADM CORN PROCESSING,f1006047,3.0,2,4,41.9192,-91.6862,ethanol,,ts25,MN,,-92.573,44.2227,0.0,3,4,2,,,f1006047 - ts25,source_to_ts_node,uniform_ts_node,N,,,GP,175.0,GP,0.0003,s1,0,27.8053,0,50000000.0
2909,facility_pp_natgas_1941,fc1941_cluster,,1,2,40.849,-74.8738,pp_natgas,,ts42,NY,,-76.6688,42.8399,0.0,1,2,1,,,fc1941_cluster - ts42,source_to_ts_node,uniform_ts_node,N,,,MA,175.0,MA,0.0004,s1,0,49.5981,0,50000000.0
2910,CONTINENTAL CEMENT COMPANY LLC,f1005987,3.0,2,4,39.6791,-91.3142,cement,,ts28,IL,,-88.8466,41.1859,0.0,1,3,2,,,f1005987 - ts28,source_to_ts_node,uniform_ts_node,N,,,GP,175.0,GP,0.0003,s1,0,27.8053,0,50000000.0
2911,AL CORN CLEAN FUEL,f1005149,3.0,2,4,44.0494,-93.0174,ethanol,,hsm_cent3,,,-94.3052,46.2761,,3,4,2,,,f1005149 - hsm_cent3,source_to_hsm_cent,hsm_centroid,Y,,559088.4863,GP,175.0,GP,0.0003,s1,0,27.8053,0,50000000.0
2912,ASH GROVE CEMENT COMPANY-MONTANA CITY,f1002531,6.0,4,8,46.5445,-111.9206,cement,,ts61,WY,,-109.4599,44.8643,0.0,5,8,4,,,f1002531 - ts61,source_to_ts_node,uniform_ts_node,N,,,RM,175.0,RM,0.0003,s1,0,27.8053,0,50000000.0
2913,PCS NITROGEN FERTILIZER LP - GEISMAR AGRICULTURAL NITROGEN & PHOSPHATE PLANT,f1003489,2.0,3,7,30.2258,-91.0532,ammonia,,ts46,TX,,-93.8362,30.1309,3.0,2,7,3,,,f1003489 - ts46,source_to_ts_node,operational_ts_node,N,,,SE,175.0,SE,0.0003,s1,0,36.5084,0,50000000.0
2914,,nat004,5.0,4,8,37.7099,-108.7244,nat_co2_field,,ts55,CO,,-108.8773,40.0975,0.0,5,8,4,,,nat004 - ts55,nat_co2_to_ts_node,operational_ts_node,N,Doe Canyon,,RM,175.0,RM,0.0003,s1,0,27.8053,0,50000000.0
2915,CEMEX CONSTRUCTION MATERIALS ATLANTIC LLC,f1004721,1.0,3,6,36.0225,-83.8344,cement,,ts31,KY,,-85.4315,38.0578,0.0,1,6,3,,,f1004721 - ts31,source_to_ts_node,uniform_ts_node,N,,,SE,175.0,SE,0.0003,s1,0,36.5084,0,50000000.0
2916,Central Plains Cement Company,f1007216,3.0,3,7,36.1941,-95.8117,cement,,ts19,KS,,-96.5668,38.5117,0.0,3,4,2,,,f1007216 - ts19,source_to_ts_node,uniform_ts_node,N,,,GP,175.0,GP,0.0003,s1,0,27.8053,0,50000000.0
2917,,ts54,6.0,4,8,45.1121,-104.9217,operational_ts_node,Entrada6,s55,WY,5028.0,-104.5313,41.6629,0.0,5,8,4,0.0,s55,ts54 - s55,ts_node_to_storage,storage,N,,,RM,175.0,RM,0.0003,s1,0,27.8053,0,50000000.0
2918,,ts54,6.0,4,8,45.1121,-104.9217,operational_ts_node,Dakota9,s44,WY,5028.0,-104.5313,41.6629,0.0,5,8,4,0.0,s44,ts54 - s44,ts_node_to_storage,storage,N,,,RM,175.0,RM,0.0003,s1,0,27.8053,0,50000000.0
2919,,ts41,1.0,1,2,40.0209,-77.4375,uniform_ts_node,Waste Gate1,s218,MD,904.0,-75.3531,38.4393,0.0,1,5,3,0.0,s218,ts41 - s218,ts_node_to_storage,storage,N,,,MA,175.0,MA,0.0004,s1,0,49.5981,0,50000000.0
2920,,ts63,5.0,4,8,37.9053,-111.4886,uniform_ts_node,Morrison1,s125,CO,1958.0,-107.7904,37.1956,0.0,5,8,4,0.0,s125,ts63 - s125,ts_node_to_storage,storage,N,,,RM,175.0,RM,0.0003,s1,0,27.8053,0,50000000.0
2921,,ts63,5.0,4,8,37.9053,-111.4886,uniform_ts_node,Mesaverde1,s119,CO,2024.0,-107.7899,37.1892,0.0,5,8,4,0.0,s119,ts63 - s119,ts_node_to_storage,storage,N,,,RM,175.0,RM,0.0003,s1,0,27.8053,0,50000000.0
2922,facility_cement_1994,fc1994_cluster,,1,2,40.5505,-75.6906,cement,,ts42,NY,,-76.6688,42.8399,0.0,1,2,1,,,fc1994_cluster - ts42,source_to_ts_node,uniform_ts_node,N,,,MA,175.0,MA,0.0004,s1,0,49.5981,0,50000000.0
2923,,ts19,3.0,2,4,38.5117,-96.5668,uniform_ts_node,,p5505,OK,,-97.2641,36.1753,0.0,3,7,3,,,ts19 - p5505,ts_node_to_demand,co2_eor,N,,,GP,175.0,GP,0.0003,s1,0,27.8053,0,50000000.0
2924,ORLA GAS PLANT,f1013400,4.0,3,7,31.8094,-103.8952,ng_processing,,ts48,TX,,-101.2617,32.7688,81.0,4,7,3,,,f1013400 - ts48,source_to_ts_node,operational_ts_node,N,,,SWCA,175.0,SWCA,0.0003,s1,0,35.1883,0,50000000.0
2925,,ts32,1.0,2,3,40.9117,-85.0039,uniform_ts_node,St. Peter10,s202,MI,9200.0,-84.4233,44.0351,0.0,1,3,2,0.0,s202,ts32 - s202,ts_node_to_storage,storage,N,,,GL,175.0,GL,0.0003,s1,0,39.3153,0,50000000.0
2926,facility_pp_natgas_1947,fc1947_cluster,,4,8,32.225,-107.4082,pp_natgas,,ts14,AZ,,-110.2396,31.8609,0.0,5,8,4,,,fc1947_cluster - ts14,source_to_ts_node,uniform_ts_node,N,,,RM,175.0,RM,0.0003,s1,0,27.8053,0,50000000.0
2927,Valero Fort Dodge Plant,f1002379,3.0,2,4,42.5314,-94.2933,ethanol,,ts21,SD,,-96.615,44.2654,0.0,6,4,2,,,f1002379 - ts21,source_to_ts_node,uniform_ts_node,N,,,GP,175.0,GP,0.0003,s1,0,27.8053,0,50000000.0
2928,"Alto Pekin, LLC",f1000413,1.0,2,3,40.555,-89.6628,ethanol,,ts24,IA,,-92.7128,41.3438,0.0,3,4,2,,,f1000413 - ts24,source_to_ts_node,uniform_ts_node,N,,,GL,175.0,GL,0.0003,s1,0,39.3153,0,50000000.0
2929,RAMSEY GAS PLANT,f1010768,4.0,3,7,31.8775,-103.9376,ng_processing,,ts48,TX,,-101.2617,32.7688,81.0,4,7,3,,,f1010768 - ts48,source_to_ts_node,operational_ts_node,N,,,SWCA,175.0,SWCA,0.0003,s1,0,35.1883,0,50000000.0
2930,facility_pp_natgas_1950,fc1950_cluster,,3,7,35.3237,-97.6598,pp_natgas,,ts66,TX,,-100.6543,35.3989,10.0,3,7,3,,,fc1950_cluster - ts66,source_to_ts_node,uniform_ts_node,N,,,GP,175.0,GP,0.0003,s1,0,27.8053,0,50000000.0
2931,facility_pp_natgas_1977,fc1977_cluster,,3,6,32.8966,-89.0562,pp_natgas,,ts65,TN,,-89.5434,35.2784,0.0,1,6,3,,,fc1977_cluster - ts65,source_to_ts_node,uniform_ts_node,N,,,SE,175.0,SE,0.0003,s1,0,36.5084,0,50000000.0
2932,"Cargill, Incorporated",f1011065,3.0,2,4,42.5091,-94.3138,ethanol,,ts21,SD,,-96.615,44.2654,0.0,6,4,2,,,f1011065 - ts21,source_to_ts_node,uniform_ts_node,N,,,GP,175.0,GP,0.0003,s1,0,27.8053,0,50000000.0
2933,facility_pp_natgas_1980,fc1980_cluster,,2,4,44.7936,-93.4428,pp_natgas,,ts26,MN,,-92.4209,47.1185,0.0,3,4,2,,,fc1980_cluster - ts26,source_to_ts_node,uniform_ts_node,N,,,GP,175.0,GP,0.0003,s1,0,27.8053,0,50000000.0
2934,,ts57,6.0,2,4,44.9071,-100.7778,uniform_ts_node,Madison Gp-Mission Canyon2,s115,ND,3536.0,-103.4377,47.2542,0.0,6,4,2,0.0,s115,ts57 - s115,ts_node_to_storage,storage,N,,,GP,175.0,GP,0.0003,s1,0,27.8053,0,50000000.0
2935,Holcim (US) Inc,f1004810,2.0,3,6,30.5349,-88.1121,cement,,ts70,AL,,-86.5671,32.4676,0.0,2,6,3,,,f1004810 - ts70,source_to_ts_node,uniform_ts_node,N,,,SE,175.0,SE,0.0003,s1,0,36.5084,0,50000000.0
2936,GREEN PLAINS SHENANDOAH LLC,f1004332,3.0,2,4,40.7549,-95.3953,ethanol,,ts19,KS,,-96.5668,38.5117,0.0,3,4,2,,,f1004332 - ts19,source_to_ts_node,uniform_ts_node,N,,,GP,175.0,GP,0.0003,s1,0,27.8053,0,50000000.0
2937,"GCC RIO GRANDE, INC. TIJERAS PLANT",f1009018,4.0,4,8,35.0713,-106.3923,cement,,ts51,NM,,-104.0351,36.5833,4.0,4,8,4,,,f1009018 - ts51,source_to_ts_node,operational_ts_node,N,,,RM,175.0,RM,0.0003,s1,0,27.8053,0,50000000.0
2938,KEYSTONE CEMENT COMPANY,f1005622,1.0,1,2,40.7154,-75.4009,cement,,ts43,MA,,-72.8249,42.2012,0.0,1,1,1,,,f1005622 - ts43,source_to_ts_node,uniform_ts_node,N,,,MA,175.0,MA,0.0004,s1,0,49.5981,0,50000000.0
2939,Orrville            ,fpp2935.09    ,1.0,2,3,40.851,-81.766,pp_coal,,ts32,IN,,-85.0039,40.9117,0.0,1,3,2,,,fpp2935.09     - ts32,source_to_ts_node,uniform_ts_node,N,,,GL,175.0,GL,0.0003,s1,0,39.3153,0,50000000.0
2940,Orrville            ,fpp2935.08    ,1.0,2,3,40.851,-81.766,pp_coal,,ts32,IN,,-85.0039,40.9117,0.0,1,3,2,,,fpp2935.08     - ts32,source_to_ts_node,uniform_ts_node,N,,,GL,175.0,GL,0.0003,s1,0,39.3153,0,50000000.0
2941,Orrville            ,fpp2935.07    ,1.0,2,3,40.851,-81.766,pp_coal,,ts32,IN,,-85.0039,40.9117,0.0,1,3,2,,,fpp2935.07     - ts32,source_to_ts_node,uniform_ts_node,N,,,GL,175.0,GL,0.0003,s1,0,39.3153,0,50000000.0
2942,Century Plant,f1004301,4.0,3,7,30.6082,-102.5785,ng_processing,,ts48,TX,,-101.2617,32.7688,81.0,4,7,3,,,f1004301 - ts48,source_to_ts_node,operational_ts_node,N,,,SWCA,175.0,SWCA,0.0003,s1,0,35.1883,0,50000000.0
2943,LONE STAR IND INC DBA BUZZI UNICEM USA PRYOR CEMENT PLANT,f1004289,3.0,3,7,36.2962,-95.3312,cement,,ts19,KS,,-96.5668,38.5117,0.0,3,4,2,,,f1004289 - ts19,source_to_ts_node,uniform_ts_node,N,,,GP,175.0,GP,0.0003,s1,0,27.8053,0,50000000.0
2944,,nat007,5.0,4,8,37.6832,-105.1922,nat_co2_field,,ts50,NM,,-108.1461,36.9785,4.0,4,8,4,,,nat007 - ts50,nat_co2_to_ts_node,operational_ts_node,N,Sheep Mountain,,RM,175.0,RM,0.0003,s1,0,27.8053,0,50000000.0
2945,MT. OLIVE GAS PLANT,f1012151,2.0,3,7,32.5742,-92.6816,ng_processing,,ts45,LA,,-90.7576,30.7654,0.0,2,7,3,,,f1012151 - ts45,source_to_ts_node,operational_ts_node,N,,,SE,175.0,SE,0.0003,s1,0,36.5084,0,50000000.0
2946,Valero Linden Plant,f1006245,1.0,2,3,40.2006,-86.91,ethanol,,ts31,KY,,-85.4315,38.0578,0.0,1,6,3,,,f1006245 - ts31,source_to_ts_node,uniform_ts_node,N,,,GL,175.0,GL,0.0003,s1,0,39.3153,0,50000000.0
2947,,ts54,6.0,4,8,45.1121,-104.9217,operational_ts_node,Dakota10,s45,NE,8564.0,-103.2372,41.6698,0.0,3,4,2,0.0,s45,ts54 - s45,ts_node_to_storage,storage,N,,,RM,175.0,RM,0.0003,s1,0,27.8053,0,50000000.0
2948,,ts54,6.0,4,8,45.1121,-104.9217,operational_ts_node,Entrada7,s56,NE,8564.0,-103.2372,41.6698,0.0,3,4,2,0.0,s56,ts54 - s56,ts_node_to_storage,storage,N,,,RM,175.0,RM,0.0003,s1,0,27.8053,0,50000000.0
2949,ARKALON ETHANOL LLC,f1006203,3.0,2,4,37.1071,-101.0308,ethanol,,ts51,NM,,-104.0351,36.5833,4.0,4,8,4,,,f1006203 - ts51,source_to_ts_node,operational_ts_node,N,,,GP,175.0,GP,0.0003,s1,0,27.8053,0,50000000.0
2950,XTO - BOYSCOUT BOARDWALK,f1013949,3.0,3,7,35.2683,-92.5579,ng_processing,,ts65,TN,,-89.5434,35.2784,0.0,1,6,3,,,f1013949 - ts65,source_to_ts_node,uniform_ts_node,N,,,SE,175.0,SE,0.0003,s1,0,36.5084,0,50000000.0
2951,,ts50,4.0,4,8,36.9785,-108.1461,operational_ts_node,Morrison7,s131,UT,8007.0,-110.0577,39.9471,0.0,5,8,4,0.0,s131,ts50 - s131,ts_node_to_storage,storage,N,,,RM,175.0,RM,0.0003,s1,0,27.8053,0,50000000.0
2952,ROADRUNNER GAS PROCESSING PLANT,f1013364,4.0,4,8,32.2659,-104.1124,ng_processing,,ts48,TX,,-101.2617,32.7688,81.0,4,7,3,,,f1013364 - ts48,source_to_ts_node,operational_ts_node,N,,,RM,175.0,RM,0.0003,s1,0,27.8053,0,50000000.0
2953,Terrell Gas Processing,f1003128,4.0,3,7,30.3718,-101.8449,ng_processing,,ts48,TX,,-101.2617,32.7688,81.0,4,7,3,,,f1003128 - ts48,source_to_ts_node,operational_ts_node,N,,,SWCA,175.0,SWCA,0.0003,s1,0,35.1883,0,50000000.0
2954,LEHIGH CEMENT/EVANSVILLE CEMENT PLT & QUARRY,f1005742,1.0,1,2,40.4725,-75.8952,cement,,ts42,NY,,-76.6688,42.8399,0.0,1,2,1,,,f1005742 - ts42,source_to_ts_node,uniform_ts_node,N,,,MA,175.0,MA,0.0004,s1,0,49.5981,0,50000000.0
2955,MOUNTAIN CEMENT CO,f1005978,5.0,4,8,41.2611,-105.6032,cement,,ts56,WY,,-106.2405,43.6569,0.0,5,8,4,,,f1005978 - ts56,source_to_ts_node,operational_ts_node,N,,,RM,175.0,RM,0.0003,s1,0,27.8053,0,50000000.0
2956,"KOCH FERTILIZER DODGE CITY, LLC",f1006037,3.0,2,4,37.78,-100.0057,ammonia,,ts66,TX,,-100.6543,35.3989,10.0,3,7,3,,,f1006037 - ts66,source_to_ts_node,uniform_ts_node,N,,,GP,175.0,GP,0.0003,s1,0,27.8053,0,50000000.0
2957,,ts34,1.0,3,5,31.9873,-82.7898,uniform_ts_node,Washita-Fredericksburg1,s215,AL,13025.0,-87.4539,31.3942,0.0,2,6,3,0.0,s215,ts34 - s215,ts_node_to_storage,storage,N,,,SE,175.0,SE,0.0003,s1,0,36.5084,0,50000000.0
2958,LEHIGH CEMENT COMPANY LLC,f1003891,1.0,2,3,38.7391,-86.457,cement,,ts32,IN,,-85.0039,40.9117,0.0,1,3,2,,,f1003891 - ts32,source_to_ts_node,uniform_ts_node,N,,,GL,175.0,GL,0.0003,s1,0,39.3153,0,50000000.0
2959,,ts53,5.0,4,8,42.1067,-108.417,operational_ts_node,Entrada6,s55,WY,5028.0,-104.5313,41.6629,0.0,5,8,4,0.0,s55,ts53 - s55,ts_node_to_storage,storage,N,,,RM,175.0,RM,0.0003,s1,0,27.8053,0,50000000.0
2960,,ts53,5.0,4,8,42.1067,-108.417,operational_ts_node,Dakota9,s44,WY,5028.0,-104.5313,41.6629,0.0,5,8,4,0.0,s44,ts53 - s44,ts_node_to_storage,storage,N,,,RM,175.0,RM,0.0003,s1,0,27.8053,0,50000000.0
2961,BECKVILLE GAS PROCESSING PLANT,f1012062,2.0,3,7,32.2356,-94.4861,ng_processing,,ts58,TX,,-97.3799,32.575,5.0,4,7,3,,,f1012062 - ts58,source_to_ts_node,uniform_ts_node,N,,,SWCA,175.0,SWCA,0.0003,s1,0,35.1883,0,50000000.0
2962,,ts59,5.0,4,8,40.1656,-103.5956,uniform_ts_node,Weber3,s221,CO,5712.0,-107.8178,40.6082,0.0,5,8,4,0.0,s221,ts59 - s221,ts_node_to_storage,storage,N,,,RM,175.0,RM,0.0003,s1,0,27.8053,0,50000000.0
2963,,ts59,5.0,4,8,40.1656,-103.5956,uniform_ts_node,Nugget1,s153,CO,5877.0,-107.939,40.6116,0.0,5,8,4,0.0,s153,ts59 - s153,ts_node_to_storage,storage,N,,,RM,175.0,RM,0.0003,s1,0,27.8053,0,50000000.0
2964,,ts36,1.0,3,5,37.6841,-81.7687,uniform_ts_node,Rose Run3,s186,PA,8201.0,-78.8689,40.9262,0.0,1,2,1,0.0,s186,ts36 - s186,ts_node_to_storage,storage,N,,,MA,175.0,MA,0.0004,s1,0,49.5981,0,50000000.0
2965,facility_pp_coal_1936,fc1936_cluster,,3,6,38.3602,-84.8002,pp_coal,,ts36,WV,,-81.7687,37.6841,0.0,1,5,3,,,fc1936_cluster - ts36,source_to_ts_node,uniform_ts_node,N,,,SE,175.0,SE,0.0003,s1,0,36.5084,0,50000000.0
2966,"CF Industries Nitrogen, LLC - Yazoo City Facility",f1004183,2.0,3,6,32.9281,-90.4072,ammonia,,ts65,TN,,-89.5434,35.2784,0.0,1,6,3,,,f1004183 - ts65,source_to_ts_node,uniform_ts_node,N,,,SE,175.0,SE,0.0003,s1,0,36.5084,0,50000000.0
2967,facility_ammonia_2010,fc2010_cluster,,3,6,32.9281,-90.4072,ammonia,,ts65,TN,,-89.5434,35.2784,0.0,1,6,3,,,fc2010_cluster - ts65,source_to_ts_node,uniform_ts_node,N,,,SE,175.0,SE,0.0003,s1,0,36.5084,0,50000000.0
2968,CEMEX SOUTHEAST LLC,f1005331,1.0,3,5,32.4152,-83.6333,cement,,ts70,AL,,-86.5671,32.4676,0.0,2,6,3,,,f1005331 - ts70,source_to_ts_node,uniform_ts_node,N,,,SE,175.0,SE,0.0003,s1,0,36.5084,0,50000000.0
2969,facility_pp_natgas_1975,fc1975_cluster,,2,3,39.7381,-86.5129,pp_natgas,,ts27,IL,,-89.1261,38.321,0.0,1,3,2,,,fc1975_cluster - ts27,source_to_ts_node,uniform_ts_node,N,,,GL,175.0,GL,0.0003,s1,0,39.3153,0,50000000.0
2970,ARTESIA GAS PLANT,f1002515,4.0,4,8,32.7564,-104.2111,ng_processing,,ts48,TX,,-101.2617,32.7688,81.0,4,7,3,,,f1002515 - ts48,source_to_ts_node,operational_ts_node,N,,,RM,175.0,RM,0.0003,s1,0,27.8053,0,50000000.0
2971,BIG RIVER UNITED ENERGY LLC,f1005626,3.0,2,4,42.4872,-91.1633,ethanol,,ts29,WI,,-88.5434,44.0574,0.0,1,3,2,,,f1005626 - ts29,source_to_ts_node,uniform_ts_node,N,,,GP,175.0,GP,0.0003,s1,0,27.8053,0,50000000.0
2972,,ts47,4.0,4,8,33.918,-104.5168,operational_ts_node,,p4411,TX,,-101.912,32.7303,81.0,4,7,3,,,ts47 - p4411,ts_node_to_demand,co2_eor,N,,,RM,175.0,RM,0.0003,s1,0,27.8053,0,50000000.0
2973,facility_ng_processing_1987,fc1987_cluster,,3,7,30.7559,-95.4086,ng_processing,,ts58,TX,,-97.3799,32.575,5.0,4,7,3,,,fc1987_cluster - ts58,source_to_ts_node,uniform_ts_node,N,,,SWCA,175.0,SWCA,0.0003,s1,0,35.1883,0,50000000.0
2974,Longview Power Plant,fpp56671.0MKA01,1.0,3,5,39.708,-79.959,pp_coal,,ts36,WV,,-81.7687,37.6841,0.0,1,5,3,,,fpp56671.0MKA01 - ts36,source_to_ts_node,uniform_ts_node,N,,,MA,175.0,MA,0.0004,s1,0,49.5981,0,50000000.0
2975,,ts62,3.0,2,4,36.7476,-93.1948,uniform_ts_node,Arbuckle4,s4,KS,32460.0,-99.2057,37.695,0.0,3,4,2,0.0,s4,ts62 - s4,ts_node_to_storage,storage,N,,,GP,175.0,GP,0.0003,s1,0,27.8053,0,50000000.0
2976,Coal Creek          ,fpp6030.02    ,6.0,2,4,47.378,-101.157,pp_coal,,ts57,SD,,-100.7778,44.9071,0.0,6,4,2,,,fpp6030.02     - ts57,source_to_ts_node,uniform_ts_node,N,,,GP,175.0,GP,0.0003,s1,0,27.8053,0,50000000.0
2977,,ts17,3.0,2,4,41.3081,-100.4651,uniform_ts_node,,p5305,KS,,-99.3733,38.9887,0.0,3,4,2,,,ts17 - p5305,ts_node_to_demand,co2_eor,N,,,GP,175.0,GP,0.0003,s1,0,27.8053,0,50000000.0
2978,,nat011,2.0,3,6,32.23,-89.5,nat_co2_field,,ts70,AL,,-86.5671,32.4676,0.0,2,6,3,,,nat011 - ts70,nat_co2_to_ts_node,uniform_ts_node,N,Jackson Dome,,SE,175.0,SE,0.0003,s1,0,36.5084,0,50000000.0
2979,,ts47,4.0,4,8,33.918,-104.5168,operational_ts_node,,p4402,TX,,-102.637,32.0038,8.0,4,7,3,,,ts47 - p4402,ts_node_to_demand,co2_eor,N,,,RM,175.0,RM,0.0003,s1,0,27.8053,0,50000000.0
2980,facility_pp_coal_1926,fc1926_cluster,,3,5,39.3094,-80.5448,pp_coal,,ts41,PA,,-77.4375,40.0209,0.0,1,2,1,,,fc1926_cluster - ts41,source_to_ts_node,uniform_ts_node,N,,,MA,175.0,MA,0.0004,s1,0,49.5981,0,50000000.0
2981,,ts47,4.0,4,8,33.918,-104.5168,operational_ts_node,,p4410,TX,,-102.699,31.9612,8.0,4,7,3,,,ts47 - p4410,ts_node_to_demand,co2_eor,N,,,RM,175.0,RM,0.0003,s1,0,27.8053,0,50000000.0
2982,TERRA INTERNATIONAL (OKLAHOMA) LLC,f1005788,3.0,3,7,36.4372,-99.4711,ammonia,,ts18,OK,,-96.5454,35.639,0.0,3,7,3,,,f1005788 - ts18,source_to_ts_node,uniform_ts_node,N,,,GP,175.0,GP,0.0003,s1,0,27.8053,0,50000000.0
2983,,ts60,5.0,4,8,34.7449,-110.7599,uniform_ts_node,Entrada9,s58,NM,5705.0,-107.6036,36.5049,4.0,4,8,4,0.0,s58,ts60 - s58,ts_node_to_storage,storage,N,,,SWCA,175.0,SWCA,0.0003,s1,0,35.1883,0,50000000.0
2984,"South Bend Ethanol, LLC.",f1000415,1.0,2,3,41.6552,-86.2962,ethanol,,ts33,MI,,-84.5405,43.7706,0.0,1,3,2,,,f1000415 - ts33,source_to_ts_node,uniform_ts_node,N,,,GL,175.0,GL,0.0003,s1,0,39.3153,0,50000000.0
2985,,nat009,5.0,4,8,42.3336,-110.2829,nat_co2_field,,ts55,CO,,-108.8773,40.0975,0.0,5,8,4,,,nat009 - ts55,nat_co2_to_ts_node,operational_ts_node,N,BPLB Basinal,,RM,175.0,RM,0.0003,s1,0,27.8053,0,50000000.0
2986,US Nitrogen LLC,f1012789,1.0,3,6,36.1939,-83.0027,ammonia,,ts30,TN,,-85.8272,35.2015,0.0,1,6,3,,,f1012789 - ts30,source_to_ts_node,uniform_ts_node,N,,,SE,175.0,SE,0.0003,s1,0,36.5084,0,50000000.0
2987,_agg_nonop_ng_processing2,f_agg_nonop_ng_processing2,3.0,3,7,35.0734,-95.4912,ng_processing,,ts67,AR,,-93.5084,33.2042,0.0,3,7,3,,,f_agg_nonop_ng_processing2 - ts67,source_to_ts_node,uniform_ts_node,N,,,GP,175.0,GP,0.0003,s1,0,27.8053,0,50000000.0
2988,facility_pp_coal_1927,fc1927_cluster,,3,5,36.5997,-78.9417,pp_coal,,ts36,WV,,-81.7687,37.6841,0.0,1,5,3,,,fc1927_cluster - ts36,source_to_ts_node,uniform_ts_node,N,,,MA,175.0,MA,0.0004,s1,0,49.5981,0,50000000.0
2989,,ts49,4.0,3,7,31.404,-102.0845,operational_ts_node,,p4506,TX,,-99.5831,32.7198,72.0,4,7,3,,,ts49 - p4506,ts_node_to_demand,co2_eor,N,,,SWCA,175.0,SWCA,0.0003,s1,0,35.1883,0,50000000.0
2990,"CF INDUSTRIES NITROGEN, LLC - DONALDSONVILLE NITROGEN COMPLEX",f1002301,2.0,3,7,30.0869,-90.9579,ammonia,,ts46,TX,,-93.8362,30.1309,3.0,2,7,3,,,f1002301 - ts46,source_to_ts_node,operational_ts_node,N,,,SE,175.0,SE,0.0003,s1,0,36.5084,0,50000000.0
2991,Tate & Lyle-Loudon,f1000401,1.0,3,6,35.7433,-84.3208,ethanol,,ts31,KY,,-85.4315,38.0578,0.0,1,6,3,,,f1000401 - ts31,source_to_ts_node,uniform_ts_node,N,,,SE,175.0,SE,0.0003,s1,0,36.5084,0,50000000.0
2992,SIGNAL MOUNTAIN CEMENT CO,f1000247,1.0,3,6,35.1012,-85.3453,cement,,ts35,SC,,-82.2981,34.8411,0.0,1,5,3,,,f1000247 - ts35,source_to_ts_node,uniform_ts_node,N,,,SE,175.0,SE,0.0003,s1,0,36.5084,0,50000000.0
2993,LOUIS DREYFUS COMMODITIES GRAND JUNCTION LLC,f1003855,3.0,2,4,42.052,-94.2423,ethanol,,ts25,MN,,-92.573,44.2227,0.0,3,4,2,,,f1003855 - ts25,source_to_ts_node,uniform_ts_node,N,,,GP,175.0,GP,0.0003,s1,0,27.8053,0,50000000.0
2994,LEHIGH CEMENT COMPANY LLC,f1002787,1.0,3,5,39.5603,-77.1714,cement,,ts40,VA,,-78.148,37.2015,0.0,1,5,3,,,f1002787 - ts40,source_to_ts_node,uniform_ts_node,N,,,MA,175.0,MA,0.0004,s1,0,49.5981,0,50000000.0
2995,"Holcim (US), Inc.",f1004078,1.0,3,5,39.6524,-77.6805,cement,,ts40,VA,,-78.148,37.2015,0.0,1,5,3,,,f1004078 - ts40,source_to_ts_node,uniform_ts_node,N,,,MA,175.0,MA,0.0004,s1,0,49.5981,0,50000000.0
2996,_agg_nonop_ng_processing2,f_agg_nonop_ng_processing2,3.0,3,7,35.0734,-95.4912,ng_processing,,ts62,MO,,-93.1948,36.7476,0.0,3,4,2,,,f_agg_nonop_ng_processing2 - ts62,source_to_ts_node,uniform_ts_node,N,,,GP,175.0,GP,0.0003,s1,0,27.8053,0,50000000.0
2997,,ts72,2.0,3,7,29.0,-97.5,uniform_ts_node,Frio3b,s70,TX,1193.0,-94.2397,30.2314,3.0,2,7,3,0.0,s70,ts72 - s70,ts_node_to_storage,storage,N,,,SWCA,175.0,SWCA,0.0003,s1,0,35.1883,0,50000000.0
2998,,ts72,2.0,3,7,29.0,-97.5,uniform_ts_node,Frio3a,s69,TX,1193.0,-94.2397,30.2314,3.0,2,7,3,0.0,s69,ts72 - s69,ts_node_to_storage,storage,N,,,SWCA,175.0,SWCA,0.0003,s1,0,35.1883,0,50000000.0
2999,PRYOR CHEMICAL COMPANY,f1005867,3.0,3,7,36.2412,-95.2783,ammonia,,ts19,KS,,-96.5668,38.5117,0.0,3,4,2,,,f1005867 - ts19,source_to_ts_node,uniform_ts_node,N,,,GP,175.0,GP,0.0003,s1,0,27.8053,0,50000000.0
3000,ARKALON ETHANOL LLC,f1006203,3.0,2,4,37.1071,-101.0308,ethanol,,hsm_cent3,,,-98.3786,38.4928,,3,4,2,,,f1006203 - hsm_cent3,source_to_hsm_cent,hsm_centroid,Y,,120194.3334,GP,175.0,GP,0.0003,s1,0,27.8053,0,50000000.0
3001,Oak Grove (TX)      ,fpp6180.0OG1  ,4.0,3,7,31.18,-96.487,pp_coal,,ts46,TX,,-93.8362,30.1309,3.0,2,7,3,,,fpp6180.0OG1   - ts46,source_to_ts_node,operational_ts_node,N,,,SWCA,175.0,SWCA,0.0003,s1,0,35.1883,0,50000000.0
3002,Oak Grove (TX)      ,fpp6180.0OG2  ,4.0,3,7,31.18,-96.487,pp_coal,,ts46,TX,,-93.8362,30.1309,3.0,2,7,3,,,fpp6180.0OG2   - ts46,source_to_ts_node,operational_ts_node,N,,,SWCA,175.0,SWCA,0.0003,s1,0,35.1883,0,50000000.0
3003,,ts45,2.0,3,7,30.7654,-90.7576,operational_ts_node,Frio1,s67,TX,4855.0,-95.6624,29.7957,3.0,2,7,3,0.0,s67,ts45 - s67,ts_node_to_storage,storage,N,,,SE,175.0,SE,0.0003,s1,0,36.5084,0,50000000.0
3004,facility_pp_natgas_1949,fc1949_cluster,,4,8,39.563,-119.525,pp_natgas,,ts6,CA,,-120.3299,41.9847,0.0,7,9,4,,,fc1949_cluster - ts6,source_to_ts_node,uniform_ts_node,N,,,RM,175.0,RM,0.0003,s1,0,27.8053,0,50000000.0
3005,NEVADA CEMENT COMPANY,f1004174,5.0,4,8,39.62,-119.2628,cement,,ts6,CA,,-120.3299,41.9847,0.0,7,9,4,,,f1004174 - ts6,source_to_ts_node,uniform_ts_node,N,,,RM,175.0,RM,0.0003,s1,0,27.8053,0,50000000.0
3006,BATTLE HORSE PLANT,f1013903,2.0,3,7,30.1619,-96.5631,ng_processing,,ts58,TX,,-97.3799,32.575,5.0,4,7,3,,,f1013903 - ts58,source_to_ts_node,uniform_ts_node,N,,,SWCA,175.0,SWCA,0.0003,s1,0,35.1883,0,50000000.0
3007,LAFARGE NA WHITEHALL PLANT,f1005639,1.0,1,2,40.6876,-75.5063,cement,,ts43,MA,,-72.8249,42.2012,0.0,1,1,1,,,f1005639 - ts43,source_to_ts_node,uniform_ts_node,N,,,MA,175.0,MA,0.0004,s1,0,49.5981,0,50000000.0
3008,,ts63,5.0,4,8,37.9053,-111.4886,uniform_ts_node,Morrison2,s126,NM,8520.0,-107.6527,36.3681,4.0,4,8,4,0.0,s126,ts63 - s126,ts_node_to_storage,storage,N,,,RM,175.0,RM,0.0003,s1,0,27.8053,0,50000000.0
3009,facility_pp_natgas_1954,fc1954_cluster,,3,7,36.1295,-95.6146,pp_natgas,,ts19,KS,,-96.5668,38.5117,0.0,3,4,2,,,fc1954_cluster - ts19,source_to_ts_node,uniform_ts_node,N,,,GP,175.0,GP,0.0003,s1,0,27.8053,0,50000000.0
3010,facility_cement_1995,fc1995_cluster,,4,8,39.0654,-109.9158,cement,,ts50,NM,,-108.1461,36.9785,4.0,4,8,4,,,fc1995_cluster - ts50,source_to_ts_node,operational_ts_node,N,,,RM,175.0,RM,0.0003,s1,0,27.8053,0,50000000.0
3011,,ts50,4.0,4,8,36.9785,-108.1461,operational_ts_node,Dakota5,s40,UT,10678.0,-110.4189,39.7311,0.0,5,8,4,0.0,s40,ts50 - s40,ts_node_to_storage,storage,N,,,RM,175.0,RM,0.0003,s1,0,27.8053,0,50000000.0
3012,,ts63,5.0,4,8,37.9053,-111.4886,uniform_ts_node,Mesaverde2,s120,NM,8455.0,-107.6517,36.3633,4.0,4,8,4,0.0,s120,ts63 - s120,ts_node_to_storage,storage,N,,,RM,175.0,RM,0.0003,s1,0,27.8053,0,50000000.0
3013,facility_ng_processing_1987,fc1987_cluster,,3,7,30.7559,-95.4086,ng_processing,,ts72,TX,,-97.5,29.0,2.0,2,7,3,,,fc1987_cluster - ts72,source_to_ts_node,uniform_ts_node,N,,,SWCA,175.0,SWCA,0.0003,s1,0,35.1883,0,50000000.0
3014,,ts57,6.0,2,4,44.9071,-100.7778,uniform_ts_node,Red River2,s173,MT,21307.0,-105.1281,47.5824,0.0,6,8,4,0.0,s173,ts57 - s173,ts_node_to_storage,storage,N,,,GP,175.0,GP,0.0003,s1,0,27.8053,0,50000000.0
3015,facility_pp_natgas_1952,fc1952_cluster,,3,7,32.316,-102.1839,pp_natgas,,ts47,NM,,-104.5168,33.918,4.0,4,8,4,,,fc1952_cluster - ts47,source_to_ts_node,operational_ts_node,N,,,SWCA,175.0,SWCA,0.0003,s1,0,35.1883,0,50000000.0
3016,facility_ethanol_1914,fc1914_cluster,,3,7,34.6175,-102.0948,ethanol,,ts51,NM,,-104.0351,36.5833,4.0,4,8,4,,,fc1914_cluster - ts51,source_to_ts_node,operational_ts_node,N,,,SWCA,175.0,SWCA,0.0003,s1,0,35.1883,0,50000000.0
3017,KOCH FERITLIZER ENID LLC ENID NITROGEN PLT,f1002407,3.0,3,7,36.3795,-97.7651,ammonia,,ts66,TX,,-100.6543,35.3989,10.0,3,7,3,,,f1002407 - ts66,source_to_ts_node,uniform_ts_node,N,,,GP,175.0,GP,0.0003,s1,0,27.8053,0,50000000.0
3018,"BARGATH, INC.- PARACHUTE",f1002943,5.0,4,8,39.4873,-108.1114,ng_processing,,ts50,NM,,-108.1461,36.9785,4.0,4,8,4,,,f1002943 - ts50,source_to_ts_node,operational_ts_node,N,,,RM,175.0,RM,0.0003,s1,0,27.8053,0,50000000.0
3019,KOSMOS CEMENT CO,f1007997,1.0,3,6,38.0347,-85.906,cement,,ts27,IL,,-89.1261,38.321,0.0,1,3,2,,,f1007997 - ts27,source_to_ts_node,uniform_ts_node,N,,,SE,175.0,SE,0.0003,s1,0,36.5084,0,50000000.0
3020,Cargill Corn Milling North America,f1006425,3.0,2,4,41.534,-96.0979,ethanol,,ts24,IA,,-92.7128,41.3438,0.0,3,4,2,,,f1006425 - ts24,source_to_ts_node,uniform_ts_node,N,,,GP,175.0,GP,0.0003,s1,0,27.8053,0,50000000.0
3021,ASH GROVE CEMENT COMPANY-Louisville,f1007552,3.0,2,4,41.0056,-96.1549,cement,,ts19,KS,,-96.5668,38.5117,0.0,3,4,2,,,f1007552 - ts19,source_to_ts_node,uniform_ts_node,N,,,GP,175.0,GP,0.0003,s1,0,27.8053,0,50000000.0
3022,facility_pp_natgas_1967,fc1967_cluster,,3,5,33.8361,-84.852,pp_natgas,,ts34,GA,,-82.7898,31.9873,0.0,1,5,3,,,fc1967_cluster - ts34,source_to_ts_node,uniform_ts_node,N,,,SE,175.0,SE,0.0003,s1,0,36.5084,0,50000000.0
3023,"KOCH FERTILIZER BEATRICE, LLC",f1006575,3.0,2,4,40.3191,-96.8414,ammonia,,hsm_cent3,,,-99.7956,41.5355,,3,4,2,,,f1006575 - hsm_cent3,source_to_hsm_cent,hsm_centroid,Y,,225872.4956,GP,200.0,GP,0.0005,s1,0,32.4763,0,50000000.0
3024,facility_ethanol_1920,fc1920_cluster,,2,4,42.4466,-95.0554,ethanol,,ts25,MN,,-92.573,44.2227,0.0,3,4,2,,,fc1920_cluster - ts25,source_to_ts_node,uniform_ts_node,N,,,GP,200.0,GP,0.0005,s1,0,32.4763,0,50000000.0
3025,MARQUIS ENERGY LLC,f1005374,1.0,2,3,41.2767,-89.3195,ethanol,,ts24,IA,,-92.7128,41.3438,0.0,3,4,2,,,f1005374 - ts24,source_to_ts_node,uniform_ts_node,N,,,GL,200.0,GL,0.0006,s1,0,45.4683,0,50000000.0
3026,facility_ethanol_1915,fc1915_cluster,,2,9,41.6603,-120.0975,ethanol,,ts5,NV,,-119.3773,39.2008,0.0,5,8,4,,,fc1915_cluster - ts5,source_to_ts_node,uniform_ts_node,N,,,SWCA,200.0,SWCA,0.0005,s1,0,40.7425,0,50000000.0
3027,facility_beccs_2015,fc2015_cluster,,4,9,41.6603,-120.0975,beccs,,ts5,NV,,-119.3773,39.2008,0.0,5,8,4,,,fc2015_cluster - ts5,source_to_ts_node,uniform_ts_node,N,,,SWCA,200.0,SWCA,0.0005,s1,0,40.7425,0,50000000.0
3028,facility_ng_processing_1988,fc1988_cluster,,4,9,41.6603,-120.0975,ng_processing,,ts5,NV,,-119.3773,39.2008,0.0,5,8,4,,,fc1988_cluster - ts5,source_to_ts_node,uniform_ts_node,N,,,SWCA,200.0,SWCA,0.0005,s1,0,40.7425,0,50000000.0
3029,facility_ammonia_2006,fc2006_cluster,,3,9,41.6603,-120.0975,ammonia,,ts5,NV,,-119.3773,39.2008,0.0,5,8,4,,,fc2006_cluster - ts5,source_to_ts_node,uniform_ts_node,N,,,SWCA,200.0,SWCA,0.0005,s1,0,40.7425,0,50000000.0
3030,facility_pp_coal_1925,fc1925_cluster,,1,9,41.6603,-120.0975,pp_coal,,ts5,NV,,-119.3773,39.2008,0.0,5,8,4,,,fc1925_cluster - ts5,source_to_ts_node,uniform_ts_node,N,,,SWCA,200.0,SWCA,0.0005,s1,0,40.7425,0,50000000.0
3031,PCS NITROGEN FERTILIZER LP - GEISMAR AGRICULTURAL NITROGEN & PHOSPHATE PLANT,f1003489,2.0,3,7,30.2258,-91.0532,ammonia,,ts52,MS,,-90.388,32.6973,0.0,2,6,3,,,f1003489 - ts52,source_to_ts_node,operational_ts_node,N,,,SE,200.0,SE,0.0006,s1,0,42.1862,0,50000000.0
3032,,ts51,4.0,4,8,36.5833,-104.0351,operational_ts_node,Queen2,s171,NM,9346.0,-103.846,34.6309,4.0,4,8,4,0.0,s171,ts51 - s171,ts_node_to_storage,storage,N,,,RM,200.0,RM,0.0005,s1,0,32.4763,0,50000000.0
3033,,ts51,4.0,4,8,36.5833,-104.0351,operational_ts_node,Seven Rivers2,s192,TX,51068.0,-102.4437,31.7932,8.0,4,7,3,0.0,s192,ts51 - s192,ts_node_to_storage,storage,N,,,RM,200.0,RM,0.0005,s1,0,32.4763,0,50000000.0
3034,,ts51,4.0,4,8,36.5833,-104.0351,operational_ts_node,Leonard2,s100,NM,9346.0,-103.619,32.9469,4.0,4,8,4,0.0,s100,ts51 - s100,ts_node_to_storage,storage,N,,,RM,200.0,RM,0.0005,s1,0,32.4763,0,50000000.0
3035,TEXAS LEHIGH CEMENT COMPANY LP,f1002102,2.0,3,7,30.071,-97.8568,cement,,ts58,TX,,-97.3799,32.575,5.0,4,7,3,,,f1002102 - ts58,source_to_ts_node,uniform_ts_node,N,,,SWCA,200.0,SWCA,0.0005,s1,0,40.7425,0,50000000.0
3036,_agg_nonop_ng_processing5,f_agg_nonop_ng_processing5,4.0,3,7,31.4074,-103.3243,ng_processing,,ts68,TX,,-106.2709,31.8461,8.0,4,7,3,,,f_agg_nonop_ng_processing5 - ts68,source_to_ts_node,uniform_ts_node,N,,,SWCA,200.0,SWCA,0.0005,s1,0,40.7425,0,50000000.0
3037,"RED TRAIL ENERGY, LLC",f1001157,6.0,2,4,46.8786,-102.296,ethanol,,ts54,MT,,-104.9217,45.1121,0.0,6,8,4,,,f1001157 - ts54,source_to_ts_node,operational_ts_node,N,,0.0,GP,200.0,GP,0.0005,s1,0,32.4763,0,50000000.0
3038,,ts68,4.0,3,7,31.8461,-106.2709,uniform_ts_node,,ts47,,,-104.5168,33.918,,4,8,4,,,ts68 - ts47,ts_node_to_ts_node,operational_ts_node,N,,,SWCA,200.0,SWCA,0.0005,s1,0,40.7425,0,50000000.0
3039,,ts47,4.0,4,8,33.918,-104.5168,operational_ts_node,,ts68,,,-106.2709,31.8461,,4,7,3,,,ts47 - ts68,ts_node_to_ts_node,uniform_ts_node,N,,,RM,200.0,RM,0.0005,s1,0,32.4763,0,50000000.0
3040,HOLCIM (US) INC. DEVIL\S SLIDE PLANT,f1004131,5.0,4,8,41.0633,-111.5317,cement,,ts53,WY,,-108.417,42.1067,0.0,5,8,4,,,f1004131 - ts53,source_to_ts_node,operational_ts_node,N,,,RM,200.0,RM,0.0005,s1,0,32.4763,0,50000000.0
3041,,ts59,5.0,4,8,40.1656,-103.5956,uniform_ts_node,Entrada1,s50,CO,9237.0,-108.0439,39.5866,0.0,5,8,4,0.0,s50,ts59 - s50,ts_node_to_storage,storage,N,,,RM,200.0,RM,0.0005,s1,0,32.4763,0,50000000.0
3042,Valero Linden Plant,f1006245,1.0,2,3,40.2006,-86.91,ethanol,,ts27,IL,,-89.1261,38.321,0.0,1,3,2,,,f1006245 - ts27,source_to_ts_node,uniform_ts_node,N,,,GL,200.0,GL,0.0006,s1,0,45.4683,0,50000000.0
3043,Dyno Nobel,f1005766,7.0,4,9,45.9112,-122.8242,ammonia,,hsm_cent7,,,-120.5608,43.9312,,7,9,4,,,f1005766 - hsm_cent7,source_to_hsm_cent,hsm_centroid,Y,,84722.6381,PN,200.0,PN,0.0006,s1,0,42.1862,0,50000000.0
3044,,ts45,2.0,3,7,30.7654,-90.7576,operational_ts_node,Frio3a,s69,TX,1193.0,-94.2397,30.2314,3.0,2,7,3,0.0,s69,ts45 - s69,ts_node_to_storage,storage,N,,,SE,200.0,SE,0.0006,s1,0,42.1862,0,50000000.0
3045,,ts45,2.0,3,7,30.7654,-90.7576,operational_ts_node,Frio3b,s70,TX,1193.0,-94.2397,30.2314,3.0,2,7,3,0.0,s70,ts45 - s70,ts_node_to_storage,storage,N,,,SE,200.0,SE,0.0006,s1,0,42.1862,0,50000000.0
3046,Iowa Fertilizer Company,f1012918,3.0,2,4,40.69,-91.23,ammonia,,ts23,MO,,-92.8416,38.4726,0.0,3,4,2,,,f1012918 - ts23,source_to_ts_node,uniform_ts_node,N,,,GP,200.0,GP,0.0005,s1,0,32.4763,0,50000000.0
3047,,ts23,3.0,2,4,38.4726,-92.8416,uniform_ts_node,Mount Simon2,s135,IL,5957.0,-88.5947,39.0412,0.0,1,3,2,0.0,s135,ts23 - s135,ts_node_to_storage,storage,N,,,GP,200.0,GP,0.0005,s1,0,32.4763,0,50000000.0
3048,Blue Flint,fop003,6.0,2,4,47.4564,-101.1371,ethanol,,ts57,SD,,-100.7778,44.9071,0.0,6,4,2,,,fop003 - ts57,source_to_ts_node,uniform_ts_node,N,,,GP,200.0,GP,0.0005,s1,0,32.4763,0,50000000.0
3049,facility_pp_coal_1940,fc1940_cluster,,2,4,39.0692,-95.2106,pp_coal,,ts20,NE,,-96.5899,41.3846,0.0,3,4,2,,,fc1940_cluster - ts20,source_to_ts_node,uniform_ts_node,N,,,GP,200.0,GP,0.0005,s1,0,32.4763,0,50000000.0
3050,,ts67,3.0,3,7,33.2042,-93.5084,uniform_ts_node,Frio1,s67,TX,4855.0,-95.6624,29.7957,3.0,2,7,3,0.0,s67,ts67 - s67,ts_node_to_storage,storage,N,,,SE,200.0,SE,0.0006,s1,0,42.1862,0,50000000.0
3051,Central Plains Cement Company LLC,f1004385,3.0,2,4,39.1442,-94.3948,cement,,ts24,IA,,-92.7128,41.3438,0.0,3,4,2,,,f1004385 - ts24,source_to_ts_node,uniform_ts_node,N,,,GP,200.0,GP,0.0005,s1,0,32.4763,0,50000000.0
3052,ADM CORN PROCESSING,f1006208,3.0,2,4,41.8196,-90.2122,ethanol,,ts29,WI,,-88.5434,44.0574,0.0,1,3,2,,,f1006208 - ts29,source_to_ts_node,uniform_ts_node,N,,,GP,200.0,GP,0.0005,s1,0,32.4763,0,50000000.0
3053,_agg_nonop_ng_processing0,f_agg_nonop_ng_processing0,2.0,3,7,32.2651,-93.3868,ng_processing,,ts52,MS,,-90.388,32.6973,0.0,2,6,3,,,f_agg_nonop_ng_processing0 - ts52,source_to_ts_node,operational_ts_node,N,,,SE,200.0,SE,0.0006,s1,0,42.1862,0,50000000.0
3054,NACOGDOCHES AMINE AND DEHYDRATION PLANT,f1013396,2.0,3,7,31.4888,-94.6387,ng_processing,,ts58,TX,,-97.3799,32.575,5.0,4,7,3,,,f1013396 - ts58,source_to_ts_node,uniform_ts_node,N,,,SWCA,200.0,SWCA,0.0005,s1,0,40.7425,0,50000000.0
3055,Painesville         ,fpp2936.03    ,1.0,2,3,41.727,-81.254,pp_coal,Mount Simon8,s141,MI,4788.0,-83.6668,42.2254,0.0,1,3,2,0.0,s141,fpp2936.03     - s141,source_to_storage,storage,N,,,GL,200.0,GL,0.0006,s1,0,45.4683,0,50000000.0
3056,Painesville         ,fpp2936.05    ,1.0,2,3,41.727,-81.254,pp_coal,Mount Simon8,s141,MI,4788.0,-83.6668,42.2254,0.0,1,3,2,0.0,s141,fpp2936.05     - s141,source_to_storage,storage,N,,,GL,200.0,GL,0.0006,s1,0,45.4683,0,50000000.0
3057,Painesville         ,fpp2936.07    ,1.0,2,3,41.727,-81.254,pp_coal,Mount Simon8,s141,MI,4788.0,-83.6668,42.2254,0.0,1,3,2,0.0,s141,fpp2936.07     - s141,source_to_storage,storage,N,,,GL,200.0,GL,0.0006,s1,0,45.4683,0,50000000.0
3058,Painesville         ,fpp2936.0ST2  ,1.0,2,3,41.727,-81.254,pp_coal,Mount Simon8,s141,MI,4788.0,-83.6668,42.2254,0.0,1,3,2,0.0,s141,fpp2936.0ST2   - s141,source_to_storage,storage,N,,,GL,200.0,GL,0.0006,s1,0,45.4683,0,50000000.0
3059,,ts18,3.0,3,7,35.639,-96.5454,uniform_ts_node,Paluxy2,s163,TX,8108.0,-95.4206,32.2673,6.0,2,7,3,0.0,s163,ts18 - s163,ts_node_to_storage,storage,N,,,GP,200.0,GP,0.0005,s1,0,32.4763,0,50000000.0
3060,PLEASANT HILL GAS TREATING FACILITY,f1009090,2.0,3,7,31.881,-93.4661,ng_processing,,ts45,LA,,-90.7576,30.7654,0.0,2,7,3,,,f1009090 - ts45,source_to_ts_node,operational_ts_node,N,,,SE,200.0,SE,0.0006,s1,0,42.1862,0,50000000.0
3061,facility_ammonia_2005,fc2005_cluster,,3,7,30.0058,-90.877,ammonia,,ts46,TX,,-93.8362,30.1309,3.0,2,7,3,,,fc2005_cluster - ts46,source_to_ts_node,operational_ts_node,N,,,SE,200.0,SE,0.0006,s1,0,42.1862,0,50000000.0
3062,Tampa Port Services,f1009795,2.0,3,7,30.0058,-90.877,ammonia,,ts46,TX,,-93.8362,30.1309,3.0,2,7,3,,,f1009795 - ts46,source_to_ts_node,operational_ts_node,N,,,SE,200.0,SE,0.0006,s1,0,42.1862,0,50000000.0
3063,CalPortland Company Oro Grande Plant,f1007927,7.0,4,9,34.6045,-117.3382,cement,,ts8,CA,,-114.2466,34.2129,0.0,7,9,4,,,f1007927 - ts8,source_to_ts_node,uniform_ts_node,N,,,SWCA,200.0,SWCA,0.0005,s1,0,40.7425,0,50000000.0
3064,JACKSON COUNTY GAS PLANT,f1011011,2.0,3,7,29.1077,-96.5409,ng_processing,,ts46,TX,,-93.8362,30.1309,3.0,2,7,3,,,f1011011 - ts46,source_to_ts_node,operational_ts_node,N,,,SWCA,200.0,SWCA,0.0005,s1,0,40.7425,0,50000000.0
3065,,ts49,4.0,3,7,31.404,-102.0845,operational_ts_node,Wolfcamp1,s226,TX,15012.0,-101.642,34.6805,10.0,3,7,3,0.0,s226,ts49 - s226,ts_node_to_storage,storage,N,,,SWCA,200.0,SWCA,0.0005,s1,0,40.7425,0,50000000.0
3066,,ts49,4.0,3,7,31.404,-102.0845,operational_ts_node,Cisco1,s24,TX,15012.0,-101.6575,34.6788,10.0,3,7,3,0.0,s24,ts49 - s24,ts_node_to_storage,storage,N,,,SWCA,200.0,SWCA,0.0005,s1,0,40.7425,0,50000000.0
3067,,ts49,4.0,3,7,31.404,-102.0845,operational_ts_node,Canyon1,s17,TX,15157.0,-101.6575,34.6788,10.0,3,7,3,0.0,s17,ts49 - s17,ts_node_to_storage,storage,N,,,SWCA,200.0,SWCA,0.0005,s1,0,40.7425,0,50000000.0
3068,ALAMO GAS PLANT,f1012815,2.0,3,7,31.2816,-95.5197,ng_processing,,ts67,AR,,-93.5084,33.2042,0.0,3,7,3,,,f1012815 - ts67,source_to_ts_node,uniform_ts_node,N,,,SWCA,200.0,SWCA,0.0005,s1,0,40.7425,0,50000000.0
3069,TARGA WILDCAT GAS PROCESSING PLANT,f1013183,4.0,3,7,31.8052,-103.2412,ng_processing,,ts68,TX,,-106.2709,31.8461,8.0,4,7,3,,,f1013183 - ts68,source_to_ts_node,uniform_ts_node,N,,,SWCA,200.0,SWCA,0.0005,s1,0,40.7425,0,50000000.0
3070,facility_pp_natgas_1957,fc1957_cluster,,3,7,32.4107,-94.3281,pp_natgas,,ts58,TX,,-97.3799,32.575,5.0,4,7,3,,,fc1957_cluster - ts58,source_to_ts_node,uniform_ts_node,N,,,SWCA,200.0,SWCA,0.0005,s1,0,40.7425,0,50000000.0
3071,,ts59,5.0,4,8,40.1656,-103.5956,uniform_ts_node,Dakota6,s41,CO,2540.0,-104.9721,37.3544,0.0,5,8,4,0.0,s41,ts59 - s41,ts_node_to_storage,storage,N,,,RM,200.0,RM,0.0005,s1,0,32.4763,0,50000000.0
3072,,ts69,4.0,4,8,34.4406,-107.2926,uniform_ts_node,Mesaverde1,s119,CO,2024.0,-107.7899,37.1892,0.0,5,8,4,0.0,s119,ts69 - s119,ts_node_to_storage,storage,N,,,RM,200.0,RM,0.0005,s1,0,32.4763,0,50000000.0
3073,,ts69,4.0,4,8,34.4406,-107.2926,uniform_ts_node,Dakota3,s38,CO,2904.0,-107.842,37.1965,0.0,5,8,4,0.0,s38,ts69 - s38,ts_node_to_storage,storage,N,,,RM,200.0,RM,0.0005,s1,0,32.4763,0,50000000.0
3074,facility_pp_coal_1936,fc1936_cluster,,3,6,38.3602,-84.8002,pp_coal,,ts32,IN,,-85.0039,40.9117,0.0,1,3,2,,,fc1936_cluster - ts32,source_to_ts_node,uniform_ts_node,N,,,SE,200.0,SE,0.0006,s1,0,42.1862,0,50000000.0
3075,facility_pp_natgas_1977,fc1977_cluster,,3,6,32.8966,-89.0562,pp_natgas,,ts45,LA,,-90.7576,30.7654,0.0,2,7,3,,,fc1977_cluster - ts45,source_to_ts_node,operational_ts_node,N,,,SE,200.0,SE,0.0006,s1,0,42.1862,0,50000000.0
3076,Lehigh Cement LLC,f1002517,1.0,2,3,38.4157,-85.7494,cement,,ts32,IN,,-85.0039,40.9117,0.0,1,3,2,,,f1002517 - ts32,source_to_ts_node,uniform_ts_node,N,,,GL,200.0,GL,0.0006,s1,0,45.4683,0,50000000.0
3077,,ts69,4.0,4,8,34.4406,-107.2926,uniform_ts_node,Morrison1,s125,CO,1958.0,-107.7904,37.1956,0.0,5,8,4,0.0,s125,ts69 - s125,ts_node_to_storage,storage,N,,,RM,200.0,RM,0.0005,s1,0,32.4763,0,50000000.0
3078,,ts45,2.0,3,7,30.7654,-90.7576,operational_ts_node,Frio4,s71,TX,694.0,-94.0547,30.0272,3.0,2,7,3,0.0,s71,ts45 - s71,ts_node_to_storage,storage,N,,,SE,200.0,SE,0.0006,s1,0,42.1862,0,50000000.0
3079,_agg_nonop_ng_processing7,f_agg_nonop_ng_processing7,4.0,3,7,31.3445,-96.2344,ng_processing,,ts72,TX,,-97.5,29.0,2.0,2,7,3,,,f_agg_nonop_ng_processing7 - ts72,source_to_ts_node,uniform_ts_node,N,,,SWCA,200.0,SWCA,0.0005,s1,0,40.7425,0,50000000.0
3080,,ts72,2.0,3,7,29.0,-97.5,uniform_ts_node,Paluxy3,s164,TX,11534.0,-95.243,32.3169,6.0,2,7,3,0.0,s164,ts72 - s164,ts_node_to_storage,storage,N,,,SWCA,200.0,SWCA,0.0005,s1,0,40.7425,0,50000000.0
3081,"Koch Fertilizer Ft. Dodge, LLC",f1007046,3.0,2,4,42.4994,-94.0172,ammonia,,ts21,SD,,-96.615,44.2654,0.0,6,4,2,,,f1007046 - ts21,source_to_ts_node,uniform_ts_node,N,,,GP,200.0,GP,0.0005,s1,0,32.4763,0,50000000.0
3082,AL CORN CLEAN FUEL,f1005149,3.0,2,4,44.0494,-93.0174,ethanol,,ts21,SD,,-96.615,44.2654,0.0,6,4,2,,,f1005149 - ts21,source_to_ts_node,uniform_ts_node,N,,,GP,200.0,GP,0.0005,s1,0,32.4763,0,50000000.0
3083,facility_ng_processing_1990,fc1990_cluster,,4,1,44.2402,-70.6453,ng_processing,,ts43,MA,,-72.8249,42.2012,0.0,1,1,1,,,fc1990_cluster - ts43,source_to_ts_node,uniform_ts_node,N,,,NE,200.0,NE,0.0007,s1,0,71.2064,0,50000000.0
3084,facility_ammonia_2008,fc2008_cluster,,3,1,44.2402,-70.6453,ammonia,,ts43,MA,,-72.8249,42.2012,0.0,1,1,1,,,fc2008_cluster - ts43,source_to_ts_node,uniform_ts_node,N,,,NE,200.0,NE,0.0007,s1,0,71.2064,0,50000000.0
3085,facility_beccs_2017,fc2017_cluster,,1,1,44.2402,-70.6453,beccs,,ts43,MA,,-72.8249,42.2012,0.0,1,1,1,,,fc2017_cluster - ts43,source_to_ts_node,uniform_ts_node,N,,,NE,200.0,NE,0.0007,s1,0,71.2064,0,50000000.0
3086,facility_ethanol_1917,fc1917_cluster,,2,1,44.2402,-70.6453,ethanol,,ts43,MA,,-72.8249,42.2012,0.0,1,1,1,,,fc1917_cluster - ts43,source_to_ts_node,uniform_ts_node,N,,,NE,200.0,NE,0.0007,s1,0,71.2064,0,50000000.0
3087,,ts62,3.0,2,4,36.7476,-93.1948,uniform_ts_node,,p6004,OK,,-96.259,35.9157,0.0,3,7,3,,,ts62 - p6004,ts_node_to_demand,co2_eor,N,,,GP,200.0,GP,0.0005,s1,0,32.4763,0,50000000.0
3088,facility_cement_2002,fc2002_cluster,,2,4,39.7827,-93.6421,cement,,ts19,KS,,-96.5668,38.5117,0.0,3,4,2,,,fc2002_cluster - ts19,source_to_ts_node,uniform_ts_node,N,,,GP,200.0,GP,0.0005,s1,0,32.4763,0,50000000.0
3089,Central Plains Cement Company LLC,f1004385,3.0,2,4,39.1442,-94.3948,cement,,ts62,MO,,-93.1948,36.7476,0.0,3,4,2,,,f1004385 - ts62,source_to_ts_node,uniform_ts_node,N,,,GP,200.0,GP,0.0005,s1,0,32.4763,0,50000000.0
3090,Velma Gas Plant,f1007903,3.0,3,7,34.4615,-97.6905,ng_processing,,ts66,TX,,-100.6543,35.3989,10.0,3,7,3,,,f1007903 - ts66,source_to_ts_node,uniform_ts_node,N,,,GP,200.0,GP,0.0005,s1,0,32.4763,0,50000000.0
3091,ONE EARTH ENERGY LLC,f1002356,1.0,2,3,40.4711,-88.3957,ethanol,,ts32,IN,,-85.0039,40.9117,0.0,1,3,2,,,f1002356 - ts32,source_to_ts_node,uniform_ts_node,N,,,GL,200.0,GL,0.0006,s1,0,45.4683,0,50000000.0
3092,facility_ammonia_2011,fc2011_cluster,,2,4,40.7666,-94.3889,ammonia,,ts23,MO,,-92.8416,38.4726,0.0,3,4,2,,,fc2011_cluster - ts23,source_to_ts_node,uniform_ts_node,N,,,GP,200.0,GP,0.0005,s1,0,32.4763,0,50000000.0
3093,facility_pp_coal_1928,fc1928_cluster,,3,5,33.4509,-80.2326,pp_coal,,ts34,GA,,-82.7898,31.9873,0.0,1,5,3,,,fc1928_cluster - ts34,source_to_ts_node,uniform_ts_node,N,,,SE,200.0,SE,0.0006,s1,0,42.1862,0,50000000.0
3094,ASH GROVE CEMENT COMPANY-Louisville,f1007552,3.0,2,4,41.0056,-96.1549,cement,,ts24,IA,,-92.7128,41.3438,0.0,3,4,2,,,f1007552 - ts24,source_to_ts_node,uniform_ts_node,N,,,GP,200.0,GP,0.0005,s1,0,32.4763,0,50000000.0
3095,Glacial Lakes Energy,f1005386,6.0,2,4,44.8762,-97.1137,ethanol,,ts57,SD,,-100.7778,44.9071,0.0,6,4,2,,,f1005386 - ts57,source_to_ts_node,uniform_ts_node,N,,,GP,200.0,GP,0.0005,s1,0,32.4763,0,50000000.0
3096,COFFEYVILLE RESOURCES NITROGEN FERT.,f1002170,3.0,2,4,37.0454,-95.6052,ammonia,,ts23,MO,,-92.8416,38.4726,0.0,3,4,2,,,f1002170 - ts23,source_to_ts_node,uniform_ts_node,N,,,GP,200.0,GP,0.0005,s1,0,32.4763,0,50000000.0
3097,facility_ammonia_2010,fc2010_cluster,,3,6,32.9281,-90.4072,ammonia,,ts67,AR,,-93.5084,33.2042,0.0,3,7,3,,,fc2010_cluster - ts67,source_to_ts_node,uniform_ts_node,N,,,SE,200.0,SE,0.0006,s1,0,42.1862,0,50000000.0
3098,"CF Industries Nitrogen, LLC - Yazoo City Facility",f1004183,2.0,3,6,32.9281,-90.4072,ammonia,,ts67,AR,,-93.5084,33.2042,0.0,3,7,3,,,f1004183 - ts67,source_to_ts_node,uniform_ts_node,N,,,SE,200.0,SE,0.0006,s1,0,42.1862,0,50000000.0
3099,Labadie             ,fpp2103.01    ,3.0,2,4,38.562,-90.838,pp_coal,,ts62,MO,,-93.1948,36.7476,0.0,3,4,2,,,fpp2103.01     - ts62,source_to_ts_node,uniform_ts_node,N,,,GP,200.0,GP,0.0005,s1,0,32.4763,0,50000000.0
3100,Labadie             ,fpp2103.03    ,3.0,2,4,38.562,-90.838,pp_coal,,ts62,MO,,-93.1948,36.7476,0.0,3,4,2,,,fpp2103.03     - ts62,source_to_ts_node,uniform_ts_node,N,,,GP,200.0,GP,0.0005,s1,0,32.4763,0,50000000.0
3101,,ts66,3.0,3,7,35.3989,-100.6543,uniform_ts_node,,p4405,TX,,-101.283,32.8612,81.0,4,7,3,,,ts66 - p4405,ts_node_to_demand,co2_eor,N,,,SWCA,200.0,SWCA,0.0005,s1,0,40.7425,0,50000000.0
3102,,ts61,5.0,4,8,44.8643,-109.4599,uniform_ts_node,,ts56,,,-106.2405,43.6569,,5,8,4,,,ts61 - ts56,ts_node_to_ts_node,operational_ts_node,N,,,RM,200.0,RM,0.0005,s1,0,32.4763,0,50000000.0
3103,,ts56,5.0,4,8,43.6569,-106.2405,operational_ts_node,,ts61,,,-109.4599,44.8643,,5,8,4,,,ts56 - ts61,ts_node_to_ts_node,uniform_ts_node,N,,,RM,200.0,RM,0.0005,s1,0,32.4763,0,50000000.0
3104,LAFARGE Paulding Plant (INCLUDING SYSTECH ENV CORP),f1007766,1.0,2,3,41.1809,-84.6048,cement,,ts33,MI,,-84.5405,43.7706,0.0,1,3,2,,,f1007766 - ts33,source_to_ts_node,uniform_ts_node,N,,,GL,200.0,GL,0.0006,s1,0,45.4683,0,50000000.0
3105,GCC DACOTAH,f1004539,6.0,2,4,44.089,-103.2676,cement,,ts71,NE,,-103.1277,41.4985,0.0,3,4,2,,,f1004539 - ts71,source_to_ts_node,uniform_ts_node,N,,,GP,200.0,GP,0.0005,s1,0,32.4763,0,50000000.0
3106,,ts67,3.0,3,7,33.2042,-93.5084,uniform_ts_node,Frio3a,s69,TX,1193.0,-94.2397,30.2314,3.0,2,7,3,0.0,s69,ts67 - s69,ts_node_to_storage,storage,N,,,SE,200.0,SE,0.0006,s1,0,42.1862,0,50000000.0
3107,,ts67,3.0,3,7,33.2042,-93.5084,uniform_ts_node,Frio3b,s70,TX,1193.0,-94.2397,30.2314,3.0,2,7,3,0.0,s70,ts67 - s70,ts_node_to_storage,storage,N,,,SE,200.0,SE,0.0006,s1,0,42.1862,0,50000000.0
3108,CHEROKEE NITROGEN,f1007770,2.0,3,6,34.803,-87.9397,ammonia,,ts70,AL,,-86.5671,32.4676,0.0,2,6,3,,,f1007770 - ts70,source_to_ts_node,uniform_ts_node,N,,,SE,200.0,SE,0.0006,s1,0,42.1862,0,50000000.0
3109,ZIA II GAS PLANT,f1011356,4.0,4,8,32.643,-103.8089,ng_processing,,hsm_cent5,,,-106.1128,34.4096,,5,8,4,,,f1011356 - hsm_cent5,source_to_hsm_cent,hsm_centroid,Y,,96996.1,RM,200.0,RM,0.0005,s1,0,32.4763,0,50000000.0
3110,ZIA II GAS PLANT,f1011356,4.0,4,8,32.643,-103.8089,ng_processing,,hsm_cent4,,,-106.1128,34.4096,,4,8,4,,,f1011356 - hsm_cent4,source_to_hsm_cent,hsm_centroid,Y,,96996.1,RM,200.0,RM,0.0005,s1,0,32.4763,0,50000000.0
3111,,nat009,5.0,4,8,42.3336,-110.2829,nat_co2_field,,ts61,WY,,-109.4599,44.8643,0.0,5,8,4,,,nat009 - ts61,nat_co2_to_ts_node,uniform_ts_node,N,BPLB Basinal,,RM,200.0,RM,0.0005,s1,0,32.4763,0,50000000.0
3112,,ts53,5.0,4,8,42.1067,-108.417,operational_ts_node,Dakota8,s43,CO,22831.0,-103.8294,39.9554,0.0,5,8,4,0.0,s43,ts53 - s43,ts_node_to_storage,storage,N,,,RM,200.0,RM,0.0005,s1,0,32.4763,0,50000000.0
3113,,ts47,4.0,4,8,33.918,-104.5168,operational_ts_node,Morrison2,s126,NM,8520.0,-107.6527,36.3681,4.0,4,8,4,0.0,s126,ts47 - s126,ts_node_to_storage,storage,N,,,RM,200.0,RM,0.0005,s1,0,32.4763,0,50000000.0
3114,,ts47,4.0,4,8,33.918,-104.5168,operational_ts_node,Mesaverde2,s120,NM,8455.0,-107.6517,36.3633,4.0,4,8,4,0.0,s120,ts47 - s120,ts_node_to_storage,storage,N,,,RM,200.0,RM,0.0005,s1,0,32.4763,0,50000000.0
3115,"Lone Star Industries, Inc. /dba/ BUZZI UNICEM USA",f1006110,4.0,3,7,32.25,-100.4583,cement,,ts58,TX,,-97.3799,32.575,5.0,4,7,3,,,f1006110 - ts58,source_to_ts_node,uniform_ts_node,N,,,SWCA,200.0,SWCA,0.0005,s1,0,40.7425,0,50000000.0
3116,THE ANDERSONS MARATHON HOLDINGS LLC OH,f1000035,1.0,2,3,40.0811,-84.5917,ethanol,,ts37,OH,,-81.1971,40.5228,0.0,1,3,2,,,f1000035 - ts37,source_to_ts_node,uniform_ts_node,N,,,GL,200.0,GL,0.0006,s1,0,45.4683,0,50000000.0
3117,,ts36,1.0,3,5,37.6841,-81.7687,uniform_ts_node,Mount Simon6,s139,IN,29370.0,-86.0531,40.2057,0.0,1,3,2,0.0,s139,ts36 - s139,ts_node_to_storage,storage,N,,,MA,200.0,MA,0.0007,s1,0,57.3598,0,50000000.0
3118,WEST BISTINEAU FACILITY,f1005693,2.0,3,7,32.2107,-93.4413,ng_processing,,ts52,MS,,-90.388,32.6973,0.0,2,6,3,,,f1005693 - ts52,source_to_ts_node,operational_ts_node,N,,,SE,200.0,SE,0.0006,s1,0,42.1862,0,50000000.0
3119,"DAKOTA ETHANOL, LLC",f1002585,6.0,2,4,43.9764,-96.9533,ethanol,,ts20,NE,,-96.5899,41.3846,0.0,3,4,2,,,f1002585 - ts20,source_to_ts_node,uniform_ts_node,N,,,GP,200.0,GP,0.0005,s1,0,32.4763,0,50000000.0
3120,ASH GROVE CEMENT-FOREMAN,f1007606,3.0,3,7,33.6936,-94.4166,cement,,ts18,OK,,-96.5454,35.639,0.0,3,7,3,,,f1007606 - ts18,source_to_ts_node,uniform_ts_node,N,,,SE,200.0,SE,0.0006,s1,0,42.1862,0,50000000.0
3121,facility_cement_1998,fc1998_cluster,,3,5,32.6372,-80.6053,cement,,ts35,SC,,-82.2981,34.8411,0.0,1,5,3,,,fc1998_cluster - ts35,source_to_ts_node,uniform_ts_node,N,,,SE,200.0,SE,0.0006,s1,0,42.1862,0,50000000.0
3122,COFFEYVILLE RESOURCES NITROGEN FERT.,f1002170,3.0,2,4,37.0454,-95.6052,ammonia,,hsm_cent3,,,-98.3786,38.4928,,3,4,2,,,f1002170 - hsm_cent3,source_to_hsm_cent,hsm_centroid,Y,,1000000.0,GP,200.0,GP,0.0005,s1,0,32.4763,0,50000000.0
3123,facility_pp_coal_1937,fc1937_cluster,,2,4,41.2529,-96.2171,pp_coal,,ts24,IA,,-92.7128,41.3438,0.0,3,4,2,,,fc1937_cluster - ts24,source_to_ts_node,uniform_ts_node,N,,,GP,200.0,GP,0.0005,s1,0,32.4763,0,50000000.0
3124,IRON HORSE PROCESSING PLANT,f1013647,3.0,3,7,35.146,-97.9218,ng_processing,,ts58,TX,,-97.3799,32.575,5.0,4,7,3,,,f1013647 - ts58,source_to_ts_node,uniform_ts_node,N,,,GP,200.0,GP,0.0005,s1,0,32.4763,0,50000000.0
3125,,ts64,5.0,4,8,42.2721,-112.1273,uniform_ts_node,Weber3,s221,CO,5712.0,-107.8178,40.6082,0.0,5,8,4,0.0,s221,ts64 - s221,ts_node_to_storage,storage,N,,,RM,200.0,RM,0.0005,s1,0,32.4763,0,50000000.0
3126,"East Dubuque Nitrogen Fertilizers, LLC",f1005502,1.0,2,3,42.4431,-90.5569,ammonia,,hsm_cent1,,,-89.1967,40.0416,,1,3,2,,,f1005502 - hsm_cent1,source_to_hsm_cent,hsm_centroid,Y,,322340.3637,GL,200.0,GL,0.0006,s1,0,45.4683,0,50000000.0
3127,,ts17,3.0,2,4,41.3081,-100.4651,uniform_ts_node,,ts59,,,-103.5956,40.1656,,5,8,4,,,ts17 - ts59,ts_node_to_ts_node,uniform_ts_node,N,,,GP,200.0,GP,0.0005,s1,0,32.4763,0,50000000.0
3128,,ts59,5.0,4,8,40.1656,-103.5956,uniform_ts_node,,ts17,,,-100.4651,41.3081,,3,4,2,,,ts59 - ts17,ts_node_to_ts_node,uniform_ts_node,N,,,RM,200.0,RM,0.0005,s1,0,32.4763,0,50000000.0
3129,James H Miller Jr   ,fpp6002.03    ,2.0,3,6,33.632,-87.06,pp_coal,,ts65,TN,,-89.5434,35.2784,0.0,1,6,3,,,fpp6002.03     - ts65,source_to_ts_node,uniform_ts_node,N,,,SE,200.0,SE,0.0006,s1,0,42.1862,0,50000000.0
3130,James H Miller Jr   ,fpp6002.04    ,2.0,3,6,33.632,-87.06,pp_coal,,ts65,TN,,-89.5434,35.2784,0.0,1,6,3,,,fpp6002.04     - ts65,source_to_ts_node,uniform_ts_node,N,,,SE,200.0,SE,0.0006,s1,0,42.1862,0,50000000.0
3131,,ts53,5.0,4,8,42.1067,-108.417,operational_ts_node,Morrison3,s127,CO,24922.0,-103.7797,39.8853,0.0,5,8,4,0.0,s127,ts53 - s127,ts_node_to_storage,storage,N,,,RM,200.0,RM,0.0005,s1,0,32.4763,0,50000000.0
3132,,ts65,1.0,3,6,35.2784,-89.5434,uniform_ts_node,Paluxy4,s165,AL,16568.0,-87.3213,31.4857,0.0,2,6,3,0.0,s165,ts65 - s165,ts_node_to_storage,storage,N,,,SE,200.0,SE,0.0006,s1,0,42.1862,0,50000000.0
3133,,ts19,3.0,2,4,38.5117,-96.5668,uniform_ts_node,,p6004,OK,,-96.259,35.9157,0.0,3,7,3,,,ts19 - p6004,ts_node_to_demand,co2_eor,N,,,GP,200.0,GP,0.0005,s1,0,32.4763,0,50000000.0
3134,,ts64,5.0,4,8,42.2721,-112.1273,uniform_ts_node,Nugget1,s153,CO,5877.0,-107.939,40.6116,0.0,5,8,4,0.0,s153,ts64 - s153,ts_node_to_storage,storage,N,,,RM,200.0,RM,0.0005,s1,0,32.4763,0,50000000.0
3135,,ts65,1.0,3,6,35.2784,-89.5434,uniform_ts_node,Mount Simon2,s135,IL,5957.0,-88.5947,39.0412,0.0,1,3,2,0.0,s135,ts65 - s135,ts_node_to_storage,storage,N,,,SE,200.0,SE,0.0006,s1,0,42.1862,0,50000000.0
3136,Lehigh Cement LLC,f1002517,1.0,2,3,38.4157,-85.7494,cement,,ts27,IL,,-89.1261,38.321,0.0,1,3,2,,,f1002517 - ts27,source_to_ts_node,uniform_ts_node,N,,,GL,200.0,GL,0.0006,s1,0,45.4683,0,50000000.0
3137,facility_pp_natgas_1982,fc1982_cluster,,2,4,42.231,-93.231,pp_natgas,,ts20,NE,,-96.5899,41.3846,0.0,3,4,2,,,fc1982_cluster - ts20,source_to_ts_node,uniform_ts_node,N,,,GP,200.0,GP,0.0005,s1,0,32.4763,0,50000000.0
3138,,ts50,4.0,4,8,36.9785,-108.1461,operational_ts_node,Lyons3,s113,CO,1590.0,-104.9346,38.4893,0.0,5,8,4,0.0,s113,ts50 - s113,ts_node_to_storage,storage,N,,,RM,200.0,RM,0.0005,s1,0,32.4763,0,50000000.0
3139,facility_pp_coal_1932,fc1932_cluster,,2,3,37.8836,-89.2386,pp_coal,,ts65,TN,,-89.5434,35.2784,0.0,1,6,3,,,fc1932_cluster - ts65,source_to_ts_node,uniform_ts_node,N,,,GL,200.0,GL,0.0006,s1,0,45.4683,0,50000000.0
3140,MT. OLIVE GAS PLANT,f1012151,2.0,3,7,32.5742,-92.6816,ng_processing,,ts46,TX,,-93.8362,30.1309,3.0,2,7,3,,,f1012151 - ts46,source_to_ts_node,operational_ts_node,N,,,SE,200.0,SE,0.0006,s1,0,42.1862,0,50000000.0
3141,Jal #3 Gas Plant,f1005897,4.0,4,8,32.1743,-103.1741,ng_processing,,ts68,TX,,-106.2709,31.8461,8.0,4,7,3,,,f1005897 - ts68,source_to_ts_node,uniform_ts_node,N,,,RM,200.0,RM,0.0005,s1,0,32.4763,0,50000000.0
3142,,ts63,5.0,4,8,37.9053,-111.4886,uniform_ts_node,Tensleep5,s213,UT,4436.0,-111.1856,41.1392,0.0,5,8,4,0.0,s213,ts63 - s213,ts_node_to_storage,storage,N,,,RM,200.0,RM,0.0005,s1,0,32.4763,0,50000000.0
3143,facility_pp_natgas_1956,fc1956_cluster,,3,7,30.0051,-90.79,pp_natgas,,ts46,TX,,-93.8362,30.1309,3.0,2,7,3,,,fc1956_cluster - ts46,source_to_ts_node,operational_ts_node,N,,,SE,200.0,SE,0.0006,s1,0,42.1862,0,50000000.0
3144,,ts69,4.0,4,8,34.4406,-107.2926,uniform_ts_node,Hermosa1b,s91,CO,1466.0,-108.3301,37.164,0.0,5,8,4,0.0,s91,ts69 - s91,ts_node_to_storage,storage,N,,,RM,200.0,RM,0.0005,s1,0,32.4763,0,50000000.0
3145,,ts69,4.0,4,8,34.4406,-107.2926,uniform_ts_node,Hermosa1a,s90,CO,1466.0,-108.3301,37.164,0.0,5,8,4,0.0,s90,ts69 - s90,ts_node_to_storage,storage,N,,,RM,200.0,RM,0.0005,s1,0,32.4763,0,50000000.0
3146,Ash Grove Cement Company-LEAMINGTON,f1002530,5.0,4,8,39.5083,-112.2622,cement,,ts10,NV,,-115.6952,39.8462,0.0,5,8,4,,,f1002530 - ts10,source_to_ts_node,uniform_ts_node,N,,,RM,200.0,RM,0.0005,s1,0,32.4763,0,50000000.0
3147,,ts50,4.0,4,8,36.9785,-108.1461,operational_ts_node,,ts69,,,-107.2926,34.4406,,4,8,4,,,ts50 - ts69,ts_node_to_ts_node,uniform_ts_node,N,,,RM,200.0,RM,0.0005,s1,0,32.4763,0,50000000.0
3148,,ts69,4.0,4,8,34.4406,-107.2926,uniform_ts_node,,ts50,,,-108.1461,36.9785,,4,8,4,,,ts69 - ts50,ts_node_to_ts_node,operational_ts_node,N,,,RM,200.0,RM,0.0005,s1,0,32.4763,0,50000000.0
3149,LAFARGE Paulding Plant (INCLUDING SYSTECH ENV CORP),f1007766,1.0,2,3,41.1809,-84.6048,cement,,ts37,OH,,-81.1971,40.5228,0.0,1,3,2,,,f1007766 - ts37,source_to_ts_node,uniform_ts_node,N,,,GL,200.0,GL,0.0006,s1,0,45.4683,0,50000000.0
3150,Hobbs Generating Sta,fpp56458.0CHW-T,4.0,4,8,32.728,-103.309,pp_natgas,,ts68,TX,,-106.2709,31.8461,8.0,4,7,3,,,fpp56458.0CHW-T - ts68,source_to_ts_node,uniform_ts_node,N,,,RM,200.0,RM,0.0005,s1,0,32.4763,0,50000000.0
3151,"BARGATH, INC.- PARACHUTE",f1002943,5.0,4,8,39.4873,-108.1114,ng_processing,,ts53,WY,,-108.417,42.1067,0.0,5,8,4,,,f1002943 - ts53,source_to_ts_node,operational_ts_node,N,,,RM,200.0,RM,0.0005,s1,0,32.4763,0,50000000.0
3152,Ash Grove Cement Company-LEAMINGTON,f1002530,5.0,4,8,39.5083,-112.2622,cement,,ts55,CO,,-108.8773,40.0975,0.0,5,8,4,,,f1002530 - ts55,source_to_ts_node,operational_ts_node,N,,,RM,200.0,RM,0.0005,s1,0,32.4763,0,50000000.0
3153,EAGLE-1 GAS PLANT,f1010118,2.0,3,7,29.1351,-96.6591,ng_processing,,ts46,TX,,-93.8362,30.1309,3.0,2,7,3,,,f1010118 - ts46,source_to_ts_node,operational_ts_node,N,,,SWCA,200.0,SWCA,0.0005,s1,0,40.7425,0,50000000.0
3154,,ts18,3.0,3,7,35.639,-96.5454,uniform_ts_node,Woodbine1,s228,TX,13575.0,-95.5742,31.6981,6.0,2,7,3,0.0,s228,ts18 - s228,ts_node_to_storage,storage,N,,,GP,200.0,GP,0.0005,s1,0,32.4763,0,50000000.0
3155,,ts60,5.0,4,8,34.7449,-110.7599,uniform_ts_node,Dakota3,s38,CO,2904.0,-107.842,37.1965,0.0,5,8,4,0.0,s38,ts60 - s38,ts_node_to_storage,storage,N,,,SWCA,200.0,SWCA,0.0005,s1,0,40.7425,0,50000000.0
3156,BULLDOG GAS PLANT (PANOLA III),f1013924,2.0,3,7,32.1456,-94.2688,ng_processing,,ts58,TX,,-97.3799,32.575,5.0,4,7,3,,,f1013924 - ts58,source_to_ts_node,uniform_ts_node,N,,,SWCA,200.0,SWCA,0.0005,s1,0,40.7425,0,50000000.0
3157,facility_ethanol_1916,fc1916_cluster,,2,5,34.1237,-80.9141,ethanol,,ts34,GA,,-82.7898,31.9873,0.0,1,5,3,,,fc1916_cluster - ts34,source_to_ts_node,uniform_ts_node,N,,,SE,200.0,SE,0.0006,s1,0,42.1862,0,50000000.0
3158,facility_ammonia_2007,fc2007_cluster,,3,5,34.1237,-80.9141,ammonia,,ts34,GA,,-82.7898,31.9873,0.0,1,5,3,,,fc2007_cluster - ts34,source_to_ts_node,uniform_ts_node,N,,,SE,200.0,SE,0.0006,s1,0,42.1862,0,50000000.0
3159,facility_beccs_2016,fc2016_cluster,,3,5,34.1237,-80.9141,beccs,,ts34,GA,,-82.7898,31.9873,0.0,1,5,3,,,fc2016_cluster - ts34,source_to_ts_node,uniform_ts_node,N,,,SE,200.0,SE,0.0006,s1,0,42.1862,0,50000000.0
3160,facility_ng_processing_1989,fc1989_cluster,,4,5,34.1237,-80.9141,ng_processing,,ts34,GA,,-82.7898,31.9873,0.0,1,5,3,,,fc1989_cluster - ts34,source_to_ts_node,uniform_ts_node,N,,,SE,200.0,SE,0.0006,s1,0,42.1862,0,50000000.0
3161,ContangoResources_LOST CABIN,f1002265,5.0,4,8,43.2811,-107.6012,ng_processing,,ts54,MT,,-104.9217,45.1121,0.0,6,8,4,,,f1002265 - ts54,source_to_ts_node,operational_ts_node,N,,,RM,200.0,RM,0.0005,s1,0,32.4763,0,50000000.0
3162,LINAM RANCH GAS PLANT,f1005641,4.0,4,8,32.6953,-103.2853,ng_processing,,ts68,TX,,-106.2709,31.8461,8.0,4,7,3,,,f1005641 - ts68,source_to_ts_node,uniform_ts_node,N,,,RM,200.0,RM,0.0005,s1,0,32.4763,0,50000000.0
3163,,ts67,3.0,3,7,33.2042,-93.5084,uniform_ts_node,,ts52,,,-90.388,32.6973,,2,6,3,,,ts67 - ts52,ts_node_to_ts_node,operational_ts_node,N,,,SE,200.0,SE,0.0006,s1,0,42.1862,0,50000000.0
3164,,ts52,2.0,3,6,32.6973,-90.388,operational_ts_node,,ts67,,,-93.5084,33.2042,,3,7,3,,,ts52 - ts67,ts_node_to_ts_node,uniform_ts_node,N,,,SE,200.0,SE,0.0006,s1,0,42.1862,0,50000000.0
3165,"CF INDUSTRIES NITROGEN, LLC - DONALDSONVILLE NITROGEN COMPLEX",f1002301,2.0,3,7,30.0869,-90.9579,ammonia,,ts52,MS,,-90.388,32.6973,0.0,2,6,3,,,f1002301 - ts52,source_to_ts_node,operational_ts_node,N,,,SE,200.0,SE,0.0006,s1,0,42.1862,0,50000000.0
3166,E ENERGY ADAMS,f1002962,3.0,2,4,40.4842,-96.5459,ethanol,,hsm_cent3,,,-99.7956,41.5355,,3,4,2,,,f1002962 - hsm_cent3,source_to_hsm_cent,hsm_centroid,Y,,140009.8812,GP,200.0,GP,0.0005,s1,0,32.4763,0,50000000.0
3167,facility_pp_natgas_1961,fc1961_cluster,,4,9,45.8007,-119.6938,pp_natgas,,ts13,WA,,-118.3486,48.3062,0.0,7,9,4,,,fc1961_cluster - ts13,source_to_ts_node,uniform_ts_node,N,,,PN,200.0,PN,0.0006,s1,0,42.1862,0,50000000.0
3168,WEST FRENCHIE DRAW AMINE PLANT,f1004110,5.0,4,8,43.2873,-107.6215,ng_processing,,ts54,MT,,-104.9217,45.1121,0.0,6,8,4,,,f1004110 - ts54,source_to_ts_node,operational_ts_node,N,,,RM,200.0,RM,0.0005,s1,0,32.4763,0,50000000.0
3169,facility_ng_processing_1993,fc1993_cluster,,2,4,37.1592,-100.7625,ng_processing,,ts51,NM,,-104.0351,36.5833,4.0,4,8,4,,,fc1993_cluster - ts51,source_to_ts_node,operational_ts_node,N,,,GP,200.0,GP,0.0005,s1,0,32.4763,0,50000000.0
3170,NATIONAL HELIUM PLANT,f1008924,3.0,2,4,37.1592,-100.7625,ng_processing,,ts51,NM,,-104.0351,36.5833,4.0,4,8,4,,,f1008924 - ts51,source_to_ts_node,operational_ts_node,N,,,GP,200.0,GP,0.0005,s1,0,32.4763,0,50000000.0
3171,,ts65,1.0,3,6,35.2784,-89.5434,uniform_ts_node,Mount Simon3,s136,IL,20633.0,-89.239,39.9199,0.0,1,3,2,0.0,s136,ts65 - s136,ts_node_to_storage,storage,N,,,SE,200.0,SE,0.0006,s1,0,42.1862,0,50000000.0
3172,,ts56,5.0,4,8,43.6569,-106.2405,operational_ts_node,Dakota2,s37,CO,3054.0,-106.2868,40.6379,0.0,5,8,4,0.0,s37,ts56 - s37,ts_node_to_storage,storage,N,,,RM,200.0,RM,0.0005,s1,0,32.4763,0,50000000.0
3173,,ts49,4.0,3,7,31.404,-102.0845,operational_ts_node,Canyon2,s18,NM,8502.0,-103.846,34.6309,4.0,4,8,4,0.0,s18,ts49 - s18,ts_node_to_storage,storage,N,,,SWCA,200.0,SWCA,0.0005,s1,0,40.7425,0,50000000.0
3174,,ts49,4.0,3,7,31.404,-102.0845,operational_ts_node,Wolfcamp2,s227,NM,8502.0,-103.846,34.6309,4.0,4,8,4,0.0,s227,ts49 - s227,ts_node_to_storage,storage,N,,,SWCA,200.0,SWCA,0.0005,s1,0,40.7425,0,50000000.0
3175,Green Plains Fairmont LLC,f1005526,3.0,2,4,43.664,-94.4926,ethanol,,ts24,IA,,-92.7128,41.3438,0.0,3,4,2,,,f1005526 - ts24,source_to_ts_node,uniform_ts_node,N,,,GP,200.0,GP,0.0005,s1,0,32.4763,0,50000000.0
3176,,nat002,5.0,4,8,34.5059,-109.3593,nat_co2_field,,ts50,NM,,-108.1461,36.9785,4.0,4,8,4,,,nat002 - ts50,nat_co2_to_ts_node,operational_ts_node,N,St. Johns,,SWCA,200.0,SWCA,0.0005,s1,0,40.7425,0,50000000.0
3177,,ts60,5.0,4,8,34.7449,-110.7599,uniform_ts_node,Hermosa1b,s91,CO,1466.0,-108.3301,37.164,0.0,5,8,4,0.0,s91,ts60 - s91,ts_node_to_storage,storage,N,,,SWCA,200.0,SWCA,0.0005,s1,0,40.7425,0,50000000.0
3178,,ts60,5.0,4,8,34.7449,-110.7599,uniform_ts_node,Hermosa1a,s90,CO,1466.0,-108.3301,37.164,0.0,5,8,4,0.0,s90,ts60 - s90,ts_node_to_storage,storage,N,,,SWCA,200.0,SWCA,0.0005,s1,0,40.7425,0,50000000.0
3179,THARALDSON ETHANOL PLANT I LLC,f1008006,6.0,2,4,46.9036,-97.2635,ethanol,,ts21,SD,,-96.615,44.2654,0.0,6,4,2,,,f1008006 - ts21,source_to_ts_node,uniform_ts_node,N,,,GP,200.0,GP,0.0005,s1,0,32.4763,0,50000000.0
3180,RIVER CEMENT COMPANY DBA BUZZI UNICEM USA,f1003002,3.0,2,4,38.1804,-90.3366,cement,,ts62,MO,,-93.1948,36.7476,0.0,3,4,2,,,f1003002 - ts62,source_to_ts_node,uniform_ts_node,N,,,GP,200.0,GP,0.0005,s1,0,32.4763,0,50000000.0
3181,,ts51,4.0,4,8,36.5833,-104.0351,operational_ts_node,Fountain1b,s64,CO,5044.0,-104.6681,40.1597,0.0,5,8,4,0.0,s64,ts51 - s64,ts_node_to_storage,storage,N,,,RM,200.0,RM,0.0005,s1,0,32.4763,0,50000000.0
3182,CEMEX SOUTHEAST LLC,f1005331,1.0,3,5,32.4152,-83.6333,cement,,ts35,SC,,-82.2981,34.8411,0.0,1,5,3,,,f1005331 - ts35,source_to_ts_node,uniform_ts_node,N,,,SE,200.0,SE,0.0006,s1,0,42.1862,0,50000000.0
3183,,ts62,3.0,2,4,36.7476,-93.1948,uniform_ts_node,Mount Simon3,s136,IL,20633.0,-89.239,39.9199,0.0,1,3,2,0.0,s136,ts62 - s136,ts_node_to_storage,storage,N,,,GP,200.0,GP,0.0005,s1,0,32.4763,0,50000000.0
3184,BIG RIVER RESOURCES WEST BURLINGTON LLC,f1002443,3.0,2,4,40.8312,-91.2206,ethanol,,ts23,MO,,-92.8416,38.4726,0.0,3,4,2,,,f1002443 - ts23,source_to_ts_node,uniform_ts_node,N,,,GP,200.0,GP,0.0005,s1,0,32.4763,0,50000000.0
3185,,ts55,5.0,4,8,40.0975,-108.8773,operational_ts_node,Hermosa1a,s90,CO,1466.0,-108.3301,37.164,0.0,5,8,4,0.0,s90,ts55 - s90,ts_node_to_storage,storage,N,,,RM,200.0,RM,0.0005,s1,0,32.4763,0,50000000.0
3186,,ts55,5.0,4,8,40.0975,-108.8773,operational_ts_node,Hermosa1b,s91,CO,1466.0,-108.3301,37.164,0.0,5,8,4,0.0,s91,ts55 - s91,ts_node_to_storage,storage,N,,,RM,200.0,RM,0.0005,s1,0,32.4763,0,50000000.0
3187,,ts17,3.0,2,4,41.3081,-100.4651,uniform_ts_node,Entrada6,s55,WY,5028.0,-104.5313,41.6629,0.0,5,8,4,0.0,s55,ts17 - s55,ts_node_to_storage,storage,N,,,GP,200.0,GP,0.0005,s1,0,32.4763,0,50000000.0
3188,,ts17,3.0,2,4,41.3081,-100.4651,uniform_ts_node,Dakota9,s44,WY,5028.0,-104.5313,41.6629,0.0,5,8,4,0.0,s44,ts17 - s44,ts_node_to_storage,storage,N,,,GP,200.0,GP,0.0005,s1,0,32.4763,0,50000000.0
3189,TARGA TUPELO GAS PROCESSING PLANT,f1011130,3.0,3,7,34.5864,-96.288,ng_processing,,ts67,AR,,-93.5084,33.2042,0.0,3,7,3,,,f1011130 - ts67,source_to_ts_node,uniform_ts_node,N,,,GP,200.0,GP,0.0005,s1,0,32.4763,0,50000000.0
3190,ARGOS USA -Martinsburg,f1007566,1.0,3,5,39.4349,-77.9779,cement,,ts37,OH,,-81.1971,40.5228,0.0,1,3,2,,,f1007566 - ts37,source_to_ts_node,uniform_ts_node,N,,,MA,200.0,MA,0.0007,s1,0,57.3598,0,50000000.0
3191,,ts46,2.0,3,7,30.1309,-93.8362,operational_ts_node,Lower Tuscaloosa8,s108,MS,13379.0,-89.9133,32.3322,0.0,2,6,3,0.0,s108,ts46 - s108,ts_node_to_storage,storage,N,,,SWCA,200.0,SWCA,0.0005,s1,0,40.7425,0,50000000.0
3192,,ts52,2.0,3,6,32.6973,-90.388,operational_ts_node,,ts65,,,-89.5434,35.2784,,1,6,3,,,ts52 - ts65,ts_node_to_ts_node,uniform_ts_node,N,,,SE,200.0,SE,0.0006,s1,0,42.1862,0,50000000.0
3193,,ts65,1.0,3,6,35.2784,-89.5434,uniform_ts_node,,ts52,,,-90.388,32.6973,,2,6,3,,,ts65 - ts52,ts_node_to_ts_node,operational_ts_node,N,,,SE,200.0,SE,0.0006,s1,0,42.1862,0,50000000.0
3194,LEHIGH CEMENT CO LLC,f1005352,3.0,2,4,43.1788,-93.2118,cement,,ts21,SD,,-96.615,44.2654,0.0,6,4,2,,,f1005352 - ts21,source_to_ts_node,uniform_ts_node,N,,,GP,200.0,GP,0.0005,s1,0,32.4763,0,50000000.0
3195,US Nitrogen LLC,f1012789,1.0,3,6,36.1939,-83.0027,ammonia,,ts31,KY,,-85.4315,38.0578,0.0,1,6,3,,,f1012789 - ts31,source_to_ts_node,uniform_ts_node,N,,,SE,200.0,SE,0.0006,s1,0,42.1862,0,50000000.0
3196,ROBELINE PLANT,f1006682,2.0,3,7,31.6587,-93.325,ng_processing,,ts52,MS,,-90.388,32.6973,0.0,2,6,3,,,f1006682 - ts52,source_to_ts_node,operational_ts_node,N,,,SE,200.0,SE,0.0006,s1,0,42.1862,0,50000000.0
3197,facility_pp_natgas_1968,fc1968_cluster,,3,5,32.3143,-81.2233,pp_natgas,,ts35,SC,,-82.2981,34.8411,0.0,1,5,3,,,fc1968_cluster - ts35,source_to_ts_node,uniform_ts_node,N,,,SE,200.0,SE,0.0006,s1,0,42.1862,0,50000000.0
3198,,ts45,2.0,3,7,30.7654,-90.7576,operational_ts_node,Lower Tuscaloosa3,s103,FL,9454.0,-85.8026,30.513,0.0,2,5,3,0.0,s103,ts45 - s103,ts_node_to_storage,storage,N,,,SE,200.0,SE,0.0006,s1,0,42.1862,0,50000000.0
3199,,ts66,3.0,3,7,35.3989,-100.6543,uniform_ts_node,,ts48,,,-101.2617,32.7688,,4,7,3,,,ts66 - ts48,ts_node_to_ts_node,operational_ts_node,N,,,SWCA,200.0,SWCA,0.0005,s1,0,40.7425,0,50000000.0
3200,,ts48,4.0,3,7,32.7688,-101.2617,operational_ts_node,,ts66,,,-100.6543,35.3989,,3,7,3,,,ts48 - ts66,ts_node_to_ts_node,uniform_ts_node,N,,,SWCA,200.0,SWCA,0.0005,s1,0,40.7425,0,50000000.0
3201,HOLCIM (US) INC STE GENEVIEVE PLANT,f1007563,3.0,2,4,38.1099,-90.2579,cement,,ts62,MO,,-93.1948,36.7476,0.0,3,4,2,,,f1007563 - ts62,source_to_ts_node,uniform_ts_node,N,,,GP,200.0,GP,0.0005,s1,0,32.4763,0,50000000.0
3202,Dover               ,fpp2914.03    ,1.0,2,3,40.52,-81.468,pp_coal,,ts32,IN,,-85.0039,40.9117,0.0,1,3,2,,,fpp2914.03     - ts32,source_to_ts_node,uniform_ts_node,N,,,GL,200.0,GL,0.0006,s1,0,45.4683,0,50000000.0
3203,Dover               ,fpp2914.04    ,1.0,2,3,40.52,-81.468,pp_coal,,ts32,IN,,-85.0039,40.9117,0.0,1,3,2,,,fpp2914.04     - ts32,source_to_ts_node,uniform_ts_node,N,,,GL,200.0,GL,0.0006,s1,0,45.4683,0,50000000.0
3204,_agg_nonop_ng_processing0,f_agg_nonop_ng_processing0,2.0,3,7,32.2651,-93.3868,ng_processing,,ts45,LA,,-90.7576,30.7654,0.0,2,7,3,,,f_agg_nonop_ng_processing0 - ts45,source_to_ts_node,operational_ts_node,N,,,SE,200.0,SE,0.0006,s1,0,42.1862,0,50000000.0
3205,Valero Lakota Plant,f1005306,3.0,2,4,43.3839,-94.1471,ethanol,,ts20,NE,,-96.5899,41.3846,0.0,3,4,2,,,f1005306 - ts20,source_to_ts_node,uniform_ts_node,N,,,GP,200.0,GP,0.0005,s1,0,32.4763,0,50000000.0
3206,,ts55,5.0,4,8,40.0975,-108.8773,operational_ts_node,Dakota3,s38,CO,2904.0,-107.842,37.1965,0.0,5,8,4,0.0,s38,ts55 - s38,ts_node_to_storage,storage,N,,,RM,200.0,RM,0.0005,s1,0,32.4763,0,50000000.0
3207,"POET Biorefining- Iowa Falls, LLC",f1003573,3.0,2,4,42.5072,-93.2804,ethanol,,ts20,NE,,-96.5899,41.3846,0.0,3,4,2,,,f1003573 - ts20,source_to_ts_node,uniform_ts_node,N,,,GP,200.0,GP,0.0005,s1,0,32.4763,0,50000000.0
3208,"LITTLE SIOUX CORN PROCESSORS, LLC",f1002995,3.0,2,4,42.8208,-95.7609,ethanol,,ts24,IA,,-92.7128,41.3438,0.0,3,4,2,,,f1002995 - ts24,source_to_ts_node,uniform_ts_node,N,,,GP,200.0,GP,0.0005,s1,0,32.4763,0,50000000.0
3209,,ts51,4.0,4,8,36.5833,-104.0351,operational_ts_node,Fusselman1,s86,TX,51068.0,-102.444,31.7932,8.0,4,7,3,0.0,s86,ts51 - s86,ts_node_to_storage,storage,N,,,RM,200.0,RM,0.0005,s1,0,32.4763,0,50000000.0
3210,,ts51,4.0,4,8,36.5833,-104.0351,operational_ts_node,Strawn1,s205,TX,51068.0,-102.444,31.7932,8.0,4,7,3,0.0,s205,ts51 - s205,ts_node_to_storage,storage,N,,,RM,200.0,RM,0.0005,s1,0,32.4763,0,50000000.0
3211,,ts51,4.0,4,8,36.5833,-104.0351,operational_ts_node,Seven Rivers1,s191,NM,9346.0,-103.6189,32.9649,4.0,4,8,4,0.0,s191,ts51 - s191,ts_node_to_storage,storage,N,,,RM,200.0,RM,0.0005,s1,0,32.4763,0,50000000.0
3212,,ts51,4.0,4,8,36.5833,-104.0351,operational_ts_node,Queen1,s170,TX,51294.0,-101.642,34.6805,10.0,3,7,3,0.0,s170,ts51 - s170,ts_node_to_storage,storage,N,,,RM,200.0,RM,0.0005,s1,0,32.4763,0,50000000.0
3213,,ts51,4.0,4,8,36.5833,-104.0351,operational_ts_node,Leonard1,s99,TX,51294.0,-102.444,31.7932,8.0,4,7,3,0.0,s99,ts51 - s99,ts_node_to_storage,storage,N,,,RM,200.0,RM,0.0005,s1,0,32.4763,0,50000000.0
3214,,ts51,4.0,4,8,36.5833,-104.0351,operational_ts_node,Atoka1,s5,TX,51294.0,-102.444,31.7932,8.0,4,7,3,0.0,s5,ts51 - s5,ts_node_to_storage,storage,N,,,RM,200.0,RM,0.0005,s1,0,32.4763,0,50000000.0
3215,facility_ng_processing_1984,fc1984_cluster,,4,2,41.8328,-76.4434,ng_processing,,ts43,MA,,-72.8249,42.2012,0.0,1,1,1,,,fc1984_cluster - ts43,source_to_ts_node,uniform_ts_node,N,,,MA,200.0,MA,0.0007,s1,0,57.3598,0,50000000.0
3216,facility_ammonia_2003,fc2003_cluster,,3,2,41.8328,-76.4434,ammonia,,ts43,MA,,-72.8249,42.2012,0.0,1,1,1,,,fc2003_cluster - ts43,source_to_ts_node,uniform_ts_node,N,,,MA,200.0,MA,0.0007,s1,0,57.3598,0,50000000.0
3217,facility_beccs_2012,fc2012_cluster,,1,2,41.8328,-76.4434,beccs,,ts43,MA,,-72.8249,42.2012,0.0,1,1,1,,,fc2012_cluster - ts43,source_to_ts_node,uniform_ts_node,N,,,MA,200.0,MA,0.0007,s1,0,57.3598,0,50000000.0
3218,"LITTLE SIOUX CORN PROCESSORS, LLC",f1002995,3.0,2,4,42.8208,-95.7609,ethanol,,ts25,MN,,-92.573,44.2227,0.0,3,4,2,,,f1002995 - ts25,source_to_ts_node,uniform_ts_node,N,,,GP,200.0,GP,0.0005,s1,0,32.4763,0,50000000.0
3219,"GOLDEN GRAIN ENERGY, LLC",f1002560,3.0,2,4,43.112,-93.231,ethanol,,ts21,SD,,-96.615,44.2654,0.0,6,4,2,,,f1002560 - ts21,source_to_ts_node,uniform_ts_node,N,,,GP,200.0,GP,0.0005,s1,0,32.4763,0,50000000.0
3220,WEST BISTINEAU FACILITY,f1005693,2.0,3,7,32.2107,-93.4413,ng_processing,,ts45,LA,,-90.7576,30.7654,0.0,2,7,3,,,f1005693 - ts45,source_to_ts_node,operational_ts_node,N,,,SE,200.0,SE,0.0006,s1,0,42.1862,0,50000000.0
3221,facility_cement_1994,fc1994_cluster,,1,2,40.5505,-75.6906,cement,,ts43,MA,,-72.8249,42.2012,0.0,1,1,1,,,fc1994_cluster - ts43,source_to_ts_node,uniform_ts_node,N,,,MA,200.0,MA,0.0007,s1,0,57.3598,0,50000000.0
3222,,ts45,2.0,3,7,30.7654,-90.7576,operational_ts_node,Paluxy5,s166,FL,9820.0,-85.851,30.5223,0.0,2,5,3,0.0,s166,ts45 - s166,ts_node_to_storage,storage,N,,,SE,200.0,SE,0.0006,s1,0,42.1862,0,50000000.0
3223,_agg_nonop_ng_processing5,f_agg_nonop_ng_processing5,4.0,3,7,31.4074,-103.3243,ng_processing,,ts47,NM,,-104.5168,33.918,4.0,4,8,4,,,f_agg_nonop_ng_processing5 - ts47,source_to_ts_node,operational_ts_node,N,,,SWCA,200.0,SWCA,0.0005,s1,0,40.7425,0,50000000.0
3224,US Nitrogen LLC,f1012789,1.0,3,6,36.1939,-83.0027,ammonia,,hsm_cent1,,,-86.3507,35.8584,,1,6,3,,,f1012789 - hsm_cent1,source_to_hsm_cent,hsm_centroid,Y,,74710.9818,SE,200.0,SE,0.0006,s1,0,42.1862,0,50000000.0
3225,,ts47,4.0,4,8,33.918,-104.5168,operational_ts_node,,ts51,,,-104.0351,36.5833,,4,8,4,,,ts47 - ts51,ts_node_to_ts_node,operational_ts_node,N,,,RM,200.0,RM,0.0005,s1,0,32.4763,0,50000000.0
3226,,ts51,4.0,4,8,36.5833,-104.0351,operational_ts_node,,ts47,,,-104.5168,33.918,,4,8,4,,,ts51 - ts47,ts_node_to_ts_node,operational_ts_node,N,,,RM,200.0,RM,0.0005,s1,0,32.4763,0,50000000.0
3227,Fairborn Cement Company LLC,f1006212,1.0,2,3,39.7779,-83.9661,cement,,ts36,WV,,-81.7687,37.6841,0.0,1,5,3,,,f1006212 - ts36,source_to_ts_node,uniform_ts_node,N,,,GL,200.0,GL,0.0006,s1,0,45.4683,0,50000000.0
3228,,ts65,1.0,3,6,35.2784,-89.5434,uniform_ts_node,Washita-Fredericksburg1,s215,AL,13025.0,-87.4539,31.3942,0.0,2,6,3,0.0,s215,ts65 - s215,ts_node_to_storage,storage,N,,,SE,200.0,SE,0.0006,s1,0,42.1862,0,50000000.0
3229,ILLINOIS CEMENT CO,f1006738,1.0,2,3,41.3295,-89.0816,cement,,ts24,IA,,-92.7128,41.3438,0.0,3,4,2,,,f1006738 - ts24,source_to_ts_node,uniform_ts_node,N,,,GL,200.0,GL,0.0006,s1,0,45.4683,0,50000000.0
3230,facility_pp_coal_1931,fc1931_cluster,,2,3,38.92,-82.1253,pp_coal,,ts31,KY,,-85.4315,38.0578,0.0,1,6,3,,,fc1931_cluster - ts31,source_to_ts_node,uniform_ts_node,N,,,GL,200.0,GL,0.0006,s1,0,45.4683,0,50000000.0
3231,ASH GROVE CEMENT-FOREMAN,f1007606,3.0,3,7,33.6936,-94.4166,cement,,ts58,TX,,-97.3799,32.575,5.0,4,7,3,,,f1007606 - ts58,source_to_ts_node,uniform_ts_node,N,,,SE,200.0,SE,0.0006,s1,0,42.1862,0,50000000.0
3232,facility_pp_natgas_1965,fc1965_cluster,,3,5,28.2118,-81.955,pp_natgas,,ts38,FL,,-80.5225,25.7975,0.0,2,5,3,,,fc1965_cluster - ts38,source_to_ts_node,uniform_ts_node,N,,,SE,200.0,SE,0.0006,s1,0,42.1862,0,50000000.0
3233,facility_pp_natgas_1956,fc1956_cluster,,3,7,30.0051,-90.79,pp_natgas,,ts52,MS,,-90.388,32.6973,0.0,2,6,3,,,fc1956_cluster - ts52,source_to_ts_node,operational_ts_node,N,,,SE,200.0,SE,0.0006,s1,0,42.1862,0,50000000.0
3234,,ts45,2.0,3,7,30.7654,-90.7576,operational_ts_node,Washita-Fredericksburg2,s216,FL,10473.0,-85.7796,30.511,0.0,2,5,3,0.0,s216,ts45 - s216,ts_node_to_storage,storage,N,,,SE,200.0,SE,0.0006,s1,0,42.1862,0,50000000.0
3235,,ts55,5.0,4,8,40.0975,-108.8773,operational_ts_node,Dakota8,s43,CO,22831.0,-103.8294,39.9554,0.0,5,8,4,0.0,s43,ts55 - s43,ts_node_to_storage,storage,N,,,RM,200.0,RM,0.0005,s1,0,32.4763,0,50000000.0
3236,Green Plains Madison LLC,f1005170,1.0,2,3,38.68,-90.1719,ethanol,,ts28,IL,,-88.8466,41.1859,0.0,1,3,2,,,f1005170 - ts28,source_to_ts_node,uniform_ts_node,N,,,GL,200.0,GL,0.0006,s1,0,45.4683,0,50000000.0
3237,,ts22,3.0,2,4,47.1634,-96.6423,uniform_ts_node,Madison Gp-Mission Canyon1,s114,ND,29617.0,-102.248,47.524,0.0,6,4,2,0.0,s114,ts22 - s114,ts_node_to_storage,storage,N,,,GP,200.0,GP,0.0005,s1,0,32.4763,0,50000000.0
3238,PLEASANT HILL GAS TREATING FACILITY,f1009090,2.0,3,7,31.881,-93.4661,ng_processing,,ts52,MS,,-90.388,32.6973,0.0,2,6,3,,,f1009090 - ts52,source_to_ts_node,operational_ts_node,N,,,SE,200.0,SE,0.0006,s1,0,42.1862,0,50000000.0
3239,,ts68,4.0,3,7,31.8461,-106.2709,uniform_ts_node,Canyon2,s18,NM,8502.0,-103.846,34.6309,4.0,4,8,4,0.0,s18,ts68 - s18,ts_node_to_storage,storage,N,,,SWCA,200.0,SWCA,0.0005,s1,0,40.7425,0,50000000.0
3240,,ts68,4.0,3,7,31.8461,-106.2709,uniform_ts_node,Wolfcamp2,s227,NM,8502.0,-103.846,34.6309,4.0,4,8,4,0.0,s227,ts68 - s227,ts_node_to_storage,storage,N,,,SWCA,200.0,SWCA,0.0005,s1,0,40.7425,0,50000000.0
3241,,ts67,3.0,3,7,33.2042,-93.5084,uniform_ts_node,Lower Tuscaloosa7,s107,LA,2857.0,-90.4419,30.7702,0.0,2,7,3,0.0,s107,ts67 - s107,ts_node_to_storage,storage,N,,,SE,200.0,SE,0.0006,s1,0,42.1862,0,50000000.0
3242,_agg_nonop_ng_processing1,f_agg_nonop_ng_processing1,2.0,3,7,31.8281,-94.2781,ng_processing,,ts58,TX,,-97.3799,32.575,5.0,4,7,3,,,f_agg_nonop_ng_processing1 - ts58,source_to_ts_node,uniform_ts_node,N,,,SWCA,200.0,SWCA,0.0005,s1,0,40.7425,0,50000000.0
3243,facility_ammonia_2009,fc2009_cluster,,3,3,42.0372,-86.5322,ammonia,,ts28,IL,,-88.8466,41.1859,0.0,1,3,2,,,fc2009_cluster - ts28,source_to_ts_node,uniform_ts_node,N,,,GL,200.0,GL,0.0006,s1,0,45.4683,0,50000000.0
3244,facility_beccs_2018,fc2018_cluster,,2,3,42.0372,-86.5322,beccs,,ts28,IL,,-88.8466,41.1859,0.0,1,3,2,,,fc2018_cluster - ts28,source_to_ts_node,uniform_ts_node,N,,,GL,200.0,GL,0.0006,s1,0,45.4683,0,50000000.0
3245,,ts45,2.0,3,7,30.7654,-90.7576,operational_ts_node,Eutaw3,s61,FL,13014.0,-85.4061,30.5037,0.0,2,5,3,0.0,s61,ts45 - s61,ts_node_to_storage,storage,N,,,SE,200.0,SE,0.0006,s1,0,42.1862,0,50000000.0
3246,facility_ng_processing_1986,fc1986_cluster,,3,7,31.6433,-102.7422,ng_processing,,ts47,NM,,-104.5168,33.918,4.0,4,8,4,,,fc1986_cluster - ts47,source_to_ts_node,operational_ts_node,N,,,SWCA,200.0,SWCA,0.0005,s1,0,40.7425,0,50000000.0
3247,,ts55,5.0,4,8,40.0975,-108.8773,operational_ts_node,Morrison3,s127,CO,24922.0,-103.7797,39.8853,0.0,5,8,4,0.0,s127,ts55 - s127,ts_node_to_storage,storage,N,,,RM,200.0,RM,0.0005,s1,0,32.4763,0,50000000.0
3248,"Gavin Power, LLC    ",fpp8102.01    ,1.0,2,3,38.935,-82.116,pp_coal,,ts31,KY,,-85.4315,38.0578,0.0,1,6,3,,,fpp8102.01     - ts31,source_to_ts_node,uniform_ts_node,N,,,GL,200.0,GL,0.0006,s1,0,45.4683,0,50000000.0
3249,"Gavin Power, LLC    ",fpp8102.02    ,1.0,2,3,38.935,-82.116,pp_coal,,ts31,KY,,-85.4315,38.0578,0.0,1,6,3,,,fpp8102.02     - ts31,source_to_ts_node,uniform_ts_node,N,,,GL,200.0,GL,0.0006,s1,0,45.4683,0,50000000.0
3250,,ts56,5.0,4,8,43.6569,-106.2405,operational_ts_node,Weber3,s221,CO,5712.0,-107.8178,40.6082,0.0,5,8,4,0.0,s221,ts56 - s221,ts_node_to_storage,storage,N,,,RM,200.0,RM,0.0005,s1,0,32.4763,0,50000000.0
3251,facility_ammonia_2005,fc2005_cluster,,3,7,30.0058,-90.877,ammonia,,ts52,MS,,-90.388,32.6973,0.0,2,6,3,,,fc2005_cluster - ts52,source_to_ts_node,operational_ts_node,N,,,SE,200.0,SE,0.0006,s1,0,42.1862,0,50000000.0
3252,Tampa Port Services,f1009795,2.0,3,7,30.0058,-90.877,ammonia,,ts52,MS,,-90.388,32.6973,0.0,2,6,3,,,f1009795 - ts52,source_to_ts_node,operational_ts_node,N,,,SE,200.0,SE,0.0006,s1,0,42.1862,0,50000000.0
3253,,ts56,5.0,4,8,43.6569,-106.2405,operational_ts_node,Nugget1,s153,CO,5877.0,-107.939,40.6116,0.0,5,8,4,0.0,s153,ts56 - s153,ts_node_to_storage,storage,N,,,RM,200.0,RM,0.0005,s1,0,32.4763,0,50000000.0
3254,,ts53,5.0,4,8,42.1067,-108.417,operational_ts_node,Fountain1b,s64,CO,5044.0,-104.6681,40.1597,0.0,5,8,4,0.0,s64,ts53 - s64,ts_node_to_storage,storage,N,,,RM,200.0,RM,0.0005,s1,0,32.4763,0,50000000.0
3255,facility_beccs_2013,fc2013_cluster,,4,8,40.4534,-110.2953,beccs,,ts63,UT,,-111.4886,37.9053,0.0,5,8,4,,,fc2013_cluster - ts63,source_to_ts_node,uniform_ts_node,N,,,RM,200.0,RM,0.0005,s1,0,32.4763,0,50000000.0
3256,facility_ethanol_1913,fc1913_cluster,,2,8,40.4534,-110.2953,ethanol,,ts63,UT,,-111.4886,37.9053,0.0,5,8,4,,,fc1913_cluster - ts63,source_to_ts_node,uniform_ts_node,N,,,RM,200.0,RM,0.0005,s1,0,32.4763,0,50000000.0
3257,MERIT ENERGY 345 ARKOMA BASIN GB,f1012433,4.0,3,7,32.9348,-96.818,ng_processing,,ts18,OK,,-96.5454,35.639,0.0,3,7,3,,,f1012433 - ts18,source_to_ts_node,uniform_ts_node,N,,,SWCA,200.0,SWCA,0.0005,s1,0,40.7425,0,50000000.0
3258,AL CORN CLEAN FUEL,f1005149,3.0,2,4,44.0494,-93.0174,ethanol,,ts24,IA,,-92.7128,41.3438,0.0,3,4,2,,,f1005149 - ts24,source_to_ts_node,uniform_ts_node,N,,,GP,200.0,GP,0.0005,s1,0,32.4763,0,50000000.0
3259,,ts45,2.0,3,7,30.7654,-90.7576,operational_ts_node,,ts46,,,-93.8362,30.1309,,2,7,3,,,ts45 - ts46,ts_node_to_ts_node,operational_ts_node,Y,,20507319.5269,SE,200.0,SE,0.0006,s1,0,42.1862,0,50000000.0
3260,,ts46,2.0,3,7,30.1309,-93.8362,operational_ts_node,,ts45,,,-90.7576,30.7654,,2,7,3,,,ts46 - ts45,ts_node_to_ts_node,operational_ts_node,N,,0.0,SWCA,200.0,SWCA,0.0005,s1,0,40.7425,0,50000000.0
3261,,ts37,1.0,2,3,40.5228,-81.1971,uniform_ts_node,Mount Simon6,s139,IN,29370.0,-86.0531,40.2057,0.0,1,3,2,0.0,s139,ts37 - s139,ts_node_to_storage,storage,N,,,GL,200.0,GL,0.0006,s1,0,45.4683,0,50000000.0
3262,Cheyenne Plant,f1005924,5.0,4,8,41.0949,-104.908,ammonia,,hsm_cent5,,,-107.5514,42.9928,,5,8,4,,,f1005924 - hsm_cent5,source_to_hsm_cent,hsm_centroid,Y,,190889.5292,RM,200.0,RM,0.0005,s1,0,32.4763,0,50000000.0
3263,MOUNTAIN CEMENT CO,f1005978,5.0,4,8,41.2611,-105.6032,cement,,ts55,CO,,-108.8773,40.0975,0.0,5,8,4,,,f1005978 - ts55,source_to_ts_node,operational_ts_node,N,,,RM,200.0,RM,0.0005,s1,0,32.4763,0,50000000.0
3264,NEVADA CEMENT COMPANY,f1004174,5.0,4,8,39.62,-119.2628,cement,,ts10,NV,,-115.6952,39.8462,0.0,5,8,4,,,f1004174 - ts10,source_to_ts_node,uniform_ts_node,N,,,RM,200.0,RM,0.0005,s1,0,32.4763,0,50000000.0
3265,SOUTHWEST IOWA RENEWABLE ENERGY,f1001865,3.0,2,4,41.1675,-95.824,ethanol,,ts19,KS,,-96.5668,38.5117,0.0,3,4,2,,,f1001865 - ts19,source_to_ts_node,uniform_ts_node,N,,,GP,200.0,GP,0.0005,s1,0,32.4763,0,50000000.0
3266,Dyno Nobel Louisiana Ammonia LLC,f1012698,2.0,3,7,29.9648,-90.2646,ammonia,,ts52,MS,,-90.388,32.6973,0.0,2,6,3,,,f1012698 - ts52,source_to_ts_node,operational_ts_node,N,,,SE,200.0,SE,0.0006,s1,0,42.1862,0,50000000.0
3267,facility_pp_coal_1933,fc1933_cluster,,2,3,40.988,-81.3595,pp_coal,,ts32,IN,,-85.0039,40.9117,0.0,1,3,2,,,fc1933_cluster - ts32,source_to_ts_node,uniform_ts_node,N,,,GL,200.0,GL,0.0006,s1,0,45.4683,0,50000000.0
3268,,ts23,3.0,2,4,38.4726,-92.8416,uniform_ts_node,Arbuckle4,s4,KS,32460.0,-99.2057,37.695,0.0,3,4,2,0.0,s4,ts23 - s4,ts_node_to_storage,storage,N,,,GP,200.0,GP,0.0005,s1,0,32.4763,0,50000000.0
3269,"TALCO MIDSTREAM ASSETS, LTD. - HOLLY COMMON POINT #6 FACILITY",f1007449,4.0,3,7,32.9159,-96.7725,ng_processing,,ts67,AR,,-93.5084,33.2042,0.0,3,7,3,,,f1007449 - ts67,source_to_ts_node,uniform_ts_node,N,,,SWCA,200.0,SWCA,0.0005,s1,0,40.7425,0,50000000.0
3270,"TGG PIPELINE, LTD. - SHELBY #3 FACILITY",f1008595,4.0,3,7,32.9159,-96.7725,ng_processing,,ts67,AR,,-93.5084,33.2042,0.0,3,7,3,,,f1008595 - ts67,source_to_ts_node,uniform_ts_node,N,,,SWCA,200.0,SWCA,0.0005,s1,0,40.7425,0,50000000.0
3271,,ts68,4.0,3,7,31.8461,-106.2709,uniform_ts_node,,ts69,,,-107.2926,34.4406,,4,8,4,,,ts68 - ts69,ts_node_to_ts_node,uniform_ts_node,N,,,SWCA,200.0,SWCA,0.0005,s1,0,40.7425,0,50000000.0
3272,,ts69,4.0,4,8,34.4406,-107.2926,uniform_ts_node,,ts68,,,-106.2709,31.8461,,4,7,3,,,ts69 - ts68,ts_node_to_ts_node,uniform_ts_node,N,,,RM,200.0,RM,0.0005,s1,0,32.4763,0,50000000.0
3273,facility_pp_natgas_1983,fc1983_cluster,,2,4,38.9282,-94.3718,pp_natgas,,ts24,IA,,-92.7128,41.3438,0.0,3,4,2,,,fc1983_cluster - ts24,source_to_ts_node,uniform_ts_node,N,,,GP,200.0,GP,0.0005,s1,0,32.4763,0,50000000.0
3274,,ts53,5.0,4,8,42.1067,-108.417,operational_ts_node,,ts64,,,-112.1273,42.2721,,5,8,4,,,ts53 - ts64,ts_node_to_ts_node,uniform_ts_node,N,,,RM,200.0,RM,0.0005,s1,0,32.4763,0,50000000.0
3275,,ts64,5.0,4,8,42.2721,-112.1273,uniform_ts_node,,ts53,,,-108.417,42.1067,,5,8,4,,,ts64 - ts53,ts_node_to_ts_node,operational_ts_node,N,,,RM,200.0,RM,0.0005,s1,0,32.4763,0,50000000.0
3276,,ts30,1.0,3,6,35.2015,-85.8272,uniform_ts_node,Mount Simon5,s138,IN,5054.0,-86.9464,38.7475,0.0,1,3,2,0.0,s138,ts30 - s138,ts_node_to_storage,storage,N,,,SE,200.0,SE,0.0006,s1,0,42.1862,0,50000000.0
3277,,ts30,1.0,3,6,35.2015,-85.8272,uniform_ts_node,Knox3,s94,IN,4930.0,-87.1143,38.6993,0.0,1,3,2,0.0,s94,ts30 - s94,ts_node_to_storage,storage,N,,,SE,200.0,SE,0.0006,s1,0,42.1862,0,50000000.0
3278,,ts55,5.0,4,8,40.0975,-108.8773,operational_ts_node,Morrison1,s125,CO,1958.0,-107.7904,37.1956,0.0,5,8,4,0.0,s125,ts55 - s125,ts_node_to_storage,storage,N,,,RM,200.0,RM,0.0005,s1,0,32.4763,0,50000000.0
3279,,ts55,5.0,4,8,40.0975,-108.8773,operational_ts_node,Mesaverde1,s119,CO,2024.0,-107.7899,37.1892,0.0,5,8,4,0.0,s119,ts55 - s119,ts_node_to_storage,storage,N,,,RM,200.0,RM,0.0005,s1,0,32.4763,0,50000000.0
3280,facility_pp_natgas_1978,fc1978_cluster,,3,6,32.3244,-86.015,pp_natgas,,ts34,GA,,-82.7898,31.9873,0.0,1,5,3,,,fc1978_cluster - ts34,source_to_ts_node,uniform_ts_node,N,,,SE,200.0,SE,0.0006,s1,0,42.1862,0,50000000.0
3281,"TALCO MIDSTREAM ASSETS, LTD. - HOLLY COMMON POINT #6 FACILITY",f1007449,4.0,3,7,32.9159,-96.7725,ng_processing,,ts18,OK,,-96.5454,35.639,0.0,3,7,3,,,f1007449 - ts18,source_to_ts_node,uniform_ts_node,N,,,SWCA,200.0,SWCA,0.0005,s1,0,40.7425,0,50000000.0
3282,"TGG PIPELINE, LTD. - SHELBY #3 FACILITY",f1008595,4.0,3,7,32.9159,-96.7725,ng_processing,,ts18,OK,,-96.5454,35.639,0.0,3,7,3,,,f1008595 - ts18,source_to_ts_node,uniform_ts_node,N,,,SWCA,200.0,SWCA,0.0005,s1,0,40.7425,0,50000000.0
3283,,ts47,4.0,4,8,33.918,-104.5168,operational_ts_node,,p4412,TX,,-102.841,31.5659,8.0,4,7,3,,,ts47 - p4412,ts_node_to_demand,co2_eor,N,,,RM,200.0,RM,0.0005,s1,0,32.4763,0,50000000.0
3284,,ts58,4.0,3,7,32.575,-97.3799,uniform_ts_node,Canyon3,s19,TX,49915.0,-102.4566,31.7628,8.0,4,7,3,0.0,s19,ts58 - s19,ts_node_to_storage,storage,N,,,SWCA,200.0,SWCA,0.0005,s1,0,40.7425,0,50000000.0
3285,facility_cement_2000,fc2000_cluster,,2,3,40.74,-86.0745,cement,,ts31,KY,,-85.4315,38.0578,0.0,1,6,3,,,fc2000_cluster - ts31,source_to_ts_node,uniform_ts_node,N,,,GL,200.0,GL,0.0006,s1,0,45.4683,0,50000000.0
3286,facility_cement_2002,fc2002_cluster,,2,4,39.7827,-93.6421,cement,,ts20,NE,,-96.5899,41.3846,0.0,3,4,2,,,fc2002_cluster - ts20,source_to_ts_node,uniform_ts_node,N,,,GP,200.0,GP,0.0005,s1,0,32.4763,0,50000000.0
3287,facility_pp_coal_1935,fc1935_cluster,,3,6,33.5544,-86.9396,pp_coal,,ts65,TN,,-89.5434,35.2784,0.0,1,6,3,,,fc1935_cluster - ts65,source_to_ts_node,uniform_ts_node,N,,,SE,200.0,SE,0.0006,s1,0,42.1862,0,50000000.0
3288,Valero Renewable Fuels LLC,f1004228,1.0,2,3,41.8165,-83.8357,ethanol,,hsm_cent1,,,-85.3828,44.3178,,1,3,2,,,f1004228 - hsm_cent1,source_to_hsm_cent,hsm_centroid,Y,,144329.3325,GL,200.0,GL,0.0006,s1,0,45.4683,0,50000000.0
3289,DIAMOND CRYO,f1013544,4.0,3,7,31.0039,-103.755,ng_processing,,ts48,TX,,-101.2617,32.7688,81.0,4,7,3,,,f1013544 - ts48,source_to_ts_node,operational_ts_node,N,,,SWCA,200.0,SWCA,0.0005,s1,0,40.7425,0,50000000.0
3290,,nat002,5.0,4,8,34.5059,-109.3593,nat_co2_field,,ts14,AZ,,-110.2396,31.8609,0.0,5,8,4,,,nat002 - ts14,nat_co2_to_ts_node,uniform_ts_node,N,St. Johns,,SWCA,200.0,SWCA,0.0005,s1,0,40.7425,0,50000000.0
3291,Cheyenne Plant,f1005924,5.0,4,8,41.0949,-104.908,ammonia,,ts56,WY,,-106.2405,43.6569,0.0,5,8,4,,,f1005924 - ts56,source_to_ts_node,operational_ts_node,N,,,RM,200.0,RM,0.0005,s1,0,32.4763,0,50000000.0
3292,,ts40,1.0,3,5,37.2015,-78.148,uniform_ts_node,Rose Run3,s186,PA,8201.0,-78.8689,40.9262,0.0,1,2,1,0.0,s186,ts40 - s186,ts_node_to_storage,storage,N,,,MA,200.0,MA,0.0007,s1,0,57.3598,0,50000000.0
3293,facility_pp_natgas_1973,fc1973_cluster,,2,3,39.1845,-84.7372,pp_natgas,,ts36,WV,,-81.7687,37.6841,0.0,1,5,3,,,fc1973_cluster - ts36,source_to_ts_node,uniform_ts_node,N,,,GL,200.0,GL,0.0006,s1,0,45.4683,0,50000000.0
3294,Green Plains Fairmont LLC,f1005526,3.0,2,4,43.664,-94.4926,ethanol,,ts20,NE,,-96.5899,41.3846,0.0,3,4,2,,,f1005526 - ts20,source_to_ts_node,uniform_ts_node,N,,,GP,200.0,GP,0.0005,s1,0,32.4763,0,50000000.0
3295,BATTLEFIELD GAS PLANT,f1009840,2.0,3,7,31.9678,-93.6731,ng_processing,,ts45,LA,,-90.7576,30.7654,0.0,2,7,3,,,f1009840 - ts45,source_to_ts_node,operational_ts_node,N,,,SE,200.0,SE,0.0006,s1,0,42.1862,0,50000000.0
3296,JACKSON LAKE GAS PLANT,f1013618,5.0,4,8,40.4527,-103.9559,ng_processing,,ts17,NE,,-100.4651,41.3081,0.0,3,4,2,,,f1013618 - ts17,source_to_ts_node,uniform_ts_node,N,,,RM,200.0,RM,0.0005,s1,0,32.4763,0,50000000.0
3297,CONVERSE CENTRAL FACILITY,f1009181,2.0,3,7,31.9551,-93.6817,ng_processing,,ts45,LA,,-90.7576,30.7654,0.0,2,7,3,,,f1009181 - ts45,source_to_ts_node,operational_ts_node,N,,,SE,200.0,SE,0.0006,s1,0,42.1862,0,50000000.0
3298,,ts55,5.0,4,8,40.0975,-108.8773,operational_ts_node,Fountain1b,s64,CO,5044.0,-104.6681,40.1597,0.0,5,8,4,0.0,s64,ts55 - s64,ts_node_to_storage,storage,N,,,RM,200.0,RM,0.0005,s1,0,32.4763,0,50000000.0
3299,facility_pp_natgas_1970,fc1970_cluster,,1,1,42.2449,-71.6779,pp_natgas,,ts44,VT,,-71.8379,44.9967,0.0,1,1,1,,,fc1970_cluster - ts44,source_to_ts_node,uniform_ts_node,N,,,NE,200.0,NE,0.0007,s1,0,71.2064,0,50000000.0
3300,"PCS NITROGEN FERTILIZER, L.P.",f1004340,1.0,3,5,33.47,-81.97,ammonia,,ts39,NC,,-78.8067,34.3752,0.0,1,5,3,,,f1004340 - ts39,source_to_ts_node,uniform_ts_node,N,,,SE,200.0,SE,0.0006,s1,0,42.1862,0,50000000.0
3301,CEMEX CONSTRUCTION MATERIALS SOUTH LLC,f1007877,5.0,4,8,40.2022,-105.2367,cement,,ts55,CO,,-108.8773,40.0975,0.0,5,8,4,,,f1007877 - ts55,source_to_ts_node,operational_ts_node,N,,,RM,200.0,RM,0.0005,s1,0,32.4763,0,50000000.0
3302,Valero Hartley Plant,f1002690,3.0,2,4,43.1829,-95.5057,ethanol,,ts24,IA,,-92.7128,41.3438,0.0,3,4,2,,,f1002690 - ts24,source_to_ts_node,uniform_ts_node,N,,,GP,200.0,GP,0.0005,s1,0,32.4763,0,50000000.0
3303,,ts56,5.0,4,8,43.6569,-106.2405,operational_ts_node,Madison Gp-Mission Canyon1,s114,ND,29617.0,-102.248,47.524,0.0,6,4,2,0.0,s114,ts56 - s114,ts_node_to_storage,storage,N,,,RM,200.0,RM,0.0005,s1,0,32.4763,0,50000000.0
3304,,ts34,1.0,3,5,31.9873,-82.7898,uniform_ts_node,Eutaw2,s60,AL,8478.0,-87.6484,31.182,0.0,2,6,3,0.0,s60,ts34 - s60,ts_node_to_storage,storage,N,,,SE,200.0,SE,0.0006,s1,0,42.1862,0,50000000.0
3305,,ts56,5.0,4,8,43.6569,-106.2405,operational_ts_node,Red River1,s172,ND,55614.0,-101.1361,47.6146,0.0,6,4,2,0.0,s172,ts56 - s172,ts_node_to_storage,storage,N,,,RM,200.0,RM,0.0005,s1,0,32.4763,0,50000000.0
3306,"POET Biorefining- Arthur, LLC",f1006534,3.0,2,4,42.3311,-95.3467,ethanol,,ts25,MN,,-92.573,44.2227,0.0,3,4,2,,,f1006534 - ts25,source_to_ts_node,uniform_ts_node,N,,,GP,200.0,GP,0.0005,s1,0,32.4763,0,50000000.0
3307,ILLINOIS CEMENT CO,f1006738,1.0,2,3,41.3295,-89.0816,cement,,ts29,WI,,-88.5434,44.0574,0.0,1,3,2,,,f1006738 - ts29,source_to_ts_node,uniform_ts_node,N,,,GL,200.0,GL,0.0006,s1,0,45.4683,0,50000000.0
3308,Cargill Corn Milling North America,f1006425,3.0,2,4,41.534,-96.0979,ethanol,,ts21,SD,,-96.615,44.2654,0.0,6,4,2,,,f1006425 - ts21,source_to_ts_node,uniform_ts_node,N,,,GP,200.0,GP,0.0005,s1,0,32.4763,0,50000000.0
3309,ABSOLUTE ENERGY LLC,f1002627,3.0,2,4,43.4995,-92.9171,ethanol,,ts21,SD,,-96.615,44.2654,0.0,6,4,2,,,f1002627 - ts21,source_to_ts_node,uniform_ts_node,N,,,GP,200.0,GP,0.0005,s1,0,32.4763,0,50000000.0
3310,facility_pp_natgas_1950,fc1950_cluster,,3,7,35.3237,-97.6598,pp_natgas,,ts58,TX,,-97.3799,32.575,5.0,4,7,3,,,fc1950_cluster - ts58,source_to_ts_node,uniform_ts_node,N,,,GP,200.0,GP,0.0005,s1,0,32.4763,0,50000000.0
3311,MERIT ENERGY 345 ARKOMA BASIN GB,f1012433,4.0,3,7,32.9348,-96.818,ng_processing,,ts67,AR,,-93.5084,33.2042,0.0,3,7,3,,,f1012433 - ts67,source_to_ts_node,uniform_ts_node,N,,,SWCA,200.0,SWCA,0.0005,s1,0,40.7425,0,50000000.0
3312,facility_pp_coal_1937,fc1937_cluster,,2,4,41.2529,-96.2171,pp_coal,,ts19,KS,,-96.5668,38.5117,0.0,3,4,2,,,fc1937_cluster - ts19,source_to_ts_node,uniform_ts_node,N,,,GP,200.0,GP,0.0005,s1,0,32.4763,0,50000000.0
3313,Poet Biorefining Fairbank LLC,f1004079,3.0,2,4,42.6393,-92.0311,ethanol,,ts28,IL,,-88.8466,41.1859,0.0,1,3,2,,,f1004079 - ts28,source_to_ts_node,uniform_ts_node,N,,,GP,200.0,GP,0.0005,s1,0,32.4763,0,50000000.0
3314,,ts56,5.0,4,8,43.6569,-106.2405,operational_ts_node,Dakota8,s43,CO,22831.0,-103.8294,39.9554,0.0,5,8,4,0.0,s43,ts56 - s43,ts_node_to_storage,storage,N,,,RM,200.0,RM,0.0005,s1,0,32.4763,0,50000000.0
3315,,ts72,2.0,3,7,29.0,-97.5,uniform_ts_node,Frio4,s71,TX,694.0,-94.0547,30.0272,3.0,2,7,3,0.0,s71,ts72 - s71,ts_node_to_storage,storage,N,,,SWCA,200.0,SWCA,0.0005,s1,0,40.7425,0,50000000.0
3316,,ts56,5.0,4,8,43.6569,-106.2405,operational_ts_node,Morrison3,s127,CO,24922.0,-103.7797,39.8853,0.0,5,8,4,0.0,s127,ts56 - s127,ts_node_to_storage,storage,N,,,RM,200.0,RM,0.0005,s1,0,32.4763,0,50000000.0
3317,FirstEnergy Harrison,fpp3944.01    ,1.0,3,5,39.384,-80.333,pp_coal,,ts40,VA,,-78.148,37.2015,0.0,1,5,3,,,fpp3944.01     - ts40,source_to_ts_node,uniform_ts_node,N,,,MA,200.0,MA,0.0007,s1,0,57.3598,0,50000000.0
3318,FirstEnergy Harrison,fpp3944.03    ,1.0,3,5,39.384,-80.333,pp_coal,,ts40,VA,,-78.148,37.2015,0.0,1,5,3,,,fpp3944.03     - ts40,source_to_ts_node,uniform_ts_node,N,,,MA,200.0,MA,0.0007,s1,0,57.3598,0,50000000.0
3319,facility_pp_natgas_1958,fc1958_cluster,,3,7,26.234,-98.0175,pp_natgas,,ts72,TX,,-97.5,29.0,2.0,2,7,3,,,fc1958_cluster - ts72,source_to_ts_node,uniform_ts_node,N,,,SWCA,200.0,SWCA,0.0005,s1,0,40.7425,0,50000000.0
3320,"KOCH FERTILIZER DODGE CITY, LLC",f1006037,3.0,2,4,37.78,-100.0057,ammonia,,ts19,KS,,-96.5668,38.5117,0.0,3,4,2,,,f1006037 - ts19,source_to_ts_node,uniform_ts_node,N,,,GP,200.0,GP,0.0005,s1,0,32.4763,0,50000000.0
3321,"Valero Renewable Fuels Campany LLC, dba Valero Albion Plant",f1003150,3.0,2,4,41.6775,-97.9822,ethanol,,ts21,SD,,-96.615,44.2654,0.0,6,4,2,,,f1003150 - ts21,source_to_ts_node,uniform_ts_node,N,,,GP,200.0,GP,0.0005,s1,0,32.4763,0,50000000.0
3322,Ash Grove Cement Company-LEAMINGTON,f1002530,5.0,4,8,39.5083,-112.2622,cement,,ts64,ID,,-112.1273,42.2721,0.0,5,8,4,,,f1002530 - ts64,source_to_ts_node,uniform_ts_node,N,,,RM,200.0,RM,0.0005,s1,0,32.4763,0,50000000.0
3323,,ts61,5.0,4,8,44.8643,-109.4599,uniform_ts_node,,p3302,WY,,-106.124,43.4396,0.0,5,8,4,,,ts61 - p3302,ts_node_to_demand,co2_eor,N,,,RM,200.0,RM,0.0005,s1,0,32.4763,0,50000000.0
3324,,ts45,2.0,3,7,30.7654,-90.7576,operational_ts_node,Frio5,s72,TX,323.0,-94.046,29.782,3.0,2,7,3,0.0,s72,ts45 - s72,ts_node_to_storage,storage,N,,,SE,200.0,SE,0.0006,s1,0,42.1862,0,50000000.0
3325,,ts51,4.0,4,8,36.5833,-104.0351,operational_ts_node,Canyon3,s19,TX,49915.0,-102.4566,31.7628,8.0,4,7,3,0.0,s19,ts51 - s19,ts_node_to_storage,storage,N,,,RM,200.0,RM,0.0005,s1,0,32.4763,0,50000000.0
3326,,ts59,5.0,4,8,40.1656,-103.5956,uniform_ts_node,Madison1,s118,WY,27700.0,-105.6614,43.8523,0.0,5,8,4,0.0,s118,ts59 - s118,ts_node_to_storage,storage,N,,,RM,200.0,RM,0.0005,s1,0,32.4763,0,50000000.0
3327,,ts61,5.0,4,8,44.8643,-109.4599,uniform_ts_node,Basal Cambrian1,s7,MT,8799.0,-111.3409,48.4353,0.0,6,8,4,0.0,s7,ts61 - s7,ts_node_to_storage,storage,N,,,RM,200.0,RM,0.0005,s1,0,32.4763,0,50000000.0
3328,,nat007,5.0,4,8,37.6832,-105.1922,nat_co2_field,,ts59,CO,,-103.5956,40.1656,0.0,5,8,4,,,nat007 - ts59,nat_co2_to_ts_node,uniform_ts_node,N,Sheep Mountain,,RM,200.0,RM,0.0005,s1,0,32.4763,0,50000000.0
3329,THE ANDERSONS MARATHON HOLDINGS LLC IN,f1005969,1.0,2,3,40.719,-86.436,ethanol,,ts31,KY,,-85.4315,38.0578,0.0,1,6,3,,,f1005969 - ts31,source_to_ts_node,uniform_ts_node,N,,,GL,200.0,GL,0.0006,s1,0,45.4683,0,50000000.0
3330,,ts30,1.0,3,6,35.2015,-85.8272,uniform_ts_node,Mount Simon6,s139,IN,29370.0,-86.0531,40.2057,0.0,1,3,2,0.0,s139,ts30 - s139,ts_node_to_storage,storage,N,,,SE,200.0,SE,0.0006,s1,0,42.1862,0,50000000.0
3331,Lafarge Ravena Cement Plant,f1005360,1.0,1,2,42.5461,-73.6722,cement,,ts44,VT,,-71.8379,44.9967,0.0,1,1,1,,,f1005360 - ts44,source_to_ts_node,uniform_ts_node,N,,,MA,200.0,MA,0.0007,s1,0,57.3598,0,50000000.0
3332,,ts50,4.0,4,8,36.9785,-108.1461,operational_ts_node,,ts63,,,-111.4886,37.9053,,5,8,4,,,ts50 - ts63,ts_node_to_ts_node,uniform_ts_node,N,,,RM,200.0,RM,0.0005,s1,0,32.4763,0,50000000.0
3333,,ts63,5.0,4,8,37.9053,-111.4886,uniform_ts_node,,ts50,,,-108.1461,36.9785,,4,8,4,,,ts63 - ts50,ts_node_to_ts_node,operational_ts_node,N,,,RM,200.0,RM,0.0005,s1,0,32.4763,0,50000000.0
3334,"CARDINAL ETHANOL, LLC",f1002882,1.0,2,3,40.1868,-84.8623,ethanol,,ts37,OH,,-81.1971,40.5228,0.0,1,3,2,,,f1002882 - ts37,source_to_ts_node,uniform_ts_node,N,,,GL,200.0,GL,0.0006,s1,0,45.4683,0,50000000.0
3335,,ts29,1.0,2,3,44.0574,-88.5434,uniform_ts_node,Mount Simon3,s136,IL,20633.0,-89.239,39.9199,0.0,1,3,2,0.0,s136,ts29 - s136,ts_node_to_storage,storage,N,,,GL,200.0,GL,0.0006,s1,0,45.4683,0,50000000.0
3336,ASH GROVE CEMENT COMPANY-MONTANA CITY,f1002531,6.0,4,8,46.5445,-111.9206,cement,,ts16,MT,,-114.1273,48.9248,0.0,6,8,4,,,f1002531 - ts16,source_to_ts_node,uniform_ts_node,N,,,RM,200.0,RM,0.0005,s1,0,32.4763,0,50000000.0
3337,Oklahoma Carbon Hub-EOR,fop004,3.0,3,7,36.7611,-96.7128,other_operational_facility,,ts62,MO,,-93.1948,36.7476,0.0,3,4,2,,,fop004 - ts62,source_to_ts_node,uniform_ts_node,N,,,GP,200.0,GP,0.0005,s1,0,32.4763,0,50000000.0
3338,Lon Wright          ,fpp2240.07    ,3.0,2,4,41.428,-96.462,pp_coal,,ts24,IA,,-92.7128,41.3438,0.0,3,4,2,,,fpp2240.07     - ts24,source_to_ts_node,uniform_ts_node,N,,,GP,200.0,GP,0.0005,s1,0,32.4763,0,50000000.0
3339,Lon Wright          ,fpp2240.06    ,3.0,2,4,41.428,-96.462,pp_coal,,ts24,IA,,-92.7128,41.3438,0.0,3,4,2,,,fpp2240.06     - ts24,source_to_ts_node,uniform_ts_node,N,,,GP,200.0,GP,0.0005,s1,0,32.4763,0,50000000.0
3340,Painesville         ,fpp2936.0ST2  ,1.0,2,3,41.727,-81.254,pp_coal,St. Peter8,s200,MI,11160.0,-85.0621,42.4439,0.0,1,3,2,0.0,s200,fpp2936.0ST2   - s200,source_to_storage,storage,N,,,GL,200.0,GL,0.0006,s1,0,45.4683,0,50000000.0
3341,Painesville         ,fpp2936.05    ,1.0,2,3,41.727,-81.254,pp_coal,St. Peter8,s200,MI,11160.0,-85.0621,42.4439,0.0,1,3,2,0.0,s200,fpp2936.05     - s200,source_to_storage,storage,N,,,GL,200.0,GL,0.0006,s1,0,45.4683,0,50000000.0
3342,Painesville         ,fpp2936.03    ,1.0,2,3,41.727,-81.254,pp_coal,St. Peter8,s200,MI,11160.0,-85.0621,42.4439,0.0,1,3,2,0.0,s200,fpp2936.03     - s200,source_to_storage,storage,N,,,GL,200.0,GL,0.0006,s1,0,45.4683,0,50000000.0
3343,Painesville         ,fpp2936.07    ,1.0,2,3,41.727,-81.254,pp_coal,St. Peter8,s200,MI,11160.0,-85.0621,42.4439,0.0,1,3,2,0.0,s200,fpp2936.07     - s200,source_to_storage,storage,N,,,GL,200.0,GL,0.0006,s1,0,45.4683,0,50000000.0
3344,Cheyenne Plant,f1005924,5.0,4,8,41.0949,-104.908,ammonia,,ts53,WY,,-108.417,42.1067,0.0,5,8,4,,,f1005924 - ts53,source_to_ts_node,operational_ts_node,N,,,RM,200.0,RM,0.0005,s1,0,32.4763,0,50000000.0
3345,ASH GROVE CEMENT COMPANY-SEATTLE,f1002537,7.0,4,9,47.568,-122.3426,cement,,ts13,WA,,-118.3486,48.3062,0.0,7,9,4,,,f1002537 - ts13,source_to_ts_node,uniform_ts_node,N,,,PN,200.0,PN,0.0006,s1,0,42.1862,0,50000000.0
3346,BELLE ISLE BATTERY I PRODUCTION FACILITY,f1013406,2.0,3,7,29.5289,-91.4052,ng_processing,,ts46,TX,,-93.8362,30.1309,3.0,2,7,3,,,f1013406 - ts46,source_to_ts_node,operational_ts_node,N,,,SE,200.0,SE,0.0006,s1,0,42.1862,0,50000000.0
3347,,nat001,5.0,4,8,37.32,-108.67,nat_co2_field,,ts55,CO,,-108.8773,40.0975,0.0,5,8,4,,,nat001 - ts55,nat_co2_to_ts_node,operational_ts_node,N,McElmo Dome,,RM,200.0,RM,0.0005,s1,0,32.4763,0,50000000.0
3348,Central Plains Cement Company LLC,f1004385,3.0,2,4,39.1442,-94.3948,cement,,ts20,NE,,-96.5899,41.3846,0.0,3,4,2,,,f1004385 - ts20,source_to_ts_node,uniform_ts_node,N,,,GP,200.0,GP,0.0005,s1,0,32.4763,0,50000000.0
3349,facility_pp_natgas_1955,fc1955_cluster,,3,7,30.44,-92.9786,pp_natgas,,ts67,AR,,-93.5084,33.2042,0.0,3,7,3,,,fc1955_cluster - ts67,source_to_ts_node,uniform_ts_node,N,,,SE,200.0,SE,0.0006,s1,0,42.1862,0,50000000.0
3350,LEHIGH CEMENT CO LLC,f1006136,1.0,2,3,40.7345,-86.4334,cement,,ts31,KY,,-85.4315,38.0578,0.0,1,6,3,,,f1006136 - ts31,source_to_ts_node,uniform_ts_node,N,,,GL,200.0,GL,0.0006,s1,0,45.4683,0,50000000.0
3351,facility_cement_1997,fc1997_cluster,,4,9,34.7177,-117.6125,cement,,ts8,CA,,-114.2466,34.2129,0.0,7,9,4,,,fc1997_cluster - ts8,source_to_ts_node,uniform_ts_node,N,,,SWCA,200.0,SWCA,0.0005,s1,0,40.7425,0,50000000.0
3352,,ts56,5.0,4,8,43.6569,-106.2405,operational_ts_node,Fountain1b,s64,CO,5044.0,-104.6681,40.1597,0.0,5,8,4,0.0,s64,ts56 - s64,ts_node_to_storage,storage,N,,,RM,200.0,RM,0.0005,s1,0,32.4763,0,50000000.0
3353,,ts65,1.0,3,6,35.2784,-89.5434,uniform_ts_node,Knox4,s95,IN,1275.0,-87.6386,38.0852,0.0,1,3,2,0.0,s95,ts65 - s95,ts_node_to_storage,storage,N,,,SE,200.0,SE,0.0006,s1,0,42.1862,0,50000000.0
3354,SHELBY,f1010598,2.0,3,7,31.7954,-94.179,ng_processing,,ts58,TX,,-97.3799,32.575,5.0,4,7,3,,,f1010598 - ts58,source_to_ts_node,uniform_ts_node,N,,,SWCA,200.0,SWCA,0.0005,s1,0,40.7425,0,50000000.0
3355,PLAINVIEW BIOENERY LLC,f1007819,4.0,3,7,34.1806,-101.6274,ethanol,,ts49,TX,,-102.0845,31.404,73.0,4,7,3,,,f1007819 - ts49,source_to_ts_node,operational_ts_node,N,,,SWCA,200.0,SWCA,0.0005,s1,0,40.7425,0,50000000.0
3356,,nat003,4.0,4,8,35.11,-103.13,nat_co2_field,,ts48,TX,,-101.2617,32.7688,81.0,4,7,3,,,nat003 - ts48,nat_co2_to_ts_node,operational_ts_node,N,Bravo Dome,,RM,200.0,RM,0.0005,s1,0,32.4763,0,50000000.0
3357,"Holcim (US), Inc.",f1004078,1.0,3,5,39.6524,-77.6805,cement,,ts37,OH,,-81.1971,40.5228,0.0,1,3,2,,,f1004078 - ts37,source_to_ts_node,uniform_ts_node,N,,,MA,200.0,MA,0.0007,s1,0,57.3598,0,50000000.0
3358,ASH GROVE CEMENT COMPANY-DURKEE,f1002527,7.0,4,9,44.5423,-117.4205,cement,,ts7,OR,,-121.3615,44.7701,0.0,7,9,4,,,f1002527 - ts7,source_to_ts_node,uniform_ts_node,N,,,PN,200.0,PN,0.0006,s1,0,42.1862,0,50000000.0
3359,,ts30,1.0,3,6,35.2015,-85.8272,uniform_ts_node,,ts70,,,-86.5671,32.4676,,2,6,3,,,ts30 - ts70,ts_node_to_ts_node,uniform_ts_node,N,,,SE,200.0,SE,0.0006,s1,0,42.1862,0,50000000.0
3360,,ts70,2.0,3,6,32.4676,-86.5671,uniform_ts_node,,ts30,,,-85.8272,35.2015,,1,6,3,,,ts70 - ts30,ts_node_to_ts_node,uniform_ts_node,N,,,SE,200.0,SE,0.0006,s1,0,42.1862,0,50000000.0
3361,LOUIS DREYFUS COMMODITIES GRAND JUNCTION LLC,f1003855,3.0,2,4,42.052,-94.2423,ethanol,,ts21,SD,,-96.615,44.2654,0.0,6,4,2,,,f1003855 - ts21,source_to_ts_node,uniform_ts_node,N,,,GP,200.0,GP,0.0005,s1,0,32.4763,0,50000000.0
3362,Holcim (US) Inc. - Portland Plant,f1003008,5.0,4,8,38.3286,-105.009,cement,,ts50,NM,,-108.1461,36.9785,4.0,4,8,4,,,f1003008 - ts50,source_to_ts_node,operational_ts_node,N,,,RM,200.0,RM,0.0005,s1,0,32.4763,0,50000000.0
3363,facility_ammonia_2011,fc2011_cluster,,2,4,40.7666,-94.3889,ammonia,,ts19,KS,,-96.5668,38.5117,0.0,3,4,2,,,fc2011_cluster - ts19,source_to_ts_node,uniform_ts_node,N,,,GP,200.0,GP,0.0005,s1,0,32.4763,0,50000000.0
3364,,ts69,4.0,4,8,34.4406,-107.2926,uniform_ts_node,Seven Rivers2,s192,TX,51068.0,-102.4437,31.7932,8.0,4,7,3,0.0,s192,ts69 - s192,ts_node_to_storage,storage,N,,,RM,200.0,RM,0.0005,s1,0,32.4763,0,50000000.0
3365,,ts69,4.0,4,8,34.4406,-107.2926,uniform_ts_node,Leonard2,s100,NM,9346.0,-103.619,32.9469,4.0,4,8,4,0.0,s100,ts69 - s100,ts_node_to_storage,storage,N,,,RM,200.0,RM,0.0005,s1,0,32.4763,0,50000000.0
3366,,ts69,4.0,4,8,34.4406,-107.2926,uniform_ts_node,Queen2,s171,NM,9346.0,-103.846,34.6309,4.0,4,8,4,0.0,s171,ts69 - s171,ts_node_to_storage,storage,N,,,RM,200.0,RM,0.0005,s1,0,32.4763,0,50000000.0
3367,Tate & Lyle-Loudon,f1000401,1.0,3,6,35.7433,-84.3208,ethanol,,ts36,WV,,-81.7687,37.6841,0.0,1,5,3,,,f1000401 - ts36,source_to_ts_node,uniform_ts_node,N,,,SE,200.0,SE,0.0006,s1,0,42.1862,0,50000000.0
3368,,ts58,4.0,3,7,32.575,-97.3799,uniform_ts_node,Fusselman1,s86,TX,51068.0,-102.444,31.7932,8.0,4,7,3,0.0,s86,ts58 - s86,ts_node_to_storage,storage,N,,,SWCA,200.0,SWCA,0.0005,s1,0,40.7425,0,50000000.0
3369,,ts58,4.0,3,7,32.575,-97.3799,uniform_ts_node,Queen1,s170,TX,51294.0,-101.642,34.6805,10.0,3,7,3,0.0,s170,ts58 - s170,ts_node_to_storage,storage,N,,,SWCA,200.0,SWCA,0.0005,s1,0,40.7425,0,50000000.0
3370,,ts58,4.0,3,7,32.575,-97.3799,uniform_ts_node,Seven Rivers1,s191,NM,9346.0,-103.6189,32.9649,4.0,4,8,4,0.0,s191,ts58 - s191,ts_node_to_storage,storage,N,,,SWCA,200.0,SWCA,0.0005,s1,0,40.7425,0,50000000.0
3371,,ts58,4.0,3,7,32.575,-97.3799,uniform_ts_node,Leonard1,s99,TX,51294.0,-102.444,31.7932,8.0,4,7,3,0.0,s99,ts58 - s99,ts_node_to_storage,storage,N,,,SWCA,200.0,SWCA,0.0005,s1,0,40.7425,0,50000000.0
3372,,ts58,4.0,3,7,32.575,-97.3799,uniform_ts_node,Strawn1,s205,TX,51068.0,-102.444,31.7932,8.0,4,7,3,0.0,s205,ts58 - s205,ts_node_to_storage,storage,N,,,SWCA,200.0,SWCA,0.0005,s1,0,40.7425,0,50000000.0
3373,,ts58,4.0,3,7,32.575,-97.3799,uniform_ts_node,Atoka1,s5,TX,51294.0,-102.444,31.7932,8.0,4,7,3,0.0,s5,ts58 - s5,ts_node_to_storage,storage,N,,,SWCA,200.0,SWCA,0.0005,s1,0,40.7425,0,50000000.0
3374,,ts54,6.0,4,8,45.1121,-104.9217,operational_ts_node,,p3402,WY,,-108.714,44.2821,0.0,5,8,4,,,ts54 - p3402,ts_node_to_demand,co2_eor,N,,,RM,200.0,RM,0.0005,s1,0,32.4763,0,50000000.0
3375,facility_pp_coal_1940,fc1940_cluster,,2,4,39.0692,-95.2106,pp_coal,,ts62,MO,,-93.1948,36.7476,0.0,3,4,2,,,fc1940_cluster - ts62,source_to_ts_node,uniform_ts_node,N,,,GP,200.0,GP,0.0005,s1,0,32.4763,0,50000000.0
3376,facility_pp_natgas_1953,fc1953_cluster,,3,7,33.6792,-92.3787,pp_natgas,,ts65,TN,,-89.5434,35.2784,0.0,1,6,3,,,fc1953_cluster - ts65,source_to_ts_node,uniform_ts_node,N,,,SE,200.0,SE,0.0006,s1,0,42.1862,0,50000000.0
3377,HOMELAND ENERGY SOLUTIONS LLC,f1006141,3.0,2,4,43.0702,-92.205,ethanol,,ts29,WI,,-88.5434,44.0574,0.0,1,3,2,,,f1006141 - ts29,source_to_ts_node,uniform_ts_node,N,,,GP,200.0,GP,0.0005,s1,0,32.4763,0,50000000.0
3378,facility_pp_coal_1926,fc1926_cluster,,3,5,39.3094,-80.5448,pp_coal,,ts40,VA,,-78.148,37.2015,0.0,1,5,3,,,fc1926_cluster - ts40,source_to_ts_node,uniform_ts_node,N,,,MA,200.0,MA,0.0007,s1,0,57.3598,0,50000000.0
3379,,ts30,1.0,3,6,35.2015,-85.8272,uniform_ts_node,Knox4,s95,IN,1275.0,-87.6386,38.0852,0.0,1,3,2,0.0,s95,ts30 - s95,ts_node_to_storage,storage,N,,,SE,200.0,SE,0.0006,s1,0,42.1862,0,50000000.0
3380,SIGNAL MOUNTAIN CEMENT CO,f1000247,1.0,3,6,35.1012,-85.3453,cement,,ts70,AL,,-86.5671,32.4676,0.0,2,6,3,,,f1000247 - ts70,source_to_ts_node,uniform_ts_node,N,,,SE,200.0,SE,0.0006,s1,0,42.1862,0,50000000.0
3381,TXI Hunter Cement Plant,f1007621,2.0,3,7,29.7999,-98.0365,cement,,ts58,TX,,-97.3799,32.575,5.0,4,7,3,,,f1007621 - ts58,source_to_ts_node,uniform_ts_node,N,,,SWCA,200.0,SWCA,0.0005,s1,0,40.7425,0,50000000.0
3382,facility_pp_coal_1925,fc1925_cluster,,1,9,41.6603,-120.0975,pp_coal,,ts11,ID,,-116.5079,42.6576,0.0,5,8,4,,,fc1925_cluster - ts11,source_to_ts_node,uniform_ts_node,N,,,SWCA,200.0,SWCA,0.0005,s1,0,40.7425,0,50000000.0
3383,facility_ammonia_2006,fc2006_cluster,,3,9,41.6603,-120.0975,ammonia,,ts11,ID,,-116.5079,42.6576,0.0,5,8,4,,,fc2006_cluster - ts11,source_to_ts_node,uniform_ts_node,N,,,SWCA,200.0,SWCA,0.0005,s1,0,40.7425,0,50000000.0
3384,facility_ng_processing_1988,fc1988_cluster,,4,9,41.6603,-120.0975,ng_processing,,ts11,ID,,-116.5079,42.6576,0.0,5,8,4,,,fc1988_cluster - ts11,source_to_ts_node,uniform_ts_node,N,,,SWCA,200.0,SWCA,0.0005,s1,0,40.7425,0,50000000.0
3385,facility_ethanol_1915,fc1915_cluster,,2,9,41.6603,-120.0975,ethanol,,ts11,ID,,-116.5079,42.6576,0.0,5,8,4,,,fc1915_cluster - ts11,source_to_ts_node,uniform_ts_node,N,,,SWCA,200.0,SWCA,0.0005,s1,0,40.7425,0,50000000.0
3386,facility_beccs_2015,fc2015_cluster,,4,9,41.6603,-120.0975,beccs,,ts11,ID,,-116.5079,42.6576,0.0,5,8,4,,,fc2015_cluster - ts11,source_to_ts_node,uniform_ts_node,N,,,SWCA,200.0,SWCA,0.0005,s1,0,40.7425,0,50000000.0
3387,,ts66,3.0,3,7,35.3989,-100.6543,uniform_ts_node,,p4506,TX,,-99.5831,32.7198,72.0,4,7,3,,,ts66 - p4506,ts_node_to_demand,co2_eor,N,,,SWCA,200.0,SWCA,0.0005,s1,0,40.7425,0,50000000.0
3388,,ts66,3.0,3,7,35.3989,-100.6543,uniform_ts_node,,p4505,TX,,-98.8282,33.0055,9.0,4,7,3,,,ts66 - p4505,ts_node_to_demand,co2_eor,N,,,SWCA,200.0,SWCA,0.0005,s1,0,40.7425,0,50000000.0
3389,,ts47,4.0,4,8,33.918,-104.5168,operational_ts_node,Entrada9,s58,NM,5705.0,-107.6036,36.5049,4.0,4,8,4,0.0,s58,ts47 - s58,ts_node_to_storage,storage,N,,,RM,200.0,RM,0.0005,s1,0,32.4763,0,50000000.0
3390,Holcim (US) INC JOPPA PLANT,f1000243,1.0,2,3,37.2168,-88.8798,cement,,ts31,KY,,-85.4315,38.0578,0.0,1,6,3,,,f1000243 - ts31,source_to_ts_node,uniform_ts_node,N,,,GL,200.0,GL,0.0006,s1,0,45.4683,0,50000000.0
3391,facility_pp_coal_1921,fc1921_cluster,,1,2,40.765,-76.1053,pp_coal,,ts43,MA,,-72.8249,42.2012,0.0,1,1,1,,,fc1921_cluster - ts43,source_to_ts_node,uniform_ts_node,N,,,MA,200.0,MA,0.0007,s1,0,57.3598,0,50000000.0
3392,,ts66,3.0,3,7,35.3989,-100.6543,uniform_ts_node,,p5505,OK,,-97.2641,36.1753,0.0,3,7,3,,,ts66 - p5505,ts_node_to_demand,co2_eor,N,,,SWCA,200.0,SWCA,0.0005,s1,0,40.7425,0,50000000.0
3393,,ts51,4.0,4,8,36.5833,-104.0351,operational_ts_node,Arbuckle1,s1,OK,10229.0,-98.5544,36.3994,0.0,3,7,3,0.0,s1,ts51 - s1,ts_node_to_storage,storage,N,,,RM,200.0,RM,0.0005,s1,0,32.4763,0,50000000.0
3394,John E Amos         ,fpp3935.03    ,1.0,3,5,38.473,-81.823,pp_coal,,ts31,KY,,-85.4315,38.0578,0.0,1,6,3,,,fpp3935.03     - ts31,source_to_ts_node,uniform_ts_node,N,,,MA,200.0,MA,0.0007,s1,0,57.3598,0,50000000.0
3395,"GCC Permian, LLC",f1006363,4.0,3,7,31.7037,-102.3922,cement,,ts47,NM,,-104.5168,33.918,4.0,4,8,4,,,f1006363 - ts47,source_to_ts_node,operational_ts_node,N,,,SWCA,200.0,SWCA,0.0005,s1,0,40.7425,0,50000000.0
3396,,ts9,5.0,4,8,37.0334,-114.9436,uniform_ts_node,Dakota5,s40,UT,10678.0,-110.4189,39.7311,0.0,5,8,4,0.0,s40,ts9 - s40,ts_node_to_storage,storage,N,,,RM,200.0,RM,0.0005,s1,0,32.4763,0,50000000.0
3397,,ts9,5.0,4,8,37.0334,-114.9436,uniform_ts_node,Entrada2,s51,UT,10799.0,-110.4089,39.6458,0.0,5,8,4,0.0,s51,ts9 - s51,ts_node_to_storage,storage,N,,,RM,200.0,RM,0.0005,s1,0,32.4763,0,50000000.0
3398,PATRIOT RENEWABLE FUELS LLC,f1006469,1.0,2,3,41.3934,-89.8722,ethanol,,ts29,WI,,-88.5434,44.0574,0.0,1,3,2,,,f1006469 - ts29,source_to_ts_node,uniform_ts_node,N,,,GL,200.0,GL,0.0006,s1,0,45.4683,0,50000000.0
3399,,ts17,3.0,2,4,41.3081,-100.4651,uniform_ts_node,Arbuckle4,s4,KS,32460.0,-99.2057,37.695,0.0,3,4,2,0.0,s4,ts17 - s4,ts_node_to_storage,storage,N,,,GP,200.0,GP,0.0005,s1,0,32.4763,0,50000000.0
3400,ALAMO GAS PLANT,f1012815,2.0,3,7,31.2816,-95.5197,ng_processing,,ts72,TX,,-97.5,29.0,2.0,2,7,3,,,f1012815 - ts72,source_to_ts_node,uniform_ts_node,N,,,SWCA,200.0,SWCA,0.0005,s1,0,40.7425,0,50000000.0
3401,MARQUIS ENERGY LLC,f1005374,1.0,2,3,41.2767,-89.3195,ethanol,,ts29,WI,,-88.5434,44.0574,0.0,1,3,2,,,f1005374 - ts29,source_to_ts_node,uniform_ts_node,N,,,GL,200.0,GL,0.0006,s1,0,45.4683,0,50000000.0
3402,"PCS Nitrogen Ohio, L.P.",f1002229,1.0,2,3,40.7113,-84.1382,ammonia,,ts31,KY,,-85.4315,38.0578,0.0,1,6,3,,,f1002229 - ts31,source_to_ts_node,uniform_ts_node,N,,,GL,200.0,GL,0.0006,s1,0,45.4683,0,50000000.0
3403,Lon Wright          ,fpp2240.06    ,3.0,2,4,41.428,-96.462,pp_coal,,ts21,SD,,-96.615,44.2654,0.0,6,4,2,,,fpp2240.06     - ts21,source_to_ts_node,uniform_ts_node,N,,,GP,200.0,GP,0.0005,s1,0,32.4763,0,50000000.0
3404,Lon Wright          ,fpp2240.07    ,3.0,2,4,41.428,-96.462,pp_coal,,ts21,SD,,-96.615,44.2654,0.0,6,4,2,,,fpp2240.07     - ts21,source_to_ts_node,uniform_ts_node,N,,,GP,200.0,GP,0.0005,s1,0,32.4763,0,50000000.0
3405,,ts69,4.0,4,8,34.4406,-107.2926,uniform_ts_node,,ts60,,,-110.7599,34.7449,,5,8,4,,,ts69 - ts60,ts_node_to_ts_node,uniform_ts_node,N,,,RM,200.0,RM,0.0005,s1,0,32.4763,0,50000000.0
3406,,ts60,5.0,4,8,34.7449,-110.7599,uniform_ts_node,,ts69,,,-107.2926,34.4406,,4,8,4,,,ts60 - ts69,ts_node_to_ts_node,uniform_ts_node,N,,,SWCA,200.0,SWCA,0.0005,s1,0,40.7425,0,50000000.0
3407,KOSMOS CEMENT CO,f1007997,1.0,3,6,38.0347,-85.906,cement,,ts30,TN,,-85.8272,35.2015,0.0,1,6,3,,,f1007997 - ts30,source_to_ts_node,uniform_ts_node,N,,,SE,200.0,SE,0.0006,s1,0,42.1862,0,50000000.0
3408,,ts18,3.0,3,7,35.639,-96.5454,uniform_ts_node,Canyon1,s17,TX,15157.0,-101.6575,34.6788,10.0,3,7,3,0.0,s17,ts18 - s17,ts_node_to_storage,storage,N,,,GP,200.0,GP,0.0005,s1,0,32.4763,0,50000000.0
3409,LONE STAR INDUSTRIES,f1006112,3.0,2,4,37.2676,-89.5385,cement,,ts23,MO,,-92.8416,38.4726,0.0,3,4,2,,,f1006112 - ts23,source_to_ts_node,uniform_ts_node,N,,,GP,200.0,GP,0.0005,s1,0,32.4763,0,50000000.0
3410,Thomas Hill         ,fpp2168.03    ,3.0,2,4,39.552,-92.638,pp_coal,,ts62,MO,,-93.1948,36.7476,0.0,3,4,2,,,fpp2168.03     - ts62,source_to_ts_node,uniform_ts_node,N,,,GP,200.0,GP,0.0005,s1,0,32.4763,0,50000000.0
3411,,ts63,5.0,4,8,37.9053,-111.4886,uniform_ts_node,,ts9,,,-114.9436,37.0334,,5,8,4,,,ts63 - ts9,ts_node_to_ts_node,uniform_ts_node,N,,,RM,200.0,RM,0.0005,s1,0,32.4763,0,50000000.0
3412,,ts9,5.0,4,8,37.0334,-114.9436,uniform_ts_node,,ts63,,,-111.4886,37.9053,,5,8,4,,,ts9 - ts63,ts_node_to_ts_node,uniform_ts_node,N,,,RM,200.0,RM,0.0005,s1,0,32.4763,0,50000000.0
3413,,ts59,5.0,4,8,40.1656,-103.5956,uniform_ts_node,Minnelusa1,s122,WY,9960.0,-105.7231,43.9693,0.0,5,8,4,0.0,s122,ts59 - s122,ts_node_to_storage,storage,N,,,RM,200.0,RM,0.0005,s1,0,32.4763,0,50000000.0
3414,,ts43,1.0,1,1,42.2012,-72.8249,uniform_ts_node,Rose Run3,s186,PA,8201.0,-78.8689,40.9262,0.0,1,2,1,0.0,s186,ts43 - s186,ts_node_to_storage,storage,N,,,NE,200.0,NE,0.0007,s1,0,71.2064,0,50000000.0
3415,facility_pp_coal_1938,fc1938_cluster,,2,4,41.4969,-91.4426,pp_coal,,ts25,MN,,-92.573,44.2227,0.0,3,4,2,,,fc1938_cluster - ts25,source_to_ts_node,uniform_ts_node,N,,,GP,200.0,GP,0.0005,s1,0,32.4763,0,50000000.0
3416,BATTLEFIELD GAS PLANT,f1009840,2.0,3,7,31.9678,-93.6731,ng_processing,,ts52,MS,,-90.388,32.6973,0.0,2,6,3,,,f1009840 - ts52,source_to_ts_node,operational_ts_node,N,,,SE,200.0,SE,0.0006,s1,0,42.1862,0,50000000.0
3417,GREEN VALLEY CHEMICAL CORP,f1002790,3.0,2,4,41.0709,-94.3567,ammonia,,ts23,MO,,-92.8416,38.4726,0.0,3,4,2,,,f1002790 - ts23,source_to_ts_node,uniform_ts_node,N,,,GP,200.0,GP,0.0005,s1,0,32.4763,0,50000000.0
3418,,ts28,1.0,2,3,41.1859,-88.8466,uniform_ts_node,Knox4,s95,IN,1275.0,-87.6386,38.0852,0.0,1,3,2,0.0,s95,ts28 - s95,ts_node_to_storage,storage,N,,,GL,200.0,GL,0.0006,s1,0,45.4683,0,50000000.0
3419,facility_pp_natgas_1974,fc1974_cluster,,2,3,40.4935,-81.1999,pp_natgas,,ts36,WV,,-81.7687,37.6841,0.0,1,5,3,,,fc1974_cluster - ts36,source_to_ts_node,uniform_ts_node,N,,,GL,200.0,GL,0.0006,s1,0,45.4683,0,50000000.0
3420,TERRELL GAS PROCESSING,f1000002,2.0,3,7,40.3711,-85.1981,ng_processing,,ts28,IL,,-88.8466,41.1859,0.0,1,3,2,,,f1000002 - ts28,source_to_ts_node,uniform_ts_node,N,,,GL,200.0,GL,0.0006,s1,0,45.4683,0,50000000.0
3421,Dover               ,fpp2914.04    ,1.0,2,3,40.52,-81.468,pp_coal,,ts36,WV,,-81.7687,37.6841,0.0,1,5,3,,,fpp2914.04     - ts36,source_to_ts_node,uniform_ts_node,N,,,GL,200.0,GL,0.0006,s1,0,45.4683,0,50000000.0
3422,Dover               ,fpp2914.03    ,1.0,2,3,40.52,-81.468,pp_coal,,ts36,WV,,-81.7687,37.6841,0.0,1,5,3,,,fpp2914.03     - ts36,source_to_ts_node,uniform_ts_node,N,,,GL,200.0,GL,0.0006,s1,0,45.4683,0,50000000.0
3423,facility_pp_coal_1930,fc1930_cluster,,2,3,38.5296,-87.4916,pp_coal,,ts28,IL,,-88.8466,41.1859,0.0,1,3,2,,,fc1930_cluster - ts28,source_to_ts_node,uniform_ts_node,N,,,GL,200.0,GL,0.0006,s1,0,45.4683,0,50000000.0
3424,,ts53,5.0,4,8,42.1067,-108.417,operational_ts_node,,ts61,,,-109.4599,44.8643,,5,8,4,,,ts53 - ts61,ts_node_to_ts_node,uniform_ts_node,N,,,RM,200.0,RM,0.0005,s1,0,32.4763,0,50000000.0
3425,,ts61,5.0,4,8,44.8643,-109.4599,uniform_ts_node,,ts53,,,-108.417,42.1067,,5,8,4,,,ts61 - ts53,ts_node_to_ts_node,operational_ts_node,N,,,RM,200.0,RM,0.0005,s1,0,32.4763,0,50000000.0
3426,GUARDIAN ENERGY LLC,f1000872,3.0,2,4,44.1119,-93.6786,ethanol,,ts24,IA,,-92.7128,41.3438,0.0,3,4,2,,,f1000872 - ts24,source_to_ts_node,uniform_ts_node,N,,,GP,200.0,GP,0.0005,s1,0,32.4763,0,50000000.0
3427,Mountaineer         ,fpp6264.01    ,1.0,3,5,38.979,-81.934,pp_coal,,ts31,KY,,-85.4315,38.0578,0.0,1,6,3,,,fpp6264.01     - ts31,source_to_ts_node,uniform_ts_node,N,,,MA,200.0,MA,0.0007,s1,0,57.3598,0,50000000.0
3428,,ts58,4.0,3,7,32.575,-97.3799,uniform_ts_node,Frio1,s67,TX,4855.0,-95.6624,29.7957,3.0,2,7,3,0.0,s67,ts58 - s67,ts_node_to_storage,storage,N,,,SWCA,200.0,SWCA,0.0005,s1,0,40.7425,0,50000000.0
3429,CONVERSE CENTRAL FACILITY,f1009181,2.0,3,7,31.9551,-93.6817,ng_processing,,ts52,MS,,-90.388,32.6973,0.0,2,6,3,,,f1009181 - ts52,source_to_ts_node,operational_ts_node,N,,,SE,200.0,SE,0.0006,s1,0,42.1862,0,50000000.0
3430,facility_ng_processing_1985,fc1985_cluster,,4,8,38.1295,-104.8068,ng_processing,,ts50,NM,,-108.1461,36.9785,4.0,4,8,4,,,fc1985_cluster - ts50,source_to_ts_node,operational_ts_node,N,,,RM,200.0,RM,0.0005,s1,0,32.4763,0,50000000.0
3431,ASH GROVE CEMENT COMPANY-SEATTLE,f1002537,7.0,4,9,47.568,-122.3426,cement,,ts7,OR,,-121.3615,44.7701,0.0,7,9,4,,,f1002537 - ts7,source_to_ts_node,uniform_ts_node,N,,,PN,200.0,PN,0.0006,s1,0,42.1862,0,50000000.0
3432,facility_pp_coal_1932,fc1932_cluster,,2,3,37.8836,-89.2386,pp_coal,,ts23,MO,,-92.8416,38.4726,0.0,3,4,2,,,fc1932_cluster - ts23,source_to_ts_node,uniform_ts_node,N,,,GL,200.0,GL,0.0006,s1,0,45.4683,0,50000000.0
3433,,ts71,3.0,2,4,41.4985,-103.1277,uniform_ts_node,Weber3,s221,CO,5712.0,-107.8178,40.6082,0.0,5,8,4,0.0,s221,ts71 - s221,ts_node_to_storage,storage,N,,,GP,200.0,GP,0.0005,s1,0,32.4763,0,50000000.0
3434,,ts66,3.0,3,7,35.3989,-100.6543,uniform_ts_node,,p4411,TX,,-101.912,32.7303,81.0,4,7,3,,,ts66 - p4411,ts_node_to_demand,co2_eor,N,,,SWCA,200.0,SWCA,0.0005,s1,0,40.7425,0,50000000.0
3435,facility_beccs_2020,fc2020_cluster,,2,4,42.8794,-97.2121,beccs,,ts17,NE,,-100.4651,41.3081,0.0,3,4,2,,,fc2020_cluster - ts17,source_to_ts_node,uniform_ts_node,N,,,GP,200.0,GP,0.0005,s1,0,32.4763,0,50000000.0
3436,,ts71,3.0,2,4,41.4985,-103.1277,uniform_ts_node,Nugget1,s153,CO,5877.0,-107.939,40.6116,0.0,5,8,4,0.0,s153,ts71 - s153,ts_node_to_storage,storage,N,,,GP,200.0,GP,0.0005,s1,0,32.4763,0,50000000.0
3437,LEHIGH CEMENT/EVANSVILLE CEMENT PLT & QUARRY,f1005742,1.0,1,2,40.4725,-75.8952,cement,,ts43,MA,,-72.8249,42.2012,0.0,1,1,1,,,f1005742 - ts43,source_to_ts_node,uniform_ts_node,N,,,MA,200.0,MA,0.0007,s1,0,57.3598,0,50000000.0
3438,,ts55,5.0,4,8,40.0975,-108.8773,operational_ts_node,Dakota9,s44,WY,5028.0,-104.5313,41.6629,0.0,5,8,4,0.0,s44,ts55 - s44,ts_node_to_storage,storage,N,,,RM,200.0,RM,0.0005,s1,0,32.4763,0,50000000.0
3439,,ts55,5.0,4,8,40.0975,-108.8773,operational_ts_node,Entrada6,s55,WY,5028.0,-104.5313,41.6629,0.0,5,8,4,0.0,s55,ts55 - s55,ts_node_to_storage,storage,N,,,RM,200.0,RM,0.0005,s1,0,32.4763,0,50000000.0
3440,Iowa Fertilizer Company,f1012918,3.0,2,4,40.69,-91.23,ammonia,,ts27,IL,,-89.1261,38.321,0.0,1,3,2,,,f1012918 - ts27,source_to_ts_node,uniform_ts_node,N,,,GP,200.0,GP,0.0005,s1,0,32.4763,0,50000000.0
3441,"CF Industries Nitrogen, LLC-Port Neal Nitrogen Complex",f1006005,3.0,2,4,42.3279,-96.3649,ammonia,,ts24,IA,,-92.7128,41.3438,0.0,3,4,2,,,f1006005 - ts24,source_to_ts_node,uniform_ts_node,N,,,GP,200.0,GP,0.0005,s1,0,32.4763,0,50000000.0
3442,facility_pp_natgas_1968,fc1968_cluster,,3,5,32.3143,-81.2233,pp_natgas,,ts39,NC,,-78.8067,34.3752,0.0,1,5,3,,,fc1968_cluster - ts39,source_to_ts_node,uniform_ts_node,N,,,SE,200.0,SE,0.0006,s1,0,42.1862,0,50000000.0
3443,"DAKOTA ETHANOL, LLC",f1002585,6.0,2,4,43.9764,-96.9533,ethanol,,ts57,SD,,-100.7778,44.9071,0.0,6,4,2,,,f1002585 - ts57,source_to_ts_node,uniform_ts_node,N,,,GP,200.0,GP,0.0005,s1,0,32.4763,0,50000000.0
3444,facility_pp_natgas_1945,fc1945_cluster,,4,8,36.0224,-114.9251,pp_natgas,,ts4,CA,,-118.4952,36.4119,0.0,7,9,4,,,fc1945_cluster - ts4,source_to_ts_node,uniform_ts_node,N,,,RM,200.0,RM,0.0005,s1,0,32.4763,0,50000000.0
3445,,ts23,3.0,2,4,38.4726,-92.8416,uniform_ts_node,Knox2,s93,IL,5560.0,-88.4987,38.1531,0.0,1,3,2,0.0,s93,ts23 - s93,ts_node_to_storage,storage,N,,,GP,200.0,GP,0.0005,s1,0,32.4763,0,50000000.0
3446,,ts47,4.0,4,8,33.918,-104.5168,operational_ts_node,,p4405,TX,,-101.283,32.8612,81.0,4,7,3,,,ts47 - p4405,ts_node_to_demand,co2_eor,N,,,RM,200.0,RM,0.0005,s1,0,32.4763,0,50000000.0
3447,,ts29,1.0,2,3,44.0574,-88.5434,uniform_ts_node,St. Peter10,s202,MI,9200.0,-84.4233,44.0351,0.0,1,3,2,0.0,s202,ts29 - s202,ts_node_to_storage,storage,N,,,GL,200.0,GL,0.0006,s1,0,45.4683,0,50000000.0
3448,GREEN PLAINS OBION LLC,f1006364,1.0,3,6,36.283,-89.1476,ethanol,,ts30,TN,,-85.8272,35.2015,0.0,1,6,3,,,f1006364 - ts30,source_to_ts_node,uniform_ts_node,N,,,SE,200.0,SE,0.0006,s1,0,42.1862,0,50000000.0
3449,facility_ethanol_1919,fc1919_cluster,,3,6,36.283,-89.1476,ethanol,,ts30,TN,,-85.8272,35.2015,0.0,1,6,3,,,fc1919_cluster - ts30,source_to_ts_node,uniform_ts_node,N,,,SE,200.0,SE,0.0006,s1,0,42.1862,0,50000000.0
3450,AGRIUM US BORGER NITROGEN OPERATIONS,f1002380,3.0,3,7,35.6411,-101.4203,ammonia,,ts48,TX,,-101.2617,32.7688,81.0,4,7,3,,,f1002380 - ts48,source_to_ts_node,operational_ts_node,N,,,SWCA,200.0,SWCA,0.0005,s1,0,40.7425,0,50000000.0
3451,facility_pp_natgas_1942,fc1942_cluster,,1,2,43.433,-76.3983,pp_natgas,,ts43,MA,,-72.8249,42.2012,0.0,1,1,1,,,fc1942_cluster - ts43,source_to_ts_node,uniform_ts_node,N,,,MA,200.0,MA,0.0007,s1,0,57.3598,0,50000000.0
3452,Longview Power Plant,fpp56671.0MKA01,1.0,3,5,39.708,-79.959,pp_coal,,ts40,VA,,-78.148,37.2015,0.0,1,5,3,,,fpp56671.0MKA01 - ts40,source_to_ts_node,uniform_ts_node,N,,,MA,200.0,MA,0.0007,s1,0,57.3598,0,50000000.0
3453,facility_pp_natgas_1974,fc1974_cluster,,2,3,40.4935,-81.1999,pp_natgas,,ts41,PA,,-77.4375,40.0209,0.0,1,2,1,,,fc1974_cluster - ts41,source_to_ts_node,uniform_ts_node,N,,,GL,200.0,GL,0.0006,s1,0,45.4683,0,50000000.0
3454,,ts26,3.0,2,4,47.1185,-92.4209,uniform_ts_node,,ts25,,,-92.573,44.2227,,3,4,2,,,ts26 - ts25,ts_node_to_ts_node,uniform_ts_node,N,,,GP,200.0,GP,0.0005,s1,0,32.4763,0,50000000.0
3455,,ts25,3.0,2,4,44.2227,-92.573,uniform_ts_node,,ts26,,,-92.4209,47.1185,,3,4,2,,,ts25 - ts26,ts_node_to_ts_node,uniform_ts_node,N,,,GP,200.0,GP,0.0005,s1,0,32.4763,0,50000000.0
3456,,ts9,5.0,4,8,37.0334,-114.9436,uniform_ts_node,,ts8,,,-114.2466,34.2129,,7,9,4,,,ts9 - ts8,ts_node_to_ts_node,uniform_ts_node,N,,,RM,200.0,RM,0.0005,s1,0,32.4763,0,50000000.0
3457,,ts8,7.0,4,9,34.2129,-114.2466,uniform_ts_node,,ts9,,,-114.9436,37.0334,,5,8,4,,,ts8 - ts9,ts_node_to_ts_node,uniform_ts_node,N,,,SWCA,200.0,SWCA,0.0005,s1,0,40.7425,0,50000000.0
3458,,ts6,7.0,4,9,41.9847,-120.3299,uniform_ts_node,,ts5,,,-119.3773,39.2008,,5,8,4,,,ts6 - ts5,ts_node_to_ts_node,uniform_ts_node,N,,,SWCA,200.0,SWCA,0.0005,s1,0,40.7425,0,50000000.0
3459,,ts5,5.0,4,8,39.2008,-119.3773,uniform_ts_node,,ts6,,,-120.3299,41.9847,,7,9,4,,,ts5 - ts6,ts_node_to_ts_node,uniform_ts_node,N,,,RM,200.0,RM,0.0005,s1,0,32.4763,0,50000000.0
3460,,ts18,3.0,3,7,35.639,-96.5454,uniform_ts_node,,ts19,,,-96.5668,38.5117,,3,4,2,,,ts18 - ts19,ts_node_to_ts_node,uniform_ts_node,N,,,GP,200.0,GP,0.0005,s1,0,32.4763,0,50000000.0
3461,,ts19,3.0,2,4,38.5117,-96.5668,uniform_ts_node,,ts18,,,-96.5454,35.639,,3,7,3,,,ts19 - ts18,ts_node_to_ts_node,uniform_ts_node,N,,,GP,200.0,GP,0.0005,s1,0,32.4763,0,50000000.0
3462,,ts27,1.0,2,3,38.321,-89.1261,uniform_ts_node,,ts28,,,-88.8466,41.1859,,1,3,2,,,ts27 - ts28,ts_node_to_ts_node,uniform_ts_node,N,,,GL,200.0,GL,0.0006,s1,0,45.4683,0,50000000.0
3463,,ts28,1.0,2,3,41.1859,-88.8466,uniform_ts_node,,ts27,,,-89.1261,38.321,,1,3,2,,,ts28 - ts27,ts_node_to_ts_node,uniform_ts_node,N,,,GL,200.0,GL,0.0006,s1,0,45.4683,0,50000000.0
3464,,ts28,1.0,2,3,41.1859,-88.8466,uniform_ts_node,,ts29,,,-88.5434,44.0574,,1,3,2,,,ts28 - ts29,ts_node_to_ts_node,uniform_ts_node,N,,,GL,200.0,GL,0.0006,s1,0,45.4683,0,50000000.0
3465,,ts29,1.0,2,3,44.0574,-88.5434,uniform_ts_node,,ts28,,,-88.8466,41.1859,,1,3,2,,,ts29 - ts28,ts_node_to_ts_node,uniform_ts_node,N,,,GL,200.0,GL,0.0006,s1,0,45.4683,0,50000000.0
3466,,ts7,7.0,4,9,44.7701,-121.3615,uniform_ts_node,,ts12,,,-117.3894,45.4748,,7,9,4,,,ts7 - ts12,ts_node_to_ts_node,uniform_ts_node,N,,,PN,200.0,PN,0.0006,s1,0,42.1862,0,50000000.0
3467,,ts12,7.0,4,9,45.4748,-117.3894,uniform_ts_node,,ts7,,,-121.3615,44.7701,,7,9,4,,,ts12 - ts7,ts_node_to_ts_node,uniform_ts_node,N,,,PN,200.0,PN,0.0006,s1,0,42.1862,0,50000000.0
3468,,ts12,7.0,4,9,45.4748,-117.3894,uniform_ts_node,,ts11,,,-116.5079,42.6576,,5,8,4,,,ts12 - ts11,ts_node_to_ts_node,uniform_ts_node,N,,,PN,200.0,PN,0.0006,s1,0,42.1862,0,50000000.0
3469,,ts11,5.0,4,8,42.6576,-116.5079,uniform_ts_node,,ts12,,,-117.3894,45.4748,,7,9,4,,,ts11 - ts12,ts_node_to_ts_node,uniform_ts_node,N,,,RM,200.0,RM,0.0005,s1,0,32.4763,0,50000000.0
3470,,ts31,1.0,3,6,38.0578,-85.4315,uniform_ts_node,,ts30,,,-85.8272,35.2015,,1,6,3,,,ts31 - ts30,ts_node_to_ts_node,uniform_ts_node,N,,,SE,200.0,SE,0.0006,s1,0,42.1862,0,50000000.0
3471,,ts30,1.0,3,6,35.2015,-85.8272,uniform_ts_node,,ts31,,,-85.4315,38.0578,,1,6,3,,,ts30 - ts31,ts_node_to_ts_node,uniform_ts_node,N,,,SE,200.0,SE,0.0006,s1,0,42.1862,0,50000000.0
3472,,ts40,1.0,3,5,37.2015,-78.148,uniform_ts_node,,ts39,,,-78.8067,34.3752,,1,5,3,,,ts40 - ts39,ts_node_to_ts_node,uniform_ts_node,N,,,MA,200.0,MA,0.0007,s1,0,57.3598,0,50000000.0
3473,,ts39,1.0,3,5,34.3752,-78.8067,uniform_ts_node,,ts40,,,-78.148,37.2015,,1,5,3,,,ts39 - ts40,ts_node_to_ts_node,uniform_ts_node,N,,,SE,200.0,SE,0.0006,s1,0,42.1862,0,50000000.0
3474,,ts44,1.0,1,1,44.9967,-71.8379,uniform_ts_node,,ts43,,,-72.8249,42.2012,,1,1,1,,,ts44 - ts43,ts_node_to_ts_node,uniform_ts_node,N,,,NE,200.0,NE,0.0007,s1,0,71.2064,0,50000000.0
3475,,ts43,1.0,1,1,42.2012,-72.8249,uniform_ts_node,,ts44,,,-71.8379,44.9967,,1,1,1,,,ts43 - ts44,ts_node_to_ts_node,uniform_ts_node,N,,,NE,200.0,NE,0.0007,s1,0,71.2064,0,50000000.0
3476,,ts6,7.0,4,9,41.9847,-120.3299,uniform_ts_node,,ts2,,,-124.0731,41.2016,,7,9,4,,,ts6 - ts2,ts_node_to_ts_node,uniform_ts_node,N,,,SWCA,200.0,SWCA,0.0005,s1,0,40.7425,0,50000000.0
3477,,ts2,7.0,4,9,41.2016,-124.0731,uniform_ts_node,,ts6,,,-120.3299,41.9847,,7,9,4,,,ts2 - ts6,ts_node_to_ts_node,uniform_ts_node,N,,,SWCA,200.0,SWCA,0.0005,s1,0,40.7425,0,50000000.0
3478,,ts23,3.0,2,4,38.4726,-92.8416,uniform_ts_node,,ts27,,,-89.1261,38.321,,1,3,2,,,ts23 - ts27,ts_node_to_ts_node,uniform_ts_node,N,,,GP,200.0,GP,0.0005,s1,0,32.4763,0,50000000.0
3479,,ts27,1.0,2,3,38.321,-89.1261,uniform_ts_node,,ts23,,,-92.8416,38.4726,,3,4,2,,,ts27 - ts23,ts_node_to_ts_node,uniform_ts_node,N,,,GL,200.0,GL,0.0006,s1,0,45.4683,0,50000000.0
3480,,ts26,3.0,2,4,47.1185,-92.4209,uniform_ts_node,,ts22,,,-96.6423,47.1634,,3,4,2,,,ts26 - ts22,ts_node_to_ts_node,uniform_ts_node,N,,,GP,200.0,GP,0.0005,s1,0,32.4763,0,50000000.0
3481,,ts22,3.0,2,4,47.1634,-96.6423,uniform_ts_node,,ts26,,,-92.4209,47.1185,,3,4,2,,,ts22 - ts26,ts_node_to_ts_node,uniform_ts_node,N,,,GP,200.0,GP,0.0005,s1,0,32.4763,0,50000000.0
3482,,ts41,1.0,1,2,40.0209,-77.4375,uniform_ts_node,,ts37,,,-81.1971,40.5228,,1,3,2,,,ts41 - ts37,ts_node_to_ts_node,uniform_ts_node,N,,,MA,200.0,MA,0.0007,s1,0,57.3598,0,50000000.0
3483,,ts37,1.0,2,3,40.5228,-81.1971,uniform_ts_node,,ts41,,,-77.4375,40.0209,,1,2,1,,,ts37 - ts41,ts_node_to_ts_node,uniform_ts_node,N,,,GL,200.0,GL,0.0006,s1,0,45.4683,0,50000000.0
3484,,ts37,1.0,2,3,40.5228,-81.1971,uniform_ts_node,,ts36,,,-81.7687,37.6841,,1,5,3,,,ts37 - ts36,ts_node_to_ts_node,uniform_ts_node,N,,,GL,200.0,GL,0.0006,s1,0,45.4683,0,50000000.0
3485,,ts3,7.0,4,9,33.6122,-117.6761,uniform_ts_node,,ts4,,,-118.4952,36.4119,,7,9,4,,,ts3 - ts4,ts_node_to_ts_node,uniform_ts_node,N,,,SWCA,200.0,SWCA,0.0005,s1,0,40.7425,0,50000000.0
3486,,ts36,1.0,3,5,37.6841,-81.7687,uniform_ts_node,,ts37,,,-81.1971,40.5228,,1,3,2,,,ts36 - ts37,ts_node_to_ts_node,uniform_ts_node,N,,,MA,200.0,MA,0.0007,s1,0,57.3598,0,50000000.0
3487,,ts4,7.0,4,9,36.4119,-118.4952,uniform_ts_node,,ts3,,,-117.6761,33.6122,,7,9,4,,,ts4 - ts3,ts_node_to_ts_node,uniform_ts_node,N,,,SWCA,200.0,SWCA,0.0005,s1,0,40.7425,0,50000000.0
3488,,ts13,7.0,4,9,48.3062,-118.3486,uniform_ts_node,,ts12,,,-117.3894,45.4748,,7,9,4,,,ts13 - ts12,ts_node_to_ts_node,uniform_ts_node,N,,,PN,200.0,PN,0.0006,s1,0,42.1862,0,50000000.0
3489,,ts5,5.0,4,8,39.2008,-119.3773,uniform_ts_node,,ts10,,,-115.6952,39.8462,,5,8,4,,,ts5 - ts10,ts_node_to_ts_node,uniform_ts_node,N,,,RM,200.0,RM,0.0005,s1,0,32.4763,0,50000000.0
3490,,ts21,6.0,2,4,44.2654,-96.615,uniform_ts_node,,ts22,,,-96.6423,47.1634,,3,4,2,,,ts21 - ts22,ts_node_to_ts_node,uniform_ts_node,N,,,GP,200.0,GP,0.0005,s1,0,32.4763,0,50000000.0
3491,,ts12,7.0,4,9,45.4748,-117.3894,uniform_ts_node,,ts13,,,-118.3486,48.3062,,7,9,4,,,ts12 - ts13,ts_node_to_ts_node,uniform_ts_node,N,,,PN,200.0,PN,0.0006,s1,0,42.1862,0,50000000.0
3492,,ts10,5.0,4,8,39.8462,-115.6952,uniform_ts_node,,ts5,,,-119.3773,39.2008,,5,8,4,,,ts10 - ts5,ts_node_to_ts_node,uniform_ts_node,N,,,RM,200.0,RM,0.0005,s1,0,32.4763,0,50000000.0
3493,,ts22,3.0,2,4,47.1634,-96.6423,uniform_ts_node,,ts21,,,-96.615,44.2654,,6,4,2,,,ts22 - ts21,ts_node_to_ts_node,uniform_ts_node,N,,,GP,200.0,GP,0.0005,s1,0,32.4763,0,50000000.0
3494,,ts31,1.0,3,6,38.0578,-85.4315,uniform_ts_node,,ts36,,,-81.7687,37.6841,,1,5,3,,,ts31 - ts36,ts_node_to_ts_node,uniform_ts_node,N,,,SE,200.0,SE,0.0006,s1,0,42.1862,0,50000000.0
3495,,ts36,1.0,3,5,37.6841,-81.7687,uniform_ts_node,,ts31,,,-85.4315,38.0578,,1,6,3,,,ts36 - ts31,ts_node_to_ts_node,uniform_ts_node,N,,,MA,200.0,MA,0.0007,s1,0,57.3598,0,50000000.0
3496,,ts30,1.0,3,6,35.2015,-85.8272,uniform_ts_node,,ts35,,,-82.2981,34.8411,,1,5,3,,,ts30 - ts35,ts_node_to_ts_node,uniform_ts_node,N,,,SE,200.0,SE,0.0006,s1,0,42.1862,0,50000000.0
3497,,ts35,1.0,3,5,34.8411,-82.2981,uniform_ts_node,,ts30,,,-85.8272,35.2015,,1,6,3,,,ts35 - ts30,ts_node_to_ts_node,uniform_ts_node,N,,,SE,200.0,SE,0.0006,s1,0,42.1862,0,50000000.0
3498,,ts25,3.0,2,4,44.2227,-92.573,uniform_ts_node,,ts21,,,-96.615,44.2654,,6,4,2,,,ts25 - ts21,ts_node_to_ts_node,uniform_ts_node,N,,,GP,200.0,GP,0.0005,s1,0,32.4763,0,50000000.0
3499,,ts20,3.0,2,4,41.3846,-96.5899,uniform_ts_node,,ts24,,,-92.7128,41.3438,,3,4,2,,,ts20 - ts24,ts_node_to_ts_node,uniform_ts_node,N,,,GP,200.0,GP,0.0005,s1,0,32.4763,0,50000000.0
3500,,ts21,6.0,2,4,44.2654,-96.615,uniform_ts_node,,ts25,,,-92.573,44.2227,,3,4,2,,,ts21 - ts25,ts_node_to_ts_node,uniform_ts_node,N,,,GP,200.0,GP,0.0005,s1,0,32.4763,0,50000000.0
3501,,ts24,3.0,2,4,41.3438,-92.7128,uniform_ts_node,,ts20,,,-96.5899,41.3846,,3,4,2,,,ts24 - ts20,ts_node_to_ts_node,uniform_ts_node,N,,,GP,200.0,GP,0.0005,s1,0,32.4763,0,50000000.0
3502,,ts43,1.0,1,1,42.2012,-72.8249,uniform_ts_node,,ts42,,,-76.6688,42.8399,,1,2,1,,,ts43 - ts42,ts_node_to_ts_node,uniform_ts_node,N,,,NE,200.0,NE,0.0007,s1,0,71.2064,0,50000000.0
3503,,ts42,1.0,1,2,42.8399,-76.6688,uniform_ts_node,,ts43,,,-72.8249,42.2012,,1,1,1,,,ts42 - ts43,ts_node_to_ts_node,uniform_ts_node,N,,,MA,200.0,MA,0.0007,s1,0,57.3598,0,50000000.0
3504,,ts9,5.0,4,8,37.0334,-114.9436,uniform_ts_node,,ts4,,,-118.4952,36.4119,,7,9,4,,,ts9 - ts4,ts_node_to_ts_node,uniform_ts_node,N,,,RM,200.0,RM,0.0005,s1,0,32.4763,0,50000000.0
3505,,ts4,7.0,4,9,36.4119,-118.4952,uniform_ts_node,,ts9,,,-114.9436,37.0334,,5,8,4,,,ts4 - ts9,ts_node_to_ts_node,uniform_ts_node,N,,,SWCA,200.0,SWCA,0.0005,s1,0,40.7425,0,50000000.0
3506,,ts37,1.0,2,3,40.5228,-81.1971,uniform_ts_node,,ts32,,,-85.0039,40.9117,,1,3,2,,,ts37 - ts32,ts_node_to_ts_node,uniform_ts_node,N,,,GL,200.0,GL,0.0006,s1,0,45.4683,0,50000000.0
3507,,ts32,1.0,2,3,40.9117,-85.0039,uniform_ts_node,,ts37,,,-81.1971,40.5228,,1,3,2,,,ts32 - ts37,ts_node_to_ts_node,uniform_ts_node,N,,,GL,200.0,GL,0.0006,s1,0,45.4683,0,50000000.0
3508,,ts23,3.0,2,4,38.4726,-92.8416,uniform_ts_node,,ts19,,,-96.5668,38.5117,,3,4,2,,,ts23 - ts19,ts_node_to_ts_node,uniform_ts_node,N,,,GP,200.0,GP,0.0005,s1,0,32.4763,0,50000000.0
3509,,ts28,1.0,2,3,41.1859,-88.8466,uniform_ts_node,,ts24,,,-92.7128,41.3438,,3,4,2,,,ts28 - ts24,ts_node_to_ts_node,uniform_ts_node,N,,,GL,200.0,GL,0.0006,s1,0,45.4683,0,50000000.0
3510,,ts24,3.0,2,4,41.3438,-92.7128,uniform_ts_node,,ts28,,,-88.8466,41.1859,,1,3,2,,,ts24 - ts28,ts_node_to_ts_node,uniform_ts_node,N,,,GP,200.0,GP,0.0005,s1,0,32.4763,0,50000000.0
3511,,ts19,3.0,2,4,38.5117,-96.5668,uniform_ts_node,,ts23,,,-92.8416,38.4726,,3,4,2,,,ts19 - ts23,ts_node_to_ts_node,uniform_ts_node,N,,,GP,200.0,GP,0.0005,s1,0,32.4763,0,50000000.0
3512,,ts42,1.0,1,2,42.8399,-76.6688,uniform_ts_node,,ts41,,,-77.4375,40.0209,,1,2,1,,,ts42 - ts41,ts_node_to_ts_node,uniform_ts_node,N,,,MA,225.0,MA,0.0009,s1,0,65.0999,0,50000000.0
3513,,ts11,5.0,4,8,42.6576,-116.5079,uniform_ts_node,,ts10,,,-115.6952,39.8462,,5,8,4,,,ts11 - ts10,ts_node_to_ts_node,uniform_ts_node,N,,,RM,225.0,RM,0.0007,s1,0,37.0049,0,50000000.0
3514,,ts41,1.0,1,2,40.0209,-77.4375,uniform_ts_node,,ts42,,,-76.6688,42.8399,,1,2,1,,,ts41 - ts42,ts_node_to_ts_node,uniform_ts_node,N,,,MA,225.0,MA,0.0009,s1,0,65.0999,0,50000000.0
3515,,ts20,3.0,2,4,41.3846,-96.5899,uniform_ts_node,,ts19,,,-96.5668,38.5117,,3,4,2,,,ts20 - ts19,ts_node_to_ts_node,uniform_ts_node,N,,,GP,225.0,GP,0.0007,s1,0,37.0049,0,50000000.0
3516,,ts10,5.0,4,8,39.8462,-115.6952,uniform_ts_node,,ts11,,,-116.5079,42.6576,,5,8,4,,,ts10 - ts11,ts_node_to_ts_node,uniform_ts_node,N,,,RM,225.0,RM,0.0007,s1,0,37.0049,0,50000000.0
3517,,ts19,3.0,2,4,38.5117,-96.5668,uniform_ts_node,,ts20,,,-96.5899,41.3846,,3,4,2,,,ts19 - ts20,ts_node_to_ts_node,uniform_ts_node,N,,,GP,225.0,GP,0.0007,s1,0,37.0049,0,50000000.0
3518,,ts25,3.0,2,4,44.2227,-92.573,uniform_ts_node,,ts29,,,-88.5434,44.0574,,1,3,2,,,ts25 - ts29,ts_node_to_ts_node,uniform_ts_node,N,,,GP,225.0,GP,0.0007,s1,0,37.0049,0,50000000.0
3519,,ts29,1.0,2,3,44.0574,-88.5434,uniform_ts_node,,ts25,,,-92.573,44.2227,,3,4,2,,,ts29 - ts25,ts_node_to_ts_node,uniform_ts_node,N,,,GL,225.0,GL,0.0007,s1,0,51.4505,0,50000000.0
3520,,ts11,5.0,4,8,42.6576,-116.5079,uniform_ts_node,,ts6,,,-120.3299,41.9847,,7,9,4,,,ts11 - ts6,ts_node_to_ts_node,uniform_ts_node,N,,,RM,225.0,RM,0.0007,s1,0,37.0049,0,50000000.0
3521,,ts36,1.0,3,5,37.6841,-81.7687,uniform_ts_node,,ts40,,,-78.148,37.2015,,1,5,3,,,ts36 - ts40,ts_node_to_ts_node,uniform_ts_node,N,,,MA,225.0,MA,0.0009,s1,0,65.0999,0,50000000.0
3522,,ts8,7.0,4,9,34.2129,-114.2466,uniform_ts_node,,ts3,,,-117.6761,33.6122,,7,9,4,,,ts8 - ts3,ts_node_to_ts_node,uniform_ts_node,N,,,SWCA,225.0,SWCA,0.0007,s1,0,46.2858,0,50000000.0
3523,,ts40,1.0,3,5,37.2015,-78.148,uniform_ts_node,,ts36,,,-81.7687,37.6841,,1,5,3,,,ts40 - ts36,ts_node_to_ts_node,uniform_ts_node,N,,,MA,225.0,MA,0.0009,s1,0,65.0999,0,50000000.0
3524,,ts6,7.0,4,9,41.9847,-120.3299,uniform_ts_node,,ts11,,,-116.5079,42.6576,,5,8,4,,,ts6 - ts11,ts_node_to_ts_node,uniform_ts_node,N,,,SWCA,225.0,SWCA,0.0007,s1,0,46.2858,0,50000000.0
3525,,ts3,7.0,4,9,33.6122,-117.6761,uniform_ts_node,,ts8,,,-114.2466,34.2129,,7,9,4,,,ts3 - ts8,ts_node_to_ts_node,uniform_ts_node,N,,,SWCA,225.0,SWCA,0.0007,s1,0,46.2858,0,50000000.0
3526,,ts28,1.0,2,3,41.1859,-88.8466,uniform_ts_node,,ts32,,,-85.0039,40.9117,,1,3,2,,,ts28 - ts32,ts_node_to_ts_node,uniform_ts_node,N,,,GL,225.0,GL,0.0007,s1,0,51.4505,0,50000000.0
3527,,ts32,1.0,2,3,40.9117,-85.0039,uniform_ts_node,,ts28,,,-88.8466,41.1859,,1,3,2,,,ts32 - ts28,ts_node_to_ts_node,uniform_ts_node,N,,,GL,225.0,GL,0.0007,s1,0,51.4505,0,50000000.0
3528,,ts35,1.0,3,5,34.8411,-82.2981,uniform_ts_node,,ts39,,,-78.8067,34.3752,,1,5,3,,,ts35 - ts39,ts_node_to_ts_node,uniform_ts_node,N,,,SE,225.0,SE,0.0007,s1,0,47.743,0,50000000.0
3529,,ts39,1.0,3,5,34.3752,-78.8067,uniform_ts_node,,ts35,,,-82.2981,34.8411,,1,5,3,,,ts39 - ts35,ts_node_to_ts_node,uniform_ts_node,N,,,SE,225.0,SE,0.0007,s1,0,47.743,0,50000000.0
3530,,ts17,3.0,2,4,41.3081,-100.4651,uniform_ts_node,,ts20,,,-96.5899,41.3846,,3,4,2,,,ts17 - ts20,ts_node_to_ts_node,uniform_ts_node,N,,,GP,225.0,GP,0.0007,s1,0,37.0049,0,50000000.0
3531,,ts20,3.0,2,4,41.3846,-96.5899,uniform_ts_node,,ts17,,,-100.4651,41.3081,,3,4,2,,,ts20 - ts17,ts_node_to_ts_node,uniform_ts_node,N,,,GP,225.0,GP,0.0007,s1,0,37.0049,0,50000000.0
3532,,ts15,6.0,4,8,46.0614,-113.3399,uniform_ts_node,,ts12,,,-117.3894,45.4748,,7,9,4,,,ts15 - ts12,ts_node_to_ts_node,uniform_ts_node,N,,,RM,225.0,RM,0.0007,s1,0,37.0049,0,50000000.0
3533,,ts12,7.0,4,9,45.4748,-117.3894,uniform_ts_node,,ts15,,,-113.3399,46.0614,,6,8,4,,,ts12 - ts15,ts_node_to_ts_node,uniform_ts_node,N,,,PN,225.0,PN,0.0007,s1,0,47.743,0,50000000.0
3534,,ts21,6.0,2,4,44.2654,-96.615,uniform_ts_node,,ts20,,,-96.5899,41.3846,,3,4,2,,,ts21 - ts20,ts_node_to_ts_node,uniform_ts_node,N,,,GP,225.0,GP,0.0007,s1,0,37.0049,0,50000000.0
3535,,ts20,3.0,2,4,41.3846,-96.5899,uniform_ts_node,,ts21,,,-96.615,44.2654,,6,4,2,,,ts20 - ts21,ts_node_to_ts_node,uniform_ts_node,N,,,GP,225.0,GP,0.0007,s1,0,37.0049,0,50000000.0
3536,,ts27,1.0,2,3,38.321,-89.1261,uniform_ts_node,,ts31,,,-85.4315,38.0578,,1,6,3,,,ts27 - ts31,ts_node_to_ts_node,uniform_ts_node,N,,,GL,225.0,GL,0.0007,s1,0,51.4505,0,50000000.0
3537,,ts31,1.0,3,6,38.0578,-85.4315,uniform_ts_node,,ts27,,,-89.1261,38.321,,1,3,2,,,ts31 - ts27,ts_node_to_ts_node,uniform_ts_node,N,,,SE,225.0,SE,0.0007,s1,0,47.743,0,50000000.0
3538,,ts5,5.0,4,8,39.2008,-119.3773,uniform_ts_node,,ts1,,,-122.9892,38.4485,,7,9,4,,,ts5 - ts1,ts_node_to_ts_node,uniform_ts_node,N,,,RM,225.0,RM,0.0007,s1,0,37.0049,0,50000000.0
3539,,ts1,7.0,4,9,38.4485,-122.9892,uniform_ts_node,,ts5,,,-119.3773,39.2008,,5,8,4,,,ts1 - ts5,ts_node_to_ts_node,uniform_ts_node,N,,,SWCA,225.0,SWCA,0.0007,s1,0,46.2858,0,50000000.0
3540,,ts24,3.0,2,4,41.3438,-92.7128,uniform_ts_node,,ts25,,,-92.573,44.2227,,3,4,2,,,ts24 - ts25,ts_node_to_ts_node,uniform_ts_node,N,,,GP,225.0,GP,0.0007,s1,0,37.0049,0,50000000.0
3541,,ts25,3.0,2,4,44.2227,-92.573,uniform_ts_node,,ts24,,,-92.7128,41.3438,,3,4,2,,,ts25 - ts24,ts_node_to_ts_node,uniform_ts_node,N,,,GP,225.0,GP,0.0007,s1,0,37.0049,0,50000000.0
3542,,ts32,1.0,2,3,40.9117,-85.0039,uniform_ts_node,,ts31,,,-85.4315,38.0578,,1,6,3,,,ts32 - ts31,ts_node_to_ts_node,uniform_ts_node,N,,,GL,225.0,GL,0.0007,s1,0,51.4505,0,50000000.0
3543,,ts31,1.0,3,6,38.0578,-85.4315,uniform_ts_node,,ts32,,,-85.0039,40.9117,,1,3,2,,,ts31 - ts32,ts_node_to_ts_node,uniform_ts_node,N,,,SE,225.0,SE,0.0007,s1,0,47.743,0,50000000.0
3544,,ts16,6.0,4,8,48.9248,-114.1273,uniform_ts_node,,ts13,,,-118.3486,48.3062,,7,9,4,,,ts16 - ts13,ts_node_to_ts_node,uniform_ts_node,N,,,RM,225.0,RM,0.0007,s1,0,37.0049,0,50000000.0
3545,,ts13,7.0,4,9,48.3062,-118.3486,uniform_ts_node,,ts16,,,-114.1273,48.9248,,6,8,4,,,ts13 - ts16,ts_node_to_ts_node,uniform_ts_node,N,,,PN,225.0,PN,0.0007,s1,0,47.743,0,50000000.0
3546,,ts34,1.0,3,5,31.9873,-82.7898,uniform_ts_node,,ts35,,,-82.2981,34.8411,,1,5,3,,,ts34 - ts35,ts_node_to_ts_node,uniform_ts_node,N,,,SE,225.0,SE,0.0007,s1,0,47.743,0,50000000.0
3547,,ts35,1.0,3,5,34.8411,-82.2981,uniform_ts_node,,ts34,,,-82.7898,31.9873,,1,5,3,,,ts35 - ts34,ts_node_to_ts_node,uniform_ts_node,N,,,SE,225.0,SE,0.0007,s1,0,47.743,0,50000000.0
3548,,ts33,1.0,2,3,43.7706,-84.5405,uniform_ts_node,,ts32,,,-85.0039,40.9117,,1,3,2,,,ts33 - ts32,ts_node_to_ts_node,uniform_ts_node,N,,,GL,225.0,GL,0.0007,s1,0,51.4505,0,50000000.0
3549,,ts32,1.0,2,3,40.9117,-85.0039,uniform_ts_node,,ts33,,,-84.5405,43.7706,,1,3,2,,,ts32 - ts33,ts_node_to_ts_node,uniform_ts_node,N,,,GL,225.0,GL,0.0007,s1,0,51.4505,0,50000000.0
3550,,ts41,1.0,1,2,40.0209,-77.4375,uniform_ts_node,,ts40,,,-78.148,37.2015,,1,5,3,,,ts41 - ts40,ts_node_to_ts_node,uniform_ts_node,N,,,MA,225.0,MA,0.0009,s1,0,65.0999,0,50000000.0
3551,,ts40,1.0,3,5,37.2015,-78.148,uniform_ts_node,,ts41,,,-77.4375,40.0209,,1,2,1,,,ts40 - ts41,ts_node_to_ts_node,uniform_ts_node,N,,,MA,225.0,MA,0.0009,s1,0,65.0999,0,50000000.0
3552,,ts24,3.0,2,4,41.3438,-92.7128,uniform_ts_node,,ts23,,,-92.8416,38.4726,,3,4,2,,,ts24 - ts23,ts_node_to_ts_node,uniform_ts_node,N,,,GP,225.0,GP,0.0007,s1,0,37.0049,0,50000000.0
3553,,ts35,1.0,3,5,34.8411,-82.2981,uniform_ts_node,,ts36,,,-81.7687,37.6841,,1,5,3,,,ts35 - ts36,ts_node_to_ts_node,uniform_ts_node,N,,,SE,225.0,SE,0.0007,s1,0,47.743,0,50000000.0
3554,,ts36,1.0,3,5,37.6841,-81.7687,uniform_ts_node,,ts35,,,-82.2981,34.8411,,1,5,3,,,ts36 - ts35,ts_node_to_ts_node,uniform_ts_node,N,,,MA,225.0,MA,0.0009,s1,0,65.0999,0,50000000.0
3555,,ts23,3.0,2,4,38.4726,-92.8416,uniform_ts_node,,ts24,,,-92.7128,41.3438,,3,4,2,,,ts23 - ts24,ts_node_to_ts_node,uniform_ts_node,N,,,GP,225.0,GP,0.0007,s1,0,37.0049,0,50000000.0
3556,,ts5,5.0,4,8,39.2008,-119.3773,uniform_ts_node,,ts4,,,-118.4952,36.4119,,7,9,4,,,ts5 - ts4,ts_node_to_ts_node,uniform_ts_node,N,,,RM,225.0,RM,0.0007,s1,0,37.0049,0,50000000.0
3557,,ts4,7.0,4,9,36.4119,-118.4952,uniform_ts_node,,ts5,,,-119.3773,39.2008,,5,8,4,,,ts4 - ts5,ts_node_to_ts_node,uniform_ts_node,N,,,SWCA,225.0,SWCA,0.0007,s1,0,46.2858,0,50000000.0
3558,,ts16,6.0,4,8,48.9248,-114.1273,uniform_ts_node,,ts15,,,-113.3399,46.0614,,6,8,4,,,ts16 - ts15,ts_node_to_ts_node,uniform_ts_node,N,,,RM,225.0,RM,0.0007,s1,0,37.0049,0,50000000.0
3559,,ts15,6.0,4,8,46.0614,-113.3399,uniform_ts_node,,ts16,,,-114.1273,48.9248,,6,8,4,,,ts15 - ts16,ts_node_to_ts_node,uniform_ts_node,N,,,RM,225.0,RM,0.0007,s1,0,37.0049,0,50000000.0
3560,,ts2,7.0,4,9,41.2016,-124.0731,uniform_ts_node,,ts1,,,-122.9892,38.4485,,7,9,4,,,ts2 - ts1,ts_node_to_ts_node,uniform_ts_node,N,,,SWCA,225.0,SWCA,0.0007,s1,0,46.2858,0,50000000.0
3561,,ts1,7.0,4,9,38.4485,-122.9892,uniform_ts_node,,ts2,,,-124.0731,41.2016,,7,9,4,,,ts1 - ts2,ts_node_to_ts_node,uniform_ts_node,N,,,SWCA,225.0,SWCA,0.0007,s1,0,46.2858,0,50000000.0
3562,,ts9,5.0,4,8,37.0334,-114.9436,uniform_ts_node,,ts10,,,-115.6952,39.8462,,5,8,4,,,ts9 - ts10,ts_node_to_ts_node,uniform_ts_node,N,,,RM,225.0,RM,0.0007,s1,0,37.0049,0,50000000.0
3563,,ts10,5.0,4,8,39.8462,-115.6952,uniform_ts_node,,ts9,,,-114.9436,37.0334,,5,8,4,,,ts10 - ts9,ts_node_to_ts_node,uniform_ts_node,N,,,RM,225.0,RM,0.0007,s1,0,37.0049,0,50000000.0
3564,,ts7,7.0,4,9,44.7701,-121.3615,uniform_ts_node,,ts6,,,-120.3299,41.9847,,7,9,4,,,ts7 - ts6,ts_node_to_ts_node,uniform_ts_node,N,,,PN,225.0,PN,0.0007,s1,0,47.743,0,50000000.0
3565,,ts6,7.0,4,9,41.9847,-120.3299,uniform_ts_node,,ts7,,,-121.3615,44.7701,,7,9,4,,,ts6 - ts7,ts_node_to_ts_node,uniform_ts_node,N,,,SWCA,225.0,SWCA,0.0007,s1,0,46.2858,0,50000000.0
3566,,ts8,7.0,4,9,34.2129,-114.2466,uniform_ts_node,,ts60,,,-110.7599,34.7449,,5,8,4,,,ts8 - ts60,ts_node_to_ts_node,uniform_ts_node,N,,,SWCA,225.0,SWCA,0.0007,s1,0,46.2858,0,50000000.0
3567,,ts60,5.0,4,8,34.7449,-110.7599,uniform_ts_node,,ts8,,,-114.2466,34.2129,,7,9,4,,,ts60 - ts8,ts_node_to_ts_node,uniform_ts_node,N,,,SWCA,225.0,SWCA,0.0007,s1,0,46.2858,0,50000000.0
3568,,ts62,3.0,2,4,36.7476,-93.1948,uniform_ts_node,,ts18,,,-96.5454,35.639,,3,7,3,,,ts62 - ts18,ts_node_to_ts_node,uniform_ts_node,N,,,GP,225.0,GP,0.0007,s1,0,37.0049,0,50000000.0
3569,,ts18,3.0,3,7,35.639,-96.5454,uniform_ts_node,,ts62,,,-93.1948,36.7476,,3,4,2,,,ts18 - ts62,ts_node_to_ts_node,uniform_ts_node,N,,,GP,225.0,GP,0.0007,s1,0,37.0049,0,50000000.0
3570,LINAM RANCH GAS PLANT,f1005641,4.0,4,8,32.6953,-103.2853,ng_processing,,hsm_cent4,,,-106.1128,34.4096,,4,8,4,,,f1005641 - hsm_cent4,source_to_hsm_cent,hsm_centroid,Y,,86577.9627,RM,225.0,RM,0.0007,s1,0,37.0049,0,50000000.0
3571,LINAM RANCH GAS PLANT,f1005641,4.0,4,8,32.6953,-103.2853,ng_processing,,hsm_cent5,,,-106.1128,34.4096,,5,8,4,,,f1005641 - hsm_cent5,source_to_hsm_cent,hsm_centroid,Y,,86577.9627,RM,225.0,RM,0.0007,s1,0,37.0049,0,50000000.0
3572,,ts60,5.0,4,8,34.7449,-110.7599,uniform_ts_node,,ts14,,,-110.2396,31.8609,,5,8,4,,,ts60 - ts14,ts_node_to_ts_node,uniform_ts_node,N,,,SWCA,225.0,SWCA,0.0007,s1,0,46.2858,0,50000000.0
3573,,ts14,5.0,4,8,31.8609,-110.2396,uniform_ts_node,,ts60,,,-110.7599,34.7449,,5,8,4,,,ts14 - ts60,ts_node_to_ts_node,uniform_ts_node,N,,,SWCA,225.0,SWCA,0.0007,s1,0,46.2858,0,50000000.0
3574,,ts54,6.0,4,8,45.1121,-104.9217,operational_ts_node,,ts57,,,-100.7778,44.9071,,6,4,2,,,ts54 - ts57,ts_node_to_ts_node,uniform_ts_node,N,,,RM,225.0,RM,0.0007,s1,0,37.0049,0,50000000.0
3575,,ts57,6.0,2,4,44.9071,-100.7778,uniform_ts_node,,ts54,,,-104.9217,45.1121,,6,8,4,,,ts57 - ts54,ts_node_to_ts_node,operational_ts_node,N,,,GP,225.0,GP,0.0007,s1,0,37.0049,0,50000000.0
3576,,ts47,4.0,4,8,33.918,-104.5168,operational_ts_node,,ts48,,,-101.2617,32.7688,,4,7,3,,,ts47 - ts48,ts_node_to_ts_node,operational_ts_node,N,,0.0,RM,225.0,RM,0.0007,s1,0,37.0049,0,50000000.0
3577,,ts48,4.0,3,7,32.7688,-101.2617,operational_ts_node,,ts47,,,-104.5168,33.918,,4,8,4,,,ts48 - ts47,ts_node_to_ts_node,operational_ts_node,N,,0.0,SWCA,225.0,SWCA,0.0007,s1,0,46.2858,0,50000000.0
3578,,ts66,3.0,3,7,35.3989,-100.6543,uniform_ts_node,,ts51,,,-104.0351,36.5833,,4,8,4,,,ts66 - ts51,ts_node_to_ts_node,operational_ts_node,N,,,SWCA,225.0,SWCA,0.0007,s1,0,46.2858,0,50000000.0
3579,,ts51,4.0,4,8,36.5833,-104.0351,operational_ts_node,,ts66,,,-100.6543,35.3989,,3,7,3,,,ts51 - ts66,ts_node_to_ts_node,uniform_ts_node,N,,,RM,225.0,RM,0.0007,s1,0,37.0049,0,50000000.0
3580,,ts15,6.0,4,8,46.0614,-113.3399,uniform_ts_node,,ts61,,,-109.4599,44.8643,,5,8,4,,,ts15 - ts61,ts_node_to_ts_node,uniform_ts_node,N,,,RM,225.0,RM,0.0007,s1,0,37.0049,0,50000000.0
3581,,ts61,5.0,4,8,44.8643,-109.4599,uniform_ts_node,,ts15,,,-113.3399,46.0614,,6,8,4,,,ts61 - ts15,ts_node_to_ts_node,uniform_ts_node,N,,,RM,225.0,RM,0.0007,s1,0,37.0049,0,50000000.0
3582,,ts55,5.0,4,8,40.0975,-108.8773,operational_ts_node,,ts63,,,-111.4886,37.9053,,5,8,4,,,ts55 - ts63,ts_node_to_ts_node,uniform_ts_node,N,,,RM,225.0,RM,0.0007,s1,0,37.0049,0,50000000.0
3583,,ts63,5.0,4,8,37.9053,-111.4886,uniform_ts_node,,ts55,,,-108.8773,40.0975,,5,8,4,,,ts63 - ts55,ts_node_to_ts_node,operational_ts_node,N,,,RM,225.0,RM,0.0007,s1,0,37.0049,0,50000000.0
3584,,ts30,1.0,3,6,35.2015,-85.8272,uniform_ts_node,,ts65,,,-89.5434,35.2784,,1,6,3,,,ts30 - ts65,ts_node_to_ts_node,uniform_ts_node,N,,,SE,225.0,SE,0.0007,s1,0,47.743,0,50000000.0
3585,,ts65,1.0,3,6,35.2784,-89.5434,uniform_ts_node,,ts30,,,-85.8272,35.2015,,1,6,3,,,ts65 - ts30,ts_node_to_ts_node,uniform_ts_node,N,,,SE,225.0,SE,0.0007,s1,0,47.743,0,50000000.0
3586,,ts57,6.0,2,4,44.9071,-100.7778,uniform_ts_node,,ts21,,,-96.615,44.2654,,6,4,2,,,ts57 - ts21,ts_node_to_ts_node,uniform_ts_node,N,,,GP,225.0,GP,0.0007,s1,0,37.0049,0,50000000.0
3587,,ts21,6.0,2,4,44.2654,-96.615,uniform_ts_node,,ts57,,,-100.7778,44.9071,,6,4,2,,,ts21 - ts57,ts_node_to_ts_node,uniform_ts_node,N,,,GP,225.0,GP,0.0007,s1,0,37.0049,0,50000000.0
3588,ADVANSIX INCORPORATED - HOPEWELL,f1000630,1.0,3,5,37.1815,-77.1621,ammonia,,ts41,PA,,-77.4375,40.0209,0.0,1,2,1,,,f1000630 - ts41,source_to_ts_node,uniform_ts_node,N,,,MA,225.0,MA,0.0009,s1,0,65.0999,0,50000000.0
3589,,ts60,5.0,4,8,34.7449,-110.7599,uniform_ts_node,,ts50,,,-108.1461,36.9785,,4,8,4,,,ts60 - ts50,ts_node_to_ts_node,operational_ts_node,N,,,SWCA,225.0,SWCA,0.0007,s1,0,46.2858,0,50000000.0
3590,,ts50,4.0,4,8,36.9785,-108.1461,operational_ts_node,,ts60,,,-110.7599,34.7449,,5,8,4,,,ts50 - ts60,ts_node_to_ts_node,uniform_ts_node,N,,,RM,225.0,RM,0.0007,s1,0,37.0049,0,50000000.0
3591,,ts27,1.0,2,3,38.321,-89.1261,uniform_ts_node,,ts65,,,-89.5434,35.2784,,1,6,3,,,ts27 - ts65,ts_node_to_ts_node,uniform_ts_node,N,,,GL,225.0,GL,0.0007,s1,0,51.4505,0,50000000.0
3592,,ts65,1.0,3,6,35.2784,-89.5434,uniform_ts_node,,ts27,,,-89.1261,38.321,,1,3,2,,,ts65 - ts27,ts_node_to_ts_node,uniform_ts_node,N,,,SE,225.0,SE,0.0007,s1,0,47.743,0,50000000.0
3593,RED HILLS GAS PROCESSING PLANT,f1011064,4.0,4,8,32.2104,-103.5214,ng_processing,,hsm_cent5,,,-106.1128,34.4096,,5,8,4,,,f1011064 - hsm_cent5,source_to_hsm_cent,hsm_centroid,Y,,520300.9,RM,225.0,RM,0.0007,s1,0,37.0049,0,50000000.0
3594,RED HILLS GAS PROCESSING PLANT,f1011064,4.0,4,8,32.2104,-103.5214,ng_processing,,hsm_cent4,,,-106.1128,34.4096,,4,8,4,,,f1011064 - hsm_cent4,source_to_hsm_cent,hsm_centroid,Y,,520300.9,RM,225.0,RM,0.0007,s1,0,37.0049,0,50000000.0
3595,,ts67,3.0,3,7,33.2042,-93.5084,uniform_ts_node,,ts46,,,-93.8362,30.1309,,2,7,3,,,ts67 - ts46,ts_node_to_ts_node,operational_ts_node,N,,,SE,225.0,SE,0.0007,s1,0,47.743,0,50000000.0
3596,,ts46,2.0,3,7,30.1309,-93.8362,operational_ts_node,,ts67,,,-93.5084,33.2042,,3,7,3,,,ts46 - ts67,ts_node_to_ts_node,uniform_ts_node,N,,,SWCA,225.0,SWCA,0.0007,s1,0,46.2858,0,50000000.0
3597,,ts28,1.0,2,3,41.1859,-88.8466,uniform_ts_node,St. Peter8,s200,MI,11160.0,-85.0621,42.4439,0.0,1,3,2,0.0,s200,ts28 - s200,ts_node_to_storage,storage,N,,,GL,225.0,GL,0.0007,s1,0,51.4505,0,50000000.0
3598,,ts56,5.0,4,8,43.6569,-106.2405,operational_ts_node,,ts71,,,-103.1277,41.4985,,3,4,2,,,ts56 - ts71,ts_node_to_ts_node,uniform_ts_node,N,,,RM,225.0,RM,0.0007,s1,0,37.0049,0,50000000.0
3599,,ts71,3.0,2,4,41.4985,-103.1277,uniform_ts_node,,ts56,,,-106.2405,43.6569,,5,8,4,,,ts71 - ts56,ts_node_to_ts_node,operational_ts_node,N,,,GP,225.0,GP,0.0007,s1,0,37.0049,0,50000000.0
3600,,ts18,3.0,3,7,35.639,-96.5454,uniform_ts_node,,ts58,,,-97.3799,32.575,,4,7,3,,,ts18 - ts58,ts_node_to_ts_node,uniform_ts_node,N,,,GP,225.0,GP,0.0007,s1,0,37.0049,0,50000000.0
3601,,ts58,4.0,3,7,32.575,-97.3799,uniform_ts_node,,ts18,,,-96.5454,35.639,,3,7,3,,,ts58 - ts18,ts_node_to_ts_node,uniform_ts_node,N,,,SWCA,225.0,SWCA,0.0007,s1,0,46.2858,0,50000000.0
3602,,ts62,3.0,2,4,36.7476,-93.1948,uniform_ts_node,,ts19,,,-96.5668,38.5117,,3,4,2,,,ts62 - ts19,ts_node_to_ts_node,uniform_ts_node,N,,,GP,225.0,GP,0.0007,s1,0,37.0049,0,50000000.0
3603,,ts19,3.0,2,4,38.5117,-96.5668,uniform_ts_node,,ts62,,,-93.1948,36.7476,,3,4,2,,,ts19 - ts62,ts_node_to_ts_node,uniform_ts_node,N,,,GP,225.0,GP,0.0007,s1,0,37.0049,0,50000000.0
3604,,ts50,4.0,4,8,36.9785,-108.1461,operational_ts_node,,ts55,,,-108.8773,40.0975,,5,8,4,,,ts50 - ts55,ts_node_to_ts_node,operational_ts_node,N,,,RM,225.0,RM,0.0007,s1,0,37.0049,0,50000000.0
3605,,ts55,5.0,4,8,40.0975,-108.8773,operational_ts_node,,ts50,,,-108.1461,36.9785,,4,8,4,,,ts55 - ts50,ts_node_to_ts_node,operational_ts_node,N,,,RM,225.0,RM,0.0007,s1,0,37.0049,0,50000000.0
3606,,ts70,2.0,3,6,32.4676,-86.5671,uniform_ts_node,,ts52,,,-90.388,32.6973,,2,6,3,,,ts70 - ts52,ts_node_to_ts_node,operational_ts_node,N,,,SE,225.0,SE,0.0007,s1,0,47.743,0,50000000.0
3607,,ts52,2.0,3,6,32.6973,-90.388,operational_ts_node,,ts70,,,-86.5671,32.4676,,2,6,3,,,ts52 - ts70,ts_node_to_ts_node,uniform_ts_node,N,,,SE,225.0,SE,0.0007,s1,0,47.743,0,50000000.0
3608,,ts70,2.0,3,6,32.4676,-86.5671,uniform_ts_node,,ts34,,,-82.7898,31.9873,,1,5,3,,,ts70 - ts34,ts_node_to_ts_node,uniform_ts_node,N,,,SE,225.0,SE,0.0007,s1,0,47.743,0,50000000.0
3609,,ts34,1.0,3,5,31.9873,-82.7898,uniform_ts_node,,ts70,,,-86.5671,32.4676,,2,6,3,,,ts34 - ts70,ts_node_to_ts_node,uniform_ts_node,N,,,SE,225.0,SE,0.0007,s1,0,47.743,0,50000000.0
3610,,ts61,5.0,4,8,44.8643,-109.4599,uniform_ts_node,,ts54,,,-104.9217,45.1121,,6,8,4,,,ts61 - ts54,ts_node_to_ts_node,operational_ts_node,N,,,RM,225.0,RM,0.0007,s1,0,37.0049,0,50000000.0
3611,,ts54,6.0,4,8,45.1121,-104.9217,operational_ts_node,,ts61,,,-109.4599,44.8643,,5,8,4,,,ts54 - ts61,ts_node_to_ts_node,uniform_ts_node,N,,,RM,225.0,RM,0.0007,s1,0,37.0049,0,50000000.0
3612,"SUWANNEE AMERICAN CEMENT COMPANY, LLC",f1003883,2.0,3,5,28.7609,-82.0254,cement,,ts38,FL,,-80.5225,25.7975,0.0,2,5,3,,,f1003883 - ts38,source_to_ts_node,uniform_ts_node,N,,,SE,225.0,SE,0.0007,s1,0,47.743,0,50000000.0
3613,,ts63,5.0,4,8,37.9053,-111.4886,uniform_ts_node,,ts60,,,-110.7599,34.7449,,5,8,4,,,ts63 - ts60,ts_node_to_ts_node,uniform_ts_node,N,,,RM,225.0,RM,0.0007,s1,0,37.0049,0,50000000.0
3614,,ts60,5.0,4,8,34.7449,-110.7599,uniform_ts_node,,ts63,,,-111.4886,37.9053,,5,8,4,,,ts60 - ts63,ts_node_to_ts_node,uniform_ts_node,N,,,SWCA,225.0,SWCA,0.0007,s1,0,46.2858,0,50000000.0
3615,,ts61,5.0,4,8,44.8643,-109.4599,uniform_ts_node,,ts64,,,-112.1273,42.2721,,5,8,4,,,ts61 - ts64,ts_node_to_ts_node,uniform_ts_node,N,,,RM,225.0,RM,0.0007,s1,0,37.0049,0,50000000.0
3616,,ts64,5.0,4,8,42.2721,-112.1273,uniform_ts_node,,ts61,,,-109.4599,44.8643,,5,8,4,,,ts64 - ts61,ts_node_to_ts_node,uniform_ts_node,N,,,RM,225.0,RM,0.0007,s1,0,37.0049,0,50000000.0
3617,,ts64,5.0,4,8,42.2721,-112.1273,uniform_ts_node,,ts11,,,-116.5079,42.6576,,5,8,4,,,ts64 - ts11,ts_node_to_ts_node,uniform_ts_node,N,,,RM,225.0,RM,0.0007,s1,0,37.0049,0,50000000.0
3618,,ts11,5.0,4,8,42.6576,-116.5079,uniform_ts_node,,ts64,,,-112.1273,42.2721,,5,8,4,,,ts11 - ts64,ts_node_to_ts_node,uniform_ts_node,N,,,RM,225.0,RM,0.0007,s1,0,37.0049,0,50000000.0
3619,,ts47,4.0,4,8,33.918,-104.5168,operational_ts_node,,ts49,,,-102.0845,31.404,,4,7,3,,,ts47 - ts49,ts_node_to_ts_node,operational_ts_node,Y,,19328414.8376,RM,225.0,RM,0.0007,s1,0,37.0049,0,50000000.0
3620,,ts49,4.0,3,7,31.404,-102.0845,operational_ts_node,,ts47,,,-104.5168,33.918,,4,8,4,,,ts49 - ts47,ts_node_to_ts_node,operational_ts_node,N,,0.0,SWCA,225.0,SWCA,0.0007,s1,0,46.2858,0,50000000.0
3621,Brooksville South Cement Plant,f1003303,2.0,3,5,28.5823,-82.4308,cement,,ts38,FL,,-80.5225,25.7975,0.0,2,5,3,,,f1003303 - ts38,source_to_ts_node,uniform_ts_node,N,,,SE,225.0,SE,0.0007,s1,0,47.743,0,50000000.0
3622,,ts58,4.0,3,7,32.575,-97.3799,uniform_ts_node,,ts48,,,-101.2617,32.7688,,4,7,3,,,ts58 - ts48,ts_node_to_ts_node,operational_ts_node,N,,,SWCA,250.0,SWCA,0.0006,s1,0,51.7796,0,50000000.0
3623,,ts48,4.0,3,7,32.7688,-101.2617,operational_ts_node,,ts58,,,-97.3799,32.575,,4,7,3,,,ts48 - ts58,ts_node_to_ts_node,uniform_ts_node,N,,,SWCA,250.0,SWCA,0.0006,s1,0,51.7796,0,50000000.0
3624,,ts64,5.0,4,8,42.2721,-112.1273,uniform_ts_node,,ts55,,,-108.8773,40.0975,,5,8,4,,,ts64 - ts55,ts_node_to_ts_node,operational_ts_node,N,,,RM,250.0,RM,0.0007,s1,0,41.5721,0,50000000.0
3625,,ts55,5.0,4,8,40.0975,-108.8773,operational_ts_node,,ts64,,,-112.1273,42.2721,,5,8,4,,,ts55 - ts64,ts_node_to_ts_node,uniform_ts_node,N,,,RM,250.0,RM,0.0007,s1,0,41.5721,0,50000000.0
3626,,ts62,3.0,2,4,36.7476,-93.1948,uniform_ts_node,,ts65,,,-89.5434,35.2784,,1,6,3,,,ts62 - ts65,ts_node_to_ts_node,uniform_ts_node,N,,,GP,250.0,GP,0.0007,s1,0,41.5721,0,50000000.0
3627,,ts65,1.0,3,6,35.2784,-89.5434,uniform_ts_node,,ts62,,,-93.1948,36.7476,,3,4,2,,,ts65 - ts62,ts_node_to_ts_node,uniform_ts_node,N,,,SE,250.0,SE,0.0007,s1,0,53.2023,0,50000000.0
3628,,ts50,4.0,4,8,36.9785,-108.1461,operational_ts_node,,ts51,,,-104.0351,36.5833,,4,8,4,,,ts50 - ts51,ts_node_to_ts_node,operational_ts_node,N,,,RM,250.0,RM,0.0007,s1,0,41.5721,0,50000000.0
3629,,ts51,4.0,4,8,36.5833,-104.0351,operational_ts_node,,ts50,,,-108.1461,36.9785,,4,8,4,,,ts51 - ts50,ts_node_to_ts_node,operational_ts_node,N,,,RM,250.0,RM,0.0007,s1,0,41.5721,0,50000000.0
3630,,ts67,3.0,3,7,33.2042,-93.5084,uniform_ts_node,,ts58,,,-97.3799,32.575,,4,7,3,,,ts67 - ts58,ts_node_to_ts_node,uniform_ts_node,N,,,SE,250.0,SE,0.0007,s1,0,53.2023,0,50000000.0
3631,,ts58,4.0,3,7,32.575,-97.3799,uniform_ts_node,,ts67,,,-93.5084,33.2042,,3,7,3,,,ts58 - ts67,ts_node_to_ts_node,uniform_ts_node,N,,,SWCA,250.0,SWCA,0.0006,s1,0,51.7796,0,50000000.0
3632,Jal #3 Gas Plant,f1005897,4.0,4,8,32.1743,-103.1741,ng_processing,,hsm_cent5,,,-106.1128,34.4096,,5,8,4,,,f1005897 - hsm_cent5,source_to_hsm_cent,hsm_centroid,Y,,30565.7335,RM,250.0,RM,0.0007,s1,0,41.5721,0,50000000.0
3633,Jal #3 Gas Plant,f1005897,4.0,4,8,32.1743,-103.1741,ng_processing,,hsm_cent4,,,-106.1128,34.4096,,4,8,4,,,f1005897 - hsm_cent4,source_to_hsm_cent,hsm_centroid,Y,,30565.7335,RM,250.0,RM,0.0007,s1,0,41.5721,0,50000000.0
3634,,ts66,3.0,3,7,35.3989,-100.6543,uniform_ts_node,,ts18,,,-96.5454,35.639,,3,7,3,,,ts66 - ts18,ts_node_to_ts_node,uniform_ts_node,N,,,SWCA,250.0,SWCA,0.0006,s1,0,51.7796,0,50000000.0
3635,,ts18,3.0,3,7,35.639,-96.5454,uniform_ts_node,,ts66,,,-100.6543,35.3989,,3,7,3,,,ts18 - ts66,ts_node_to_ts_node,uniform_ts_node,N,,,GP,250.0,GP,0.0007,s1,0,41.5721,0,50000000.0
3636,,ts14,5.0,4,8,31.8609,-110.2396,uniform_ts_node,,ts68,,,-106.2709,31.8461,,4,7,3,,,ts14 - ts68,ts_node_to_ts_node,uniform_ts_node,N,,,SWCA,250.0,SWCA,0.0006,s1,0,51.7796,0,50000000.0
3637,,ts68,4.0,3,7,31.8461,-106.2709,uniform_ts_node,,ts14,,,-110.2396,31.8609,,5,8,4,,,ts68 - ts14,ts_node_to_ts_node,uniform_ts_node,N,,,SWCA,250.0,SWCA,0.0006,s1,0,51.7796,0,50000000.0
3638,,ts45,2.0,3,7,30.7654,-90.7576,operational_ts_node,,ts67,,,-93.5084,33.2042,,3,7,3,,,ts45 - ts67,ts_node_to_ts_node,uniform_ts_node,N,,,SE,250.0,SE,0.0007,s1,0,53.2023,0,50000000.0
3639,,ts67,3.0,3,7,33.2042,-93.5084,uniform_ts_node,,ts45,,,-90.7576,30.7654,,2,7,3,,,ts67 - ts45,ts_node_to_ts_node,operational_ts_node,N,,,SE,250.0,SE,0.0007,s1,0,53.2023,0,50000000.0
3640,,ts72,2.0,3,7,29.0,-97.5,uniform_ts_node,,ts46,,,-93.8362,30.1309,,2,7,3,,,ts72 - ts46,ts_node_to_ts_node,operational_ts_node,N,,,SWCA,250.0,SWCA,0.0006,s1,0,51.7796,0,50000000.0
3641,,ts46,2.0,3,7,30.1309,-93.8362,operational_ts_node,,ts72,,,-97.5,29.0,,2,7,3,,,ts46 - ts72,ts_node_to_ts_node,uniform_ts_node,N,,,SWCA,250.0,SWCA,0.0006,s1,0,51.7796,0,50000000.0
3642,,ts69,4.0,4,8,34.4406,-107.2926,uniform_ts_node,,ts51,,,-104.0351,36.5833,,4,8,4,,,ts69 - ts51,ts_node_to_ts_node,operational_ts_node,N,,,RM,250.0,RM,0.0007,s1,0,41.5721,0,50000000.0
3643,,ts51,4.0,4,8,36.5833,-104.0351,operational_ts_node,,ts69,,,-107.2926,34.4406,,4,8,4,,,ts51 - ts69,ts_node_to_ts_node,uniform_ts_node,N,,,RM,250.0,RM,0.0007,s1,0,41.5721,0,50000000.0
3644,,ts47,4.0,4,8,33.918,-104.5168,operational_ts_node,,ts66,,,-100.6543,35.3989,,3,7,3,,,ts47 - ts66,ts_node_to_ts_node,uniform_ts_node,N,,,RM,250.0,RM,0.0007,s1,0,41.5721,0,50000000.0
3645,,ts66,3.0,3,7,35.3989,-100.6543,uniform_ts_node,,ts47,,,-104.5168,33.918,,4,8,4,,,ts66 - ts47,ts_node_to_ts_node,operational_ts_node,N,,,SWCA,250.0,SWCA,0.0006,s1,0,51.7796,0,50000000.0
3646,,ts18,3.0,3,7,35.639,-96.5454,uniform_ts_node,,ts67,,,-93.5084,33.2042,,3,7,3,,,ts18 - ts67,ts_node_to_ts_node,uniform_ts_node,N,,,GP,250.0,GP,0.0007,s1,0,41.5721,0,50000000.0
3647,,ts67,3.0,3,7,33.2042,-93.5084,uniform_ts_node,,ts18,,,-96.5454,35.639,,3,7,3,,,ts67 - ts18,ts_node_to_ts_node,uniform_ts_node,N,,,SE,250.0,SE,0.0007,s1,0,53.2023,0,50000000.0
3648,facility_pp_natgas_1971,fc1971_cluster,,2,3,42.3856,-85.5171,pp_natgas,,ts28,IL,,-88.8466,41.1859,0.0,1,3,2,,,fc1971_cluster - ts28,source_to_ts_node,uniform_ts_node,N,,,GL,250.0,GL,0.0007,s1,0,57.3953,0,50000000.0
3649,,ts14,5.0,4,8,31.8609,-110.2396,uniform_ts_node,,ts69,,,-107.2926,34.4406,,4,8,4,,,ts14 - ts69,ts_node_to_ts_node,uniform_ts_node,N,,,SWCA,250.0,SWCA,0.0006,s1,0,51.7796,0,50000000.0
3650,,ts69,4.0,4,8,34.4406,-107.2926,uniform_ts_node,,ts14,,,-110.2396,31.8609,,5,8,4,,,ts69 - ts14,ts_node_to_ts_node,uniform_ts_node,N,,,RM,250.0,RM,0.0007,s1,0,41.5721,0,50000000.0
3651,,ts27,1.0,2,3,38.321,-89.1261,uniform_ts_node,,ts62,,,-93.1948,36.7476,,3,4,2,,,ts27 - ts62,ts_node_to_ts_node,uniform_ts_node,N,,,GL,250.0,GL,0.0007,s1,0,57.3953,0,50000000.0
3652,,ts62,3.0,2,4,36.7476,-93.1948,uniform_ts_node,,ts27,,,-89.1261,38.321,,1,3,2,,,ts62 - ts27,ts_node_to_ts_node,uniform_ts_node,N,,,GP,250.0,GP,0.0007,s1,0,41.5721,0,50000000.0
3653,,ts67,3.0,3,7,33.2042,-93.5084,uniform_ts_node,,ts62,,,-93.1948,36.7476,,3,4,2,,,ts67 - ts62,ts_node_to_ts_node,uniform_ts_node,N,,,SE,250.0,SE,0.0007,s1,0,53.2023,0,50000000.0
3654,,ts62,3.0,2,4,36.7476,-93.1948,uniform_ts_node,,ts67,,,-93.5084,33.2042,,3,7,3,,,ts62 - ts67,ts_node_to_ts_node,uniform_ts_node,N,,,GP,250.0,GP,0.0007,s1,0,41.5721,0,50000000.0
3655,,ts72,2.0,3,7,29.0,-97.5,uniform_ts_node,,ts58,,,-97.3799,32.575,,4,7,3,,,ts72 - ts58,ts_node_to_ts_node,uniform_ts_node,N,,,SWCA,250.0,SWCA,0.0006,s1,0,51.7796,0,50000000.0
3656,,ts58,4.0,3,7,32.575,-97.3799,uniform_ts_node,,ts72,,,-97.5,29.0,,2,7,3,,,ts58 - ts72,ts_node_to_ts_node,uniform_ts_node,N,,,SWCA,250.0,SWCA,0.0006,s1,0,51.7796,0,50000000.0
3657,,ts68,4.0,3,7,31.8461,-106.2709,uniform_ts_node,,ts49,,,-102.0845,31.404,,4,7,3,,,ts68 - ts49,ts_node_to_ts_node,operational_ts_node,N,,,SWCA,250.0,SWCA,0.0006,s1,0,51.7796,0,50000000.0
3658,,ts49,4.0,3,7,31.404,-102.0845,operational_ts_node,,ts68,,,-106.2709,31.8461,,4,7,3,,,ts49 - ts68,ts_node_to_ts_node,uniform_ts_node,N,,,SWCA,250.0,SWCA,0.0006,s1,0,51.7796,0,50000000.0
3659,,ts57,6.0,2,4,44.9071,-100.7778,uniform_ts_node,,ts17,,,-100.4651,41.3081,,3,4,2,,,ts57 - ts17,ts_node_to_ts_node,uniform_ts_node,N,,,GP,275.0,GP,0.0007,s1,0,46.1723,0,50000000.0
3660,,ts17,3.0,2,4,41.3081,-100.4651,uniform_ts_node,,ts57,,,-100.7778,44.9071,,6,4,2,,,ts17 - ts57,ts_node_to_ts_node,uniform_ts_node,N,,,GP,275.0,GP,0.0007,s1,0,46.1723,0,50000000.0
3661,,ts64,5.0,4,8,42.2721,-112.1273,uniform_ts_node,,ts10,,,-115.6952,39.8462,,5,8,4,,,ts64 - ts10,ts_node_to_ts_node,uniform_ts_node,N,,,RM,275.0,RM,0.0007,s1,0,46.1723,0,50000000.0
3662,,ts10,5.0,4,8,39.8462,-115.6952,uniform_ts_node,,ts64,,,-112.1273,42.2721,,5,8,4,,,ts10 - ts64,ts_node_to_ts_node,uniform_ts_node,N,,,RM,275.0,RM,0.0007,s1,0,46.1723,0,50000000.0
3663,,ts51,4.0,4,8,36.5833,-104.0351,operational_ts_node,,ts59,,,-103.5956,40.1656,,5,8,4,,,ts51 - ts59,ts_node_to_ts_node,uniform_ts_node,N,,,RM,275.0,RM,0.0007,s1,0,46.1723,0,50000000.0
3664,,ts59,5.0,4,8,40.1656,-103.5956,uniform_ts_node,,ts51,,,-104.0351,36.5833,,4,8,4,,,ts59 - ts51,ts_node_to_ts_node,operational_ts_node,N,,,RM,275.0,RM,0.0007,s1,0,46.1723,0,50000000.0
3665,,ts57,6.0,2,4,44.9071,-100.7778,uniform_ts_node,,ts22,,,-96.6423,47.1634,,3,4,2,,,ts57 - ts22,ts_node_to_ts_node,uniform_ts_node,N,,,GP,275.0,GP,0.0007,s1,0,46.1723,0,50000000.0
3666,,ts22,3.0,2,4,47.1634,-96.6423,uniform_ts_node,,ts57,,,-100.7778,44.9071,,6,4,2,,,ts22 - ts57,ts_node_to_ts_node,uniform_ts_node,N,,,GP,275.0,GP,0.0007,s1,0,46.1723,0,50000000.0
3667,,ts70,2.0,3,6,32.4676,-86.5671,uniform_ts_node,,ts65,,,-89.5434,35.2784,,1,6,3,,,ts70 - ts65,ts_node_to_ts_node,uniform_ts_node,N,,,SE,275.0,SE,0.0007,s1,0,58.627,0,50000000.0
3668,,ts65,1.0,3,6,35.2784,-89.5434,uniform_ts_node,,ts70,,,-86.5671,32.4676,,2,6,3,,,ts65 - ts70,ts_node_to_ts_node,uniform_ts_node,N,,,SE,275.0,SE,0.0007,s1,0,58.627,0,50000000.0
3669,,ts29,1.0,2,3,44.0574,-88.5434,uniform_ts_node,,ts33,,,-84.5405,43.7706,,1,3,2,,,ts29 - ts33,ts_node_to_ts_node,uniform_ts_node,N,,,GL,275.0,GL,0.0007,s1,0,63.3591,0,50000000.0
3670,,ts33,1.0,2,3,43.7706,-84.5405,uniform_ts_node,,ts29,,,-88.5434,44.0574,,1,3,2,,,ts33 - ts29,ts_node_to_ts_node,uniform_ts_node,N,,,GL,275.0,GL,0.0007,s1,0,63.3591,0,50000000.0
3671,,ts10,5.0,4,8,39.8462,-115.6952,uniform_ts_node,,ts63,,,-111.4886,37.9053,,5,8,4,,,ts10 - ts63,ts_node_to_ts_node,uniform_ts_node,N,,,RM,275.0,RM,0.0007,s1,0,46.1723,0,50000000.0
3672,,ts63,5.0,4,8,37.9053,-111.4886,uniform_ts_node,,ts10,,,-115.6952,39.8462,,5,8,4,,,ts63 - ts10,ts_node_to_ts_node,uniform_ts_node,N,,,RM,275.0,RM,0.0007,s1,0,46.1723,0,50000000.0
3673,,ts57,6.0,2,4,44.9071,-100.7778,uniform_ts_node,,ts71,,,-103.1277,41.4985,,3,4,2,,,ts57 - ts71,ts_node_to_ts_node,uniform_ts_node,N,,,GP,275.0,GP,0.0007,s1,0,46.1723,0,50000000.0
3674,,ts71,3.0,2,4,41.4985,-103.1277,uniform_ts_node,,ts57,,,-100.7778,44.9071,,6,4,2,,,ts71 - ts57,ts_node_to_ts_node,uniform_ts_node,N,,,GP,275.0,GP,0.0007,s1,0,46.1723,0,50000000.0
3675,,ts71,3.0,2,4,41.4985,-103.1277,uniform_ts_node,,ts54,,,-104.9217,45.1121,,6,8,4,,,ts71 - ts54,ts_node_to_ts_node,operational_ts_node,N,,,GP,275.0,GP,0.0007,s1,0,46.1723,0,50000000.0
3676,,ts54,6.0,4,8,45.1121,-104.9217,operational_ts_node,,ts71,,,-103.1277,41.4985,,3,4,2,,,ts54 - ts71,ts_node_to_ts_node,uniform_ts_node,N,,,RM,275.0,RM,0.0007,s1,0,46.1723,0,50000000.0
3677,,ts67,3.0,3,7,33.2042,-93.5084,uniform_ts_node,,ts65,,,-89.5434,35.2784,,1,6,3,,,ts67 - ts65,ts_node_to_ts_node,uniform_ts_node,N,,,SE,275.0,SE,0.0007,s1,0,58.627,0,50000000.0
3678,,ts65,1.0,3,6,35.2784,-89.5434,uniform_ts_node,,ts67,,,-93.5084,33.2042,,3,7,3,,,ts65 - ts67,ts_node_to_ts_node,uniform_ts_node,N,,,SE,275.0,SE,0.0007,s1,0,58.627,0,50000000.0
3679,,ts46,2.0,3,7,30.1309,-93.8362,operational_ts_node,,ts58,,,-97.3799,32.575,,4,7,3,,,ts46 - ts58,ts_node_to_ts_node,uniform_ts_node,N,,,SWCA,275.0,SWCA,0.0006,s1,0,57.2041,0,50000000.0
3680,,ts58,4.0,3,7,32.575,-97.3799,uniform_ts_node,,ts46,,,-93.8362,30.1309,,2,7,3,,,ts58 - ts46,ts_node_to_ts_node,operational_ts_node,N,,,SWCA,275.0,SWCA,0.0006,s1,0,57.2041,0,50000000.0
3681,,ts15,6.0,4,8,46.0614,-113.3399,uniform_ts_node,,ts64,,,-112.1273,42.2721,,5,8,4,,,ts15 - ts64,ts_node_to_ts_node,uniform_ts_node,N,,,RM,275.0,RM,0.0007,s1,0,46.1723,0,50000000.0
3682,,ts64,5.0,4,8,42.2721,-112.1273,uniform_ts_node,,ts15,,,-113.3399,46.0614,,6,8,4,,,ts64 - ts15,ts_node_to_ts_node,uniform_ts_node,N,,,RM,275.0,RM,0.0007,s1,0,46.1723,0,50000000.0
3683,,ts52,2.0,3,6,32.6973,-90.388,operational_ts_node,,ts46,,,-93.8362,30.1309,,2,7,3,,,ts52 - ts46,ts_node_to_ts_node,operational_ts_node,N,,0.0,SE,275.0,SE,0.0007,s1,0,58.627,0,50000000.0
3684,,ts46,2.0,3,7,30.1309,-93.8362,operational_ts_node,,ts52,,,-90.388,32.6973,,2,6,3,,,ts46 - ts52,ts_node_to_ts_node,operational_ts_node,N,,0.0,SWCA,275.0,SWCA,0.0006,s1,0,57.2041,0,50000000.0
3685,,ts58,4.0,3,7,32.575,-97.3799,uniform_ts_node,,ts66,,,-100.6543,35.3989,,3,7,3,,,ts58 - ts66,ts_node_to_ts_node,uniform_ts_node,N,,,SWCA,275.0,SWCA,0.0006,s1,0,57.2041,0,50000000.0
3686,,ts66,3.0,3,7,35.3989,-100.6543,uniform_ts_node,,ts58,,,-97.3799,32.575,,4,7,3,,,ts66 - ts58,ts_node_to_ts_node,uniform_ts_node,N,,,SWCA,275.0,SWCA,0.0006,s1,0,57.2041,0,50000000.0
3687,WARNER CO2 TREATMENT PLANT,f1009130,1.0,2,3,45.0344,-84.8469,ng_processing,,ts29,WI,,-88.5434,44.0574,0.0,1,3,2,,,f1009130 - ts29,source_to_ts_node,uniform_ts_node,N,,,GL,275.0,GL,0.0007,s1,0,63.3591,0,50000000.0
3688,,ts54,6.0,4,8,45.1121,-104.9217,operational_ts_node,,ts53,,,-108.417,42.1067,,5,8,4,,,ts54 - ts53,ts_node_to_ts_node,operational_ts_node,N,,0.0,RM,275.0,RM,0.0007,s1,0,46.1723,0,50000000.0
3689,,ts53,5.0,4,8,42.1067,-108.417,operational_ts_node,,ts54,,,-104.9217,45.1121,,6,8,4,,,ts53 - ts54,ts_node_to_ts_node,operational_ts_node,N,,0.0,RM,275.0,RM,0.0007,s1,0,46.1723,0,50000000.0
3690,,ts70,2.0,3,6,32.4676,-86.5671,uniform_ts_node,,ts45,,,-90.7576,30.7654,,2,7,3,,,ts70 - ts45,ts_node_to_ts_node,operational_ts_node,N,,,SE,275.0,SE,0.0007,s1,0,58.627,0,50000000.0
3691,,ts45,2.0,3,7,30.7654,-90.7576,operational_ts_node,,ts70,,,-86.5671,32.4676,,2,6,3,,,ts45 - ts70,ts_node_to_ts_node,uniform_ts_node,N,,,SE,275.0,SE,0.0007,s1,0,58.627,0,50000000.0
3692,,ts53,5.0,4,8,42.1067,-108.417,operational_ts_node,,ts71,,,-103.1277,41.4985,,3,4,2,,,ts53 - ts71,ts_node_to_ts_node,uniform_ts_node,N,,,RM,275.0,RM,0.0007,s1,0,46.1723,0,50000000.0
3693,,ts71,3.0,2,4,41.4985,-103.1277,uniform_ts_node,,ts53,,,-108.417,42.1067,,5,8,4,,,ts71 - ts53,ts_node_to_ts_node,operational_ts_node,N,,,GP,275.0,GP,0.0007,s1,0,46.1723,0,50000000.0
3694,,ts55,5.0,4,8,40.0975,-108.8773,operational_ts_node,,ts59,,,-103.5956,40.1656,,5,8,4,,,ts55 - ts59,ts_node_to_ts_node,uniform_ts_node,N,,,RM,300.0,RM,0.0007,s1,0,50.6128,0,50000000.0
3695,,ts59,5.0,4,8,40.1656,-103.5956,uniform_ts_node,,ts55,,,-108.8773,40.0975,,5,8,4,,,ts59 - ts55,ts_node_to_ts_node,operational_ts_node,N,,,RM,300.0,RM,0.0007,s1,0,50.6128,0,50000000.0
3696,,ts56,5.0,4,8,43.6569,-106.2405,operational_ts_node,,ts59,,,-103.5956,40.1656,,5,8,4,,,ts56 - ts59,ts_node_to_ts_node,uniform_ts_node,N,,,RM,300.0,RM,0.0007,s1,0,50.6128,0,50000000.0
3697,,ts59,5.0,4,8,40.1656,-103.5956,uniform_ts_node,,ts56,,,-106.2405,43.6569,,5,8,4,,,ts59 - ts56,ts_node_to_ts_node,operational_ts_node,N,,,RM,300.0,RM,0.0007,s1,0,50.6128,0,50000000.0
3698,,ts56,5.0,4,8,43.6569,-106.2405,operational_ts_node,,ts55,,,-108.8773,40.0975,,5,8,4,,,ts56 - ts55,ts_node_to_ts_node,operational_ts_node,N,,0.0,RM,300.0,RM,0.0007,s1,0,50.6128,0,50000000.0
3699,,ts55,5.0,4,8,40.0975,-108.8773,operational_ts_node,,ts56,,,-106.2405,43.6569,,5,8,4,,,ts55 - ts56,ts_node_to_ts_node,operational_ts_node,N,,0.0,RM,300.0,RM,0.0007,s1,0,50.6128,0,50000000.0
3700,,ts60,5.0,4,8,34.7449,-110.7599,uniform_ts_node,,ts9,,,-114.9436,37.0334,,5,8,4,,,ts60 - ts9,ts_node_to_ts_node,uniform_ts_node,N,,,SWCA,300.0,SWCA,0.0007,s1,0,62.6142,0,50000000.0
3701,,ts9,5.0,4,8,37.0334,-114.9436,uniform_ts_node,,ts60,,,-110.7599,34.7449,,5,8,4,,,ts9 - ts60,ts_node_to_ts_node,uniform_ts_node,N,,,RM,300.0,RM,0.0007,s1,0,50.6128,0,50000000.0
3702,,ts7,7.0,4,9,44.7701,-121.3615,uniform_ts_node,,ts13,,,-118.3486,48.3062,,7,9,4,,,ts7 - ts13,ts_node_to_ts_node,uniform_ts_node,N,,,PN,300.0,PN,0.0007,s1,0,63.9791,0,50000000.0
3703,,ts13,7.0,4,9,48.3062,-118.3486,uniform_ts_node,,ts7,,,-121.3615,44.7701,,7,9,4,,,ts13 - ts7,ts_node_to_ts_node,uniform_ts_node,N,,,PN,300.0,PN,0.0007,s1,0,63.9791,0,50000000.0
3704,,ts22,3.0,2,4,47.1634,-96.6423,uniform_ts_node,,ts25,,,-92.573,44.2227,,3,4,2,,,ts22 - ts25,ts_node_to_ts_node,uniform_ts_node,N,,,GP,300.0,GP,0.0007,s1,0,50.6128,0,50000000.0
3705,,ts25,3.0,2,4,44.2227,-92.573,uniform_ts_node,,ts22,,,-96.6423,47.1634,,3,4,2,,,ts25 - ts22,ts_node_to_ts_node,uniform_ts_node,N,,,GP,300.0,GP,0.0007,s1,0,50.6128,0,50000000.0
3706,,ts29,1.0,2,3,44.0574,-88.5434,uniform_ts_node,,ts24,,,-92.7128,41.3438,,3,4,2,,,ts29 - ts24,ts_node_to_ts_node,uniform_ts_node,N,,,GL,300.0,GL,0.0007,s1,0,69.2586,0,50000000.0
3707,,ts24,3.0,2,4,41.3438,-92.7128,uniform_ts_node,,ts29,,,-88.5434,44.0574,,1,3,2,,,ts24 - ts29,ts_node_to_ts_node,uniform_ts_node,N,,,GP,300.0,GP,0.0007,s1,0,50.6128,0,50000000.0
3708,,ts9,5.0,4,8,37.0334,-114.9436,uniform_ts_node,,ts3,,,-117.6761,33.6122,,7,9,4,,,ts9 - ts3,ts_node_to_ts_node,uniform_ts_node,N,,,RM,300.0,RM,0.0007,s1,0,50.6128,0,50000000.0
3709,,ts3,7.0,4,9,33.6122,-117.6761,uniform_ts_node,,ts9,,,-114.9436,37.0334,,5,8,4,,,ts3 - ts9,ts_node_to_ts_node,uniform_ts_node,N,,,SWCA,300.0,SWCA,0.0007,s1,0,62.6142,0,50000000.0
3710,,ts24,3.0,2,4,41.3438,-92.7128,uniform_ts_node,,ts21,,,-96.615,44.2654,,6,4,2,,,ts24 - ts21,ts_node_to_ts_node,uniform_ts_node,N,,,GP,300.0,GP,0.0007,s1,0,50.6128,0,50000000.0
3711,,ts21,6.0,2,4,44.2654,-96.615,uniform_ts_node,,ts24,,,-92.7128,41.3438,,3,4,2,,,ts21 - ts24,ts_node_to_ts_node,uniform_ts_node,N,,,GP,300.0,GP,0.0007,s1,0,50.6128,0,50000000.0
3712,,ts23,3.0,2,4,38.4726,-92.8416,uniform_ts_node,,ts18,,,-96.5454,35.639,,3,7,3,,,ts23 - ts18,ts_node_to_ts_node,uniform_ts_node,N,,,GP,300.0,GP,0.0007,s1,0,50.6128,0,50000000.0
3713,,ts18,3.0,3,7,35.639,-96.5454,uniform_ts_node,,ts23,,,-92.8416,38.4726,,3,4,2,,,ts18 - ts23,ts_node_to_ts_node,uniform_ts_node,N,,,GP,300.0,GP,0.0007,s1,0,50.6128,0,50000000.0
3714,,ts10,5.0,4,8,39.8462,-115.6952,uniform_ts_node,,ts6,,,-120.3299,41.9847,,7,9,4,,,ts10 - ts6,ts_node_to_ts_node,uniform_ts_node,N,,,RM,300.0,RM,0.0007,s1,0,50.6128,0,50000000.0
3715,,ts6,7.0,4,9,41.9847,-120.3299,uniform_ts_node,,ts10,,,-115.6952,39.8462,,5,8,4,,,ts6 - ts10,ts_node_to_ts_node,uniform_ts_node,N,,,SWCA,300.0,SWCA,0.0007,s1,0,62.6142,0,50000000.0
3716,,ts42,1.0,1,2,42.8399,-76.6688,uniform_ts_node,,ts44,,,-71.8379,44.9967,,1,1,1,,,ts42 - ts44,ts_node_to_ts_node,uniform_ts_node,N,,,MA,300.0,MA,0.001,s1,0,88.2162,0,50000000.0
3717,,ts44,1.0,1,1,44.9967,-71.8379,uniform_ts_node,,ts42,,,-76.6688,42.8399,,1,2,1,,,ts44 - ts42,ts_node_to_ts_node,uniform_ts_node,N,,,NE,300.0,NE,0.0009,s1,0,105.8875,0,50000000.0
3718,,ts8,7.0,4,9,34.2129,-114.2466,uniform_ts_node,,ts4,,,-118.4952,36.4119,,7,9,4,,,ts8 - ts4,ts_node_to_ts_node,uniform_ts_node,N,,,SWCA,300.0,SWCA,0.0007,s1,0,62.6142,0,50000000.0
3719,,ts4,7.0,4,9,36.4119,-118.4952,uniform_ts_node,,ts8,,,-114.2466,34.2129,,7,9,4,,,ts4 - ts8,ts_node_to_ts_node,uniform_ts_node,N,,,SWCA,300.0,SWCA,0.0007,s1,0,62.6142,0,50000000.0
3720,,ts21,6.0,2,4,44.2654,-96.615,uniform_ts_node,,ts26,,,-92.4209,47.1185,,3,4,2,,,ts21 - ts26,ts_node_to_ts_node,uniform_ts_node,N,,,GP,300.0,GP,0.0007,s1,0,50.6128,0,50000000.0
3721,,ts26,3.0,2,4,47.1185,-92.4209,uniform_ts_node,,ts21,,,-96.615,44.2654,,6,4,2,,,ts26 - ts21,ts_node_to_ts_node,uniform_ts_node,N,,,GP,300.0,GP,0.0007,s1,0,50.6128,0,50000000.0
3722,,ts27,1.0,2,3,38.321,-89.1261,uniform_ts_node,,ts32,,,-85.0039,40.9117,,1,3,2,,,ts27 - ts32,ts_node_to_ts_node,uniform_ts_node,N,,,GL,300.0,GL,0.0007,s1,0,69.2586,0,50000000.0
3723,,ts32,1.0,2,3,40.9117,-85.0039,uniform_ts_node,,ts27,,,-89.1261,38.321,,1,3,2,,,ts32 - ts27,ts_node_to_ts_node,uniform_ts_node,N,,,GL,300.0,GL,0.0007,s1,0,69.2586,0,50000000.0
3724,,ts5,5.0,4,8,39.2008,-119.3773,uniform_ts_node,,ts11,,,-116.5079,42.6576,,5,8,4,,,ts5 - ts11,ts_node_to_ts_node,uniform_ts_node,N,,,RM,300.0,RM,0.0007,s1,0,50.6128,0,50000000.0
3725,,ts11,5.0,4,8,42.6576,-116.5079,uniform_ts_node,,ts5,,,-119.3773,39.2008,,5,8,4,,,ts11 - ts5,ts_node_to_ts_node,uniform_ts_node,N,,,RM,300.0,RM,0.0007,s1,0,50.6128,0,50000000.0
3726,,ts15,6.0,4,8,46.0614,-113.3399,uniform_ts_node,,ts11,,,-116.5079,42.6576,,5,8,4,,,ts15 - ts11,ts_node_to_ts_node,uniform_ts_node,N,,,RM,300.0,RM,0.0007,s1,0,50.6128,0,50000000.0
3727,,ts11,5.0,4,8,42.6576,-116.5079,uniform_ts_node,,ts15,,,-113.3399,46.0614,,6,8,4,,,ts11 - ts15,ts_node_to_ts_node,uniform_ts_node,N,,,RM,300.0,RM,0.0007,s1,0,50.6128,0,50000000.0
3728,,ts36,1.0,3,5,37.6841,-81.7687,uniform_ts_node,,ts30,,,-85.8272,35.2015,,1,6,3,,,ts36 - ts30,ts_node_to_ts_node,uniform_ts_node,N,,,MA,300.0,MA,0.001,s1,0,88.2162,0,50000000.0
3729,,ts30,1.0,3,6,35.2015,-85.8272,uniform_ts_node,,ts36,,,-81.7687,37.6841,,1,5,3,,,ts30 - ts36,ts_node_to_ts_node,uniform_ts_node,N,,,SE,300.0,SE,0.0007,s1,0,63.9791,0,50000000.0
3730,,ts41,1.0,1,2,40.0209,-77.4375,uniform_ts_node,,ts43,,,-72.8249,42.2012,,1,1,1,,,ts41 - ts43,ts_node_to_ts_node,uniform_ts_node,N,,,MA,300.0,MA,0.001,s1,0,88.2162,0,50000000.0
3731,,ts43,1.0,1,1,42.2012,-72.8249,uniform_ts_node,,ts41,,,-77.4375,40.0209,,1,2,1,,,ts43 - ts41,ts_node_to_ts_node,uniform_ts_node,N,,,NE,300.0,NE,0.0009,s1,0,105.8875,0,50000000.0
3732,,ts20,3.0,2,4,41.3846,-96.5899,uniform_ts_node,,ts23,,,-92.8416,38.4726,,3,4,2,,,ts20 - ts23,ts_node_to_ts_node,uniform_ts_node,N,,,GP,300.0,GP,0.0007,s1,0,50.6128,0,50000000.0
3733,,ts1,7.0,4,9,38.4485,-122.9892,uniform_ts_node,,ts4,,,-118.4952,36.4119,,7,9,4,,,ts1 - ts4,ts_node_to_ts_node,uniform_ts_node,N,,,SWCA,300.0,SWCA,0.0007,s1,0,62.6142,0,50000000.0
3734,,ts23,3.0,2,4,38.4726,-92.8416,uniform_ts_node,,ts20,,,-96.5899,41.3846,,3,4,2,,,ts23 - ts20,ts_node_to_ts_node,uniform_ts_node,N,,,GP,300.0,GP,0.0007,s1,0,50.6128,0,50000000.0
3735,,ts4,7.0,4,9,36.4119,-118.4952,uniform_ts_node,,ts1,,,-122.9892,38.4485,,7,9,4,,,ts4 - ts1,ts_node_to_ts_node,uniform_ts_node,N,,,SWCA,300.0,SWCA,0.0007,s1,0,62.6142,0,50000000.0
3736,,ts24,3.0,2,4,41.3438,-92.7128,uniform_ts_node,,ts27,,,-89.1261,38.321,,1,3,2,,,ts24 - ts27,ts_node_to_ts_node,uniform_ts_node,N,,,GP,300.0,GP,0.0007,s1,0,50.6128,0,50000000.0
3737,,ts27,1.0,2,3,38.321,-89.1261,uniform_ts_node,,ts24,,,-92.7128,41.3438,,3,4,2,,,ts27 - ts24,ts_node_to_ts_node,uniform_ts_node,N,,,GL,300.0,GL,0.0007,s1,0,69.2586,0,50000000.0
3738,,ts31,1.0,3,6,38.0578,-85.4315,uniform_ts_node,,ts37,,,-81.1971,40.5228,,1,3,2,,,ts31 - ts37,ts_node_to_ts_node,uniform_ts_node,N,,,SE,300.0,SE,0.0007,s1,0,63.9791,0,50000000.0
3739,,ts37,1.0,2,3,40.5228,-81.1971,uniform_ts_node,,ts31,,,-85.4315,38.0578,,1,6,3,,,ts37 - ts31,ts_node_to_ts_node,uniform_ts_node,N,,,GL,300.0,GL,0.0007,s1,0,69.2586,0,50000000.0
3740,,ts19,3.0,2,4,38.5117,-96.5668,uniform_ts_node,,ts17,,,-100.4651,41.3081,,3,4,2,,,ts19 - ts17,ts_node_to_ts_node,uniform_ts_node,N,,,GP,300.0,GP,0.0007,s1,0,50.6128,0,50000000.0
3741,,ts17,3.0,2,4,41.3081,-100.4651,uniform_ts_node,,ts19,,,-96.5668,38.5117,,3,4,2,,,ts17 - ts19,ts_node_to_ts_node,uniform_ts_node,N,,,GP,300.0,GP,0.0007,s1,0,50.6128,0,50000000.0
3742,,ts13,7.0,4,9,48.3062,-118.3486,uniform_ts_node,,ts15,,,-113.3399,46.0614,,6,8,4,,,ts13 - ts15,ts_node_to_ts_node,uniform_ts_node,N,,,PN,300.0,PN,0.0007,s1,0,63.9791,0,50000000.0
3743,,ts15,6.0,4,8,46.0614,-113.3399,uniform_ts_node,,ts13,,,-118.3486,48.3062,,7,9,4,,,ts15 - ts13,ts_node_to_ts_node,uniform_ts_node,N,,,RM,300.0,RM,0.0007,s1,0,50.6128,0,50000000.0
3744,,ts5,5.0,4,8,39.2008,-119.3773,uniform_ts_node,,ts2,,,-124.0731,41.2016,,7,9,4,,,ts5 - ts2,ts_node_to_ts_node,uniform_ts_node,N,,,RM,300.0,RM,0.0007,s1,0,50.6128,0,50000000.0
3745,,ts2,7.0,4,9,41.2016,-124.0731,uniform_ts_node,,ts5,,,-119.3773,39.2008,,5,8,4,,,ts2 - ts5,ts_node_to_ts_node,uniform_ts_node,N,,,SWCA,300.0,SWCA,0.0007,s1,0,62.6142,0,50000000.0
3746,,ts39,1.0,3,5,34.3752,-78.8067,uniform_ts_node,,ts36,,,-81.7687,37.6841,,1,5,3,,,ts39 - ts36,ts_node_to_ts_node,uniform_ts_node,N,,,SE,300.0,SE,0.0007,s1,0,63.9791,0,50000000.0
3747,,ts36,1.0,3,5,37.6841,-81.7687,uniform_ts_node,,ts39,,,-78.8067,34.3752,,1,5,3,,,ts36 - ts39,ts_node_to_ts_node,uniform_ts_node,N,,,MA,300.0,MA,0.001,s1,0,88.2162,0,50000000.0
3748,,ts28,1.0,2,3,41.1859,-88.8466,uniform_ts_node,,ts23,,,-92.8416,38.4726,,3,4,2,,,ts28 - ts23,ts_node_to_ts_node,uniform_ts_node,N,,,GL,300.0,GL,0.0007,s1,0,69.2586,0,50000000.0
3749,,ts32,1.0,2,3,40.9117,-85.0039,uniform_ts_node,,ts36,,,-81.7687,37.6841,,1,5,3,,,ts32 - ts36,ts_node_to_ts_node,uniform_ts_node,N,,,GL,300.0,GL,0.0007,s1,0,69.2586,0,50000000.0
3750,,ts23,3.0,2,4,38.4726,-92.8416,uniform_ts_node,,ts28,,,-88.8466,41.1859,,1,3,2,,,ts23 - ts28,ts_node_to_ts_node,uniform_ts_node,N,,,GP,300.0,GP,0.0007,s1,0,50.6128,0,50000000.0
3751,,ts36,1.0,3,5,37.6841,-81.7687,uniform_ts_node,,ts32,,,-85.0039,40.9117,,1,3,2,,,ts36 - ts32,ts_node_to_ts_node,uniform_ts_node,N,,,MA,300.0,MA,0.001,s1,0,88.2162,0,50000000.0
3752,,ts6,7.0,4,9,41.9847,-120.3299,uniform_ts_node,,ts1,,,-122.9892,38.4485,,7,9,4,,,ts6 - ts1,ts_node_to_ts_node,uniform_ts_node,N,,,SWCA,300.0,SWCA,0.0007,s1,0,62.6142,0,50000000.0
3753,,ts1,7.0,4,9,38.4485,-122.9892,uniform_ts_node,,ts6,,,-120.3299,41.9847,,7,9,4,,,ts1 - ts6,ts_node_to_ts_node,uniform_ts_node,N,,,SWCA,300.0,SWCA,0.0007,s1,0,62.6142,0,50000000.0
3754,,ts37,1.0,2,3,40.5228,-81.1971,uniform_ts_node,,ts40,,,-78.148,37.2015,,1,5,3,,,ts37 - ts40,ts_node_to_ts_node,uniform_ts_node,N,,,GL,300.0,GL,0.0007,s1,0,69.2586,0,50000000.0
3755,,ts40,1.0,3,5,37.2015,-78.148,uniform_ts_node,,ts37,,,-81.1971,40.5228,,1,3,2,,,ts40 - ts37,ts_node_to_ts_node,uniform_ts_node,N,,,MA,300.0,MA,0.001,s1,0,88.2162,0,50000000.0
3756,,ts36,1.0,3,5,37.6841,-81.7687,uniform_ts_node,,ts41,,,-77.4375,40.0209,,1,2,1,,,ts36 - ts41,ts_node_to_ts_node,uniform_ts_node,N,,,MA,300.0,MA,0.001,s1,0,88.2162,0,50000000.0
3757,,ts41,1.0,1,2,40.0209,-77.4375,uniform_ts_node,,ts36,,,-81.7687,37.6841,,1,5,3,,,ts41 - ts36,ts_node_to_ts_node,uniform_ts_node,N,,,MA,300.0,MA,0.001,s1,0,88.2162,0,50000000.0
3758,,ts6,7.0,4,9,41.9847,-120.3299,uniform_ts_node,,ts12,,,-117.3894,45.4748,,7,9,4,,,ts6 - ts12,ts_node_to_ts_node,uniform_ts_node,N,,,SWCA,300.0,SWCA,0.0007,s1,0,62.6142,0,50000000.0
3759,,ts12,7.0,4,9,45.4748,-117.3894,uniform_ts_node,,ts6,,,-120.3299,41.9847,,7,9,4,,,ts12 - ts6,ts_node_to_ts_node,uniform_ts_node,N,,,PN,300.0,PN,0.0007,s1,0,63.9791,0,50000000.0
3760,,ts11,5.0,4,8,42.6576,-116.5079,uniform_ts_node,,ts7,,,-121.3615,44.7701,,7,9,4,,,ts11 - ts7,ts_node_to_ts_node,uniform_ts_node,N,,,RM,300.0,RM,0.0007,s1,0,50.6128,0,50000000.0
3761,,ts7,7.0,4,9,44.7701,-121.3615,uniform_ts_node,,ts11,,,-116.5079,42.6576,,5,8,4,,,ts7 - ts11,ts_node_to_ts_node,uniform_ts_node,N,,,PN,300.0,PN,0.0007,s1,0,63.9791,0,50000000.0
3762,,ts7,7.0,4,9,44.7701,-121.3615,uniform_ts_node,,ts2,,,-124.0731,41.2016,,7,9,4,,,ts7 - ts2,ts_node_to_ts_node,uniform_ts_node,N,,,PN,300.0,PN,0.0007,s1,0,63.9791,0,50000000.0
3763,,ts2,7.0,4,9,41.2016,-124.0731,uniform_ts_node,,ts7,,,-121.3615,44.7701,,7,9,4,,,ts2 - ts7,ts_node_to_ts_node,uniform_ts_node,N,,,SWCA,300.0,SWCA,0.0007,s1,0,62.6142,0,50000000.0
3764,,ts42,1.0,1,2,42.8399,-76.6688,uniform_ts_node,,ts37,,,-81.1971,40.5228,,1,3,2,,,ts42 - ts37,ts_node_to_ts_node,uniform_ts_node,N,,,MA,300.0,MA,0.001,s1,0,88.2162,0,50000000.0
3765,,ts37,1.0,2,3,40.5228,-81.1971,uniform_ts_node,,ts42,,,-76.6688,42.8399,,1,2,1,,,ts37 - ts42,ts_node_to_ts_node,uniform_ts_node,N,,,GL,300.0,GL,0.0007,s1,0,69.2586,0,50000000.0
3766,,ts31,1.0,3,6,38.0578,-85.4315,uniform_ts_node,,ts28,,,-88.8466,41.1859,,1,3,2,,,ts31 - ts28,ts_node_to_ts_node,uniform_ts_node,N,,,SE,300.0,SE,0.0007,s1,0,63.9791,0,50000000.0
3767,,ts17,3.0,2,4,41.3081,-100.4651,uniform_ts_node,,ts21,,,-96.615,44.2654,,6,4,2,,,ts17 - ts21,ts_node_to_ts_node,uniform_ts_node,N,,,GP,300.0,GP,0.0007,s1,0,50.6128,0,50000000.0
3768,,ts28,1.0,2,3,41.1859,-88.8466,uniform_ts_node,,ts31,,,-85.4315,38.0578,,1,6,3,,,ts28 - ts31,ts_node_to_ts_node,uniform_ts_node,N,,,GL,300.0,GL,0.0007,s1,0,69.2586,0,50000000.0
3769,,ts21,6.0,2,4,44.2654,-96.615,uniform_ts_node,,ts17,,,-100.4651,41.3081,,3,4,2,,,ts21 - ts17,ts_node_to_ts_node,uniform_ts_node,N,,,GP,300.0,GP,0.0007,s1,0,50.6128,0,50000000.0
3770,,ts35,1.0,3,5,34.8411,-82.2981,uniform_ts_node,,ts31,,,-85.4315,38.0578,,1,6,3,,,ts35 - ts31,ts_node_to_ts_node,uniform_ts_node,N,,,SE,300.0,SE,0.0007,s1,0,63.9791,0,50000000.0
3771,,ts31,1.0,3,6,38.0578,-85.4315,uniform_ts_node,,ts35,,,-82.2981,34.8411,,1,5,3,,,ts31 - ts35,ts_node_to_ts_node,uniform_ts_node,N,,,SE,300.0,SE,0.0007,s1,0,63.9791,0,50000000.0
3772,,ts10,5.0,4,8,39.8462,-115.6952,uniform_ts_node,,ts4,,,-118.4952,36.4119,,7,9,4,,,ts10 - ts4,ts_node_to_ts_node,uniform_ts_node,N,,,RM,300.0,RM,0.0007,s1,0,50.6128,0,50000000.0
3773,,ts4,7.0,4,9,36.4119,-118.4952,uniform_ts_node,,ts10,,,-115.6952,39.8462,,5,8,4,,,ts4 - ts10,ts_node_to_ts_node,uniform_ts_node,N,,,SWCA,300.0,SWCA,0.0007,s1,0,62.6142,0,50000000.0
3774,,ts14,5.0,4,8,31.8609,-110.2396,uniform_ts_node,,ts8,,,-114.2466,34.2129,,7,9,4,,,ts14 - ts8,ts_node_to_ts_node,uniform_ts_node,N,,,SWCA,300.0,SWCA,0.0007,s1,0,62.6142,0,50000000.0
3775,,ts8,7.0,4,9,34.2129,-114.2466,uniform_ts_node,,ts14,,,-110.2396,31.8609,,5,8,4,,,ts8 - ts14,ts_node_to_ts_node,uniform_ts_node,N,,,SWCA,300.0,SWCA,0.0007,s1,0,62.6142,0,50000000.0
3776,,ts40,1.0,3,5,37.2015,-78.148,uniform_ts_node,,ts35,,,-82.2981,34.8411,,1,5,3,,,ts40 - ts35,ts_node_to_ts_node,uniform_ts_node,N,,,MA,300.0,MA,0.001,s1,0,88.2162,0,50000000.0
3777,,ts35,1.0,3,5,34.8411,-82.2981,uniform_ts_node,,ts40,,,-78.148,37.2015,,1,5,3,,,ts35 - ts40,ts_node_to_ts_node,uniform_ts_node,N,,,SE,300.0,SE,0.0007,s1,0,63.9791,0,50000000.0
3778,,ts27,1.0,2,3,38.321,-89.1261,uniform_ts_node,,ts30,,,-85.8272,35.2015,,1,6,3,,,ts27 - ts30,ts_node_to_ts_node,uniform_ts_node,N,,,GL,300.0,GL,0.0007,s1,0,69.2586,0,50000000.0
3779,,ts30,1.0,3,6,35.2015,-85.8272,uniform_ts_node,,ts27,,,-89.1261,38.321,,1,3,2,,,ts30 - ts27,ts_node_to_ts_node,uniform_ts_node,N,,,SE,300.0,SE,0.0007,s1,0,63.9791,0,50000000.0
3780,,ts19,3.0,2,4,38.5117,-96.5668,uniform_ts_node,,ts24,,,-92.7128,41.3438,,3,4,2,,,ts19 - ts24,ts_node_to_ts_node,uniform_ts_node,N,,,GP,300.0,GP,0.0007,s1,0,50.6128,0,50000000.0
3781,,ts24,3.0,2,4,41.3438,-92.7128,uniform_ts_node,,ts19,,,-96.5668,38.5117,,3,4,2,,,ts24 - ts19,ts_node_to_ts_node,uniform_ts_node,N,,,GP,300.0,GP,0.0007,s1,0,50.6128,0,50000000.0
3782,,ts28,1.0,2,3,41.1859,-88.8466,uniform_ts_node,,ts25,,,-92.573,44.2227,,3,4,2,,,ts28 - ts25,ts_node_to_ts_node,uniform_ts_node,N,,,GL,300.0,GL,0.0007,s1,0,69.2586,0,50000000.0
3783,,ts25,3.0,2,4,44.2227,-92.573,uniform_ts_node,,ts28,,,-88.8466,41.1859,,1,3,2,,,ts25 - ts28,ts_node_to_ts_node,uniform_ts_node,N,,,GP,300.0,GP,0.0007,s1,0,50.6128,0,50000000.0
3784,,ts34,1.0,3,5,31.9873,-82.7898,uniform_ts_node,,ts39,,,-78.8067,34.3752,,1,5,3,,,ts34 - ts39,ts_node_to_ts_node,uniform_ts_node,N,,,SE,300.0,SE,0.0007,s1,0,63.9791,0,50000000.0
3785,,ts39,1.0,3,5,34.3752,-78.8067,uniform_ts_node,,ts34,,,-82.7898,31.9873,,1,5,3,,,ts39 - ts34,ts_node_to_ts_node,uniform_ts_node,N,,,SE,300.0,SE,0.0007,s1,0,63.9791,0,50000000.0
3786,,ts20,3.0,2,4,41.3846,-96.5899,uniform_ts_node,,ts25,,,-92.573,44.2227,,3,4,2,,,ts20 - ts25,ts_node_to_ts_node,uniform_ts_node,N,,,GP,300.0,GP,0.0007,s1,0,50.6128,0,50000000.0
3787,,ts25,3.0,2,4,44.2227,-92.573,uniform_ts_node,,ts20,,,-96.5899,41.3846,,3,4,2,,,ts25 - ts20,ts_node_to_ts_node,uniform_ts_node,N,,,GP,300.0,GP,0.0007,s1,0,50.6128,0,50000000.0
3788,,ts9,5.0,4,8,37.0334,-114.9436,uniform_ts_node,,ts5,,,-119.3773,39.2008,,5,8,4,,,ts9 - ts5,ts_node_to_ts_node,uniform_ts_node,N,,,RM,300.0,RM,0.0007,s1,0,50.6128,0,50000000.0
3789,,ts5,5.0,4,8,39.2008,-119.3773,uniform_ts_node,,ts9,,,-114.9436,37.0334,,5,8,4,,,ts5 - ts9,ts_node_to_ts_node,uniform_ts_node,N,,,RM,300.0,RM,0.0007,s1,0,50.6128,0,50000000.0
3790,,ts12,7.0,4,9,45.4748,-117.3894,uniform_ts_node,,ts16,,,-114.1273,48.9248,,6,8,4,,,ts12 - ts16,ts_node_to_ts_node,uniform_ts_node,N,,,PN,300.0,PN,0.0007,s1,0,63.9791,0,50000000.0
3791,,ts16,6.0,4,8,48.9248,-114.1273,uniform_ts_node,,ts12,,,-117.3894,45.4748,,7,9,4,,,ts16 - ts12,ts_node_to_ts_node,uniform_ts_node,N,,,RM,300.0,RM,0.0007,s1,0,50.6128,0,50000000.0
3792,,ts30,1.0,3,6,35.2015,-85.8272,uniform_ts_node,,ts34,,,-82.7898,31.9873,,1,5,3,,,ts30 - ts34,ts_node_to_ts_node,uniform_ts_node,N,,,SE,300.0,SE,0.0007,s1,0,63.9791,0,50000000.0
3793,,ts34,1.0,3,5,31.9873,-82.7898,uniform_ts_node,,ts30,,,-85.8272,35.2015,,1,6,3,,,ts34 - ts30,ts_node_to_ts_node,uniform_ts_node,N,,,SE,300.0,SE,0.0007,s1,0,63.9791,0,50000000.0
3794,,ts57,6.0,2,4,44.9071,-100.7778,uniform_ts_node,,ts56,,,-106.2405,43.6569,,5,8,4,,,ts57 - ts56,ts_node_to_ts_node,operational_ts_node,N,,,GP,300.0,GP,0.0007,s1,0,50.6128,0,50000000.0
3795,,ts56,5.0,4,8,43.6569,-106.2405,operational_ts_node,,ts57,,,-100.7778,44.9071,,6,4,2,,,ts56 - ts57,ts_node_to_ts_node,uniform_ts_node,N,,,RM,300.0,RM,0.0007,s1,0,50.6128,0,50000000.0
3796,,ts53,5.0,4,8,42.1067,-108.417,operational_ts_node,,ts59,,,-103.5956,40.1656,,5,8,4,,,ts53 - ts59,ts_node_to_ts_node,uniform_ts_node,N,,,RM,300.0,RM,0.0007,s1,0,50.6128,0,50000000.0
3797,,ts59,5.0,4,8,40.1656,-103.5956,uniform_ts_node,,ts53,,,-108.417,42.1067,,5,8,4,,,ts59 - ts53,ts_node_to_ts_node,operational_ts_node,N,,,RM,300.0,RM,0.0007,s1,0,50.6128,0,50000000.0
3798,,ts49,4.0,3,7,31.404,-102.0845,operational_ts_node,,ts58,,,-97.3799,32.575,,4,7,3,,,ts49 - ts58,ts_node_to_ts_node,uniform_ts_node,N,,,SWCA,300.0,SWCA,0.0007,s1,0,62.6142,0,50000000.0
3799,,ts58,4.0,3,7,32.575,-97.3799,uniform_ts_node,,ts49,,,-102.0845,31.404,,4,7,3,,,ts58 - ts49,ts_node_to_ts_node,operational_ts_node,N,,,SWCA,300.0,SWCA,0.0007,s1,0,62.6142,0,50000000.0
3800,,ts23,3.0,2,4,38.4726,-92.8416,uniform_ts_node,,ts65,,,-89.5434,35.2784,,1,6,3,,,ts23 - ts65,ts_node_to_ts_node,uniform_ts_node,N,,,GP,300.0,GP,0.0007,s1,0,50.6128,0,50000000.0
3801,,ts65,1.0,3,6,35.2784,-89.5434,uniform_ts_node,,ts23,,,-92.8416,38.4726,,3,4,2,,,ts65 - ts23,ts_node_to_ts_node,uniform_ts_node,N,,,SE,300.0,SE,0.0007,s1,0,63.9791,0,50000000.0
3802,facility_pp_natgas_1971,fc1971_cluster,,2,3,42.3856,-85.5171,pp_natgas,,ts29,WI,,-88.5434,44.0574,0.0,1,3,2,,,fc1971_cluster - ts29,source_to_ts_node,uniform_ts_node,N,,,GL,300.0,GL,0.0007,s1,0,69.2586,0,50000000.0
3803,facility_ammonia_2009,fc2009_cluster,,3,3,42.0372,-86.5322,ammonia,,ts29,WI,,-88.5434,44.0574,0.0,1,3,2,,,fc2009_cluster - ts29,source_to_ts_node,uniform_ts_node,N,,,GL,300.0,GL,0.0007,s1,0,69.2586,0,50000000.0
3804,facility_beccs_2018,fc2018_cluster,,2,3,42.0372,-86.5322,beccs,,ts29,WI,,-88.5434,44.0574,0.0,1,3,2,,,fc2018_cluster - ts29,source_to_ts_node,uniform_ts_node,N,,,GL,300.0,GL,0.0007,s1,0,69.2586,0,50000000.0
3805,,ts66,3.0,3,7,35.3989,-100.6543,uniform_ts_node,,ts49,,,-102.0845,31.404,,4,7,3,,,ts66 - ts49,ts_node_to_ts_node,operational_ts_node,N,,,SWCA,300.0,SWCA,0.0007,s1,0,62.6142,0,50000000.0
3806,,ts49,4.0,3,7,31.404,-102.0845,operational_ts_node,,ts66,,,-100.6543,35.3989,,3,7,3,,,ts49 - ts66,ts_node_to_ts_node,uniform_ts_node,N,,,SWCA,300.0,SWCA,0.0007,s1,0,62.6142,0,50000000.0
3807,,ts50,4.0,4,8,36.9785,-108.1461,operational_ts_node,,ts47,,,-104.5168,33.918,,4,8,4,,,ts50 - ts47,ts_node_to_ts_node,operational_ts_node,Y,,20507319.5269,RM,300.0,RM,0.0007,s1,0,50.6128,0,50000000.0
3808,,ts47,4.0,4,8,33.918,-104.5168,operational_ts_node,,ts50,,,-108.1461,36.9785,,4,8,4,,,ts47 - ts50,ts_node_to_ts_node,operational_ts_node,N,,0.0,RM,300.0,RM,0.0007,s1,0,50.6128,0,50000000.0
3809,,ts35,1.0,3,5,34.8411,-82.2981,uniform_ts_node,,ts70,,,-86.5671,32.4676,,2,6,3,,,ts35 - ts70,ts_node_to_ts_node,uniform_ts_node,N,,,SE,300.0,SE,0.0007,s1,0,63.9791,0,50000000.0
3810,,ts70,2.0,3,6,32.4676,-86.5671,uniform_ts_node,,ts35,,,-82.2981,34.8411,,1,5,3,,,ts70 - ts35,ts_node_to_ts_node,uniform_ts_node,N,,,SE,300.0,SE,0.0007,s1,0,63.9791,0,50000000.0
3811,,ts29,1.0,2,3,44.0574,-88.5434,uniform_ts_node,,ts26,,,-92.4209,47.1185,,3,4,2,,,ts29 - ts26,ts_node_to_ts_node,uniform_ts_node,N,,,GL,300.0,GL,0.0007,s1,0,69.2586,0,50000000.0
3812,,ts26,3.0,2,4,47.1185,-92.4209,uniform_ts_node,,ts29,,,-88.5434,44.0574,,1,3,2,,,ts26 - ts29,ts_node_to_ts_node,uniform_ts_node,N,,,GP,300.0,GP,0.0007,s1,0,50.6128,0,50000000.0
3813,,ts29,1.0,2,3,44.0574,-88.5434,uniform_ts_node,Mount Simon6,s139,IN,29370.0,-86.0531,40.2057,0.0,1,3,2,0.0,s139,ts29 - s139,ts_node_to_storage,storage,N,,,GL,300.0,GL,0.0007,s1,0,69.2586,0,50000000.0
3814,,ts65,1.0,3,6,35.2784,-89.5434,uniform_ts_node,,ts31,,,-85.4315,38.0578,,1,6,3,,,ts65 - ts31,ts_node_to_ts_node,uniform_ts_node,N,,,SE,300.0,SE,0.0007,s1,0,63.9791,0,50000000.0
3815,,ts31,1.0,3,6,38.0578,-85.4315,uniform_ts_node,,ts65,,,-89.5434,35.2784,,1,6,3,,,ts31 - ts65,ts_node_to_ts_node,uniform_ts_node,N,,,SE,300.0,SE,0.0007,s1,0,63.9791,0,50000000.0
3816,,ts68,4.0,3,7,31.8461,-106.2709,uniform_ts_node,,ts48,,,-101.2617,32.7688,,4,7,3,,,ts68 - ts48,ts_node_to_ts_node,operational_ts_node,N,,,SWCA,300.0,SWCA,0.0007,s1,0,62.6142,0,50000000.0
3817,,ts48,4.0,3,7,32.7688,-101.2617,operational_ts_node,,ts68,,,-106.2709,31.8461,,4,7,3,,,ts48 - ts68,ts_node_to_ts_node,uniform_ts_node,N,,,SWCA,300.0,SWCA,0.0007,s1,0,62.6142,0,50000000.0
3818,,ts63,5.0,4,8,37.9053,-111.4886,uniform_ts_node,,ts8,,,-114.2466,34.2129,,7,9,4,,,ts63 - ts8,ts_node_to_ts_node,uniform_ts_node,N,,,RM,300.0,RM,0.0007,s1,0,50.6128,0,50000000.0
3819,,ts8,7.0,4,9,34.2129,-114.2466,uniform_ts_node,,ts63,,,-111.4886,37.9053,,5,8,4,,,ts8 - ts63,ts_node_to_ts_node,uniform_ts_node,N,,,SWCA,300.0,SWCA,0.0007,s1,0,62.6142,0,50000000.0
3820,,ts29,1.0,2,3,44.0574,-88.5434,uniform_ts_node,St. Peter7,s199,MI,2100.0,-84.296,45.3721,0.0,1,3,2,0.0,s199,ts29 - s199,ts_node_to_storage,storage,N,,,GL,300.0,GL,0.0007,s1,0,69.2586,0,50000000.0
3821,St Marys Cement INC,f1005629,1.0,2,3,45.3164,-85.2948,cement,,ts29,WI,,-88.5434,44.0574,0.0,1,3,2,,,f1005629 - ts29,source_to_ts_node,uniform_ts_node,N,,,GL,325.0,GL,0.0008,s1,0,75.3891,0,50000000.0
3822,,ts63,5.0,4,8,37.9053,-111.4886,uniform_ts_node,,ts64,,,-112.1273,42.2721,,5,8,4,,,ts63 - ts64,ts_node_to_ts_node,uniform_ts_node,N,,,RM,325.0,RM,0.0008,s1,0,55.2564,0,50000000.0
3823,,ts64,5.0,4,8,42.2721,-112.1273,uniform_ts_node,,ts63,,,-111.4886,37.9053,,5,8,4,,,ts64 - ts63,ts_node_to_ts_node,uniform_ts_node,N,,,RM,325.0,RM,0.0008,s1,0,55.2564,0,50000000.0
3824,,ts48,4.0,3,7,32.7688,-101.2617,operational_ts_node,,ts51,,,-104.0351,36.5833,,4,8,4,,,ts48 - ts51,ts_node_to_ts_node,operational_ts_node,N,,0.0,SWCA,325.0,SWCA,0.0008,s1,0,68.2382,0,50000000.0
3825,,ts51,4.0,4,8,36.5833,-104.0351,operational_ts_node,,ts48,,,-101.2617,32.7688,,4,7,3,,,ts51 - ts48,ts_node_to_ts_node,operational_ts_node,N,,0.0,RM,325.0,RM,0.0008,s1,0,55.2564,0,50000000.0
3826,,ts19,3.0,2,4,38.5117,-96.5668,uniform_ts_node,,ts66,,,-100.6543,35.3989,,3,7,3,,,ts19 - ts66,ts_node_to_ts_node,uniform_ts_node,N,,,GP,325.0,GP,0.0008,s1,0,55.2564,0,50000000.0
3827,,ts66,3.0,3,7,35.3989,-100.6543,uniform_ts_node,,ts19,,,-96.5668,38.5117,,3,4,2,,,ts66 - ts19,ts_node_to_ts_node,uniform_ts_node,N,,,SWCA,325.0,SWCA,0.0008,s1,0,68.2382,0,50000000.0
3828,,ts64,5.0,4,8,42.2721,-112.1273,uniform_ts_node,,ts56,,,-106.2405,43.6569,,5,8,4,,,ts64 - ts56,ts_node_to_ts_node,operational_ts_node,N,,,RM,325.0,RM,0.0008,s1,0,55.2564,0,50000000.0
3829,,ts56,5.0,4,8,43.6569,-106.2405,operational_ts_node,,ts64,,,-112.1273,42.2721,,5,8,4,,,ts56 - ts64,ts_node_to_ts_node,uniform_ts_node,N,,,RM,325.0,RM,0.0008,s1,0,55.2564,0,50000000.0
3830,,ts30,1.0,3,6,35.2015,-85.8272,uniform_ts_node,,ts52,,,-90.388,32.6973,,2,6,3,,,ts30 - ts52,ts_node_to_ts_node,operational_ts_node,N,,,SE,325.0,SE,0.0009,s1,0,69.6227,0,50000000.0
3831,,ts52,2.0,3,6,32.6973,-90.388,operational_ts_node,,ts30,,,-85.8272,35.2015,,1,6,3,,,ts52 - ts30,ts_node_to_ts_node,uniform_ts_node,N,,,SE,325.0,SE,0.0009,s1,0,69.6227,0,50000000.0
3832,,ts71,3.0,2,4,41.4985,-103.1277,uniform_ts_node,,ts55,,,-108.8773,40.0975,,5,8,4,,,ts71 - ts55,ts_node_to_ts_node,operational_ts_node,N,,,GP,325.0,GP,0.0008,s1,0,55.2564,0,50000000.0
3833,,ts55,5.0,4,8,40.0975,-108.8773,operational_ts_node,,ts71,,,-103.1277,41.4985,,3,4,2,,,ts55 - ts71,ts_node_to_ts_node,uniform_ts_node,N,,,RM,325.0,RM,0.0008,s1,0,55.2564,0,50000000.0
3834,,ts49,4.0,3,7,31.404,-102.0845,operational_ts_node,,ts72,,,-97.5,29.0,,2,7,3,,,ts49 - ts72,ts_node_to_ts_node,uniform_ts_node,N,,,SWCA,325.0,SWCA,0.0008,s1,0,68.2382,0,50000000.0
3835,,ts72,2.0,3,7,29.0,-97.5,uniform_ts_node,,ts49,,,-102.0845,31.404,,4,7,3,,,ts72 - ts49,ts_node_to_ts_node,operational_ts_node,N,,,SWCA,325.0,SWCA,0.0008,s1,0,68.2382,0,50000000.0
3836,,ts45,2.0,3,7,30.7654,-90.7576,operational_ts_node,,ts65,,,-89.5434,35.2784,,1,6,3,,,ts45 - ts65,ts_node_to_ts_node,uniform_ts_node,N,,,SE,325.0,SE,0.0009,s1,0,69.6227,0,50000000.0
3837,,ts65,1.0,3,6,35.2784,-89.5434,uniform_ts_node,,ts45,,,-90.7576,30.7654,,2,7,3,,,ts65 - ts45,ts_node_to_ts_node,operational_ts_node,N,,,SE,325.0,SE,0.0009,s1,0,69.6227,0,50000000.0
3838,,ts24,3.0,2,4,41.3438,-92.7128,uniform_ts_node,,ts62,,,-93.1948,36.7476,,3,4,2,,,ts24 - ts62,ts_node_to_ts_node,uniform_ts_node,N,,,GP,325.0,GP,0.0008,s1,0,55.2564,0,50000000.0
3839,,ts62,3.0,2,4,36.7476,-93.1948,uniform_ts_node,,ts24,,,-92.7128,41.3438,,3,4,2,,,ts62 - ts24,ts_node_to_ts_node,uniform_ts_node,N,,,GP,325.0,GP,0.0008,s1,0,55.2564,0,50000000.0
3840,,ts57,6.0,2,4,44.9071,-100.7778,uniform_ts_node,,ts20,,,-96.5899,41.3846,,3,4,2,,,ts57 - ts20,ts_node_to_ts_node,uniform_ts_node,N,,,GP,325.0,GP,0.0008,s1,0,55.2564,0,50000000.0
3841,,ts20,3.0,2,4,41.3846,-96.5899,uniform_ts_node,,ts57,,,-100.7778,44.9071,,6,4,2,,,ts20 - ts57,ts_node_to_ts_node,uniform_ts_node,N,,,GP,325.0,GP,0.0008,s1,0,55.2564,0,50000000.0
3842,,ts62,3.0,2,4,36.7476,-93.1948,uniform_ts_node,,ts52,,,-90.388,32.6973,,2,6,3,,,ts62 - ts52,ts_node_to_ts_node,operational_ts_node,N,,,GP,325.0,GP,0.0008,s1,0,55.2564,0,50000000.0
3843,,ts52,2.0,3,6,32.6973,-90.388,operational_ts_node,,ts62,,,-93.1948,36.7476,,3,4,2,,,ts52 - ts62,ts_node_to_ts_node,uniform_ts_node,N,,,SE,325.0,SE,0.0009,s1,0,69.6227,0,50000000.0
3844,,ts68,4.0,3,7,31.8461,-106.2709,uniform_ts_node,,ts60,,,-110.7599,34.7449,,5,8,4,,,ts68 - ts60,ts_node_to_ts_node,uniform_ts_node,N,,,SWCA,350.0,SWCA,0.0009,s1,0,73.9995,0,50000000.0
3845,,ts60,5.0,4,8,34.7449,-110.7599,uniform_ts_node,,ts68,,,-106.2709,31.8461,,4,7,3,,,ts60 - ts68,ts_node_to_ts_node,uniform_ts_node,N,,,SWCA,350.0,SWCA,0.0009,s1,0,73.9995,0,50000000.0
3846,,ts59,5.0,4,8,40.1656,-103.5956,uniform_ts_node,,ts50,,,-108.1461,36.9785,,4,8,4,,,ts59 - ts50,ts_node_to_ts_node,operational_ts_node,N,,,RM,350.0,RM,0.0009,s1,0,60.0388,0,50000000.0
3847,,ts50,4.0,4,8,36.9785,-108.1461,operational_ts_node,,ts59,,,-103.5956,40.1656,,5,8,4,,,ts50 - ts59,ts_node_to_ts_node,uniform_ts_node,N,,,RM,350.0,RM,0.0009,s1,0,60.0388,0,50000000.0
3848,,ts61,5.0,4,8,44.8643,-109.4599,uniform_ts_node,,ts55,,,-108.8773,40.0975,,5,8,4,,,ts61 - ts55,ts_node_to_ts_node,operational_ts_node,N,,,RM,350.0,RM,0.0009,s1,0,60.0388,0,50000000.0
3849,,ts55,5.0,4,8,40.0975,-108.8773,operational_ts_node,,ts61,,,-109.4599,44.8643,,5,8,4,,,ts55 - ts61,ts_node_to_ts_node,uniform_ts_node,N,,,RM,350.0,RM,0.0009,s1,0,60.0388,0,50000000.0
3850,,ts48,4.0,3,7,32.7688,-101.2617,operational_ts_node,,ts18,,,-96.5454,35.639,,3,7,3,,,ts48 - ts18,ts_node_to_ts_node,uniform_ts_node,N,,,SWCA,350.0,SWCA,0.0009,s1,0,73.9995,0,50000000.0
3851,,ts18,3.0,3,7,35.639,-96.5454,uniform_ts_node,,ts48,,,-101.2617,32.7688,,4,7,3,,,ts18 - ts48,ts_node_to_ts_node,operational_ts_node,N,,,GP,350.0,GP,0.0009,s1,0,60.0388,0,50000000.0
3852,,ts53,5.0,4,8,42.1067,-108.417,operational_ts_node,,ts63,,,-111.4886,37.9053,,5,8,4,,,ts53 - ts63,ts_node_to_ts_node,uniform_ts_node,N,,,RM,350.0,RM,0.0009,s1,0,60.0388,0,50000000.0
3853,,ts63,5.0,4,8,37.9053,-111.4886,uniform_ts_node,,ts53,,,-108.417,42.1067,,5,8,4,,,ts63 - ts53,ts_node_to_ts_node,operational_ts_node,N,,,RM,350.0,RM,0.0009,s1,0,60.0388,0,50000000.0
3854,,ts63,5.0,4,8,37.9053,-111.4886,uniform_ts_node,,ts69,,,-107.2926,34.4406,,4,8,4,,,ts63 - ts69,ts_node_to_ts_node,uniform_ts_node,N,,,RM,350.0,RM,0.0009,s1,0,60.0388,0,50000000.0
3855,,ts69,4.0,4,8,34.4406,-107.2926,uniform_ts_node,,ts63,,,-111.4886,37.9053,,5,8,4,,,ts69 - ts63,ts_node_to_ts_node,uniform_ts_node,N,,,RM,350.0,RM,0.0009,s1,0,60.0388,0,50000000.0
3856,,ts17,3.0,2,4,41.3081,-100.4651,uniform_ts_node,,ts56,,,-106.2405,43.6569,,5,8,4,,,ts17 - ts56,ts_node_to_ts_node,operational_ts_node,N,,,GP,350.0,GP,0.0009,s1,0,60.0388,0,50000000.0
3857,,ts56,5.0,4,8,43.6569,-106.2405,operational_ts_node,,ts17,,,-100.4651,41.3081,,3,4,2,,,ts56 - ts17,ts_node_to_ts_node,uniform_ts_node,N,,,RM,350.0,RM,0.0009,s1,0,60.0388,0,50000000.0
3858,,ts71,3.0,2,4,41.4985,-103.1277,uniform_ts_node,,ts20,,,-96.5899,41.3846,,3,4,2,,,ts71 - ts20,ts_node_to_ts_node,uniform_ts_node,N,,,GP,350.0,GP,0.0009,s1,0,60.0388,0,50000000.0
3859,,ts20,3.0,2,4,41.3846,-96.5899,uniform_ts_node,,ts71,,,-103.1277,41.4985,,3,4,2,,,ts20 - ts71,ts_node_to_ts_node,uniform_ts_node,N,,,GP,350.0,GP,0.0009,s1,0,60.0388,0,50000000.0
3860,,ts48,4.0,3,7,32.7688,-101.2617,operational_ts_node,,ts72,,,-97.5,29.0,,2,7,3,,,ts48 - ts72,ts_node_to_ts_node,uniform_ts_node,N,,,SWCA,350.0,SWCA,0.0009,s1,0,73.9995,0,50000000.0
3861,,ts72,2.0,3,7,29.0,-97.5,uniform_ts_node,,ts48,,,-101.2617,32.7688,,4,7,3,,,ts72 - ts48,ts_node_to_ts_node,operational_ts_node,N,,,SWCA,350.0,SWCA,0.0009,s1,0,73.9995,0,50000000.0
3862,,ts64,5.0,4,8,42.2721,-112.1273,uniform_ts_node,,ts12,,,-117.3894,45.4748,,7,9,4,,,ts64 - ts12,ts_node_to_ts_node,uniform_ts_node,N,,,RM,350.0,RM,0.0009,s1,0,60.0388,0,50000000.0
3863,,ts12,7.0,4,9,45.4748,-117.3894,uniform_ts_node,,ts64,,,-112.1273,42.2721,,5,8,4,,,ts12 - ts64,ts_node_to_ts_node,uniform_ts_node,N,,,PN,350.0,PN,0.001,s1,0,75.3366,0,50000000.0
3864,,ts71,3.0,2,4,41.4985,-103.1277,uniform_ts_node,,ts51,,,-104.0351,36.5833,,4,8,4,,,ts71 - ts51,ts_node_to_ts_node,operational_ts_node,N,,,GP,350.0,GP,0.0009,s1,0,60.0388,0,50000000.0
3865,,ts51,4.0,4,8,36.5833,-104.0351,operational_ts_node,,ts71,,,-103.1277,41.4985,,3,4,2,,,ts51 - ts71,ts_node_to_ts_node,uniform_ts_node,N,,,RM,350.0,RM,0.0009,s1,0,60.0388,0,50000000.0
3866,,ts17,3.0,2,4,41.3081,-100.4651,uniform_ts_node,,ts54,,,-104.9217,45.1121,,6,8,4,,,ts17 - ts54,ts_node_to_ts_node,operational_ts_node,N,,,GP,350.0,GP,0.0009,s1,0,60.0388,0,50000000.0
3867,,ts54,6.0,4,8,45.1121,-104.9217,operational_ts_node,,ts17,,,-100.4651,41.3081,,3,4,2,,,ts54 - ts17,ts_node_to_ts_node,uniform_ts_node,N,,,RM,350.0,RM,0.0009,s1,0,60.0388,0,50000000.0
3868,,ts54,6.0,4,8,45.1121,-104.9217,operational_ts_node,,ts59,,,-103.5956,40.1656,,5,8,4,,,ts54 - ts59,ts_node_to_ts_node,uniform_ts_node,N,,,RM,350.0,RM,0.0009,s1,0,60.0388,0,50000000.0
3869,,ts59,5.0,4,8,40.1656,-103.5956,uniform_ts_node,,ts54,,,-104.9217,45.1121,,6,8,4,,,ts59 - ts54,ts_node_to_ts_node,operational_ts_node,N,,,RM,350.0,RM,0.0009,s1,0,60.0388,0,50000000.0
3870,,ts68,4.0,3,7,31.8461,-106.2709,uniform_ts_node,,ts51,,,-104.0351,36.5833,,4,8,4,,,ts68 - ts51,ts_node_to_ts_node,operational_ts_node,N,,,SWCA,375.0,SWCA,0.0011,s1,0,79.8478,0,50000000.0
3871,,ts51,4.0,4,8,36.5833,-104.0351,operational_ts_node,,ts68,,,-106.2709,31.8461,,4,7,3,,,ts51 - ts68,ts_node_to_ts_node,uniform_ts_node,N,,,RM,375.0,RM,0.0012,s1,0,64.9374,0,50000000.0
3872,,ts61,5.0,4,8,44.8643,-109.4599,uniform_ts_node,,ts16,,,-114.1273,48.9248,,6,8,4,,,ts61 - ts16,ts_node_to_ts_node,uniform_ts_node,N,,,RM,375.0,RM,0.0012,s1,0,64.9374,0,50000000.0
3873,,ts16,6.0,4,8,48.9248,-114.1273,uniform_ts_node,,ts61,,,-109.4599,44.8643,,5,8,4,,,ts16 - ts61,ts_node_to_ts_node,uniform_ts_node,N,,,RM,375.0,RM,0.0012,s1,0,64.9374,0,50000000.0
3874,,ts33,1.0,2,3,43.7706,-84.5405,uniform_ts_node,,ts37,,,-81.1971,40.5228,,1,3,2,,,ts33 - ts37,ts_node_to_ts_node,uniform_ts_node,N,,,GL,375.0,GL,0.0012,s1,0,87.7112,0,50000000.0
3875,,ts37,1.0,2,3,40.5228,-81.1971,uniform_ts_node,,ts33,,,-84.5405,43.7706,,1,3,2,,,ts37 - ts33,ts_node_to_ts_node,uniform_ts_node,N,,,GL,375.0,GL,0.0012,s1,0,87.7112,0,50000000.0
3876,,ts50,4.0,4,8,36.9785,-108.1461,operational_ts_node,,ts53,,,-108.417,42.1067,,5,8,4,,,ts50 - ts53,ts_node_to_ts_node,operational_ts_node,N,,,RM,375.0,RM,0.0012,s1,0,64.9374,0,50000000.0
3877,,ts53,5.0,4,8,42.1067,-108.417,operational_ts_node,,ts50,,,-108.1461,36.9785,,4,8,4,,,ts53 - ts50,ts_node_to_ts_node,operational_ts_node,N,,,RM,375.0,RM,0.0012,s1,0,64.9374,0,50000000.0
3878,,ts55,5.0,4,8,40.0975,-108.8773,operational_ts_node,,ts51,,,-104.0351,36.5833,,4,8,4,,,ts55 - ts51,ts_node_to_ts_node,operational_ts_node,N,,0.0,RM,375.0,RM,0.0012,s1,0,64.9374,0,50000000.0
3879,,ts51,4.0,4,8,36.5833,-104.0351,operational_ts_node,,ts55,,,-108.8773,40.0975,,5,8,4,,,ts51 - ts55,ts_node_to_ts_node,operational_ts_node,N,,0.0,RM,375.0,RM,0.0012,s1,0,64.9374,0,50000000.0
3880,,ts47,4.0,4,8,33.918,-104.5168,operational_ts_node,,ts60,,,-110.7599,34.7449,,5,8,4,,,ts47 - ts60,ts_node_to_ts_node,uniform_ts_node,N,,,RM,375.0,RM,0.0012,s1,0,64.9374,0,50000000.0
3881,,ts60,5.0,4,8,34.7449,-110.7599,uniform_ts_node,,ts47,,,-104.5168,33.918,,4,8,4,,,ts60 - ts47,ts_node_to_ts_node,operational_ts_node,N,,,SWCA,375.0,SWCA,0.0011,s1,0,79.8478,0,50000000.0
3882,,ts57,6.0,2,4,44.9071,-100.7778,uniform_ts_node,,ts59,,,-103.5956,40.1656,,5,8,4,,,ts57 - ts59,ts_node_to_ts_node,uniform_ts_node,N,,,GP,375.0,GP,0.0012,s1,0,64.9374,0,50000000.0
3883,,ts59,5.0,4,8,40.1656,-103.5956,uniform_ts_node,,ts57,,,-100.7778,44.9071,,6,4,2,,,ts59 - ts57,ts_node_to_ts_node,uniform_ts_node,N,,,RM,375.0,RM,0.0012,s1,0,64.9374,0,50000000.0
3884,,ts10,5.0,4,8,39.8462,-115.6952,uniform_ts_node,,ts55,,,-108.8773,40.0975,,5,8,4,,,ts10 - ts55,ts_node_to_ts_node,operational_ts_node,N,,,RM,375.0,RM,0.0012,s1,0,64.9374,0,50000000.0
3885,,ts55,5.0,4,8,40.0975,-108.8773,operational_ts_node,,ts10,,,-115.6952,39.8462,,5,8,4,,,ts55 - ts10,ts_node_to_ts_node,uniform_ts_node,N,,,RM,375.0,RM,0.0012,s1,0,64.9374,0,50000000.0
3886,,ts47,4.0,4,8,33.918,-104.5168,operational_ts_node,,ts14,,,-110.2396,31.8609,,5,8,4,,,ts47 - ts14,ts_node_to_ts_node,uniform_ts_node,N,,,RM,375.0,RM,0.0012,s1,0,64.9374,0,50000000.0
3887,,ts14,5.0,4,8,31.8609,-110.2396,uniform_ts_node,,ts47,,,-104.5168,33.918,,4,8,4,,,ts14 - ts47,ts_node_to_ts_node,operational_ts_node,N,,,SWCA,375.0,SWCA,0.0011,s1,0,79.8478,0,50000000.0
3888,,ts48,4.0,3,7,32.7688,-101.2617,operational_ts_node,,ts69,,,-107.2926,34.4406,,4,8,4,,,ts48 - ts69,ts_node_to_ts_node,uniform_ts_node,N,,,SWCA,375.0,SWCA,0.0011,s1,0,79.8478,0,50000000.0
3889,,ts69,4.0,4,8,34.4406,-107.2926,uniform_ts_node,,ts48,,,-101.2617,32.7688,,4,7,3,,,ts69 - ts48,ts_node_to_ts_node,operational_ts_node,N,,,RM,375.0,RM,0.0012,s1,0,64.9374,0,50000000.0
3890,,ts15,6.0,4,8,46.0614,-113.3399,uniform_ts_node,,ts53,,,-108.417,42.1067,,5,8,4,,,ts15 - ts53,ts_node_to_ts_node,operational_ts_node,N,,,RM,375.0,RM,0.0012,s1,0,64.9374,0,50000000.0
3891,,ts53,5.0,4,8,42.1067,-108.417,operational_ts_node,,ts15,,,-113.3399,46.0614,,6,8,4,,,ts53 - ts15,ts_node_to_ts_node,uniform_ts_node,N,,,RM,375.0,RM,0.0012,s1,0,64.9374,0,50000000.0
3892,,ts69,4.0,4,8,34.4406,-107.2926,uniform_ts_node,,ts49,,,-102.0845,31.404,,4,7,3,,,ts69 - ts49,ts_node_to_ts_node,operational_ts_node,N,,,RM,375.0,RM,0.0012,s1,0,64.9374,0,50000000.0
3893,,ts49,4.0,3,7,31.404,-102.0845,operational_ts_node,,ts69,,,-107.2926,34.4406,,4,8,4,,,ts49 - ts69,ts_node_to_ts_node,uniform_ts_node,N,,,SWCA,375.0,SWCA,0.0011,s1,0,79.8478,0,50000000.0
3894,,ts66,3.0,3,7,35.3989,-100.6543,uniform_ts_node,,ts59,,,-103.5956,40.1656,,5,8,4,,,ts66 - ts59,ts_node_to_ts_node,uniform_ts_node,N,,,SWCA,375.0,SWCA,0.0011,s1,0,79.8478,0,50000000.0
3895,,ts59,5.0,4,8,40.1656,-103.5956,uniform_ts_node,,ts66,,,-100.6543,35.3989,,3,7,3,,,ts59 - ts66,ts_node_to_ts_node,uniform_ts_node,N,,,RM,375.0,RM,0.0012,s1,0,64.9374,0,50000000.0
3896,,ts67,3.0,3,7,33.2042,-93.5084,uniform_ts_node,,ts23,,,-92.8416,38.4726,,3,4,2,,,ts67 - ts23,ts_node_to_ts_node,uniform_ts_node,N,,,SE,375.0,SE,0.0012,s1,0,81.0126,0,50000000.0
3897,,ts23,3.0,2,4,38.4726,-92.8416,uniform_ts_node,,ts67,,,-93.5084,33.2042,,3,7,3,,,ts23 - ts67,ts_node_to_ts_node,uniform_ts_node,N,,,GP,375.0,GP,0.0012,s1,0,64.9374,0,50000000.0
3898,,ts62,3.0,2,4,36.7476,-93.1948,uniform_ts_node,,ts20,,,-96.5899,41.3846,,3,4,2,,,ts62 - ts20,ts_node_to_ts_node,uniform_ts_node,N,,,GP,375.0,GP,0.0012,s1,0,64.9374,0,50000000.0
3899,,ts20,3.0,2,4,41.3846,-96.5899,uniform_ts_node,,ts62,,,-93.1948,36.7476,,3,4,2,,,ts20 - ts62,ts_node_to_ts_node,uniform_ts_node,N,,,GP,375.0,GP,0.0012,s1,0,64.9374,0,50000000.0
3900,,ts50,4.0,4,8,36.9785,-108.1461,operational_ts_node,,ts68,,,-106.2709,31.8461,,4,7,3,,,ts50 - ts68,ts_node_to_ts_node,uniform_ts_node,N,,,RM,375.0,RM,0.0012,s1,0,64.9374,0,50000000.0
3901,,ts68,4.0,3,7,31.8461,-106.2709,uniform_ts_node,,ts50,,,-108.1461,36.9785,,4,8,4,,,ts68 - ts50,ts_node_to_ts_node,operational_ts_node,N,,,SWCA,375.0,SWCA,0.0011,s1,0,79.8478,0,50000000.0
3902,,ts50,4.0,4,8,36.9785,-108.1461,operational_ts_node,,ts9,,,-114.9436,37.0334,,5,8,4,,,ts50 - ts9,ts_node_to_ts_node,uniform_ts_node,N,,,RM,375.0,RM,0.0012,s1,0,64.9374,0,50000000.0
3903,,ts9,5.0,4,8,37.0334,-114.9436,uniform_ts_node,,ts50,,,-108.1461,36.9785,,4,8,4,,,ts9 - ts50,ts_node_to_ts_node,operational_ts_node,N,,,RM,375.0,RM,0.0012,s1,0,64.9374,0,50000000.0
3904,,ts62,3.0,2,4,36.7476,-93.1948,uniform_ts_node,,ts58,,,-97.3799,32.575,,4,7,3,,,ts62 - ts58,ts_node_to_ts_node,uniform_ts_node,N,,,GP,375.0,GP,0.0012,s1,0,64.9374,0,50000000.0
3905,,ts58,4.0,3,7,32.575,-97.3799,uniform_ts_node,,ts62,,,-93.1948,36.7476,,3,4,2,,,ts58 - ts62,ts_node_to_ts_node,uniform_ts_node,N,,,SWCA,375.0,SWCA,0.0011,s1,0,79.8478,0,50000000.0
3906,,ts20,3.0,2,4,41.3846,-96.5899,uniform_ts_node,,ts59,,,-103.5956,40.1656,,5,8,4,,,ts20 - ts59,ts_node_to_ts_node,uniform_ts_node,N,,,GP,375.0,GP,0.0012,s1,0,64.9374,0,50000000.0
3907,,ts59,5.0,4,8,40.1656,-103.5956,uniform_ts_node,,ts20,,,-96.5899,41.3846,,3,4,2,,,ts59 - ts20,ts_node_to_ts_node,uniform_ts_node,N,,,RM,375.0,RM,0.0012,s1,0,64.9374,0,50000000.0
3908,,ts72,2.0,3,7,29.0,-97.5,uniform_ts_node,,ts67,,,-93.5084,33.2042,,3,7,3,,,ts72 - ts67,ts_node_to_ts_node,uniform_ts_node,N,,,SWCA,375.0,SWCA,0.0011,s1,0,79.8478,0,50000000.0
3909,,ts67,3.0,3,7,33.2042,-93.5084,uniform_ts_node,,ts72,,,-97.5,29.0,,2,7,3,,,ts67 - ts72,ts_node_to_ts_node,uniform_ts_node,N,,,SE,375.0,SE,0.0012,s1,0,81.0126,0,50000000.0
3910,,ts50,4.0,4,8,36.9785,-108.1461,operational_ts_node,,ts14,,,-110.2396,31.8609,,5,8,4,,,ts50 - ts14,ts_node_to_ts_node,uniform_ts_node,N,,,RM,375.0,RM,0.0012,s1,0,64.9374,0,50000000.0
3911,,ts14,5.0,4,8,31.8609,-110.2396,uniform_ts_node,,ts50,,,-108.1461,36.9785,,4,8,4,,,ts14 - ts50,ts_node_to_ts_node,operational_ts_node,N,,,SWCA,375.0,SWCA,0.0011,s1,0,79.8478,0,50000000.0
3912,,ts51,4.0,4,8,36.5833,-104.0351,operational_ts_node,,ts49,,,-102.0845,31.404,,4,7,3,,,ts51 - ts49,ts_node_to_ts_node,operational_ts_node,Y,,18331113.8319,RM,400.0,RM,0.0013,s1,0,69.8304,0,50000000.0
3913,,ts49,4.0,3,7,31.404,-102.0845,operational_ts_node,,ts51,,,-104.0351,36.5833,,4,8,4,,,ts49 - ts51,ts_node_to_ts_node,operational_ts_node,N,,0.0,SWCA,400.0,SWCA,0.0013,s1,0,85.573,0,50000000.0
3914,,ts33,1.0,2,3,43.7706,-84.5405,uniform_ts_node,,ts28,,,-88.8466,41.1859,,1,3,2,,,ts33 - ts28,ts_node_to_ts_node,uniform_ts_node,N,,,GL,400.0,GL,0.0013,s1,0,93.9059,0,50000000.0
3915,,ts28,1.0,2,3,41.1859,-88.8466,uniform_ts_node,,ts33,,,-84.5405,43.7706,,1,3,2,,,ts28 - ts33,ts_node_to_ts_node,uniform_ts_node,N,,,GL,400.0,GL,0.0013,s1,0,93.9059,0,50000000.0
3916,,ts66,3.0,3,7,35.3989,-100.6543,uniform_ts_node,,ts69,,,-107.2926,34.4406,,4,8,4,,,ts66 - ts69,ts_node_to_ts_node,uniform_ts_node,N,,,SWCA,400.0,SWCA,0.0013,s1,0,85.573,0,50000000.0
3917,,ts69,4.0,4,8,34.4406,-107.2926,uniform_ts_node,,ts66,,,-100.6543,35.3989,,3,7,3,,,ts69 - ts66,ts_node_to_ts_node,uniform_ts_node,N,,,RM,400.0,RM,0.0013,s1,0,69.8304,0,50000000.0
3918,,ts51,4.0,4,8,36.5833,-104.0351,operational_ts_node,,ts17,,,-100.4651,41.3081,,3,4,2,,,ts51 - ts17,ts_node_to_ts_node,uniform_ts_node,N,,,RM,400.0,RM,0.0013,s1,0,69.8304,0,50000000.0
3919,,ts17,3.0,2,4,41.3081,-100.4651,uniform_ts_node,,ts51,,,-104.0351,36.5833,,4,8,4,,,ts17 - ts51,ts_node_to_ts_node,operational_ts_node,N,,,GP,400.0,GP,0.0013,s1,0,69.8304,0,50000000.0
3920,,ts71,3.0,2,4,41.4985,-103.1277,uniform_ts_node,,ts21,,,-96.615,44.2654,,6,4,2,,,ts71 - ts21,ts_node_to_ts_node,uniform_ts_node,N,,,GP,400.0,GP,0.0013,s1,0,69.8304,0,50000000.0
3921,,ts21,6.0,2,4,44.2654,-96.615,uniform_ts_node,,ts71,,,-103.1277,41.4985,,3,4,2,,,ts21 - ts71,ts_node_to_ts_node,uniform_ts_node,N,,,GP,400.0,GP,0.0013,s1,0,69.8304,0,50000000.0
3922,,ts61,5.0,4,8,44.8643,-109.4599,uniform_ts_node,,ts11,,,-116.5079,42.6576,,5,8,4,,,ts61 - ts11,ts_node_to_ts_node,uniform_ts_node,N,,,RM,400.0,RM,0.0013,s1,0,69.8304,0,50000000.0
3923,,ts11,5.0,4,8,42.6576,-116.5079,uniform_ts_node,,ts61,,,-109.4599,44.8643,,5,8,4,,,ts11 - ts61,ts_node_to_ts_node,uniform_ts_node,N,,,RM,400.0,RM,0.0013,s1,0,69.8304,0,50000000.0
3924,,ts15,6.0,4,8,46.0614,-113.3399,uniform_ts_node,,ts56,,,-106.2405,43.6569,,5,8,4,,,ts15 - ts56,ts_node_to_ts_node,operational_ts_node,N,,,RM,400.0,RM,0.0013,s1,0,69.8304,0,50000000.0
3925,,ts56,5.0,4,8,43.6569,-106.2405,operational_ts_node,,ts15,,,-113.3399,46.0614,,6,8,4,,,ts56 - ts15,ts_node_to_ts_node,uniform_ts_node,N,,,RM,400.0,RM,0.0013,s1,0,69.8304,0,50000000.0
3926,,ts28,1.0,2,3,41.1859,-88.8466,uniform_ts_node,,ts62,,,-93.1948,36.7476,,3,4,2,,,ts28 - ts62,ts_node_to_ts_node,uniform_ts_node,N,,,GL,400.0,GL,0.0013,s1,0,93.9059,0,50000000.0
3927,,ts62,3.0,2,4,36.7476,-93.1948,uniform_ts_node,,ts28,,,-88.8466,41.1859,,1,3,2,,,ts62 - ts28,ts_node_to_ts_node,uniform_ts_node,N,,,GP,400.0,GP,0.0013,s1,0,69.8304,0,50000000.0
3928,,ts55,5.0,4,8,40.0975,-108.8773,operational_ts_node,,ts60,,,-110.7599,34.7449,,5,8,4,,,ts55 - ts60,ts_node_to_ts_node,uniform_ts_node,N,,,RM,400.0,RM,0.0013,s1,0,69.8304,0,50000000.0
3929,,ts60,5.0,4,8,34.7449,-110.7599,uniform_ts_node,,ts55,,,-108.8773,40.0975,,5,8,4,,,ts60 - ts55,ts_node_to_ts_node,operational_ts_node,N,,,SWCA,400.0,SWCA,0.0013,s1,0,85.573,0,50000000.0
3930,,ts55,5.0,4,8,40.0975,-108.8773,operational_ts_node,,ts9,,,-114.9436,37.0334,,5,8,4,,,ts55 - ts9,ts_node_to_ts_node,uniform_ts_node,N,,,RM,400.0,RM,0.0013,s1,0,69.8304,0,50000000.0
3931,,ts9,5.0,4,8,37.0334,-114.9436,uniform_ts_node,,ts55,,,-108.8773,40.0975,,5,8,4,,,ts9 - ts55,ts_node_to_ts_node,operational_ts_node,N,,,RM,400.0,RM,0.0013,s1,0,69.8304,0,50000000.0
3932,,ts61,5.0,4,8,44.8643,-109.4599,uniform_ts_node,,ts12,,,-117.3894,45.4748,,7,9,4,,,ts61 - ts12,ts_node_to_ts_node,uniform_ts_node,N,,,RM,400.0,RM,0.0013,s1,0,69.8304,0,50000000.0
3933,,ts12,7.0,4,9,45.4748,-117.3894,uniform_ts_node,,ts61,,,-109.4599,44.8643,,5,8,4,,,ts12 - ts61,ts_node_to_ts_node,uniform_ts_node,N,,,PN,400.0,PN,0.0013,s1,0,86.6435,0,50000000.0
3934,,ts59,5.0,4,8,40.1656,-103.5956,uniform_ts_node,,ts19,,,-96.5668,38.5117,,3,4,2,,,ts59 - ts19,ts_node_to_ts_node,uniform_ts_node,N,,,RM,400.0,RM,0.0013,s1,0,69.8304,0,50000000.0
3935,,ts19,3.0,2,4,38.5117,-96.5668,uniform_ts_node,,ts59,,,-103.5956,40.1656,,5,8,4,,,ts19 - ts59,ts_node_to_ts_node,uniform_ts_node,N,,,GP,400.0,GP,0.0013,s1,0,69.8304,0,50000000.0
3936,,ts50,4.0,4,8,36.9785,-108.1461,operational_ts_node,,ts8,,,-114.2466,34.2129,,7,9,4,,,ts50 - ts8,ts_node_to_ts_node,uniform_ts_node,N,,,RM,400.0,RM,0.0013,s1,0,69.8304,0,50000000.0
3937,,ts8,7.0,4,9,34.2129,-114.2466,uniform_ts_node,,ts50,,,-108.1461,36.9785,,4,8,4,,,ts8 - ts50,ts_node_to_ts_node,operational_ts_node,N,,,SWCA,400.0,SWCA,0.0013,s1,0,85.573,0,50000000.0
3938,,ts65,1.0,3,6,35.2784,-89.5434,uniform_ts_node,,ts18,,,-96.5454,35.639,,3,7,3,,,ts65 - ts18,ts_node_to_ts_node,uniform_ts_node,N,,,SE,400.0,SE,0.0013,s1,0,86.6435,0,50000000.0
3939,,ts18,3.0,3,7,35.639,-96.5454,uniform_ts_node,,ts65,,,-89.5434,35.2784,,1,6,3,,,ts18 - ts65,ts_node_to_ts_node,uniform_ts_node,N,,,GP,400.0,GP,0.0013,s1,0,69.8304,0,50000000.0
3940,,ts70,2.0,3,6,32.4676,-86.5671,uniform_ts_node,,ts31,,,-85.4315,38.0578,,1,6,3,,,ts70 - ts31,ts_node_to_ts_node,uniform_ts_node,N,,,SE,400.0,SE,0.0013,s1,0,86.6435,0,50000000.0
3941,,ts31,1.0,3,6,38.0578,-85.4315,uniform_ts_node,,ts70,,,-86.5671,32.4676,,2,6,3,,,ts31 - ts70,ts_node_to_ts_node,uniform_ts_node,N,,,SE,400.0,SE,0.0013,s1,0,86.6435,0,50000000.0
3942,,ts64,5.0,4,8,42.2721,-112.1273,uniform_ts_node,,ts9,,,-114.9436,37.0334,,5,8,4,,,ts64 - ts9,ts_node_to_ts_node,uniform_ts_node,N,,,RM,400.0,RM,0.0013,s1,0,69.8304,0,50000000.0
3943,,ts9,5.0,4,8,37.0334,-114.9436,uniform_ts_node,,ts64,,,-112.1273,42.2721,,5,8,4,,,ts9 - ts64,ts_node_to_ts_node,uniform_ts_node,N,,,RM,400.0,RM,0.0013,s1,0,69.8304,0,50000000.0
3944,,ts61,5.0,4,8,44.8643,-109.4599,uniform_ts_node,,ts71,,,-103.1277,41.4985,,3,4,2,,,ts61 - ts71,ts_node_to_ts_node,uniform_ts_node,N,,,RM,400.0,RM,0.0013,s1,0,69.8304,0,50000000.0
3945,,ts71,3.0,2,4,41.4985,-103.1277,uniform_ts_node,,ts61,,,-109.4599,44.8643,,5,8,4,,,ts71 - ts61,ts_node_to_ts_node,uniform_ts_node,N,,,GP,400.0,GP,0.0013,s1,0,69.8304,0,50000000.0
3946,,ts69,4.0,4,8,34.4406,-107.2926,uniform_ts_node,,ts8,,,-114.2466,34.2129,,7,9,4,,,ts69 - ts8,ts_node_to_ts_node,uniform_ts_node,N,,,RM,400.0,RM,0.0013,s1,0,69.8304,0,50000000.0
3947,,ts8,7.0,4,9,34.2129,-114.2466,uniform_ts_node,,ts69,,,-107.2926,34.4406,,4,8,4,,,ts8 - ts69,ts_node_to_ts_node,uniform_ts_node,N,,,SWCA,400.0,SWCA,0.0013,s1,0,85.573,0,50000000.0
3948,,ts32,1.0,2,3,40.9117,-85.0039,uniform_ts_node,,ts29,,,-88.5434,44.0574,,1,3,2,,,ts32 - ts29,ts_node_to_ts_node,uniform_ts_node,N,,,GL,400.0,GL,0.0013,s1,0,93.9059,0,50000000.0
3949,,ts29,1.0,2,3,44.0574,-88.5434,uniform_ts_node,,ts32,,,-85.0039,40.9117,,1,3,2,,,ts29 - ts32,ts_node_to_ts_node,uniform_ts_node,N,,,GL,400.0,GL,0.0013,s1,0,93.9059,0,50000000.0
3950,,ts51,4.0,4,8,36.5833,-104.0351,operational_ts_node,,ts60,,,-110.7599,34.7449,,5,8,4,,,ts51 - ts60,ts_node_to_ts_node,uniform_ts_node,N,,,RM,400.0,RM,0.0013,s1,0,69.8304,0,50000000.0
3951,,ts60,5.0,4,8,34.7449,-110.7599,uniform_ts_node,,ts51,,,-104.0351,36.5833,,4,8,4,,,ts60 - ts51,ts_node_to_ts_node,operational_ts_node,N,,,SWCA,400.0,SWCA,0.0013,s1,0,85.573,0,50000000.0
3952,,ts63,5.0,4,8,37.9053,-111.4886,uniform_ts_node,,ts4,,,-118.4952,36.4119,,7,9,4,,,ts63 - ts4,ts_node_to_ts_node,uniform_ts_node,N,,,RM,400.0,RM,0.0013,s1,0,69.8304,0,50000000.0
3953,,ts4,7.0,4,9,36.4119,-118.4952,uniform_ts_node,,ts63,,,-111.4886,37.9053,,5,8,4,,,ts4 - ts63,ts_node_to_ts_node,uniform_ts_node,N,,,SWCA,400.0,SWCA,0.0013,s1,0,85.573,0,50000000.0
3954,,ts27,1.0,2,3,38.321,-89.1261,uniform_ts_node,,ts52,,,-90.388,32.6973,,2,6,3,,,ts27 - ts52,ts_node_to_ts_node,operational_ts_node,N,,,GL,400.0,GL,0.0013,s1,0,93.9059,0,50000000.0
3955,,ts52,2.0,3,6,32.6973,-90.388,operational_ts_node,,ts27,,,-89.1261,38.321,,1,3,2,,,ts52 - ts27,ts_node_to_ts_node,uniform_ts_node,N,,,SE,400.0,SE,0.0013,s1,0,86.6435,0,50000000.0
3956,,ts29,1.0,2,3,44.0574,-88.5434,uniform_ts_node,,ts27,,,-89.1261,38.321,,1,3,2,,,ts29 - ts27,ts_node_to_ts_node,uniform_ts_node,N,,,GL,400.0,GL,0.0013,s1,0,93.9059,0,50000000.0
3957,,ts27,1.0,2,3,38.321,-89.1261,uniform_ts_node,,ts29,,,-88.5434,44.0574,,1,3,2,,,ts27 - ts29,ts_node_to_ts_node,uniform_ts_node,N,,,GL,400.0,GL,0.0013,s1,0,93.9059,0,50000000.0
3958,,ts24,3.0,2,4,41.3438,-92.7128,uniform_ts_node,,ts26,,,-92.4209,47.1185,,3,4,2,,,ts24 - ts26,ts_node_to_ts_node,uniform_ts_node,N,,,GP,400.0,GP,0.0013,s1,0,69.8304,0,50000000.0
3959,,ts26,3.0,2,4,47.1185,-92.4209,uniform_ts_node,,ts24,,,-92.7128,41.3438,,3,4,2,,,ts26 - ts24,ts_node_to_ts_node,uniform_ts_node,N,,,GP,400.0,GP,0.0013,s1,0,69.8304,0,50000000.0
3960,,ts20,3.0,2,4,41.3846,-96.5899,uniform_ts_node,,ts18,,,-96.5454,35.639,,3,7,3,,,ts20 - ts18,ts_node_to_ts_node,uniform_ts_node,N,,,GP,400.0,GP,0.0013,s1,0,69.8304,0,50000000.0
3961,,ts18,3.0,3,7,35.639,-96.5454,uniform_ts_node,,ts20,,,-96.5899,41.3846,,3,4,2,,,ts18 - ts20,ts_node_to_ts_node,uniform_ts_node,N,,,GP,400.0,GP,0.0013,s1,0,69.8304,0,50000000.0
3962,,ts11,5.0,4,8,42.6576,-116.5079,uniform_ts_node,,ts13,,,-118.3486,48.3062,,7,9,4,,,ts11 - ts13,ts_node_to_ts_node,uniform_ts_node,N,,,RM,400.0,RM,0.0013,s1,0,69.8304,0,50000000.0
3963,,ts13,7.0,4,9,48.3062,-118.3486,uniform_ts_node,,ts11,,,-116.5079,42.6576,,5,8,4,,,ts13 - ts11,ts_node_to_ts_node,uniform_ts_node,N,,,PN,400.0,PN,0.0013,s1,0,86.6435,0,50000000.0
3964,,ts7,7.0,4,9,44.7701,-121.3615,uniform_ts_node,,ts15,,,-113.3399,46.0614,,6,8,4,,,ts7 - ts15,ts_node_to_ts_node,uniform_ts_node,N,,,PN,400.0,PN,0.0013,s1,0,86.6435,0,50000000.0
3965,,ts15,6.0,4,8,46.0614,-113.3399,uniform_ts_node,,ts7,,,-121.3615,44.7701,,7,9,4,,,ts15 - ts7,ts_node_to_ts_node,uniform_ts_node,N,,,RM,400.0,RM,0.0013,s1,0,69.8304,0,50000000.0
3966,,ts12,7.0,4,9,45.4748,-117.3894,uniform_ts_node,,ts10,,,-115.6952,39.8462,,5,8,4,,,ts12 - ts10,ts_node_to_ts_node,uniform_ts_node,N,,,PN,400.0,PN,0.0013,s1,0,86.6435,0,50000000.0
3967,,ts10,5.0,4,8,39.8462,-115.6952,uniform_ts_node,,ts12,,,-117.3894,45.4748,,7,9,4,,,ts10 - ts12,ts_node_to_ts_node,uniform_ts_node,N,,,RM,400.0,RM,0.0013,s1,0,69.8304,0,50000000.0
3968,,ts27,1.0,2,3,38.321,-89.1261,uniform_ts_node,,ts19,,,-96.5668,38.5117,,3,4,2,,,ts27 - ts19,ts_node_to_ts_node,uniform_ts_node,N,,,GL,400.0,GL,0.0013,s1,0,93.9059,0,50000000.0
3969,,ts19,3.0,2,4,38.5117,-96.5668,uniform_ts_node,,ts27,,,-89.1261,38.321,,1,3,2,,,ts19 - ts27,ts_node_to_ts_node,uniform_ts_node,N,,,GP,400.0,GP,0.0013,s1,0,69.8304,0,50000000.0
3970,,ts41,1.0,1,2,40.0209,-77.4375,uniform_ts_node,,ts32,,,-85.0039,40.9117,,1,3,2,,,ts41 - ts32,ts_node_to_ts_node,uniform_ts_node,N,,,MA,400.0,MA,0.0017,s1,0,119.2349,0,50000000.0
3971,,ts32,1.0,2,3,40.9117,-85.0039,uniform_ts_node,,ts41,,,-77.4375,40.0209,,1,2,1,,,ts32 - ts41,ts_node_to_ts_node,uniform_ts_node,N,,,GL,400.0,GL,0.0013,s1,0,93.9059,0,50000000.0
3972,,ts2,7.0,4,9,41.2016,-124.0731,uniform_ts_node,,ts11,,,-116.5079,42.6576,,5,8,4,,,ts2 - ts11,ts_node_to_ts_node,uniform_ts_node,N,,,SWCA,400.0,SWCA,0.0013,s1,0,85.573,0,50000000.0
3973,,ts11,5.0,4,8,42.6576,-116.5079,uniform_ts_node,,ts2,,,-124.0731,41.2016,,7,9,4,,,ts11 - ts2,ts_node_to_ts_node,uniform_ts_node,N,,,RM,400.0,RM,0.0013,s1,0,69.8304,0,50000000.0
3974,,ts4,7.0,4,9,36.4119,-118.4952,uniform_ts_node,,ts6,,,-120.3299,41.9847,,7,9,4,,,ts4 - ts6,ts_node_to_ts_node,uniform_ts_node,N,,,SWCA,400.0,SWCA,0.0013,s1,0,85.573,0,50000000.0
3975,,ts8,7.0,4,9,34.2129,-114.2466,uniform_ts_node,,ts10,,,-115.6952,39.8462,,5,8,4,,,ts8 - ts10,ts_node_to_ts_node,uniform_ts_node,N,,,SWCA,400.0,SWCA,0.0013,s1,0,85.573,0,50000000.0
3976,,ts6,7.0,4,9,41.9847,-120.3299,uniform_ts_node,,ts4,,,-118.4952,36.4119,,7,9,4,,,ts6 - ts4,ts_node_to_ts_node,uniform_ts_node,N,,,SWCA,400.0,SWCA,0.0013,s1,0,85.573,0,50000000.0
3977,,ts10,5.0,4,8,39.8462,-115.6952,uniform_ts_node,,ts8,,,-114.2466,34.2129,,7,9,4,,,ts10 - ts8,ts_node_to_ts_node,uniform_ts_node,N,,,RM,400.0,RM,0.0013,s1,0,69.8304,0,50000000.0
3978,,ts20,3.0,2,4,41.3846,-96.5899,uniform_ts_node,,ts28,,,-88.8466,41.1859,,1,3,2,,,ts20 - ts28,ts_node_to_ts_node,uniform_ts_node,N,,,GP,400.0,GP,0.0013,s1,0,69.8304,0,50000000.0
3979,,ts28,1.0,2,3,41.1859,-88.8466,uniform_ts_node,,ts20,,,-96.5899,41.3846,,3,4,2,,,ts28 - ts20,ts_node_to_ts_node,uniform_ts_node,N,,,GL,400.0,GL,0.0013,s1,0,93.9059,0,50000000.0
3980,,ts40,1.0,3,5,37.2015,-78.148,uniform_ts_node,,ts31,,,-85.4315,38.0578,,1,6,3,,,ts40 - ts31,ts_node_to_ts_node,uniform_ts_node,N,,,MA,400.0,MA,0.0017,s1,0,119.2349,0,50000000.0
3981,,ts31,1.0,3,6,38.0578,-85.4315,uniform_ts_node,,ts40,,,-78.148,37.2015,,1,5,3,,,ts31 - ts40,ts_node_to_ts_node,uniform_ts_node,N,,,SE,400.0,SE,0.0013,s1,0,86.6435,0,50000000.0
3982,,ts21,6.0,2,4,44.2654,-96.615,uniform_ts_node,,ts29,,,-88.5434,44.0574,,1,3,2,,,ts21 - ts29,ts_node_to_ts_node,uniform_ts_node,N,,,GP,400.0,GP,0.0013,s1,0,69.8304,0,50000000.0
3983,,ts29,1.0,2,3,44.0574,-88.5434,uniform_ts_node,,ts21,,,-96.615,44.2654,,6,4,2,,,ts29 - ts21,ts_node_to_ts_node,uniform_ts_node,N,,,GL,400.0,GL,0.0013,s1,0,93.9059,0,50000000.0
3984,,ts23,3.0,2,4,38.4726,-92.8416,uniform_ts_node,,ts31,,,-85.4315,38.0578,,1,6,3,,,ts23 - ts31,ts_node_to_ts_node,uniform_ts_node,N,,,GP,400.0,GP,0.0013,s1,0,69.8304,0,50000000.0
3985,,ts30,1.0,3,6,35.2015,-85.8272,uniform_ts_node,,ts39,,,-78.8067,34.3752,,1,5,3,,,ts30 - ts39,ts_node_to_ts_node,uniform_ts_node,N,,,SE,400.0,SE,0.0013,s1,0,86.6435,0,50000000.0
3986,,ts31,1.0,3,6,38.0578,-85.4315,uniform_ts_node,,ts23,,,-92.8416,38.4726,,3,4,2,,,ts31 - ts23,ts_node_to_ts_node,uniform_ts_node,N,,,SE,400.0,SE,0.0013,s1,0,86.6435,0,50000000.0
3987,,ts39,1.0,3,5,34.3752,-78.8067,uniform_ts_node,,ts30,,,-85.8272,35.2015,,1,6,3,,,ts39 - ts30,ts_node_to_ts_node,uniform_ts_node,N,,,SE,400.0,SE,0.0013,s1,0,86.6435,0,50000000.0
3988,,ts38,2.0,3,5,25.7975,-80.5225,uniform_ts_node,,ts34,,,-82.7898,31.9873,,1,5,3,,,ts38 - ts34,ts_node_to_ts_node,uniform_ts_node,N,,,SE,450.0,SE,0.0014,s1,0,97.9938,0,50000000.0
3989,,ts25,3.0,2,4,44.2227,-92.573,uniform_ts_node,,ts33,,,-84.5405,43.7706,,1,3,2,,,ts25 - ts33,ts_node_to_ts_node,uniform_ts_node,N,,,GP,475.0,GP,0.0014,s1,0,84.5568,0,50000000.0
3990,,ts33,1.0,2,3,43.7706,-84.5405,uniform_ts_node,,ts25,,,-92.573,44.2227,,3,4,2,,,ts33 - ts25,ts_node_to_ts_node,uniform_ts_node,N,,,GL,475.0,GL,0.0014,s1,0,112.5596,0,50000000.0
