year,census_division,co2_volume
2020,3,620000.0
2021,3,590000.0
2022,3,554042.2631380399
2022,4,105957.73686196025
2023,3,515431.6843289309
2023,4,184568.31567106902
