DESCR,carbonshare
1,63668.52008
2,0
3,0
4,13717894.33
5,1975543.055
6,0
7,1666696.432
8,753822.0987
9,3747966.827
10,581752.9939
11,7951762.442
12,767403.9859
13,53767.72116
14,63615.2926
15,41202.6701
16,0
17,23770.25886
18,0
19,0
20,0
21,83172.36716
22,326727.4978
23,82451.95144
24,83673.91939
