Year,7 Food products,8 Paper and allied products,9 Bulk chemicals,10 Glass and glass products,11 Cement and lime,12 Iron and steel,13 Aluminum,14 Fabricated metals,15 Machinery,16 Computers and electronics,17 Transportation equipment,"18 Electrical equipment, appliance, and components",19 Wood products,20 Plastic and rubber products,21 Balance of manufacturing
2018,248.571559684,183.481313364,405.467077436,51.462131456,38.60382862,201.532400416,70.017348332,142.644692416,84.141701064,145.206493668,161.416813544,34.173513808,72.868715788,176.1116595,335.154222608
2019,251.15745648,182.935594672,394.631251248,50.565195132,39.822045688,196.62549062,66.864199712,141.197714396,84.163595868,148.615061196,159.836296668,34.576136632,67.252765096,169.117765784,329.406254812
