Year,Coke Plants,Other Industrial CHP,Other Industrial Non-CHP,7 Food products,8 Paper and allied products,9 Bulk chemicals,10 Glass and glass products,11 Cement and lime,12 Iron and steel,13 Aluminum,14 Fabricated metals,15 Machinery,16 Computers and electronics,17 Transportation equipment,"18 Electrical equipment, appliance, and components",19 Wood products,20 Plastic and rubber products,21 Light chemicals,22 Other non-metallic minerals,23 Other primary metals,24 Miscellaneous finished goods
2018,524.5848960000001,253.700187,401.237433,162.30007651442205,55.868925109332835,74.78648996453076,0,156.19113961353602,173.0036111127273,0,0,0,0,0,0,0,0,0.14409728316865278,2.7726237801219416,0.6315740674940549,27.934462554666418
2019,514.377243,225.69313200000002,377.184363,156.3641397437475,45.71690425292929,67.881338360749,0,150.87841260990203,151.89191089940627,0,0,0,0,0,0,0,0,0.1307925594619441,2.6783150167438228,0.5615313164290967,26.09965524063095
2020,413.926838,193.07752499999998,331.027975,143.57332788178076,34.292122923935636,63.25450139540629,0,121.751997108438,141.77589559312588,0,0,0,0,0,0,0,0,0.1218776520142703,2.161278055179373,0.39046827401696377,18.332531116102764
2021,504.206274,199.60660000000001,332.23181,134.86718088300142,33.49434699591977,64.30134832186695,0,131.77229779528534,140.81909094282324,0,0,0,0,0,0,0,0,0.12389469811535057,2.3391532153009242,0.3825679615443906,24.448119186142577
2022,458.962021,194.97044400000001,332.895264,138.23167996986604,30.200114827813337,60.68233594918645,0,138.1202277207388,134.00673193490528,0,0,0,0,0,0,0,0,0.11692164922771958,2.451838361906606,0.31867448977767593,23.920675096578158
2023,457.386291,176.352096,279.11488799999995,128.87891364023534,19.34550506591883,58.029842939529324,0,118.08012098321241,109.05586593981282,0,0,0,0,0,0,0,0,0.11181087271585613,2.0960968221872025,0.35137629711727186,18.861867439270856
