IDM_industry,region,step,fuel_number,UEC_X_2022,UEC_X_2050,TPC_X,UEC_NEW_2022,UEC_NEW_2050,TPC_NEW
1,1,1,1,0.19393,0.17092,-0.00450,0.17295,0.14307,-0.00675
1,1,1,3,0.05948,0.05243,-0.00450,0.05305,0.04388,-0.00675
1,1,1,11,0.14463,0.12748,-0.00450,0.12183,0.10078,-0.00675
1,1,1,12,0.03279,0.02891,-0.00449,0.02926,0.02420,-0.00675
1,1,1,22,0.00344,0.00303,-0.00450,0.00308,0.00255,-0.00675
1,1,1,48,0.32952,0.29043,-0.00450,0.29395,0.24317,-0.00675
1,1,2,3,0.00661,0.00582,-0.00449,0.00590,0.00488,-0.00675
1,1,2,11,0.43389,0.38242,-0.00450,0.36549,0.30235,-0.00675
1,1,2,12,0.00364,0.00321,-0.00445,0.00307,0.00254,-0.00674
1,1,2,14,0.22537,0.19863,-0.00450,0.20101,0.16629,-0.00675
1,1,2,22,0.01889,0.01665,-0.00450,0.01688,0.01396,-0.00675
1,1,3,1,0.14170,0.12489,-0.00450,0.12638,0.10455,-0.00675
1,1,3,3,0.03191,0.02812,-0.00450,0.02847,0.02355,-0.00675
1,1,3,11,0.05115,0.04508,-0.00450,0.04308,0.03564,-0.00675
1,1,3,12,0.00162,0.00143,-0.00443,0.00145,0.00120,-0.00673
1,1,3,14,0.00077,0.00068,-0.00452,0.00065,0.00054,-0.00672
1,1,3,22,0.00128,0.00113,-0.00449,0.00112,0.00093,-0.00674
1,2,1,1,0.19393,0.17092,-0.00450,0.17296,0.14308,-0.00675
1,2,1,3,0.05947,0.05242,-0.00450,0.05305,0.04388,-0.00675
1,2,1,11,0.14464,0.12748,-0.00450,0.12183,0.10079,-0.00675
1,2,1,12,0.03278,0.02889,-0.00450,0.02924,0.02419,-0.00675
1,2,1,22,0.00470,0.00415,-0.00450,0.00396,0.00328,-0.00674
1,2,1,48,0.32953,0.29043,-0.00450,0.29396,0.24318,-0.00675
1,2,2,3,0.00661,0.00582,-0.00449,0.00589,0.00488,-0.00674
1,2,2,11,0.43392,0.38244,-0.00450,0.36551,0.30237,-0.00675
1,2,2,12,0.00365,0.00321,-0.00450,0.00325,0.00269,-0.00674
1,2,2,14,0.22539,0.19865,-0.00450,0.20101,0.16629,-0.00675
1,2,2,22,0.01722,0.01518,-0.00450,0.01536,0.01270,-0.00675
1,2,3,1,0.14171,0.12490,-0.00450,0.12639,0.10456,-0.00675
1,2,3,3,0.03192,0.02813,-0.00450,0.02847,0.02355,-0.00675
1,2,3,11,0.05114,0.04507,-0.00450,0.04308,0.03564,-0.00675
1,2,3,12,0.00162,0.00143,-0.00450,0.00145,0.00120,-0.00674
1,2,3,14,0.00076,0.00068,-0.00439,0.00068,0.00057,-0.00676
1,2,3,22,0.00168,0.00148,-0.00450,0.00148,0.00123,-0.00675
1,3,1,1,0.19393,0.17092,-0.00450,0.17296,0.14309,-0.00675
1,3,1,3,0.05947,0.05242,-0.00450,0.05304,0.04388,-0.00675
1,3,1,11,0.14463,0.12747,-0.00450,0.12183,0.10079,-0.00675
1,3,1,12,0.03279,0.02890,-0.00450,0.02924,0.02419,-0.00675
1,3,1,22,0.00456,0.00402,-0.00450,0.00407,0.00337,-0.00675
1,3,1,48,0.32952,0.29043,-0.00450,0.29395,0.24317,-0.00675
1,3,2,3,0.00661,0.00583,-0.00449,0.00589,0.00487,-0.00675
1,3,2,11,0.43391,0.38243,-0.00450,0.36550,0.30236,-0.00675
1,3,2,12,0.00364,0.00321,-0.00449,0.00325,0.00269,-0.00675
1,3,2,14,0.22538,0.19864,-0.00450,0.20101,0.16628,-0.00675
1,3,2,22,0.01742,0.01535,-0.00450,0.01554,0.01285,-0.00675
1,3,3,1,0.14171,0.12489,-0.00450,0.12639,0.10456,-0.00675
1,3,3,3,0.03192,0.02813,-0.00450,0.02847,0.02355,-0.00675
1,3,3,11,0.05114,0.04508,-0.00450,0.04308,0.03564,-0.00675
1,3,3,12,0.00162,0.00143,-0.00449,0.00145,0.00120,-0.00674
1,3,3,14,0.00077,0.00068,-0.00438,0.00069,0.00057,-0.00660
1,3,3,22,0.00163,0.00143,-0.00449,0.00145,0.00120,-0.00675
1,4,1,1,0.19392,0.17092,-0.00450,0.17297,0.14309,-0.00675
1,4,1,3,0.05948,0.05242,-0.00450,0.05302,0.04386,-0.00675
1,4,1,11,0.14464,0.12748,-0.00450,0.12184,0.10079,-0.00675
1,4,1,12,0.03280,0.02891,-0.00450,0.02929,0.02424,-0.00674
1,4,1,22,0.00445,0.00393,-0.00450,0.00397,0.00329,-0.00675
1,4,1,48,0.32953,0.29043,-0.00450,0.29395,0.24317,-0.00675
1,4,2,3,0.00661,0.00583,-0.00449,0.00587,0.00486,-0.00676
1,4,2,11,0.43391,0.38243,-0.00450,0.36551,0.30237,-0.00675
1,4,2,12,0.00366,0.00323,-0.00453,0.00322,0.00266,-0.00674
1,4,2,14,0.22538,0.19864,-0.00450,0.20102,0.16630,-0.00675
1,4,2,22,0.01750,0.01542,-0.00450,0.01558,0.01289,-0.00675
1,4,3,1,0.14171,0.12490,-0.00450,0.12637,0.10454,-0.00675
1,4,3,3,0.03191,0.02812,-0.00450,0.02846,0.02355,-0.00675
1,4,3,11,0.05115,0.04508,-0.00450,0.04309,0.03565,-0.00675
1,4,3,12,0.00158,0.00139,-0.00451,0.00140,0.00116,-0.00678
1,4,3,14,0.00077,0.00068,-0.00431,0.00069,0.00057,-0.00658
1,4,3,22,0.00165,0.00146,-0.00450,0.00139,0.00115,-0.00676
2,1,1,1,0.31707,0.27945,-0.00450,0.28280,0.23395,-0.00675
2,1,1,3,0.08069,0.07112,-0.00450,0.07198,0.05955,-0.00675
2,1,1,11,0.14954,0.13180,-0.00450,0.12596,0.10420,-0.00675
2,1,1,12,0.03263,0.02876,-0.00450,0.02910,0.02407,-0.00675
2,1,1,22,0.00320,0.00282,-0.00450,0.00286,0.00237,-0.00675
2,1,2,3,0.00895,0.00789,-0.00449,0.00801,0.00662,-0.00674
2,1,2,11,0.44863,0.39540,-0.00450,0.37789,0.31261,-0.00675
2,1,2,12,0.00362,0.00319,-0.00446,0.00323,0.00267,-0.00675
2,1,2,14,0.21603,0.19040,-0.00450,0.19267,0.15939,-0.00675
2,1,2,22,0.01928,0.01700,-0.00450,0.01719,0.01422,-0.00675
2,1,3,1,0.00363,0.00320,-0.00449,0.00324,0.00268,-0.00672
2,1,3,3,0.00400,0.00352,-0.00450,0.00357,0.00295,-0.00676
2,1,3,11,0.00350,0.00309,-0.00449,0.00296,0.00245,-0.00670
2,1,3,12,0.00010,0.00009,-0.00605,0.00008,0.00007,-0.00695
2,1,3,14,0.00005,0.00005,-0.00329,0.00005,0.00004,-0.00782
2,1,3,22,0.00007,0.00006,-0.00443,0.00007,0.00006,-0.00682
2,2,1,1,0.31420,0.27692,-0.00450,0.28024,0.23183,-0.00675
2,2,1,3,0.07993,0.07045,-0.00450,0.07129,0.05897,-0.00675
2,2,1,11,0.14818,0.13060,-0.00450,0.12482,0.10326,-0.00675
2,2,1,12,0.03234,0.02850,-0.00450,0.02884,0.02386,-0.00675
2,2,1,22,0.00462,0.00407,-0.00450,0.00412,0.00341,-0.00675
2,2,2,3,0.00888,0.00783,-0.00449,0.00792,0.00656,-0.00674
2,2,2,11,0.44454,0.39181,-0.00450,0.37445,0.30977,-0.00675
2,2,2,12,0.00360,0.00317,-0.00450,0.00321,0.00265,-0.00675
2,2,2,14,0.21407,0.18867,-0.00450,0.19092,0.15794,-0.00675
2,2,2,22,0.01763,0.01554,-0.00450,0.01573,0.01301,-0.00675
2,2,3,1,0.00360,0.00317,-0.00449,0.00321,0.00266,-0.00673
2,2,3,3,0.00397,0.00350,-0.00449,0.00354,0.00293,-0.00674
2,2,3,11,0.00348,0.00307,-0.00451,0.00292,0.00242,-0.00675
2,2,3,12,0.00009,0.00008,-0.00433,0.00008,0.00007,-0.00686
2,2,3,14,0.00005,0.00005,-0.00481,0.00004,0.00004,-0.00568
2,2,3,22,0.00010,0.00009,-0.00456,0.00009,0.00008,-0.00659
2,3,1,1,0.31587,0.27840,-0.00450,0.28172,0.23306,-0.00675
2,3,1,3,0.08036,0.07082,-0.00450,0.07167,0.05929,-0.00675
2,3,1,11,0.14897,0.13130,-0.00450,0.12548,0.10381,-0.00675
2,3,1,12,0.03251,0.02866,-0.00450,0.02900,0.02399,-0.00675
2,3,1,22,0.00448,0.00395,-0.00449,0.00399,0.00330,-0.00675
2,3,2,3,0.00893,0.00787,-0.00450,0.00796,0.00659,-0.00675
2,3,2,11,0.44692,0.39390,-0.00450,0.37646,0.31143,-0.00675
2,3,2,12,0.00361,0.00318,-0.00449,0.00322,0.00266,-0.00675
2,3,2,14,0.21521,0.18968,-0.00450,0.19194,0.15878,-0.00675
2,3,2,22,0.01788,0.01576,-0.00450,0.01595,0.01320,-0.00675
2,3,3,1,0.00362,0.00319,-0.00452,0.00323,0.00267,-0.00673
2,3,3,3,0.00399,0.00352,-0.00450,0.00356,0.00295,-0.00676
2,3,3,11,0.00350,0.00308,-0.00449,0.00294,0.00243,-0.00674
2,3,3,12,0.00009,0.00008,-0.00436,0.00008,0.00007,-0.00658
2,3,3,14,0.00006,0.00005,-0.00568,0.00006,0.00005,-0.00568
2,3,3,22,0.00011,0.00010,-0.00434,0.00009,0.00007,-0.00688
2,4,1,1,0.31964,0.28172,-0.00450,0.28508,0.23583,-0.00675
2,4,1,3,0.08132,0.07167,-0.00450,0.07252,0.05999,-0.00675
2,4,1,11,0.15075,0.13287,-0.00450,0.12698,0.10505,-0.00675
2,4,1,12,0.03289,0.02899,-0.00450,0.02941,0.02433,-0.00675
2,4,1,22,0.00449,0.00396,-0.00450,0.00397,0.00329,-0.00674
2,4,2,3,0.00904,0.00797,-0.00450,0.00805,0.00666,-0.00675
2,4,2,11,0.45226,0.39861,-0.00450,0.38095,0.31514,-0.00675
2,4,2,12,0.00368,0.00325,-0.00448,0.00326,0.00270,-0.00673
2,4,2,14,0.21778,0.19194,-0.00450,0.19424,0.16069,-0.00675
2,4,2,22,0.01813,0.01598,-0.00450,0.01619,0.01339,-0.00675
2,4,3,1,0.00366,0.00322,-0.00451,0.00326,0.00269,-0.00674
2,4,3,3,0.00403,0.00356,-0.00450,0.00360,0.00298,-0.00677
2,4,3,11,0.00353,0.00311,-0.00446,0.00298,0.00246,-0.00680
2,4,3,12,0.00008,0.00007,-0.00457,0.00008,0.00006,-0.00695
2,4,3,14,0.00005,0.00004,-0.00695,0.00005,0.00004,-0.00895
2,4,3,22,0.00012,0.00011,-0.00432,0.00012,0.00010,-0.00634
3,1,1,1,0.65208,0.57472,-0.00450,0.58160,0.48113,-0.00675
3,1,1,3,0.04662,0.03187,-0.01349,0.03030,0.02072,-0.01349
3,1,1,11,1.25215,1.10360,-0.00450,1.05475,0.87255,-0.00675
3,1,1,14,0.16786,0.14795,-0.00450,0.14970,0.12384,-0.00675
3,1,1,22,0.07035,0.06200,-0.00450,0.06276,0.05192,-0.00675
3,2,1,1,0.65206,0.57470,-0.00450,0.58157,0.48110,-0.00675
3,2,1,3,0.04662,0.03187,-0.01349,0.03030,0.02071,-0.01349
3,2,1,11,1.25211,1.10357,-0.00450,1.05470,0.87251,-0.00675
3,2,1,14,0.16786,0.14795,-0.00450,0.14971,0.12388,-0.00674
3,2,1,22,0.07035,0.06200,-0.00450,0.06275,0.05191,-0.00675
3,3,1,1,0.65208,0.57472,-0.00450,0.58158,0.48112,-0.00675
3,3,1,3,0.04662,0.03187,-0.01349,0.03030,0.02072,-0.01349
3,3,1,11,1.25216,1.10361,-0.00450,1.05475,0.87255,-0.00675
3,3,1,14,0.16787,0.14795,-0.00450,0.14970,0.12384,-0.00675
3,3,1,22,0.07035,0.06200,-0.00450,0.06275,0.05191,-0.00675
3,4,1,1,0.65210,0.57474,-0.00450,0.58161,0.48114,-0.00675
3,4,1,3,0.04662,0.03187,-0.01349,0.03030,0.02072,-0.01349
3,4,1,11,1.25221,1.10365,-0.00450,1.05479,0.87258,-0.00675
3,4,1,14,0.16787,0.14796,-0.00450,0.14973,0.12390,-0.00674
3,4,1,22,0.07035,0.06201,-0.00450,0.06273,0.05189,-0.00675
4,1,1,1,0.36855,0.32483,-0.00450,0.32871,0.27193,-0.00675
4,1,1,3,0.17620,0.12046,-0.01349,0.11453,0.07830,-0.01349
4,1,1,11,0.32591,0.28725,-0.00450,0.27452,0.22710,-0.00675
4,1,1,14,0.12045,0.10616,-0.00450,0.10742,0.08887,-0.00675
4,1,1,22,0.01430,0.01260,-0.00450,0.01275,0.01055,-0.00675
4,2,1,1,0.36855,0.32483,-0.00450,0.32870,0.27192,-0.00675
4,2,1,3,0.17620,0.12046,-0.01349,0.11453,0.07830,-0.01349
4,2,1,11,0.32591,0.28724,-0.00450,0.27452,0.22710,-0.00675
4,2,1,14,0.12045,0.10616,-0.00450,0.10742,0.08886,-0.00675
4,2,1,22,0.01430,0.01260,-0.00450,0.01275,0.01055,-0.00675
4,3,1,1,0.36855,0.32483,-0.00450,0.32870,0.27192,-0.00675
4,3,1,3,0.17620,0.12046,-0.01349,0.11453,0.07830,-0.01349
4,3,1,11,0.32591,0.28724,-0.00450,0.27453,0.22711,-0.00675
4,3,1,14,0.12045,0.10616,-0.00450,0.10743,0.08887,-0.00675
4,3,1,22,0.01430,0.01260,-0.00450,0.01275,0.01055,-0.00675
4,4,1,1,0.36855,0.32483,-0.00450,0.32871,0.27193,-0.00675
4,4,1,3,0.17620,0.12046,-0.01349,0.11453,0.07830,-0.01349
4,4,1,11,0.32591,0.28724,-0.00450,0.27453,0.22711,-0.00675
4,4,1,14,0.12045,0.10619,-0.00449,0.10743,0.08890,-0.00674
4,4,1,22,0.01430,0.01260,-0.00450,0.01276,0.01056,-0.00674
5,1,1,1,1.43268,1.26271,-0.00450,1.27780,1.05707,-0.00675
5,1,1,3,2.54112,1.73727,-0.01349,1.65175,1.12924,-0.01349
5,1,1,11,1.92544,1.69701,-0.00450,1.62189,1.34172,-0.00675
5,1,1,14,0.21259,0.18737,-0.00450,0.18961,0.15685,-0.00675
5,2,1,1,1.43271,1.26274,-0.00450,1.27783,1.05709,-0.00675
5,2,1,3,2.54118,1.73731,-0.01349,1.65176,1.12925,-0.01349
5,2,1,11,1.92548,1.69705,-0.00450,1.62193,1.34176,-0.00675
5,2,1,14,0.21260,0.18738,-0.00450,0.18960,0.15685,-0.00675
5,3,1,1,1.43271,1.26274,-0.00450,1.27783,1.05709,-0.00675
5,3,1,3,2.54117,1.73730,-0.01349,1.65176,1.12925,-0.01349
5,3,1,11,1.92547,1.69704,-0.00450,1.62190,1.34173,-0.00675
5,3,1,14,0.21260,0.18738,-0.00450,0.18962,0.15691,-0.00674
5,4,1,1,1.43276,1.26279,-0.00450,1.27789,1.05714,-0.00675
5,4,1,3,2.54126,1.73737,-0.01349,1.65182,1.12929,-0.01349
5,4,1,11,1.92555,1.69711,-0.00450,1.62202,1.34182,-0.00675
5,4,1,14,0.21261,0.18738,-0.00450,0.18963,0.15687,-0.00675
6,1,1,1,0.20299,0.17891,-0.00450,0.18102,0.14975,-0.00675
6,1,1,3,0.10358,0.07090,-0.01345,0.06734,0.04602,-0.01350
6,1,1,11,0.29972,0.26416,-0.00450,0.25244,0.20883,-0.00675
6,1,1,12,0.00801,0.00706,-0.00450,0.00713,0.00590,-0.00672
6,1,1,14,0.04410,0.03886,-0.00450,0.03933,0.03253,-0.00675
6,1,1,17,0.00083,0.00063,-0.01012,0.00071,0.00051,-0.01124
6,1,1,22,0.01428,0.01259,-0.00450,0.01271,0.01051,-0.00675
6,2,1,1,0.20299,0.17891,-0.00450,0.18105,0.14977,-0.00675
6,2,1,3,0.10358,0.07080,-0.01350,0.06728,0.04605,-0.01345
6,2,1,11,0.29972,0.26416,-0.00450,0.25247,0.20886,-0.00675
6,2,1,12,0.00801,0.00706,-0.00450,0.00715,0.00591,-0.00675
6,2,1,14,0.04410,0.03886,-0.00450,0.03933,0.03254,-0.00675
6,2,1,17,0.00083,0.00063,-0.01012,0.00071,0.00051,-0.01124
6,2,1,22,0.01428,0.01259,-0.00450,0.01273,0.01053,-0.00675
6,3,1,1,0.20299,0.17891,-0.00450,0.18106,0.14978,-0.00675
6,3,1,3,0.10358,0.07084,-0.01348,0.06728,0.04602,-0.01347
6,3,1,11,0.29972,0.26416,-0.00450,0.25245,0.20884,-0.00675
6,3,1,12,0.00801,0.00706,-0.00449,0.00715,0.00591,-0.00674
6,3,1,14,0.04410,0.03886,-0.00450,0.03933,0.03254,-0.00675
6,3,1,17,0.00083,0.00063,-0.01012,0.00071,0.00051,-0.01124
6,3,1,22,0.01428,0.01259,-0.00450,0.01274,0.01054,-0.00675
6,4,1,1,0.20299,0.17891,-0.00450,0.18103,0.14976,-0.00675
6,4,1,3,0.10358,0.07090,-0.01345,0.06734,0.04600,-0.01352
6,4,1,11,0.29972,0.26416,-0.00450,0.25247,0.20885,-0.00675
6,4,1,12,0.00801,0.00706,-0.00449,0.00707,0.00585,-0.00673
6,4,1,14,0.04410,0.03886,-0.00450,0.03933,0.03254,-0.00675
6,4,1,17,0.00083,0.00063,-0.01012,0.00071,0.00051,-0.01124
6,4,1,22,0.01428,0.01259,-0.00450,0.01277,0.01057,-0.00675
7,1,1,1,0.03521,0.03315,-0.00215,0.03296,0.06658,0.02542
7,1,1,3,0.48078,0.41152,-0.00554,0.41135,0.30730,-0.01036
7,1,1,10,0.00014,0.00013,-0.00435,0.00014,0.00014,-0.00140
7,1,1,11,0.00047,0.00042,-0.00435,0.00047,0.00045,-0.00140
7,1,1,31,2.13404,1.66852,-0.00875,1.28604,0.99168,-0.00924
7,1,2,1,0.07043,0.05457,-0.00907,0.06288,0.04951,-0.00850
7,1,2,3,0.00235,0.00207,-0.00440,0.00212,0.00181,-0.00557
7,1,3,1,0.49298,0.43627,-0.00435,0.49298,0.47401,-0.00140
7,1,3,3,0.02345,0.02075,-0.00435,0.02345,0.02255,-0.00140
7,1,3,11,0.00047,0.00041,-0.00529,0.00040,0.00033,-0.00675
7,1,4,1,0.01174,0.01174,0.00000,0.00000,0.00000,0.00000
7,1,5,1,0.01174,0.00946,-0.00767,0.01113,0.00754,-0.01380
7,1,5,3,0.01173,0.01173,0.00000,0.00000,0.00000,0.00000
7,1,6,22,0.06014,0.06014,0.00000,0.00000,0.00000,0.00000
7,1,7,1,0.01070,0.00862,-0.00767,0.01101,0.01668,0.01494
7,1,7,3,0.10635,0.09106,-0.00553,0.09473,0.04009,-0.03024
7,1,7,11,0.00021,0.00019,-0.00435,0.00021,0.00021,-0.00140
7,1,7,31,0.39555,0.39555,0.00000,0.00000,0.00000,0.00000
7,1,8,1,0.06953,0.06953,0.00000,0.00000,0.00000,0.00000
7,1,8,3,0.01595,0.01412,-0.00435,0.01595,0.01534,-0.00140
7,1,8,10,0.00006,0.00006,-0.00435,0.00006,0.00006,-0.00140
7,1,8,11,0.00021,0.00019,-0.00435,0.00021,0.00021,-0.00140
7,1,9,1,0.09093,0.07552,-0.00661,0.14834,0.14834,0.00000
7,1,9,3,0.02659,0.02276,-0.00553,0.01594,0.01587,-0.00016
7,1,9,10,0.00006,0.00006,-0.00435,0.00006,0.00006,-0.00140
7,1,9,11,0.00021,0.00019,-0.00435,0.00021,0.00021,-0.00140
7,1,10,1,0.00005,0.00005,0.00000,0.00000,0.00000,0.00000
7,1,11,1,0.00535,0.00504,-0.00213,0.00526,0.00492,-0.00233
7,1,11,3,0.02127,0.01882,-0.00435,0.02127,0.02045,-0.00140
7,1,11,11,0.00021,0.00019,-0.00435,0.00021,0.00021,-0.00140
7,1,12,22,0.01893,0.01893,0.00000,0.00000,0.00000,0.00000
7,1,13,1,0.01152,0.01025,-0.00419,0.01024,0.01876,0.02184
7,1,13,3,0.20652,0.16898,-0.00714,0.15820,0.07513,-0.02625
7,1,13,11,0.00023,0.00020,-0.00435,0.00023,0.00022,-0.00140
7,1,13,31,0.45347,0.45347,0.00000,0.00000,0.00000,0.00000
7,1,14,1,0.17863,0.16828,-0.00213,0.17273,0.16181,-0.00233
7,1,14,3,0.01147,0.01015,-0.00435,0.01147,0.01103,-0.00140
7,1,14,11,0.00023,0.00020,-0.00435,0.00023,0.00022,-0.00140
7,1,15,1,0.13830,0.09058,-0.01500,0.09018,0.08136,-0.00367
7,1,15,3,0.02295,0.02295,0.00000,0.00000,0.00000,0.00000
7,1,15,11,0.00023,0.00023,0.00000,0.00000,0.00000,0.00000
7,1,16,1,0.00006,0.00006,0.00000,0.00000,0.00000,0.00000
7,1,17,1,0.00006,0.00004,-0.01008,0.00004,0.00004,-0.00216
7,1,17,3,0.01147,0.01024,-0.00405,0.01024,0.01024,0.00000
7,1,17,11,0.00023,0.00020,-0.00435,0.00023,0.00022,-0.00140
7,1,18,11,0.00023,0.00020,-0.00435,0.00023,0.00022,-0.00140
7,1,18,22,0.02821,0.02821,0.00000,0.02821,0.02821,0.00000
7,1,19,1,0.00708,0.00629,-0.00423,0.00629,0.01431,0.02979
7,1,19,3,0.10571,0.09435,-0.00405,0.09434,0.07075,-0.01022
7,1,19,7,0.02214,0.01461,-0.01475,0.01429,0.01223,-0.00554
7,1,19,31,0.34737,0.25965,-0.01034,0.25738,0.24212,-0.00218
7,1,20,1,0.03252,0.03064,-0.00213,0.03155,0.02955,-0.00233
7,1,20,3,0.01240,0.01098,-0.00435,0.01240,0.01193,-0.00140
7,1,21,1,0.04824,0.04546,-0.00212,0.04749,0.04449,-0.00233
7,1,21,3,0.01550,0.01478,-0.00170,0.01544,0.01444,-0.00239
7,1,21,7,0.00369,0.00327,-0.00435,0.00369,0.00355,-0.00140
7,1,23,1,0.00423,0.00375,-0.00435,0.00423,0.00407,-0.00140
7,1,23,3,0.01128,0.00741,-0.01489,0.00725,0.00624,-0.00534
7,1,24,22,0.01076,0.01076,0.00000,0.01076,0.01076,0.00000
7,2,1,1,0.01459,0.01373,-0.00217,0.01367,0.02301,0.01879
7,2,1,3,0.13582,0.11628,-0.00553,0.11620,0.08681,-0.01036
7,2,1,10,0.00003,0.00000,0.00000,0.00003,0.00000,0.00000
7,2,1,11,0.00027,0.00000,0.00000,0.00027,0.00000,0.00000
7,2,1,31,0.63181,0.49399,-0.00875,0.47593,0.36700,-0.00924
7,2,2,1,0.02919,0.02262,-0.00906,0.02608,0.02053,-0.00850
7,2,2,3,0.00066,0.00059,-0.00440,0.00060,0.00051,-0.00557
7,2,3,1,0.20431,0.16215,-0.00822,0.16205,0.16147,-0.00013
7,2,3,3,0.00663,0.00663,0.00000,0.00663,0.00663,0.00000
7,2,3,11,0.00027,0.00024,-0.00529,0.00024,0.00020,-0.00675
7,2,4,1,0.00486,0.00486,0.00000,0.00000,0.00000,0.00000
7,2,5,1,0.00486,0.00392,-0.00767,0.00475,0.00322,-0.01380
7,2,5,3,0.00331,0.00331,0.00000,0.00000,0.00000,0.00000
7,2,6,22,0.03051,0.03051,0.00000,0.00000,0.00000,0.00000
7,2,7,1,0.01116,0.00899,-0.00767,0.01143,0.01809,0.01655
7,2,7,3,0.07560,0.06473,-0.00553,0.06732,0.02849,-0.03024
7,2,7,11,0.00031,0.00000,0.00000,0.00031,0.00000,0.00000
7,2,7,31,0.28467,0.28467,0.00000,0.00000,0.00000,0.00000
7,2,8,1,0.07252,0.07252,0.00000,0.00000,0.00000,0.00000
7,2,8,3,0.01134,0.00000,0.00000,0.01134,0.00000,0.00000
7,2,8,10,0.00004,0.00000,0.00000,0.00004,0.00000,0.00000
7,2,8,11,0.00031,0.00000,0.00000,0.00031,0.00000,0.00000
7,2,9,1,0.09483,0.07880,-0.00659,0.18870,0.18870,0.00000
7,2,9,3,0.01890,0.01618,-0.00553,0.01134,0.01130,-0.00014
7,2,9,10,0.00004,0.00000,0.00000,0.00004,0.00000,0.00000
7,2,9,11,0.00031,0.00000,0.00000,0.00031,0.00000,0.00000
7,2,10,1,0.00006,0.00006,0.00000,0.00000,0.00000,0.00000
7,2,11,1,0.00558,0.00525,-0.00213,0.00557,0.00522,-0.00233
7,2,11,3,0.01512,0.00000,0.00000,0.01512,0.00000,0.00000
7,2,11,11,0.00031,0.00000,0.00000,0.00031,0.00000,0.00000
7,2,12,22,0.02416,0.02416,0.00000,0.00000,0.00000,0.00000
7,2,13,1,0.00729,0.00602,-0.00685,0.00653,0.01525,0.03074
7,2,13,3,0.08910,0.07290,-0.00714,0.06833,0.03245,-0.02625
7,2,13,11,0.00020,0.00000,0.00000,0.00020,0.00000,0.00000
7,2,13,31,0.20436,0.19491,-0.00169,0.20358,0.19039,-0.00239
7,2,14,1,0.11306,0.10651,-0.00213,0.11297,0.10583,-0.00233
7,2,14,3,0.00495,0.00000,0.00000,0.00495,0.00000,0.00000
7,2,14,11,0.00020,0.00000,0.00000,0.00020,0.00000,0.00000
7,2,15,1,0.08753,0.05733,-0.01500,0.05727,0.05167,-0.00367
7,2,15,3,0.00990,0.00990,0.00000,0.00000,0.00000,0.00000
7,2,15,11,0.00020,0.00020,0.00000,0.00000,0.00000,0.00000
7,2,16,1,0.00004,0.00004,0.00000,0.00000,0.00000,0.00000
7,2,17,1,0.00004,0.00003,-0.01013,0.00003,0.00003,-0.00218
7,2,17,3,0.00495,0.00442,-0.00407,0.00442,0.00442,0.00000
7,2,17,11,0.00020,0.00000,0.00000,0.00020,0.00000,0.00000
7,2,18,11,0.00020,0.00000,0.00000,0.00020,0.00000,0.00000
7,2,18,22,0.02185,0.02185,0.00000,0.02185,0.02185,0.00000
7,2,19,1,0.01687,0.01497,-0.00425,0.01499,0.02801,0.02257
7,2,19,3,0.17161,0.15313,-0.00406,0.15313,0.11485,-0.01022
7,2,19,7,0.03976,0.02619,-0.01480,0.02563,0.02200,-0.00543
7,2,19,31,0.53851,0.40253,-0.01034,0.39901,0.37525,-0.00219
7,2,20,1,0.07746,0.07297,-0.00213,0.07740,0.07251,-0.00233
7,2,20,3,0.02014,0.00000,0.00000,0.02014,0.00000,0.00000
7,2,21,1,0.11490,0.10827,-0.00212,0.11295,0.10581,-0.00233
7,2,21,3,0.02517,0.02400,-0.00170,0.02506,0.02344,-0.00239
7,2,21,7,0.00663,0.00000,0.00000,0.00663,0.00000,0.00000
7,2,23,1,0.01008,0.00000,0.00000,0.01008,0.00000,0.00000
7,2,23,3,0.01830,0.01202,-0.01491,0.01176,0.01012,-0.00536
7,2,24,22,0.03136,0.03136,0.00000,0.03136,0.03136,0.00000
7,3,1,1,0.06340,0.05967,-0.00216,0.05936,0.13002,0.02840
7,3,1,3,1.00495,0.86018,-0.00554,0.85982,0.64234,-0.01036
7,3,1,10,0.00030,0.00027,-0.00366,0.00030,0.00028,-0.00240
7,3,1,11,0.00090,0.00081,-0.00366,0.00090,0.00084,-0.00240
7,3,1,31,3.12108,2.44025,-0.00875,2.35106,1.81293,-0.00924
7,3,2,1,0.12679,0.09827,-0.00906,0.11324,0.08917,-0.00850
7,3,2,3,0.00490,0.00433,-0.00440,0.00446,0.00382,-0.00557
7,3,3,1,0.88755,0.70440,-0.00822,0.70399,0.70143,-0.00013
7,3,3,3,0.04902,0.04902,0.00000,0.04902,0.04902,0.00000
7,3,3,11,0.00090,0.00077,-0.00529,0.00075,0.00062,-0.00675
7,3,4,1,0.02113,0.02113,0.00000,0.00000,0.00000,0.00000
7,3,5,1,0.02113,0.01703,-0.00767,0.01997,0.01354,-0.01380
7,3,5,3,0.02451,0.02451,0.00000,0.00000,0.00000,0.00000
7,3,6,22,0.37451,0.37451,0.00000,0.00000,0.00000,0.00000
7,3,7,1,0.04672,0.03883,-0.00658,0.03875,0.07731,0.02497
7,3,7,3,0.53924,0.46169,-0.00553,0.46139,0.34469,-0.01036
7,3,7,11,0.00099,0.00089,-0.00366,0.00099,0.00092,-0.00240
7,3,7,31,1.99836,1.99836,0.00000,0.00000,0.00000,0.00000
7,3,8,1,0.30366,0.30366,0.00000,0.00000,0.00000,0.00000
7,3,8,3,0.08089,0.07300,-0.00366,0.08089,0.07562,-0.00240
7,3,8,10,0.00033,0.00030,-0.00366,0.00033,0.00031,-0.00240
7,3,8,11,0.00099,0.00089,-0.00366,0.00099,0.00092,-0.00240
7,3,9,1,0.39709,0.33007,-0.00658,0.99218,0.99218,0.00000
7,3,9,3,0.13481,0.11542,-0.00553,0.08075,0.08043,-0.00014
7,3,9,10,0.00033,0.00030,-0.00366,0.00033,0.00031,-0.00240
7,3,9,11,0.00099,0.00089,-0.00366,0.00099,0.00092,-0.00240
7,3,10,1,0.00023,0.00023,0.00000,0.00000,0.00000,0.00000
7,3,11,1,0.02336,0.02200,-0.00213,0.02310,0.02164,-0.00233
7,3,11,3,0.10785,0.09734,-0.00366,0.10785,0.10083,-0.00240
7,3,11,11,0.00099,0.00089,-0.00366,0.00099,0.00092,-0.00240
7,3,12,22,0.28595,0.28595,0.00000,0.00000,0.00000,0.00000
7,3,13,1,0.00836,0.00743,-0.00419,0.00744,0.02222,0.03986
7,3,13,3,0.17389,0.17389,0.00000,0.17389,0.13041,-0.01022
7,3,13,11,0.00018,0.00016,-0.00366,0.00018,0.00017,-0.00240
7,3,13,31,0.38358,0.36584,-0.00169,0.38211,0.35735,-0.00239
7,3,14,1,0.12955,0.12204,-0.00213,0.12682,0.11880,-0.00233
7,3,14,3,0.00966,0.00872,-0.00366,0.00966,0.00903,-0.00240
7,3,14,11,0.00018,0.00016,-0.00366,0.00018,0.00017,-0.00240
7,3,15,1,0.10029,0.06569,-0.01500,0.06449,0.05820,-0.00366
7,3,15,3,0.01932,0.01932,0.00000,0.00000,0.00000,0.00000
7,3,15,11,0.00018,0.00018,0.00000,0.00000,0.00000,0.00000
7,3,16,1,0.00004,0.00004,0.00000,0.00000,0.00000,0.00000
7,3,17,1,0.00004,0.00003,-0.01011,0.00003,0.00003,-0.00217
7,3,17,3,0.00966,0.00862,-0.00406,0.00862,0.00862,0.00000
7,3,17,11,0.00018,0.00016,-0.00366,0.00018,0.00017,-0.00240
7,3,18,11,0.00018,0.00016,-0.00366,0.00018,0.00017,-0.00240
7,3,18,22,0.07076,0.07076,0.00000,0.07076,0.07076,0.00000
7,3,19,1,0.03009,0.02671,-0.00425,0.02670,0.06625,0.03298
7,3,19,3,0.52135,0.46535,-0.00405,0.46528,0.34896,-0.01022
7,3,19,7,0.01231,0.00811,-0.01480,0.00000,0.00000,-0.00548
7,3,19,31,1.71292,1.28040,-0.01034,1.26922,1.19365,-0.00219
7,3,20,1,0.13816,0.13016,-0.00213,0.13678,0.12814,-0.00233
7,3,20,3,0.06117,0.05521,-0.00366,0.06117,0.05719,-0.00240
7,3,21,1,0.20493,0.19311,-0.00212,0.20194,0.18917,-0.00233
7,3,21,3,0.07646,0.07291,-0.00170,0.07619,0.07125,-0.00239
7,3,21,7,0.00205,0.00185,-0.00366,0.00205,0.00192,-0.00240
7,3,23,1,0.01798,0.01623,-0.00366,0.01798,0.01681,-0.00240
7,3,23,3,0.05561,0.03662,-0.01481,0.03586,0.03086,-0.00534
7,3,24,22,0.15807,0.15807,0.00000,0.15807,0.15807,0.00000
7,4,1,1,0.04875,0.04592,-0.00214,0.04567,0.09747,0.02744
7,4,1,3,0.73775,0.63165,-0.00553,0.63119,0.47154,-0.01036
7,4,1,10,0.00006,0.00000,0.00000,0.00006,0.00000,0.00000
7,4,1,11,0.00106,0.00000,0.00000,0.00106,0.00000,0.00000
7,4,1,31,2.27595,1.77948,-0.00875,1.71440,1.32162,-0.00925
7,4,2,1,0.09751,0.07557,-0.00906,0.08710,0.06858,-0.00850
7,4,2,3,0.00360,0.00318,-0.00440,0.00327,0.00279,-0.00557
7,4,3,1,0.68256,0.54172,-0.00822,0.54140,0.53944,-0.00013
7,4,3,3,0.03599,0.03599,0.00000,0.03599,0.03599,0.00000
7,4,3,11,0.00106,0.00092,-0.00529,0.00091,0.00075,-0.00675
7,4,4,1,0.01625,0.01625,0.00000,0.00000,0.00000,0.00000
7,4,5,1,0.01625,0.01310,-0.00767,0.01533,0.01039,-0.01380
7,4,5,3,0.01799,0.01799,0.00000,0.00000,0.00000,0.00000
7,4,6,22,0.15714,0.15714,0.00000,0.00000,0.00000,0.00000
7,4,7,1,0.01015,0.00818,-0.00767,0.01054,0.01783,0.01894
7,4,7,3,0.11187,0.09579,-0.00553,0.09965,0.04217,-0.03024
7,4,7,11,0.00033,0.00000,0.00000,0.00033,0.00000,0.00000
7,4,7,31,0.41510,0.41510,0.00000,0.00000,0.00000,0.00000
7,4,8,1,0.06600,0.06600,0.00000,0.00000,0.00000,0.00000
7,4,8,3,0.01678,0.00000,0.00000,0.01678,0.00000,0.00000
7,4,8,10,0.00002,0.00000,0.00000,0.00002,0.00000,0.00000
7,4,8,11,0.00033,0.00000,0.00000,0.00033,0.00000,0.00000
7,4,9,1,0.08630,0.07170,-0.00660,0.16306,0.16306,0.00000
7,4,9,3,0.02797,0.02395,-0.00553,0.01676,0.01669,-0.00015
7,4,9,10,0.00002,0.00000,0.00000,0.00002,0.00000,0.00000
7,4,9,11,0.00033,0.00000,0.00000,0.00033,0.00000,0.00000
7,4,10,1,0.00005,0.00005,0.00000,0.00000,0.00000,0.00000
7,4,11,1,0.00508,0.00478,-0.00213,0.00507,0.00475,-0.00233
7,4,11,3,0.02237,0.00000,0.00000,0.02237,0.00000,0.00000
7,4,11,11,0.00033,0.00000,0.00000,0.00033,0.00000,0.00000
7,4,12,22,0.03391,0.03391,0.00000,0.00000,0.00000,0.00000
7,4,13,1,0.01166,0.00962,-0.00685,0.01040,0.02728,0.03504
7,4,13,3,0.23155,0.18946,-0.00714,0.17733,0.08421,-0.02625
7,4,13,11,0.00038,0.00000,0.00000,0.00038,0.00000,0.00000
7,4,13,31,0.51128,0.48763,-0.00169,0.50931,0.47631,-0.00239
7,4,14,1,0.18072,0.17024,-0.00213,0.17388,0.16289,-0.00233
7,4,14,3,0.01286,0.00000,0.00000,0.01286,0.00000,0.00000
7,4,14,11,0.00038,0.00000,0.00000,0.00038,0.00000,0.00000
7,4,15,1,0.13991,0.09163,-0.01500,0.09120,0.08227,-0.00367
7,4,15,3,0.02573,0.02573,0.00000,0.00000,0.00000,0.00000
7,4,15,11,0.00038,0.00038,0.00000,0.00000,0.00000,0.00000
7,4,16,1,0.00006,0.00006,0.00000,0.00000,0.00000,0.00000
7,4,17,1,0.00006,0.00004,-0.01008,0.00004,0.00004,-0.00220
7,4,17,3,0.01286,0.01148,-0.00407,0.01148,0.01148,0.00000
7,4,17,11,0.00038,0.00000,0.00000,0.00038,0.00000,0.00000
7,4,18,11,0.00038,0.00000,0.00000,0.00038,0.00000,0.00000
7,4,18,22,0.05386,0.05386,0.00000,0.05386,0.05386,0.00000
7,4,19,1,0.00957,0.00849,-0.00426,0.00849,0.02050,0.03197
7,4,19,3,0.15826,0.14127,-0.00405,0.14123,0.10592,-0.01022
7,4,19,7,0.00407,0.00268,-0.01480,0.00262,0.00225,-0.00543
7,4,19,31,0.36697,0.27431,-0.01034,0.27192,0.25580,-0.00218
7,4,20,1,0.04394,0.04139,-0.00213,0.04244,0.03976,-0.00233
7,4,20,3,0.01857,0.00000,0.00000,0.01857,0.00000,0.00000
7,4,21,1,0.06517,0.06141,-0.00212,0.06401,0.05997,-0.00233
7,4,21,3,0.02321,0.02213,-0.00170,0.02313,0.02163,-0.00239
7,4,21,7,0.00068,0.00000,0.00000,0.00068,0.00000,0.00000
7,4,23,1,0.00572,0.00000,0.00000,0.00572,0.00000,0.00000
7,4,23,3,0.01688,0.01113,-0.01477,0.01089,0.00934,-0.00548
7,4,24,22,0.02743,0.02743,0.00000,0.02743,0.02743,0.00000
8,1,1,1,1.54056,1.31875,-0.00485,1.38314,1.32597,-0.00132
8,1,1,3,0.85837,0.73478,-0.00485,0.77066,0.73881,-0.00132
8,1,1,7,0.04099,0.03510,-0.00485,0.03681,0.03529,-0.00132
8,1,1,10,0.10179,0.08713,-0.00485,0.09139,0.08761,-0.00132
8,1,1,31,6.04885,5.17792,-0.00485,5.43075,5.20629,-0.00132
8,1,2,1,0.27432,0.20854,-0.00853,0.24066,0.18148,-0.00878
8,1,2,31,4.98988,3.79333,-0.00853,4.37767,3.30117,-0.00878
8,1,3,1,1.26586,1.17677,-0.00228,1.19571,1.19571,0.00000
8,1,3,31,1.26128,1.17252,-0.00228,1.19139,1.19139,0.00000
8,1,4,1,4.93655,3.85920,-0.00767,4.48198,2.87305,-0.01380
8,1,4,31,0.44152,0.34516,-0.00767,0.40086,0.25696,-0.01380
8,1,5,1,1.36263,1.28914,-0.00173,1.32442,1.26282,-0.00149
8,1,5,31,4.86100,4.59882,-0.00173,4.72470,4.50495,-0.00149
8,1,6,1,1.34384,1.13782,-0.00519,1.23319,1.07950,-0.00415
8,1,6,31,10.29736,8.71873,-0.00519,9.44959,8.27190,-0.00415
8,1,7,1,0.24739,0.19117,-0.00802,0.21837,0.16945,-0.00790
8,2,1,1,1.54056,1.31875,-0.00485,1.38314,1.32597,-0.00132
8,2,1,3,0.92449,0.79138,-0.00485,0.83001,0.79571,-0.00132
8,2,1,7,0.07144,0.06115,-0.00485,0.06414,0.06149,-0.00132
8,2,1,10,0.00199,0.00170,-0.00485,0.00179,0.00171,-0.00132
8,2,1,31,6.04885,5.17792,-0.00485,5.43075,5.20629,-0.00132
8,2,2,1,0.27432,0.20854,-0.00853,0.24066,0.18148,-0.00878
8,2,2,31,4.98988,3.79333,-0.00853,4.37767,3.30117,-0.00878
8,2,3,1,1.26586,1.17677,-0.00228,1.19571,1.19571,0.00000
8,2,3,31,1.26128,1.17252,-0.00228,1.19139,1.19139,0.00000
8,2,4,1,4.93655,3.85920,-0.00767,4.48198,2.87305,-0.01380
8,2,4,31,0.44152,0.34516,-0.00767,0.40086,0.25696,-0.01380
8,2,5,1,1.36263,1.28914,-0.00173,1.32442,1.26282,-0.00149
8,2,5,31,4.86100,4.59882,-0.00173,4.72470,4.50495,-0.00149
8,2,6,1,1.34384,1.13782,-0.00519,1.23319,1.07950,-0.00415
8,2,6,31,10.29736,8.71873,-0.00519,9.44959,8.27190,-0.00415
8,2,7,1,0.24739,0.19117,-0.00802,0.21837,0.16945,-0.00790
8,3,1,1,1.54056,1.31875,-0.00485,1.38314,1.32597,-0.00132
8,3,1,3,0.92929,0.79549,-0.00485,0.83433,0.79985,-0.00132
8,3,1,7,0.04695,0.04019,-0.00485,0.04215,0.04041,-0.00132
8,3,1,10,0.02289,0.01960,-0.00485,0.02055,0.01970,-0.00132
8,3,1,31,6.04885,5.17792,-0.00485,5.43075,5.20629,-0.00132
8,3,2,1,0.27432,0.20854,-0.00853,0.24066,0.18148,-0.00878
8,3,2,31,4.98988,3.79333,-0.00853,4.37767,3.30117,-0.00878
8,3,3,1,1.26586,1.17677,-0.00228,1.19571,1.19571,0.00000
8,3,3,31,1.26128,1.17252,-0.00228,1.19139,1.19139,0.00000
8,3,4,1,4.93655,3.85920,-0.00767,4.48198,2.87305,-0.01380
8,3,4,31,0.44152,0.34516,-0.00767,0.40086,0.25696,-0.01380
8,3,5,1,1.36263,1.28914,-0.00173,1.32442,1.26282,-0.00149
8,3,5,31,4.86100,4.59882,-0.00173,4.72470,4.50495,-0.00149
8,3,6,1,1.34384,1.13782,-0.00519,1.23319,1.07950,-0.00415
8,3,6,31,10.29736,8.71873,-0.00519,9.44959,8.27190,-0.00415
8,3,7,1,0.24739,0.19117,-0.00802,0.21837,0.16945,-0.00790
8,4,1,1,1.54056,1.31875,-0.00485,1.38314,1.32597,-0.00132
8,4,1,3,0.97943,0.83841,-0.00485,0.87934,0.84300,-0.00132
8,4,1,7,0.00718,0.00614,-0.00485,0.00645,0.00618,-0.00132
8,4,1,10,0.01167,0.00999,-0.00485,0.01047,0.01004,-0.00132
8,4,1,31,6.04885,5.17792,-0.00485,5.43075,5.20629,-0.00132
8,4,2,1,0.27432,0.20854,-0.00853,0.24066,0.18148,-0.00878
8,4,2,31,4.98988,3.79333,-0.00853,4.37767,3.30117,-0.00878
8,4,3,1,1.26586,1.17677,-0.00228,1.19571,1.19571,0.00000
8,4,3,31,1.26128,1.17252,-0.00228,1.19139,1.19139,0.00000
8,4,4,1,4.93655,3.85920,-0.00767,4.48198,2.87305,-0.01380
8,4,4,31,0.44152,0.34516,-0.00767,0.40086,0.25696,-0.01380
8,4,5,1,1.36263,1.28914,-0.00173,1.32442,1.26282,-0.00149
8,4,5,31,4.86100,4.59882,-0.00173,4.72470,4.50495,-0.00149
8,4,6,1,1.34384,1.13782,-0.00519,1.23319,1.07950,-0.00415
8,4,6,31,10.29736,8.71873,-0.00519,9.44959,8.27190,-0.00415
8,4,7,1,0.24739,0.19117,-0.00802,0.21837,0.16945,-0.00790
9,1,1,1,0.07664,0.07330,-0.00159,0.07638,0.07196,-0.00213
9,1,1,3,0.83810,0.79687,-0.00180,0.83538,0.77644,-0.00261
9,1,1,7,0.02734,0.02383,-0.00490,0.00000,0.00000,-0.00606
9,1,1,10,0.00000,0.00000,-0.00435,0.00000,0.00000,-0.00117
9,1,1,11,0.00042,0.00037,-0.00435,0.00042,0.00041,-0.00117
9,1,1,12,0.00040,0.00035,-0.00435,0.00040,0.00038,-0.00117
9,1,1,31,1.88561,1.79285,-0.00180,1.87950,1.74688,-0.00261
9,1,2,1,0.06590,0.06303,-0.00159,0.06570,0.06187,-0.00214
9,1,2,3,0.00418,0.00397,-0.00180,0.00416,0.00387,-0.00257
9,1,2,7,0.00000,0.00000,-0.00435,0.00000,0.00000,-0.00117
9,1,2,10,0.00000,0.00000,-0.00435,0.00000,0.00000,-0.00117
9,1,2,11,0.00000,0.00000,-0.00435,0.00000,0.00000,-0.00117
9,1,2,12,0.00000,0.00000,-0.00435,0.00000,0.00000,-0.00117
9,1,3,1,1.04564,1.00008,-0.00159,1.04231,0.98190,-0.00213
9,1,3,3,0.76759,0.72983,-0.00180,0.76510,0.71112,-0.00261
9,1,3,7,0.00000,0.00000,-0.00435,0.00000,0.00000,-0.00117
9,1,3,10,0.00000,0.00000,-0.00435,0.00000,0.00000,-0.00117
9,1,3,11,0.00084,0.00072,-0.00529,0.00072,0.00059,-0.00675
9,1,3,12,0.00040,0.00035,-0.00457,0.00039,0.00032,-0.00695
9,1,4,1,0.43690,0.41786,-0.00159,0.43551,0.41027,-0.00213
9,1,4,3,0.00000,0.00000,0.00000,0.00000,0.00000,0.00000
9,1,4,7,0.00000,0.00000,0.00000,0.00000,0.00000,0.00000
9,1,4,10,0.00000,0.00000,-0.00435,0.00000,0.00000,-0.00117
9,1,4,11,0.00000,0.00000,0.00000,0.00000,0.00000,0.00000
9,1,4,12,0.00000,0.00000,0.00000,0.00000,0.00000,0.00000
9,1,5,1,0.02218,0.02121,-0.00159,0.02211,0.02082,-0.00213
9,1,5,3,0.10441,0.09921,-0.00182,0.10408,0.09673,-0.00261
9,1,5,7,0.00000,0.00000,-0.00435,0.00000,0.00000,-0.00117
9,1,5,10,0.00000,0.00000,-0.00435,0.00000,0.00000,-0.00117
9,1,5,11,0.00042,0.00000,-0.50309,0.00038,0.00000,-0.50339
9,1,5,12,0.00040,0.00035,-0.00435,0.00040,0.00038,-0.00117
9,1,6,2,0.61044,0.61044,0.00000,0.61044,0.61044,0.00000
9,1,6,5,0.00000,0.00000,-1.00000,0.00000,0.00000,-1.00000
9,1,6,7,0.02734,0.02734,0.00000,0.02734,0.02734,0.00000
9,1,6,10,0.27697,0.00000,-0.50242,0.12269,0.00000,-0.50338
9,1,6,11,0.00042,0.00042,0.00000,0.00042,0.00042,0.00000
9,1,6,13,0.07245,0.07245,0.00000,0.07245,0.05288,-0.01118
9,1,6,19,0.42054,0.00000,-1.00000,0.42054,0.00000,-1.00000
9,1,6,22,0.09734,0.09734,0.00000,0.09734,0.09734,0.00000
9,1,7,1,0.01211,0.01141,-0.00213,0.01196,0.01121,-0.00233
9,1,7,3,1.71365,1.63026,-0.00178,1.70232,1.59156,-0.00240
9,1,7,7,0.00000,0.00000,-0.00396,0.00000,0.00000,-0.00450
9,1,7,10,0.00000,0.00000,-0.00435,0.00000,0.00000,-0.00117
9,1,7,11,0.00047,0.00041,-0.00469,0.00038,0.00032,-0.00675
9,1,7,12,0.01045,0.00920,-0.00453,0.01036,0.00857,-0.00675
9,1,7,31,2.57580,2.45046,-0.00178,2.55875,2.39226,-0.00240
9,1,8,1,0.06852,0.06455,-0.00213,0.06762,0.06334,-0.00233
9,1,8,3,0.02805,0.02668,-0.00178,0.02787,0.02606,-0.00240
9,1,8,7,0.00000,0.00000,-0.00435,0.00000,0.00000,-0.00117
9,1,8,10,0.00000,0.00000,-0.00435,0.00000,0.00000,-0.00117
9,1,8,11,0.00000,0.00000,-0.00435,0.00000,0.00000,-0.00117
9,1,8,12,0.00015,0.00013,-0.00435,0.00015,0.00014,-0.00117
9,1,9,1,0.37579,0.35401,-0.00213,0.37088,0.34743,-0.00233
9,1,9,3,0.10129,0.09636,-0.00178,0.10062,0.09407,-0.00240
9,1,9,7,0.00000,0.00000,-0.00435,0.00000,0.00000,-0.00117
9,1,9,10,0.00000,0.00000,-0.00435,0.00000,0.00000,-0.00117
9,1,9,11,0.00047,0.00041,-0.00469,0.00041,0.00034,-0.00675
9,1,9,12,0.00030,0.00026,-0.00453,0.00015,0.00012,-0.00675
9,1,10,1,0.05127,0.04830,-0.00213,0.05059,0.04740,-0.00233
9,1,10,3,0.00000,0.00000,0.00000,0.00000,0.00000,0.00000
9,1,10,7,0.00000,0.00000,0.00000,0.00000,0.00000,0.00000
9,1,10,10,0.00000,0.00000,-0.00435,0.00000,0.00000,-0.00117
9,1,10,11,0.00000,0.00000,0.00000,0.00000,0.00000,0.00000
9,1,10,12,0.00000,0.00000,0.00000,0.00000,0.00000,0.00000
9,1,11,1,0.00017,0.00016,-0.00213,0.00017,0.00016,-0.00234
9,1,11,3,0.23374,0.22236,-0.00178,0.23218,0.21707,-0.00240
9,1,11,7,0.07140,0.06389,-0.00396,0.06411,0.05651,-0.00450
9,1,11,10,0.00000,0.00000,-0.00435,0.00000,0.00000,-0.00117
9,1,11,11,0.00063,0.00055,-0.00469,0.00048,0.00040,-0.00675
9,1,11,12,0.00022,0.00020,-0.00435,0.00022,0.00022,-0.00117
9,1,12,2,0.00000,0.00000,-1.00000,0.00000,0.00000,-1.00000
9,1,12,5,1.15938,1.15938,0.00000,1.15938,1.15938,0.00000
9,1,12,7,0.22492,0.00000,-1.00000,0.22492,0.00000,-1.00000
9,1,12,10,0.00000,0.00000,-0.00435,0.00000,0.00000,-0.00117
9,1,12,11,0.00643,0.00569,-0.00435,0.00643,0.00622,-0.00117
9,1,12,13,2.77974,0.00000,-1.00000,2.77974,0.00000,-1.00000
9,1,12,19,0.32726,0.00000,-1.00000,0.32726,0.00000,-1.00000
9,1,12,22,0.13352,0.13352,0.00000,0.13352,0.13352,0.00000
9,1,13,1,0.03871,0.03687,-0.00173,0.03858,0.03628,-0.00219
9,1,13,3,0.64636,0.61646,-0.00169,0.64388,0.60216,-0.00239
9,1,13,7,0.00081,0.00072,-0.00435,0.00081,0.00079,-0.00117
9,1,13,10,0.00000,0.00000,-0.00435,0.00000,0.00000,-0.00117
9,1,13,11,0.00025,0.00022,-0.00469,0.00021,0.00018,-0.00675
9,1,13,12,0.00035,0.00031,-0.00435,0.00035,0.00034,-0.00117
9,1,13,31,2.56506,2.44641,-0.00169,2.55520,2.38961,-0.00239
9,1,14,1,0.01265,0.01206,-0.00172,0.01261,0.01186,-0.00219
9,1,14,3,0.00746,0.00711,-0.00170,0.00742,0.00694,-0.00239
9,1,14,7,0.00081,0.00072,-0.00435,0.00081,0.00079,-0.00117
9,1,14,10,0.00000,0.00000,-0.00435,0.00000,0.00000,-0.00117
9,1,14,11,0.00050,0.00044,-0.00435,0.00050,0.00048,-0.00117
9,1,14,12,0.00024,0.00021,-0.00435,0.00024,0.00023,-0.00117
9,1,15,1,0.36185,0.34482,-0.00172,0.36080,0.33931,-0.00219
9,1,15,3,0.05221,0.04978,-0.00170,0.05200,0.04862,-0.00240
9,1,15,7,0.00081,0.00072,-0.00435,0.00081,0.00079,-0.00117
9,1,15,10,0.00000,0.00000,-0.00435,0.00000,0.00000,-0.00117
9,1,15,11,0.00075,0.00066,-0.00469,0.00062,0.00051,-0.00675
9,1,15,12,0.00024,0.00021,-0.00453,0.00023,0.00019,-0.00675
9,1,16,1,0.00000,0.00000,-0.00172,0.00000,0.00000,-0.00219
9,1,16,3,0.00000,0.00000,0.00000,0.00000,0.00000,0.00000
9,1,16,7,0.00000,0.00000,-0.00435,0.00000,0.00000,-0.00117
9,1,16,10,0.00000,0.00000,-0.00435,0.00000,0.00000,-0.00117
9,1,16,11,0.00000,0.00000,0.00000,0.00000,0.00000,0.00000
9,1,16,12,0.00000,0.00000,0.00000,0.00000,0.00000,0.00000
9,1,17,1,0.01093,0.01042,-0.00171,0.01089,0.01024,-0.00219
9,1,17,3,0.05718,0.05455,-0.00168,0.05698,0.05328,-0.00239
9,1,17,7,0.00000,0.00000,-0.00435,0.00000,0.00000,-0.00117
9,1,17,10,0.00000,0.00000,-0.00435,0.00000,0.00000,-0.00117
9,1,17,11,0.00050,0.00044,-0.00469,0.00041,0.00034,-0.00675
9,1,17,12,0.00721,0.00638,-0.00435,0.00721,0.00698,-0.00117
9,1,18,2,0.06071,0.06071,0.00000,0.06071,0.06071,0.00000
9,1,18,5,0.00000,0.00000,-1.00000,0.00000,0.00000,-1.00000
9,1,18,7,0.00000,0.00000,-0.00435,0.00000,0.00000,-0.00117
9,1,18,10,0.00000,0.00000,-0.00435,0.00000,0.00000,-0.00117
9,1,18,11,0.00050,0.00044,-0.00435,0.00050,0.00048,-0.00117
9,1,18,13,2.03555,2.03555,0.00000,2.03555,2.03555,0.00000
9,1,18,19,0.12322,0.00000,-1.00000,0.12322,0.00000,-1.00000
9,1,18,22,0.10238,0.00000,-0.50000,0.10238,0.00000,-0.50000
9,1,19,1,0.00068,0.00056,-0.00694,0.00055,0.00053,-0.00187
9,1,19,3,3.69197,3.52515,-0.00165,3.58119,3.43668,-0.00147
9,1,19,7,0.08709,0.07707,-0.00435,0.08709,0.08430,-0.00117
9,1,19,10,0.00000,0.00000,-0.00435,0.00000,0.00000,-0.00117
9,1,19,11,0.00268,0.00237,-0.00435,0.00268,0.00259,-0.00117
9,1,19,12,0.00127,0.00112,-0.00435,0.00127,0.00122,-0.00117
9,1,19,31,1.60213,1.52974,-0.00165,1.55413,1.49142,-0.00147
9,1,20,1,0.06745,0.06553,-0.00103,0.06712,0.06465,-0.00134
9,1,20,3,0.01330,0.01177,-0.00435,0.01330,0.01288,-0.00117
9,1,20,7,0.00000,0.00000,-0.00435,0.00000,0.00000,-0.00117
9,1,20,10,0.00000,0.00000,-0.00435,0.00000,0.00000,-0.00117
9,1,20,11,0.00000,0.00000,-0.00435,0.00000,0.00000,-0.00117
9,1,20,12,0.00063,0.00056,-0.00435,0.00063,0.00061,-0.00117
9,1,21,1,0.53982,0.52476,-0.00101,0.53745,0.51764,-0.00134
9,1,21,3,0.03326,0.03176,-0.00165,0.03229,0.03104,-0.00141
9,1,21,7,0.00000,0.00000,-0.00435,0.00000,0.00000,-0.00117
9,1,21,10,0.00000,0.00000,-0.00435,0.00000,0.00000,-0.00117
9,1,21,11,0.00268,0.00235,-0.00469,0.00229,0.00189,-0.00675
9,1,21,12,0.00127,0.00111,-0.00453,0.00116,0.00096,-0.00675
9,1,22,1,0.03355,0.03091,-0.00292,0.03256,0.03010,-0.00281
9,1,22,3,0.00000,0.00000,0.00000,0.00000,0.00000,0.00000
9,1,22,7,0.00000,0.00000,-0.00435,0.00000,0.00000,-0.00117
9,1,22,10,0.00000,0.00000,-0.00435,0.00000,0.00000,-0.00117
9,1,22,11,0.00000,0.00000,0.00000,0.00000,0.00000,0.00000
9,1,22,12,0.00000,0.00000,0.00000,0.00000,0.00000,0.00000
9,1,23,1,0.00034,0.00031,-0.00292,0.00033,0.00030,-0.00281
9,1,23,3,1.16413,1.11029,-0.00169,1.12890,1.08335,-0.00147
9,1,23,7,0.00000,0.00000,-0.00435,0.00000,0.00000,-0.00117
9,1,23,10,0.00000,0.00000,-0.00435,0.00000,0.00000,-0.00117
9,1,23,11,0.00268,0.00235,-0.00469,0.00221,0.00183,-0.00675
9,1,23,12,0.00000,0.00000,-0.00435,0.00000,0.00000,-0.00117
9,1,24,2,0.00000,0.00000,-1.00000,0.00000,0.00000,-1.00000
9,1,24,5,0.00000,0.00000,-1.00000,0.00000,0.00000,-1.00000
9,1,24,7,9.75433,8.63224,-0.00435,9.75433,9.44109,-0.00117
9,1,24,10,0.00000,0.00000,-0.00435,0.00000,0.00000,-0.00117
9,1,24,11,0.00000,0.00000,-0.00435,0.00000,0.00000,-0.00117
9,1,24,13,0.01165,0.01165,0.00000,0.01165,0.00849,-0.01124
9,1,24,19,0.21290,0.21290,0.00000,0.21290,0.18769,-0.00449
9,1,24,22,0.19970,0.00000,-0.50000,0.19970,0.00000,-0.50000
9,2,1,1,0.19264,0.18425,-0.00159,0.19203,0.18090,-0.00213
9,2,1,3,1.54710,1.47099,-0.00180,1.54208,1.43327,-0.00261
9,2,1,7,0.05181,0.04515,-0.00490,0.00000,0.00000,-0.00606
9,2,1,10,0.00000,0.00000,0.00000,0.00000,0.00000,0.00000
9,2,1,11,0.00147,0.00000,0.00000,0.00147,0.00000,0.00000
9,2,1,12,0.00178,0.00000,0.00000,0.00178,0.00000,0.00000
9,2,1,31,7.92582,7.53592,-0.00180,7.90013,7.34268,-0.00261
9,2,2,1,0.16565,0.15844,-0.00159,0.16513,0.15556,-0.00213
9,2,2,3,0.00716,0.00680,-0.00181,0.00713,0.00663,-0.00261
9,2,2,7,0.00000,0.00000,0.00000,0.00000,0.00000,0.00000
9,2,2,10,0.00000,0.00000,0.00000,0.00000,0.00000,0.00000
9,2,2,11,0.00000,0.00000,0.00000,0.00000,0.00000,0.00000
9,2,2,12,0.00000,0.00000,0.00000,0.00000,0.00000,0.00000
9,2,3,1,2.62837,2.51383,-0.00159,2.61999,2.46814,-0.00213
9,2,3,3,1.31519,1.25049,-0.00180,1.31093,1.21843,-0.00261
9,2,3,7,0.00000,0.00000,0.00000,0.00000,0.00000,0.00000
9,2,3,10,0.00000,0.00000,0.00000,0.00000,0.00000,0.00000
9,2,3,11,0.00295,0.00254,-0.00529,0.00249,0.00206,-0.00675
9,2,3,12,0.00178,0.00156,-0.00457,0.00176,0.00145,-0.00695
9,2,4,1,1.09822,1.05036,-0.00159,1.09471,1.03127,-0.00213
9,2,4,3,0.00000,0.00000,0.00000,0.00000,0.00000,0.00000
9,2,4,7,0.00000,0.00000,0.00000,0.00000,0.00000,0.00000
9,2,4,10,0.00000,0.00000,0.00000,0.00000,0.00000,0.00000
9,2,4,11,0.00000,0.00000,0.00000,0.00000,0.00000,0.00000
9,2,4,12,0.00000,0.00000,0.00000,0.00000,0.00000,0.00000
9,2,5,1,0.05575,0.05332,-0.00159,0.05557,0.05235,-0.00213
9,2,5,3,0.17889,0.17009,-0.00180,0.17831,0.16573,-0.00261
9,2,5,7,0.00000,0.00000,0.00000,0.00000,0.00000,0.00000
9,2,5,10,0.00000,0.00000,0.00000,0.00000,0.00000,0.00000
9,2,5,11,0.00147,0.00000,-0.50309,0.00135,0.00000,-0.50339
9,2,5,12,0.00178,0.00000,0.00000,0.00178,0.00000,0.00000
9,2,6,2,0.00000,0.00000,-1.00000,0.00000,0.00000,-1.00000
9,2,6,5,0.00000,0.00000,-1.00000,0.00000,0.00000,-1.00000
9,2,6,7,0.05181,0.00000,-1.00000,0.05181,0.00000,-1.00000
9,2,6,10,0.37626,0.00000,-1.00000,0.37626,0.00000,-1.00000
9,2,6,11,0.00147,0.00147,0.00000,0.00147,0.00147,0.00000
9,2,6,13,0.07576,0.07576,0.00000,0.07576,0.05522,-0.01123
9,2,6,19,1.29368,0.00000,-1.00000,1.29368,0.00000,-1.00000
9,2,6,22,0.29943,0.29943,0.00000,0.29943,0.29943,0.00000
9,2,7,1,0.01440,0.01357,-0.00213,0.01421,0.01331,-0.00233
9,2,7,3,1.31642,1.25236,-0.00178,1.30772,1.22263,-0.00240
9,2,7,7,0.00000,0.00000,-0.00396,0.00000,0.00000,-0.00450
9,2,7,10,0.00000,0.00000,0.00000,0.00000,0.00000,0.00000
9,2,7,11,0.00078,0.00068,-0.00469,0.00064,0.00053,-0.00675
9,2,7,12,0.02212,0.01948,-0.00453,0.01462,0.01209,-0.00675
9,2,7,31,5.68777,5.41100,-0.00178,5.65018,5.28254,-0.00240
9,2,8,1,0.08146,0.07673,-0.00213,0.08038,0.07530,-0.00233
9,2,8,3,0.02273,0.02162,-0.00178,0.02259,0.02112,-0.00240
9,2,8,7,0.00000,0.00000,0.00000,0.00000,0.00000,0.00000
9,2,8,10,0.00000,0.00000,0.00000,0.00000,0.00000,0.00000
9,2,8,11,0.00000,0.00000,0.00000,0.00000,0.00000,0.00000
9,2,8,12,0.00031,0.00000,0.00000,0.00031,0.00000,0.00000
9,2,9,1,0.44676,0.42087,-0.00213,0.44092,0.41304,-0.00233
9,2,9,3,0.08208,0.07808,-0.00178,0.08151,0.07621,-0.00240
9,2,9,7,0.00000,0.00000,0.00000,0.00000,0.00000,0.00000
9,2,9,10,0.00000,0.00000,0.00000,0.00000,0.00000,0.00000
9,2,9,11,0.00078,0.00068,-0.00469,0.00067,0.00055,-0.00675
9,2,9,12,0.00063,0.00055,-0.00453,0.00062,0.00051,-0.00675
9,2,10,1,0.06096,0.05742,-0.00213,0.06019,0.05638,-0.00233
9,2,10,3,0.00000,0.00000,0.00000,0.00000,0.00000,0.00000
9,2,10,7,0.00000,0.00000,0.00000,0.00000,0.00000,0.00000
9,2,10,10,0.00000,0.00000,0.00000,0.00000,0.00000,0.00000
9,2,10,11,0.00000,0.00000,0.00000,0.00000,0.00000,0.00000
9,2,10,12,0.00000,0.00000,0.00000,0.00000,0.00000,0.00000
9,2,11,1,0.00020,0.00019,-0.00212,0.00020,0.00018,-0.00233
9,2,11,3,0.18941,0.18020,-0.00178,0.18817,0.17592,-0.00240
9,2,11,7,0.06400,0.05727,-0.00396,0.05749,0.05067,-0.00450
9,2,11,10,0.00000,0.00000,0.00000,0.00000,0.00000,0.00000
9,2,11,11,0.00104,0.00091,-0.00469,0.00084,0.00069,-0.00675
9,2,11,12,0.00047,0.00000,0.00000,0.00047,0.00000,0.00000
9,2,12,2,0.00000,0.00000,-1.00000,0.00000,0.00000,-1.00000
9,2,12,5,0.00000,0.00000,-1.00000,0.00000,0.00000,-1.00000
9,2,12,7,0.20160,0.00000,-1.00000,0.20160,0.00000,-1.00000
9,2,12,10,0.00000,0.00000,0.00000,0.00000,0.00000,0.00000
9,2,12,11,0.01066,0.00000,0.00000,0.01066,0.00000,0.00000
9,2,12,13,1.55698,1.55698,0.00000,1.55698,1.55698,0.00000
9,2,12,19,0.65805,0.00000,-1.00000,0.65805,0.00000,-1.00000
9,2,12,22,0.19426,0.19426,0.00000,0.19426,0.19426,0.00000
9,2,13,1,0.07038,0.06707,-0.00172,0.07014,0.06596,-0.00219
9,2,13,3,0.80111,0.76406,-0.00169,0.79806,0.74634,-0.00239
9,2,13,7,0.00112,0.00000,0.00000,0.00112,0.00000,0.00000
9,2,13,10,0.00000,0.00000,0.00000,0.00000,0.00000,0.00000
9,2,13,11,0.00063,0.00056,-0.00469,0.00054,0.00045,-0.00675
9,2,13,12,0.00115,0.00000,0.00000,0.00115,0.00000,0.00000
9,2,13,31,4.49443,4.28654,-0.00169,4.47721,4.18706,-0.00239
9,2,14,1,0.02301,0.02192,-0.00172,0.02294,0.02157,-0.00219
9,2,14,3,0.00924,0.00882,-0.00169,0.00921,0.00861,-0.00239
9,2,14,7,0.00112,0.00000,0.00000,0.00112,0.00000,0.00000
9,2,14,10,0.00000,0.00000,0.00000,0.00000,0.00000,0.00000
9,2,14,11,0.00127,0.00000,0.00000,0.00127,0.00000,0.00000
9,2,14,12,0.00077,0.00000,0.00000,0.00077,0.00000,0.00000
9,2,15,1,0.65795,0.62698,-0.00172,0.65605,0.61699,-0.00219
9,2,15,3,0.06471,0.06168,-0.00171,0.06448,0.06030,-0.00239
9,2,15,7,0.00112,0.00000,0.00000,0.00112,0.00000,0.00000
9,2,15,10,0.00000,0.00000,0.00000,0.00000,0.00000,0.00000
9,2,15,11,0.00190,0.00167,-0.00469,0.00158,0.00131,-0.00675
9,2,15,12,0.00077,0.00067,-0.00453,0.00076,0.00063,-0.00675
9,2,16,1,0.00000,0.00000,-0.00172,0.00000,0.00000,-0.00219
9,2,16,3,0.00000,0.00000,0.00000,0.00000,0.00000,0.00000
9,2,16,7,0.00000,0.00000,0.00000,0.00000,0.00000,0.00000
9,2,16,10,0.00000,0.00000,0.00000,0.00000,0.00000,0.00000
9,2,16,11,0.00000,0.00000,0.00000,0.00000,0.00000,0.00000
9,2,16,12,0.00000,0.00000,0.00000,0.00000,0.00000,0.00000
9,2,17,1,0.01987,0.01894,-0.00172,0.01982,0.01862,-0.00221
9,2,17,3,0.07087,0.06761,-0.00168,0.07061,0.06603,-0.00239
9,2,17,7,0.00000,0.00000,0.00000,0.00000,0.00000,0.00000
9,2,17,10,0.00000,0.00000,0.00000,0.00000,0.00000,0.00000
9,2,17,11,0.00127,0.00111,-0.00469,0.00108,0.00089,-0.00675
9,2,17,12,0.02335,0.00000,0.00000,0.02335,0.00000,0.00000
9,2,18,2,0.00000,0.00000,-1.00000,0.00000,0.00000,-1.00000
9,2,18,7,0.00000,0.00000,0.00000,0.00000,0.00000,0.00000
9,2,18,10,0.00000,0.00000,0.00000,0.00000,0.00000,0.00000
9,2,18,11,0.00127,0.00000,0.00000,0.00127,0.00000,0.00000
9,2,18,13,1.74380,1.74380,0.00000,1.74380,1.74380,0.00000
9,2,18,19,0.27420,0.00000,-1.00000,0.27420,0.00000,-1.00000
9,2,18,22,0.22783,0.00000,-0.50000,0.22783,0.00000,-0.50000
9,2,19,1,0.00054,0.00044,-0.00694,0.00044,0.00042,-0.00187
9,2,19,3,1.05847,1.01064,-0.00165,1.02671,0.98528,-0.00147
9,2,19,7,0.05228,0.00000,0.00000,0.05228,0.00000,0.00000
9,2,19,10,0.00000,0.00000,0.00000,0.00000,0.00000,0.00000
9,2,19,11,0.00297,0.00000,0.00000,0.00297,0.00000,0.00000
9,2,19,12,0.00179,0.00000,0.00000,0.00179,0.00000,0.00000
9,2,19,31,0.90882,0.86775,-0.00165,0.88156,0.84599,-0.00147
9,2,20,1,0.05370,0.05220,-0.00101,0.05347,0.05149,-0.00135
9,2,20,3,0.00722,0.00000,0.00000,0.00722,0.00000,0.00000
9,2,20,7,0.00000,0.00000,0.00000,0.00000,0.00000,0.00000
9,2,20,10,0.00000,0.00000,0.00000,0.00000,0.00000,0.00000
9,2,20,11,0.00000,0.00000,0.00000,0.00000,0.00000,0.00000
9,2,20,12,0.00090,0.00000,0.00000,0.00090,0.00000,0.00000
9,2,21,1,0.42980,0.41769,-0.00102,0.42793,0.41216,-0.00134
9,2,21,3,0.01805,0.01724,-0.00165,0.01751,0.01680,-0.00147
9,2,21,7,0.00000,0.00000,0.00000,0.00000,0.00000,0.00000
9,2,21,10,0.00000,0.00000,0.00000,0.00000,0.00000,0.00000
9,2,21,11,0.00297,0.00261,-0.00469,0.00249,0.00206,-0.00675
9,2,21,12,0.00179,0.00158,-0.00453,0.00162,0.00134,-0.00675
9,2,22,1,0.02671,0.02461,-0.00292,0.02612,0.02414,-0.00281
9,2,22,3,0.00000,0.00000,0.00000,0.00000,0.00000,0.00000
9,2,22,7,0.00000,0.00000,0.00000,0.00000,0.00000,0.00000
9,2,22,10,0.00000,0.00000,0.00000,0.00000,0.00000,0.00000
9,2,22,11,0.00000,0.00000,0.00000,0.00000,0.00000,0.00000
9,2,22,12,0.00000,0.00000,0.00000,0.00000,0.00000,0.00000
9,2,23,1,0.00027,0.00025,-0.00292,0.00026,0.00024,-0.00281
9,2,23,3,0.63179,0.60324,-0.00165,0.61284,0.58811,-0.00147
9,2,23,7,0.00000,0.00000,0.00000,0.00000,0.00000,0.00000
9,2,23,10,0.00000,0.00000,0.00000,0.00000,0.00000,0.00000
9,2,23,11,0.00297,0.00261,-0.00469,0.00253,0.00209,-0.00675
9,2,23,12,0.00000,0.00000,0.00000,0.00000,0.00000,0.00000
9,2,24,2,8.93953,8.93953,0.00000,8.93953,8.93953,0.00000
9,2,24,7,5.85526,0.00000,0.00000,5.85526,0.00000,0.00000
9,2,24,10,0.00000,0.00000,0.00000,0.00000,0.00000,0.00000
9,2,24,11,0.00000,0.00000,0.00000,0.00000,0.00000,0.00000
9,2,24,13,0.00437,0.00437,0.00000,0.00437,0.00437,0.00000
9,2,24,19,0.20745,0.20745,0.00000,0.20745,0.19477,-0.00225
9,2,24,22,0.19459,0.00000,-0.50000,0.19459,0.00000,-0.50000
9,3,1,1,0.14359,0.13733,-0.00159,0.14314,0.13485,-0.00213
9,3,1,3,1.69643,1.61298,-0.00180,1.69093,1.57161,-0.00261
9,3,1,7,0.00670,0.00637,-0.00181,0.00668,0.00621,-0.00261
9,3,1,10,0.00000,0.00000,-0.00366,0.00000,0.00000,-0.00128
9,3,1,11,0.00083,0.00075,-0.00366,0.00083,0.00080,-0.00128
9,3,1,12,0.00301,0.00272,-0.00366,0.00301,0.00290,-0.00128
9,3,1,31,3.85740,3.66764,-0.00180,3.84489,3.57359,-0.00261
9,3,2,1,0.12347,0.11809,-0.00159,0.12307,0.11593,-0.00213
9,3,2,3,0.00908,0.00864,-0.00181,0.00906,0.00842,-0.00261
9,3,2,7,0.00000,0.00000,-0.00366,0.00000,0.00000,-0.00128
9,3,2,10,0.00000,0.00000,-0.00366,0.00000,0.00000,-0.00128
9,3,2,11,0.00000,0.00000,-0.00366,0.00000,0.00000,-0.00128
9,3,2,12,0.00000,0.00000,-0.00366,0.00000,0.00000,-0.00128
9,3,3,1,1.95911,1.87374,-0.00159,1.95286,1.83968,-0.00213
9,3,3,3,1.66972,1.58758,-0.00180,1.66430,1.54687,-0.00261
9,3,3,7,0.00000,0.00000,-0.00366,0.00000,0.00000,-0.00128
9,3,3,10,0.00000,0.00000,-0.00366,0.00000,0.00000,-0.00128
9,3,3,11,0.00166,0.00143,-0.00529,0.00139,0.00115,-0.00675
9,3,3,12,0.00301,0.00265,-0.00457,0.00264,0.00217,-0.00695
9,3,4,1,0.81858,0.78291,-0.00159,0.81598,0.76868,-0.00213
9,3,4,3,0.00000,0.00000,0.00000,0.00000,0.00000,0.00000
9,3,4,7,0.00000,0.00000,0.00000,0.00000,0.00000,0.00000
9,3,4,10,0.00000,0.00000,-0.00366,0.00000,0.00000,-0.00128
9,3,4,11,0.00000,0.00000,0.00000,0.00000,0.00000,0.00000
9,3,4,12,0.00000,0.00000,0.00000,0.00000,0.00000,0.00000
9,3,5,1,0.04155,0.03974,-0.00159,0.04142,0.03902,-0.00213
9,3,5,3,0.22711,0.21594,-0.00180,0.22637,0.21040,-0.00261
9,3,5,7,0.00000,0.00000,-0.00366,0.00000,0.00000,-0.00128
9,3,5,10,0.00000,0.00000,-0.00366,0.00000,0.00000,-0.00128
9,3,5,11,0.00083,0.00000,-0.50309,0.00075,0.00000,-0.50339
9,3,5,12,0.00301,0.00272,-0.00366,0.00301,0.00290,-0.00128
9,3,6,2,0.65829,0.65829,0.00000,0.65829,0.65829,0.00000
9,3,6,5,0.00000,0.00000,-1.00000,0.00000,0.00000,-1.00000
9,3,6,7,0.00670,0.00000,-1.00000,0.00670,0.00000,-1.00000
9,3,6,10,0.60859,0.00000,-1.00000,0.60859,0.00000,-1.00000
9,3,6,11,0.00083,0.00083,0.00000,0.00083,0.00083,0.00000
9,3,6,13,0.93516,0.00000,-1.00000,0.93516,0.00000,-1.00000
9,3,6,19,2.72508,0.00000,-1.00000,2.72508,0.00000,-1.00000
9,3,6,22,0.63074,0.63074,0.00000,0.63074,0.63074,0.00000
9,3,7,1,0.01506,0.01419,-0.00212,0.01487,0.01393,-0.00233
9,3,7,3,2.56778,2.44283,-0.00178,2.55079,2.38482,-0.00240
9,3,7,7,0.00000,0.00000,-0.00396,0.00000,0.00000,-0.00450
9,3,7,10,0.00000,0.00000,-0.00366,0.00000,0.00000,-0.00128
9,3,7,11,0.00062,0.00054,-0.00469,0.00054,0.00044,-0.00675
9,3,7,12,0.05251,0.04624,-0.00453,0.04782,0.03956,-0.00675
9,3,7,31,3.72580,3.54450,-0.00178,3.70117,3.46034,-0.00240
9,3,8,1,0.08517,0.08023,-0.00213,0.08406,0.07875,-0.00233
9,3,8,3,0.04048,0.03852,-0.00177,0.04021,0.03761,-0.00239
9,3,8,7,0.00000,0.00000,-0.00366,0.00000,0.00000,-0.00128
9,3,8,10,0.00000,0.00000,-0.00366,0.00000,0.00000,-0.00128
9,3,8,11,0.00000,0.00000,-0.00366,0.00000,0.00000,-0.00128
9,3,8,12,0.00074,0.00067,-0.00366,0.00074,0.00072,-0.00128
9,3,9,1,0.46714,0.44006,-0.00213,0.46103,0.43188,-0.00233
9,3,9,3,0.14618,0.13906,-0.00178,0.14520,0.13575,-0.00240
9,3,9,7,0.00000,0.00000,-0.00366,0.00000,0.00000,-0.00128
9,3,9,10,0.00000,0.00000,-0.00366,0.00000,0.00000,-0.00128
9,3,9,11,0.00062,0.00054,-0.00469,0.00052,0.00043,-0.00675
9,3,9,12,0.00149,0.00131,-0.00453,0.00127,0.00105,-0.00675
9,3,10,1,0.06374,0.06006,-0.00212,0.06295,0.05899,-0.00232
9,3,10,3,0.00000,0.00000,0.00000,0.00000,0.00000,0.00000
9,3,10,7,0.00000,0.00000,0.00000,0.00000,0.00000,0.00000
9,3,10,10,0.00000,0.00000,-0.00366,0.00000,0.00000,-0.00128
9,3,10,11,0.00000,0.00000,0.00000,0.00000,0.00000,0.00000
9,3,10,12,0.00000,0.00000,0.00000,0.00000,0.00000,0.00000
9,3,11,1,0.00021,0.00020,-0.00212,0.00021,0.00019,-0.00232
9,3,11,3,0.33733,0.32092,-0.00178,0.33508,0.31327,-0.00240
9,3,11,7,0.01162,0.01040,-0.00396,0.01043,0.00919,-0.00450
9,3,11,10,0.00000,0.00000,-0.00366,0.00000,0.00000,-0.00128
9,3,11,11,0.00082,0.00072,-0.00469,0.00064,0.00053,-0.00675
9,3,11,12,0.00112,0.00101,-0.00366,0.00112,0.00108,-0.00128
9,3,12,2,0.79024,0.79024,0.00000,0.79024,0.79024,0.00000
9,3,12,5,2.25453,2.25453,0.00000,2.25453,2.25453,0.00000
9,3,12,7,0.03660,0.00000,-1.00000,0.03660,0.00000,-1.00000
9,3,12,10,0.00000,0.00000,-0.00366,0.00000,0.00000,-0.00128
9,3,12,11,0.00844,0.00762,-0.00366,0.00844,0.00814,-0.00128
9,3,12,13,19.69596,19.69596,0.00000,19.69596,19.69596,0.00000
9,3,12,19,2.21298,2.21298,0.00000,2.21298,2.21298,0.00000
9,3,12,22,0.57403,0.57403,0.00000,0.57403,0.57403,0.00000
9,3,13,1,0.05177,0.04933,-0.00172,0.05162,0.04855,-0.00219
9,3,13,3,0.83941,0.80058,-0.00169,0.83619,0.78200,-0.00239
9,3,13,7,0.00014,0.00013,-0.00366,0.00014,0.00014,-0.00128
9,3,13,10,0.00000,0.00000,-0.00366,0.00000,0.00000,-0.00128
9,3,13,11,0.00035,0.00031,-0.00469,0.00030,0.00025,-0.00675
9,3,13,12,0.00192,0.00173,-0.00366,0.00192,0.00185,-0.00128
9,3,13,31,3.98664,3.80224,-0.00169,3.97136,3.71399,-0.00239
9,3,14,1,0.01692,0.01613,-0.00172,0.01687,0.01587,-0.00219
9,3,14,3,0.01158,0.01105,-0.00169,0.01154,0.01079,-0.00239
9,3,14,7,0.00014,0.00013,-0.00366,0.00014,0.00014,-0.00128
9,3,14,10,0.00000,0.00000,-0.00366,0.00000,0.00000,-0.00128
9,3,14,11,0.00071,0.00064,-0.00366,0.00071,0.00068,-0.00128
9,3,14,12,0.00128,0.00115,-0.00366,0.00128,0.00123,-0.00128
9,3,15,1,0.48397,0.46120,-0.00172,0.48256,0.45383,-0.00219
9,3,15,3,0.08107,0.07732,-0.00169,0.08077,0.07554,-0.00239
9,3,15,7,0.00014,0.00013,-0.00366,0.00014,0.00014,-0.00128
9,3,15,10,0.00000,0.00000,-0.00366,0.00000,0.00000,-0.00128
9,3,15,11,0.00106,0.00093,-0.00469,0.00087,0.00072,-0.00675
9,3,15,12,0.00128,0.00113,-0.00453,0.00114,0.00094,-0.00675
9,3,16,1,0.00000,0.00000,-0.00172,0.00000,0.00000,-0.00219
9,3,16,3,0.00000,0.00000,0.00000,0.00000,0.00000,0.00000
9,3,16,7,0.00000,0.00000,-0.00366,0.00000,0.00000,-0.00128
9,3,16,10,0.00000,0.00000,-0.00366,0.00000,0.00000,-0.00128
9,3,16,11,0.00000,0.00000,0.00000,0.00000,0.00000,0.00000
9,3,16,12,0.00000,0.00000,0.00000,0.00000,0.00000,0.00000
9,3,17,1,0.01462,0.01393,-0.00173,0.01459,0.01372,-0.00220
9,3,17,3,0.08879,0.08468,-0.00169,0.08845,0.08272,-0.00239
9,3,17,7,0.00000,0.00000,-0.00366,0.00000,0.00000,-0.00128
9,3,17,10,0.00000,0.00000,-0.00366,0.00000,0.00000,-0.00128
9,3,17,11,0.00071,0.00062,-0.00469,0.00061,0.00051,-0.00675
9,3,17,12,0.03900,0.03520,-0.00366,0.03900,0.03762,-0.00128
9,3,18,2,1.32411,1.32411,0.00000,1.32411,1.32411,0.00000
9,3,18,7,0.00000,0.00000,-0.00366,0.00000,0.00000,-0.00128
9,3,18,10,0.00000,0.00000,-0.00366,0.00000,0.00000,-0.00128
9,3,18,11,0.00071,0.00064,-0.00366,0.00071,0.00068,-0.00128
9,3,18,13,15.51868,15.51868,0.00000,15.51868,15.51868,0.00000
9,3,18,19,0.57000,0.57000,0.00000,0.57000,0.57000,0.00000
9,3,18,22,0.47361,0.00000,-0.50000,0.47361,0.00000,-0.50000
9,3,19,1,0.00056,0.00046,-0.00694,0.00046,0.00043,-0.00187
9,3,19,3,2.09245,1.99790,-0.00165,2.02967,1.94777,-0.00147
9,3,19,7,0.00942,0.00850,-0.00366,0.00942,0.00908,-0.00128
9,3,19,10,0.00000,0.00000,-0.00366,0.00000,0.00000,-0.00128
9,3,19,11,0.00234,0.00211,-0.00366,0.00234,0.00225,-0.00128
9,3,19,12,0.00423,0.00381,-0.00366,0.00423,0.00408,-0.00128
9,3,19,31,1.56112,1.49058,-0.00165,1.51429,1.45318,-0.00147
9,3,20,1,0.05571,0.05415,-0.00101,0.05547,0.05344,-0.00133
9,3,20,3,0.01276,0.01152,-0.00366,0.01276,0.01231,-0.00128
9,3,20,7,0.00000,0.00000,-0.00366,0.00000,0.00000,-0.00128
9,3,20,10,0.00000,0.00000,-0.00366,0.00000,0.00000,-0.00128
9,3,20,11,0.00000,0.00000,-0.00366,0.00000,0.00000,-0.00128
9,3,20,12,0.00211,0.00191,-0.00366,0.00211,0.00204,-0.00128
9,3,21,1,0.44587,0.43343,-0.00101,0.44392,0.42757,-0.00134
9,3,21,3,0.03190,0.03045,-0.00165,0.03094,0.02969,-0.00147
9,3,21,7,0.00000,0.00000,-0.00366,0.00000,0.00000,-0.00128
9,3,21,10,0.00000,0.00000,-0.00366,0.00000,0.00000,-0.00128
9,3,21,11,0.00234,0.00205,-0.00469,0.00198,0.00164,-0.00675
9,3,21,12,0.00423,0.00372,-0.00453,0.00376,0.00311,-0.00675
9,3,22,1,0.02771,0.02553,-0.00292,0.02666,0.02464,-0.00281
9,3,22,3,0.00000,0.00000,0.00000,0.00000,0.00000,0.00000
9,3,22,7,0.00000,0.00000,-0.00366,0.00000,0.00000,-0.00128
9,3,22,10,0.00000,0.00000,-0.00366,0.00000,0.00000,-0.00128
9,3,22,11,0.00000,0.00000,0.00000,0.00000,0.00000,0.00000
9,3,22,12,0.00000,0.00000,0.00000,0.00000,0.00000,0.00000
9,3,23,1,0.00028,0.00026,-0.00292,0.00027,0.00025,-0.00281
9,3,23,3,1.11635,1.06590,-0.00165,1.08285,1.03915,-0.00147
9,3,23,7,0.00000,0.00000,-0.00366,0.00000,0.00000,-0.00128
9,3,23,10,0.00000,0.00000,-0.00366,0.00000,0.00000,-0.00128
9,3,23,11,0.00234,0.00205,-0.00469,0.00195,0.00161,-0.00675
9,3,23,12,0.00000,0.00000,-0.00366,0.00000,0.00000,-0.00128
9,3,24,2,15.60236,15.60236,0.00000,15.60236,15.60236,0.00000
9,3,24,7,1.05458,0.95181,-0.00366,1.05458,1.01743,-0.00128
9,3,24,10,0.00000,0.00000,-0.00366,0.00000,0.00000,-0.00128
9,3,24,11,0.00000,0.00000,-0.00366,0.00000,0.00000,-0.00128
9,3,24,13,0.05485,0.00000,-1.00000,0.05485,0.00000,-1.00000
9,3,24,19,0.60818,0.00000,-1.00000,0.60818,0.00000,-1.00000
9,3,24,22,0.57047,0.00000,-0.50000,0.57047,0.00000,-0.50000
9,4,1,1,0.17785,0.17010,-0.00159,0.17728,0.16700,-0.00213
9,4,1,3,2.18455,2.07708,-0.00180,2.17747,2.02382,-0.00261
9,4,1,7,0.00864,0.00821,-0.00180,0.00861,0.00800,-0.00261
9,4,1,10,0.00000,0.00000,0.00000,0.00000,0.00000,0.00000
9,4,1,11,0.00159,0.00000,0.00000,0.00159,0.00000,0.00000
9,4,1,12,0.00107,0.00000,0.00000,0.00107,0.00000,0.00000
9,4,1,31,4.65465,4.42567,-0.00180,4.63956,4.31218,-0.00261
9,4,2,1,0.15293,0.14627,-0.00159,0.15244,0.14361,-0.00213
9,4,2,3,0.01074,0.01022,-0.00179,0.01071,0.00995,-0.00260
9,4,2,7,0.00000,0.00000,0.00000,0.00000,0.00000,0.00000
9,4,2,10,0.00000,0.00000,0.00000,0.00000,0.00000,0.00000
9,4,2,11,0.00000,0.00000,0.00000,0.00000,0.00000,0.00000
9,4,2,12,0.00000,0.00000,0.00000,0.00000,0.00000,0.00000
9,4,3,1,2.42648,2.32074,-0.00159,2.41874,2.27856,-0.00213
9,4,3,3,1.97412,1.87700,-0.00180,1.96772,1.82887,-0.00261
9,4,3,7,0.00000,0.00000,0.00000,0.00000,0.00000,0.00000
9,4,3,10,0.00000,0.00000,0.00000,0.00000,0.00000,0.00000
9,4,3,11,0.00317,0.00273,-0.00529,0.00270,0.00224,-0.00675
9,4,3,12,0.00107,0.00094,-0.00457,0.00105,0.00087,-0.00695
9,4,4,1,1.01386,0.96968,-0.00159,1.01063,0.95206,-0.00213
9,4,4,3,0.00000,0.00000,0.00000,0.00000,0.00000,0.00000
9,4,4,7,0.00000,0.00000,0.00000,0.00000,0.00000,0.00000
9,4,4,10,0.00000,0.00000,0.00000,0.00000,0.00000,0.00000
9,4,4,11,0.00000,0.00000,0.00000,0.00000,0.00000,0.00000
9,4,4,12,0.00000,0.00000,0.00000,0.00000,0.00000,0.00000
9,4,5,1,0.05147,0.04922,-0.00159,0.05130,0.04833,-0.00213
9,4,5,3,0.26851,0.25531,-0.00180,0.26764,0.24876,-0.00261
9,4,5,7,0.00000,0.00000,0.00000,0.00000,0.00000,0.00000
9,4,5,10,0.00000,0.00000,0.00000,0.00000,0.00000,0.00000
9,4,5,11,0.00159,0.00000,-0.50309,0.00142,0.00000,-0.50339
9,4,5,12,0.00107,0.00000,0.00000,0.00107,0.00000,0.00000
9,4,6,2,0.14213,0.14213,0.00000,0.14213,0.14213,0.00000
9,4,6,5,0.00000,0.00000,-1.00000,0.00000,0.00000,-1.00000
9,4,6,7,0.00864,0.00000,-1.00000,0.00864,0.00000,-1.00000
9,4,6,10,0.20853,0.00000,-1.00000,0.20853,0.00000,-1.00000
9,4,6,11,0.00159,0.00159,0.00000,0.00159,0.00159,0.00000
9,4,6,13,0.00000,0.00000,-1.00000,0.00000,0.00000,-1.00000
9,4,6,19,1.84149,0.00000,-1.00000,1.84149,0.00000,-1.00000
9,4,6,22,0.42622,0.42622,0.00000,0.42622,0.42622,0.00000
9,4,7,1,0.04046,0.03812,-0.00213,0.03994,0.03741,-0.00233
9,4,7,3,6.01360,5.72097,-0.00178,5.97383,5.58513,-0.00240
9,4,7,7,0.00000,0.00000,-0.00396,0.00000,0.00000,-0.00450
9,4,7,10,0.00000,0.00000,0.00000,0.00000,0.00000,0.00000
9,4,7,11,0.00256,0.00224,-0.00469,0.00214,0.00177,-0.00675
9,4,7,12,0.04033,0.03552,-0.00453,0.03997,0.03307,-0.00675
9,4,7,31,9.66109,9.19098,-0.00178,9.59728,8.97281,-0.00240
9,4,8,1,0.22886,0.21560,-0.00213,0.22586,0.21158,-0.00233
9,4,8,3,0.10383,0.09881,-0.00177,0.10323,0.09627,-0.00249
9,4,8,7,0.00000,0.00000,0.00000,0.00000,0.00000,0.00000
9,4,8,10,0.00000,0.00000,0.00000,0.00000,0.00000,0.00000
9,4,8,11,0.00000,0.00000,0.00000,0.00000,0.00000,0.00000
9,4,8,12,0.00057,0.00000,0.00000,0.00057,0.00000,0.00000
9,4,9,1,1.25523,1.18248,-0.00213,1.23845,1.15787,-0.00240
9,4,9,3,0.37495,0.35670,-0.00178,0.37248,0.34824,-0.00240
9,4,9,7,0.00000,0.00000,0.00000,0.00000,0.00000,0.00000
9,4,9,10,0.00000,0.00000,0.00000,0.00000,0.00000,0.00000
9,4,9,11,0.00256,0.00224,-0.00469,0.00213,0.00177,-0.00675
9,4,9,12,0.00114,0.00101,-0.00453,0.00076,0.00063,-0.00675
9,4,10,1,0.17127,0.16134,-0.00213,0.16900,0.15832,-0.00233
9,4,10,3,0.00000,0.00000,0.00000,0.00000,0.00000,0.00000
9,4,10,7,0.00000,0.00000,0.00000,0.00000,0.00000,0.00000
9,4,10,10,0.00000,0.00000,0.00000,0.00000,0.00000,0.00000
9,4,10,11,0.00000,0.00000,0.00000,0.00000,0.00000,0.00000
9,4,10,12,0.00000,0.00000,0.00000,0.00000,0.00000,0.00000
9,4,11,1,0.00056,0.00053,-0.00212,0.00055,0.00052,-0.00233
9,4,11,3,0.86527,0.82316,-0.00178,0.85942,0.80350,-0.00240
9,4,11,7,0.03248,0.02906,-0.00396,0.02917,0.02571,-0.00450
9,4,11,10,0.00000,0.00000,0.00000,0.00000,0.00000,0.00000
9,4,11,11,0.00341,0.00299,-0.00469,0.00286,0.00237,-0.00675
9,4,11,12,0.00086,0.00000,0.00000,0.00086,0.00000,0.00000
9,4,12,2,0.06923,0.06923,0.00000,0.06923,0.06923,0.00000
9,4,12,5,0.00000,0.00000,-1.00000,0.00000,0.00000,-1.00000
9,4,12,7,0.10230,0.00000,-1.00000,0.10230,0.00000,-1.00000
9,4,12,10,0.00000,0.00000,0.00000,0.00000,0.00000,0.00000
9,4,12,11,0.03492,0.00000,0.00000,0.03492,0.00000,0.00000
9,4,12,13,2.12630,0.00000,-1.00000,2.12630,0.00000,-1.00000
9,4,12,19,2.79677,0.00000,-1.00000,2.79677,0.00000,-1.00000
9,4,12,22,0.84157,0.84157,0.00000,0.84157,0.84157,0.00000
9,4,13,1,0.23743,0.22620,-0.00173,0.23671,0.22255,-0.00220
9,4,13,3,4.39435,4.19109,-0.00169,4.37775,4.09405,-0.00239
9,4,13,7,0.00068,0.00000,0.00000,0.00068,0.00000,0.00000
9,4,13,10,0.00000,0.00000,0.00000,0.00000,0.00000,0.00000
9,4,13,11,0.00250,0.00219,-0.00469,0.00210,0.00174,-0.00675
9,4,13,12,0.00251,0.00000,0.00000,0.00251,0.00000,0.00000
9,4,13,31,17.52496,16.71433,-0.00169,17.45743,16.32611,-0.00239
9,4,14,1,0.07762,0.07397,-0.00172,0.07739,0.07279,-0.00219
9,4,14,3,0.05070,0.04835,-0.00170,0.05051,0.04721,-0.00241
9,4,14,7,0.00068,0.00000,0.00000,0.00068,0.00000,0.00000
9,4,14,10,0.00000,0.00000,0.00000,0.00000,0.00000,0.00000
9,4,14,11,0.00499,0.00000,0.00000,0.00499,0.00000,0.00000
9,4,14,12,0.00168,0.00000,0.00000,0.00168,0.00000,0.00000
9,4,15,1,2.21972,2.11526,-0.00172,2.21329,2.08151,-0.00219
9,4,15,3,0.35493,0.33813,-0.00173,0.35329,0.33021,-0.00241
9,4,15,7,0.00068,0.00000,0.00000,0.00068,0.00000,0.00000
9,4,15,10,0.00000,0.00000,0.00000,0.00000,0.00000,0.00000
9,4,15,11,0.00749,0.00656,-0.00469,0.00633,0.00524,-0.00675
9,4,15,12,0.00168,0.00148,-0.00453,0.00148,0.00122,-0.00675
9,4,16,1,0.00000,0.00000,-0.00172,0.00000,0.00000,-0.00219
9,4,16,3,0.00000,0.00000,0.00000,0.00000,0.00000,0.00000
9,4,16,7,0.00000,0.00000,0.00000,0.00000,0.00000,0.00000
9,4,16,10,0.00000,0.00000,0.00000,0.00000,0.00000,0.00000
9,4,16,11,0.00000,0.00000,0.00000,0.00000,0.00000,0.00000
9,4,16,12,0.00000,0.00000,0.00000,0.00000,0.00000,0.00000
9,4,17,1,0.06704,0.06385,-0.00174,0.06686,0.06290,-0.00218
9,4,17,3,0.38873,0.37096,-0.00167,0.38758,0.36226,-0.00241
9,4,17,7,0.00000,0.00000,0.00000,0.00000,0.00000,0.00000
9,4,17,10,0.00000,0.00000,0.00000,0.00000,0.00000,0.00000
9,4,17,11,0.00499,0.00438,-0.00469,0.00424,0.00351,-0.00675
9,4,17,12,0.05112,0.00000,0.00000,0.05112,0.00000,0.00000
9,4,18,2,0.00000,0.00000,-1.00000,0.00000,0.00000,-1.00000
9,4,18,7,0.00000,0.00000,0.00000,0.00000,0.00000,0.00000
9,4,18,10,0.00000,0.00000,0.00000,0.00000,0.00000,0.00000
9,4,18,11,0.00499,0.00000,0.00000,0.00499,0.00000,0.00000
9,4,18,13,2.85954,0.00000,-1.00000,2.85954,0.00000,-1.00000
9,4,18,19,1.42634,0.00000,-1.00000,1.42634,0.00000,-1.00000
9,4,18,22,1.18513,0.00000,-0.50000,1.18513,0.00000,-0.50000
9,4,19,1,0.00051,0.00042,-0.00694,0.00041,0.00039,-0.00187
9,4,19,3,3.06302,2.92462,-0.00165,2.97113,2.85123,-0.00147
9,4,19,7,0.00888,0.00000,0.00000,0.00888,0.00000,0.00000
9,4,19,10,0.00000,0.00000,0.00000,0.00000,0.00000,0.00000
9,4,19,11,0.00326,0.00000,0.00000,0.00326,0.00000,0.00000
9,4,19,12,0.00109,0.00000,0.00000,0.00109,0.00000,0.00000
9,4,19,31,1.35802,1.29665,-0.00165,1.31727,1.26412,-0.00147
9,4,20,1,0.05049,0.04908,-0.00101,0.05028,0.04842,-0.00134
9,4,20,3,0.01104,0.00000,0.00000,0.01104,0.00000,0.00000
9,4,20,7,0.00000,0.00000,0.00000,0.00000,0.00000,0.00000
9,4,20,10,0.00000,0.00000,0.00000,0.00000,0.00000,0.00000
9,4,20,11,0.00000,0.00000,0.00000,0.00000,0.00000,0.00000
9,4,20,12,0.00055,0.00000,0.00000,0.00055,0.00000,0.00000
9,4,21,1,0.40410,0.39283,-0.00101,0.40232,0.38749,-0.00134
9,4,21,3,0.02759,0.02635,-0.00165,0.02677,0.02569,-0.00147
9,4,21,7,0.00000,0.00000,0.00000,0.00000,0.00000,0.00000
9,4,21,10,0.00000,0.00000,0.00000,0.00000,0.00000,0.00000
9,4,21,11,0.00326,0.00286,-0.00469,0.00272,0.00225,-0.00675
9,4,21,12,0.00109,0.00096,-0.00453,0.00108,0.00090,-0.00675
9,4,22,1,0.02512,0.02314,-0.00292,0.02426,0.02242,-0.00281
9,4,22,3,0.00000,0.00000,0.00000,0.00000,0.00000,0.00000
9,4,22,7,0.00000,0.00000,0.00000,0.00000,0.00000,0.00000
9,4,22,10,0.00000,0.00000,0.00000,0.00000,0.00000,0.00000
9,4,22,11,0.00000,0.00000,0.00000,0.00000,0.00000,0.00000
9,4,22,12,0.00000,0.00000,0.00000,0.00000,0.00000,0.00000
9,4,23,1,0.00025,0.00023,-0.00292,0.00025,0.00023,-0.00281
9,4,23,3,0.96582,0.92218,-0.00165,0.93684,0.89903,-0.00147
9,4,23,7,0.00000,0.00000,0.00000,0.00000,0.00000,0.00000
9,4,23,10,0.00000,0.00000,0.00000,0.00000,0.00000,0.00000
9,4,23,11,0.00326,0.00286,-0.00469,0.00278,0.00230,-0.00675
9,4,23,12,0.00000,0.00000,0.00000,0.00000,0.00000,0.00000
9,4,24,2,0.12201,0.12201,0.00000,0.12201,0.12201,0.00000
9,4,24,7,0.99427,0.00000,0.00000,0.99427,0.00000,0.00000
9,4,24,10,0.00000,0.00000,0.00000,0.00000,0.00000,0.00000
9,4,24,11,0.00000,0.00000,0.00000,0.00000,0.00000,0.00000
9,4,24,13,0.00200,0.00000,-1.00000,0.00200,0.00000,-1.00000
9,4,24,19,0.30074,0.00000,-1.00000,0.30074,0.00000,-1.00000
9,4,24,22,0.28209,0.00000,-0.50000,0.28209,0.00000,-0.50000
10,1,1,1,0.29169,0.28445,-0.00078,0.28259,0.27855,-0.00045
10,1,1,3,1.20886,1.17886,-0.00078,1.17118,1.15442,-0.00045
10,1,1,10,0.00000,0.00000,-0.00078,0.00000,0.00000,-0.00045
10,1,1,11,0.02124,0.02071,-0.00078,0.02058,0.02028,-0.00045
10,1,1,12,0.01972,0.01923,-0.00078,0.01911,0.01883,-0.00045
10,1,1,31,0.13206,0.12878,-0.00078,0.12795,0.12612,-0.00045
10,1,2,1,0.67425,0.66236,-0.00056,0.66206,0.65194,-0.00048
10,1,2,3,1.02876,1.01063,-0.00056,1.01015,0.99472,-0.00048
10,1,2,10,0.00000,0.00000,-0.00056,0.00000,0.00000,-0.00048
10,1,2,11,0.01808,0.01776,-0.00056,0.01775,0.01748,-0.00048
10,1,2,12,0.01678,0.01649,-0.00056,0.01648,0.01623,-0.00048
10,1,2,31,0.11330,0.11130,-0.00056,0.11125,0.10955,-0.00048
10,1,3,1,0.28986,0.26882,-0.00235,0.26203,0.25176,-0.00125
10,1,3,3,2.65309,2.46053,-0.00235,2.39833,2.30443,-0.00125
10,1,3,10,0.00000,0.00000,-0.00235,0.00000,0.00000,-0.00125
10,1,3,11,0.04662,0.04324,-0.00235,0.04214,0.04049,-0.00125
10,1,3,12,0.04328,0.04014,-0.00235,0.03912,0.03759,-0.00125
10,1,3,31,0.35620,0.33035,-0.00235,0.32200,0.30939,-0.00125
10,1,4,1,0.35887,0.33282,-0.00235,0.32441,0.31171,-0.00125
10,1,4,3,3.31476,3.07417,-0.00235,2.99646,2.87915,-0.00125
10,1,4,10,0.00000,0.00000,-0.00235,0.00000,0.00000,-0.00125
10,1,4,11,0.05825,0.05402,-0.00235,0.05266,0.05059,-0.00125
10,1,4,12,0.05407,0.05015,-0.00235,0.04887,0.04697,-0.00125
10,1,4,31,0.37495,0.34774,-0.00235,0.33895,0.32568,-0.00125
10,1,5,1,0.13127,0.12274,-0.00209,0.11675,0.11675,0.00000
10,1,6,1,0.15198,0.14212,-0.00209,0.13518,0.13518,0.00000
10,2,1,1,0.29169,0.28445,-0.00078,0.28259,0.27855,-0.00045
10,2,1,3,1.22144,1.19113,-0.00078,1.18337,1.16644,-0.00045
10,2,1,10,0.00000,0.00000,-0.00078,0.00000,0.00000,-0.00045
10,2,1,11,0.01471,0.01435,-0.00078,0.01425,0.01405,-0.00045
10,2,1,12,0.01367,0.01332,-0.00078,0.01324,0.01305,-0.00045
10,2,1,31,0.13206,0.12878,-0.00078,0.12795,0.12612,-0.00045
10,2,2,1,0.67425,0.66236,-0.00056,0.66206,0.65194,-0.00048
10,2,2,3,1.03947,1.02114,-0.00056,1.02067,1.00507,-0.00048
10,2,2,10,0.00000,0.00000,-0.00056,0.00000,0.00000,-0.00048
10,2,2,11,0.01252,0.01230,-0.00056,0.01230,0.01211,-0.00048
10,2,2,12,0.01162,0.01142,-0.00056,0.01142,0.01124,-0.00048
10,2,2,31,0.11330,0.11130,-0.00056,0.11125,0.10955,-0.00048
10,2,3,1,0.28986,0.26882,-0.00235,0.26203,0.25176,-0.00125
10,2,3,3,2.68070,2.48614,-0.00235,2.42330,2.32842,-0.00125
10,2,3,10,0.00000,0.00000,-0.00235,0.00000,0.00000,-0.00125
10,2,3,11,0.03230,0.02996,-0.00235,0.02919,0.02806,-0.00125
10,2,3,12,0.02999,0.02781,-0.00235,0.02710,0.02604,-0.00125
10,2,3,31,0.35620,0.33035,-0.00235,0.32200,0.30939,-0.00125
10,2,4,1,0.35887,0.33282,-0.00235,0.32441,0.31171,-0.00125
10,2,4,3,3.34926,3.10617,-0.00235,3.02764,2.90911,-0.00125
10,2,4,10,0.00000,0.00000,-0.00235,0.00000,0.00000,-0.00125
10,2,4,11,0.04036,0.03743,-0.00235,0.03648,0.03505,-0.00125
10,2,4,12,0.03747,0.03474,-0.00235,0.03387,0.03254,-0.00125
10,2,4,31,0.37495,0.34774,-0.00235,0.33895,0.32568,-0.00125
10,2,5,1,0.13127,0.12274,-0.00209,0.11675,0.11675,0.00000
10,2,6,1,0.15198,0.14212,-0.00209,0.13518,0.13518,0.00000
10,3,1,1,0.29169,0.28445,-0.00078,0.28259,0.27855,-0.00045
10,3,1,3,1.23057,1.20004,-0.00078,1.19222,1.17516,-0.00045
10,3,1,10,0.00000,0.00000,-0.00078,0.00000,0.00000,-0.00045
10,3,1,11,0.00998,0.00973,-0.00078,0.00967,0.00953,-0.00045
10,3,1,12,0.00926,0.00903,-0.00078,0.00897,0.00885,-0.00045
10,3,1,31,0.13206,0.12878,-0.00078,0.12795,0.12612,-0.00045
10,3,2,1,0.67425,0.66236,-0.00056,0.66206,0.65194,-0.00048
10,3,2,3,1.04724,1.02878,-0.00056,1.02830,1.01259,-0.00048
10,3,2,10,0.00000,0.00000,-0.00056,0.00000,0.00000,-0.00048
10,3,2,11,0.00849,0.00834,-0.00056,0.00834,0.00821,-0.00048
10,3,2,12,0.00788,0.00775,-0.00056,0.00775,0.00762,-0.00048
10,3,2,31,0.11330,0.11130,-0.00056,0.11125,0.10955,-0.00048
10,3,3,1,0.28986,0.26882,-0.00235,0.26203,0.25176,-0.00125
10,3,3,3,2.70075,2.50473,-0.00235,2.44141,2.34583,-0.00125
10,3,3,10,0.00000,0.00000,-0.00235,0.00000,0.00000,-0.00125
10,3,3,11,0.02190,0.02031,-0.00235,0.01980,0.01902,-0.00125
10,3,3,12,0.02034,0.01886,-0.00235,0.01838,0.01766,-0.00125
10,3,3,31,0.35620,0.33035,-0.00235,0.32200,0.30939,-0.00125
10,3,4,1,0.35887,0.33282,-0.00235,0.32441,0.31171,-0.00125
10,3,4,3,3.37430,3.12940,-0.00235,3.05029,2.93087,-0.00125
10,3,4,10,0.00000,0.00000,-0.00235,0.00000,0.00000,-0.00125
10,3,4,11,0.02736,0.02538,-0.00235,0.02474,0.02377,-0.00125
10,3,4,12,0.02540,0.02356,-0.00235,0.02296,0.02207,-0.00125
10,3,4,31,0.37495,0.34774,-0.00235,0.33895,0.32568,-0.00125
10,3,5,1,0.13127,0.12274,-0.00209,0.11675,0.11675,0.00000
10,3,6,1,0.15198,0.14212,-0.00209,0.13518,0.13518,0.00000
10,4,1,1,0.29169,0.28445,-0.00078,0.28259,0.27855,-0.00045
10,4,1,3,1.19276,1.16316,-0.00078,1.15559,1.13905,-0.00045
10,4,1,10,0.00000,0.00000,-0.00078,0.00000,0.00000,-0.00045
10,4,1,11,0.02959,0.02885,-0.00078,0.02867,0.02826,-0.00045
10,4,1,12,0.02746,0.02679,-0.00078,0.02661,0.02623,-0.00045
10,4,1,31,0.13206,0.12878,-0.00078,0.12795,0.12612,-0.00045
10,4,2,1,0.67425,0.66236,-0.00056,0.66206,0.65194,-0.00048
10,4,2,3,1.01506,0.99717,-0.00056,0.99670,0.98147,-0.00048
10,4,2,10,0.00000,0.00000,-0.00056,0.00000,0.00000,-0.00048
10,4,2,11,0.02518,0.02474,-0.00056,0.02472,0.02435,-0.00048
10,4,2,12,0.02338,0.02296,-0.00056,0.02296,0.02260,-0.00048
10,4,2,31,0.11330,0.11130,-0.00056,0.11125,0.10955,-0.00048
10,4,3,1,0.28986,0.26882,-0.00235,0.26203,0.25176,-0.00125
10,4,3,3,2.61777,2.42777,-0.00235,2.36640,2.27375,-0.00125
10,4,3,10,0.00000,0.00000,-0.00235,0.00000,0.00000,-0.00125
10,4,3,11,0.06494,0.06022,-0.00235,0.05871,0.05640,-0.00125
10,4,3,12,0.06028,0.05591,-0.00235,0.05450,0.05236,-0.00125
10,4,3,31,0.35620,0.33035,-0.00235,0.32200,0.30939,-0.00125
10,4,4,1,0.35887,0.33282,-0.00235,0.32441,0.31171,-0.00125
10,4,4,3,3.27062,3.03324,-0.00235,2.95656,2.84081,-0.00125
10,4,4,10,0.00000,0.00000,-0.00235,0.00000,0.00000,-0.00125
10,4,4,11,0.08113,0.07524,-0.00235,0.07334,0.07047,-0.00125
10,4,4,12,0.07532,0.06985,-0.00235,0.06809,0.06542,-0.00125
10,4,4,31,0.37495,0.34774,-0.00235,0.33895,0.32568,-0.00125
10,4,5,1,0.13127,0.12274,-0.00209,0.11675,0.11675,0.00000
10,4,6,1,0.15198,0.14212,-0.00209,0.13518,0.13518,0.00000
11,1,1,1,0.31585,0.30715,-0.00087,0.30111,0.30111,0.00000
11,1,2,1,0.32682,0.29274,-0.00344,0.29391,0.26166,-0.00363
11,1,2,3,0.59501,0.53296,-0.00344,0.53510,0.47637,-0.00363
11,1,2,7,2.46444,2.20744,-0.00344,2.21631,1.97308,-0.00363
11,1,2,8,0.07741,0.06933,-0.00344,0.06961,0.06197,-0.00363
11,1,2,10,0.04960,0.04443,-0.00344,0.04461,0.03971,-0.00363
11,1,2,11,0.02777,0.02488,-0.00344,0.02498,0.02224,-0.00363
11,1,2,16,0.50875,0.45569,-0.00344,0.45753,0.40731,-0.00363
11,1,2,22,0.52465,0.46993,-0.00344,0.47182,0.42004,-0.00363
11,1,2,48,0.00000,0.00000,-0.00420,0.00000,0.00000,-0.00479
11,1,3,1,0.30017,0.28177,-0.00197,0.00000,0.00000,-0.00197
11,1,3,3,0.81119,0.76147,-0.00197,0.00000,0.00000,-0.00197
11,1,3,7,3.35980,3.15392,-0.00197,0.00000,0.00000,-0.00197
11,1,3,8,0.10552,0.09906,-0.00197,0.00000,0.00000,-0.00197
11,1,3,10,0.06762,0.06348,-0.00197,0.00000,0.00000,-0.00197
11,1,3,11,0.03787,0.03555,-0.00197,0.00000,0.00000,-0.00197
11,1,3,16,0.69358,0.65108,-0.00197,0.00000,0.00000,-0.00197
11,1,3,22,0.71526,0.67142,-0.00197,0.00000,0.00000,-0.00197
11,1,3,31,0.65038,0.61052,-0.00197,0.00000,0.00000,-0.00197
11,1,3,48,0.00000,0.00000,-0.00420,0.00000,0.00000,-0.00479
11,1,4,1,0.00000,0.00000,-0.00420,0.00000,0.00000,-0.00479
11,1,4,3,0.00000,0.00000,-0.00420,0.00000,0.00000,-0.00479
11,1,4,7,0.00000,0.00000,-0.00420,0.00000,0.00000,-0.00479
11,1,4,8,0.00000,0.00000,-0.00420,0.00000,0.00000,-0.00479
11,1,4,10,0.00000,0.00000,-0.00420,0.00000,0.00000,-0.00479
11,1,4,11,0.00000,0.00000,-0.00420,0.00000,0.00000,-0.00479
11,1,4,16,0.00000,0.00000,-0.00420,0.00000,0.00000,-0.00479
11,1,5,1,0.32682,0.29274,-0.00344,0.29391,0.26166,-0.00363
11,1,5,3,0.59501,0.53296,-0.00344,0.53510,0.47637,-0.00363
11,1,5,7,2.46444,2.20744,-0.00344,2.21631,1.97308,-0.00363
11,1,5,8,0.07741,0.06933,-0.00344,0.06961,0.06197,-0.00363
11,1,5,10,0.04960,0.04443,-0.00344,0.04461,0.03971,-0.00363
11,1,5,11,0.02777,0.02488,-0.00344,0.02498,0.02224,-0.00363
11,1,5,16,0.50875,0.45569,-0.00344,0.45753,0.40731,-0.00363
11,1,5,22,0.52465,0.46993,-0.00344,0.47182,0.42004,-0.00363
11,2,1,1,0.31585,0.30715,-0.00087,0.30111,0.30111,0.00000
11,2,2,1,0.32682,0.29274,-0.00344,0.29391,0.26166,-0.00363
11,2,2,3,0.15734,0.14093,-0.00344,0.14150,0.12597,-0.00363
11,2,2,7,2.64976,2.37343,-0.00344,2.38296,2.12145,-0.00363
11,2,2,8,0.85283,0.76389,-0.00344,0.76696,0.68279,-0.00363
11,2,2,10,0.00000,0.00000,-0.00344,0.00000,0.00000,-0.00363
11,2,2,11,0.03061,0.02741,-0.00344,0.02753,0.02450,-0.00363
11,2,2,16,0.40358,0.36149,-0.00344,0.36294,0.32312,-0.00363
11,2,2,22,0.41619,0.37279,-0.00344,0.37429,0.33321,-0.00363
11,2,2,48,0.00000,0.00000,-0.00420,0.00000,0.00000,-0.00479
11,2,3,1,0.30017,0.28177,-0.00197,0.00000,0.00000,-0.00197
11,2,3,3,0.21450,0.20136,-0.00197,0.00000,0.00000,-0.00197
11,2,3,7,3.61245,3.39109,-0.00197,0.00000,0.00000,-0.00197
11,2,3,8,1.16267,1.09143,-0.00197,0.00000,0.00000,-0.00197
11,2,3,10,0.00000,0.00000,-0.00197,0.00000,0.00000,-0.00197
11,2,3,11,0.04172,0.03917,-0.00197,0.00000,0.00000,-0.00197
11,2,3,16,0.55021,0.51649,-0.00197,0.00000,0.00000,-0.00197
11,2,3,22,0.56741,0.53263,-0.00197,0.00000,0.00000,-0.00197
11,2,3,31,0.65038,0.61052,-0.00197,0.00000,0.00000,-0.00197
11,2,3,48,0.00000,0.00000,-0.00420,0.00000,0.00000,-0.00479
11,2,4,1,0.00000,0.00000,-0.00420,0.00000,0.00000,-0.00479
11,2,4,3,0.00000,0.00000,-0.00420,0.00000,0.00000,-0.00479
11,2,4,7,0.00000,0.00000,-0.00420,0.00000,0.00000,-0.00479
11,2,4,8,0.00000,0.00000,-0.00420,0.00000,0.00000,-0.00479
11,2,4,10,0.00000,0.00000,-0.00420,0.00000,0.00000,-0.00479
11,2,4,11,0.00000,0.00000,-0.00420,0.00000,0.00000,-0.00479
11,2,4,16,0.00000,0.00000,-0.00420,0.00000,0.00000,-0.00479
11,2,5,1,0.32682,0.29274,-0.00344,0.29391,0.26166,-0.00363
11,2,5,3,0.15734,0.14093,-0.00344,0.14150,0.12597,-0.00363
11,2,5,7,2.64976,2.37343,-0.00344,2.38296,2.12145,-0.00363
11,2,5,8,0.85283,0.76389,-0.00344,0.76696,0.68279,-0.00363
11,2,5,10,0.00000,0.00000,-0.00344,0.00000,0.00000,-0.00363
11,2,5,11,0.03061,0.02741,-0.00344,0.02753,0.02450,-0.00363
11,2,5,16,0.40358,0.36149,-0.00344,0.36294,0.32312,-0.00363
11,2,5,22,0.41619,0.37279,-0.00344,0.37429,0.33321,-0.00363
11,3,1,1,0.31585,0.30715,-0.00087,0.30111,0.30111,0.00000
11,3,2,1,0.32682,0.29274,-0.00344,0.29391,0.26166,-0.00363
11,3,2,3,0.30945,0.27718,-0.00344,0.27829,0.24775,-0.00363
11,3,2,7,2.80370,2.51132,-0.00344,2.52140,2.24470,-0.00363
11,3,2,8,0.12580,0.11268,-0.00344,0.11313,0.10072,-0.00363
11,3,2,10,0.00968,0.00867,-0.00344,0.00870,0.00775,-0.00363
11,3,2,11,0.02258,0.02022,-0.00344,0.02030,0.01807,-0.00363
11,3,2,16,0.49609,0.44436,-0.00344,0.44615,0.39719,-0.00363
11,3,2,22,0.51160,0.45825,-0.00344,0.46009,0.40960,-0.00363
11,3,2,48,0.00000,0.00000,-0.00420,0.00000,0.00000,-0.00479
11,3,3,1,0.30017,0.28177,-0.00197,0.00000,0.00000,-0.00197
11,3,3,3,0.42188,0.39602,-0.00197,0.00000,0.00000,-0.00197
11,3,3,7,3.82233,3.58810,-0.00197,0.00000,0.00000,-0.00197
11,3,3,8,0.17150,0.16100,-0.00197,0.00000,0.00000,-0.00197
11,3,3,10,0.01319,0.01238,-0.00197,0.00000,0.00000,-0.00197
11,3,3,11,0.03078,0.02889,-0.00197,0.00000,0.00000,-0.00197
11,3,3,16,0.67633,0.63489,-0.00197,0.00000,0.00000,-0.00197
11,3,3,22,0.69748,0.65473,-0.00197,0.00000,0.00000,-0.00197
11,3,3,31,0.65038,0.61052,-0.00197,0.00000,0.00000,-0.00197
11,3,3,48,0.00000,0.00000,-0.00420,0.00000,0.00000,-0.00479
11,3,4,1,0.00000,0.00000,-0.00420,0.00000,0.00000,-0.00479
11,3,4,3,0.00000,0.00000,-0.00420,0.00000,0.00000,-0.00479
11,3,4,7,0.00000,0.00000,-0.00420,0.00000,0.00000,-0.00479
11,3,4,8,0.00000,0.00000,-0.00420,0.00000,0.00000,-0.00479
11,3,4,10,0.00000,0.00000,-0.00420,0.00000,0.00000,-0.00479
11,3,4,11,0.00000,0.00000,-0.00420,0.00000,0.00000,-0.00479
11,3,4,16,0.00000,0.00000,-0.00420,0.00000,0.00000,-0.00479
11,3,5,1,0.32682,0.29274,-0.00344,0.29391,0.26166,-0.00363
11,3,5,3,0.30945,0.27718,-0.00344,0.27829,0.24775,-0.00363
11,3,5,7,2.80370,2.51132,-0.00344,2.52140,2.24470,-0.00363
11,3,5,8,0.12580,0.11268,-0.00344,0.11313,0.10072,-0.00363
11,3,5,10,0.00968,0.00867,-0.00344,0.00870,0.00775,-0.00363
11,3,5,11,0.02258,0.02022,-0.00344,0.02030,0.01807,-0.00363
11,3,5,16,0.49609,0.44436,-0.00344,0.44615,0.39719,-0.00363
11,3,5,22,0.51160,0.45825,-0.00344,0.46009,0.40960,-0.00363
11,4,1,1,0.31585,0.30715,-0.00087,0.30111,0.30111,0.00000
11,4,2,1,0.32682,0.29274,-0.00344,0.29391,0.26166,-0.00363
11,4,2,3,0.53143,0.47602,-0.00344,0.47793,0.42548,-0.00363
11,4,2,7,2.13878,1.91573,-0.00344,1.92343,1.71234,-0.00363
11,4,2,8,0.02963,0.02654,-0.00344,0.02665,0.02372,-0.00363
11,4,2,10,0.00000,0.00000,-0.00344,0.00000,0.00000,-0.00363
11,4,2,11,0.04431,0.03968,-0.00344,0.03985,0.03547,-0.00363
11,4,2,16,0.77896,0.69772,-0.00344,0.70053,0.62365,-0.00363
11,4,2,22,0.80330,0.71953,-0.00344,0.72241,0.64314,-0.00363
11,4,2,48,0.00000,0.00000,-0.00420,0.00000,0.00000,-0.00479
11,4,3,1,0.30017,0.28177,-0.00197,0.00000,0.00000,-0.00197
11,4,3,3,0.72451,0.68012,-0.00197,0.00000,0.00000,-0.00197
11,4,3,7,2.91582,2.73714,-0.00197,0.00000,0.00000,-0.00197
11,4,3,8,0.04039,0.03792,-0.00197,0.00000,0.00000,-0.00197
11,4,3,10,0.00000,0.00000,-0.00197,0.00000,0.00000,-0.00197
11,4,3,11,0.06040,0.05670,-0.00197,0.00000,0.00000,-0.00197
11,4,3,16,1.06196,0.99689,-0.00197,0.00000,0.00000,-0.00197
11,4,3,22,1.09515,1.02804,-0.00197,0.00000,0.00000,-0.00197
11,4,3,31,0.65038,0.61052,-0.00197,0.00000,0.00000,-0.00197
11,4,3,48,0.00000,0.00000,-0.00420,0.00000,0.00000,-0.00479
11,4,4,1,0.00000,0.00000,-0.00420,0.00000,0.00000,-0.00479
11,4,4,3,0.00000,0.00000,-0.00420,0.00000,0.00000,-0.00479
11,4,4,7,0.00000,0.00000,-0.00420,0.00000,0.00000,-0.00479
11,4,4,8,0.00000,0.00000,-0.00420,0.00000,0.00000,-0.00479
11,4,4,10,0.00000,0.00000,-0.00420,0.00000,0.00000,-0.00479
11,4,4,11,0.00000,0.00000,-0.00420,0.00000,0.00000,-0.00479
11,4,4,16,0.00000,0.00000,-0.00420,0.00000,0.00000,-0.00479
11,4,5,1,0.32682,0.29274,-0.00344,0.29391,0.26166,-0.00363
11,4,5,3,0.53143,0.47602,-0.00344,0.47793,0.42548,-0.00363
11,4,5,7,2.13878,1.91573,-0.00344,1.92343,1.71234,-0.00363
11,4,5,8,0.02963,0.02654,-0.00344,0.02665,0.02372,-0.00363
11,4,5,10,0.00000,0.00000,-0.00344,0.00000,0.00000,-0.00363
11,4,5,11,0.04431,0.03968,-0.00344,0.03985,0.03547,-0.00363
11,4,5,16,0.77896,0.69772,-0.00344,0.70053,0.62365,-0.00363
11,4,5,22,0.80330,0.71953,-0.00344,0.72241,0.64314,-0.00363
12,1,1,1,0.52489,0.41940,-0.00699,0.41814,0.32293,-0.00804
12,1,1,3,1.26403,1.00999,-0.00699,1.00695,0.77768,-0.00804
12,1,1,10,0.00000,0.00000,-0.00699,0.00000,0.00000,-0.00804
12,1,1,22,0.00621,0.00496,-0.00699,0.00495,0.00382,-0.00804
12,1,2,1,1.16012,0.80367,-0.01141,1.01088,0.43799,-0.02580
12,1,2,3,1.73562,1.20237,-0.01141,1.51236,0.65527,-0.02580
12,1,2,10,0.00000,0.00000,-0.01141,0.00000,0.00000,-0.02580
12,1,2,22,0.00576,0.00399,-0.01141,0.00502,0.00218,-0.02580
12,1,3,1,0.13496,0.13496,0.00000,0.13496,0.13496,0.00000
12,1,3,3,0.32067,0.32067,0.00000,0.32067,0.32067,0.00000
12,1,3,10,0.00000,0.00000,-1.00000,0.00000,0.00000,-1.00000
12,1,3,22,0.00106,0.00106,0.00000,0.00106,0.00106,0.00000
12,1,4,1,0.31013,0.30790,-0.00022,0.30636,0.30636,0.00000
12,1,4,3,1.64855,1.63670,-0.00022,1.62855,1.62855,0.00000
12,1,4,7,0.68939,0.68444,-0.00022,0.68103,0.68103,0.00000
12,1,4,10,0.00000,0.00000,-0.00022,0.00000,0.00000,0.00000
12,1,4,22,0.06994,0.06944,-0.00022,0.06909,0.06909,0.00000
12,1,5,1,2.21280,2.00501,-0.00308,2.16460,1.78197,-0.00606
12,1,5,3,0.73906,0.66966,-0.00308,0.72297,0.59517,-0.00606
12,1,6,1,0.37666,0.37666,0.00000,0.37666,0.37666,0.00000
12,1,6,2,0.00000,0.00000,-1.00000,0.00000,0.00000,-1.00000
12,1,6,2,0.00000,0.00000,-1.00000,0.00000,0.00000,-1.00000
12,1,6,3,1.72670,1.72670,0.00000,1.72670,1.72670,0.00000
12,1,6,5,0.00000,0.00000,-1.00000,0.00000,0.00000,-1.00000
12,1,6,5,0.00000,0.00000,-1.00000,0.00000,0.00000,-1.00000
12,1,6,7,0.00000,0.00000,-1.00000,0.00000,0.00000,-1.00000
12,1,6,8,38.34057,36.08077,-0.00233,34.72902,33.58711,-0.00128
12,1,6,10,0.00000,0.00000,-1.00000,0.00000,0.00000,-1.00000
12,1,6,22,0.03057,0.03057,0.00000,0.03057,0.03057,0.00000
12,1,7,1,0.14707,0.13648,-0.00233,0.13322,0.12785,-0.00128
12,1,7,3,0.00782,0.00725,-0.00233,0.00708,0.00680,-0.00128
12,1,7,7,0.00000,0.00000,-0.00233,0.00000,0.00000,-0.00128
12,1,7,8,38.34057,35.57859,-0.00233,34.72902,33.32910,-0.00128
12,1,7,10,0.00000,0.00000,-0.00233,0.00000,0.00000,-0.00128
12,1,7,22,0.00559,0.00518,-0.00233,0.00505,0.00485,-0.00128
12,2,1,1,0.52489,0.41940,-0.00699,0.41814,0.32293,-0.00804
12,2,1,3,1.26403,1.00999,-0.00699,1.00695,0.77768,-0.00804
12,2,1,10,0.00000,0.00000,-0.00699,0.00000,0.00000,-0.00804
12,2,1,22,0.00621,0.00496,-0.00699,0.00495,0.00382,-0.00804
12,2,2,1,1.16012,0.80367,-0.01141,1.01088,0.43799,-0.02580
12,2,2,3,1.73562,1.20237,-0.01141,1.51236,0.65527,-0.02580
12,2,2,10,0.00000,0.00000,-0.01141,0.00000,0.00000,-0.02580
12,2,2,22,0.00576,0.00399,-0.01141,0.00502,0.00218,-0.02580
12,2,3,1,0.13496,0.13496,0.00000,0.13496,0.13496,0.00000
12,2,3,3,0.32067,0.32067,0.00000,0.32067,0.32067,0.00000
12,2,3,10,0.00000,0.00000,-1.00000,0.00000,0.00000,-1.00000
12,2,3,22,0.00106,0.00106,0.00000,0.00106,0.00106,0.00000
12,2,4,1,0.31013,0.30790,-0.00022,0.30636,0.30636,0.00000
12,2,4,3,1.64855,1.63670,-0.00022,1.62855,1.62855,0.00000
12,2,4,7,0.68939,0.68444,-0.00022,0.68103,0.68103,0.00000
12,2,4,10,0.00000,0.00000,-0.00022,0.00000,0.00000,0.00000
12,2,4,22,0.06994,0.06944,-0.00022,0.06909,0.06909,0.00000
12,2,5,1,2.21280,2.00501,-0.00308,2.16460,1.78197,-0.00606
12,2,5,3,0.73906,0.66966,-0.00308,0.72297,0.59517,-0.00606
12,2,6,1,0.37666,0.37666,0.00000,0.37666,0.37666,0.00000
12,2,6,2,0.00000,0.00000,-1.00000,0.00000,0.00000,-1.00000
12,2,6,2,0.00000,0.00000,-1.00000,0.00000,0.00000,-1.00000
12,2,6,3,1.72670,1.72670,0.00000,1.72670,1.72670,0.00000
12,2,6,5,0.00000,0.00000,-1.00000,0.00000,0.00000,-1.00000
12,2,6,5,0.00000,0.00000,-1.00000,0.00000,0.00000,-1.00000
12,2,6,7,0.00000,0.00000,-1.00000,0.00000,0.00000,-1.00000
12,2,6,8,38.34057,36.08077,-0.00233,34.72902,33.58711,-0.00128
12,2,6,10,0.00000,0.00000,-1.00000,0.00000,0.00000,-1.00000
12,2,6,22,0.00000,0.00000,-1.00000,0.00000,0.00000,-1.00000
12,2,7,1,0.14707,0.13648,-0.00233,0.13322,0.12785,-0.00128
12,2,7,3,0.00782,0.00725,-0.00233,0.00708,0.00680,-0.00128
12,2,7,7,0.00000,0.00000,-0.00233,0.00000,0.00000,-0.00128
12,2,7,8,38.34057,35.57859,-0.00233,34.72902,33.32910,-0.00128
12,2,7,10,0.00000,0.00000,-0.00233,0.00000,0.00000,-0.00128
12,2,7,22,0.00559,0.00518,-0.00233,0.00505,0.00485,-0.00128
12,3,1,1,0.52489,0.41940,-0.00699,0.41814,0.32293,-0.00804
12,3,1,3,1.26403,1.00999,-0.00699,1.00695,0.77768,-0.00804
12,3,1,10,0.00000,0.00000,-0.00699,0.00000,0.00000,-0.00804
12,3,1,22,0.00621,0.00496,-0.00699,0.00495,0.00382,-0.00804
12,3,2,1,1.16012,0.80367,-0.01141,1.01088,0.43799,-0.02580
12,3,2,3,1.73562,1.20237,-0.01141,1.51236,0.65527,-0.02580
12,3,2,10,0.00000,0.00000,-0.01141,0.00000,0.00000,-0.02580
12,3,2,22,0.00576,0.00399,-0.01141,0.00502,0.00218,-0.02580
12,3,3,1,0.13496,0.13496,0.00000,0.13496,0.13496,0.00000
12,3,3,3,0.32067,0.32067,0.00000,0.32067,0.32067,0.00000
12,3,3,10,0.00000,0.00000,-1.00000,0.00000,0.00000,-1.00000
12,3,3,22,0.00248,0.00248,0.00000,0.00248,0.00248,0.00000
12,3,4,1,0.31013,0.30790,-0.00022,0.30636,0.30636,0.00000
12,3,4,3,1.64855,1.63670,-0.00022,1.62855,1.62855,0.00000
12,3,4,7,0.68939,0.68444,-0.00022,0.68103,0.68103,0.00000
12,3,4,10,0.00000,0.00000,-0.00022,0.00000,0.00000,0.00000
12,3,4,22,0.06994,0.06944,-0.00022,0.06909,0.06909,0.00000
12,3,5,1,2.21280,2.00501,-0.00308,2.16460,1.78197,-0.00606
12,3,5,3,0.73906,0.66966,-0.00308,0.72297,0.59517,-0.00606
12,3,6,1,0.37666,0.37666,0.00000,0.37666,0.37666,0.00000
12,3,6,2,0.00000,0.00000,-1.00000,0.00000,0.00000,-1.00000
12,3,6,2,0.00000,0.00000,-1.00000,0.00000,0.00000,-1.00000
12,3,6,3,1.72670,1.72670,0.00000,1.72670,1.72670,0.00000
12,3,6,5,0.00000,0.00000,-1.00000,0.00000,0.00000,-1.00000
12,3,6,5,0.00000,0.00000,-1.00000,0.00000,0.00000,-1.00000
12,3,6,7,0.00000,0.00000,-1.00000,0.00000,0.00000,-1.00000
12,3,6,8,38.34057,36.08077,-0.00233,34.72902,33.58711,-0.00128
12,3,6,10,0.00000,0.00000,-1.00000,0.00000,0.00000,-1.00000
12,3,6,22,0.00000,0.00000,-1.00000,0.00000,0.00000,-1.00000
12,3,7,1,0.14707,0.13648,-0.00233,0.13322,0.12785,-0.00128
12,3,7,3,0.00782,0.00725,-0.00233,0.00708,0.00680,-0.00128
12,3,7,7,0.00000,0.00000,-0.00233,0.00000,0.00000,-0.00128
12,3,7,8,38.34057,35.57859,-0.00233,34.72902,33.32910,-0.00128
12,3,7,10,0.00000,0.00000,-0.00233,0.00000,0.00000,-0.00128
12,3,7,22,0.00559,0.00518,-0.00233,0.00505,0.00485,-0.00128
12,4,1,1,0.52489,0.41940,-0.00699,0.41814,0.32293,-0.00804
12,4,1,3,1.26403,1.00999,-0.00699,1.00695,0.77768,-0.00804
12,4,1,10,0.00000,0.00000,-0.00699,0.00000,0.00000,-0.00804
12,4,1,22,0.00621,0.00496,-0.00699,0.00495,0.00382,-0.00804
12,4,2,1,1.16012,0.80367,-0.01141,1.01088,0.43799,-0.02580
12,4,2,3,1.73562,1.20237,-0.01141,1.51236,0.65527,-0.02580
12,4,2,10,0.00000,0.00000,-0.01141,0.00000,0.00000,-0.02580
12,4,2,22,0.00576,0.00399,-0.01141,0.00502,0.00218,-0.02580
12,4,3,1,0.13496,0.13496,0.00000,0.13496,0.13496,0.00000
12,4,3,3,0.32067,0.32067,0.00000,0.32067,0.32067,0.00000
12,4,3,10,0.00000,0.00000,-1.00000,0.00000,0.00000,-1.00000
12,4,3,22,0.00106,0.00106,0.00000,0.00106,0.00106,0.00000
12,4,4,1,0.31013,0.30790,-0.00022,0.30636,0.30636,0.00000
12,4,4,3,1.64855,1.63670,-0.00022,1.62855,1.62855,0.00000
12,4,4,7,0.68939,0.68444,-0.00022,0.68103,0.68103,0.00000
12,4,4,10,0.00000,0.00000,-0.00022,0.00000,0.00000,0.00000
12,4,4,22,0.06994,0.06944,-0.00022,0.06909,0.06909,0.00000
12,4,5,1,2.21280,2.00501,-0.00308,2.16460,1.78197,-0.00606
12,4,5,3,0.73906,0.66966,-0.00308,0.72297,0.59517,-0.00606
12,4,6,1,0.37666,0.37666,0.00000,0.37666,0.37666,0.00000
12,4,6,2,0.00000,0.00000,-1.00000,0.00000,0.00000,-1.00000
12,4,6,2,0.00000,0.00000,-1.00000,0.00000,0.00000,-1.00000
12,4,6,3,1.72670,1.72670,0.00000,1.72670,1.72670,0.00000
12,4,6,5,0.00000,0.00000,-1.00000,0.00000,0.00000,-1.00000
12,4,6,5,0.00000,0.00000,-1.00000,0.00000,0.00000,-1.00000
12,4,6,7,0.00000,0.00000,-1.00000,0.00000,0.00000,-1.00000
12,4,6,8,38.34057,36.08077,-0.00233,34.72902,33.58711,-0.00128
12,4,6,10,0.00000,0.00000,-1.00000,0.00000,0.00000,-1.00000
12,4,6,22,0.00000,0.00000,-1.00000,0.00000,0.00000,-1.00000
12,4,7,1,0.14707,0.13648,-0.00233,0.13322,0.12785,-0.00128
12,4,7,3,0.00782,0.00725,-0.00233,0.00708,0.00680,-0.00128
12,4,7,7,0.00000,0.00000,-0.00233,0.00000,0.00000,-0.00128
12,4,7,8,38.34057,35.57859,-0.00233,34.72902,33.32910,-0.00128
12,4,7,10,0.00000,0.00000,-0.00233,0.00000,0.00000,-0.00128
12,4,7,22,0.00559,0.00518,-0.00233,0.00505,0.00485,-0.00128
13,1,1,1,2.57315,2.27104,-0.00389,2.30868,1.98820,-0.00466
13,1,1,3,10.04367,8.86444,-0.00389,9.01139,7.76047,-0.00466
13,1,1,11,0.09378,0.08276,-0.00389,0.08413,0.07246,-0.00466
13,1,1,12,0.04234,0.03738,-0.00389,0.03799,0.03272,-0.00466
13,1,2,1,2.74431,2.49712,-0.00295,2.59196,2.25097,-0.00440
13,1,2,3,5.49000,4.99549,-0.00295,5.18523,4.50309,-0.00440
13,1,2,11,0.05126,0.04664,-0.00295,0.04841,0.04204,-0.00440
13,1,2,12,0.02314,0.02106,-0.00295,0.02186,0.01899,-0.00440
13,1,3,1,0.72086,0.61661,-0.00487,0.61253,0.52253,-0.00495
13,1,3,3,7.32981,6.26980,-0.00487,6.22834,5.31319,-0.00495
13,1,3,11,0.06843,0.05854,-0.00487,0.05815,0.04961,-0.00495
13,1,3,12,0.03091,0.02644,-0.00487,0.02626,0.02240,-0.00495
13,1,4,1,42.91877,37.73993,-0.00401,40.32113,32.43791,-0.00678
13,1,4,3,3.87638,3.40863,-0.00401,3.64177,2.92976,-0.00678
13,1,4,11,0.03619,0.03182,-0.00401,0.03400,0.02735,-0.00678
13,1,4,12,0.01635,0.01437,-0.00401,0.01536,0.01235,-0.00678
13,1,4,16,13.60405,11.96250,-0.00401,12.78067,10.28191,-0.00678
13,1,4,31,0.09475,0.08332,-0.00401,0.08902,0.07162,-0.00678
13,1,5,1,0.32329,0.29728,-0.00262,0.29190,0.27532,-0.00182
13,1,5,3,1.69916,1.56244,-0.00262,1.53415,1.44707,-0.00182
13,1,5,11,0.01586,0.01459,-0.00262,0.01433,0.01351,-0.00182
13,1,5,12,0.00716,0.00659,-0.00262,0.00647,0.00610,-0.00182
13,1,5,31,1.12759,1.03686,-0.00262,1.01808,0.96030,-0.00182
13,2,1,1,2.57315,2.27104,-0.00389,2.30868,1.98820,-0.00466
13,2,1,3,10.23036,9.02921,-0.00389,9.17888,7.90472,-0.00466
13,2,1,11,0.03752,0.03312,-0.00389,0.03367,0.02899,-0.00466
13,2,1,12,0.01694,0.01496,-0.00389,0.01520,0.01309,-0.00466
13,2,2,1,2.74431,2.49712,-0.00295,2.59196,2.25097,-0.00440
13,2,2,3,5.59204,5.08835,-0.00295,5.28160,4.58679,-0.00440
13,2,2,11,0.02052,0.01866,-0.00295,0.01938,0.01682,-0.00440
13,2,2,12,0.00926,0.00843,-0.00295,0.00874,0.00760,-0.00440
13,2,3,1,0.72086,0.61661,-0.00487,0.61253,0.52253,-0.00495
13,2,3,3,7.46605,6.38633,-0.00487,6.34411,5.41195,-0.00495
13,2,3,11,0.02738,0.02342,-0.00487,0.02327,0.01985,-0.00495
13,2,3,12,0.01237,0.01058,-0.00487,0.01051,0.00896,-0.00495
13,2,4,1,42.91877,37.73993,-0.00401,40.32113,32.43791,-0.00678
13,2,4,3,3.94844,3.47199,-0.00401,3.70946,2.98422,-0.00678
13,2,4,11,0.01449,0.01274,-0.00401,0.01360,0.01095,-0.00678
13,2,4,12,0.00654,0.00575,-0.00401,0.00614,0.00494,-0.00678
13,2,4,16,13.60405,11.96250,-0.00401,12.78067,10.28191,-0.00678
13,2,4,31,0.09475,0.08332,-0.00401,0.08902,0.07162,-0.00678
13,2,5,1,0.32329,0.29728,-0.00262,0.29190,0.27532,-0.00182
13,2,5,3,1.73074,1.59149,-0.00262,1.56267,1.47397,-0.00182
13,2,5,11,0.00635,0.00584,-0.00262,0.00573,0.00541,-0.00182
13,2,5,12,0.00287,0.00264,-0.00262,0.00259,0.00244,-0.00182
13,2,5,31,1.12759,1.03686,-0.00262,1.01808,0.96030,-0.00182
13,3,1,1,2.57315,2.27104,-0.00389,2.30868,1.98820,-0.00466
13,3,1,3,10.26328,9.05826,-0.00389,9.20843,7.93015,-0.00466
13,3,1,11,0.01485,0.01310,-0.00389,0.01332,0.01147,-0.00466
13,3,1,12,0.00670,0.00592,-0.00389,0.00602,0.00518,-0.00466
13,3,2,1,2.74431,2.49712,-0.00295,2.59196,2.25097,-0.00440
13,3,2,3,5.61004,5.10472,-0.00295,5.29860,4.60155,-0.00440
13,3,2,11,0.00811,0.00738,-0.00295,0.00766,0.00666,-0.00440
13,3,2,12,0.00367,0.00333,-0.00295,0.00346,0.00301,-0.00440
13,3,3,1,0.72086,0.61661,-0.00487,0.61253,0.52253,-0.00495
13,3,3,3,7.49008,6.40688,-0.00487,6.36452,5.42936,-0.00495
13,3,3,11,0.01084,0.00927,-0.00487,0.00921,0.00785,-0.00495
13,3,3,12,0.00489,0.00419,-0.00487,0.00416,0.00355,-0.00495
13,3,4,1,42.91877,37.73993,-0.00401,40.32113,32.43791,-0.00678
13,3,4,3,3.96114,3.48316,-0.00401,3.72139,2.99382,-0.00678
13,3,4,11,0.00573,0.00504,-0.00401,0.00538,0.00433,-0.00678
13,3,4,12,0.00259,0.00228,-0.00401,0.00243,0.00196,-0.00678
13,3,4,16,13.60405,11.96250,-0.00401,12.78067,10.28191,-0.00678
13,3,4,31,0.09475,0.08332,-0.00401,0.08902,0.07162,-0.00678
13,3,5,1,0.32329,0.29728,-0.00262,0.29190,0.27532,-0.00182
13,3,5,3,1.73631,1.59661,-0.00262,1.56770,1.47871,-0.00182
13,3,5,11,0.00251,0.00231,-0.00262,0.00226,0.00214,-0.00182
13,3,5,12,0.00114,0.00104,-0.00262,0.00102,0.00097,-0.00182
13,3,5,31,1.12759,1.03686,-0.00262,1.01808,0.96030,-0.00182
13,4,1,1,2.57315,2.27104,-0.00389,2.30868,1.98820,-0.00466
13,4,1,3,10.07035,8.88799,-0.00389,9.03533,7.78108,-0.00466
13,4,1,11,0.14775,0.13040,-0.00389,0.13256,0.11416,-0.00466
13,4,1,12,0.06672,0.05889,-0.00389,0.05987,0.05156,-0.00466
13,4,2,1,2.74431,2.49712,-0.00295,2.59196,2.25097,-0.00440
13,4,2,3,5.50458,5.00876,-0.00295,5.19900,4.51505,-0.00440
13,4,2,11,0.08076,0.07349,-0.00295,0.07628,0.06624,-0.00440
13,4,2,12,0.03648,0.03319,-0.00295,0.03445,0.02992,-0.00440
13,4,3,1,0.72086,0.61661,-0.00487,0.61253,0.52253,-0.00495
13,4,3,3,7.34929,6.28645,-0.00487,6.24489,5.32730,-0.00495
13,4,3,11,0.10782,0.09223,-0.00487,0.09162,0.07816,-0.00495
13,4,3,12,0.04870,0.04165,-0.00487,0.04138,0.03530,-0.00495
13,4,4,1,42.91877,37.73993,-0.00401,40.32113,32.43791,-0.00678
13,4,4,3,3.88668,3.41769,-0.00401,3.65144,2.93754,-0.00678
13,4,4,11,0.05703,0.05014,-0.00401,0.05357,0.04310,-0.00678
13,4,4,12,0.02575,0.02265,-0.00401,0.02419,0.01946,-0.00678
13,4,4,16,13.60405,11.96250,-0.00401,12.78067,10.28191,-0.00678
13,4,4,31,0.09475,0.08332,-0.00401,0.08902,0.07162,-0.00678
13,4,5,1,0.32329,0.29728,-0.00262,0.29190,0.27532,-0.00182
13,4,5,3,1.70367,1.56660,-0.00262,1.53823,1.45091,-0.00182
13,4,5,11,0.02500,0.02298,-0.00262,0.02256,0.02129,-0.00182
13,4,5,12,0.01129,0.01038,-0.00262,0.01020,0.00961,-0.00182
13,4,5,31,1.12759,1.03686,-0.00262,1.01808,0.96030,-0.00182
14,1,1,1,0.03846,0.03689,-0.00149,0.03817,0.03627,-0.00182
14,1,1,3,0.30339,0.25983,-0.00552,0.29701,0.24912,-0.00626
14,1,1,11,0.00007,0.00007,-0.00193,0.00007,0.00007,-0.00226
14,1,1,31,0.02741,0.02363,-0.00529,0.00000,0.00000,-0.00536
14,1,2,1,0.00525,0.00503,-0.00148,0.00521,0.00495,-0.00183
14,1,2,3,0.00035,0.00031,-0.00440,0.00032,0.00027,-0.00557
14,1,3,1,0.11539,0.10933,-0.00193,0.11539,0.10831,-0.00226
14,1,3,3,0.00520,0.00493,-0.00193,0.00520,0.00488,-0.00226
14,1,3,10,0.00002,0.00002,-0.00193,0.00002,0.00002,-0.00226
14,1,3,11,0.00007,0.00007,-0.00193,0.00007,0.00007,-0.00226
14,1,4,1,0.00525,0.00423,-0.00767,0.00497,0.00336,-0.01380
14,1,5,1,0.01049,0.01006,-0.00148,0.01042,0.00990,-0.00183
14,1,5,11,0.00007,0.00007,-0.00193,0.00007,0.00007,-0.00226
14,1,6,11,0.00007,0.00007,-0.00193,0.00007,0.00007,-0.00226
14,1,6,22,0.01438,0.01438,0.00000,0.01438,0.01438,0.00000
14,2,1,1,0.05258,0.05042,-0.00150,0.05218,0.04958,-0.00182
14,2,1,3,0.28271,0.24212,-0.00552,0.27678,0.23215,-0.00626
14,2,1,11,0.00013,0.00000,0.00000,0.00013,0.00000,0.00000
14,2,1,31,0.02579,0.02223,-0.00529,0.00000,0.00000,-0.00536
14,2,2,1,0.00717,0.00688,-0.00149,0.00712,0.00677,-0.00183
14,2,2,3,0.00032,0.00029,-0.00440,0.00029,0.00025,-0.00557
14,2,3,1,0.15775,0.15126,-0.00150,0.15656,0.14877,-0.00182
14,2,3,3,0.00485,0.00427,-0.00450,0.00433,0.00375,-0.00516
14,2,3,10,0.00002,0.00000,0.00000,0.00002,0.00000,0.00000
14,2,3,11,0.00013,0.00000,0.00000,0.00013,0.00000,0.00000
14,2,4,1,0.00717,0.00578,-0.00767,0.00679,0.00460,-0.01380
14,2,5,1,0.01434,0.01375,-0.00149,0.01423,0.01351,-0.00183
14,2,5,11,0.00013,0.00000,0.00000,0.00013,0.00000,0.00000
14,2,6,11,0.00013,0.00000,0.00000,0.00013,0.00000,0.00000
14,2,6,22,0.02407,0.02407,0.00000,0.02407,0.02407,0.00000
14,3,1,1,0.09979,0.09568,-0.00150,0.09902,0.09407,-0.00183
14,3,1,3,0.91381,0.78261,-0.00552,0.89468,0.75042,-0.00626
14,3,1,11,0.00019,0.00018,-0.00170,0.00019,0.00018,-0.00239
14,3,1,31,0.08241,0.07103,-0.00529,0.00000,0.00000,-0.00536
14,3,2,1,0.01361,0.01305,-0.00149,0.01351,0.01283,-0.00183
14,3,2,3,0.00104,0.00092,-0.00440,0.00095,0.00081,-0.00557
14,3,3,1,0.29937,0.28705,-0.00150,0.29713,0.28236,-0.00182
14,3,3,3,0.01567,0.01381,-0.00450,0.01409,0.01219,-0.00516
14,3,3,10,0.00006,0.00006,-0.00170,0.00006,0.00006,-0.00239
14,3,3,11,0.00019,0.00018,-0.00170,0.00019,0.00018,-0.00239
14,3,4,1,0.01361,0.01097,-0.00767,0.01288,0.00873,-0.01380
14,3,5,1,0.02722,0.02610,-0.00149,0.02699,0.02564,-0.00183
14,3,5,11,0.00019,0.00018,-0.00170,0.00019,0.00018,-0.00239
14,3,6,11,0.00019,0.00018,-0.00170,0.00019,0.00018,-0.00239
14,3,6,22,0.12906,0.12906,0.00000,0.12906,0.12906,0.00000
14,4,1,1,0.08130,0.07798,-0.00149,0.08067,0.07666,-0.00182
14,4,1,3,0.71071,0.60867,-0.00552,0.69571,0.58353,-0.00626
14,4,1,11,0.00024,0.00000,0.00000,0.00024,0.00000,0.00000
14,4,1,31,0.06407,0.05523,-0.00529,0.00000,0.00000,-0.00536
14,4,2,1,0.01109,0.01063,-0.00149,0.01100,0.01046,-0.00181
14,4,2,3,0.00081,0.00072,-0.00440,0.00072,0.00062,-0.00557
14,4,3,1,0.24391,0.23387,-0.00150,0.24206,0.23002,-0.00182
14,4,3,3,0.01218,0.01074,-0.00450,0.01086,0.00940,-0.00516
14,4,3,10,0.00001,0.00000,0.00000,0.00001,0.00000,0.00000
14,4,3,11,0.00024,0.00000,0.00000,0.00024,0.00000,0.00000
14,4,4,1,0.01109,0.00894,-0.00767,0.01050,0.00711,-0.01380
14,4,5,1,0.02217,0.02127,-0.00149,0.02202,0.02093,-0.00181
14,4,5,11,0.00024,0.00000,0.00000,0.00024,0.00000,0.00000
14,4,6,11,0.00024,0.00000,0.00000,0.00024,0.00000,0.00000
14,4,6,22,0.05737,0.05737,0.00000,0.05737,0.05737,0.00000
15,1,1,1,0.00806,0.00743,-0.00292,0.00799,0.00727,-0.00335
15,1,1,3,0.04099,0.03446,-0.00618,0.04010,0.03314,-0.00679
15,1,1,11,0.00008,0.00007,-0.00836,0.00008,0.00008,-0.00293
15,1,1,31,0.00316,0.00272,-0.00529,0.00305,0.00263,-0.00536
15,1,2,1,0.00605,0.00558,-0.00288,0.00599,0.00546,-0.00333
15,1,2,11,0.00008,0.00007,-0.00836,0.00008,0.00008,-0.00293
15,1,3,1,0.06247,0.04938,-0.00836,0.06247,0.05755,-0.00293
15,1,3,3,0.00615,0.00486,-0.00836,0.00615,0.00566,-0.00293
15,1,3,11,0.00008,0.00007,-0.00529,0.00007,0.00006,-0.00675
15,1,4,1,0.00002,0.00002,-0.00836,0.00002,0.00002,-0.00293
15,1,5,1,0.00605,0.00557,-0.00292,0.00601,0.00547,-0.00333
15,1,5,3,0.00205,0.00172,-0.00621,0.00200,0.00166,-0.00675
15,1,6,11,0.00008,0.00007,-0.00836,0.00008,0.00008,-0.00293
15,1,6,22,0.00371,0.00371,0.00000,0.00371,0.00371,0.00000
15,2,1,1,0.00771,0.00710,-0.00292,0.00763,0.00695,-0.00336
15,2,1,3,0.02673,0.02247,-0.00618,0.02614,0.02160,-0.00679
15,2,1,11,0.00011,0.00000,0.00000,0.00011,0.00000,0.00000
15,2,1,31,0.00209,0.00180,-0.00529,0.00201,0.00173,-0.00536
15,2,2,1,0.00578,0.00533,-0.00293,0.00573,0.00522,-0.00332
15,2,2,11,0.00011,0.00000,0.00000,0.00011,0.00000,0.00000
15,2,3,1,0.05975,0.05506,-0.00292,0.05920,0.05388,-0.00336
15,2,3,3,0.00401,0.00337,-0.00617,0.00393,0.00325,-0.00682
15,2,3,11,0.00011,0.00009,-0.00529,0.00009,0.00008,-0.00675
15,2,4,1,0.00002,0.00000,0.00000,0.00002,0.00000,0.00000
15,2,5,1,0.00578,0.00533,-0.00289,0.00577,0.00526,-0.00334
15,2,5,3,0.00134,0.00112,-0.00618,0.00131,0.00108,-0.00678
15,2,6,11,0.00011,0.00000,0.00000,0.00011,0.00000,0.00000
15,2,6,22,0.00434,0.00434,0.00000,0.00434,0.00434,0.00000
15,3,1,1,0.01664,0.01533,-0.00292,0.01649,0.01501,-0.00336
15,3,1,3,0.09823,0.08258,-0.00618,0.09607,0.07941,-0.00678
15,3,1,11,0.00018,0.00018,-0.00085,0.00018,0.00017,-0.00120
15,3,1,31,0.00763,0.00657,-0.00529,0.00736,0.00633,-0.00536
15,3,2,1,0.01248,0.01150,-0.00292,0.01236,0.01125,-0.00337
15,3,2,11,0.00018,0.00018,-0.00085,0.00018,0.00017,-0.00120
15,3,3,1,0.12893,0.11879,-0.00292,0.12772,0.11626,-0.00335
15,3,3,3,0.01473,0.01239,-0.00616,0.01443,0.01194,-0.00676
15,3,3,11,0.00018,0.00016,-0.00529,0.00015,0.00013,-0.00675
15,3,4,1,0.00004,0.00004,-0.00085,0.00004,0.00004,-0.00120
15,3,5,1,0.01248,0.01150,-0.00292,0.01239,0.01128,-0.00333
15,3,5,3,0.00491,0.00413,-0.00618,0.00480,0.00397,-0.00679
15,3,6,11,0.00018,0.00018,-0.00085,0.00018,0.00017,-0.00120
15,3,6,22,0.02649,0.02649,0.00000,0.02649,0.02649,0.00000
15,4,1,1,0.01739,0.01602,-0.00292,0.01722,0.01568,-0.00336
15,4,1,3,0.09802,0.08238,-0.00619,0.09579,0.07917,-0.00678
15,4,1,11,0.00029,0.00000,0.00000,0.00029,0.00000,0.00000
15,4,1,31,0.00758,0.00653,-0.00529,0.00731,0.00629,-0.00536
15,4,2,1,0.01304,0.01202,-0.00291,0.01293,0.01176,-0.00336
15,4,2,11,0.00029,0.00000,0.00000,0.00029,0.00000,0.00000
15,4,3,1,0.13477,0.12421,-0.00291,0.13351,0.12150,-0.00336
15,4,3,3,0.01470,0.01233,-0.00628,0.01435,0.01188,-0.00672
15,4,3,11,0.00029,0.00025,-0.00529,0.00025,0.00020,-0.00675
15,4,4,1,0.00004,0.00000,0.00000,0.00004,0.00000,0.00000
15,4,5,1,0.01304,0.01201,-0.00294,0.01293,0.01176,-0.00336
15,4,5,3,0.00490,0.00411,-0.00623,0.00480,0.00397,-0.00681
15,4,6,11,0.00029,0.00000,0.00000,0.00029,0.00000,0.00000
15,4,6,22,0.01511,0.01511,0.00000,0.01511,0.01511,0.00000
16,1,1,1,0.00513,0.00501,-0.00086,0.00513,0.00498,-0.00110
16,1,1,3,0.00519,0.00507,-0.00086,0.00519,0.00503,-0.00110
16,1,1,11,0.00004,0.00004,-0.00086,0.00004,0.00004,-0.00110
16,1,1,31,0.00285,0.00246,-0.00529,0.00276,0.00237,-0.00536
16,1,2,1,0.01232,0.01135,-0.00292,0.01198,0.01109,-0.00277
16,1,2,3,0.00021,0.00018,-0.00440,0.00018,0.00015,-0.00557
16,1,2,11,0.00004,0.00004,-0.00086,0.00004,0.00004,-0.00110
16,1,3,1,0.02053,0.01891,-0.00292,0.01996,0.01846,-0.00277
16,1,3,11,0.00004,0.00004,-0.00086,0.00004,0.00004,-0.00110
16,1,4,1,0.00103,0.00095,-0.00293,0.00100,0.00092,-0.00276
16,1,5,3,0.00104,0.00086,-0.00661,0.00099,0.00083,-0.00618
16,1,5,10,0.00001,0.00001,-0.00086,0.00001,0.00001,-0.00110
16,1,5,11,0.00004,0.00004,-0.00086,0.00004,0.00004,-0.00110
16,1,6,11,0.00004,0.00004,-0.00086,0.00004,0.00004,-0.00110
16,1,6,22,0.00100,0.00100,0.00000,0.00100,0.00100,0.00000
16,2,1,1,0.02010,0.00000,0.00000,0.02010,0.00000,0.00000
16,2,1,3,0.01385,0.00000,0.00000,0.01385,0.00000,0.00000
16,2,1,11,0.00023,0.00000,0.00000,0.00023,0.00000,0.00000
16,2,1,31,0.00807,0.00695,-0.00529,0.00777,0.00669,-0.00536
16,2,2,1,0.04824,0.04446,-0.00291,0.04693,0.04342,-0.00277
16,2,2,3,0.00055,0.00049,-0.00440,0.00051,0.00043,-0.00557
16,2,2,11,0.00023,0.00000,0.00000,0.00023,0.00000,0.00000
16,2,3,1,0.08041,0.07407,-0.00293,0.07821,0.07237,-0.00277
16,2,3,11,0.00023,0.00000,0.00000,0.00023,0.00000,0.00000
16,2,4,1,0.00402,0.00370,-0.00295,0.00390,0.00361,-0.00274
16,2,5,3,0.00277,0.00230,-0.00657,0.00263,0.00221,-0.00617
16,2,5,10,0.00003,0.00000,0.00000,0.00003,0.00000,0.00000
16,2,5,11,0.00023,0.00000,0.00000,0.00023,0.00000,0.00000
16,2,6,11,0.00023,0.00000,0.00000,0.00023,0.00000,0.00000
16,2,6,22,0.00480,0.00480,0.00000,0.00480,0.00480,0.00000
16,3,1,1,0.02563,0.02563,0.00000,0.02563,0.02563,0.00000
16,3,1,3,0.03008,0.03008,0.00000,0.03008,0.03008,0.00000
16,3,1,11,0.00022,0.00022,0.00000,0.00022,0.00022,0.00000
16,3,1,31,0.01637,0.01411,-0.00529,0.01580,0.01359,-0.00536
16,3,2,1,0.06150,0.05668,-0.00291,0.05983,0.05535,-0.00278
16,3,2,3,0.00120,0.00106,-0.00440,0.00109,0.00094,-0.00557
16,3,2,11,0.00022,0.00022,0.00000,0.00022,0.00022,0.00000
16,3,3,1,0.10250,0.09444,-0.00292,0.09970,0.09225,-0.00277
16,3,3,11,0.00022,0.00022,0.00000,0.00022,0.00022,0.00000
16,3,4,1,0.00513,0.00472,-0.00292,0.00499,0.00462,-0.00280
16,3,5,3,0.00602,0.00500,-0.00657,0.00570,0.00479,-0.00618
16,3,5,10,0.00007,0.00007,0.00000,0.00007,0.00007,0.00000
16,3,5,11,0.00022,0.00022,0.00000,0.00022,0.00022,0.00000
16,3,6,11,0.00022,0.00022,0.00000,0.00022,0.00022,0.00000
16,3,6,22,0.01730,0.01730,0.00000,0.01730,0.01730,0.00000
16,4,1,1,0.00524,0.00000,0.00000,0.00524,0.00000,0.00000
16,4,1,3,0.00587,0.00000,0.00000,0.00587,0.00000,0.00000
16,4,1,11,0.00007,0.00000,0.00000,0.00007,0.00000,0.00000
16,4,1,31,0.00320,0.00276,-0.00529,0.00308,0.00265,-0.00536
16,4,2,1,0.01257,0.01158,-0.00292,0.01222,0.01130,-0.00277
16,4,2,3,0.00023,0.00021,-0.00440,0.00023,0.00020,-0.00557
16,4,2,11,0.00007,0.00000,0.00000,0.00007,0.00000,0.00000
16,4,3,1,0.02095,0.01930,-0.00292,0.02037,0.01885,-0.00277
16,4,3,11,0.00007,0.00000,0.00000,0.00007,0.00000,0.00000
16,4,4,1,0.00105,0.00096,-0.00294,0.00102,0.00094,-0.00278
16,4,5,3,0.00117,0.00098,-0.00660,0.00110,0.00093,-0.00617
16,4,5,10,0.00000,0.00000,0.00000,0.00000,0.00000,0.00000
16,4,5,11,0.00007,0.00000,0.00000,0.00007,0.00000,0.00000
16,4,6,11,0.00007,0.00000,0.00000,0.00007,0.00000,0.00000
16,4,6,22,0.00193,0.00193,0.00000,0.00193,0.00193,0.00000
17,1,1,1,0.01728,0.01598,-0.00279,0.01696,0.01559,-0.00301
17,1,1,3,0.07354,0.06529,-0.00424,0.07082,0.06309,-0.00412
17,1,1,11,0.00006,0.00005,-0.00591,0.00006,0.00006,-0.00219
17,1,1,31,0.00959,0.00852,-0.00424,0.00924,0.00823,-0.00412
17,1,2,1,0.01296,0.01199,-0.00276,0.01273,0.01171,-0.00299
17,1,2,3,0.00029,0.00026,-0.00427,0.00028,0.00025,-0.00410
17,1,3,1,0.09503,0.08049,-0.00591,0.09503,0.08938,-0.00219
17,1,3,11,0.00006,0.00005,-0.00529,0.00005,0.00004,-0.00675
17,1,4,1,0.00144,0.00132,-0.00297,0.00141,0.00129,-0.00304
17,1,5,1,0.00864,0.00800,-0.00276,0.00850,0.00782,-0.00299
17,1,5,3,0.00441,0.00391,-0.00427,0.00423,0.00377,-0.00410
17,1,5,11,0.00006,0.00000,-0.50309,0.00005,0.00000,-0.50339
17,1,6,11,0.00006,0.00005,-0.00591,0.00006,0.00006,-0.00219
17,1,6,22,0.00577,0.00577,0.00000,0.00577,0.00577,0.00000
17,2,1,1,0.00857,0.00792,-0.00279,0.00841,0.00773,-0.00300
17,2,1,3,0.02485,0.02206,-0.00425,0.02393,0.02131,-0.00412
17,2,1,11,0.00004,0.00000,0.00000,0.00004,0.00000,0.00000
17,2,1,31,0.00599,0.00532,-0.00424,0.00578,0.00515,-0.00411
17,2,2,1,0.00642,0.00594,-0.00279,0.00630,0.00579,-0.00297
17,2,2,3,0.00010,0.00009,-0.00431,0.00009,0.00008,-0.00409
17,2,3,1,0.04711,0.04356,-0.00279,0.04625,0.04253,-0.00299
17,2,3,11,0.00004,0.00003,-0.00568,0.00004,0.00003,-0.00568
17,2,4,1,0.00071,0.00066,-0.00282,0.00071,0.00066,-0.00288
17,2,5,1,0.00428,0.00396,-0.00279,0.00420,0.00386,-0.00297
17,2,5,3,0.00149,0.00132,-0.00422,0.00144,0.00128,-0.00413
17,2,5,11,0.00004,0.00000,-0.50309,0.00003,0.00000,-0.50339
17,2,6,11,0.00004,0.00000,0.00000,0.00004,0.00000,0.00000
17,2,6,22,0.00350,0.00350,0.00000,0.00350,0.00350,0.00000
17,3,1,1,0.01616,0.01495,-0.00279,0.01587,0.01460,-0.00298
17,3,1,3,0.07988,0.07092,-0.00424,0.07695,0.06855,-0.00412
17,3,1,11,0.00006,0.00005,-0.00287,0.00006,0.00006,-0.00120
17,3,1,31,0.01047,0.00930,-0.00424,0.01009,0.00899,-0.00411
17,3,2,1,0.01212,0.01121,-0.00278,0.01191,0.01095,-0.00301
17,3,2,3,0.00032,0.00028,-0.00424,0.00031,0.00027,-0.00410
17,3,3,1,0.08891,0.08222,-0.00279,0.08729,0.08027,-0.00299
17,3,3,11,0.00006,0.00005,-0.00625,0.00005,0.00005,-0.00329
17,3,4,1,0.00135,0.00124,-0.00287,0.00132,0.00122,-0.00293
17,3,5,1,0.00808,0.00748,-0.00278,0.00793,0.00729,-0.00301
17,3,5,3,0.00479,0.00426,-0.00424,0.00461,0.00411,-0.00410
17,3,5,11,0.00006,0.00000,-0.50309,0.00005,0.00000,-0.50339
17,3,6,11,0.00006,0.00005,-0.00287,0.00006,0.00006,-0.00120
17,3,6,22,0.01867,0.01867,0.00000,0.01867,0.01867,0.00000
17,4,1,1,0.01602,0.01481,-0.00279,0.01572,0.01445,-0.00300
17,4,1,3,0.07557,0.06709,-0.00424,0.07278,0.06484,-0.00412
17,4,1,11,0.00009,0.00000,0.00000,0.00009,0.00000,0.00000
17,4,1,31,0.01002,0.00889,-0.00424,0.00965,0.00859,-0.00413
17,4,2,1,0.01201,0.01110,-0.00283,0.01179,0.01084,-0.00298
17,4,2,3,0.00030,0.00027,-0.00407,0.00029,0.00026,-0.00397
17,4,3,1,0.08810,0.08147,-0.00279,0.08651,0.07956,-0.00299
17,4,3,11,0.00009,0.00008,-0.00529,0.00008,0.00006,-0.00675
17,4,4,1,0.00133,0.00123,-0.00287,0.00130,0.00119,-0.00294
17,4,5,1,0.00801,0.00740,-0.00283,0.00787,0.00724,-0.00298
17,4,5,3,0.00453,0.00402,-0.00425,0.00435,0.00388,-0.00408
17,4,5,11,0.00009,0.00000,-0.50309,0.00007,0.00000,-0.50339
17,4,6,11,0.00009,0.00000,0.00000,0.00009,0.00000,0.00000
17,4,6,22,0.01009,0.01009,0.00000,0.01009,0.01009,0.00000
18,1,1,1,0.02032,0.01876,-0.00285,0.01996,0.01834,-0.00302
18,1,1,3,0.06483,0.05607,-0.00517,0.06204,0.05406,-0.00491
18,1,1,31,0.00617,0.00532,-0.00529,0.00000,0.00000,-0.00536
18,1,2,1,0.00406,0.00358,-0.00447,0.00384,0.00354,-0.00282
18,1,2,3,0.00081,0.00070,-0.00503,0.00072,0.00064,-0.00420
18,1,2,11,0.00016,0.00000,0.00000,0.00016,0.00000,0.00000
18,1,3,1,0.06096,0.05371,-0.00451,0.05598,0.04999,-0.00404
18,1,3,3,0.00810,0.00703,-0.00504,0.00814,0.00732,-0.00381
18,1,3,11,0.00016,0.00000,0.00000,0.00016,0.00000,0.00000
18,1,4,1,0.01219,0.00983,-0.00767,0.01165,0.00789,-0.01380
18,1,5,1,0.00406,0.00375,-0.00285,0.00399,0.00367,-0.00300
18,1,5,11,0.00016,0.00000,0.00000,0.00016,0.00000,0.00000
18,1,6,11,0.00016,0.00000,0.00000,0.00016,0.00000,0.00000
18,1,6,22,0.00452,0.00452,0.00000,0.00452,0.00452,0.00000
18,2,1,1,0.03596,0.03320,-0.00284,0.03531,0.03245,-0.00302
18,2,1,3,0.07819,0.06763,-0.00517,0.07485,0.06522,-0.00491
18,2,1,31,0.00745,0.00642,-0.00529,0.00000,0.00000,-0.00536
18,2,2,1,0.00719,0.00633,-0.00452,0.00662,0.00608,-0.00301
18,2,2,3,0.00098,0.00088,-0.00390,0.00089,0.00079,-0.00445
18,2,2,11,0.00040,0.00000,-1.00000,0.00040,0.00000,-1.00000
18,2,3,1,0.10787,0.09958,-0.00285,0.10596,0.09735,-0.00302
18,2,3,3,0.00977,0.00861,-0.00450,0.00882,0.00763,-0.00516
18,2,3,11,0.00040,0.00000,-1.00000,0.00040,0.00000,-1.00000
18,2,4,1,0.02157,0.01739,-0.00767,0.02045,0.01386,-0.01380
18,2,5,1,0.00719,0.00664,-0.00286,0.00705,0.00648,-0.00302
18,2,5,11,0.00040,0.00000,-1.00000,0.00040,0.00000,-1.00000
18,2,6,11,0.00040,0.00000,-1.00000,0.00040,0.00000,-1.00000
18,2,6,22,0.00980,0.00980,0.00000,0.00980,0.00980,0.00000
18,3,1,1,0.05425,0.05009,-0.00285,0.05329,0.04896,-0.00302
18,3,1,3,0.20096,0.17381,-0.00517,0.19237,0.16760,-0.00491
18,3,1,31,0.01911,0.01647,-0.00529,0.00000,0.00000,-0.00536
18,3,2,1,0.01085,0.00989,-0.00330,0.01006,0.00947,-0.00215
18,3,2,3,0.00251,0.00237,-0.00210,0.00222,0.00194,-0.00481
18,3,2,11,0.00046,0.00000,0.00000,0.00046,0.00000,0.00000
18,3,3,1,0.16276,0.15026,-0.00285,0.15988,0.14690,-0.00302
18,3,3,3,0.02512,0.02214,-0.00450,0.02253,0.01949,-0.00516
18,3,3,11,0.00046,0.00000,0.00000,0.00046,0.00000,0.00000
18,3,4,1,0.03255,0.02624,-0.00767,0.03073,0.02083,-0.01380
18,3,5,1,0.01085,0.01002,-0.00285,0.01066,0.00979,-0.00303
18,3,5,11,0.00046,0.00000,0.00000,0.00046,0.00000,0.00000
18,3,6,11,0.00046,0.00000,0.00000,0.00046,0.00000,0.00000
18,3,6,22,0.04177,0.04177,0.00000,0.04177,0.04177,0.00000
18,4,1,1,0.05745,0.05304,-0.00285,0.05644,0.05186,-0.00302
18,4,1,3,0.20313,0.17569,-0.00517,0.19444,0.16941,-0.00491
18,4,1,31,0.01932,0.01665,-0.00529,0.00000,0.00000,-0.00536
18,4,2,1,0.01149,0.01034,-0.00376,0.01100,0.00975,-0.00433
18,4,2,3,0.00254,0.00227,-0.00404,0.00243,0.00226,-0.00252
18,4,2,11,0.00075,0.00000,0.00000,0.00075,0.00000,0.00000
18,4,3,1,0.17234,0.15911,-0.00285,0.16929,0.15554,-0.00302
18,4,3,3,0.02539,0.02238,-0.00450,0.02300,0.01990,-0.00516
18,4,3,11,0.00075,0.00000,0.00000,0.00075,0.00000,0.00000
18,4,4,1,0.03447,0.02778,-0.00767,0.03251,0.02203,-0.01380
18,4,5,1,0.01149,0.01061,-0.00284,0.01129,0.01039,-0.00299
18,4,5,11,0.00075,0.00000,0.00000,0.00075,0.00000,0.00000
18,4,6,11,0.00075,0.00000,0.00000,0.00075,0.00000,0.00000
18,4,6,22,0.02413,0.02413,0.00000,0.02413,0.02413,0.00000
19,1,1,3,0.36792,0.31715,-0.00529,0.35489,0.30531,-0.00536
19,1,1,7,0.00096,0.00083,-0.00529,0.00092,0.00079,-0.00571
19,1,1,10,0.00009,0.00008,-0.00560,0.00009,0.00009,-0.00094
19,1,1,11,0.00592,0.00522,-0.00450,0.00502,0.00415,-0.00675
19,1,1,31,1.46119,1.25953,-0.00529,1.40943,1.21252,-0.00536
19,1,2,1,0.00785,0.00608,-0.00907,0.00701,0.00552,-0.00847
19,1,2,3,0.00147,0.00130,-0.00440,0.00135,0.00115,-0.00557
19,1,2,11,0.00030,0.00025,-0.00560,0.00030,0.00029,-0.00094
19,1,3,1,0.36887,0.31520,-0.00560,0.36887,0.35934,-0.00094
19,1,3,3,0.01472,0.01258,-0.00560,0.01472,0.01434,-0.00094
19,1,3,10,0.00009,0.00008,-0.00560,0.00009,0.00009,-0.00094
19,1,3,11,0.00592,0.00511,-0.00529,0.00501,0.00415,-0.00675
19,1,4,1,0.00785,0.00633,-0.00767,0.00744,0.00504,-0.01380
19,1,5,1,0.00785,0.00671,-0.00560,0.00785,0.00765,-0.00094
19,1,5,3,0.01472,0.01226,-0.00650,0.01328,0.01172,-0.00447
19,1,5,11,0.00030,0.00025,-0.00560,0.00030,0.00029,-0.00094
19,1,6,11,0.00592,0.00506,-0.00560,0.00592,0.00577,-0.00094
19,1,6,22,0.01776,0.01776,0.00000,0.01776,0.01776,0.00000
19,2,1,3,0.41314,0.35612,-0.00529,0.39848,0.34281,-0.00536
19,2,1,7,0.00120,0.00103,-0.00529,0.00115,0.00098,-0.00571
19,2,1,10,0.00008,0.00000,0.00000,0.00008,0.00000,0.00000
19,2,1,11,0.01361,0.01199,-0.00450,0.01146,0.00948,-0.00675
19,2,1,31,1.21225,1.04495,-0.00529,1.16930,1.00594,-0.00536
19,2,2,1,0.01293,0.01001,-0.00908,0.01154,0.00909,-0.00848
19,2,2,3,0.00165,0.00146,-0.00440,0.00150,0.00128,-0.00557
19,2,2,11,0.00068,0.00000,0.00000,0.00068,0.00000,0.00000
19,2,3,1,0.60765,0.56446,-0.00263,0.59742,0.55215,-0.00281
19,2,3,3,0.01653,0.01424,-0.00529,0.01594,0.01371,-0.00536
19,2,3,10,0.00008,0.00000,0.00000,0.00008,0.00000,0.00000
19,2,3,11,0.01361,0.01173,-0.00528,0.01313,0.01130,-0.00535
19,2,4,1,0.01293,0.01042,-0.00767,0.01225,0.00830,-0.01380
19,2,5,1,0.01293,0.00000,0.00000,0.01293,0.00000,0.00000
19,2,5,3,0.01653,0.01377,-0.00650,0.01491,0.01315,-0.00446
19,2,5,11,0.00068,0.00000,0.00000,0.00068,0.00000,0.00000
19,2,6,11,0.01361,0.00000,0.00000,0.01361,0.00000,0.00000
19,2,6,22,0.03581,0.03581,0.00000,0.03581,0.03581,0.00000
19,3,1,3,0.53320,0.45961,-0.00529,0.51431,0.44246,-0.00536
19,3,1,7,0.00016,0.00014,-0.00529,0.00015,0.00013,-0.00571
19,3,1,10,0.00013,0.00012,-0.00285,0.00013,0.00013,-0.00074
19,3,1,11,0.00781,0.00688,-0.00450,0.00654,0.00541,-0.00675
19,3,1,31,3.10618,2.67749,-0.00529,2.99610,2.57752,-0.00536
19,3,2,1,0.00980,0.00759,-0.00907,0.00875,0.00689,-0.00849
19,3,2,3,0.00213,0.00189,-0.00440,0.00192,0.00165,-0.00557
19,3,2,11,0.00039,0.00036,-0.00285,0.00039,0.00038,-0.00074
19,3,3,1,0.46044,0.42771,-0.00263,0.45270,0.41840,-0.00281
19,3,3,3,0.02133,0.01838,-0.00530,0.02057,0.01770,-0.00536
19,3,3,10,0.00013,0.00012,-0.00285,0.00013,0.00013,-0.00074
19,3,3,11,0.00781,0.00673,-0.00528,0.00754,0.00649,-0.00536
19,3,4,1,0.00980,0.00790,-0.00767,0.00925,0.00627,-0.01380
19,3,5,1,0.00980,0.00904,-0.00285,0.00980,0.00960,-0.00074
19,3,5,3,0.02133,0.01777,-0.00650,0.01924,0.01697,-0.00447
19,3,5,11,0.00039,0.00036,-0.00285,0.00039,0.00038,-0.00074
19,3,6,11,0.00781,0.00721,-0.00285,0.00781,0.00765,-0.00074
19,3,6,22,0.07668,0.07668,0.00000,0.07668,0.07668,0.00000
19,4,1,3,0.36768,0.31693,-0.00529,0.35466,0.30511,-0.00536
19,4,1,7,0.00012,0.00010,-0.00529,0.00011,0.00010,-0.00571
19,4,1,10,0.00003,0.00000,0.00000,0.00003,0.00000,0.00000
19,4,1,11,0.00869,0.00766,-0.00450,0.00729,0.00603,-0.00675
19,4,1,31,0.97964,0.84444,-0.00529,0.94491,0.81290,-0.00536
19,4,2,1,0.00708,0.00549,-0.00904,0.00632,0.00497,-0.00851
19,4,2,3,0.00147,0.00130,-0.00440,0.00133,0.00114,-0.00557
19,4,2,11,0.00043,0.00000,0.00000,0.00043,0.00000,0.00000
19,4,3,1,0.33261,0.30897,-0.00263,0.32700,0.30223,-0.00281
19,4,3,3,0.01471,0.01268,-0.00529,0.01418,0.01220,-0.00536
19,4,3,10,0.00003,0.00000,0.00000,0.00003,0.00000,0.00000
19,4,3,11,0.00869,0.00749,-0.00529,0.00734,0.00607,-0.00675
19,4,4,1,0.00708,0.00570,-0.00767,0.00665,0.00451,-0.01380
19,4,5,1,0.00708,0.00000,0.00000,0.00708,0.00000,0.00000
19,4,5,3,0.01471,0.01226,-0.00649,0.01327,0.01171,-0.00446
19,4,5,11,0.00043,0.00000,0.00000,0.00043,0.00000,0.00000
19,4,6,11,0.00869,0.00000,0.00000,0.00869,0.00000,0.00000
19,4,6,22,0.03022,0.03022,0.00000,0.03022,0.03022,0.00000
20,1,1,1,0.05458,0.05071,-0.00262,0.05367,0.05455,0.00058
20,1,1,3,0.07011,0.06044,-0.00529,0.06765,0.04656,-0.01326
20,1,1,11,0.00010,0.00010,-0.00158,0.00010,0.00010,-0.00184
20,1,1,31,0.11049,0.09524,-0.00529,0.10658,0.09169,-0.00536
20,1,2,1,0.06238,0.04835,-0.00906,0.05571,0.04387,-0.00850
20,1,2,3,0.00052,0.00050,-0.00158,0.00052,0.00049,-0.00184
20,1,2,10,0.00003,0.00003,-0.00158,0.00003,0.00003,-0.00184
20,1,3,1,0.29629,0.26276,-0.00428,0.26378,0.24462,-0.00269
20,1,3,3,0.01818,0.01730,-0.00176,0.01625,0.01504,-0.00275
20,1,3,10,0.00003,0.00003,-0.00158,0.00003,0.00003,-0.00184
20,1,3,11,0.00010,0.00010,-0.00158,0.00010,0.00010,-0.00184
20,1,5,11,0.00010,0.00010,-0.00158,0.00010,0.00010,-0.00184
20,1,6,22,0.00830,0.00830,0.00000,0.00830,0.00830,0.00000
20,2,1,1,0.07235,0.06721,-0.00263,0.07113,0.07021,-0.00046
20,2,1,3,0.06336,0.05461,-0.00529,0.06112,0.04206,-0.01326
20,2,1,11,0.00019,0.00000,0.00000,0.00019,0.00000,0.00000
20,2,1,31,0.10729,0.09248,-0.00529,0.10347,0.08901,-0.00536
20,2,2,1,0.08269,0.06409,-0.00906,0.07385,0.05816,-0.00849
20,2,2,3,0.00047,0.00000,0.00000,0.00047,0.00000,0.00000
20,2,2,10,0.00002,0.00000,0.00000,0.00002,0.00000,0.00000
20,2,3,1,0.39278,0.36486,-0.00263,0.38618,0.35692,-0.00281
20,2,3,3,0.01643,0.01448,-0.00450,0.01469,0.01271,-0.00516
20,2,3,10,0.00002,0.00000,0.00000,0.00002,0.00000,0.00000
20,2,3,11,0.00019,0.00000,0.00000,0.00019,0.00000,0.00000
20,2,5,11,0.00019,0.00000,0.00000,0.00019,0.00000,0.00000
20,2,6,22,0.01347,0.01347,0.00000,0.01347,0.01347,0.00000
20,3,1,1,0.11656,0.10827,-0.00263,0.11459,0.11817,0.00110
20,3,1,3,0.17384,0.14985,-0.00529,0.16768,0.11540,-0.01326
20,3,1,11,0.00024,0.00021,-0.00440,0.00024,0.00021,-0.00412
20,3,1,31,0.26823,0.23121,-0.00529,0.25871,0.22257,-0.00536
20,3,2,1,0.13321,0.10324,-0.00906,0.11898,0.09369,-0.00850
20,3,2,3,0.00129,0.00114,-0.00440,0.00129,0.00115,-0.00412
20,3,2,10,0.00008,0.00007,-0.00440,0.00008,0.00007,-0.00412
20,3,3,1,0.63275,0.58777,-0.00263,0.62212,0.57498,-0.00281
20,3,3,3,0.04507,0.03972,-0.00450,0.04114,0.03559,-0.00516
20,3,3,10,0.00008,0.00007,-0.00440,0.00008,0.00007,-0.00412
20,3,3,11,0.00024,0.00021,-0.00440,0.00024,0.00021,-0.00412
20,3,5,11,0.00024,0.00021,-0.00440,0.00024,0.00021,-0.00412
20,3,6,22,0.06134,0.06134,0.00000,0.06134,0.06134,0.00000
20,4,1,1,0.14954,0.13891,-0.00263,0.14703,0.15091,0.00093
20,4,1,3,0.21290,0.18351,-0.00529,0.20539,0.14135,-0.01326
20,4,1,11,0.00047,0.00000,0.00000,0.00047,0.00000,0.00000
20,4,1,31,0.33043,0.28483,-0.00529,0.31869,0.27417,-0.00536
20,4,2,1,0.17090,0.13246,-0.00906,0.15261,0.12016,-0.00850
20,4,2,3,0.00158,0.00000,0.00000,0.00158,0.00000,0.00000
20,4,2,10,0.00003,0.00000,0.00000,0.00003,0.00000,0.00000
20,4,3,1,0.81178,0.75407,-0.00263,0.79812,0.73765,-0.00281
20,4,3,3,0.05520,0.04865,-0.00450,0.04945,0.04278,-0.00516
20,4,3,10,0.00003,0.00000,0.00000,0.00003,0.00000,0.00000
20,4,3,11,0.00047,0.00000,0.00000,0.00047,0.00000,0.00000
20,4,5,11,0.00047,0.00000,0.00000,0.00047,0.00000,0.00000
20,4,6,22,0.04294,0.04294,0.00000,0.04294,0.04294,0.00000
21,1,1,1,0.00737,0.00684,-0.00263,0.00725,0.00670,-0.00282
21,1,1,3,0.05480,0.04723,-0.00529,0.05285,0.04546,-0.00536
21,1,1,31,0.17943,0.15466,-0.00529,0.17306,0.14888,-0.00536
21,1,2,1,0.02230,0.01728,-0.00906,0.01991,0.01567,-0.00851
21,1,2,3,0.00209,0.00184,-0.00440,0.00000,0.00000,-0.00557
21,1,3,1,0.03953,0.03731,-0.00207,0.03496,0.03245,-0.00266
21,1,3,3,0.01980,0.01786,-0.00366,0.01840,0.01740,-0.00198
21,1,4,1,0.00673,0.00637,-0.00192,0.00597,0.00523,-0.00472
21,1,5,1,0.00307,0.00258,-0.00626,0.00274,0.00242,-0.00446
21,1,5,3,0.04381,0.04192,-0.00157,0.04381,0.04161,-0.00184
21,1,5,11,0.00051,0.00049,-0.00157,0.00051,0.00049,-0.00184
21,1,6,7,0.00592,0.00566,-0.00157,0.00592,0.00562,-0.00184
21,1,6,22,0.01381,0.01381,0.00000,0.01381,0.01381,0.00000
21,2,1,1,0.01815,0.01686,-0.00263,0.01786,0.01651,-0.00281
21,2,1,3,0.09206,0.07936,-0.00529,0.08881,0.07640,-0.00536
21,2,1,31,0.47423,0.40878,-0.00529,0.45740,0.39350,-0.00536
21,2,2,1,0.05496,0.04259,-0.00907,0.04908,0.03865,-0.00850
21,2,2,3,0.00351,0.00310,-0.00440,0.00000,0.00000,-0.00557
21,2,3,1,0.09745,0.09052,-0.00263,0.09581,0.08855,-0.00281
21,2,3,3,0.03326,0.02931,-0.00450,0.00000,0.00000,-0.00516
21,2,4,1,0.01658,0.01534,-0.00277,0.01446,0.01255,-0.00505
21,2,5,1,0.00757,0.00635,-0.00624,0.00676,0.00597,-0.00441
21,2,5,3,0.07361,0.00000,0.00000,0.07361,0.00000,0.00000
21,2,5,11,0.00176,0.00000,0.00000,0.00176,0.00000,0.00000
21,2,6,7,0.01100,0.00000,0.00000,0.01100,0.00000,0.00000
21,2,6,22,0.04166,0.04166,0.00000,0.04166,0.04166,0.00000
21,3,1,1,0.02172,0.02017,-0.00263,0.02135,0.01974,-0.00281
21,3,1,3,0.18759,0.16170,-0.00529,0.18095,0.15567,-0.00536
21,3,1,31,0.62095,0.53525,-0.00529,0.59894,0.51526,-0.00536
21,3,2,1,0.06575,0.05095,-0.00907,0.05871,0.04623,-0.00850
21,3,2,3,0.00714,0.00631,-0.00440,0.00000,0.00000,-0.00557
21,3,3,1,0.11658,0.10829,-0.00263,0.11462,0.10594,-0.00281
21,3,3,3,0.06777,0.05973,-0.00450,0.00000,0.00000,-0.00516
21,3,4,1,0.01983,0.01863,-0.00224,0.01913,0.01755,-0.00307
21,3,5,1,0.00906,0.00759,-0.00630,0.00808,0.00714,-0.00441
21,3,5,3,0.14998,0.14310,-0.00167,0.14998,0.14208,-0.00193
21,3,5,11,0.00160,0.00153,-0.00167,0.00160,0.00151,-0.00193
21,3,6,7,0.00228,0.00218,-0.00167,0.00228,0.00216,-0.00193
21,3,6,22,0.14086,0.14086,0.00000,0.14086,0.14086,0.00000
21,4,1,1,0.01061,0.00985,-0.00263,0.01044,0.00965,-0.00281
21,4,1,3,0.08744,0.07538,-0.00529,0.08434,0.07256,-0.00536
21,4,1,31,0.29130,0.25110,-0.00529,0.28097,0.24172,-0.00536
21,4,2,1,0.03211,0.02489,-0.00906,0.02868,0.02258,-0.00850
21,4,2,3,0.00333,0.00294,-0.00440,0.00000,0.00000,-0.00557
21,4,3,1,0.05693,0.05288,-0.00263,0.05597,0.05173,-0.00281
21,4,3,3,0.03159,0.02784,-0.00450,0.00000,0.00000,-0.00516
21,4,4,1,0.00968,0.00864,-0.00407,0.00905,0.00862,-0.00175
21,4,5,1,0.00442,0.00371,-0.00630,0.00395,0.00349,-0.00439
21,4,5,3,0.06991,0.00000,0.00000,0.06991,0.00000,0.00000
21,4,5,11,0.00120,0.00000,0.00000,0.00120,0.00000,0.00000
21,4,6,7,0.00116,0.00000,0.00000,0.00116,0.00000,0.00000
21,4,6,22,0.03753,0.03753,0.00000,0.03753,0.03753,0.00000
22,1,1,1,0.14627,0.13477,-0.00292,0.14627,0.13519,-0.00281
22,1,1,3,1.16608,1.00514,-0.00529,1.12469,0.96757,-0.00536
22,1,1,7,0.00034,0.00030,-0.00520,0.00031,0.00028,-0.00415
22,1,1,31,0.31221,0.26912,-0.00529,0.30114,0.25907,-0.00536
22,1,2,1,0.03074,0.02401,-0.00879,0.02867,0.02258,-0.00849
22,1,2,3,0.01074,0.00990,-0.00292,0.01074,0.00993,-0.00281
22,1,3,1,0.54698,0.50398,-0.00292,0.54698,0.50554,-0.00281
22,1,3,3,0.07211,0.06644,-0.00292,0.07211,0.06665,-0.00281
22,1,3,11,0.01760,0.01517,-0.00529,0.01488,0.01231,-0.00675
22,1,4,1,0.01512,0.01319,-0.00486,0.01514,0.01334,-0.00450
22,1,5,3,0.01534,0.01414,-0.00292,0.01534,0.01418,-0.00281
22,1,6,7,0.00100,0.00093,-0.00292,0.00100,0.00093,-0.00281
22,1,6,22,0.04467,0.04467,0.00000,0.04467,0.04467,0.00000
22,2,1,1,0.29387,0.00000,0.00000,0.29387,0.00000,0.00000
22,2,1,3,1.59692,1.37653,-0.00529,1.54033,1.32514,-0.00536
22,2,1,7,0.00010,0.00009,-0.00457,0.00010,0.00009,-0.00551
22,2,1,31,0.67930,0.58555,-0.00529,0.65522,0.56368,-0.00536
22,2,2,1,0.06176,0.04823,-0.00879,0.05759,0.04536,-0.00849
22,2,2,3,0.01471,0.00000,0.00000,0.01471,0.00000,0.00000
22,2,3,1,1.09894,1.02082,-0.00263,1.08045,0.99859,-0.00281
22,2,3,3,0.09876,0.08704,-0.00450,0.00000,0.00000,-0.00516
22,2,3,11,0.04930,0.04250,-0.00529,0.00000,0.00000,-0.00675
22,2,4,1,0.03037,0.02720,-0.00394,0.02773,0.02558,-0.00288
22,2,5,3,0.02101,0.00000,0.00000,0.02101,0.00000,0.00000
22,2,6,7,0.00152,0.00000,0.00000,0.00152,0.00000,0.00000
22,2,6,22,0.10984,0.10984,0.00000,0.10984,0.10984,0.00000
22,3,1,1,0.27561,0.26909,-0.00086,0.27561,0.26279,-0.00170
22,3,1,3,2.55094,2.19889,-0.00529,2.39282,1.69349,-0.01227
22,3,1,7,0.00016,0.00014,-0.00564,0.00015,0.00013,-0.00492
22,3,1,31,1.20090,1.03516,-0.00529,1.15834,0.99651,-0.00536
22,3,2,1,0.05792,0.04523,-0.00879,0.05403,0.04256,-0.00849
22,3,2,3,0.02350,0.02294,-0.00086,0.02350,0.02240,-0.00170
22,3,3,1,1.03065,0.95738,-0.00263,1.01331,0.93654,-0.00281
22,3,3,3,0.15776,0.13904,-0.00450,0.00000,0.00000,-0.00516
22,3,3,11,0.03503,0.03019,-0.00530,0.03379,0.02907,-0.00536
22,3,4,1,0.02849,0.02516,-0.00442,0.02639,0.02507,-0.00183
22,3,5,3,0.03357,0.03277,-0.00086,0.03357,0.03200,-0.00170
22,3,6,7,0.00025,0.00024,-0.00086,0.00025,0.00024,-0.00170
22,3,6,22,0.29112,0.29112,0.00000,0.29112,0.29112,0.00000
22,4,1,1,0.17632,0.00000,0.00000,0.17632,0.00000,0.00000
22,4,1,3,1.55781,1.34282,-0.00529,1.50254,1.29263,-0.00536
22,4,1,7,0.00049,0.00045,-0.00356,0.00046,0.00044,-0.00207
22,4,1,31,0.59019,0.50873,-0.00529,0.56922,0.48970,-0.00536
22,4,2,1,0.03705,0.02894,-0.00879,0.03456,0.02722,-0.00849
22,4,2,3,0.01435,0.00000,0.00000,0.01435,0.00000,0.00000
22,4,3,1,0.65934,0.61247,-0.00263,0.64827,0.59915,-0.00281
22,4,3,3,0.09634,0.08491,-0.00450,0.00000,0.00000,-0.00516
22,4,3,11,0.03451,0.02974,-0.00529,0.02916,0.02412,-0.00675
22,4,4,1,0.01822,0.01598,-0.00469,0.01672,0.01540,-0.00294
22,4,5,3,0.02050,0.00000,0.00000,0.02050,0.00000,0.00000
22,4,6,7,0.00016,0.00000,0.00000,0.00016,0.00000,0.00000
22,4,6,22,0.10161,0.10161,0.00000,0.10161,0.10161,0.00000
23,1,1,1,0.11916,0.11069,-0.00263,0.11719,0.10828,-0.00282
23,1,1,3,0.25348,0.21850,-0.00529,0.24449,0.21033,-0.00536
23,1,1,7,0.00022,0.00019,-0.00493,0.00020,0.00017,-0.00572
23,1,1,31,0.06766,0.06766,-0.00450,0.06766,0.06766,-0.00675
23,1,2,1,0.01038,0.00928,-0.00397,0.00989,0.00913,-0.00284
23,1,2,11,0.00021,0.00019,-0.00292,0.00021,0.00019,-0.00281
23,1,3,1,0.61320,0.55539,-0.00353,0.55890,0.48640,-0.00495
23,1,3,3,0.03104,0.02861,-0.00290,0.02814,0.02470,-0.00465
23,1,4,1,0.31152,0.25110,-0.00767,0.29500,0.19991,-0.01380
23,1,5,1,0.02585,0.02438,-0.00208,0.02429,0.02268,-0.00245
23,1,5,3,0.01035,0.00956,-0.00282,0.00961,0.00893,-0.00265
23,1,6,22,0.01342,0.01342,0.00000,0.01342,0.01342,0.00000
23,2,1,1,0.20847,0.19365,-0.00263,0.20495,0.18942,-0.00281
23,2,1,3,0.30227,0.26056,-0.00529,0.29156,0.25083,-0.00536
23,2,1,7,0.00034,0.00031,-0.00385,0.00030,0.00026,-0.00563
23,2,1,31,0.08659,0.08659,-0.00450,0.08659,0.08659,-0.00675
23,2,2,1,0.01815,0.01623,-0.00400,0.01664,0.01508,-0.00352
23,2,2,11,0.00051,0.00000,0.00000,0.00051,0.00000,0.00000
23,2,3,1,1.07276,0.99427,-0.00271,1.05502,0.97509,-0.00281
23,2,3,3,0.03701,0.00000,0.00000,0.03701,0.00000,0.00000
23,2,4,1,0.54498,0.43929,-0.00767,0.51601,0.34968,-0.01380
23,2,5,1,0.04522,0.03996,-0.00440,0.04214,0.03981,-0.00203
23,2,5,3,0.01234,0.01142,-0.00275,0.01184,0.01120,-0.00198
23,2,6,22,0.02874,0.02874,0.00000,0.02874,0.02874,0.00000
23,3,1,1,0.59464,0.55237,-0.00263,0.58460,0.54031,-0.00281
23,3,1,3,1.46857,1.26589,-0.00529,1.41649,1.21860,-0.00536
23,3,1,7,0.00033,0.00030,-0.00285,0.00031,0.00026,-0.00543
23,3,1,31,0.41143,0.41143,-0.00450,0.41143,0.41143,-0.00675
23,3,2,1,0.05178,0.04837,-0.00243,0.04471,0.04071,-0.00334
23,3,2,11,0.00110,0.00087,-0.00823,0.00110,0.00100,-0.00341
23,3,3,1,3.05998,2.83609,-0.00271,3.00936,2.78136,-0.00281
23,3,3,3,0.17983,0.14268,-0.00823,0.17983,0.16345,-0.00341
23,3,4,1,1.55453,1.25306,-0.00767,1.47204,0.99756,-0.01380
23,3,5,1,0.12897,0.11231,-0.00493,0.12565,0.11870,-0.00203
23,3,5,3,0.05994,0.05650,-0.00211,0.05598,0.05000,-0.00403
23,3,6,22,0.23166,0.23166,0.00000,0.23166,0.23166,0.00000
23,4,1,1,0.25965,0.24119,-0.00263,0.25539,0.23604,-0.00281
23,4,1,3,0.61212,0.52764,-0.00529,0.59041,0.50793,-0.00536
23,4,1,7,0.00048,0.00045,-0.00254,0.00042,0.00038,-0.00393
23,4,1,31,0.16259,0.16259,-0.00450,0.16259,0.16259,-0.00675
23,4,2,1,0.02261,0.02087,-0.00286,0.02068,0.01876,-0.00346
23,4,2,11,0.00074,0.00000,0.00000,0.00074,0.00000,0.00000
23,4,3,1,1.33613,1.23837,-0.00271,1.31401,1.21446,-0.00281
23,4,3,3,0.07495,0.00000,0.00000,0.07495,0.00000,0.00000
23,4,4,1,0.67878,0.54714,-0.00767,0.64273,0.43556,-0.01380
23,4,5,1,0.05632,0.05074,-0.00372,0.04859,0.04246,-0.00481
23,4,5,3,0.02498,0.02249,-0.00375,0.02270,0.02032,-0.00394
23,4,6,22,0.05519,0.05519,0.00000,0.05519,0.05519,0.00000
24,1,1,1,0.01647,0.01530,-0.00263,0.01619,0.02415,0.01439
24,1,1,3,0.13037,0.11238,-0.00529,0.12574,0.08654,-0.01326
24,1,1,7,0.00020,0.00017,-0.00515,0.00019,0.00017,-0.00278
24,1,1,10,0.00233,0.00000,-0.50242,0.00000,0.00000,-0.50338
24,1,1,11,0.00115,0.00102,-0.00450,0.00097,0.00080,-0.00675
24,1,1,31,0.11893,0.11893,-0.00450,0.11893,0.11893,-0.00675
24,1,2,1,0.01837,0.01424,-0.00906,0.01640,0.01291,-0.00851
24,1,2,3,0.00257,0.00227,-0.00440,0.00000,0.00000,-0.00557
24,1,3,1,0.08083,0.00000,0.00000,0.08083,0.00000,0.00000
24,1,3,3,0.02252,0.00000,0.00000,0.02252,0.00000,0.00000
24,1,3,11,0.00362,0.00312,-0.00529,0.00306,0.00253,-0.00675
24,1,4,1,0.00138,0.00111,-0.00767,0.00131,0.00089,-0.01380
24,1,5,1,0.02723,0.02284,-0.00626,0.02429,0.02143,-0.00446
24,1,5,3,0.00672,0.00575,-0.00553,0.00000,0.00000,-0.00446
24,1,5,11,0.00592,0.00000,0.00000,0.00592,0.00000,0.00000
24,1,6,11,0.00040,0.00000,0.00000,0.00040,0.00000,0.00000
24,1,6,17,0.38722,0.38722,0.00000,0.32913,0.32913,0.00000
24,1,6,22,0.01153,0.00000,0.00000,0.01153,0.00000,0.00000
24,2,1,1,0.03936,0.03656,-0.00263,0.03867,0.05072,0.00973
24,2,1,3,0.21235,0.18305,-0.00529,0.20482,0.14096,-0.01326
24,2,1,7,0.00035,0.00030,-0.00541,0.00031,0.00029,-0.00192
24,2,1,10,0.00301,0.00000,-0.50242,0.00000,0.00000,-0.50338
24,2,1,11,0.00384,0.00339,-0.00450,0.00000,0.00000,-0.00675
24,2,1,31,0.21158,0.21158,-0.00450,0.21158,0.21158,-0.00675
24,2,2,1,0.04390,0.03401,-0.00907,0.03919,0.03086,-0.00850
24,2,2,3,0.00418,0.00370,-0.00440,0.00000,0.00000,-0.00557
24,2,3,1,0.19316,0.17943,-0.00263,0.18991,0.17552,-0.00281
24,2,3,3,0.03668,0.03233,-0.00450,0.00000,0.00000,-0.00516
24,2,3,11,0.01205,0.01039,-0.00529,0.00000,0.00000,-0.00675
24,2,4,1,0.00330,0.00266,-0.00767,0.00312,0.00211,-0.01380
24,2,5,1,0.06508,0.05461,-0.00624,0.05806,0.05130,-0.00441
24,2,5,3,0.01094,0.00937,-0.00553,0.00000,0.00000,-0.00446
24,2,5,11,0.01973,0.01973,0.00000,0.01973,0.01973,0.00000
24,2,6,11,0.00132,0.00132,0.00000,0.00132,0.00132,0.00000
24,2,6,17,1.13239,1.13239,0.00000,0.96254,0.96254,0.00000
24,2,6,22,0.03372,0.03372,0.00000,0.03372,0.03372,0.00000
24,3,1,1,0.04192,0.03894,-0.00263,0.04122,0.06527,0.01655
24,3,1,3,0.38520,0.33203,-0.00529,0.37154,0.25571,-0.01326
24,3,1,7,0.00018,0.00016,-0.00338,0.00016,0.00015,-0.00302
24,3,1,10,0.00697,0.00000,-0.50242,0.00000,0.00000,-0.50338
24,3,1,11,0.00310,0.00268,-0.00522,0.00299,0.00258,-0.00526
24,3,1,31,0.35768,0.35768,-0.00450,0.35768,0.35768,-0.00675
24,3,2,1,0.04675,0.03622,-0.00907,0.04176,0.03288,-0.00850
24,3,2,3,0.00759,0.00671,-0.00440,0.00000,0.00000,-0.00557
24,3,3,1,0.20571,0.19109,-0.00263,0.20225,0.18693,-0.00281
24,3,3,3,0.06653,0.05864,-0.00450,0.00000,0.00000,-0.00516
24,3,3,11,0.00973,0.00838,-0.00530,0.00939,0.00808,-0.00536
24,3,4,1,0.00352,0.00283,-0.00767,0.00333,0.00226,-0.01380
24,3,5,1,0.06931,0.05807,-0.00630,0.06187,0.05467,-0.00441
24,3,5,3,0.01984,0.01699,-0.00553,0.00000,0.00000,-0.00446
24,3,5,11,0.01592,0.00000,0.00000,0.01592,0.00000,0.00000
24,3,6,11,0.00107,0.00000,0.00000,0.00107,0.00000,0.00000
24,3,6,17,3.40815,3.40815,0.00000,2.89695,2.89695,0.00000
24,3,6,22,0.10150,0.00000,0.00000,0.10150,0.00000,0.00000
24,4,1,1,0.02032,0.01888,-0.00263,0.01998,0.03104,0.01586
24,4,1,3,0.17824,0.15364,-0.00529,0.17192,0.11832,-0.01326
24,4,1,7,0.00041,0.00038,-0.00304,0.00037,0.00032,-0.00542
24,4,1,10,0.00093,0.00000,-0.50242,0.00083,0.00000,-0.50338
24,4,1,11,0.00231,0.00204,-0.00450,0.00195,0.00161,-0.00675
24,4,1,31,0.16330,0.16330,-0.00450,0.16330,0.16330,-0.00675
24,4,2,1,0.02266,0.01756,-0.00906,0.02025,0.01594,-0.00850
24,4,2,3,0.00351,0.00310,-0.00440,0.00000,0.00000,-0.00557
24,4,3,1,0.09972,0.09263,-0.00263,0.09804,0.09061,-0.00281
24,4,3,3,0.03079,0.02713,-0.00450,0.00000,0.00000,-0.00516
24,4,3,11,0.00726,0.00626,-0.00529,0.00613,0.00507,-0.00675
24,4,4,1,0.00170,0.00137,-0.00767,0.00162,0.00110,-0.01380
24,4,5,1,0.03360,0.02815,-0.00630,0.02997,0.02650,-0.00439
24,4,5,3,0.00918,0.00786,-0.00553,0.00000,0.00000,-0.00446
24,4,5,11,0.01188,0.00000,0.00000,0.01188,0.00000,0.00000
24,4,6,11,0.00080,0.00000,0.00000,0.00080,0.00000,0.00000
24,4,6,17,0.90137,0.90137,0.00000,0.76616,0.76616,0.00000
24,4,6,22,0.02684,0.00000,0.00000,0.02684,0.00000,0.00000
